id,jeu,id_source,variable,type,decision,regle,effet,detail,etape
AN00001,6b,A03010020,commune du canton,canton rattaché à une autre commune,signalé,A21,"gardé dans A03010, polygone dans A03009",Agome-Glozou,01_referentiel
AN00002,6b,B01032079,commune du canton,code corrigé,corrigé,A21,commune B01032 → B01033,Kati,01_referentiel
AN00003,6b,B02048134,commune du canton,code corrigé,corrigé,A21,commune B02048 → B07048,Djemegni,01_referentiel
AN00004,6b,B08051141,commune du canton,canton rattaché à une autre commune,signalé,A21,"gardé dans B08051, polygone dans B08052",Yokélé,01_referentiel
AN00005,6b,D05093297,commune du canton,code corrigé,corrigé,A21,commune D05093 → D05094,Kpaha,01_referentiel
AN00006,6b,E06108355,commune du canton,code corrigé,corrigé,A21,commune E06108 → E05108,Takpamba,01_referentiel
AN00007,6b,D05093296,commune du canton,code corrigé,corrigé,A21,commune D05093 → D05094,Anima,01_referentiel
AN00008,6b,B07050139,commune du canton,canton rattaché à une autre commune,signalé,A21,"gardé dans B07050, polygone dans B07049",Akpakpakpé,01_referentiel
AN00009,4c,_mview_finance_gab_dab_crs.fid-7b1c8a4a_194225f1684_-7b60,etab_nom,manquant,gardé,2.1,aucun,nom non renseigné,03_points
AN00010,4c,_mview_finance_gab_dab_crs.fid-7b1c8a4a_194225f1684_-7b5e,etab_nom,manquant,gardé,2.1,aucun,nom non renseigné,03_points
AN00011,4c,_mview_finance_gab_dab_crs.fid-7b1c8a4a_194225f1684_-7b5d,etab_nom,manquant,gardé,2.1,aucun,nom non renseigné,03_points
AN00012,4c,_mview_finance_gab_dab_crs.fid-7b1c8a4a_194225f1684_-7b5c,etab_nom,manquant,gardé,2.1,aucun,nom non renseigné,03_points
AN00013,4c,_mview_finance_gab_dab_crs.fid-7b1c8a4a_194225f1684_-7b5b,etab_nom,manquant,gardé,2.1,aucun,nom non renseigné,03_points
AN00014,4c,_mview_finance_gab_dab_crs.fid-7b1c8a4a_194225f1684_-7b5a,etab_nom,manquant,gardé,2.1,aucun,nom non renseigné,03_points
AN00015,4c,_mview_finance_gab_dab_crs.fid-7b1c8a4a_194225f1684_-7b59,etab_nom,manquant,gardé,2.1,aucun,nom non renseigné,03_points
AN00016,4c,_mview_finance_gab_dab_crs.fid-7b1c8a4a_194225f1684_-7b55,etab_nom,manquant,gardé,2.1,aucun,nom non renseigné,03_points
AN00017,4c,_mview_finance_gab_dab_crs.fid-7b1c8a4a_194225f1684_-7b50,etab_nom,manquant,gardé,2.1,aucun,nom non renseigné,03_points
AN00018,4c,_mview_finance_gab_dab_crs.fid-7b1c8a4a_194225f1684_-7b41,etab_nom,manquant,gardé,2.1,aucun,nom non renseigné,03_points
AN00019,4c,_mview_finance_gab_dab_crs.fid-7b1c8a4a_194225f1684_-7b40,etab_nom,manquant,gardé,2.1,aucun,nom non renseigné,03_points
AN00020,4c,_mview_finance_gab_dab_crs.fid-7b1c8a4a_194225f1684_-7b3e,etab_nom,manquant,gardé,2.1,aucun,nom non renseigné,03_points
AN00021,4c,_mview_finance_gab_dab_crs.fid-7b1c8a4a_194225f1684_-7b3d,etab_nom,manquant,gardé,2.1,aucun,nom non renseigné,03_points
AN00022,4c,_mview_finance_gab_dab_crs.fid-7b1c8a4a_194225f1684_-7b35,etab_nom,manquant,gardé,2.1,aucun,nom non renseigné,03_points
AN00023,4c,_mview_finance_gab_dab_crs.fid-7b1c8a4a_194225f1684_-7b33,etab_nom,manquant,gardé,2.1,aucun,nom non renseigné,03_points
AN00024,4c,_mview_finance_gab_dab_crs.fid-7b1c8a4a_194225f1684_-7b32,etab_nom,manquant,gardé,2.1,aucun,nom non renseigné,03_points
AN00025,4c,_mview_finance_gab_dab_crs.fid-7b1c8a4a_194225f1684_-7b31,etab_nom,manquant,gardé,2.1,aucun,nom non renseigné,03_points
AN00026,4c,_mview_finance_gab_dab_crs.fid-7b1c8a4a_194225f1684_-7b26,etab_nom,manquant,gardé,2.1,aucun,nom non renseigné,03_points
AN00027,4c,_mview_finance_gab_dab_crs.fid-7b1c8a4a_194225f1684_-7b25,etab_nom,manquant,gardé,2.1,aucun,nom non renseigné,03_points
AN00028,4c,_mview_finance_gab_dab_crs.fid-7b1c8a4a_194225f1684_-7b21,etab_nom,manquant,gardé,2.1,aucun,nom non renseigné,03_points
AN00029,4c,_mview_finance_gab_dab_crs.fid-7b1c8a4a_194225f1684_-7b20,etab_nom,manquant,gardé,2.1,aucun,nom non renseigné,03_points
AN00030,4c,_mview_finance_gab_dab_crs.fid-7b1c8a4a_194225f1684_-7b1f,etab_nom,manquant,gardé,2.1,aucun,nom non renseigné,03_points
AN00031,4c,_mview_finance_gab_dab_crs.fid-7b1c8a4a_194225f1684_-7b18,etab_nom,manquant,gardé,2.1,aucun,nom non renseigné,03_points
AN00032,4c,_mview_finance_gab_dab_crs.fid-7b1c8a4a_194225f1684_-7b17,etab_nom,manquant,gardé,2.1,aucun,nom non renseigné,03_points
AN00033,4c,_mview_finance_gab_dab_crs.fid-7b1c8a4a_194225f1684_-7b15,etab_nom,manquant,gardé,2.1,aucun,nom non renseigné,03_points
AN00034,4c,_mview_finance_gab_dab_crs.fid-7b1c8a4a_194225f1684_-7b11,etab_nom,manquant,gardé,2.1,aucun,nom non renseigné,03_points
AN00035,4c,_mview_finance_gab_dab_crs.fid-7b1c8a4a_194225f1684_-7b03,etab_nom,manquant,gardé,2.1,aucun,nom non renseigné,03_points
AN00036,4c,_mview_finance_gab_dab_crs.fid-7b1c8a4a_194225f1684_-7b02,etab_nom,manquant,gardé,2.1,aucun,nom non renseigné,03_points
AN00037,4c,_mview_finance_gab_dab_crs.fid-7b1c8a4a_194225f1684_-7aff,etab_nom,manquant,gardé,2.1,aucun,nom non renseigné,03_points
AN00038,4c,_mview_finance_gab_dab_crs.fid-7b1c8a4a_194225f1684_-7ae9,etab_nom,manquant,gardé,2.1,aucun,nom non renseigné,03_points
AN00039,4c,_mview_finance_gab_dab_crs.fid-7b1c8a4a_194225f1684_-7adf,etab_nom,manquant,gardé,2.1,aucun,nom non renseigné,03_points
AN00040,4c,_mview_finance_gab_dab_crs.fid-7b1c8a4a_194225f1684_-7add,etab_nom,manquant,gardé,2.1,aucun,nom non renseigné,03_points
AN00041,4c,_mview_finance_gab_dab_crs.fid-7b1c8a4a_194225f1684_-7adc,etab_nom,manquant,gardé,2.1,aucun,nom non renseigné,03_points
AN00042,4c,_mview_finance_gab_dab_crs.fid-7b1c8a4a_194225f1684_-7ad9,etab_nom,manquant,gardé,2.1,aucun,nom non renseigné,03_points
AN00043,4c,_mview_finance_gab_dab_crs.fid-7b1c8a4a_194225f1684_-7ad7,etab_nom,manquant,gardé,2.1,aucun,nom non renseigné,03_points
AN00044,4c,_mview_finance_gab_dab_crs.fid-7b1c8a4a_194225f1684_-7ad6,etab_nom,manquant,gardé,2.1,aucun,nom non renseigné,03_points
AN00045,4c,_mview_finance_gab_dab_crs.fid-7b1c8a4a_194225f1684_-7ac9,etab_nom,manquant,gardé,2.1,aucun,nom non renseigné,03_points
AN00046,4c,_mview_finance_gab_dab_crs.fid-7b1c8a4a_194225f1684_-7ac8,etab_nom,manquant,gardé,2.1,aucun,nom non renseigné,03_points
AN00047,4c,_mview_finance_gab_dab_crs.fid-7b1c8a4a_194225f1684_-7ac7,etab_nom,manquant,gardé,2.1,aucun,nom non renseigné,03_points
AN00048,4c,_mview_finance_gab_dab_crs.fid-7b1c8a4a_194225f1684_-7ac6,etab_nom,manquant,gardé,2.1,aucun,nom non renseigné,03_points
AN00049,4c,_mview_finance_gab_dab_crs.fid-7b1c8a4a_194225f1684_-7ac3,etab_nom,manquant,gardé,2.1,aucun,nom non renseigné,03_points
AN00050,4c,_mview_finance_gab_dab_crs.fid-7b1c8a4a_194225f1684_-7ac2,etab_nom,manquant,gardé,2.1,aucun,nom non renseigné,03_points
AN00051,4c,_mview_finance_gab_dab_crs.fid-7b1c8a4a_194225f1684_-7ac0,etab_nom,manquant,gardé,2.1,aucun,nom non renseigné,03_points
AN00052,4c,_mview_finance_gab_dab_crs.fid-7b1c8a4a_194225f1684_-7ab3,etab_nom,manquant,gardé,2.1,aucun,nom non renseigné,03_points
AN00053,4c,_mview_finance_gab_dab_crs.fid-7b1c8a4a_194225f1684_-7ab2,etab_nom,manquant,gardé,2.1,aucun,nom non renseigné,03_points
AN00054,4c,_mview_finance_gab_dab_crs.fid-7b1c8a4a_194225f1684_-7aab,etab_nom,manquant,gardé,2.1,aucun,nom non renseigné,03_points
AN00055,D5,_mview_tel_agents_mobile_money.fid-7111a9c0_193dca6021d_7e8f,operateur,manquant,gardé,A8,aucun sur le nombre de lieux,opérateur non renseigné,03_points
AN00056,D5,_mview_tel_agents_mobile_money.fid-7111a9c0_193dca6021d_7ead,operateur,manquant,gardé,A8,aucun sur le nombre de lieux,opérateur non renseigné,03_points
AN00057,D5,_mview_tel_agents_mobile_money.fid-7111a9c0_193dca6021d_7eaf,operateur,manquant,gardé,A8,aucun sur le nombre de lieux,opérateur non renseigné,03_points
AN00058,D5,_mview_tel_agents_mobile_money.fid-7111a9c0_193dca6021d_7eb6,operateur,manquant,gardé,A8,aucun sur le nombre de lieux,opérateur non renseigné,03_points
AN00059,D5,_mview_tel_agents_mobile_money.fid-7111a9c0_193dca6021d_7eca,operateur,manquant,gardé,A8,aucun sur le nombre de lieux,opérateur non renseigné,03_points
AN00060,D5,_mview_tel_agents_mobile_money.fid-7111a9c0_193dca6021d_7eda,operateur,manquant,gardé,A8,aucun sur le nombre de lieux,opérateur non renseigné,03_points
AN00061,D5,_mview_tel_agents_mobile_money.fid-7111a9c0_193dca6021d_7ee6,operateur,manquant,gardé,A8,aucun sur le nombre de lieux,opérateur non renseigné,03_points
AN00062,D5,_mview_tel_agents_mobile_money.fid-7111a9c0_193dca6021d_7ef9,operateur,manquant,gardé,A8,aucun sur le nombre de lieux,opérateur non renseigné,03_points
AN00063,D5,_mview_tel_agents_mobile_money.fid-7111a9c0_193dca6021d_7efa,operateur,manquant,gardé,A8,aucun sur le nombre de lieux,opérateur non renseigné,03_points
AN00064,D5,_mview_tel_agents_mobile_money.fid-7111a9c0_193dca6021d_7efb,operateur,manquant,gardé,A8,aucun sur le nombre de lieux,opérateur non renseigné,03_points
AN00065,D5,_mview_tel_agents_mobile_money.fid-7111a9c0_193dca6021d_7efc,operateur,manquant,gardé,A8,aucun sur le nombre de lieux,opérateur non renseigné,03_points
AN00066,D5,_mview_tel_agents_mobile_money.fid-7111a9c0_193dca6021d_7efe,operateur,manquant,gardé,A8,aucun sur le nombre de lieux,opérateur non renseigné,03_points
AN00067,D5,_mview_tel_agents_mobile_money.fid-7111a9c0_193dca6021d_7eff,operateur,manquant,gardé,A8,aucun sur le nombre de lieux,opérateur non renseigné,03_points
AN00068,D5,_mview_tel_agents_mobile_money.fid-7111a9c0_193dca6021d_7f3d,operateur,manquant,gardé,A8,aucun sur le nombre de lieux,opérateur non renseigné,03_points
AN00069,D5,_mview_tel_agents_mobile_money.fid-7111a9c0_193dca6021d_7f46,operateur,manquant,gardé,A8,aucun sur le nombre de lieux,opérateur non renseigné,03_points
AN00070,D5,_mview_tel_agents_mobile_money.fid-7111a9c0_193dca6021d_7f60,operateur,manquant,gardé,A8,aucun sur le nombre de lieux,opérateur non renseigné,03_points
AN00071,D5,_mview_tel_agents_mobile_money.fid-7111a9c0_193dca6021d_7f90,operateur,manquant,gardé,A8,aucun sur le nombre de lieux,opérateur non renseigné,03_points
AN00072,D5,_mview_tel_agents_mobile_money.fid-7111a9c0_193dca6021d_7fb0,operateur,manquant,gardé,A8,aucun sur le nombre de lieux,opérateur non renseigné,03_points
AN00073,D5,_mview_tel_agents_mobile_money.fid-7111a9c0_193dca6021d_7fd7,operateur,manquant,gardé,A8,aucun sur le nombre de lieux,opérateur non renseigné,03_points
AN00074,D5,_mview_tel_agents_mobile_money.fid-7111a9c0_193dca6021d_7fe2,operateur,manquant,gardé,A8,aucun sur le nombre de lieux,opérateur non renseigné,03_points
AN00075,D5,_mview_tel_agents_mobile_money.fid-7111a9c0_193dfd882bb_-7fd5,operateur,manquant,gardé,A8,aucun sur le nombre de lieux,opérateur non renseigné,03_points
AN00076,D5,_mview_tel_agents_mobile_money.fid-7111a9c0_193dfd882bb_-7fb8,operateur,manquant,gardé,A8,aucun sur le nombre de lieux,opérateur non renseigné,03_points
AN00077,D5,_mview_tel_agents_mobile_money.fid-7111a9c0_193dfd882bb_-7fa2,operateur,manquant,gardé,A8,aucun sur le nombre de lieux,opérateur non renseigné,03_points
AN00078,D5,_mview_tel_agents_mobile_money.fid-7111a9c0_193dfd882bb_-7f4d,operateur,manquant,gardé,A8,aucun sur le nombre de lieux,opérateur non renseigné,03_points
AN00079,D5,_mview_tel_agents_mobile_money.fid-7111a9c0_193dfd882bb_-7f48,operateur,manquant,gardé,A8,aucun sur le nombre de lieux,opérateur non renseigné,03_points
AN00080,D5,_mview_tel_agents_mobile_money.fid-7111a9c0_193dfd882bb_-7f3a,operateur,manquant,gardé,A8,aucun sur le nombre de lieux,opérateur non renseigné,03_points
AN00081,D5,_mview_tel_agents_mobile_money.fid-7111a9c0_193dfd882bb_-7efd,operateur,manquant,gardé,A8,aucun sur le nombre de lieux,opérateur non renseigné,03_points
AN00082,D5,_mview_tel_agents_mobile_money.fid-7111a9c0_193dfd882bb_-7eea,operateur,manquant,gardé,A8,aucun sur le nombre de lieux,opérateur non renseigné,03_points
AN00083,D5,_mview_tel_agents_mobile_money.fid-7111a9c0_193dfd882bb_-7eb8,operateur,manquant,gardé,A8,aucun sur le nombre de lieux,opérateur non renseigné,03_points
AN00084,D5,_mview_tel_agents_mobile_money.fid-7111a9c0_193dfd882bb_-7eb1,operateur,manquant,gardé,A8,aucun sur le nombre de lieux,opérateur non renseigné,03_points
AN00085,D5,_mview_tel_agents_mobile_money.fid-7111a9c0_193dfd882bb_-7e99,operateur,manquant,gardé,A8,aucun sur le nombre de lieux,opérateur non renseigné,03_points
AN00086,D5,_mview_tel_agents_mobile_money.fid-7111a9c0_193dfd882bb_-7e84,operateur,manquant,gardé,A8,aucun sur le nombre de lieux,opérateur non renseigné,03_points
AN00087,D5,_mview_tel_agents_mobile_money.fid-7111a9c0_193dfd882bb_-7e0d,operateur,manquant,gardé,A8,aucun sur le nombre de lieux,opérateur non renseigné,03_points
AN00088,D5,_mview_tel_agents_mobile_money.fid-7111a9c0_193dfd882bb_-7e0c,operateur,manquant,gardé,A8,aucun sur le nombre de lieux,opérateur non renseigné,03_points
AN00089,D5,_mview_tel_agents_mobile_money.fid-7111a9c0_193dfd882bb_-7dfc,operateur,manquant,gardé,A8,aucun sur le nombre de lieux,opérateur non renseigné,03_points
AN00090,D5,_mview_tel_agents_mobile_money.fid-7111a9c0_193dfd882bb_-7de3,operateur,manquant,gardé,A8,aucun sur le nombre de lieux,opérateur non renseigné,03_points
AN00091,D5,_mview_tel_agents_mobile_money.fid-7111a9c0_193dfd882bb_-7dc9,operateur,manquant,gardé,A8,aucun sur le nombre de lieux,opérateur non renseigné,03_points
AN00092,D5,_mview_tel_agents_mobile_money.fid-7111a9c0_193dfd882bb_-7dac,operateur,manquant,gardé,A8,aucun sur le nombre de lieux,opérateur non renseigné,03_points
AN00093,D5,_mview_tel_agents_mobile_money.fid-7111a9c0_193dfd882bb_-7daa,operateur,manquant,gardé,A8,aucun sur le nombre de lieux,opérateur non renseigné,03_points
AN00094,D5,_mview_tel_agents_mobile_money.fid-7111a9c0_193dfd882bb_-7da5,operateur,manquant,gardé,A8,aucun sur le nombre de lieux,opérateur non renseigné,03_points
AN00095,D5,_mview_tel_agents_mobile_money.fid-7111a9c0_193dfd882bb_-7d96,operateur,manquant,gardé,A8,aucun sur le nombre de lieux,opérateur non renseigné,03_points
AN00096,D5,_mview_tel_agents_mobile_money.fid-7111a9c0_193dfd882bb_-7d7b,operateur,manquant,gardé,A8,aucun sur le nombre de lieux,opérateur non renseigné,03_points
AN00097,D5,_mview_tel_agents_mobile_money.fid-7111a9c0_193dfd882bb_-7d77,operateur,manquant,gardé,A8,aucun sur le nombre de lieux,opérateur non renseigné,03_points
AN00098,D5,_mview_tel_agents_mobile_money.fid-7111a9c0_193dfd882bb_-7d5c,operateur,manquant,gardé,A8,aucun sur le nombre de lieux,opérateur non renseigné,03_points
AN00099,D5,_mview_tel_agents_mobile_money.fid-7111a9c0_193dfd882bb_-7d2b,operateur,manquant,gardé,A8,aucun sur le nombre de lieux,opérateur non renseigné,03_points
AN00100,D5,_mview_tel_agents_mobile_money.fid-7111a9c0_193dfd882bb_-7d21,operateur,manquant,gardé,A8,aucun sur le nombre de lieux,opérateur non renseigné,03_points
AN00101,D5,_mview_tel_agents_mobile_money.fid-7111a9c0_193dfd882bb_-7d03,operateur,manquant,gardé,A8,aucun sur le nombre de lieux,opérateur non renseigné,03_points
AN00102,D5,_mview_tel_agents_mobile_money.fid-7111a9c0_193dfd882bb_-7cc9,operateur,manquant,gardé,A8,aucun sur le nombre de lieux,opérateur non renseigné,03_points
AN00103,D5,_mview_tel_agents_mobile_money.fid-7111a9c0_193dfd882bb_-7cb3,operateur,manquant,gardé,A8,aucun sur le nombre de lieux,opérateur non renseigné,03_points
AN00104,D5,_mview_tel_agents_mobile_money.fid-7111a9c0_193dfd882bb_-7cb1,operateur,manquant,gardé,A8,aucun sur le nombre de lieux,opérateur non renseigné,03_points
AN00105,D5,_mview_tel_agents_mobile_money.fid-7111a9c0_193dfd882bb_-7c66,operateur,manquant,gardé,A8,aucun sur le nombre de lieux,opérateur non renseigné,03_points
AN00106,D5,_mview_tel_agents_mobile_money.fid-7111a9c0_193dfd882bb_-7c5f,operateur,manquant,gardé,A8,aucun sur le nombre de lieux,opérateur non renseigné,03_points
AN00107,D5,_mview_tel_agents_mobile_money.fid-7111a9c0_193dfd882bb_-7c4d,operateur,manquant,gardé,A8,aucun sur le nombre de lieux,opérateur non renseigné,03_points
AN00108,D5,_mview_tel_agents_mobile_money.fid-7111a9c0_193dfd882bb_-7c31,operateur,manquant,gardé,A8,aucun sur le nombre de lieux,opérateur non renseigné,03_points
AN00109,D5,_mview_tel_agents_mobile_money.fid-7111a9c0_193dfd882bb_-7c13,operateur,manquant,gardé,A8,aucun sur le nombre de lieux,opérateur non renseigné,03_points
AN00110,D5,_mview_tel_agents_mobile_money.fid-7111a9c0_193dfd882bb_-7bd8,operateur,manquant,gardé,A8,aucun sur le nombre de lieux,opérateur non renseigné,03_points
AN00111,D5,_mview_tel_agents_mobile_money.fid-7111a9c0_193dfd882bb_-7bd1,operateur,manquant,gardé,A8,aucun sur le nombre de lieux,opérateur non renseigné,03_points
AN00112,D5,_mview_tel_agents_mobile_money.fid-7111a9c0_193dfd882bb_-7bca,operateur,manquant,gardé,A8,aucun sur le nombre de lieux,opérateur non renseigné,03_points
AN00113,D5,_mview_tel_agents_mobile_money.fid-7111a9c0_193dfd882bb_-7bc0,operateur,manquant,gardé,A8,aucun sur le nombre de lieux,opérateur non renseigné,03_points
AN00114,D5,_mview_tel_agents_mobile_money.fid-7111a9c0_193dfd882bb_-7bab,operateur,manquant,gardé,A8,aucun sur le nombre de lieux,opérateur non renseigné,03_points
AN00115,D5,_mview_tel_agents_mobile_money.fid-7111a9c0_193dfd882bb_-7ba7,operateur,manquant,gardé,A8,aucun sur le nombre de lieux,opérateur non renseigné,03_points
AN00116,D5,_mview_tel_agents_mobile_money.fid-7111a9c0_193dfd882bb_-7b8e,operateur,manquant,gardé,A8,aucun sur le nombre de lieux,opérateur non renseigné,03_points
AN00117,D5,_mview_tel_agents_mobile_money.fid-7111a9c0_193dfd882bb_-7b82,operateur,manquant,gardé,A8,aucun sur le nombre de lieux,opérateur non renseigné,03_points
AN00118,D5,_mview_tel_agents_mobile_money.fid-7111a9c0_193dfd882bb_-7b78,operateur,manquant,gardé,A8,aucun sur le nombre de lieux,opérateur non renseigné,03_points
AN00119,D5,_mview_tel_agents_mobile_money.fid-7111a9c0_193dfd882bb_-7b64,operateur,manquant,gardé,A8,aucun sur le nombre de lieux,opérateur non renseigné,03_points
AN00120,D5,_mview_tel_agents_mobile_money.fid-7111a9c0_193dfd882bb_-7b5e,operateur,manquant,gardé,A8,aucun sur le nombre de lieux,opérateur non renseigné,03_points
AN00121,D5,_mview_tel_agents_mobile_money.fid-7111a9c0_193dfd882bb_-7b0f,operateur,manquant,gardé,A8,aucun sur le nombre de lieux,opérateur non renseigné,03_points
AN00122,D5,_mview_tel_agents_mobile_money.fid-7111a9c0_193dfd882bb_-7ad2,operateur,manquant,gardé,A8,aucun sur le nombre de lieux,opérateur non renseigné,03_points
AN00123,D5,_mview_tel_agents_mobile_money.fid-7111a9c0_193dfd882bb_-7ac2,operateur,manquant,gardé,A8,aucun sur le nombre de lieux,opérateur non renseigné,03_points
AN00124,D5,_mview_tel_agents_mobile_money.fid-7111a9c0_193dfd882bb_-7abd,operateur,manquant,gardé,A8,aucun sur le nombre de lieux,opérateur non renseigné,03_points
AN00125,D5,_mview_tel_agents_mobile_money.fid-7111a9c0_193dfd882bb_-7aae,operateur,manquant,gardé,A8,aucun sur le nombre de lieux,opérateur non renseigné,03_points
AN00126,D5,_mview_tel_agents_mobile_money.fid-7111a9c0_193dfd882bb_-7a9c,operateur,manquant,gardé,A8,aucun sur le nombre de lieux,opérateur non renseigné,03_points
AN00127,D5,_mview_tel_agents_mobile_money.fid-7111a9c0_193dfd882bb_-7a98,operateur,manquant,gardé,A8,aucun sur le nombre de lieux,opérateur non renseigné,03_points
AN00128,D5,_mview_tel_agents_mobile_money.fid-7111a9c0_193dfd882bb_-7a75,operateur,manquant,gardé,A8,aucun sur le nombre de lieux,opérateur non renseigné,03_points
AN00129,D5,_mview_tel_agents_mobile_money.fid-7111a9c0_193dfd882bb_-7a44,operateur,manquant,gardé,A8,aucun sur le nombre de lieux,opérateur non renseigné,03_points
AN00130,D5,_mview_tel_agents_mobile_money.fid-7111a9c0_193dfd882bb_-7a3f,operateur,manquant,gardé,A8,aucun sur le nombre de lieux,opérateur non renseigné,03_points
AN00131,D5,_mview_tel_agents_mobile_money.fid-7111a9c0_193dfd882bb_-7a06,operateur,manquant,gardé,A8,aucun sur le nombre de lieux,opérateur non renseigné,03_points
AN00132,D5,_mview_tel_agents_mobile_money.fid-7111a9c0_193dfd882bb_-7a00,operateur,manquant,gardé,A8,aucun sur le nombre de lieux,opérateur non renseigné,03_points
AN00133,D5,_mview_tel_agents_mobile_money.fid-7111a9c0_193dfd882bb_-79bd,operateur,manquant,gardé,A8,aucun sur le nombre de lieux,opérateur non renseigné,03_points
AN00134,D5,_mview_tel_agents_mobile_money.fid-7111a9c0_193dfd882bb_-79ac,operateur,manquant,gardé,A8,aucun sur le nombre de lieux,opérateur non renseigné,03_points
AN00135,D5,_mview_tel_agents_mobile_money.fid-7111a9c0_193dfd882bb_-79a9,operateur,manquant,gardé,A8,aucun sur le nombre de lieux,opérateur non renseigné,03_points
AN00136,D5,_mview_tel_agents_mobile_money.fid-7111a9c0_193dfd882bb_-79a8,operateur,manquant,gardé,A8,aucun sur le nombre de lieux,opérateur non renseigné,03_points
AN00137,D5,_mview_tel_agents_mobile_money.fid-7111a9c0_193dfd882bb_-79a5,operateur,manquant,gardé,A8,aucun sur le nombre de lieux,opérateur non renseigné,03_points
AN00138,D5,_mview_tel_agents_mobile_money.fid-7111a9c0_193dfd882bb_-798f,operateur,manquant,gardé,A8,aucun sur le nombre de lieux,opérateur non renseigné,03_points
AN00139,D5,_mview_tel_agents_mobile_money.fid-7111a9c0_193dfd882bb_-7987,operateur,manquant,gardé,A8,aucun sur le nombre de lieux,opérateur non renseigné,03_points
AN00140,D5,_mview_tel_agents_mobile_money.fid-7111a9c0_193dfd882bb_-7953,operateur,manquant,gardé,A8,aucun sur le nombre de lieux,opérateur non renseigné,03_points
AN00141,D5,_mview_tel_agents_mobile_money.fid-7111a9c0_193dfd882bb_-7940,operateur,manquant,gardé,A8,aucun sur le nombre de lieux,opérateur non renseigné,03_points
AN00142,D5,_mview_tel_agents_mobile_money.fid-7111a9c0_193dfd882bb_-7921,operateur,manquant,gardé,A8,aucun sur le nombre de lieux,opérateur non renseigné,03_points
AN00143,D5,_mview_tel_agents_mobile_money.fid-7111a9c0_193dfd882bb_-791e,operateur,manquant,gardé,A8,aucun sur le nombre de lieux,opérateur non renseigné,03_points
AN00144,D5,_mview_tel_agents_mobile_money.fid-7111a9c0_193dfd882bb_-7918,operateur,manquant,gardé,A8,aucun sur le nombre de lieux,opérateur non renseigné,03_points
AN00145,D5,_mview_tel_agents_mobile_money.fid-7111a9c0_193dfd882bb_-790d,operateur,manquant,gardé,A8,aucun sur le nombre de lieux,opérateur non renseigné,03_points
AN00146,D5,_mview_tel_agents_mobile_money.fid-7111a9c0_193dfd882bb_-7907,operateur,manquant,gardé,A8,aucun sur le nombre de lieux,opérateur non renseigné,03_points
AN00147,D5,_mview_tel_agents_mobile_money.fid-7111a9c0_193dfd882bb_-78e9,operateur,manquant,gardé,A8,aucun sur le nombre de lieux,opérateur non renseigné,03_points
AN00148,D5,_mview_tel_agents_mobile_money.fid-7111a9c0_193dfd882bb_-78c9,operateur,manquant,gardé,A8,aucun sur le nombre de lieux,opérateur non renseigné,03_points
AN00149,D5,_mview_tel_agents_mobile_money.fid-7111a9c0_193dfd882bb_-78bd,operateur,manquant,gardé,A8,aucun sur le nombre de lieux,opérateur non renseigné,03_points
AN00150,D5,_mview_tel_agents_mobile_money.fid-7111a9c0_193dfd882bb_-78b7,operateur,manquant,gardé,A8,aucun sur le nombre de lieux,opérateur non renseigné,03_points
AN00151,D5,_mview_tel_agents_mobile_money.fid-7111a9c0_193dfd882bb_-78ae,operateur,manquant,gardé,A8,aucun sur le nombre de lieux,opérateur non renseigné,03_points
AN00152,D5,_mview_tel_agents_mobile_money.fid-7111a9c0_193dfd882bb_-78ab,operateur,manquant,gardé,A8,aucun sur le nombre de lieux,opérateur non renseigné,03_points
AN00153,D5,_mview_tel_agents_mobile_money.fid-7111a9c0_193dfd882bb_-7885,operateur,manquant,gardé,A8,aucun sur le nombre de lieux,opérateur non renseigné,03_points
AN00154,D5,_mview_tel_agents_mobile_money.fid-7111a9c0_193dfd882bb_-7883,operateur,manquant,gardé,A8,aucun sur le nombre de lieux,opérateur non renseigné,03_points
AN00155,D5,_mview_tel_agents_mobile_money.fid-7111a9c0_193dfd882bb_-7874,operateur,manquant,gardé,A8,aucun sur le nombre de lieux,opérateur non renseigné,03_points
AN00156,D5,_mview_tel_agents_mobile_money.fid-7111a9c0_193dfd882bb_-7860,operateur,manquant,gardé,A8,aucun sur le nombre de lieux,opérateur non renseigné,03_points
AN00157,D5,_mview_tel_agents_mobile_money.fid-7111a9c0_193dfd882bb_-785f,operateur,manquant,gardé,A8,aucun sur le nombre de lieux,opérateur non renseigné,03_points
AN00158,D5,_mview_tel_agents_mobile_money.fid-7111a9c0_193dfd882bb_-7855,operateur,manquant,gardé,A8,aucun sur le nombre de lieux,opérateur non renseigné,03_points
AN00159,D5,_mview_tel_agents_mobile_money.fid-7111a9c0_193dfd882bb_-7850,operateur,manquant,gardé,A8,aucun sur le nombre de lieux,opérateur non renseigné,03_points
AN00160,D5,_mview_tel_agents_mobile_money.fid-7111a9c0_193dfd882bb_-77e4,operateur,manquant,gardé,A8,aucun sur le nombre de lieux,opérateur non renseigné,03_points
AN00161,D5,_mview_tel_agents_mobile_money.fid-7111a9c0_193dfd882bb_-77d9,operateur,manquant,gardé,A8,aucun sur le nombre de lieux,opérateur non renseigné,03_points
AN00162,D5,_mview_tel_agents_mobile_money.fid-7111a9c0_193dfd882bb_-77d8,operateur,manquant,gardé,A8,aucun sur le nombre de lieux,opérateur non renseigné,03_points
AN00163,D5,_mview_tel_agents_mobile_money.fid-7111a9c0_193dfd882bb_-77d3,operateur,manquant,gardé,A8,aucun sur le nombre de lieux,opérateur non renseigné,03_points
AN00164,D5,_mview_tel_agents_mobile_money.fid-7111a9c0_193dfd882bb_-77c2,operateur,manquant,gardé,A8,aucun sur le nombre de lieux,opérateur non renseigné,03_points
AN00165,D5,_mview_tel_agents_mobile_money.fid-7111a9c0_193dfd882bb_-77c1,operateur,manquant,gardé,A8,aucun sur le nombre de lieux,opérateur non renseigné,03_points
AN00166,D5,_mview_tel_agents_mobile_money.fid-7111a9c0_193dfd882bb_-77b2,operateur,manquant,gardé,A8,aucun sur le nombre de lieux,opérateur non renseigné,03_points
AN00167,D5,_mview_tel_agents_mobile_money.fid-7111a9c0_193dfd882bb_-77ae,operateur,manquant,gardé,A8,aucun sur le nombre de lieux,opérateur non renseigné,03_points
AN00168,D5,_mview_tel_agents_mobile_money.fid-7111a9c0_193dfd882bb_-778d,operateur,manquant,gardé,A8,aucun sur le nombre de lieux,opérateur non renseigné,03_points
AN00169,D5,_mview_tel_agents_mobile_money.fid-7111a9c0_193dfd882bb_-7786,operateur,manquant,gardé,A8,aucun sur le nombre de lieux,opérateur non renseigné,03_points
AN00170,D5,_mview_tel_agents_mobile_money.fid-7111a9c0_193dfd882bb_-777d,operateur,manquant,gardé,A8,aucun sur le nombre de lieux,opérateur non renseigné,03_points
AN00171,D5,_mview_tel_agents_mobile_money.fid-7111a9c0_193dfd882bb_-777c,operateur,manquant,gardé,A8,aucun sur le nombre de lieux,opérateur non renseigné,03_points
AN00172,D5,_mview_tel_agents_mobile_money.fid-7111a9c0_193dfd882bb_-777b,operateur,manquant,gardé,A8,aucun sur le nombre de lieux,opérateur non renseigné,03_points
AN00173,D5,_mview_tel_agents_mobile_money.fid-7111a9c0_193dfd882bb_-777a,operateur,manquant,gardé,A8,aucun sur le nombre de lieux,opérateur non renseigné,03_points
AN00174,D5,_mview_tel_agents_mobile_money.fid-7111a9c0_193dfd882bb_-7779,operateur,manquant,gardé,A8,aucun sur le nombre de lieux,opérateur non renseigné,03_points
AN00175,D5,_mview_tel_agents_mobile_money.fid-7111a9c0_193dfd882bb_-7778,operateur,manquant,gardé,A8,aucun sur le nombre de lieux,opérateur non renseigné,03_points
AN00176,D5,_mview_tel_agents_mobile_money.fid-7111a9c0_193dfd882bb_-7777,operateur,manquant,gardé,A8,aucun sur le nombre de lieux,opérateur non renseigné,03_points
AN00177,D5,_mview_tel_agents_mobile_money.fid-7111a9c0_193dfd882bb_-7775,operateur,manquant,gardé,A8,aucun sur le nombre de lieux,opérateur non renseigné,03_points
AN00178,D5,_mview_tel_agents_mobile_money.fid-7111a9c0_193dfd882bb_-7774,operateur,manquant,gardé,A8,aucun sur le nombre de lieux,opérateur non renseigné,03_points
AN00179,D5,_mview_tel_agents_mobile_money.fid-7111a9c0_193dfd882bb_-7773,operateur,manquant,gardé,A8,aucun sur le nombre de lieux,opérateur non renseigné,03_points
AN00180,D5,_mview_tel_agents_mobile_money.fid-7111a9c0_193dfd882bb_-775b,operateur,manquant,gardé,A8,aucun sur le nombre de lieux,opérateur non renseigné,03_points
AN00181,D5,_mview_tel_agents_mobile_money.fid-7111a9c0_193dfd882bb_-7712,operateur,manquant,gardé,A8,aucun sur le nombre de lieux,opérateur non renseigné,03_points
AN00182,D5,_mview_tel_agents_mobile_money.fid-7111a9c0_193dfd882bb_-76dc,operateur,manquant,gardé,A8,aucun sur le nombre de lieux,opérateur non renseigné,03_points
AN00183,D5,_mview_tel_agents_mobile_money.fid-7111a9c0_193dfd882bb_-76d0,operateur,manquant,gardé,A8,aucun sur le nombre de lieux,opérateur non renseigné,03_points
AN00184,D5,_mview_tel_agents_mobile_money.fid-7111a9c0_193dfd882bb_-76af,operateur,manquant,gardé,A8,aucun sur le nombre de lieux,opérateur non renseigné,03_points
AN00185,D5,_mview_tel_agents_mobile_money.fid-7111a9c0_193dfd882bb_-76ae,operateur,manquant,gardé,A8,aucun sur le nombre de lieux,opérateur non renseigné,03_points
AN00186,D5,_mview_tel_agents_mobile_money.fid-7111a9c0_193dfd882bb_-76ac,operateur,manquant,gardé,A8,aucun sur le nombre de lieux,opérateur non renseigné,03_points
AN00187,D5,_mview_tel_agents_mobile_money.fid-7111a9c0_193dfd882bb_-76aa,operateur,manquant,gardé,A8,aucun sur le nombre de lieux,opérateur non renseigné,03_points
AN00188,D5,_mview_tel_agents_mobile_money.fid-7111a9c0_193dfd882bb_-76a9,operateur,manquant,gardé,A8,aucun sur le nombre de lieux,opérateur non renseigné,03_points
AN00189,D5,_mview_tel_agents_mobile_money.fid-7111a9c0_193dfd882bb_-76a7,operateur,manquant,gardé,A8,aucun sur le nombre de lieux,opérateur non renseigné,03_points
AN00190,D5,_mview_tel_agents_mobile_money.fid-7111a9c0_193dfd882bb_-76a6,operateur,manquant,gardé,A8,aucun sur le nombre de lieux,opérateur non renseigné,03_points
AN00191,D5,_mview_tel_agents_mobile_money.fid-7111a9c0_193dfd882bb_-76a4,operateur,manquant,gardé,A8,aucun sur le nombre de lieux,opérateur non renseigné,03_points
AN00192,D5,_mview_tel_agents_mobile_money.fid-7111a9c0_193dfd882bb_-7689,operateur,manquant,gardé,A8,aucun sur le nombre de lieux,opérateur non renseigné,03_points
AN00193,D5,_mview_tel_agents_mobile_money.fid-7111a9c0_193dfd882bb_-7662,operateur,manquant,gardé,A8,aucun sur le nombre de lieux,opérateur non renseigné,03_points
AN00194,D5,_mview_tel_agents_mobile_money.fid-7111a9c0_193dfd882bb_-7656,operateur,manquant,gardé,A8,aucun sur le nombre de lieux,opérateur non renseigné,03_points
AN00195,D5,_mview_tel_agents_mobile_money.fid-7111a9c0_193dfd882bb_-7644,operateur,manquant,gardé,A8,aucun sur le nombre de lieux,opérateur non renseigné,03_points
AN00196,D5,_mview_tel_agents_mobile_money.fid-7111a9c0_193dfd882bb_-7611,operateur,manquant,gardé,A8,aucun sur le nombre de lieux,opérateur non renseigné,03_points
AN00197,D5,_mview_tel_agents_mobile_money.fid-7111a9c0_193dfd882bb_-7607,operateur,manquant,gardé,A8,aucun sur le nombre de lieux,opérateur non renseigné,03_points
AN00198,D5,_mview_tel_agents_mobile_money.fid-7111a9c0_193dfd882bb_-75d0,operateur,manquant,gardé,A8,aucun sur le nombre de lieux,opérateur non renseigné,03_points
AN00199,D5,_mview_tel_agents_mobile_money.fid-7111a9c0_193dfd882bb_-75c7,operateur,manquant,gardé,A8,aucun sur le nombre de lieux,opérateur non renseigné,03_points
AN00200,D5,_mview_tel_agents_mobile_money.fid-7111a9c0_193dfd882bb_-75bd,operateur,manquant,gardé,A8,aucun sur le nombre de lieux,opérateur non renseigné,03_points
AN00201,D5,_mview_tel_agents_mobile_money.fid-7111a9c0_193dfd882bb_-7589,operateur,manquant,gardé,A8,aucun sur le nombre de lieux,opérateur non renseigné,03_points
AN00202,D5,_mview_tel_agents_mobile_money.fid-7111a9c0_193dfd882bb_-757e,operateur,manquant,gardé,A8,aucun sur le nombre de lieux,opérateur non renseigné,03_points
AN00203,D5,_mview_tel_agents_mobile_money.fid-7111a9c0_193dfd882bb_-7579,operateur,manquant,gardé,A8,aucun sur le nombre de lieux,opérateur non renseigné,03_points
AN00204,D5,_mview_tel_agents_mobile_money.fid-7111a9c0_193dfd882bb_-7556,operateur,manquant,gardé,A8,aucun sur le nombre de lieux,opérateur non renseigné,03_points
AN00205,D5,_mview_tel_agents_mobile_money.fid-7111a9c0_193dfd882bb_-7551,operateur,manquant,gardé,A8,aucun sur le nombre de lieux,opérateur non renseigné,03_points
AN00206,D5,_mview_tel_agents_mobile_money.fid-7111a9c0_193dfd882bb_-7525,operateur,manquant,gardé,A8,aucun sur le nombre de lieux,opérateur non renseigné,03_points
AN00207,D5,_mview_tel_agents_mobile_money.fid-7111a9c0_193dfd882bb_-7524,operateur,manquant,gardé,A8,aucun sur le nombre de lieux,opérateur non renseigné,03_points
AN00208,D5,_mview_tel_agents_mobile_money.fid-7111a9c0_193dfd882bb_-751c,operateur,manquant,gardé,A8,aucun sur le nombre de lieux,opérateur non renseigné,03_points
AN00209,D5,_mview_tel_agents_mobile_money.fid-7111a9c0_193dfd882bb_-74e1,operateur,manquant,gardé,A8,aucun sur le nombre de lieux,opérateur non renseigné,03_points
AN00210,D5,_mview_tel_agents_mobile_money.fid-7111a9c0_193dfd882bb_-74db,operateur,manquant,gardé,A8,aucun sur le nombre de lieux,opérateur non renseigné,03_points
AN00211,D5,_mview_tel_agents_mobile_money.fid-7111a9c0_193dfd882bb_-74d5,operateur,manquant,gardé,A8,aucun sur le nombre de lieux,opérateur non renseigné,03_points
AN00212,D5,_mview_tel_agents_mobile_money.fid-7111a9c0_193dfd882bb_-74ce,operateur,manquant,gardé,A8,aucun sur le nombre de lieux,opérateur non renseigné,03_points
AN00213,D5,_mview_tel_agents_mobile_money.fid-7111a9c0_193dfd882bb_-74cb,operateur,manquant,gardé,A8,aucun sur le nombre de lieux,opérateur non renseigné,03_points
AN00214,D5,_mview_tel_agents_mobile_money.fid-7111a9c0_193dfd882bb_-74c2,operateur,manquant,gardé,A8,aucun sur le nombre de lieux,opérateur non renseigné,03_points
AN00215,D5,_mview_tel_agents_mobile_money.fid-7111a9c0_193dfd882bb_-747a,operateur,manquant,gardé,A8,aucun sur le nombre de lieux,opérateur non renseigné,03_points
AN00216,D5,_mview_tel_agents_mobile_money.fid-7111a9c0_193dfd882bb_-7479,operateur,manquant,gardé,A8,aucun sur le nombre de lieux,opérateur non renseigné,03_points
AN00217,D5,_mview_tel_agents_mobile_money.fid-7111a9c0_193dfd882bb_-7470,operateur,manquant,gardé,A8,aucun sur le nombre de lieux,opérateur non renseigné,03_points
AN00218,D5,_mview_tel_agents_mobile_money.fid-7111a9c0_193dfd882bb_-744a,operateur,manquant,gardé,A8,aucun sur le nombre de lieux,opérateur non renseigné,03_points
AN00219,D5,_mview_tel_agents_mobile_money.fid-7111a9c0_193dfd882bb_-7449,operateur,manquant,gardé,A8,aucun sur le nombre de lieux,opérateur non renseigné,03_points
AN00220,D5,_mview_tel_agents_mobile_money.fid-7111a9c0_193dfd882bb_-742d,operateur,manquant,gardé,A8,aucun sur le nombre de lieux,opérateur non renseigné,03_points
AN00221,D5,_mview_tel_agents_mobile_money.fid-7111a9c0_193dfd882bb_-7415,operateur,manquant,gardé,A8,aucun sur le nombre de lieux,opérateur non renseigné,03_points
AN00222,D5,_mview_tel_agents_mobile_money.fid-7111a9c0_193dfd882bb_-73d7,operateur,manquant,gardé,A8,aucun sur le nombre de lieux,opérateur non renseigné,03_points
AN00223,D5,_mview_tel_agents_mobile_money.fid-7111a9c0_193dfd882bb_-73d6,operateur,manquant,gardé,A8,aucun sur le nombre de lieux,opérateur non renseigné,03_points
AN00224,D5,_mview_tel_agents_mobile_money.fid-7111a9c0_193dfd882bb_-73d4,operateur,manquant,gardé,A8,aucun sur le nombre de lieux,opérateur non renseigné,03_points
AN00225,D5,_mview_tel_agents_mobile_money.fid-7111a9c0_193dfd882bb_-73cf,operateur,manquant,gardé,A8,aucun sur le nombre de lieux,opérateur non renseigné,03_points
AN00226,D5,_mview_tel_agents_mobile_money.fid-7111a9c0_193dfd882bb_-73b9,operateur,manquant,gardé,A8,aucun sur le nombre de lieux,opérateur non renseigné,03_points
AN00227,D5,_mview_tel_agents_mobile_money.fid-7111a9c0_193dfd882bb_-73a3,operateur,manquant,gardé,A8,aucun sur le nombre de lieux,opérateur non renseigné,03_points
AN00228,D5,_mview_tel_agents_mobile_money.fid-7111a9c0_193dfd882bb_-734b,operateur,manquant,gardé,A8,aucun sur le nombre de lieux,opérateur non renseigné,03_points
AN00229,D5,_mview_tel_agents_mobile_money.fid-7111a9c0_193dfd882bb_-733a,operateur,manquant,gardé,A8,aucun sur le nombre de lieux,opérateur non renseigné,03_points
AN00230,D5,_mview_tel_agents_mobile_money.fid-7111a9c0_193dfd882bb_-7312,operateur,manquant,gardé,A8,aucun sur le nombre de lieux,opérateur non renseigné,03_points
AN00231,D5,_mview_tel_agents_mobile_money.fid-7111a9c0_193dfd882bb_-72cc,operateur,manquant,gardé,A8,aucun sur le nombre de lieux,opérateur non renseigné,03_points
AN00232,D5,_mview_tel_agents_mobile_money.fid-7111a9c0_193dfd882bb_-72c9,operateur,manquant,gardé,A8,aucun sur le nombre de lieux,opérateur non renseigné,03_points
AN00233,D5,_mview_tel_agents_mobile_money.fid-7111a9c0_193dfd882bb_-72c0,operateur,manquant,gardé,A8,aucun sur le nombre de lieux,opérateur non renseigné,03_points
AN00234,D5,_mview_tel_agents_mobile_money.fid-7111a9c0_193dfd882bb_-72b1,operateur,manquant,gardé,A8,aucun sur le nombre de lieux,opérateur non renseigné,03_points
AN00235,D5,_mview_tel_agents_mobile_money.fid-7111a9c0_193dfd882bb_-72a4,operateur,manquant,gardé,A8,aucun sur le nombre de lieux,opérateur non renseigné,03_points
AN00236,D5,_mview_tel_agents_mobile_money.fid-7111a9c0_193dfd882bb_-7289,operateur,manquant,gardé,A8,aucun sur le nombre de lieux,opérateur non renseigné,03_points
AN00237,D5,_mview_tel_agents_mobile_money.fid-7111a9c0_193dfd882bb_-726f,operateur,manquant,gardé,A8,aucun sur le nombre de lieux,opérateur non renseigné,03_points
AN00238,D5,_mview_tel_agents_mobile_money.fid-7111a9c0_193dfd882bb_-7263,operateur,manquant,gardé,A8,aucun sur le nombre de lieux,opérateur non renseigné,03_points
AN00239,D5,_mview_tel_agents_mobile_money.fid-7111a9c0_193dfd882bb_-723e,operateur,manquant,gardé,A8,aucun sur le nombre de lieux,opérateur non renseigné,03_points
AN00240,D5,_mview_tel_agents_mobile_money.fid-7111a9c0_193dfd882bb_-7222,operateur,manquant,gardé,A8,aucun sur le nombre de lieux,opérateur non renseigné,03_points
AN00241,D5,_mview_tel_agents_mobile_money.fid-7111a9c0_193dfd882bb_-7211,operateur,manquant,gardé,A8,aucun sur le nombre de lieux,opérateur non renseigné,03_points
AN00242,D5,_mview_tel_agents_mobile_money.fid-7111a9c0_193dfd882bb_-7209,operateur,manquant,gardé,A8,aucun sur le nombre de lieux,opérateur non renseigné,03_points
AN00243,D5,_mview_tel_agents_mobile_money.fid-7111a9c0_193dfd882bb_-71d8,operateur,manquant,gardé,A8,aucun sur le nombre de lieux,opérateur non renseigné,03_points
AN00244,D5,_mview_tel_agents_mobile_money.fid-7111a9c0_193dfd882bb_-71d1,operateur,manquant,gardé,A8,aucun sur le nombre de lieux,opérateur non renseigné,03_points
AN00245,D5,_mview_tel_agents_mobile_money.fid-7111a9c0_193dfd882bb_-71c7,operateur,manquant,gardé,A8,aucun sur le nombre de lieux,opérateur non renseigné,03_points
AN00246,D5,_mview_tel_agents_mobile_money.fid-7111a9c0_193dfd882bb_-71c1,operateur,manquant,gardé,A8,aucun sur le nombre de lieux,opérateur non renseigné,03_points
AN00247,D5,_mview_tel_agents_mobile_money.fid-7111a9c0_193dfd882bb_-71c0,operateur,manquant,gardé,A8,aucun sur le nombre de lieux,opérateur non renseigné,03_points
AN00248,D5,_mview_tel_agents_mobile_money.fid-7111a9c0_193dfd882bb_-71bf,operateur,manquant,gardé,A8,aucun sur le nombre de lieux,opérateur non renseigné,03_points
AN00249,D5,_mview_tel_agents_mobile_money.fid-7111a9c0_193dfd882bb_-718a,operateur,manquant,gardé,A8,aucun sur le nombre de lieux,opérateur non renseigné,03_points
AN00250,D5,_mview_tel_agents_mobile_money.fid-7111a9c0_193dfd882bb_-7189,operateur,manquant,gardé,A8,aucun sur le nombre de lieux,opérateur non renseigné,03_points
AN00251,D5,_mview_tel_agents_mobile_money.fid-7111a9c0_193dfd882bb_-7188,operateur,manquant,gardé,A8,aucun sur le nombre de lieux,opérateur non renseigné,03_points
AN00252,D5,_mview_tel_agents_mobile_money.fid-7111a9c0_193dfd882bb_-7187,operateur,manquant,gardé,A8,aucun sur le nombre de lieux,opérateur non renseigné,03_points
AN00253,D5,_mview_tel_agents_mobile_money.fid-7111a9c0_193dfd882bb_-7186,operateur,manquant,gardé,A8,aucun sur le nombre de lieux,opérateur non renseigné,03_points
AN00254,D5,_mview_tel_agents_mobile_money.fid-7111a9c0_193dfd882bb_-7184,operateur,manquant,gardé,A8,aucun sur le nombre de lieux,opérateur non renseigné,03_points
AN00255,D5,_mview_tel_agents_mobile_money.fid-7111a9c0_193dfd882bb_-7134,operateur,manquant,gardé,A8,aucun sur le nombre de lieux,opérateur non renseigné,03_points
AN00256,D5,_mview_tel_agents_mobile_money.fid-7111a9c0_193dfd882bb_-7133,operateur,manquant,gardé,A8,aucun sur le nombre de lieux,opérateur non renseigné,03_points
AN00257,D5,_mview_tel_agents_mobile_money.fid-7111a9c0_193dfd882bb_-7132,operateur,manquant,gardé,A8,aucun sur le nombre de lieux,opérateur non renseigné,03_points
AN00258,D5,_mview_tel_agents_mobile_money.fid-7111a9c0_193dfd882bb_-7131,operateur,manquant,gardé,A8,aucun sur le nombre de lieux,opérateur non renseigné,03_points
AN00259,D5,_mview_tel_agents_mobile_money.fid-7111a9c0_193dfd882bb_-7128,operateur,manquant,gardé,A8,aucun sur le nombre de lieux,opérateur non renseigné,03_points
AN00260,D5,_mview_tel_agents_mobile_money.fid-7111a9c0_193dfd882bb_-7106,operateur,manquant,gardé,A8,aucun sur le nombre de lieux,opérateur non renseigné,03_points
AN00261,D5,_mview_tel_agents_mobile_money.fid-7111a9c0_193dfd882bb_-70e0,operateur,manquant,gardé,A8,aucun sur le nombre de lieux,opérateur non renseigné,03_points
AN00262,D5,_mview_tel_agents_mobile_money.fid-7111a9c0_193dfd882bb_-708f,operateur,manquant,gardé,A8,aucun sur le nombre de lieux,opérateur non renseigné,03_points
AN00263,D5,_mview_tel_agents_mobile_money.fid-7111a9c0_193dfd882bb_-7085,operateur,manquant,gardé,A8,aucun sur le nombre de lieux,opérateur non renseigné,03_points
AN00264,D5,_mview_tel_agents_mobile_money.fid-7111a9c0_193dfd882bb_-7084,operateur,manquant,gardé,A8,aucun sur le nombre de lieux,opérateur non renseigné,03_points
AN00265,D5,_mview_tel_agents_mobile_money.fid-7111a9c0_193dfd882bb_-7083,operateur,manquant,gardé,A8,aucun sur le nombre de lieux,opérateur non renseigné,03_points
AN00266,D5,_mview_tel_agents_mobile_money.fid-7111a9c0_193dfd882bb_-7082,operateur,manquant,gardé,A8,aucun sur le nombre de lieux,opérateur non renseigné,03_points
AN00267,D5,_mview_tel_agents_mobile_money.fid-7111a9c0_193dfd882bb_-707a,operateur,manquant,gardé,A8,aucun sur le nombre de lieux,opérateur non renseigné,03_points
AN00268,D5,_mview_tel_agents_mobile_money.fid-7111a9c0_193dfd882bb_-7079,operateur,manquant,gardé,A8,aucun sur le nombre de lieux,opérateur non renseigné,03_points
AN00269,D5,_mview_tel_agents_mobile_money.fid-7111a9c0_193dfd882bb_-7054,operateur,manquant,gardé,A8,aucun sur le nombre de lieux,opérateur non renseigné,03_points
AN00270,D5,_mview_tel_agents_mobile_money.fid-7111a9c0_193dfd882bb_-7045,operateur,manquant,gardé,A8,aucun sur le nombre de lieux,opérateur non renseigné,03_points
AN00271,D5,_mview_tel_agents_mobile_money.fid-7111a9c0_193dfd882bb_-7044,operateur,manquant,gardé,A8,aucun sur le nombre de lieux,opérateur non renseigné,03_points
AN00272,D5,_mview_tel_agents_mobile_money.fid-7111a9c0_193dfd882bb_-7043,operateur,manquant,gardé,A8,aucun sur le nombre de lieux,opérateur non renseigné,03_points
AN00273,D5,_mview_tel_agents_mobile_money.fid-7111a9c0_193dfd882bb_-7042,operateur,manquant,gardé,A8,aucun sur le nombre de lieux,opérateur non renseigné,03_points
AN00274,D5,_mview_tel_agents_mobile_money.fid-7111a9c0_193dfd882bb_-7028,operateur,manquant,gardé,A8,aucun sur le nombre de lieux,opérateur non renseigné,03_points
AN00275,D5,_mview_tel_agents_mobile_money.fid-7111a9c0_193dfd882bb_-7027,operateur,manquant,gardé,A8,aucun sur le nombre de lieux,opérateur non renseigné,03_points
AN00276,D5,_mview_tel_agents_mobile_money.fid-7111a9c0_193dfd882bb_-7026,operateur,manquant,gardé,A8,aucun sur le nombre de lieux,opérateur non renseigné,03_points
AN00277,D5,_mview_tel_agents_mobile_money.fid-7111a9c0_193dfd882bb_-7025,operateur,manquant,gardé,A8,aucun sur le nombre de lieux,opérateur non renseigné,03_points
AN00278,D5,_mview_tel_agents_mobile_money.fid-7111a9c0_193dfd882bb_-7024,operateur,manquant,gardé,A8,aucun sur le nombre de lieux,opérateur non renseigné,03_points
AN00279,D5,_mview_tel_agents_mobile_money.fid-7111a9c0_193dfd882bb_-7023,operateur,manquant,gardé,A8,aucun sur le nombre de lieux,opérateur non renseigné,03_points
AN00280,D5,_mview_tel_agents_mobile_money.fid-7111a9c0_193dfd882bb_-7010,operateur,manquant,gardé,A8,aucun sur le nombre de lieux,opérateur non renseigné,03_points
AN00281,D5,_mview_tel_agents_mobile_money.fid-7111a9c0_193dfd882bb_-700b,operateur,manquant,gardé,A8,aucun sur le nombre de lieux,opérateur non renseigné,03_points
AN00282,D5,_mview_tel_agents_mobile_money.fid-7111a9c0_193dfd882bb_-7005,operateur,manquant,gardé,A8,aucun sur le nombre de lieux,opérateur non renseigné,03_points
AN00283,D5,_mview_tel_agents_mobile_money.fid-7111a9c0_193dfd882bb_-7004,operateur,manquant,gardé,A8,aucun sur le nombre de lieux,opérateur non renseigné,03_points
AN00284,D5,_mview_tel_agents_mobile_money.fid-7111a9c0_193dfd882bb_-7003,operateur,manquant,gardé,A8,aucun sur le nombre de lieux,opérateur non renseigné,03_points
AN00285,D5,_mview_tel_agents_mobile_money.fid-7111a9c0_193dfd882bb_-6ffc,operateur,manquant,gardé,A8,aucun sur le nombre de lieux,opérateur non renseigné,03_points
AN00286,D5,_mview_tel_agents_mobile_money.fid-7111a9c0_193dfd882bb_-6ff9,operateur,manquant,gardé,A8,aucun sur le nombre de lieux,opérateur non renseigné,03_points
AN00287,D5,_mview_tel_agents_mobile_money.fid-7111a9c0_193dfd882bb_-6ff6,operateur,manquant,gardé,A8,aucun sur le nombre de lieux,opérateur non renseigné,03_points
AN00288,D5,_mview_tel_agents_mobile_money.fid-7111a9c0_193dfd882bb_-6ff4,operateur,manquant,gardé,A8,aucun sur le nombre de lieux,opérateur non renseigné,03_points
AN00289,D5,_mview_tel_agents_mobile_money.fid-7111a9c0_193dfd882bb_-6fdc,operateur,manquant,gardé,A8,aucun sur le nombre de lieux,opérateur non renseigné,03_points
AN00290,D5,_mview_tel_agents_mobile_money.fid-7111a9c0_193dfd882bb_-6fc4,operateur,manquant,gardé,A8,aucun sur le nombre de lieux,opérateur non renseigné,03_points
AN00291,D5,_mview_tel_agents_mobile_money.fid-7111a9c0_193dfd882bb_-6fc0,operateur,manquant,gardé,A8,aucun sur le nombre de lieux,opérateur non renseigné,03_points
AN00292,D5,_mview_tel_agents_mobile_money.fid-7111a9c0_193dfd882bb_-6fbb,operateur,manquant,gardé,A8,aucun sur le nombre de lieux,opérateur non renseigné,03_points
AN00293,D5,_mview_tel_agents_mobile_money.fid-7111a9c0_193dfd882bb_-6fb0,operateur,manquant,gardé,A8,aucun sur le nombre de lieux,opérateur non renseigné,03_points
AN00294,D5,_mview_tel_agents_mobile_money.fid-7111a9c0_193dfd882bb_-6f97,operateur,manquant,gardé,A8,aucun sur le nombre de lieux,opérateur non renseigné,03_points
AN00295,D5,_mview_tel_agents_mobile_money.fid-7111a9c0_193dfd882bb_-6f96,operateur,manquant,gardé,A8,aucun sur le nombre de lieux,opérateur non renseigné,03_points
AN00296,D5,_mview_tel_agents_mobile_money.fid-7111a9c0_193dfd882bb_-6f95,operateur,manquant,gardé,A8,aucun sur le nombre de lieux,opérateur non renseigné,03_points
AN00297,D5,_mview_tel_agents_mobile_money.fid-7111a9c0_193dfd882bb_-6f94,operateur,manquant,gardé,A8,aucun sur le nombre de lieux,opérateur non renseigné,03_points
AN00298,D5,_mview_tel_agents_mobile_money.fid-7111a9c0_193dfd882bb_-6f93,operateur,manquant,gardé,A8,aucun sur le nombre de lieux,opérateur non renseigné,03_points
AN00299,D5,_mview_tel_agents_mobile_money.fid-7111a9c0_193dfd882bb_-6f92,operateur,manquant,gardé,A8,aucun sur le nombre de lieux,opérateur non renseigné,03_points
AN00300,D5,_mview_tel_agents_mobile_money.fid-7111a9c0_193dfd882bb_-6f91,operateur,manquant,gardé,A8,aucun sur le nombre de lieux,opérateur non renseigné,03_points
AN00301,D5,_mview_tel_agents_mobile_money.fid-7111a9c0_193dfd882bb_-6f90,operateur,manquant,gardé,A8,aucun sur le nombre de lieux,opérateur non renseigné,03_points
AN00302,D5,_mview_tel_agents_mobile_money.fid-7111a9c0_193dfd882bb_-6f8f,operateur,manquant,gardé,A8,aucun sur le nombre de lieux,opérateur non renseigné,03_points
AN00303,D5,_mview_tel_agents_mobile_money.fid-7111a9c0_193dfd882bb_-6f8b,operateur,manquant,gardé,A8,aucun sur le nombre de lieux,opérateur non renseigné,03_points
AN00304,D5,_mview_tel_agents_mobile_money.fid-7111a9c0_193dfd882bb_-6f5c,operateur,manquant,gardé,A8,aucun sur le nombre de lieux,opérateur non renseigné,03_points
AN00305,D5,_mview_tel_agents_mobile_money.fid-7111a9c0_193dfd882bb_-6f44,operateur,manquant,gardé,A8,aucun sur le nombre de lieux,opérateur non renseigné,03_points
AN00306,D5,_mview_tel_agents_mobile_money.fid-7111a9c0_193dfd882bb_-6f43,operateur,manquant,gardé,A8,aucun sur le nombre de lieux,opérateur non renseigné,03_points
AN00307,D5,_mview_tel_agents_mobile_money.fid-7111a9c0_193dfd882bb_-6f35,operateur,manquant,gardé,A8,aucun sur le nombre de lieux,opérateur non renseigné,03_points
AN00308,D5,_mview_tel_agents_mobile_money.fid-7111a9c0_193dfd882bb_-6f2e,operateur,manquant,gardé,A8,aucun sur le nombre de lieux,opérateur non renseigné,03_points
AN00309,D5,_mview_tel_agents_mobile_money.fid-7111a9c0_193dfd882bb_-6f1b,operateur,manquant,gardé,A8,aucun sur le nombre de lieux,opérateur non renseigné,03_points
AN00310,D5,_mview_tel_agents_mobile_money.fid-7111a9c0_193dfd882bb_-6f12,operateur,manquant,gardé,A8,aucun sur le nombre de lieux,opérateur non renseigné,03_points
AN00311,D5,_mview_tel_agents_mobile_money.fid-7111a9c0_193dfd882bb_-6efc,operateur,manquant,gardé,A8,aucun sur le nombre de lieux,opérateur non renseigné,03_points
AN00312,D5,_mview_tel_agents_mobile_money.fid-7111a9c0_193dfd882bb_-6eda,operateur,manquant,gardé,A8,aucun sur le nombre de lieux,opérateur non renseigné,03_points
AN00313,D5,_mview_tel_agents_mobile_money.fid-7111a9c0_193dfd882bb_-6eb7,operateur,manquant,gardé,A8,aucun sur le nombre de lieux,opérateur non renseigné,03_points
AN00314,D5,_mview_tel_agents_mobile_money.fid-7111a9c0_193dfd882bb_-6eb4,operateur,manquant,gardé,A8,aucun sur le nombre de lieux,opérateur non renseigné,03_points
AN00315,D5,_mview_tel_agents_mobile_money.fid-7111a9c0_193dfd882bb_-6e71,operateur,manquant,gardé,A8,aucun sur le nombre de lieux,opérateur non renseigné,03_points
AN00316,D5,_mview_tel_agents_mobile_money.fid-7111a9c0_193dfd882bb_-6e5b,operateur,manquant,gardé,A8,aucun sur le nombre de lieux,opérateur non renseigné,03_points
AN00317,D5,_mview_tel_agents_mobile_money.fid-7111a9c0_193dfd882bb_-6e3f,operateur,manquant,gardé,A8,aucun sur le nombre de lieux,opérateur non renseigné,03_points
AN00318,D5,_mview_tel_agents_mobile_money.fid-7111a9c0_193dfd882bb_-6e3e,operateur,manquant,gardé,A8,aucun sur le nombre de lieux,opérateur non renseigné,03_points
AN00319,D5,_mview_tel_agents_mobile_money.fid-7111a9c0_193dfd882bb_-6e3d,operateur,manquant,gardé,A8,aucun sur le nombre de lieux,opérateur non renseigné,03_points
AN00320,D5,_mview_tel_agents_mobile_money.fid-7111a9c0_193dfd882bb_-6e2c,operateur,manquant,gardé,A8,aucun sur le nombre de lieux,opérateur non renseigné,03_points
AN00321,D5,_mview_tel_agents_mobile_money.fid-7111a9c0_193dfd882bb_-6e04,operateur,manquant,gardé,A8,aucun sur le nombre de lieux,opérateur non renseigné,03_points
AN00322,D5,_mview_tel_agents_mobile_money.fid-7111a9c0_193dfd882bb_-6dfa,operateur,manquant,gardé,A8,aucun sur le nombre de lieux,opérateur non renseigné,03_points
AN00323,D5,_mview_tel_agents_mobile_money.fid-7111a9c0_193dfd882bb_-6ddd,operateur,manquant,gardé,A8,aucun sur le nombre de lieux,opérateur non renseigné,03_points
AN00324,D5,_mview_tel_agents_mobile_money.fid-7111a9c0_193dfd882bb_-6dce,operateur,manquant,gardé,A8,aucun sur le nombre de lieux,opérateur non renseigné,03_points
AN00325,D5,_mview_tel_agents_mobile_money.fid-7111a9c0_193dfd882bb_-6dc3,operateur,manquant,gardé,A8,aucun sur le nombre de lieux,opérateur non renseigné,03_points
AN00326,D5,_mview_tel_agents_mobile_money.fid-7111a9c0_193dfd882bb_-6d90,operateur,manquant,gardé,A8,aucun sur le nombre de lieux,opérateur non renseigné,03_points
AN00327,D5,_mview_tel_agents_mobile_money.fid-7111a9c0_193dfd882bb_-6d7e,operateur,manquant,gardé,A8,aucun sur le nombre de lieux,opérateur non renseigné,03_points
AN00328,D5,_mview_tel_agents_mobile_money.fid-7111a9c0_193dfd882bb_-6d76,operateur,manquant,gardé,A8,aucun sur le nombre de lieux,opérateur non renseigné,03_points
AN00329,D5,_mview_tel_agents_mobile_money.fid-7111a9c0_193dfd882bb_-6d6c,operateur,manquant,gardé,A8,aucun sur le nombre de lieux,opérateur non renseigné,03_points
AN00330,D5,_mview_tel_agents_mobile_money.fid-7111a9c0_193dfd882bb_-6d3d,operateur,manquant,gardé,A8,aucun sur le nombre de lieux,opérateur non renseigné,03_points
AN00331,D5,_mview_tel_agents_mobile_money.fid-7111a9c0_193dfd882bb_-6d3c,operateur,manquant,gardé,A8,aucun sur le nombre de lieux,opérateur non renseigné,03_points
AN00332,D5,_mview_tel_agents_mobile_money.fid-7111a9c0_193dfd882bb_-6d33,operateur,manquant,gardé,A8,aucun sur le nombre de lieux,opérateur non renseigné,03_points
AN00333,D5,_mview_tel_agents_mobile_money.fid-7111a9c0_193dfd882bb_-6d2c,operateur,manquant,gardé,A8,aucun sur le nombre de lieux,opérateur non renseigné,03_points
AN00334,D5,_mview_tel_agents_mobile_money.fid-7111a9c0_193dfd882bb_-6cec,operateur,manquant,gardé,A8,aucun sur le nombre de lieux,opérateur non renseigné,03_points
AN00335,D5,_mview_tel_agents_mobile_money.fid-7111a9c0_193dfd882bb_-6c9a,operateur,manquant,gardé,A8,aucun sur le nombre de lieux,opérateur non renseigné,03_points
AN00336,D5,_mview_tel_agents_mobile_money.fid-7111a9c0_193dfd882bb_-6c71,operateur,manquant,gardé,A8,aucun sur le nombre de lieux,opérateur non renseigné,03_points
AN00337,D5,_mview_tel_agents_mobile_money.fid-7111a9c0_193dfd882bb_-6c6b,operateur,manquant,gardé,A8,aucun sur le nombre de lieux,opérateur non renseigné,03_points
AN00338,D5,_mview_tel_agents_mobile_money.fid-7111a9c0_193dfd882bb_-6c3d,operateur,manquant,gardé,A8,aucun sur le nombre de lieux,opérateur non renseigné,03_points
AN00339,D5,_mview_tel_agents_mobile_money.fid-7111a9c0_193dfd882bb_-6c34,operateur,manquant,gardé,A8,aucun sur le nombre de lieux,opérateur non renseigné,03_points
AN00340,D5,_mview_tel_agents_mobile_money.fid-7111a9c0_193dfd882bb_-6c26,operateur,manquant,gardé,A8,aucun sur le nombre de lieux,opérateur non renseigné,03_points
AN00341,D5,_mview_tel_agents_mobile_money.fid-7111a9c0_193dfd882bb_-6c24,operateur,manquant,gardé,A8,aucun sur le nombre de lieux,opérateur non renseigné,03_points
AN00342,D5,_mview_tel_agents_mobile_money.fid-7111a9c0_193dfd882bb_-6c16,operateur,manquant,gardé,A8,aucun sur le nombre de lieux,opérateur non renseigné,03_points
AN00343,D5,_mview_tel_agents_mobile_money.fid-7111a9c0_193dfd882bb_-6bff,operateur,manquant,gardé,A8,aucun sur le nombre de lieux,opérateur non renseigné,03_points
AN00344,D5,_mview_tel_agents_mobile_money.fid-7111a9c0_193dfd882bb_-6bf2,operateur,manquant,gardé,A8,aucun sur le nombre de lieux,opérateur non renseigné,03_points
AN00345,D5,_mview_tel_agents_mobile_money.fid-7111a9c0_193dfd882bb_-6bee,operateur,manquant,gardé,A8,aucun sur le nombre de lieux,opérateur non renseigné,03_points
AN00346,D5,_mview_tel_agents_mobile_money.fid-7111a9c0_193dfd882bb_-6be7,operateur,manquant,gardé,A8,aucun sur le nombre de lieux,opérateur non renseigné,03_points
AN00347,D5,_mview_tel_agents_mobile_money.fid-7111a9c0_193dfd882bb_-6bdc,operateur,manquant,gardé,A8,aucun sur le nombre de lieux,opérateur non renseigné,03_points
AN00348,D5,_mview_tel_agents_mobile_money.fid-7111a9c0_193dfd882bb_-6bcf,operateur,manquant,gardé,A8,aucun sur le nombre de lieux,opérateur non renseigné,03_points
AN00349,D5,_mview_tel_agents_mobile_money.fid-7111a9c0_193dfd882bb_-6bc8,operateur,manquant,gardé,A8,aucun sur le nombre de lieux,opérateur non renseigné,03_points
AN00350,D5,_mview_tel_agents_mobile_money.fid-7111a9c0_193dfd882bb_-6bc3,operateur,manquant,gardé,A8,aucun sur le nombre de lieux,opérateur non renseigné,03_points
AN00351,D5,_mview_tel_agents_mobile_money.fid-7111a9c0_193dfd882bb_-6b9e,operateur,manquant,gardé,A8,aucun sur le nombre de lieux,opérateur non renseigné,03_points
AN00352,D5,_mview_tel_agents_mobile_money.fid-7111a9c0_193dfd882bb_-6b94,operateur,manquant,gardé,A8,aucun sur le nombre de lieux,opérateur non renseigné,03_points
AN00353,D5,_mview_tel_agents_mobile_money.fid-7111a9c0_193dfd882bb_-6b7a,operateur,manquant,gardé,A8,aucun sur le nombre de lieux,opérateur non renseigné,03_points
AN00354,D5,_mview_tel_agents_mobile_money.fid-7111a9c0_193dfd882bb_-6b6b,operateur,manquant,gardé,A8,aucun sur le nombre de lieux,opérateur non renseigné,03_points
AN00355,D5,_mview_tel_agents_mobile_money.fid-7111a9c0_193dfd882bb_-6b68,operateur,manquant,gardé,A8,aucun sur le nombre de lieux,opérateur non renseigné,03_points
AN00356,D5,_mview_tel_agents_mobile_money.fid-7111a9c0_193dfd882bb_-6b66,operateur,manquant,gardé,A8,aucun sur le nombre de lieux,opérateur non renseigné,03_points
AN00357,D5,_mview_tel_agents_mobile_money.fid-7111a9c0_193dfd882bb_-6b50,operateur,manquant,gardé,A8,aucun sur le nombre de lieux,opérateur non renseigné,03_points
AN00358,D5,_mview_tel_agents_mobile_money.fid-7111a9c0_193dfd882bb_-6b4f,operateur,manquant,gardé,A8,aucun sur le nombre de lieux,opérateur non renseigné,03_points
AN00359,D5,_mview_tel_agents_mobile_money.fid-7111a9c0_193dfd882bb_-6b4c,operateur,manquant,gardé,A8,aucun sur le nombre de lieux,opérateur non renseigné,03_points
AN00360,D5,_mview_tel_agents_mobile_money.fid-7111a9c0_193dfd882bb_-6b49,operateur,manquant,gardé,A8,aucun sur le nombre de lieux,opérateur non renseigné,03_points
AN00361,D5,_mview_tel_agents_mobile_money.fid-7111a9c0_193dfd882bb_-6b42,operateur,manquant,gardé,A8,aucun sur le nombre de lieux,opérateur non renseigné,03_points
AN00362,D5,_mview_tel_agents_mobile_money.fid-7111a9c0_193dfd882bb_-6b22,operateur,manquant,gardé,A8,aucun sur le nombre de lieux,opérateur non renseigné,03_points
AN00363,D5,_mview_tel_agents_mobile_money.fid-7111a9c0_193dfd882bb_-6b1d,operateur,manquant,gardé,A8,aucun sur le nombre de lieux,opérateur non renseigné,03_points
AN00364,D5,_mview_tel_agents_mobile_money.fid-7111a9c0_193dfd882bb_-6b14,operateur,manquant,gardé,A8,aucun sur le nombre de lieux,opérateur non renseigné,03_points
AN00365,D5,_mview_tel_agents_mobile_money.fid-7111a9c0_193dfd882bb_-6b13,operateur,manquant,gardé,A8,aucun sur le nombre de lieux,opérateur non renseigné,03_points
AN00366,D5,_mview_tel_agents_mobile_money.fid-7111a9c0_193dfd882bb_-6b09,operateur,manquant,gardé,A8,aucun sur le nombre de lieux,opérateur non renseigné,03_points
AN00367,D5,_mview_tel_agents_mobile_money.fid-7111a9c0_193dfd882bb_-6b08,operateur,manquant,gardé,A8,aucun sur le nombre de lieux,opérateur non renseigné,03_points
AN00368,D5,_mview_tel_agents_mobile_money.fid-7111a9c0_193dfd882bb_-6aec,operateur,manquant,gardé,A8,aucun sur le nombre de lieux,opérateur non renseigné,03_points
AN00369,D5,_mview_tel_agents_mobile_money.fid-7111a9c0_193dfd882bb_-6adb,operateur,manquant,gardé,A8,aucun sur le nombre de lieux,opérateur non renseigné,03_points
AN00370,D5,_mview_tel_agents_mobile_money.fid-7111a9c0_193dfd882bb_-6ada,operateur,manquant,gardé,A8,aucun sur le nombre de lieux,opérateur non renseigné,03_points
AN00371,D5,_mview_tel_agents_mobile_money.fid-7111a9c0_193dfd882bb_-6ab2,operateur,manquant,gardé,A8,aucun sur le nombre de lieux,opérateur non renseigné,03_points
AN00372,D5,_mview_tel_agents_mobile_money.fid-7111a9c0_193dfd882bb_-6a86,operateur,manquant,gardé,A8,aucun sur le nombre de lieux,opérateur non renseigné,03_points
AN00373,D5,_mview_tel_agents_mobile_money.fid-7111a9c0_193dfd882bb_-6a7c,operateur,manquant,gardé,A8,aucun sur le nombre de lieux,opérateur non renseigné,03_points
AN00374,D5,_mview_tel_agents_mobile_money.fid-7111a9c0_193dfd882bb_-6a71,operateur,manquant,gardé,A8,aucun sur le nombre de lieux,opérateur non renseigné,03_points
AN00375,D5,_mview_tel_agents_mobile_money.fid-7111a9c0_193dfd882bb_-6a5b,operateur,manquant,gardé,A8,aucun sur le nombre de lieux,opérateur non renseigné,03_points
AN00376,D5,_mview_tel_agents_mobile_money.fid-7111a9c0_193dfd882bb_-6a3e,operateur,manquant,gardé,A8,aucun sur le nombre de lieux,opérateur non renseigné,03_points
AN00377,D5,_mview_tel_agents_mobile_money.fid-7111a9c0_193dfd882bb_-6a3a,operateur,manquant,gardé,A8,aucun sur le nombre de lieux,opérateur non renseigné,03_points
AN00378,D5,_mview_tel_agents_mobile_money.fid-7111a9c0_193dfd882bb_-6a39,operateur,manquant,gardé,A8,aucun sur le nombre de lieux,opérateur non renseigné,03_points
AN00379,D5,_mview_tel_agents_mobile_money.fid-7111a9c0_193dfd882bb_-6a33,operateur,manquant,gardé,A8,aucun sur le nombre de lieux,opérateur non renseigné,03_points
AN00380,D5,_mview_tel_agents_mobile_money.fid-7111a9c0_193dfd882bb_-6a23,operateur,manquant,gardé,A8,aucun sur le nombre de lieux,opérateur non renseigné,03_points
AN00381,D5,_mview_tel_agents_mobile_money.fid-7111a9c0_193dfd882bb_-6a05,operateur,manquant,gardé,A8,aucun sur le nombre de lieux,opérateur non renseigné,03_points
AN00382,D5,_mview_tel_agents_mobile_money.fid-7111a9c0_193dfd882bb_-69fd,operateur,manquant,gardé,A8,aucun sur le nombre de lieux,opérateur non renseigné,03_points
AN00383,D5,_mview_tel_agents_mobile_money.fid-7111a9c0_193dfd882bb_-69f4,operateur,manquant,gardé,A8,aucun sur le nombre de lieux,opérateur non renseigné,03_points
AN00384,D5,_mview_tel_agents_mobile_money.fid-7111a9c0_193dfd882bb_-69d6,operateur,manquant,gardé,A8,aucun sur le nombre de lieux,opérateur non renseigné,03_points
AN00385,D5,_mview_tel_agents_mobile_money.fid-7111a9c0_193dfd882bb_-69cf,operateur,manquant,gardé,A8,aucun sur le nombre de lieux,opérateur non renseigné,03_points
AN00386,D5,_mview_tel_agents_mobile_money.fid-7111a9c0_193dfd882bb_-69c3,operateur,manquant,gardé,A8,aucun sur le nombre de lieux,opérateur non renseigné,03_points
AN00387,D5,_mview_tel_agents_mobile_money.fid-7111a9c0_193dfd882bb_-69b8,operateur,manquant,gardé,A8,aucun sur le nombre de lieux,opérateur non renseigné,03_points
AN00388,D5,_mview_tel_agents_mobile_money.fid-7111a9c0_193dfd882bb_-69b6,operateur,manquant,gardé,A8,aucun sur le nombre de lieux,opérateur non renseigné,03_points
AN00389,D5,_mview_tel_agents_mobile_money.fid-7111a9c0_193dfd882bb_-69b1,operateur,manquant,gardé,A8,aucun sur le nombre de lieux,opérateur non renseigné,03_points
AN00390,D5,_mview_tel_agents_mobile_money.fid-7111a9c0_193dfd882bb_-69ad,operateur,manquant,gardé,A8,aucun sur le nombre de lieux,opérateur non renseigné,03_points
AN00391,D5,_mview_tel_agents_mobile_money.fid-7111a9c0_193dfd882bb_-69a3,operateur,manquant,gardé,A8,aucun sur le nombre de lieux,opérateur non renseigné,03_points
AN00392,D5,_mview_tel_agents_mobile_money.fid-7111a9c0_193dfd882bb_-699e,operateur,manquant,gardé,A8,aucun sur le nombre de lieux,opérateur non renseigné,03_points
AN00393,D5,_mview_tel_agents_mobile_money.fid-7111a9c0_193dfd882bb_-698a,operateur,manquant,gardé,A8,aucun sur le nombre de lieux,opérateur non renseigné,03_points
AN00394,D5,_mview_tel_agents_mobile_money.fid-7111a9c0_193dfd882bb_-6982,operateur,manquant,gardé,A8,aucun sur le nombre de lieux,opérateur non renseigné,03_points
AN00395,D5,_mview_tel_agents_mobile_money.fid-7111a9c0_193dfd882bb_-6979,operateur,manquant,gardé,A8,aucun sur le nombre de lieux,opérateur non renseigné,03_points
AN00396,D5,_mview_tel_agents_mobile_money.fid-7111a9c0_193dfd882bb_-696a,operateur,manquant,gardé,A8,aucun sur le nombre de lieux,opérateur non renseigné,03_points
AN00397,D5,_mview_tel_agents_mobile_money.fid-7111a9c0_193dfd882bb_-6966,operateur,manquant,gardé,A8,aucun sur le nombre de lieux,opérateur non renseigné,03_points
AN00398,D5,_mview_tel_agents_mobile_money.fid-7111a9c0_193dfd882bb_-692e,operateur,manquant,gardé,A8,aucun sur le nombre de lieux,opérateur non renseigné,03_points
AN00399,D5,_mview_tel_agents_mobile_money.fid-7111a9c0_193dfd882bb_-6928,operateur,manquant,gardé,A8,aucun sur le nombre de lieux,opérateur non renseigné,03_points
AN00400,D5,_mview_tel_agents_mobile_money.fid-7111a9c0_193dfd882bb_-6920,operateur,manquant,gardé,A8,aucun sur le nombre de lieux,opérateur non renseigné,03_points
AN00401,D5,_mview_tel_agents_mobile_money.fid-7111a9c0_193dfd882bb_-691d,operateur,manquant,gardé,A8,aucun sur le nombre de lieux,opérateur non renseigné,03_points
AN00402,D5,_mview_tel_agents_mobile_money.fid-7111a9c0_193dfd882bb_-690a,operateur,manquant,gardé,A8,aucun sur le nombre de lieux,opérateur non renseigné,03_points
AN00403,D5,_mview_tel_agents_mobile_money.fid-7111a9c0_193dfd882bb_-6908,operateur,manquant,gardé,A8,aucun sur le nombre de lieux,opérateur non renseigné,03_points
AN00404,D5,_mview_tel_agents_mobile_money.fid-7111a9c0_193dfd882bb_-6906,operateur,manquant,gardé,A8,aucun sur le nombre de lieux,opérateur non renseigné,03_points
AN00405,D5,_mview_tel_agents_mobile_money.fid-7111a9c0_193dfd882bb_-68f6,operateur,manquant,gardé,A8,aucun sur le nombre de lieux,opérateur non renseigné,03_points
AN00406,D5,_mview_tel_agents_mobile_money.fid-7111a9c0_193dfd882bb_-68f3,operateur,manquant,gardé,A8,aucun sur le nombre de lieux,opérateur non renseigné,03_points
AN00407,D5,_mview_tel_agents_mobile_money.fid-7111a9c0_193dfd882bb_-68e0,operateur,manquant,gardé,A8,aucun sur le nombre de lieux,opérateur non renseigné,03_points
AN00408,D5,_mview_tel_agents_mobile_money.fid-7111a9c0_193dfd882bb_-68d6,operateur,manquant,gardé,A8,aucun sur le nombre de lieux,opérateur non renseigné,03_points
AN00409,D5,_mview_tel_agents_mobile_money.fid-7111a9c0_193dfd882bb_-68cd,operateur,manquant,gardé,A8,aucun sur le nombre de lieux,opérateur non renseigné,03_points
AN00410,D5,_mview_tel_agents_mobile_money.fid-7111a9c0_193dfd882bb_-68c0,operateur,manquant,gardé,A8,aucun sur le nombre de lieux,opérateur non renseigné,03_points
AN00411,D5,_mview_tel_agents_mobile_money.fid-7111a9c0_193dfd882bb_-68bd,operateur,manquant,gardé,A8,aucun sur le nombre de lieux,opérateur non renseigné,03_points
AN00412,D5,_mview_tel_agents_mobile_money.fid-7111a9c0_193dfd882bb_-68bb,operateur,manquant,gardé,A8,aucun sur le nombre de lieux,opérateur non renseigné,03_points
AN00413,D5,_mview_tel_agents_mobile_money.fid-7111a9c0_193dfd882bb_-68b2,operateur,manquant,gardé,A8,aucun sur le nombre de lieux,opérateur non renseigné,03_points
AN00414,D5,_mview_tel_agents_mobile_money.fid-7111a9c0_193dfd882bb_-68ad,operateur,manquant,gardé,A8,aucun sur le nombre de lieux,opérateur non renseigné,03_points
AN00415,D5,_mview_tel_agents_mobile_money.fid-7111a9c0_193dfd882bb_-68a6,operateur,manquant,gardé,A8,aucun sur le nombre de lieux,opérateur non renseigné,03_points
AN00416,D5,_mview_tel_agents_mobile_money.fid-7111a9c0_193dfd882bb_-68a3,operateur,manquant,gardé,A8,aucun sur le nombre de lieux,opérateur non renseigné,03_points
AN00417,D5,_mview_tel_agents_mobile_money.fid-7111a9c0_193dfd882bb_-687d,operateur,manquant,gardé,A8,aucun sur le nombre de lieux,opérateur non renseigné,03_points
AN00418,D5,_mview_tel_agents_mobile_money.fid-7111a9c0_193dfd882bb_-6877,operateur,manquant,gardé,A8,aucun sur le nombre de lieux,opérateur non renseigné,03_points
AN00419,D5,_mview_tel_agents_mobile_money.fid-7111a9c0_193dfd882bb_-6876,operateur,manquant,gardé,A8,aucun sur le nombre de lieux,opérateur non renseigné,03_points
AN00420,D5,_mview_tel_agents_mobile_money.fid-7111a9c0_193dfd882bb_-6875,operateur,manquant,gardé,A8,aucun sur le nombre de lieux,opérateur non renseigné,03_points
AN00421,D5,_mview_tel_agents_mobile_money.fid-7111a9c0_193dfd882bb_-6873,operateur,manquant,gardé,A8,aucun sur le nombre de lieux,opérateur non renseigné,03_points
AN00422,D5,_mview_tel_agents_mobile_money.fid-7111a9c0_193dfd882bb_-6872,operateur,manquant,gardé,A8,aucun sur le nombre de lieux,opérateur non renseigné,03_points
AN00423,D5,_mview_tel_agents_mobile_money.fid-7111a9c0_193dfd882bb_-6871,operateur,manquant,gardé,A8,aucun sur le nombre de lieux,opérateur non renseigné,03_points
AN00424,D5,_mview_tel_agents_mobile_money.fid-7111a9c0_193dfd882bb_-6870,operateur,manquant,gardé,A8,aucun sur le nombre de lieux,opérateur non renseigné,03_points
AN00425,D5,_mview_tel_agents_mobile_money.fid-7111a9c0_193dfd882bb_-6861,operateur,manquant,gardé,A8,aucun sur le nombre de lieux,opérateur non renseigné,03_points
AN00426,D5,_mview_tel_agents_mobile_money.fid-7111a9c0_193dfd882bb_-685d,operateur,manquant,gardé,A8,aucun sur le nombre de lieux,opérateur non renseigné,03_points
AN00427,D5,_mview_tel_agents_mobile_money.fid-7111a9c0_193dfd882bb_-6850,operateur,manquant,gardé,A8,aucun sur le nombre de lieux,opérateur non renseigné,03_points
AN00428,D5,_mview_tel_agents_mobile_money.fid-7111a9c0_193dfd882bb_-682d,operateur,manquant,gardé,A8,aucun sur le nombre de lieux,opérateur non renseigné,03_points
AN00429,D5,_mview_tel_agents_mobile_money.fid-7111a9c0_193dfd882bb_-681f,operateur,manquant,gardé,A8,aucun sur le nombre de lieux,opérateur non renseigné,03_points
AN00430,D5,_mview_tel_agents_mobile_money.fid-7111a9c0_193dfd882bb_-681e,operateur,manquant,gardé,A8,aucun sur le nombre de lieux,opérateur non renseigné,03_points
AN00431,D5,_mview_tel_agents_mobile_money.fid-7111a9c0_193dfd882bb_-6812,operateur,manquant,gardé,A8,aucun sur le nombre de lieux,opérateur non renseigné,03_points
AN00432,D5,_mview_tel_agents_mobile_money.fid-7111a9c0_193dfd882bb_-67f9,operateur,manquant,gardé,A8,aucun sur le nombre de lieux,opérateur non renseigné,03_points
AN00433,D5,_mview_tel_agents_mobile_money.fid-7111a9c0_193dfd882bb_-67f8,operateur,manquant,gardé,A8,aucun sur le nombre de lieux,opérateur non renseigné,03_points
AN00434,D5,_mview_tel_agents_mobile_money.fid-7111a9c0_193dfd882bb_-67f4,operateur,manquant,gardé,A8,aucun sur le nombre de lieux,opérateur non renseigné,03_points
AN00435,D5,_mview_tel_agents_mobile_money.fid-7111a9c0_193dfd882bb_-67c7,operateur,manquant,gardé,A8,aucun sur le nombre de lieux,opérateur non renseigné,03_points
AN00436,D5,_mview_tel_agents_mobile_money.fid-7111a9c0_193dfd882bb_-67bb,operateur,manquant,gardé,A8,aucun sur le nombre de lieux,opérateur non renseigné,03_points
AN00437,D5,_mview_tel_agents_mobile_money.fid-7111a9c0_193dfd882bb_-6784,operateur,manquant,gardé,A8,aucun sur le nombre de lieux,opérateur non renseigné,03_points
AN00438,D5,_mview_tel_agents_mobile_money.fid-7111a9c0_193dfd882bb_-677b,operateur,manquant,gardé,A8,aucun sur le nombre de lieux,opérateur non renseigné,03_points
AN00439,D5,_mview_tel_agents_mobile_money.fid-7111a9c0_193dfd882bb_-6728,operateur,manquant,gardé,A8,aucun sur le nombre de lieux,opérateur non renseigné,03_points
AN00440,D5,_mview_tel_agents_mobile_money.fid-7111a9c0_193dfd882bb_-6704,operateur,manquant,gardé,A8,aucun sur le nombre de lieux,opérateur non renseigné,03_points
AN00441,D5,_mview_tel_agents_mobile_money.fid-7111a9c0_193dfd882bb_-66e7,operateur,manquant,gardé,A8,aucun sur le nombre de lieux,opérateur non renseigné,03_points
AN00442,D5,_mview_tel_agents_mobile_money.fid-7111a9c0_193dfd882bb_-66d5,operateur,manquant,gardé,A8,aucun sur le nombre de lieux,opérateur non renseigné,03_points
AN00443,D5,_mview_tel_agents_mobile_money.fid-7111a9c0_193dfd882bb_-66c5,operateur,manquant,gardé,A8,aucun sur le nombre de lieux,opérateur non renseigné,03_points
AN00444,D5,_mview_tel_agents_mobile_money.fid-7111a9c0_193dfd882bb_-66bd,operateur,manquant,gardé,A8,aucun sur le nombre de lieux,opérateur non renseigné,03_points
AN00445,D5,_mview_tel_agents_mobile_money.fid-7111a9c0_193dfd882bb_-66aa,operateur,manquant,gardé,A8,aucun sur le nombre de lieux,opérateur non renseigné,03_points
AN00446,D5,_mview_tel_agents_mobile_money.fid-7111a9c0_193dfd882bb_-6681,operateur,manquant,gardé,A8,aucun sur le nombre de lieux,opérateur non renseigné,03_points
AN00447,D5,_mview_tel_agents_mobile_money.fid-7111a9c0_193dfd882bb_-667b,operateur,manquant,gardé,A8,aucun sur le nombre de lieux,opérateur non renseigné,03_points
AN00448,D5,_mview_tel_agents_mobile_money.fid-7111a9c0_193dfd882bb_-6661,operateur,manquant,gardé,A8,aucun sur le nombre de lieux,opérateur non renseigné,03_points
AN00449,D5,_mview_tel_agents_mobile_money.fid-7111a9c0_193dfd882bb_-6642,operateur,manquant,gardé,A8,aucun sur le nombre de lieux,opérateur non renseigné,03_points
AN00450,D5,_mview_tel_agents_mobile_money.fid-7111a9c0_193dfd882bb_-6638,operateur,manquant,gardé,A8,aucun sur le nombre de lieux,opérateur non renseigné,03_points
AN00451,D5,_mview_tel_agents_mobile_money.fid-7111a9c0_193dfd882bb_-6637,operateur,manquant,gardé,A8,aucun sur le nombre de lieux,opérateur non renseigné,03_points
AN00452,D5,_mview_tel_agents_mobile_money.fid-7111a9c0_193dfd882bb_-6636,operateur,manquant,gardé,A8,aucun sur le nombre de lieux,opérateur non renseigné,03_points
AN00453,D5,_mview_tel_agents_mobile_money.fid-7111a9c0_193dfd882bb_-6635,operateur,manquant,gardé,A8,aucun sur le nombre de lieux,opérateur non renseigné,03_points
AN00454,D5,_mview_tel_agents_mobile_money.fid-7111a9c0_193dfd882bb_-6634,operateur,manquant,gardé,A8,aucun sur le nombre de lieux,opérateur non renseigné,03_points
AN00455,D5,_mview_tel_agents_mobile_money.fid-7111a9c0_193dfd882bb_-6633,operateur,manquant,gardé,A8,aucun sur le nombre de lieux,opérateur non renseigné,03_points
AN00456,D5,_mview_tel_agents_mobile_money.fid-7111a9c0_193dfd882bb_-6632,operateur,manquant,gardé,A8,aucun sur le nombre de lieux,opérateur non renseigné,03_points
AN00457,D5,_mview_tel_agents_mobile_money.fid-7111a9c0_193dfd882bb_-6631,operateur,manquant,gardé,A8,aucun sur le nombre de lieux,opérateur non renseigné,03_points
AN00458,D5,_mview_tel_agents_mobile_money.fid-7111a9c0_193dfd882bb_-6630,operateur,manquant,gardé,A8,aucun sur le nombre de lieux,opérateur non renseigné,03_points
AN00459,D5,_mview_tel_agents_mobile_money.fid-7111a9c0_193dfd882bb_-662f,operateur,manquant,gardé,A8,aucun sur le nombre de lieux,opérateur non renseigné,03_points
AN00460,D5,_mview_tel_agents_mobile_money.fid-7111a9c0_193dfd882bb_-662e,operateur,manquant,gardé,A8,aucun sur le nombre de lieux,opérateur non renseigné,03_points
AN00461,D5,_mview_tel_agents_mobile_money.fid-7111a9c0_193dfd882bb_-662d,operateur,manquant,gardé,A8,aucun sur le nombre de lieux,opérateur non renseigné,03_points
AN00462,D5,_mview_tel_agents_mobile_money.fid-7111a9c0_193dfd882bb_-662c,operateur,manquant,gardé,A8,aucun sur le nombre de lieux,opérateur non renseigné,03_points
AN00463,D5,_mview_tel_agents_mobile_money.fid-7111a9c0_193dfd882bb_-662a,operateur,manquant,gardé,A8,aucun sur le nombre de lieux,opérateur non renseigné,03_points
AN00464,D5,_mview_tel_agents_mobile_money.fid-7111a9c0_193dfd882bb_-6629,operateur,manquant,gardé,A8,aucun sur le nombre de lieux,opérateur non renseigné,03_points
AN00465,D5,_mview_tel_agents_mobile_money.fid-7111a9c0_193dfd882bb_-6628,operateur,manquant,gardé,A8,aucun sur le nombre de lieux,opérateur non renseigné,03_points
AN00466,D5,_mview_tel_agents_mobile_money.fid-7111a9c0_193dfd882bb_-6622,operateur,manquant,gardé,A8,aucun sur le nombre de lieux,opérateur non renseigné,03_points
AN00467,D5,_mview_tel_agents_mobile_money.fid-7111a9c0_193dfd882bb_-6620,operateur,manquant,gardé,A8,aucun sur le nombre de lieux,opérateur non renseigné,03_points
AN00468,D5,_mview_tel_agents_mobile_money.fid-7111a9c0_193dfd882bb_-661f,operateur,manquant,gardé,A8,aucun sur le nombre de lieux,opérateur non renseigné,03_points
AN00469,D5,_mview_tel_agents_mobile_money.fid-7111a9c0_193dfd882bb_-661e,operateur,manquant,gardé,A8,aucun sur le nombre de lieux,opérateur non renseigné,03_points
AN00470,D5,_mview_tel_agents_mobile_money.fid-7111a9c0_193dfd882bb_-661c,operateur,manquant,gardé,A8,aucun sur le nombre de lieux,opérateur non renseigné,03_points
AN00471,D5,_mview_tel_agents_mobile_money.fid-7111a9c0_193dfd882bb_-661b,operateur,manquant,gardé,A8,aucun sur le nombre de lieux,opérateur non renseigné,03_points
AN00472,D5,_mview_tel_agents_mobile_money.fid-7111a9c0_193dfd882bb_-661a,operateur,manquant,gardé,A8,aucun sur le nombre de lieux,opérateur non renseigné,03_points
AN00473,D5,_mview_tel_agents_mobile_money.fid-7111a9c0_193dfd882bb_-6618,operateur,manquant,gardé,A8,aucun sur le nombre de lieux,opérateur non renseigné,03_points
AN00474,D5,_mview_tel_agents_mobile_money.fid-7111a9c0_193dfd882bb_-6617,operateur,manquant,gardé,A8,aucun sur le nombre de lieux,opérateur non renseigné,03_points
AN00475,D5,_mview_tel_agents_mobile_money.fid-7111a9c0_193dfd882bb_-6616,operateur,manquant,gardé,A8,aucun sur le nombre de lieux,opérateur non renseigné,03_points
AN00476,D5,_mview_tel_agents_mobile_money.fid-7111a9c0_193dfd882bb_-6615,operateur,manquant,gardé,A8,aucun sur le nombre de lieux,opérateur non renseigné,03_points
AN00477,D5,_mview_tel_agents_mobile_money.fid-7111a9c0_193dfd882bb_-6610,operateur,manquant,gardé,A8,aucun sur le nombre de lieux,opérateur non renseigné,03_points
AN00478,D5,_mview_tel_agents_mobile_money.fid-7111a9c0_193dfd882bb_-660f,operateur,manquant,gardé,A8,aucun sur le nombre de lieux,opérateur non renseigné,03_points
AN00479,D5,_mview_tel_agents_mobile_money.fid-7111a9c0_193dfd882bb_-660e,operateur,manquant,gardé,A8,aucun sur le nombre de lieux,opérateur non renseigné,03_points
AN00480,D5,_mview_tel_agents_mobile_money.fid-7111a9c0_193dfd882bb_-660d,operateur,manquant,gardé,A8,aucun sur le nombre de lieux,opérateur non renseigné,03_points
AN00481,D5,_mview_tel_agents_mobile_money.fid-7111a9c0_193dfd882bb_-660c,operateur,manquant,gardé,A8,aucun sur le nombre de lieux,opérateur non renseigné,03_points
AN00482,D5,_mview_tel_agents_mobile_money.fid-7111a9c0_193dfd882bb_-660b,operateur,manquant,gardé,A8,aucun sur le nombre de lieux,opérateur non renseigné,03_points
AN00483,D5,_mview_tel_agents_mobile_money.fid-7111a9c0_193dfd882bb_-6607,operateur,manquant,gardé,A8,aucun sur le nombre de lieux,opérateur non renseigné,03_points
AN00484,D5,_mview_tel_agents_mobile_money.fid-7111a9c0_193dfd882bb_-6604,operateur,manquant,gardé,A8,aucun sur le nombre de lieux,opérateur non renseigné,03_points
AN00485,D5,_mview_tel_agents_mobile_money.fid-7111a9c0_193dfd882bb_-6602,operateur,manquant,gardé,A8,aucun sur le nombre de lieux,opérateur non renseigné,03_points
AN00486,D5,_mview_tel_agents_mobile_money.fid-7111a9c0_193dfd882bb_-6601,operateur,manquant,gardé,A8,aucun sur le nombre de lieux,opérateur non renseigné,03_points
AN00487,D5,_mview_tel_agents_mobile_money.fid-7111a9c0_193dfd882bb_-6600,operateur,manquant,gardé,A8,aucun sur le nombre de lieux,opérateur non renseigné,03_points
AN00488,D5,_mview_tel_agents_mobile_money.fid-7111a9c0_193dfd882bb_-65ff,operateur,manquant,gardé,A8,aucun sur le nombre de lieux,opérateur non renseigné,03_points
AN00489,D5,_mview_tel_agents_mobile_money.fid-7111a9c0_193dfd882bb_-65fe,operateur,manquant,gardé,A8,aucun sur le nombre de lieux,opérateur non renseigné,03_points
AN00490,D5,_mview_tel_agents_mobile_money.fid-7111a9c0_193dfd882bb_-65fd,operateur,manquant,gardé,A8,aucun sur le nombre de lieux,opérateur non renseigné,03_points
AN00491,D5,_mview_tel_agents_mobile_money.fid-7111a9c0_193dfd882bb_-65fc,operateur,manquant,gardé,A8,aucun sur le nombre de lieux,opérateur non renseigné,03_points
AN00492,D5,_mview_tel_agents_mobile_money.fid-7111a9c0_193dfd882bb_-65fb,operateur,manquant,gardé,A8,aucun sur le nombre de lieux,opérateur non renseigné,03_points
AN00493,D5,_mview_tel_agents_mobile_money.fid-7111a9c0_193dfd882bb_-65fa,operateur,manquant,gardé,A8,aucun sur le nombre de lieux,opérateur non renseigné,03_points
AN00494,D5,_mview_tel_agents_mobile_money.fid-7111a9c0_193dfd882bb_-65f6,operateur,manquant,gardé,A8,aucun sur le nombre de lieux,opérateur non renseigné,03_points
AN00495,D5,_mview_tel_agents_mobile_money.fid-7111a9c0_193dfd882bb_-65f5,operateur,manquant,gardé,A8,aucun sur le nombre de lieux,opérateur non renseigné,03_points
AN00496,D5,_mview_tel_agents_mobile_money.fid-7111a9c0_193dfd882bb_-65f4,operateur,manquant,gardé,A8,aucun sur le nombre de lieux,opérateur non renseigné,03_points
AN00497,D5,_mview_tel_agents_mobile_money.fid-7111a9c0_193dfd882bb_-65f3,operateur,manquant,gardé,A8,aucun sur le nombre de lieux,opérateur non renseigné,03_points
AN00498,D5,_mview_tel_agents_mobile_money.fid-7111a9c0_193dfd882bb_-65f1,operateur,manquant,gardé,A8,aucun sur le nombre de lieux,opérateur non renseigné,03_points
AN00499,D5,_mview_tel_agents_mobile_money.fid-7111a9c0_193dfd882bb_-65f0,operateur,manquant,gardé,A8,aucun sur le nombre de lieux,opérateur non renseigné,03_points
AN00500,D5,_mview_tel_agents_mobile_money.fid-7111a9c0_193dfd882bb_-65ef,operateur,manquant,gardé,A8,aucun sur le nombre de lieux,opérateur non renseigné,03_points
AN00501,D5,_mview_tel_agents_mobile_money.fid-7111a9c0_193dfd882bb_-65ee,operateur,manquant,gardé,A8,aucun sur le nombre de lieux,opérateur non renseigné,03_points
AN00502,D5,_mview_tel_agents_mobile_money.fid-7111a9c0_193dfd882bb_-65ed,operateur,manquant,gardé,A8,aucun sur le nombre de lieux,opérateur non renseigné,03_points
AN00503,D5,_mview_tel_agents_mobile_money.fid-7111a9c0_193dfd882bb_-65e9,operateur,manquant,gardé,A8,aucun sur le nombre de lieux,opérateur non renseigné,03_points
AN00504,D5,_mview_tel_agents_mobile_money.fid-7111a9c0_193dfd882bb_-65e8,operateur,manquant,gardé,A8,aucun sur le nombre de lieux,opérateur non renseigné,03_points
AN00505,D5,_mview_tel_agents_mobile_money.fid-7111a9c0_193dfd882bb_-65e6,operateur,manquant,gardé,A8,aucun sur le nombre de lieux,opérateur non renseigné,03_points
AN00506,D5,_mview_tel_agents_mobile_money.fid-7111a9c0_193dfd882bb_-65e5,operateur,manquant,gardé,A8,aucun sur le nombre de lieux,opérateur non renseigné,03_points
AN00507,D5,_mview_tel_agents_mobile_money.fid-7111a9c0_193dfd882bb_-65e4,operateur,manquant,gardé,A8,aucun sur le nombre de lieux,opérateur non renseigné,03_points
AN00508,D5,_mview_tel_agents_mobile_money.fid-7111a9c0_193dfd882bb_-65c8,operateur,manquant,gardé,A8,aucun sur le nombre de lieux,opérateur non renseigné,03_points
AN00509,D5,_mview_tel_agents_mobile_money.fid-7111a9c0_193dfd882bb_-65b5,operateur,manquant,gardé,A8,aucun sur le nombre de lieux,opérateur non renseigné,03_points
AN00510,D5,_mview_tel_agents_mobile_money.fid-7111a9c0_193dfd882bb_-65aa,operateur,manquant,gardé,A8,aucun sur le nombre de lieux,opérateur non renseigné,03_points
AN00511,D5,_mview_tel_agents_mobile_money.fid-7111a9c0_193dfd882bb_-658f,operateur,manquant,gardé,A8,aucun sur le nombre de lieux,opérateur non renseigné,03_points
AN00512,D5,_mview_tel_agents_mobile_money.fid-7111a9c0_193dfd882bb_-657b,operateur,manquant,gardé,A8,aucun sur le nombre de lieux,opérateur non renseigné,03_points
AN00513,D5,_mview_tel_agents_mobile_money.fid-7111a9c0_193dfd882bb_-6570,operateur,manquant,gardé,A8,aucun sur le nombre de lieux,opérateur non renseigné,03_points
AN00514,D5,_mview_tel_agents_mobile_money.fid-7111a9c0_193dfd882bb_-6567,operateur,manquant,gardé,A8,aucun sur le nombre de lieux,opérateur non renseigné,03_points
AN00515,D5,_mview_tel_agents_mobile_money.fid-7111a9c0_193dfd882bb_-653f,operateur,manquant,gardé,A8,aucun sur le nombre de lieux,opérateur non renseigné,03_points
AN00516,D5,_mview_tel_agents_mobile_money.fid-7111a9c0_193dfd882bb_-6521,operateur,manquant,gardé,A8,aucun sur le nombre de lieux,opérateur non renseigné,03_points
AN00517,D5,_mview_tel_agents_mobile_money.fid-7111a9c0_193dfd882bb_-6513,operateur,manquant,gardé,A8,aucun sur le nombre de lieux,opérateur non renseigné,03_points
AN00518,D5,_mview_tel_agents_mobile_money.fid-7111a9c0_193dfd882bb_-64fc,operateur,manquant,gardé,A8,aucun sur le nombre de lieux,opérateur non renseigné,03_points
AN00519,D5,_mview_tel_agents_mobile_money.fid-7111a9c0_193dfd882bb_-64e9,operateur,manquant,gardé,A8,aucun sur le nombre de lieux,opérateur non renseigné,03_points
AN00520,D5,_mview_tel_agents_mobile_money.fid-7111a9c0_193dfd882bb_-64ae,operateur,manquant,gardé,A8,aucun sur le nombre de lieux,opérateur non renseigné,03_points
AN00521,D5,_mview_tel_agents_mobile_money.fid-7111a9c0_193dfd882bb_-649c,operateur,manquant,gardé,A8,aucun sur le nombre de lieux,opérateur non renseigné,03_points
AN00522,D5,_mview_tel_agents_mobile_money.fid-7111a9c0_193dfd882bb_-6488,operateur,manquant,gardé,A8,aucun sur le nombre de lieux,opérateur non renseigné,03_points
AN00523,D5,_mview_tel_agents_mobile_money.fid-7111a9c0_193dfd882bb_-6477,operateur,manquant,gardé,A8,aucun sur le nombre de lieux,opérateur non renseigné,03_points
AN00524,D5,_mview_tel_agents_mobile_money.fid-7111a9c0_193dfd882bb_-645d,operateur,manquant,gardé,A8,aucun sur le nombre de lieux,opérateur non renseigné,03_points
AN00525,D5,_mview_tel_agents_mobile_money.fid-7111a9c0_193dfd882bb_-6437,operateur,manquant,gardé,A8,aucun sur le nombre de lieux,opérateur non renseigné,03_points
AN00526,D5,_mview_tel_agents_mobile_money.fid-7111a9c0_193dfd882bb_-6436,operateur,manquant,gardé,A8,aucun sur le nombre de lieux,opérateur non renseigné,03_points
AN00527,D5,_mview_tel_agents_mobile_money.fid-7111a9c0_193dfd882bb_-641e,operateur,manquant,gardé,A8,aucun sur le nombre de lieux,opérateur non renseigné,03_points
AN00528,D5,_mview_tel_agents_mobile_money.fid-7111a9c0_193dfd882bb_-634e,operateur,manquant,gardé,A8,aucun sur le nombre de lieux,opérateur non renseigné,03_points
AN00529,D5,_mview_tel_agents_mobile_money.fid-7111a9c0_193dfd882bb_-6307,operateur,manquant,gardé,A8,aucun sur le nombre de lieux,opérateur non renseigné,03_points
AN00530,D5,_mview_tel_agents_mobile_money.fid-7111a9c0_193dfd882bb_-6302,operateur,manquant,gardé,A8,aucun sur le nombre de lieux,opérateur non renseigné,03_points
AN00531,D5,_mview_tel_agents_mobile_money.fid-7111a9c0_193dfd882bb_-62ed,operateur,manquant,gardé,A8,aucun sur le nombre de lieux,opérateur non renseigné,03_points
AN00532,D5,_mview_tel_agents_mobile_money.fid-7111a9c0_193dfd882bb_-62e7,operateur,manquant,gardé,A8,aucun sur le nombre de lieux,opérateur non renseigné,03_points
AN00533,D5,_mview_tel_agents_mobile_money.fid-7111a9c0_193dfd882bb_-62e5,operateur,manquant,gardé,A8,aucun sur le nombre de lieux,opérateur non renseigné,03_points
AN00534,D5,_mview_tel_agents_mobile_money.fid-7111a9c0_193dfd882bb_-62de,operateur,manquant,gardé,A8,aucun sur le nombre de lieux,opérateur non renseigné,03_points
AN00535,D5,_mview_tel_agents_mobile_money.fid-7111a9c0_193dfd882bb_-62dd,operateur,manquant,gardé,A8,aucun sur le nombre de lieux,opérateur non renseigné,03_points
AN00536,D5,_mview_tel_agents_mobile_money.fid-7111a9c0_193dfd882bb_-62d5,operateur,manquant,gardé,A8,aucun sur le nombre de lieux,opérateur non renseigné,03_points
AN00537,D5,_mview_tel_agents_mobile_money.fid-7111a9c0_193dfd882bb_-62c3,operateur,manquant,gardé,A8,aucun sur le nombre de lieux,opérateur non renseigné,03_points
AN00538,D5,_mview_tel_agents_mobile_money.fid-7111a9c0_193dfd882bb_-62bf,operateur,manquant,gardé,A8,aucun sur le nombre de lieux,opérateur non renseigné,03_points
AN00539,D5,_mview_tel_agents_mobile_money.fid-7111a9c0_193dfd882bb_-62b7,operateur,manquant,gardé,A8,aucun sur le nombre de lieux,opérateur non renseigné,03_points
AN00540,D5,_mview_tel_agents_mobile_money.fid-7111a9c0_193dfd882bb_-62b6,operateur,manquant,gardé,A8,aucun sur le nombre de lieux,opérateur non renseigné,03_points
AN00541,D5,_mview_tel_agents_mobile_money.fid-7111a9c0_193dfd882bb_-62b5,operateur,manquant,gardé,A8,aucun sur le nombre de lieux,opérateur non renseigné,03_points
AN00542,D5,_mview_tel_agents_mobile_money.fid-7111a9c0_193dfd882bb_-62a9,operateur,manquant,gardé,A8,aucun sur le nombre de lieux,opérateur non renseigné,03_points
AN00543,D5,_mview_tel_agents_mobile_money.fid-7111a9c0_193dfd882bb_-629f,operateur,manquant,gardé,A8,aucun sur le nombre de lieux,opérateur non renseigné,03_points
AN00544,D5,_mview_tel_agents_mobile_money.fid-7111a9c0_193dfd882bb_-6294,operateur,manquant,gardé,A8,aucun sur le nombre de lieux,opérateur non renseigné,03_points
AN00545,D5,_mview_tel_agents_mobile_money.fid-7111a9c0_193dfd882bb_-6266,operateur,manquant,gardé,A8,aucun sur le nombre de lieux,opérateur non renseigné,03_points
AN00546,D5,_mview_tel_agents_mobile_money.fid-7111a9c0_193dfd882bb_-6251,operateur,manquant,gardé,A8,aucun sur le nombre de lieux,opérateur non renseigné,03_points
AN00547,D5,_mview_tel_agents_mobile_money.fid-7111a9c0_193dfd882bb_-624f,operateur,manquant,gardé,A8,aucun sur le nombre de lieux,opérateur non renseigné,03_points
AN00548,D5,_mview_tel_agents_mobile_money.fid-7111a9c0_193dfd882bb_-623d,operateur,manquant,gardé,A8,aucun sur le nombre de lieux,opérateur non renseigné,03_points
AN00549,D5,_mview_tel_agents_mobile_money.fid-7111a9c0_193dfd882bb_-622a,operateur,manquant,gardé,A8,aucun sur le nombre de lieux,opérateur non renseigné,03_points
AN00550,D5,_mview_tel_agents_mobile_money.fid-7111a9c0_193dfd882bb_-6217,operateur,manquant,gardé,A8,aucun sur le nombre de lieux,opérateur non renseigné,03_points
AN00551,D5,_mview_tel_agents_mobile_money.fid-7111a9c0_193dfd882bb_-61f3,operateur,manquant,gardé,A8,aucun sur le nombre de lieux,opérateur non renseigné,03_points
AN00552,D5,_mview_tel_agents_mobile_money.fid-7111a9c0_193dfd882bb_-61ea,operateur,manquant,gardé,A8,aucun sur le nombre de lieux,opérateur non renseigné,03_points
AN00553,D5,_mview_tel_agents_mobile_money.fid-7111a9c0_193dfd882bb_-61c5,operateur,manquant,gardé,A8,aucun sur le nombre de lieux,opérateur non renseigné,03_points
AN00554,D5,_mview_tel_agents_mobile_money.fid-7111a9c0_193dfd882bb_-61c4,operateur,manquant,gardé,A8,aucun sur le nombre de lieux,opérateur non renseigné,03_points
AN00555,D5,_mview_tel_agents_mobile_money.fid-7111a9c0_193dfd882bb_-61b1,operateur,manquant,gardé,A8,aucun sur le nombre de lieux,opérateur non renseigné,03_points
AN00556,D5,_mview_tel_agents_mobile_money.fid-7111a9c0_193dfd882bb_-6183,operateur,manquant,gardé,A8,aucun sur le nombre de lieux,opérateur non renseigné,03_points
AN00557,D5,_mview_tel_agents_mobile_money.fid-7111a9c0_193dfd882bb_-6175,operateur,manquant,gardé,A8,aucun sur le nombre de lieux,opérateur non renseigné,03_points
AN00558,D5,_mview_tel_agents_mobile_money.fid-7111a9c0_193dfd882bb_-616c,operateur,manquant,gardé,A8,aucun sur le nombre de lieux,opérateur non renseigné,03_points
AN00559,D5,_mview_tel_agents_mobile_money.fid-7111a9c0_193dfd882bb_-616b,operateur,manquant,gardé,A8,aucun sur le nombre de lieux,opérateur non renseigné,03_points
AN00560,D5,_mview_tel_agents_mobile_money.fid-7111a9c0_193dfd882bb_-615d,operateur,manquant,gardé,A8,aucun sur le nombre de lieux,opérateur non renseigné,03_points
AN00561,D5,_mview_tel_agents_mobile_money.fid-7111a9c0_193dfd882bb_-6136,operateur,manquant,gardé,A8,aucun sur le nombre de lieux,opérateur non renseigné,03_points
AN00562,D5,_mview_tel_agents_mobile_money.fid-7111a9c0_193dfd882bb_-612b,operateur,manquant,gardé,A8,aucun sur le nombre de lieux,opérateur non renseigné,03_points
AN00563,D5,_mview_tel_agents_mobile_money.fid-7111a9c0_193dfd882bb_-611d,operateur,manquant,gardé,A8,aucun sur le nombre de lieux,opérateur non renseigné,03_points
AN00564,D5,_mview_tel_agents_mobile_money.fid-7111a9c0_193dfd882bb_-6115,operateur,manquant,gardé,A8,aucun sur le nombre de lieux,opérateur non renseigné,03_points
AN00565,D5,_mview_tel_agents_mobile_money.fid-7111a9c0_193dfd882bb_-6111,operateur,manquant,gardé,A8,aucun sur le nombre de lieux,opérateur non renseigné,03_points
AN00566,D5,_mview_tel_agents_mobile_money.fid-7111a9c0_193dfd882bb_-610e,operateur,manquant,gardé,A8,aucun sur le nombre de lieux,opérateur non renseigné,03_points
AN00567,D5,_mview_tel_agents_mobile_money.fid-7111a9c0_193dfd882bb_-610a,operateur,manquant,gardé,A8,aucun sur le nombre de lieux,opérateur non renseigné,03_points
AN00568,D5,_mview_tel_agents_mobile_money.fid-7111a9c0_193dfd882bb_-6105,operateur,manquant,gardé,A8,aucun sur le nombre de lieux,opérateur non renseigné,03_points
AN00569,D5,_mview_tel_agents_mobile_money.fid-7111a9c0_193dfd882bb_-60ff,operateur,manquant,gardé,A8,aucun sur le nombre de lieux,opérateur non renseigné,03_points
AN00570,D5,_mview_tel_agents_mobile_money.fid-7111a9c0_193dfd882bb_-60fd,operateur,manquant,gardé,A8,aucun sur le nombre de lieux,opérateur non renseigné,03_points
AN00571,D5,_mview_tel_agents_mobile_money.fid-7111a9c0_193dfd882bb_-60ee,operateur,manquant,gardé,A8,aucun sur le nombre de lieux,opérateur non renseigné,03_points
AN00572,D5,_mview_tel_agents_mobile_money.fid-7111a9c0_193dfd882bb_-60de,operateur,manquant,gardé,A8,aucun sur le nombre de lieux,opérateur non renseigné,03_points
AN00573,D5,_mview_tel_agents_mobile_money.fid-7111a9c0_193dfd882bb_-60d4,operateur,manquant,gardé,A8,aucun sur le nombre de lieux,opérateur non renseigné,03_points
AN00574,D5,_mview_tel_agents_mobile_money.fid-7111a9c0_193dfd882bb_-60b1,operateur,manquant,gardé,A8,aucun sur le nombre de lieux,opérateur non renseigné,03_points
AN00575,D5,_mview_tel_agents_mobile_money.fid-7111a9c0_193dfd882bb_-607e,operateur,manquant,gardé,A8,aucun sur le nombre de lieux,opérateur non renseigné,03_points
AN00576,D5,_mview_tel_agents_mobile_money.fid-7111a9c0_193dfd882bb_-607a,operateur,manquant,gardé,A8,aucun sur le nombre de lieux,opérateur non renseigné,03_points
AN00577,D5,_mview_tel_agents_mobile_money.fid-7111a9c0_193dfd882bb_-605f,operateur,manquant,gardé,A8,aucun sur le nombre de lieux,opérateur non renseigné,03_points
AN00578,D5,_mview_tel_agents_mobile_money.fid-7111a9c0_193dfd882bb_-604f,operateur,manquant,gardé,A8,aucun sur le nombre de lieux,opérateur non renseigné,03_points
AN00579,D5,_mview_tel_agents_mobile_money.fid-7111a9c0_193dfd882bb_-6047,operateur,manquant,gardé,A8,aucun sur le nombre de lieux,opérateur non renseigné,03_points
AN00580,D5,_mview_tel_agents_mobile_money.fid-7111a9c0_193dfd882bb_-6034,operateur,manquant,gardé,A8,aucun sur le nombre de lieux,opérateur non renseigné,03_points
AN00581,D5,_mview_tel_agents_mobile_money.fid-7111a9c0_193dfd882bb_-6030,operateur,manquant,gardé,A8,aucun sur le nombre de lieux,opérateur non renseigné,03_points
AN00582,D5,_mview_tel_agents_mobile_money.fid-7111a9c0_193dfd882bb_-600a,operateur,manquant,gardé,A8,aucun sur le nombre de lieux,opérateur non renseigné,03_points
AN00583,D5,_mview_tel_agents_mobile_money.fid-7111a9c0_193dfd882bb_-5fef,operateur,manquant,gardé,A8,aucun sur le nombre de lieux,opérateur non renseigné,03_points
AN00584,D5,_mview_tel_agents_mobile_money.fid-7111a9c0_193dfd882bb_-5fea,operateur,manquant,gardé,A8,aucun sur le nombre de lieux,opérateur non renseigné,03_points
AN00585,D5,_mview_tel_agents_mobile_money.fid-7111a9c0_193dfd882bb_-5fe2,operateur,manquant,gardé,A8,aucun sur le nombre de lieux,opérateur non renseigné,03_points
AN00586,D5,_mview_tel_agents_mobile_money.fid-7111a9c0_193dfd882bb_-5fd5,operateur,manquant,gardé,A8,aucun sur le nombre de lieux,opérateur non renseigné,03_points
AN00587,D5,_mview_tel_agents_mobile_money.fid-7111a9c0_193dfd882bb_-5fd1,operateur,manquant,gardé,A8,aucun sur le nombre de lieux,opérateur non renseigné,03_points
AN00588,D5,_mview_tel_agents_mobile_money.fid-7111a9c0_193dfd882bb_-5fd0,operateur,manquant,gardé,A8,aucun sur le nombre de lieux,opérateur non renseigné,03_points
AN00589,D5,_mview_tel_agents_mobile_money.fid-7111a9c0_193dfd882bb_-5fcf,operateur,manquant,gardé,A8,aucun sur le nombre de lieux,opérateur non renseigné,03_points
AN00590,D5,_mview_tel_agents_mobile_money.fid-7111a9c0_193dfd882bb_-5fcb,operateur,manquant,gardé,A8,aucun sur le nombre de lieux,opérateur non renseigné,03_points
AN00591,D5,_mview_tel_agents_mobile_money.fid-7111a9c0_193dfd882bb_-5f9c,operateur,manquant,gardé,A8,aucun sur le nombre de lieux,opérateur non renseigné,03_points
AN00592,D5,_mview_tel_agents_mobile_money.fid-7111a9c0_193dfd882bb_-5f51,operateur,manquant,gardé,A8,aucun sur le nombre de lieux,opérateur non renseigné,03_points
AN00593,D5,_mview_tel_agents_mobile_money.fid-7111a9c0_193dfd882bb_-5f32,operateur,manquant,gardé,A8,aucun sur le nombre de lieux,opérateur non renseigné,03_points
AN00594,D5,_mview_tel_agents_mobile_money.fid-7111a9c0_193dfd882bb_-5f31,operateur,manquant,gardé,A8,aucun sur le nombre de lieux,opérateur non renseigné,03_points
AN00595,D5,_mview_tel_agents_mobile_money.fid-7111a9c0_193dfd882bb_-5f27,operateur,manquant,gardé,A8,aucun sur le nombre de lieux,opérateur non renseigné,03_points
AN00596,D5,_mview_tel_agents_mobile_money.fid-7111a9c0_193dfd882bb_-5f13,operateur,manquant,gardé,A8,aucun sur le nombre de lieux,opérateur non renseigné,03_points
AN00597,D5,_mview_tel_agents_mobile_money.fid-7111a9c0_193dfd882bb_-5f0a,operateur,manquant,gardé,A8,aucun sur le nombre de lieux,opérateur non renseigné,03_points
AN00598,D5,_mview_tel_agents_mobile_money.fid-7111a9c0_193dfd882bb_-5ef6,operateur,manquant,gardé,A8,aucun sur le nombre de lieux,opérateur non renseigné,03_points
AN00599,D5,_mview_tel_agents_mobile_money.fid-7111a9c0_193dfd882bb_-5ee7,operateur,manquant,gardé,A8,aucun sur le nombre de lieux,opérateur non renseigné,03_points
AN00600,D5,_mview_tel_agents_mobile_money.fid-7111a9c0_193dfd882bb_-5ee2,operateur,manquant,gardé,A8,aucun sur le nombre de lieux,opérateur non renseigné,03_points
AN00601,D5,_mview_tel_agents_mobile_money.fid-7111a9c0_193dfd882bb_-5ed6,operateur,manquant,gardé,A8,aucun sur le nombre de lieux,opérateur non renseigné,03_points
AN00602,D5,_mview_tel_agents_mobile_money.fid-7111a9c0_193dfd882bb_-5ec4,operateur,manquant,gardé,A8,aucun sur le nombre de lieux,opérateur non renseigné,03_points
AN00603,D5,_mview_tel_agents_mobile_money.fid-7111a9c0_193dfd882bb_-5ebf,operateur,manquant,gardé,A8,aucun sur le nombre de lieux,opérateur non renseigné,03_points
AN00604,D5,_mview_tel_agents_mobile_money.fid-7111a9c0_193dfd882bb_-5eb4,operateur,manquant,gardé,A8,aucun sur le nombre de lieux,opérateur non renseigné,03_points
AN00605,D5,_mview_tel_agents_mobile_money.fid-7111a9c0_193dfd882bb_-5e9f,operateur,manquant,gardé,A8,aucun sur le nombre de lieux,opérateur non renseigné,03_points
AN00606,D5,_mview_tel_agents_mobile_money.fid-7111a9c0_193dfd882bb_-5e9c,operateur,manquant,gardé,A8,aucun sur le nombre de lieux,opérateur non renseigné,03_points
AN00607,D5,_mview_tel_agents_mobile_money.fid-7111a9c0_193dfd882bb_-5e92,operateur,manquant,gardé,A8,aucun sur le nombre de lieux,opérateur non renseigné,03_points
AN00608,D5,_mview_tel_agents_mobile_money.fid-7111a9c0_193dfd882bb_-5e60,operateur,manquant,gardé,A8,aucun sur le nombre de lieux,opérateur non renseigné,03_points
AN00609,D5,_mview_tel_agents_mobile_money.fid-7111a9c0_193dfd882bb_-5e54,operateur,manquant,gardé,A8,aucun sur le nombre de lieux,opérateur non renseigné,03_points
AN00610,D5,_mview_tel_agents_mobile_money.fid-7111a9c0_193dfd882bb_-5e4e,operateur,manquant,gardé,A8,aucun sur le nombre de lieux,opérateur non renseigné,03_points
AN00611,D5,_mview_tel_agents_mobile_money.fid-7111a9c0_193dfd882bb_-5e4d,operateur,manquant,gardé,A8,aucun sur le nombre de lieux,opérateur non renseigné,03_points
AN00612,D5,_mview_tel_agents_mobile_money.fid-7111a9c0_193dfd882bb_-5e4b,operateur,manquant,gardé,A8,aucun sur le nombre de lieux,opérateur non renseigné,03_points
AN00613,D5,_mview_tel_agents_mobile_money.fid-7111a9c0_193dfd882bb_-5e2d,operateur,manquant,gardé,A8,aucun sur le nombre de lieux,opérateur non renseigné,03_points
AN00614,D5,_mview_tel_agents_mobile_money.fid-7111a9c0_193dfd882bb_-5e20,operateur,manquant,gardé,A8,aucun sur le nombre de lieux,opérateur non renseigné,03_points
AN00615,D5,_mview_tel_agents_mobile_money.fid-7111a9c0_193dfd882bb_-5e02,operateur,manquant,gardé,A8,aucun sur le nombre de lieux,opérateur non renseigné,03_points
AN00616,D5,_mview_tel_agents_mobile_money.fid-7111a9c0_193dfd882bb_-5e01,operateur,manquant,gardé,A8,aucun sur le nombre de lieux,opérateur non renseigné,03_points
AN00617,D5,_mview_tel_agents_mobile_money.fid-7111a9c0_193dfd882bb_-5dfe,operateur,manquant,gardé,A8,aucun sur le nombre de lieux,opérateur non renseigné,03_points
AN00618,D5,_mview_tel_agents_mobile_money.fid-7111a9c0_193dfd882bb_-5dec,operateur,manquant,gardé,A8,aucun sur le nombre de lieux,opérateur non renseigné,03_points
AN00619,D5,_mview_tel_agents_mobile_money.fid-7111a9c0_193dfd882bb_-5de1,operateur,manquant,gardé,A8,aucun sur le nombre de lieux,opérateur non renseigné,03_points
AN00620,D5,_mview_tel_agents_mobile_money.fid-7111a9c0_193dfd882bb_-5ddf,operateur,manquant,gardé,A8,aucun sur le nombre de lieux,opérateur non renseigné,03_points
AN00621,D5,_mview_tel_agents_mobile_money.fid-7111a9c0_193dfd882bb_-5dd7,operateur,manquant,gardé,A8,aucun sur le nombre de lieux,opérateur non renseigné,03_points
AN00622,D5,_mview_tel_agents_mobile_money.fid-7111a9c0_193dfd882bb_-5dcb,operateur,manquant,gardé,A8,aucun sur le nombre de lieux,opérateur non renseigné,03_points
AN00623,D5,_mview_tel_agents_mobile_money.fid-7111a9c0_193dfd882bb_-5dc9,operateur,manquant,gardé,A8,aucun sur le nombre de lieux,opérateur non renseigné,03_points
AN00624,D5,_mview_tel_agents_mobile_money.fid-7111a9c0_193dfd882bb_-5daf,operateur,manquant,gardé,A8,aucun sur le nombre de lieux,opérateur non renseigné,03_points
AN00625,D5,_mview_tel_agents_mobile_money.fid-7111a9c0_193dfd882bb_-5da3,operateur,manquant,gardé,A8,aucun sur le nombre de lieux,opérateur non renseigné,03_points
AN00626,D5,_mview_tel_agents_mobile_money.fid-7111a9c0_193dfd882bb_-5d9d,operateur,manquant,gardé,A8,aucun sur le nombre de lieux,opérateur non renseigné,03_points
AN00627,D5,_mview_tel_agents_mobile_money.fid-7111a9c0_193dfd882bb_-5d9b,operateur,manquant,gardé,A8,aucun sur le nombre de lieux,opérateur non renseigné,03_points
AN00628,D5,_mview_tel_agents_mobile_money.fid-7111a9c0_193dfd882bb_-5d9a,operateur,manquant,gardé,A8,aucun sur le nombre de lieux,opérateur non renseigné,03_points
AN00629,D5,_mview_tel_agents_mobile_money.fid-7111a9c0_193dfd882bb_-5d99,operateur,manquant,gardé,A8,aucun sur le nombre de lieux,opérateur non renseigné,03_points
AN00630,D5,_mview_tel_agents_mobile_money.fid-7111a9c0_193dfd882bb_-5d98,operateur,manquant,gardé,A8,aucun sur le nombre de lieux,opérateur non renseigné,03_points
AN00631,D5,_mview_tel_agents_mobile_money.fid-7111a9c0_193dfd882bb_-5d96,operateur,manquant,gardé,A8,aucun sur le nombre de lieux,opérateur non renseigné,03_points
AN00632,D5,_mview_tel_agents_mobile_money.fid-7111a9c0_193dfd882bb_-5d95,operateur,manquant,gardé,A8,aucun sur le nombre de lieux,opérateur non renseigné,03_points
AN00633,D5,_mview_tel_agents_mobile_money.fid-7111a9c0_193dfd882bb_-5d94,operateur,manquant,gardé,A8,aucun sur le nombre de lieux,opérateur non renseigné,03_points
AN00634,D5,_mview_tel_agents_mobile_money.fid-7111a9c0_193dfd882bb_-5d93,operateur,manquant,gardé,A8,aucun sur le nombre de lieux,opérateur non renseigné,03_points
AN00635,D5,_mview_tel_agents_mobile_money.fid-7111a9c0_193dfd882bb_-5d92,operateur,manquant,gardé,A8,aucun sur le nombre de lieux,opérateur non renseigné,03_points
AN00636,D5,_mview_tel_agents_mobile_money.fid-7111a9c0_193dfd882bb_-5d91,operateur,manquant,gardé,A8,aucun sur le nombre de lieux,opérateur non renseigné,03_points
AN00637,D5,_mview_tel_agents_mobile_money.fid-7111a9c0_193dfd882bb_-5d90,operateur,manquant,gardé,A8,aucun sur le nombre de lieux,opérateur non renseigné,03_points
AN00638,D5,_mview_tel_agents_mobile_money.fid-7111a9c0_193dfd882bb_-5d8f,operateur,manquant,gardé,A8,aucun sur le nombre de lieux,opérateur non renseigné,03_points
AN00639,D5,_mview_tel_agents_mobile_money.fid-7111a9c0_193dfd882bb_-5d8e,operateur,manquant,gardé,A8,aucun sur le nombre de lieux,opérateur non renseigné,03_points
AN00640,D5,_mview_tel_agents_mobile_money.fid-7111a9c0_193dfd882bb_-5d8d,operateur,manquant,gardé,A8,aucun sur le nombre de lieux,opérateur non renseigné,03_points
AN00641,D5,_mview_tel_agents_mobile_money.fid-7111a9c0_193dfd882bb_-5d88,operateur,manquant,gardé,A8,aucun sur le nombre de lieux,opérateur non renseigné,03_points
AN00642,D5,_mview_tel_agents_mobile_money.fid-7111a9c0_193dfd882bb_-5d87,operateur,manquant,gardé,A8,aucun sur le nombre de lieux,opérateur non renseigné,03_points
AN00643,D5,_mview_tel_agents_mobile_money.fid-7111a9c0_193dfd882bb_-5d84,operateur,manquant,gardé,A8,aucun sur le nombre de lieux,opérateur non renseigné,03_points
AN00644,D5,_mview_tel_agents_mobile_money.fid-7111a9c0_193dfd882bb_-5d81,operateur,manquant,gardé,A8,aucun sur le nombre de lieux,opérateur non renseigné,03_points
AN00645,D5,_mview_tel_agents_mobile_money.fid-7111a9c0_193dfd882bb_-5d71,operateur,manquant,gardé,A8,aucun sur le nombre de lieux,opérateur non renseigné,03_points
AN00646,D5,_mview_tel_agents_mobile_money.fid-7111a9c0_193dfd882bb_-5d6f,operateur,manquant,gardé,A8,aucun sur le nombre de lieux,opérateur non renseigné,03_points
AN00647,D5,_mview_tel_agents_mobile_money.fid-7111a9c0_193dfd882bb_-5d6d,operateur,manquant,gardé,A8,aucun sur le nombre de lieux,opérateur non renseigné,03_points
AN00648,D5,_mview_tel_agents_mobile_money.fid-7111a9c0_193dfd882bb_-5d6c,operateur,manquant,gardé,A8,aucun sur le nombre de lieux,opérateur non renseigné,03_points
AN00649,D5,_mview_tel_agents_mobile_money.fid-7111a9c0_193dfd882bb_-5d6b,operateur,manquant,gardé,A8,aucun sur le nombre de lieux,opérateur non renseigné,03_points
AN00650,D5,_mview_tel_agents_mobile_money.fid-7111a9c0_193dfd882bb_-5d6a,operateur,manquant,gardé,A8,aucun sur le nombre de lieux,opérateur non renseigné,03_points
AN00651,D5,_mview_tel_agents_mobile_money.fid-7111a9c0_193dfd882bb_-5d69,operateur,manquant,gardé,A8,aucun sur le nombre de lieux,opérateur non renseigné,03_points
AN00652,D5,_mview_tel_agents_mobile_money.fid-7111a9c0_193dfd882bb_-5d67,operateur,manquant,gardé,A8,aucun sur le nombre de lieux,opérateur non renseigné,03_points
AN00653,D5,_mview_tel_agents_mobile_money.fid-7111a9c0_193dfd882bb_-5d66,operateur,manquant,gardé,A8,aucun sur le nombre de lieux,opérateur non renseigné,03_points
AN00654,D5,_mview_tel_agents_mobile_money.fid-7111a9c0_193dfd882bb_-5d65,operateur,manquant,gardé,A8,aucun sur le nombre de lieux,opérateur non renseigné,03_points
AN00655,D5,_mview_tel_agents_mobile_money.fid-7111a9c0_193dfd882bb_-5d64,operateur,manquant,gardé,A8,aucun sur le nombre de lieux,opérateur non renseigné,03_points
AN00656,D5,_mview_tel_agents_mobile_money.fid-7111a9c0_193dfd882bb_-5d62,operateur,manquant,gardé,A8,aucun sur le nombre de lieux,opérateur non renseigné,03_points
AN00657,D5,_mview_tel_agents_mobile_money.fid-7111a9c0_193dfd882bb_-5d61,operateur,manquant,gardé,A8,aucun sur le nombre de lieux,opérateur non renseigné,03_points
AN00658,D5,_mview_tel_agents_mobile_money.fid-7111a9c0_193dfd882bb_-5d60,operateur,manquant,gardé,A8,aucun sur le nombre de lieux,opérateur non renseigné,03_points
AN00659,D5,_mview_tel_agents_mobile_money.fid-7111a9c0_193dfd882bb_-5d5c,operateur,manquant,gardé,A8,aucun sur le nombre de lieux,opérateur non renseigné,03_points
AN00660,D5,_mview_tel_agents_mobile_money.fid-7111a9c0_193dfd882bb_-5d5b,operateur,manquant,gardé,A8,aucun sur le nombre de lieux,opérateur non renseigné,03_points
AN00661,D5,_mview_tel_agents_mobile_money.fid-7111a9c0_193dfd882bb_-5d58,operateur,manquant,gardé,A8,aucun sur le nombre de lieux,opérateur non renseigné,03_points
AN00662,D5,_mview_tel_agents_mobile_money.fid-7111a9c0_193dfd882bb_-5d57,operateur,manquant,gardé,A8,aucun sur le nombre de lieux,opérateur non renseigné,03_points
AN00663,D5,_mview_tel_agents_mobile_money.fid-7111a9c0_193dfd882bb_-5d54,operateur,manquant,gardé,A8,aucun sur le nombre de lieux,opérateur non renseigné,03_points
AN00664,D5,_mview_tel_agents_mobile_money.fid-7111a9c0_193dfd882bb_-5d52,operateur,manquant,gardé,A8,aucun sur le nombre de lieux,opérateur non renseigné,03_points
AN00665,D5,_mview_tel_agents_mobile_money.fid-7111a9c0_193dfd882bb_-5d4f,operateur,manquant,gardé,A8,aucun sur le nombre de lieux,opérateur non renseigné,03_points
AN00666,D5,_mview_tel_agents_mobile_money.fid-7111a9c0_193dfd882bb_-5d4d,operateur,manquant,gardé,A8,aucun sur le nombre de lieux,opérateur non renseigné,03_points
AN00667,D5,_mview_tel_agents_mobile_money.fid-7111a9c0_193dfd882bb_-5d4b,operateur,manquant,gardé,A8,aucun sur le nombre de lieux,opérateur non renseigné,03_points
AN00668,D5,_mview_tel_agents_mobile_money.fid-7111a9c0_193dfd882bb_-5d4a,operateur,manquant,gardé,A8,aucun sur le nombre de lieux,opérateur non renseigné,03_points
AN00669,D5,_mview_tel_agents_mobile_money.fid-7111a9c0_193dfd882bb_-5d49,operateur,manquant,gardé,A8,aucun sur le nombre de lieux,opérateur non renseigné,03_points
AN00670,D5,_mview_tel_agents_mobile_money.fid-7111a9c0_193dfd882bb_-5d47,operateur,manquant,gardé,A8,aucun sur le nombre de lieux,opérateur non renseigné,03_points
AN00671,D5,_mview_tel_agents_mobile_money.fid-7111a9c0_193dfd882bb_-5d46,operateur,manquant,gardé,A8,aucun sur le nombre de lieux,opérateur non renseigné,03_points
AN00672,D5,_mview_tel_agents_mobile_money.fid-7111a9c0_193dfd882bb_-5d44,operateur,manquant,gardé,A8,aucun sur le nombre de lieux,opérateur non renseigné,03_points
AN00673,D5,_mview_tel_agents_mobile_money.fid-7111a9c0_193dfd882bb_-5d43,operateur,manquant,gardé,A8,aucun sur le nombre de lieux,opérateur non renseigné,03_points
AN00674,D5,_mview_tel_agents_mobile_money.fid-7111a9c0_193dfd882bb_-5d42,operateur,manquant,gardé,A8,aucun sur le nombre de lieux,opérateur non renseigné,03_points
AN00675,D5,_mview_tel_agents_mobile_money.fid-7111a9c0_193dfd882bb_-5d41,operateur,manquant,gardé,A8,aucun sur le nombre de lieux,opérateur non renseigné,03_points
AN00676,D5,_mview_tel_agents_mobile_money.fid-7111a9c0_193dfd882bb_-5d40,operateur,manquant,gardé,A8,aucun sur le nombre de lieux,opérateur non renseigné,03_points
AN00677,D5,_mview_tel_agents_mobile_money.fid-7111a9c0_193dfd882bb_-5d3f,operateur,manquant,gardé,A8,aucun sur le nombre de lieux,opérateur non renseigné,03_points
AN00678,D5,_mview_tel_agents_mobile_money.fid-7111a9c0_193dfd882bb_-5d3d,operateur,manquant,gardé,A8,aucun sur le nombre de lieux,opérateur non renseigné,03_points
AN00679,D5,_mview_tel_agents_mobile_money.fid-7111a9c0_193dfd882bb_-5d3b,operateur,manquant,gardé,A8,aucun sur le nombre de lieux,opérateur non renseigné,03_points
AN00680,D5,_mview_tel_agents_mobile_money.fid-7111a9c0_193dfd882bb_-5d39,operateur,manquant,gardé,A8,aucun sur le nombre de lieux,opérateur non renseigné,03_points
AN00681,D5,_mview_tel_agents_mobile_money.fid-7111a9c0_193dfd882bb_-5d38,operateur,manquant,gardé,A8,aucun sur le nombre de lieux,opérateur non renseigné,03_points
AN00682,D5,_mview_tel_agents_mobile_money.fid-7111a9c0_193dfd882bb_-5d30,operateur,manquant,gardé,A8,aucun sur le nombre de lieux,opérateur non renseigné,03_points
AN00683,D5,_mview_tel_agents_mobile_money.fid-7111a9c0_193dfd882bb_-5d2d,operateur,manquant,gardé,A8,aucun sur le nombre de lieux,opérateur non renseigné,03_points
AN00684,D5,_mview_tel_agents_mobile_money.fid-7111a9c0_193dfd882bb_-5d2c,operateur,manquant,gardé,A8,aucun sur le nombre de lieux,opérateur non renseigné,03_points
AN00685,D5,_mview_tel_agents_mobile_money.fid-7111a9c0_193dfd882bb_-5d29,operateur,manquant,gardé,A8,aucun sur le nombre de lieux,opérateur non renseigné,03_points
AN00686,D5,_mview_tel_agents_mobile_money.fid-7111a9c0_193dfd882bb_-5d26,operateur,manquant,gardé,A8,aucun sur le nombre de lieux,opérateur non renseigné,03_points
AN00687,D5,_mview_tel_agents_mobile_money.fid-7111a9c0_193dfd882bb_-5d25,operateur,manquant,gardé,A8,aucun sur le nombre de lieux,opérateur non renseigné,03_points
AN00688,D5,_mview_tel_agents_mobile_money.fid-7111a9c0_193dfd882bb_-5d22,operateur,manquant,gardé,A8,aucun sur le nombre de lieux,opérateur non renseigné,03_points
AN00689,D5,_mview_tel_agents_mobile_money.fid-7111a9c0_193dfd882bb_-5d21,operateur,manquant,gardé,A8,aucun sur le nombre de lieux,opérateur non renseigné,03_points
AN00690,D5,_mview_tel_agents_mobile_money.fid-7111a9c0_193dfd882bb_-5d20,operateur,manquant,gardé,A8,aucun sur le nombre de lieux,opérateur non renseigné,03_points
AN00691,D5,_mview_tel_agents_mobile_money.fid-7111a9c0_193dfd882bb_-5d1e,operateur,manquant,gardé,A8,aucun sur le nombre de lieux,opérateur non renseigné,03_points
AN00692,D5,_mview_tel_agents_mobile_money.fid-7111a9c0_193dfd882bb_-5d1c,operateur,manquant,gardé,A8,aucun sur le nombre de lieux,opérateur non renseigné,03_points
AN00693,D5,_mview_tel_agents_mobile_money.fid-7111a9c0_193dfd882bb_-5d1b,operateur,manquant,gardé,A8,aucun sur le nombre de lieux,opérateur non renseigné,03_points
AN00694,D5,_mview_tel_agents_mobile_money.fid-7111a9c0_193dfd882bb_-5d1a,operateur,manquant,gardé,A8,aucun sur le nombre de lieux,opérateur non renseigné,03_points
AN00695,D5,_mview_tel_agents_mobile_money.fid-7111a9c0_193dfd882bb_-5d19,operateur,manquant,gardé,A8,aucun sur le nombre de lieux,opérateur non renseigné,03_points
AN00696,D5,_mview_tel_agents_mobile_money.fid-7111a9c0_193dfd882bb_-5d18,operateur,manquant,gardé,A8,aucun sur le nombre de lieux,opérateur non renseigné,03_points
AN00697,D5,_mview_tel_agents_mobile_money.fid-7111a9c0_193dfd882bb_-5d15,operateur,manquant,gardé,A8,aucun sur le nombre de lieux,opérateur non renseigné,03_points
AN00698,D5,_mview_tel_agents_mobile_money.fid-7111a9c0_193dfd882bb_-5d13,operateur,manquant,gardé,A8,aucun sur le nombre de lieux,opérateur non renseigné,03_points
AN00699,D5,_mview_tel_agents_mobile_money.fid-7111a9c0_193dfd882bb_-5d11,operateur,manquant,gardé,A8,aucun sur le nombre de lieux,opérateur non renseigné,03_points
AN00700,D5,_mview_tel_agents_mobile_money.fid-7111a9c0_193dfd882bb_-5d10,operateur,manquant,gardé,A8,aucun sur le nombre de lieux,opérateur non renseigné,03_points
AN00701,D5,_mview_tel_agents_mobile_money.fid-7111a9c0_193dfd882bb_-5d0e,operateur,manquant,gardé,A8,aucun sur le nombre de lieux,opérateur non renseigné,03_points
AN00702,D5,_mview_tel_agents_mobile_money.fid-7111a9c0_193dfd882bb_-5d0d,operateur,manquant,gardé,A8,aucun sur le nombre de lieux,opérateur non renseigné,03_points
AN00703,D5,_mview_tel_agents_mobile_money.fid-7111a9c0_193dfd882bb_-5d0c,operateur,manquant,gardé,A8,aucun sur le nombre de lieux,opérateur non renseigné,03_points
AN00704,D5,_mview_tel_agents_mobile_money.fid-7111a9c0_193dfd882bb_-5d0b,operateur,manquant,gardé,A8,aucun sur le nombre de lieux,opérateur non renseigné,03_points
AN00705,D5,_mview_tel_agents_mobile_money.fid-7111a9c0_193dfd882bb_-5d08,operateur,manquant,gardé,A8,aucun sur le nombre de lieux,opérateur non renseigné,03_points
AN00706,D5,_mview_tel_agents_mobile_money.fid-7111a9c0_193dfd882bb_-5d06,operateur,manquant,gardé,A8,aucun sur le nombre de lieux,opérateur non renseigné,03_points
AN00707,D5,_mview_tel_agents_mobile_money.fid-7111a9c0_193dfd882bb_-5d04,operateur,manquant,gardé,A8,aucun sur le nombre de lieux,opérateur non renseigné,03_points
AN00708,D5,_mview_tel_agents_mobile_money.fid-7111a9c0_193dfd882bb_-5d03,operateur,manquant,gardé,A8,aucun sur le nombre de lieux,opérateur non renseigné,03_points
AN00709,D5,_mview_tel_agents_mobile_money.fid-7111a9c0_193dfd882bb_-5d00,operateur,manquant,gardé,A8,aucun sur le nombre de lieux,opérateur non renseigné,03_points
AN00710,D5,_mview_tel_agents_mobile_money.fid-7111a9c0_193dfd882bb_-5cff,operateur,manquant,gardé,A8,aucun sur le nombre de lieux,opérateur non renseigné,03_points
AN00711,D5,_mview_tel_agents_mobile_money.fid-7111a9c0_193dfd882bb_-5cfd,operateur,manquant,gardé,A8,aucun sur le nombre de lieux,opérateur non renseigné,03_points
AN00712,D5,_mview_tel_agents_mobile_money.fid-7111a9c0_193dfd882bb_-5cfb,operateur,manquant,gardé,A8,aucun sur le nombre de lieux,opérateur non renseigné,03_points
AN00713,D5,_mview_tel_agents_mobile_money.fid-7111a9c0_193dfd882bb_-5cf8,operateur,manquant,gardé,A8,aucun sur le nombre de lieux,opérateur non renseigné,03_points
AN00714,D5,_mview_tel_agents_mobile_money.fid-7111a9c0_193dfd882bb_-5cf6,operateur,manquant,gardé,A8,aucun sur le nombre de lieux,opérateur non renseigné,03_points
AN00715,D5,_mview_tel_agents_mobile_money.fid-7111a9c0_193dfd882bb_-5cf5,operateur,manquant,gardé,A8,aucun sur le nombre de lieux,opérateur non renseigné,03_points
AN00716,D5,_mview_tel_agents_mobile_money.fid-7111a9c0_193dfd882bb_-5cf4,operateur,manquant,gardé,A8,aucun sur le nombre de lieux,opérateur non renseigné,03_points
AN00717,D5,_mview_tel_agents_mobile_money.fid-7111a9c0_193dfd882bb_-5cf3,operateur,manquant,gardé,A8,aucun sur le nombre de lieux,opérateur non renseigné,03_points
AN00718,D5,_mview_tel_agents_mobile_money.fid-7111a9c0_193dfd882bb_-5cf2,operateur,manquant,gardé,A8,aucun sur le nombre de lieux,opérateur non renseigné,03_points
AN00719,D5,_mview_tel_agents_mobile_money.fid-7111a9c0_193dfd882bb_-5cf1,operateur,manquant,gardé,A8,aucun sur le nombre de lieux,opérateur non renseigné,03_points
AN00720,D5,_mview_tel_agents_mobile_money.fid-7111a9c0_193dfd882bb_-5cf0,operateur,manquant,gardé,A8,aucun sur le nombre de lieux,opérateur non renseigné,03_points
AN00721,D5,_mview_tel_agents_mobile_money.fid-7111a9c0_193dfd882bb_-5cef,operateur,manquant,gardé,A8,aucun sur le nombre de lieux,opérateur non renseigné,03_points
AN00722,D5,_mview_tel_agents_mobile_money.fid-7111a9c0_193dfd882bb_-5cec,operateur,manquant,gardé,A8,aucun sur le nombre de lieux,opérateur non renseigné,03_points
AN00723,D5,_mview_tel_agents_mobile_money.fid-7111a9c0_193dfd882bb_-5ceb,operateur,manquant,gardé,A8,aucun sur le nombre de lieux,opérateur non renseigné,03_points
AN00724,D5,_mview_tel_agents_mobile_money.fid-7111a9c0_193dfd882bb_-5cea,operateur,manquant,gardé,A8,aucun sur le nombre de lieux,opérateur non renseigné,03_points
AN00725,D5,_mview_tel_agents_mobile_money.fid-7111a9c0_193dfd882bb_-5ce9,operateur,manquant,gardé,A8,aucun sur le nombre de lieux,opérateur non renseigné,03_points
AN00726,D5,_mview_tel_agents_mobile_money.fid-7111a9c0_193dfd882bb_-5ce8,operateur,manquant,gardé,A8,aucun sur le nombre de lieux,opérateur non renseigné,03_points
AN00727,D5,_mview_tel_agents_mobile_money.fid-7111a9c0_193dfd882bb_-5ce7,operateur,manquant,gardé,A8,aucun sur le nombre de lieux,opérateur non renseigné,03_points
AN00728,D5,_mview_tel_agents_mobile_money.fid-7111a9c0_193dfd882bb_-5ce2,operateur,manquant,gardé,A8,aucun sur le nombre de lieux,opérateur non renseigné,03_points
AN00729,D5,_mview_tel_agents_mobile_money.fid-7111a9c0_193dfd882bb_-5ce0,operateur,manquant,gardé,A8,aucun sur le nombre de lieux,opérateur non renseigné,03_points
AN00730,D5,_mview_tel_agents_mobile_money.fid-7111a9c0_193dfd882bb_-5cdd,operateur,manquant,gardé,A8,aucun sur le nombre de lieux,opérateur non renseigné,03_points
AN00731,D5,_mview_tel_agents_mobile_money.fid-7111a9c0_193dfd882bb_-5cdb,operateur,manquant,gardé,A8,aucun sur le nombre de lieux,opérateur non renseigné,03_points
AN00732,D5,_mview_tel_agents_mobile_money.fid-7111a9c0_193dfd882bb_-5ccc,operateur,manquant,gardé,A8,aucun sur le nombre de lieux,opérateur non renseigné,03_points
AN00733,D5,_mview_tel_agents_mobile_money.fid-7111a9c0_193dfd882bb_-5ccb,operateur,manquant,gardé,A8,aucun sur le nombre de lieux,opérateur non renseigné,03_points
AN00734,D5,_mview_tel_agents_mobile_money.fid-7111a9c0_193dfd882bb_-5cca,operateur,manquant,gardé,A8,aucun sur le nombre de lieux,opérateur non renseigné,03_points
AN00735,D5,_mview_tel_agents_mobile_money.fid-7111a9c0_193dfd882bb_-5cc9,operateur,manquant,gardé,A8,aucun sur le nombre de lieux,opérateur non renseigné,03_points
AN00736,D5,_mview_tel_agents_mobile_money.fid-7111a9c0_193dfd882bb_-5cc8,operateur,manquant,gardé,A8,aucun sur le nombre de lieux,opérateur non renseigné,03_points
AN00737,D5,_mview_tel_agents_mobile_money.fid-7111a9c0_193dfd882bb_-5cc7,operateur,manquant,gardé,A8,aucun sur le nombre de lieux,opérateur non renseigné,03_points
AN00738,D5,_mview_tel_agents_mobile_money.fid-7111a9c0_193dfd882bb_-5cc4,operateur,manquant,gardé,A8,aucun sur le nombre de lieux,opérateur non renseigné,03_points
AN00739,D5,_mview_tel_agents_mobile_money.fid-7111a9c0_193dfd882bb_-5cc3,operateur,manquant,gardé,A8,aucun sur le nombre de lieux,opérateur non renseigné,03_points
AN00740,D5,_mview_tel_agents_mobile_money.fid-7111a9c0_193dfd882bb_-5cc1,operateur,manquant,gardé,A8,aucun sur le nombre de lieux,opérateur non renseigné,03_points
AN00741,D5,_mview_tel_agents_mobile_money.fid-7111a9c0_193dfd882bb_-5cbe,operateur,manquant,gardé,A8,aucun sur le nombre de lieux,opérateur non renseigné,03_points
AN00742,D5,_mview_tel_agents_mobile_money.fid-7111a9c0_193dfd882bb_-5cbd,operateur,manquant,gardé,A8,aucun sur le nombre de lieux,opérateur non renseigné,03_points
AN00743,D5,_mview_tel_agents_mobile_money.fid-7111a9c0_193dfd882bb_-5cbb,operateur,manquant,gardé,A8,aucun sur le nombre de lieux,opérateur non renseigné,03_points
AN00744,D5,_mview_tel_agents_mobile_money.fid-7111a9c0_193dfd882bb_-5cb9,operateur,manquant,gardé,A8,aucun sur le nombre de lieux,opérateur non renseigné,03_points
AN00745,D5,_mview_tel_agents_mobile_money.fid-7111a9c0_193dfd882bb_-5cb4,operateur,manquant,gardé,A8,aucun sur le nombre de lieux,opérateur non renseigné,03_points
AN00746,D5,_mview_tel_agents_mobile_money.fid-7111a9c0_193dfd882bb_-5cb3,operateur,manquant,gardé,A8,aucun sur le nombre de lieux,opérateur non renseigné,03_points
AN00747,D5,_mview_tel_agents_mobile_money.fid-7111a9c0_193dfd882bb_-5cb2,operateur,manquant,gardé,A8,aucun sur le nombre de lieux,opérateur non renseigné,03_points
AN00748,D5,_mview_tel_agents_mobile_money.fid-7111a9c0_193dfd882bb_-5cb1,operateur,manquant,gardé,A8,aucun sur le nombre de lieux,opérateur non renseigné,03_points
AN00749,D5,_mview_tel_agents_mobile_money.fid-7111a9c0_193dfd882bb_-5caf,operateur,manquant,gardé,A8,aucun sur le nombre de lieux,opérateur non renseigné,03_points
AN00750,D5,_mview_tel_agents_mobile_money.fid-7111a9c0_193dfd882bb_-5cae,operateur,manquant,gardé,A8,aucun sur le nombre de lieux,opérateur non renseigné,03_points
AN00751,D5,_mview_tel_agents_mobile_money.fid-7111a9c0_193dfd882bb_-5cac,operateur,manquant,gardé,A8,aucun sur le nombre de lieux,opérateur non renseigné,03_points
AN00752,D5,_mview_tel_agents_mobile_money.fid-7111a9c0_193dfd882bb_-5cab,operateur,manquant,gardé,A8,aucun sur le nombre de lieux,opérateur non renseigné,03_points
AN00753,D5,_mview_tel_agents_mobile_money.fid-7111a9c0_193dfd882bb_-5ca9,operateur,manquant,gardé,A8,aucun sur le nombre de lieux,opérateur non renseigné,03_points
AN00754,D5,_mview_tel_agents_mobile_money.fid-7111a9c0_193dfd882bb_-5ca2,operateur,manquant,gardé,A8,aucun sur le nombre de lieux,opérateur non renseigné,03_points
AN00755,D5,_mview_tel_agents_mobile_money.fid-7111a9c0_193dfd882bb_-5ca0,operateur,manquant,gardé,A8,aucun sur le nombre de lieux,opérateur non renseigné,03_points
AN00756,D5,_mview_tel_agents_mobile_money.fid-7111a9c0_193dfd882bb_-5c9d,operateur,manquant,gardé,A8,aucun sur le nombre de lieux,opérateur non renseigné,03_points
AN00757,D5,_mview_tel_agents_mobile_money.fid-7111a9c0_193dfd882bb_-5c9c,operateur,manquant,gardé,A8,aucun sur le nombre de lieux,opérateur non renseigné,03_points
AN00758,D5,_mview_tel_agents_mobile_money.fid-7111a9c0_193dfd882bb_-5c97,operateur,manquant,gardé,A8,aucun sur le nombre de lieux,opérateur non renseigné,03_points
AN00759,D5,_mview_tel_agents_mobile_money.fid-7111a9c0_193dfd882bb_-5c92,operateur,manquant,gardé,A8,aucun sur le nombre de lieux,opérateur non renseigné,03_points
AN00760,D5,_mview_tel_agents_mobile_money.fid-7111a9c0_193dfd882bb_-5c90,operateur,manquant,gardé,A8,aucun sur le nombre de lieux,opérateur non renseigné,03_points
AN00761,D5,_mview_tel_agents_mobile_money.fid-7111a9c0_193dfd882bb_-5c8f,operateur,manquant,gardé,A8,aucun sur le nombre de lieux,opérateur non renseigné,03_points
AN00762,D5,_mview_tel_agents_mobile_money.fid-7111a9c0_193dfd882bb_-5c8e,operateur,manquant,gardé,A8,aucun sur le nombre de lieux,opérateur non renseigné,03_points
AN00763,D5,_mview_tel_agents_mobile_money.fid-7111a9c0_193dfd882bb_-5c8a,operateur,manquant,gardé,A8,aucun sur le nombre de lieux,opérateur non renseigné,03_points
AN00764,D5,_mview_tel_agents_mobile_money.fid-7111a9c0_193dfd882bb_-5c89,operateur,manquant,gardé,A8,aucun sur le nombre de lieux,opérateur non renseigné,03_points
AN00765,D5,_mview_tel_agents_mobile_money.fid-7111a9c0_193dfd882bb_-5c87,operateur,manquant,gardé,A8,aucun sur le nombre de lieux,opérateur non renseigné,03_points
AN00766,D5,_mview_tel_agents_mobile_money.fid-7111a9c0_193dfd882bb_-5c80,operateur,manquant,gardé,A8,aucun sur le nombre de lieux,opérateur non renseigné,03_points
AN00767,D5,_mview_tel_agents_mobile_money.fid-7111a9c0_193dfd882bb_-5c7f,operateur,manquant,gardé,A8,aucun sur le nombre de lieux,opérateur non renseigné,03_points
AN00768,D5,_mview_tel_agents_mobile_money.fid-7111a9c0_193dfd882bb_-5c7d,operateur,manquant,gardé,A8,aucun sur le nombre de lieux,opérateur non renseigné,03_points
AN00769,D5,_mview_tel_agents_mobile_money.fid-7111a9c0_193dfd882bb_-5c7c,operateur,manquant,gardé,A8,aucun sur le nombre de lieux,opérateur non renseigné,03_points
AN00770,D5,_mview_tel_agents_mobile_money.fid-7111a9c0_193dfd882bb_-5c7b,operateur,manquant,gardé,A8,aucun sur le nombre de lieux,opérateur non renseigné,03_points
AN00771,D5,_mview_tel_agents_mobile_money.fid-7111a9c0_193dfd882bb_-5c7a,operateur,manquant,gardé,A8,aucun sur le nombre de lieux,opérateur non renseigné,03_points
AN00772,D5,_mview_tel_agents_mobile_money.fid-7111a9c0_193dfd882bb_-5c79,operateur,manquant,gardé,A8,aucun sur le nombre de lieux,opérateur non renseigné,03_points
AN00773,D5,_mview_tel_agents_mobile_money.fid-7111a9c0_193dfd882bb_-5c77,operateur,manquant,gardé,A8,aucun sur le nombre de lieux,opérateur non renseigné,03_points
AN00774,D5,_mview_tel_agents_mobile_money.fid-7111a9c0_193dfd882bb_-5c75,operateur,manquant,gardé,A8,aucun sur le nombre de lieux,opérateur non renseigné,03_points
AN00775,D5,_mview_tel_agents_mobile_money.fid-7111a9c0_193dfd882bb_-5c73,operateur,manquant,gardé,A8,aucun sur le nombre de lieux,opérateur non renseigné,03_points
AN00776,D5,_mview_tel_agents_mobile_money.fid-7111a9c0_193dfd882bb_-5c6f,operateur,manquant,gardé,A8,aucun sur le nombre de lieux,opérateur non renseigné,03_points
AN00777,D5,_mview_tel_agents_mobile_money.fid-7111a9c0_193dfd882bb_-5c6e,operateur,manquant,gardé,A8,aucun sur le nombre de lieux,opérateur non renseigné,03_points
AN00778,D5,_mview_tel_agents_mobile_money.fid-7111a9c0_193dfd882bb_-5c6d,operateur,manquant,gardé,A8,aucun sur le nombre de lieux,opérateur non renseigné,03_points
AN00779,D5,_mview_tel_agents_mobile_money.fid-7111a9c0_193dfd882bb_-5c67,operateur,manquant,gardé,A8,aucun sur le nombre de lieux,opérateur non renseigné,03_points
AN00780,D5,_mview_tel_agents_mobile_money.fid-7111a9c0_193dfd882bb_-5c64,operateur,manquant,gardé,A8,aucun sur le nombre de lieux,opérateur non renseigné,03_points
AN00781,D5,_mview_tel_agents_mobile_money.fid-7111a9c0_193dfd882bb_-5c5a,operateur,manquant,gardé,A8,aucun sur le nombre de lieux,opérateur non renseigné,03_points
AN00782,D5,_mview_tel_agents_mobile_money.fid-7111a9c0_193dfd882bb_-5c55,operateur,manquant,gardé,A8,aucun sur le nombre de lieux,opérateur non renseigné,03_points
AN00783,D5,_mview_tel_agents_mobile_money.fid-7111a9c0_193dfd882bb_-5c54,operateur,manquant,gardé,A8,aucun sur le nombre de lieux,opérateur non renseigné,03_points
AN00784,D5,_mview_tel_agents_mobile_money.fid-7111a9c0_193dfd882bb_-5c52,operateur,manquant,gardé,A8,aucun sur le nombre de lieux,opérateur non renseigné,03_points
AN00785,D5,_mview_tel_agents_mobile_money.fid-7111a9c0_193dfd882bb_-5c51,operateur,manquant,gardé,A8,aucun sur le nombre de lieux,opérateur non renseigné,03_points
AN00786,D5,_mview_tel_agents_mobile_money.fid-7111a9c0_193dfd882bb_-5c49,operateur,manquant,gardé,A8,aucun sur le nombre de lieux,opérateur non renseigné,03_points
AN00787,D5,_mview_tel_agents_mobile_money.fid-7111a9c0_193dfd882bb_-5c44,operateur,manquant,gardé,A8,aucun sur le nombre de lieux,opérateur non renseigné,03_points
AN00788,D5,_mview_tel_agents_mobile_money.fid-7111a9c0_193dfd882bb_-5c43,operateur,manquant,gardé,A8,aucun sur le nombre de lieux,opérateur non renseigné,03_points
AN00789,D5,_mview_tel_agents_mobile_money.fid-7111a9c0_193dfd882bb_-5c42,operateur,manquant,gardé,A8,aucun sur le nombre de lieux,opérateur non renseigné,03_points
AN00790,D5,_mview_tel_agents_mobile_money.fid-7111a9c0_193dfd882bb_-5c3f,operateur,manquant,gardé,A8,aucun sur le nombre de lieux,opérateur non renseigné,03_points
AN00791,D5,_mview_tel_agents_mobile_money.fid-7111a9c0_193dfd882bb_-5c3e,operateur,manquant,gardé,A8,aucun sur le nombre de lieux,opérateur non renseigné,03_points
AN00792,D5,_mview_tel_agents_mobile_money.fid-7111a9c0_193dfd882bb_-5c33,operateur,manquant,gardé,A8,aucun sur le nombre de lieux,opérateur non renseigné,03_points
AN00793,D5,_mview_tel_agents_mobile_money.fid-7111a9c0_193dfd882bb_-5c32,operateur,manquant,gardé,A8,aucun sur le nombre de lieux,opérateur non renseigné,03_points
AN00794,D5,_mview_tel_agents_mobile_money.fid-7111a9c0_193dfd882bb_-5c31,operateur,manquant,gardé,A8,aucun sur le nombre de lieux,opérateur non renseigné,03_points
AN00795,D5,_mview_tel_agents_mobile_money.fid-7111a9c0_193dfd882bb_-5c27,operateur,manquant,gardé,A8,aucun sur le nombre de lieux,opérateur non renseigné,03_points
AN00796,D5,_mview_tel_agents_mobile_money.fid-7111a9c0_193dfd882bb_-5c1d,operateur,manquant,gardé,A8,aucun sur le nombre de lieux,opérateur non renseigné,03_points
AN00797,D5,_mview_tel_agents_mobile_money.fid-7111a9c0_193dfd882bb_-5c1a,operateur,manquant,gardé,A8,aucun sur le nombre de lieux,opérateur non renseigné,03_points
AN00798,D5,_mview_tel_agents_mobile_money.fid-7111a9c0_193dfd882bb_-5c18,operateur,manquant,gardé,A8,aucun sur le nombre de lieux,opérateur non renseigné,03_points
AN00799,D5,_mview_tel_agents_mobile_money.fid-7111a9c0_193dfd882bb_-5c16,operateur,manquant,gardé,A8,aucun sur le nombre de lieux,opérateur non renseigné,03_points
AN00800,D5,_mview_tel_agents_mobile_money.fid-7111a9c0_193dfd882bb_-5c13,operateur,manquant,gardé,A8,aucun sur le nombre de lieux,opérateur non renseigné,03_points
AN00801,D5,_mview_tel_agents_mobile_money.fid-7111a9c0_193dfd882bb_-5c12,operateur,manquant,gardé,A8,aucun sur le nombre de lieux,opérateur non renseigné,03_points
AN00802,D5,_mview_tel_agents_mobile_money.fid-7111a9c0_193dfd882bb_-5c11,operateur,manquant,gardé,A8,aucun sur le nombre de lieux,opérateur non renseigné,03_points
AN00803,D5,_mview_tel_agents_mobile_money.fid-7111a9c0_193dfd882bb_-5c10,operateur,manquant,gardé,A8,aucun sur le nombre de lieux,opérateur non renseigné,03_points
AN00804,D5,_mview_tel_agents_mobile_money.fid-7111a9c0_193dfd882bb_-5c0e,operateur,manquant,gardé,A8,aucun sur le nombre de lieux,opérateur non renseigné,03_points
AN00805,D5,_mview_tel_agents_mobile_money.fid-7111a9c0_193dfd882bb_-5c0c,operateur,manquant,gardé,A8,aucun sur le nombre de lieux,opérateur non renseigné,03_points
AN00806,D5,_mview_tel_agents_mobile_money.fid-7111a9c0_193dfd882bb_-5c0b,operateur,manquant,gardé,A8,aucun sur le nombre de lieux,opérateur non renseigné,03_points
AN00807,D5,_mview_tel_agents_mobile_money.fid-7111a9c0_193dfd882bb_-5c0a,operateur,manquant,gardé,A8,aucun sur le nombre de lieux,opérateur non renseigné,03_points
AN00808,D5,_mview_tel_agents_mobile_money.fid-7111a9c0_193dfd882bb_-5c09,operateur,manquant,gardé,A8,aucun sur le nombre de lieux,opérateur non renseigné,03_points
AN00809,D5,_mview_tel_agents_mobile_money.fid-7111a9c0_193dfd882bb_-5c08,operateur,manquant,gardé,A8,aucun sur le nombre de lieux,opérateur non renseigné,03_points
AN00810,D5,_mview_tel_agents_mobile_money.fid-7111a9c0_193dfd882bb_-5c07,operateur,manquant,gardé,A8,aucun sur le nombre de lieux,opérateur non renseigné,03_points
AN00811,D5,_mview_tel_agents_mobile_money.fid-7111a9c0_193dfd882bb_-5c06,operateur,manquant,gardé,A8,aucun sur le nombre de lieux,opérateur non renseigné,03_points
AN00812,D5,_mview_tel_agents_mobile_money.fid-7111a9c0_193dfd882bb_-5c05,operateur,manquant,gardé,A8,aucun sur le nombre de lieux,opérateur non renseigné,03_points
AN00813,D5,_mview_tel_agents_mobile_money.fid-7111a9c0_193dfd882bb_-5c03,operateur,manquant,gardé,A8,aucun sur le nombre de lieux,opérateur non renseigné,03_points
AN00814,D5,_mview_tel_agents_mobile_money.fid-7111a9c0_193dfd882bb_-5c02,operateur,manquant,gardé,A8,aucun sur le nombre de lieux,opérateur non renseigné,03_points
AN00815,D5,_mview_tel_agents_mobile_money.fid-7111a9c0_193dfd882bb_-5c00,operateur,manquant,gardé,A8,aucun sur le nombre de lieux,opérateur non renseigné,03_points
AN00816,D5,_mview_tel_agents_mobile_money.fid-7111a9c0_193dfd882bb_-5bff,operateur,manquant,gardé,A8,aucun sur le nombre de lieux,opérateur non renseigné,03_points
AN00817,D5,_mview_tel_agents_mobile_money.fid-7111a9c0_193dfd882bb_-5bfe,operateur,manquant,gardé,A8,aucun sur le nombre de lieux,opérateur non renseigné,03_points
AN00818,D5,_mview_tel_agents_mobile_money.fid-7111a9c0_193dfd882bb_-5bfd,operateur,manquant,gardé,A8,aucun sur le nombre de lieux,opérateur non renseigné,03_points
AN00819,D5,_mview_tel_agents_mobile_money.fid-7111a9c0_193dfd882bb_-5bfc,operateur,manquant,gardé,A8,aucun sur le nombre de lieux,opérateur non renseigné,03_points
AN00820,D5,_mview_tel_agents_mobile_money.fid-7111a9c0_193dfd882bb_-5bfb,operateur,manquant,gardé,A8,aucun sur le nombre de lieux,opérateur non renseigné,03_points
AN00821,D5,_mview_tel_agents_mobile_money.fid-7111a9c0_193dfd882bb_-5bfa,operateur,manquant,gardé,A8,aucun sur le nombre de lieux,opérateur non renseigné,03_points
AN00822,D5,_mview_tel_agents_mobile_money.fid-7111a9c0_193dfd882bb_-5bf9,operateur,manquant,gardé,A8,aucun sur le nombre de lieux,opérateur non renseigné,03_points
AN00823,D5,_mview_tel_agents_mobile_money.fid-7111a9c0_193dfd882bb_-5bf7,operateur,manquant,gardé,A8,aucun sur le nombre de lieux,opérateur non renseigné,03_points
AN00824,D5,_mview_tel_agents_mobile_money.fid-7111a9c0_193dfd882bb_-5bf6,operateur,manquant,gardé,A8,aucun sur le nombre de lieux,opérateur non renseigné,03_points
AN00825,D5,_mview_tel_agents_mobile_money.fid-7111a9c0_193dfd882bb_-5bf5,operateur,manquant,gardé,A8,aucun sur le nombre de lieux,opérateur non renseigné,03_points
AN00826,D5,_mview_tel_agents_mobile_money.fid-7111a9c0_193dfd882bb_-5bf4,operateur,manquant,gardé,A8,aucun sur le nombre de lieux,opérateur non renseigné,03_points
AN00827,D5,_mview_tel_agents_mobile_money.fid-7111a9c0_193dfd882bb_-5bf3,operateur,manquant,gardé,A8,aucun sur le nombre de lieux,opérateur non renseigné,03_points
AN00828,D5,_mview_tel_agents_mobile_money.fid-7111a9c0_193dfd882bb_-5bf2,operateur,manquant,gardé,A8,aucun sur le nombre de lieux,opérateur non renseigné,03_points
AN00829,D5,_mview_tel_agents_mobile_money.fid-7111a9c0_193dfd882bb_-5bf0,operateur,manquant,gardé,A8,aucun sur le nombre de lieux,opérateur non renseigné,03_points
AN00830,D5,_mview_tel_agents_mobile_money.fid-7111a9c0_193dfd882bb_-5bef,operateur,manquant,gardé,A8,aucun sur le nombre de lieux,opérateur non renseigné,03_points
AN00831,D5,_mview_tel_agents_mobile_money.fid-7111a9c0_193dfd882bb_-5bee,operateur,manquant,gardé,A8,aucun sur le nombre de lieux,opérateur non renseigné,03_points
AN00832,D5,_mview_tel_agents_mobile_money.fid-7111a9c0_193dfd882bb_-5bed,operateur,manquant,gardé,A8,aucun sur le nombre de lieux,opérateur non renseigné,03_points
AN00833,D5,_mview_tel_agents_mobile_money.fid-7111a9c0_193dfd882bb_-5bec,operateur,manquant,gardé,A8,aucun sur le nombre de lieux,opérateur non renseigné,03_points
AN00834,D5,_mview_tel_agents_mobile_money.fid-7111a9c0_193dfd882bb_-5bea,operateur,manquant,gardé,A8,aucun sur le nombre de lieux,opérateur non renseigné,03_points
AN00835,D5,_mview_tel_agents_mobile_money.fid-7111a9c0_193dfd882bb_-5be9,operateur,manquant,gardé,A8,aucun sur le nombre de lieux,opérateur non renseigné,03_points
AN00836,D5,_mview_tel_agents_mobile_money.fid-7111a9c0_193dfd882bb_-5be8,operateur,manquant,gardé,A8,aucun sur le nombre de lieux,opérateur non renseigné,03_points
AN00837,D5,_mview_tel_agents_mobile_money.fid-7111a9c0_193dfd882bb_-5be7,operateur,manquant,gardé,A8,aucun sur le nombre de lieux,opérateur non renseigné,03_points
AN00838,D5,_mview_tel_agents_mobile_money.fid-7111a9c0_193dfd882bb_-5be6,operateur,manquant,gardé,A8,aucun sur le nombre de lieux,opérateur non renseigné,03_points
AN00839,D5,_mview_tel_agents_mobile_money.fid-7111a9c0_193dfd882bb_-5be5,operateur,manquant,gardé,A8,aucun sur le nombre de lieux,opérateur non renseigné,03_points
AN00840,D5,_mview_tel_agents_mobile_money.fid-7111a9c0_193dfd882bb_-5be4,operateur,manquant,gardé,A8,aucun sur le nombre de lieux,opérateur non renseigné,03_points
AN00841,D5,_mview_tel_agents_mobile_money.fid-7111a9c0_193dfd882bb_-5be3,operateur,manquant,gardé,A8,aucun sur le nombre de lieux,opérateur non renseigné,03_points
AN00842,D5,_mview_tel_agents_mobile_money.fid-7111a9c0_193dfd882bb_-5be2,operateur,manquant,gardé,A8,aucun sur le nombre de lieux,opérateur non renseigné,03_points
AN00843,D5,_mview_tel_agents_mobile_money.fid-7111a9c0_193dfd882bb_-5be1,operateur,manquant,gardé,A8,aucun sur le nombre de lieux,opérateur non renseigné,03_points
AN00844,D5,_mview_tel_agents_mobile_money.fid-7111a9c0_193dfd882bb_-5be0,operateur,manquant,gardé,A8,aucun sur le nombre de lieux,opérateur non renseigné,03_points
AN00845,D5,_mview_tel_agents_mobile_money.fid-7111a9c0_193dfd882bb_-5bdf,operateur,manquant,gardé,A8,aucun sur le nombre de lieux,opérateur non renseigné,03_points
AN00846,D5,_mview_tel_agents_mobile_money.fid-7111a9c0_193dfd882bb_-5bde,operateur,manquant,gardé,A8,aucun sur le nombre de lieux,opérateur non renseigné,03_points
AN00847,D5,_mview_tel_agents_mobile_money.fid-7111a9c0_193dfd882bb_-5bdd,operateur,manquant,gardé,A8,aucun sur le nombre de lieux,opérateur non renseigné,03_points
AN00848,D5,_mview_tel_agents_mobile_money.fid-7111a9c0_193dfd882bb_-5bdc,operateur,manquant,gardé,A8,aucun sur le nombre de lieux,opérateur non renseigné,03_points
AN00849,D5,_mview_tel_agents_mobile_money.fid-7111a9c0_193dfd882bb_-5bdb,operateur,manquant,gardé,A8,aucun sur le nombre de lieux,opérateur non renseigné,03_points
AN00850,D5,_mview_tel_agents_mobile_money.fid-7111a9c0_193dfd882bb_-5bda,operateur,manquant,gardé,A8,aucun sur le nombre de lieux,opérateur non renseigné,03_points
AN00851,D5,_mview_tel_agents_mobile_money.fid-7111a9c0_193dfd882bb_-5bd9,operateur,manquant,gardé,A8,aucun sur le nombre de lieux,opérateur non renseigné,03_points
AN00852,D5,_mview_tel_agents_mobile_money.fid-7111a9c0_193dfd882bb_-5bd8,operateur,manquant,gardé,A8,aucun sur le nombre de lieux,opérateur non renseigné,03_points
AN00853,D5,_mview_tel_agents_mobile_money.fid-7111a9c0_193dfd882bb_-5bd7,operateur,manquant,gardé,A8,aucun sur le nombre de lieux,opérateur non renseigné,03_points
AN00854,D5,_mview_tel_agents_mobile_money.fid-7111a9c0_193dfd882bb_-5bd4,operateur,manquant,gardé,A8,aucun sur le nombre de lieux,opérateur non renseigné,03_points
AN00855,D5,_mview_tel_agents_mobile_money.fid-7111a9c0_193dfd882bb_-5bd3,operateur,manquant,gardé,A8,aucun sur le nombre de lieux,opérateur non renseigné,03_points
AN00856,D5,_mview_tel_agents_mobile_money.fid-7111a9c0_193dfd882bb_-5bd2,operateur,manquant,gardé,A8,aucun sur le nombre de lieux,opérateur non renseigné,03_points
AN00857,D5,_mview_tel_agents_mobile_money.fid-7111a9c0_193dfd882bb_-5bd1,operateur,manquant,gardé,A8,aucun sur le nombre de lieux,opérateur non renseigné,03_points
AN00858,D5,_mview_tel_agents_mobile_money.fid-7111a9c0_193dfd882bb_-5bcf,operateur,manquant,gardé,A8,aucun sur le nombre de lieux,opérateur non renseigné,03_points
AN00859,D5,_mview_tel_agents_mobile_money.fid-7111a9c0_193dfd882bb_-5bce,operateur,manquant,gardé,A8,aucun sur le nombre de lieux,opérateur non renseigné,03_points
AN00860,D5,_mview_tel_agents_mobile_money.fid-7111a9c0_193dfd882bb_-5bcd,operateur,manquant,gardé,A8,aucun sur le nombre de lieux,opérateur non renseigné,03_points
AN00861,D5,_mview_tel_agents_mobile_money.fid-7111a9c0_193dfd882bb_-5bcc,operateur,manquant,gardé,A8,aucun sur le nombre de lieux,opérateur non renseigné,03_points
AN00862,D5,_mview_tel_agents_mobile_money.fid-7111a9c0_193dfd882bb_-5bcb,operateur,manquant,gardé,A8,aucun sur le nombre de lieux,opérateur non renseigné,03_points
AN00863,D5,_mview_tel_agents_mobile_money.fid-7111a9c0_193dfd882bb_-5bca,operateur,manquant,gardé,A8,aucun sur le nombre de lieux,opérateur non renseigné,03_points
AN00864,D5,_mview_tel_agents_mobile_money.fid-7111a9c0_193dfd882bb_-5bc9,operateur,manquant,gardé,A8,aucun sur le nombre de lieux,opérateur non renseigné,03_points
AN00865,D5,_mview_tel_agents_mobile_money.fid-7111a9c0_193dfd882bb_-5bc8,operateur,manquant,gardé,A8,aucun sur le nombre de lieux,opérateur non renseigné,03_points
AN00866,D5,_mview_tel_agents_mobile_money.fid-7111a9c0_193dfd882bb_-5bc7,operateur,manquant,gardé,A8,aucun sur le nombre de lieux,opérateur non renseigné,03_points
AN00867,D5,_mview_tel_agents_mobile_money.fid-7111a9c0_193dfd882bb_-5bc6,operateur,manquant,gardé,A8,aucun sur le nombre de lieux,opérateur non renseigné,03_points
AN00868,D5,_mview_tel_agents_mobile_money.fid-7111a9c0_193dfd882bb_-5bc5,operateur,manquant,gardé,A8,aucun sur le nombre de lieux,opérateur non renseigné,03_points
AN00869,D5,_mview_tel_agents_mobile_money.fid-7111a9c0_193dfd882bb_-5bc4,operateur,manquant,gardé,A8,aucun sur le nombre de lieux,opérateur non renseigné,03_points
AN00870,D5,_mview_tel_agents_mobile_money.fid-7111a9c0_193dfd882bb_-5bc2,operateur,manquant,gardé,A8,aucun sur le nombre de lieux,opérateur non renseigné,03_points
AN00871,D5,_mview_tel_agents_mobile_money.fid-7111a9c0_193dfd882bb_-5bc1,operateur,manquant,gardé,A8,aucun sur le nombre de lieux,opérateur non renseigné,03_points
AN00872,D5,_mview_tel_agents_mobile_money.fid-7111a9c0_193dfd882bb_-5bc0,operateur,manquant,gardé,A8,aucun sur le nombre de lieux,opérateur non renseigné,03_points
AN00873,D5,_mview_tel_agents_mobile_money.fid-7111a9c0_193dfd882bb_-5bbf,operateur,manquant,gardé,A8,aucun sur le nombre de lieux,opérateur non renseigné,03_points
AN00874,D5,_mview_tel_agents_mobile_money.fid-7111a9c0_193dfd882bb_-5bbe,operateur,manquant,gardé,A8,aucun sur le nombre de lieux,opérateur non renseigné,03_points
AN00875,D5,_mview_tel_agents_mobile_money.fid-7111a9c0_193dfd882bb_-5bbd,operateur,manquant,gardé,A8,aucun sur le nombre de lieux,opérateur non renseigné,03_points
AN00876,D5,_mview_tel_agents_mobile_money.fid-7111a9c0_193dfd882bb_-5bbc,operateur,manquant,gardé,A8,aucun sur le nombre de lieux,opérateur non renseigné,03_points
AN00877,D5,_mview_tel_agents_mobile_money.fid-7111a9c0_193dfd882bb_-5bbb,operateur,manquant,gardé,A8,aucun sur le nombre de lieux,opérateur non renseigné,03_points
AN00878,D5,_mview_tel_agents_mobile_money.fid-7111a9c0_193dfd882bb_-5bba,operateur,manquant,gardé,A8,aucun sur le nombre de lieux,opérateur non renseigné,03_points
AN00879,D5,_mview_tel_agents_mobile_money.fid-7111a9c0_193dfd882bb_-5bb8,operateur,manquant,gardé,A8,aucun sur le nombre de lieux,opérateur non renseigné,03_points
AN00880,D5,_mview_tel_agents_mobile_money.fid-7111a9c0_193dfd882bb_-5bb6,operateur,manquant,gardé,A8,aucun sur le nombre de lieux,opérateur non renseigné,03_points
AN00881,D5,_mview_tel_agents_mobile_money.fid-7111a9c0_193dfd882bb_-5bb5,operateur,manquant,gardé,A8,aucun sur le nombre de lieux,opérateur non renseigné,03_points
AN00882,D5,_mview_tel_agents_mobile_money.fid-7111a9c0_193dfd882bb_-5bb3,operateur,manquant,gardé,A8,aucun sur le nombre de lieux,opérateur non renseigné,03_points
AN00883,D5,_mview_tel_agents_mobile_money.fid-7111a9c0_193dfd882bb_-5bb2,operateur,manquant,gardé,A8,aucun sur le nombre de lieux,opérateur non renseigné,03_points
AN00884,D5,_mview_tel_agents_mobile_money.fid-7111a9c0_193dfd882bb_-5bb1,operateur,manquant,gardé,A8,aucun sur le nombre de lieux,opérateur non renseigné,03_points
AN00885,D5,_mview_tel_agents_mobile_money.fid-7111a9c0_193dfd882bb_-5bb0,operateur,manquant,gardé,A8,aucun sur le nombre de lieux,opérateur non renseigné,03_points
AN00886,D5,_mview_tel_agents_mobile_money.fid-7111a9c0_193dfd882bb_-5baf,operateur,manquant,gardé,A8,aucun sur le nombre de lieux,opérateur non renseigné,03_points
AN00887,D5,_mview_tel_agents_mobile_money.fid-7111a9c0_193dfd882bb_-5bae,operateur,manquant,gardé,A8,aucun sur le nombre de lieux,opérateur non renseigné,03_points
AN00888,D5,_mview_tel_agents_mobile_money.fid-7111a9c0_193dfd882bb_-5bad,operateur,manquant,gardé,A8,aucun sur le nombre de lieux,opérateur non renseigné,03_points
AN00889,D5,_mview_tel_agents_mobile_money.fid-7111a9c0_193dfd882bb_-5bac,operateur,manquant,gardé,A8,aucun sur le nombre de lieux,opérateur non renseigné,03_points
AN00890,D5,_mview_tel_agents_mobile_money.fid-7111a9c0_193dfd882bb_-5bab,operateur,manquant,gardé,A8,aucun sur le nombre de lieux,opérateur non renseigné,03_points
AN00891,D5,_mview_tel_agents_mobile_money.fid-7111a9c0_193dfd882bb_-5baa,operateur,manquant,gardé,A8,aucun sur le nombre de lieux,opérateur non renseigné,03_points
AN00892,D5,_mview_tel_agents_mobile_money.fid-7111a9c0_193dfd882bb_-5ba9,operateur,manquant,gardé,A8,aucun sur le nombre de lieux,opérateur non renseigné,03_points
AN00893,D5,_mview_tel_agents_mobile_money.fid-7111a9c0_193dfd882bb_-5ba8,operateur,manquant,gardé,A8,aucun sur le nombre de lieux,opérateur non renseigné,03_points
AN00894,D5,_mview_tel_agents_mobile_money.fid-7111a9c0_193dfd882bb_-5ba7,operateur,manquant,gardé,A8,aucun sur le nombre de lieux,opérateur non renseigné,03_points
AN00895,D5,_mview_tel_agents_mobile_money.fid-7111a9c0_193dfd882bb_-5ba6,operateur,manquant,gardé,A8,aucun sur le nombre de lieux,opérateur non renseigné,03_points
AN00896,D5,_mview_tel_agents_mobile_money.fid-7111a9c0_193dfd882bb_-5ba5,operateur,manquant,gardé,A8,aucun sur le nombre de lieux,opérateur non renseigné,03_points
AN00897,D5,_mview_tel_agents_mobile_money.fid-7111a9c0_193dfd882bb_-5ba3,operateur,manquant,gardé,A8,aucun sur le nombre de lieux,opérateur non renseigné,03_points
AN00898,D5,_mview_tel_agents_mobile_money.fid-7111a9c0_193dfd882bb_-5ba2,operateur,manquant,gardé,A8,aucun sur le nombre de lieux,opérateur non renseigné,03_points
AN00899,D5,_mview_tel_agents_mobile_money.fid-7111a9c0_193dfd882bb_-5ba1,operateur,manquant,gardé,A8,aucun sur le nombre de lieux,opérateur non renseigné,03_points
AN00900,D5,_mview_tel_agents_mobile_money.fid-7111a9c0_193dfd882bb_-5ba0,operateur,manquant,gardé,A8,aucun sur le nombre de lieux,opérateur non renseigné,03_points
AN00901,D5,_mview_tel_agents_mobile_money.fid-7111a9c0_193dfd882bb_-5b9f,operateur,manquant,gardé,A8,aucun sur le nombre de lieux,opérateur non renseigné,03_points
AN00902,D5,_mview_tel_agents_mobile_money.fid-7111a9c0_193dfd882bb_-5b9d,operateur,manquant,gardé,A8,aucun sur le nombre de lieux,opérateur non renseigné,03_points
AN00903,D5,_mview_tel_agents_mobile_money.fid-7111a9c0_193dfd882bb_-5b9b,operateur,manquant,gardé,A8,aucun sur le nombre de lieux,opérateur non renseigné,03_points
AN00904,D5,_mview_tel_agents_mobile_money.fid-7111a9c0_193dfd882bb_-5b9a,operateur,manquant,gardé,A8,aucun sur le nombre de lieux,opérateur non renseigné,03_points
AN00905,D5,_mview_tel_agents_mobile_money.fid-7111a9c0_193dfd882bb_-5b99,operateur,manquant,gardé,A8,aucun sur le nombre de lieux,opérateur non renseigné,03_points
AN00906,D5,_mview_tel_agents_mobile_money.fid-7111a9c0_193dfd882bb_-5b98,operateur,manquant,gardé,A8,aucun sur le nombre de lieux,opérateur non renseigné,03_points
AN00907,D5,_mview_tel_agents_mobile_money.fid-7111a9c0_193dfd882bb_-5b97,operateur,manquant,gardé,A8,aucun sur le nombre de lieux,opérateur non renseigné,03_points
AN00908,D5,_mview_tel_agents_mobile_money.fid-7111a9c0_193dfd882bb_-5b96,operateur,manquant,gardé,A8,aucun sur le nombre de lieux,opérateur non renseigné,03_points
AN00909,D5,_mview_tel_agents_mobile_money.fid-7111a9c0_193dfd882bb_-5b95,operateur,manquant,gardé,A8,aucun sur le nombre de lieux,opérateur non renseigné,03_points
AN00910,D5,_mview_tel_agents_mobile_money.fid-7111a9c0_193dfd882bb_-5b93,operateur,manquant,gardé,A8,aucun sur le nombre de lieux,opérateur non renseigné,03_points
AN00911,D5,_mview_tel_agents_mobile_money.fid-7111a9c0_193dfd882bb_-5b92,operateur,manquant,gardé,A8,aucun sur le nombre de lieux,opérateur non renseigné,03_points
AN00912,D5,_mview_tel_agents_mobile_money.fid-7111a9c0_193dfd882bb_-5b91,operateur,manquant,gardé,A8,aucun sur le nombre de lieux,opérateur non renseigné,03_points
AN00913,D5,_mview_tel_agents_mobile_money.fid-7111a9c0_193dfd882bb_-5b90,operateur,manquant,gardé,A8,aucun sur le nombre de lieux,opérateur non renseigné,03_points
AN00914,D5,_mview_tel_agents_mobile_money.fid-7111a9c0_193dfd882bb_-5b8d,operateur,manquant,gardé,A8,aucun sur le nombre de lieux,opérateur non renseigné,03_points
AN00915,D5,_mview_tel_agents_mobile_money.fid-7111a9c0_193dfd882bb_-5b8c,operateur,manquant,gardé,A8,aucun sur le nombre de lieux,opérateur non renseigné,03_points
AN00916,D5,_mview_tel_agents_mobile_money.fid-7111a9c0_193dfd882bb_-5b8b,operateur,manquant,gardé,A8,aucun sur le nombre de lieux,opérateur non renseigné,03_points
AN00917,D5,_mview_tel_agents_mobile_money.fid-7111a9c0_193dfd882bb_-5b8a,operateur,manquant,gardé,A8,aucun sur le nombre de lieux,opérateur non renseigné,03_points
AN00918,D5,_mview_tel_agents_mobile_money.fid-7111a9c0_193dfd882bb_-5b89,operateur,manquant,gardé,A8,aucun sur le nombre de lieux,opérateur non renseigné,03_points
AN00919,D5,_mview_tel_agents_mobile_money.fid-7111a9c0_193dfd882bb_-5b88,operateur,manquant,gardé,A8,aucun sur le nombre de lieux,opérateur non renseigné,03_points
AN00920,D5,_mview_tel_agents_mobile_money.fid-7111a9c0_193dfd882bb_-5b83,operateur,manquant,gardé,A8,aucun sur le nombre de lieux,opérateur non renseigné,03_points
AN00921,D5,_mview_tel_agents_mobile_money.fid-7111a9c0_193dfd882bb_-5b82,operateur,manquant,gardé,A8,aucun sur le nombre de lieux,opérateur non renseigné,03_points
AN00922,D5,_mview_tel_agents_mobile_money.fid-7111a9c0_193dfd882bb_-5b81,operateur,manquant,gardé,A8,aucun sur le nombre de lieux,opérateur non renseigné,03_points
AN00923,D5,_mview_tel_agents_mobile_money.fid-7111a9c0_193dfd882bb_-5b80,operateur,manquant,gardé,A8,aucun sur le nombre de lieux,opérateur non renseigné,03_points
AN00924,D5,_mview_tel_agents_mobile_money.fid-7111a9c0_193dfd882bb_-5b7f,operateur,manquant,gardé,A8,aucun sur le nombre de lieux,opérateur non renseigné,03_points
AN00925,D5,_mview_tel_agents_mobile_money.fid-7111a9c0_193dfd882bb_-5b7e,operateur,manquant,gardé,A8,aucun sur le nombre de lieux,opérateur non renseigné,03_points
AN00926,D5,_mview_tel_agents_mobile_money.fid-7111a9c0_193dfd882bb_-5b7d,operateur,manquant,gardé,A8,aucun sur le nombre de lieux,opérateur non renseigné,03_points
AN00927,D5,_mview_tel_agents_mobile_money.fid-7111a9c0_193dfd882bb_-5b7c,operateur,manquant,gardé,A8,aucun sur le nombre de lieux,opérateur non renseigné,03_points
AN00928,D5,_mview_tel_agents_mobile_money.fid-7111a9c0_193dfd882bb_-5b7b,operateur,manquant,gardé,A8,aucun sur le nombre de lieux,opérateur non renseigné,03_points
AN00929,D5,_mview_tel_agents_mobile_money.fid-7111a9c0_193dfd882bb_-5b7a,operateur,manquant,gardé,A8,aucun sur le nombre de lieux,opérateur non renseigné,03_points
AN00930,D5,_mview_tel_agents_mobile_money.fid-7111a9c0_193dfd882bb_-5b78,operateur,manquant,gardé,A8,aucun sur le nombre de lieux,opérateur non renseigné,03_points
AN00931,D5,_mview_tel_agents_mobile_money.fid-7111a9c0_193dfd882bb_-5b75,operateur,manquant,gardé,A8,aucun sur le nombre de lieux,opérateur non renseigné,03_points
AN00932,D5,_mview_tel_agents_mobile_money.fid-7111a9c0_193dfd882bb_-5b74,operateur,manquant,gardé,A8,aucun sur le nombre de lieux,opérateur non renseigné,03_points
AN00933,D5,_mview_tel_agents_mobile_money.fid-7111a9c0_193dfd882bb_-5b73,operateur,manquant,gardé,A8,aucun sur le nombre de lieux,opérateur non renseigné,03_points
AN00934,D5,_mview_tel_agents_mobile_money.fid-7111a9c0_193dfd882bb_-5b71,operateur,manquant,gardé,A8,aucun sur le nombre de lieux,opérateur non renseigné,03_points
AN00935,D5,_mview_tel_agents_mobile_money.fid-7111a9c0_193dfd882bb_-5b70,operateur,manquant,gardé,A8,aucun sur le nombre de lieux,opérateur non renseigné,03_points
AN00936,D5,_mview_tel_agents_mobile_money.fid-7111a9c0_193dfd882bb_-5b6f,operateur,manquant,gardé,A8,aucun sur le nombre de lieux,opérateur non renseigné,03_points
AN00937,D5,_mview_tel_agents_mobile_money.fid-7111a9c0_193dfd882bb_-5b6e,operateur,manquant,gardé,A8,aucun sur le nombre de lieux,opérateur non renseigné,03_points
AN00938,D5,_mview_tel_agents_mobile_money.fid-7111a9c0_193dfd882bb_-5b6d,operateur,manquant,gardé,A8,aucun sur le nombre de lieux,opérateur non renseigné,03_points
AN00939,D5,_mview_tel_agents_mobile_money.fid-7111a9c0_193dfd882bb_-5b69,operateur,manquant,gardé,A8,aucun sur le nombre de lieux,opérateur non renseigné,03_points
AN00940,D5,_mview_tel_agents_mobile_money.fid-7111a9c0_193dfd882bb_-5b68,operateur,manquant,gardé,A8,aucun sur le nombre de lieux,opérateur non renseigné,03_points
AN00941,D5,_mview_tel_agents_mobile_money.fid-7111a9c0_193dfd882bb_-5b67,operateur,manquant,gardé,A8,aucun sur le nombre de lieux,opérateur non renseigné,03_points
AN00942,D5,_mview_tel_agents_mobile_money.fid-7111a9c0_193dfd882bb_-5b66,operateur,manquant,gardé,A8,aucun sur le nombre de lieux,opérateur non renseigné,03_points
AN00943,D5,_mview_tel_agents_mobile_money.fid-7111a9c0_193dfd882bb_-5b65,operateur,manquant,gardé,A8,aucun sur le nombre de lieux,opérateur non renseigné,03_points
AN00944,D5,_mview_tel_agents_mobile_money.fid-7111a9c0_193dfd882bb_-5b64,operateur,manquant,gardé,A8,aucun sur le nombre de lieux,opérateur non renseigné,03_points
AN00945,D5,_mview_tel_agents_mobile_money.fid-7111a9c0_193dfd882bb_-5b63,operateur,manquant,gardé,A8,aucun sur le nombre de lieux,opérateur non renseigné,03_points
AN00946,D5,_mview_tel_agents_mobile_money.fid-7111a9c0_193dfd882bb_-5b62,operateur,manquant,gardé,A8,aucun sur le nombre de lieux,opérateur non renseigné,03_points
AN00947,D5,_mview_tel_agents_mobile_money.fid-7111a9c0_193dfd882bb_-5b60,operateur,manquant,gardé,A8,aucun sur le nombre de lieux,opérateur non renseigné,03_points
AN00948,D5,_mview_tel_agents_mobile_money.fid-7111a9c0_193dfd882bb_-5b5f,operateur,manquant,gardé,A8,aucun sur le nombre de lieux,opérateur non renseigné,03_points
AN00949,D5,_mview_tel_agents_mobile_money.fid-7111a9c0_193dfd882bb_-5b5e,operateur,manquant,gardé,A8,aucun sur le nombre de lieux,opérateur non renseigné,03_points
AN00950,D5,_mview_tel_agents_mobile_money.fid-7111a9c0_193dfd882bb_-5b5c,operateur,manquant,gardé,A8,aucun sur le nombre de lieux,opérateur non renseigné,03_points
AN00951,D5,_mview_tel_agents_mobile_money.fid-7111a9c0_193dfd882bb_-5b59,operateur,manquant,gardé,A8,aucun sur le nombre de lieux,opérateur non renseigné,03_points
AN00952,D5,_mview_tel_agents_mobile_money.fid-7111a9c0_193dfd882bb_-5b58,operateur,manquant,gardé,A8,aucun sur le nombre de lieux,opérateur non renseigné,03_points
AN00953,D5,_mview_tel_agents_mobile_money.fid-7111a9c0_193dfd882bb_-5b57,operateur,manquant,gardé,A8,aucun sur le nombre de lieux,opérateur non renseigné,03_points
AN00954,D5,_mview_tel_agents_mobile_money.fid-7111a9c0_193dfd882bb_-5b55,operateur,manquant,gardé,A8,aucun sur le nombre de lieux,opérateur non renseigné,03_points
AN00955,D5,_mview_tel_agents_mobile_money.fid-7111a9c0_193dfd882bb_-5b3c,operateur,manquant,gardé,A8,aucun sur le nombre de lieux,opérateur non renseigné,03_points
AN00956,D5,_mview_tel_agents_mobile_money.fid-7111a9c0_193dfd882bb_-5b3b,operateur,manquant,gardé,A8,aucun sur le nombre de lieux,opérateur non renseigné,03_points
AN00957,D5,_mview_tel_agents_mobile_money.fid-7111a9c0_193dfd882bb_-5b3a,operateur,manquant,gardé,A8,aucun sur le nombre de lieux,opérateur non renseigné,03_points
AN00958,D5,_mview_tel_agents_mobile_money.fid-7111a9c0_193dfd882bb_-5b39,operateur,manquant,gardé,A8,aucun sur le nombre de lieux,opérateur non renseigné,03_points
AN00959,D5,_mview_tel_agents_mobile_money.fid-7111a9c0_193dfd882bb_-5b38,operateur,manquant,gardé,A8,aucun sur le nombre de lieux,opérateur non renseigné,03_points
AN00960,D5,_mview_tel_agents_mobile_money.fid-7111a9c0_193dfd882bb_-5b37,operateur,manquant,gardé,A8,aucun sur le nombre de lieux,opérateur non renseigné,03_points
AN00961,D5,_mview_tel_agents_mobile_money.fid-7111a9c0_193dfd882bb_-5b34,operateur,manquant,gardé,A8,aucun sur le nombre de lieux,opérateur non renseigné,03_points
AN00962,D5,_mview_tel_agents_mobile_money.fid-7111a9c0_193dfd882bb_-5b32,operateur,manquant,gardé,A8,aucun sur le nombre de lieux,opérateur non renseigné,03_points
AN00963,D5,_mview_tel_agents_mobile_money.fid-7111a9c0_193dfd882bb_-5b27,operateur,manquant,gardé,A8,aucun sur le nombre de lieux,opérateur non renseigné,03_points
AN00964,D5,_mview_tel_agents_mobile_money.fid-7111a9c0_193dfd882bb_-5b25,operateur,manquant,gardé,A8,aucun sur le nombre de lieux,opérateur non renseigné,03_points
AN00965,D5,_mview_tel_agents_mobile_money.fid-7111a9c0_193dfd882bb_-5b22,operateur,manquant,gardé,A8,aucun sur le nombre de lieux,opérateur non renseigné,03_points
AN00966,D5,_mview_tel_agents_mobile_money.fid-7111a9c0_193dfd882bb_-5b21,operateur,manquant,gardé,A8,aucun sur le nombre de lieux,opérateur non renseigné,03_points
AN00967,D5,_mview_tel_agents_mobile_money.fid-7111a9c0_193dfd882bb_-5b1d,operateur,manquant,gardé,A8,aucun sur le nombre de lieux,opérateur non renseigné,03_points
AN00968,D5,_mview_tel_agents_mobile_money.fid-7111a9c0_193dfd882bb_-5b1c,operateur,manquant,gardé,A8,aucun sur le nombre de lieux,opérateur non renseigné,03_points
AN00969,D5,_mview_tel_agents_mobile_money.fid-7111a9c0_193dfd882bb_-5b1a,operateur,manquant,gardé,A8,aucun sur le nombre de lieux,opérateur non renseigné,03_points
AN00970,D5,_mview_tel_agents_mobile_money.fid-7111a9c0_193dfd882bb_-5b18,operateur,manquant,gardé,A8,aucun sur le nombre de lieux,opérateur non renseigné,03_points
AN00971,D5,_mview_tel_agents_mobile_money.fid-7111a9c0_193dfd882bb_-5b14,operateur,manquant,gardé,A8,aucun sur le nombre de lieux,opérateur non renseigné,03_points
AN00972,D5,_mview_tel_agents_mobile_money.fid-7111a9c0_193dfd882bb_-5b0f,operateur,manquant,gardé,A8,aucun sur le nombre de lieux,opérateur non renseigné,03_points
AN00973,D5,_mview_tel_agents_mobile_money.fid-7111a9c0_193dfd882bb_-5b08,operateur,manquant,gardé,A8,aucun sur le nombre de lieux,opérateur non renseigné,03_points
AN00974,D5,_mview_tel_agents_mobile_money.fid-7111a9c0_193dfd882bb_-5b06,operateur,manquant,gardé,A8,aucun sur le nombre de lieux,opérateur non renseigné,03_points
AN00975,D5,_mview_tel_agents_mobile_money.fid-7111a9c0_193dfd882bb_-5b00,operateur,manquant,gardé,A8,aucun sur le nombre de lieux,opérateur non renseigné,03_points
AN00976,D5,_mview_tel_agents_mobile_money.fid-7111a9c0_193dfd882bb_-5aff,operateur,manquant,gardé,A8,aucun sur le nombre de lieux,opérateur non renseigné,03_points
AN00977,D5,_mview_tel_agents_mobile_money.fid-7111a9c0_193dfd882bb_-5afe,operateur,manquant,gardé,A8,aucun sur le nombre de lieux,opérateur non renseigné,03_points
AN00978,D5,_mview_tel_agents_mobile_money.fid-7111a9c0_193dfd882bb_-5afb,operateur,manquant,gardé,A8,aucun sur le nombre de lieux,opérateur non renseigné,03_points
AN00979,D5,_mview_tel_agents_mobile_money.fid-7111a9c0_193dfd882bb_-5af8,operateur,manquant,gardé,A8,aucun sur le nombre de lieux,opérateur non renseigné,03_points
AN00980,D5,_mview_tel_agents_mobile_money.fid-7111a9c0_193dfd882bb_-5af7,operateur,manquant,gardé,A8,aucun sur le nombre de lieux,opérateur non renseigné,03_points
AN00981,D5,_mview_tel_agents_mobile_money.fid-7111a9c0_193dfd882bb_-5af6,operateur,manquant,gardé,A8,aucun sur le nombre de lieux,opérateur non renseigné,03_points
AN00982,D5,_mview_tel_agents_mobile_money.fid-7111a9c0_193dfd882bb_-5af5,operateur,manquant,gardé,A8,aucun sur le nombre de lieux,opérateur non renseigné,03_points
AN00983,D5,_mview_tel_agents_mobile_money.fid-7111a9c0_193dfd882bb_-5af3,operateur,manquant,gardé,A8,aucun sur le nombre de lieux,opérateur non renseigné,03_points
AN00984,D5,_mview_tel_agents_mobile_money.fid-7111a9c0_193dfd882bb_-5af1,operateur,manquant,gardé,A8,aucun sur le nombre de lieux,opérateur non renseigné,03_points
AN00985,D5,_mview_tel_agents_mobile_money.fid-7111a9c0_193dfd882bb_-5af0,operateur,manquant,gardé,A8,aucun sur le nombre de lieux,opérateur non renseigné,03_points
AN00986,D5,_mview_tel_agents_mobile_money.fid-7111a9c0_193dfd882bb_-5aed,operateur,manquant,gardé,A8,aucun sur le nombre de lieux,opérateur non renseigné,03_points
AN00987,D5,_mview_tel_agents_mobile_money.fid-7111a9c0_193dfd882bb_-5aec,operateur,manquant,gardé,A8,aucun sur le nombre de lieux,opérateur non renseigné,03_points
AN00988,D5,_mview_tel_agents_mobile_money.fid-7111a9c0_193dfd882bb_-5ae9,operateur,manquant,gardé,A8,aucun sur le nombre de lieux,opérateur non renseigné,03_points
AN00989,D5,_mview_tel_agents_mobile_money.fid-7111a9c0_193dfd882bb_-5ae8,operateur,manquant,gardé,A8,aucun sur le nombre de lieux,opérateur non renseigné,03_points
AN00990,D5,_mview_tel_agents_mobile_money.fid-7111a9c0_193dfd882bb_-5ae7,operateur,manquant,gardé,A8,aucun sur le nombre de lieux,opérateur non renseigné,03_points
AN00991,D5,_mview_tel_agents_mobile_money.fid-7111a9c0_193dfd882bb_-5ae6,operateur,manquant,gardé,A8,aucun sur le nombre de lieux,opérateur non renseigné,03_points
AN00992,D5,_mview_tel_agents_mobile_money.fid-7111a9c0_193dfd882bb_-5ae0,operateur,manquant,gardé,A8,aucun sur le nombre de lieux,opérateur non renseigné,03_points
AN00993,D5,_mview_tel_agents_mobile_money.fid-7111a9c0_193dfd882bb_-5ade,operateur,manquant,gardé,A8,aucun sur le nombre de lieux,opérateur non renseigné,03_points
AN00994,D5,_mview_tel_agents_mobile_money.fid-7111a9c0_193dfd882bb_-5adc,operateur,manquant,gardé,A8,aucun sur le nombre de lieux,opérateur non renseigné,03_points
AN00995,D5,_mview_tel_agents_mobile_money.fid-7111a9c0_193dfd882bb_-5adb,operateur,manquant,gardé,A8,aucun sur le nombre de lieux,opérateur non renseigné,03_points
AN00996,D5,_mview_tel_agents_mobile_money.fid-7111a9c0_193dfd882bb_-5ada,operateur,manquant,gardé,A8,aucun sur le nombre de lieux,opérateur non renseigné,03_points
AN00997,D5,_mview_tel_agents_mobile_money.fid-7111a9c0_193dfd882bb_-5ad9,operateur,manquant,gardé,A8,aucun sur le nombre de lieux,opérateur non renseigné,03_points
AN00998,D5,_mview_tel_agents_mobile_money.fid-7111a9c0_193dfd882bb_-5ad2,operateur,manquant,gardé,A8,aucun sur le nombre de lieux,opérateur non renseigné,03_points
AN00999,D5,_mview_tel_agents_mobile_money.fid-7111a9c0_193dfd882bb_-5acf,operateur,manquant,gardé,A8,aucun sur le nombre de lieux,opérateur non renseigné,03_points
AN01000,D5,_mview_tel_agents_mobile_money.fid-7111a9c0_193dfd882bb_-5ace,operateur,manquant,gardé,A8,aucun sur le nombre de lieux,opérateur non renseigné,03_points
AN01001,D5,_mview_tel_agents_mobile_money.fid-7111a9c0_193dfd882bb_-5ac0,operateur,manquant,gardé,A8,aucun sur le nombre de lieux,opérateur non renseigné,03_points
AN01002,D5,_mview_tel_agents_mobile_money.fid-7111a9c0_193dfd882bb_-5abf,operateur,manquant,gardé,A8,aucun sur le nombre de lieux,opérateur non renseigné,03_points
AN01003,D5,_mview_tel_agents_mobile_money.fid-7111a9c0_193dfd882bb_-5abe,operateur,manquant,gardé,A8,aucun sur le nombre de lieux,opérateur non renseigné,03_points
AN01004,D5,_mview_tel_agents_mobile_money.fid-7111a9c0_193dfd882bb_-5aae,operateur,manquant,gardé,A8,aucun sur le nombre de lieux,opérateur non renseigné,03_points
AN01005,D5,_mview_tel_agents_mobile_money.fid-7111a9c0_193dfd882bb_-5aad,operateur,manquant,gardé,A8,aucun sur le nombre de lieux,opérateur non renseigné,03_points
AN01006,D5,_mview_tel_agents_mobile_money.fid-7111a9c0_193dfd882bb_-5aac,operateur,manquant,gardé,A8,aucun sur le nombre de lieux,opérateur non renseigné,03_points
AN01007,D5,_mview_tel_agents_mobile_money.fid-7111a9c0_193dfd882bb_-5aa9,operateur,manquant,gardé,A8,aucun sur le nombre de lieux,opérateur non renseigné,03_points
AN01008,D5,_mview_tel_agents_mobile_money.fid-7111a9c0_193dfd882bb_-5aa7,operateur,manquant,gardé,A8,aucun sur le nombre de lieux,opérateur non renseigné,03_points
AN01009,D5,_mview_tel_agents_mobile_money.fid-7111a9c0_193dfd882bb_-5aa4,operateur,manquant,gardé,A8,aucun sur le nombre de lieux,opérateur non renseigné,03_points
AN01010,D5,_mview_tel_agents_mobile_money.fid-7111a9c0_193dfd882bb_-5aa3,operateur,manquant,gardé,A8,aucun sur le nombre de lieux,opérateur non renseigné,03_points
AN01011,D5,_mview_tel_agents_mobile_money.fid-7111a9c0_193dfd882bb_-5aa2,operateur,manquant,gardé,A8,aucun sur le nombre de lieux,opérateur non renseigné,03_points
AN01012,D5,_mview_tel_agents_mobile_money.fid-7111a9c0_193dfd882bb_-5aa1,operateur,manquant,gardé,A8,aucun sur le nombre de lieux,opérateur non renseigné,03_points
AN01013,D5,_mview_tel_agents_mobile_money.fid-7111a9c0_193dfd882bb_-5aa0,operateur,manquant,gardé,A8,aucun sur le nombre de lieux,opérateur non renseigné,03_points
AN01014,D5,_mview_tel_agents_mobile_money.fid-7111a9c0_193dfd882bb_-5a9f,operateur,manquant,gardé,A8,aucun sur le nombre de lieux,opérateur non renseigné,03_points
AN01015,D5,_mview_tel_agents_mobile_money.fid-7111a9c0_193dfd882bb_-5a9e,operateur,manquant,gardé,A8,aucun sur le nombre de lieux,opérateur non renseigné,03_points
AN01016,D5,_mview_tel_agents_mobile_money.fid-7111a9c0_193dfd882bb_-5a90,operateur,manquant,gardé,A8,aucun sur le nombre de lieux,opérateur non renseigné,03_points
AN01017,D5,_mview_tel_agents_mobile_money.fid-7111a9c0_193dfd882bb_-5a8d,operateur,manquant,gardé,A8,aucun sur le nombre de lieux,opérateur non renseigné,03_points
AN01018,D5,_mview_tel_agents_mobile_money.fid-7111a9c0_193dfd882bb_-5a8c,operateur,manquant,gardé,A8,aucun sur le nombre de lieux,opérateur non renseigné,03_points
AN01019,D5,_mview_tel_agents_mobile_money.fid-7111a9c0_193dfd882bb_-5a88,operateur,manquant,gardé,A8,aucun sur le nombre de lieux,opérateur non renseigné,03_points
AN01020,D5,_mview_tel_agents_mobile_money.fid-7111a9c0_193dfd882bb_-5a86,operateur,manquant,gardé,A8,aucun sur le nombre de lieux,opérateur non renseigné,03_points
AN01021,D5,_mview_tel_agents_mobile_money.fid-7111a9c0_193dfd882bb_-5a83,operateur,manquant,gardé,A8,aucun sur le nombre de lieux,opérateur non renseigné,03_points
AN01022,D5,_mview_tel_agents_mobile_money.fid-7111a9c0_193dfd882bb_-5a81,operateur,manquant,gardé,A8,aucun sur le nombre de lieux,opérateur non renseigné,03_points
AN01023,D5,_mview_tel_agents_mobile_money.fid-7111a9c0_193dfd882bb_-5a7e,operateur,manquant,gardé,A8,aucun sur le nombre de lieux,opérateur non renseigné,03_points
AN01024,D5,_mview_tel_agents_mobile_money.fid-7111a9c0_193dfd882bb_-5a7c,operateur,manquant,gardé,A8,aucun sur le nombre de lieux,opérateur non renseigné,03_points
AN01025,D5,_mview_tel_agents_mobile_money.fid-7111a9c0_193dfd882bb_-5a66,operateur,manquant,gardé,A8,aucun sur le nombre de lieux,opérateur non renseigné,03_points
AN01026,D5,_mview_tel_agents_mobile_money.fid-7111a9c0_193dfd882bb_-5a65,operateur,manquant,gardé,A8,aucun sur le nombre de lieux,opérateur non renseigné,03_points
AN01027,D5,_mview_tel_agents_mobile_money.fid-7111a9c0_193dfd882bb_-5a64,operateur,manquant,gardé,A8,aucun sur le nombre de lieux,opérateur non renseigné,03_points
AN01028,D5,_mview_tel_agents_mobile_money.fid-7111a9c0_193dfd882bb_-5a63,operateur,manquant,gardé,A8,aucun sur le nombre de lieux,opérateur non renseigné,03_points
AN01029,D5,_mview_tel_agents_mobile_money.fid-7111a9c0_193dfd882bb_-5a61,operateur,manquant,gardé,A8,aucun sur le nombre de lieux,opérateur non renseigné,03_points
AN01030,D5,_mview_tel_agents_mobile_money.fid-7111a9c0_193dfd882bb_-5a60,operateur,manquant,gardé,A8,aucun sur le nombre de lieux,opérateur non renseigné,03_points
AN01031,D5,_mview_tel_agents_mobile_money.fid-7111a9c0_193dfd882bb_-5a5f,operateur,manquant,gardé,A8,aucun sur le nombre de lieux,opérateur non renseigné,03_points
AN01032,D5,_mview_tel_agents_mobile_money.fid-7111a9c0_193dfd882bb_-5a5e,operateur,manquant,gardé,A8,aucun sur le nombre de lieux,opérateur non renseigné,03_points
AN01033,D5,_mview_tel_agents_mobile_money.fid-7111a9c0_193dfd882bb_-5a5d,operateur,manquant,gardé,A8,aucun sur le nombre de lieux,opérateur non renseigné,03_points
AN01034,D5,_mview_tel_agents_mobile_money.fid-7111a9c0_193dfd882bb_-5a55,operateur,manquant,gardé,A8,aucun sur le nombre de lieux,opérateur non renseigné,03_points
AN01035,D5,_mview_tel_agents_mobile_money.fid-7111a9c0_193dfd882bb_-5a4d,operateur,manquant,gardé,A8,aucun sur le nombre de lieux,opérateur non renseigné,03_points
AN01036,D5,_mview_tel_agents_mobile_money.fid-7111a9c0_193dfd882bb_-5a42,operateur,manquant,gardé,A8,aucun sur le nombre de lieux,opérateur non renseigné,03_points
AN01037,D5,_mview_tel_agents_mobile_money.fid-7111a9c0_193dfd882bb_-5a32,operateur,manquant,gardé,A8,aucun sur le nombre de lieux,opérateur non renseigné,03_points
AN01038,D5,_mview_tel_agents_mobile_money.fid-7111a9c0_193dfd882bb_-5a31,operateur,manquant,gardé,A8,aucun sur le nombre de lieux,opérateur non renseigné,03_points
AN01039,D5,_mview_tel_agents_mobile_money.fid-7111a9c0_193dfd882bb_-5a2d,operateur,manquant,gardé,A8,aucun sur le nombre de lieux,opérateur non renseigné,03_points
AN01040,D5,_mview_tel_agents_mobile_money.fid-7111a9c0_193dfd882bb_-5a2a,operateur,manquant,gardé,A8,aucun sur le nombre de lieux,opérateur non renseigné,03_points
AN01041,D5,_mview_tel_agents_mobile_money.fid-7111a9c0_193dfd882bb_-5a29,operateur,manquant,gardé,A8,aucun sur le nombre de lieux,opérateur non renseigné,03_points
AN01042,D5,_mview_tel_agents_mobile_money.fid-7111a9c0_193dfd882bb_-5a28,operateur,manquant,gardé,A8,aucun sur le nombre de lieux,opérateur non renseigné,03_points
AN01043,D5,_mview_tel_agents_mobile_money.fid-7111a9c0_193dfd882bb_-5a26,operateur,manquant,gardé,A8,aucun sur le nombre de lieux,opérateur non renseigné,03_points
AN01044,D5,_mview_tel_agents_mobile_money.fid-7111a9c0_193dfd882bb_-5a25,operateur,manquant,gardé,A8,aucun sur le nombre de lieux,opérateur non renseigné,03_points
AN01045,D5,_mview_tel_agents_mobile_money.fid-7111a9c0_193dfd882bb_-5a24,operateur,manquant,gardé,A8,aucun sur le nombre de lieux,opérateur non renseigné,03_points
AN01046,D5,_mview_tel_agents_mobile_money.fid-7111a9c0_193dfd882bb_-5a23,operateur,manquant,gardé,A8,aucun sur le nombre de lieux,opérateur non renseigné,03_points
AN01047,D5,_mview_tel_agents_mobile_money.fid-7111a9c0_193dfd882bb_-5a22,operateur,manquant,gardé,A8,aucun sur le nombre de lieux,opérateur non renseigné,03_points
AN01048,D5,_mview_tel_agents_mobile_money.fid-7111a9c0_193dfd882bb_-5a21,operateur,manquant,gardé,A8,aucun sur le nombre de lieux,opérateur non renseigné,03_points
AN01049,D5,_mview_tel_agents_mobile_money.fid-7111a9c0_193dfd882bb_-5a1e,operateur,manquant,gardé,A8,aucun sur le nombre de lieux,opérateur non renseigné,03_points
AN01050,D5,_mview_tel_agents_mobile_money.fid-7111a9c0_193dfd882bb_-5a1d,operateur,manquant,gardé,A8,aucun sur le nombre de lieux,opérateur non renseigné,03_points
AN01051,D5,_mview_tel_agents_mobile_money.fid-7111a9c0_193dfd882bb_-5a1c,operateur,manquant,gardé,A8,aucun sur le nombre de lieux,opérateur non renseigné,03_points
AN01052,D5,_mview_tel_agents_mobile_money.fid-7111a9c0_193dfd882bb_-5a1b,operateur,manquant,gardé,A8,aucun sur le nombre de lieux,opérateur non renseigné,03_points
AN01053,D5,_mview_tel_agents_mobile_money.fid-7111a9c0_193dfd882bb_-5a1a,operateur,manquant,gardé,A8,aucun sur le nombre de lieux,opérateur non renseigné,03_points
AN01054,D5,_mview_tel_agents_mobile_money.fid-7111a9c0_193dfd882bb_-5a19,operateur,manquant,gardé,A8,aucun sur le nombre de lieux,opérateur non renseigné,03_points
AN01055,D5,_mview_tel_agents_mobile_money.fid-7111a9c0_193dfd882bb_-5a18,operateur,manquant,gardé,A8,aucun sur le nombre de lieux,opérateur non renseigné,03_points
AN01056,D5,_mview_tel_agents_mobile_money.fid-7111a9c0_193dfd882bb_-5a15,operateur,manquant,gardé,A8,aucun sur le nombre de lieux,opérateur non renseigné,03_points
AN01057,D5,_mview_tel_agents_mobile_money.fid-7111a9c0_193dfd882bb_-5a14,operateur,manquant,gardé,A8,aucun sur le nombre de lieux,opérateur non renseigné,03_points
AN01058,D5,_mview_tel_agents_mobile_money.fid-7111a9c0_193dfd882bb_-5a13,operateur,manquant,gardé,A8,aucun sur le nombre de lieux,opérateur non renseigné,03_points
AN01059,D5,_mview_tel_agents_mobile_money.fid-7111a9c0_193dfd882bb_-5a12,operateur,manquant,gardé,A8,aucun sur le nombre de lieux,opérateur non renseigné,03_points
AN01060,D5,_mview_tel_agents_mobile_money.fid-7111a9c0_193dfd882bb_-5a11,operateur,manquant,gardé,A8,aucun sur le nombre de lieux,opérateur non renseigné,03_points
AN01061,D5,_mview_tel_agents_mobile_money.fid-7111a9c0_193dfd882bb_-5a10,operateur,manquant,gardé,A8,aucun sur le nombre de lieux,opérateur non renseigné,03_points
AN01062,D5,_mview_tel_agents_mobile_money.fid-7111a9c0_193dfd882bb_-5a0f,operateur,manquant,gardé,A8,aucun sur le nombre de lieux,opérateur non renseigné,03_points
AN01063,D5,_mview_tel_agents_mobile_money.fid-7111a9c0_193dfd882bb_-5a0d,operateur,manquant,gardé,A8,aucun sur le nombre de lieux,opérateur non renseigné,03_points
AN01064,D5,_mview_tel_agents_mobile_money.fid-7111a9c0_193dfd882bb_-5a0c,operateur,manquant,gardé,A8,aucun sur le nombre de lieux,opérateur non renseigné,03_points
AN01065,D5,_mview_tel_agents_mobile_money.fid-7111a9c0_193dfd882bb_-5a07,operateur,manquant,gardé,A8,aucun sur le nombre de lieux,opérateur non renseigné,03_points
AN01066,D5,_mview_tel_agents_mobile_money.fid-7111a9c0_193dfd882bb_-59ff,operateur,manquant,gardé,A8,aucun sur le nombre de lieux,opérateur non renseigné,03_points
AN01067,D5,_mview_tel_agents_mobile_money.fid-7111a9c0_193dfd882bb_-59fd,operateur,manquant,gardé,A8,aucun sur le nombre de lieux,opérateur non renseigné,03_points
AN01068,D5,_mview_tel_agents_mobile_money.fid-7111a9c0_193dfd882bb_-59fc,operateur,manquant,gardé,A8,aucun sur le nombre de lieux,opérateur non renseigné,03_points
AN01069,D5,_mview_tel_agents_mobile_money.fid-7111a9c0_193dfd882bb_-59fb,operateur,manquant,gardé,A8,aucun sur le nombre de lieux,opérateur non renseigné,03_points
AN01070,D5,_mview_tel_agents_mobile_money.fid-7111a9c0_193dfd882bb_-59f4,operateur,manquant,gardé,A8,aucun sur le nombre de lieux,opérateur non renseigné,03_points
AN01071,D5,_mview_tel_agents_mobile_money.fid-7111a9c0_193dfd882bb_-59f3,operateur,manquant,gardé,A8,aucun sur le nombre de lieux,opérateur non renseigné,03_points
AN01072,D5,_mview_tel_agents_mobile_money.fid-7111a9c0_193dfd882bb_-59f2,operateur,manquant,gardé,A8,aucun sur le nombre de lieux,opérateur non renseigné,03_points
AN01073,D5,_mview_tel_agents_mobile_money.fid-7111a9c0_193dfd882bb_-59f1,operateur,manquant,gardé,A8,aucun sur le nombre de lieux,opérateur non renseigné,03_points
AN01074,D5,_mview_tel_agents_mobile_money.fid-7111a9c0_193dfd882bb_-59ef,operateur,manquant,gardé,A8,aucun sur le nombre de lieux,opérateur non renseigné,03_points
AN01075,D5,_mview_tel_agents_mobile_money.fid-7111a9c0_193dfd882bb_-59ee,operateur,manquant,gardé,A8,aucun sur le nombre de lieux,opérateur non renseigné,03_points
AN01076,D5,_mview_tel_agents_mobile_money.fid-7111a9c0_193dfd882bb_-59ec,operateur,manquant,gardé,A8,aucun sur le nombre de lieux,opérateur non renseigné,03_points
AN01077,D5,_mview_tel_agents_mobile_money.fid-7111a9c0_193dfd882bb_-59ea,operateur,manquant,gardé,A8,aucun sur le nombre de lieux,opérateur non renseigné,03_points
AN01078,D5,_mview_tel_agents_mobile_money.fid-7111a9c0_193dfd882bb_-59e6,operateur,manquant,gardé,A8,aucun sur le nombre de lieux,opérateur non renseigné,03_points
AN01079,D5,_mview_tel_agents_mobile_money.fid-7111a9c0_193dfd882bb_-59e5,operateur,manquant,gardé,A8,aucun sur le nombre de lieux,opérateur non renseigné,03_points
AN01080,D5,_mview_tel_agents_mobile_money.fid-7111a9c0_193dfd882bb_-59e4,operateur,manquant,gardé,A8,aucun sur le nombre de lieux,opérateur non renseigné,03_points
AN01081,D5,_mview_tel_agents_mobile_money.fid-7111a9c0_193dfd882bb_-59e1,operateur,manquant,gardé,A8,aucun sur le nombre de lieux,opérateur non renseigné,03_points
AN01082,D5,_mview_tel_agents_mobile_money.fid-7111a9c0_193dfd882bb_-59e0,operateur,manquant,gardé,A8,aucun sur le nombre de lieux,opérateur non renseigné,03_points
AN01083,D5,_mview_tel_agents_mobile_money.fid-7111a9c0_193dfd882bb_-59df,operateur,manquant,gardé,A8,aucun sur le nombre de lieux,opérateur non renseigné,03_points
AN01084,D5,_mview_tel_agents_mobile_money.fid-7111a9c0_193dfd882bb_-59de,operateur,manquant,gardé,A8,aucun sur le nombre de lieux,opérateur non renseigné,03_points
AN01085,D5,_mview_tel_agents_mobile_money.fid-7111a9c0_193dfd882bb_-59dd,operateur,manquant,gardé,A8,aucun sur le nombre de lieux,opérateur non renseigné,03_points
AN01086,D5,_mview_tel_agents_mobile_money.fid-7111a9c0_193dfd882bb_-59dc,operateur,manquant,gardé,A8,aucun sur le nombre de lieux,opérateur non renseigné,03_points
AN01087,D5,_mview_tel_agents_mobile_money.fid-7111a9c0_193dfd882bb_-59db,operateur,manquant,gardé,A8,aucun sur le nombre de lieux,opérateur non renseigné,03_points
AN01088,D5,_mview_tel_agents_mobile_money.fid-7111a9c0_193dfd882bb_-59d9,operateur,manquant,gardé,A8,aucun sur le nombre de lieux,opérateur non renseigné,03_points
AN01089,D5,_mview_tel_agents_mobile_money.fid-7111a9c0_193dfd882bb_-59d7,operateur,manquant,gardé,A8,aucun sur le nombre de lieux,opérateur non renseigné,03_points
AN01090,D5,_mview_tel_agents_mobile_money.fid-7111a9c0_193dfd882bb_-59d6,operateur,manquant,gardé,A8,aucun sur le nombre de lieux,opérateur non renseigné,03_points
AN01091,D5,_mview_tel_agents_mobile_money.fid-7111a9c0_193dfd882bb_-59d5,operateur,manquant,gardé,A8,aucun sur le nombre de lieux,opérateur non renseigné,03_points
AN01092,D5,_mview_tel_agents_mobile_money.fid-7111a9c0_193dfd882bb_-59d4,operateur,manquant,gardé,A8,aucun sur le nombre de lieux,opérateur non renseigné,03_points
AN01093,D5,_mview_tel_agents_mobile_money.fid-7111a9c0_193dfd882bb_-59d3,operateur,manquant,gardé,A8,aucun sur le nombre de lieux,opérateur non renseigné,03_points
AN01094,D5,_mview_tel_agents_mobile_money.fid-7111a9c0_193dfd882bb_-59d2,operateur,manquant,gardé,A8,aucun sur le nombre de lieux,opérateur non renseigné,03_points
AN01095,D5,_mview_tel_agents_mobile_money.fid-7111a9c0_193dfd882bb_-59d0,operateur,manquant,gardé,A8,aucun sur le nombre de lieux,opérateur non renseigné,03_points
AN01096,D5,_mview_tel_agents_mobile_money.fid-7111a9c0_193dfd882bb_-59cf,operateur,manquant,gardé,A8,aucun sur le nombre de lieux,opérateur non renseigné,03_points
AN01097,D5,_mview_tel_agents_mobile_money.fid-7111a9c0_193dfd882bb_-59ce,operateur,manquant,gardé,A8,aucun sur le nombre de lieux,opérateur non renseigné,03_points
AN01098,D5,_mview_tel_agents_mobile_money.fid-7111a9c0_193dfd882bb_-59cd,operateur,manquant,gardé,A8,aucun sur le nombre de lieux,opérateur non renseigné,03_points
AN01099,D5,_mview_tel_agents_mobile_money.fid-7111a9c0_193dfd882bb_-59cc,operateur,manquant,gardé,A8,aucun sur le nombre de lieux,opérateur non renseigné,03_points
AN01100,D5,_mview_tel_agents_mobile_money.fid-7111a9c0_193dfd882bb_-59cb,operateur,manquant,gardé,A8,aucun sur le nombre de lieux,opérateur non renseigné,03_points
AN01101,D5,_mview_tel_agents_mobile_money.fid-7111a9c0_193dfd882bb_-59ca,operateur,manquant,gardé,A8,aucun sur le nombre de lieux,opérateur non renseigné,03_points
AN01102,D5,_mview_tel_agents_mobile_money.fid-7111a9c0_193dfd882bb_-59c9,operateur,manquant,gardé,A8,aucun sur le nombre de lieux,opérateur non renseigné,03_points
AN01103,D5,_mview_tel_agents_mobile_money.fid-7111a9c0_193dfd882bb_-59c8,operateur,manquant,gardé,A8,aucun sur le nombre de lieux,opérateur non renseigné,03_points
AN01104,D5,_mview_tel_agents_mobile_money.fid-7111a9c0_193dfd882bb_-59c7,operateur,manquant,gardé,A8,aucun sur le nombre de lieux,opérateur non renseigné,03_points
AN01105,D5,_mview_tel_agents_mobile_money.fid-7111a9c0_193dfd882bb_-59c3,operateur,manquant,gardé,A8,aucun sur le nombre de lieux,opérateur non renseigné,03_points
AN01106,D5,_mview_tel_agents_mobile_money.fid-7111a9c0_193dfd882bb_-59c1,operateur,manquant,gardé,A8,aucun sur le nombre de lieux,opérateur non renseigné,03_points
AN01107,D5,_mview_tel_agents_mobile_money.fid-7111a9c0_193dfd882bb_-59c0,operateur,manquant,gardé,A8,aucun sur le nombre de lieux,opérateur non renseigné,03_points
AN01108,D5,_mview_tel_agents_mobile_money.fid-7111a9c0_193dfd882bb_-59bd,operateur,manquant,gardé,A8,aucun sur le nombre de lieux,opérateur non renseigné,03_points
AN01109,D5,_mview_tel_agents_mobile_money.fid-7111a9c0_193dfd882bb_-59bc,operateur,manquant,gardé,A8,aucun sur le nombre de lieux,opérateur non renseigné,03_points
AN01110,D5,_mview_tel_agents_mobile_money.fid-7111a9c0_193dfd882bb_-59b8,operateur,manquant,gardé,A8,aucun sur le nombre de lieux,opérateur non renseigné,03_points
AN01111,D5,_mview_tel_agents_mobile_money.fid-7111a9c0_193dfd882bb_-59b7,operateur,manquant,gardé,A8,aucun sur le nombre de lieux,opérateur non renseigné,03_points
AN01112,D5,_mview_tel_agents_mobile_money.fid-7111a9c0_193dfd882bb_-59b6,operateur,manquant,gardé,A8,aucun sur le nombre de lieux,opérateur non renseigné,03_points
AN01113,D5,_mview_tel_agents_mobile_money.fid-7111a9c0_193dfd882bb_-59b4,operateur,manquant,gardé,A8,aucun sur le nombre de lieux,opérateur non renseigné,03_points
AN01114,D5,_mview_tel_agents_mobile_money.fid-7111a9c0_193dfd882bb_-59b3,operateur,manquant,gardé,A8,aucun sur le nombre de lieux,opérateur non renseigné,03_points
AN01115,D5,_mview_tel_agents_mobile_money.fid-7111a9c0_193dfd882bb_-59b2,operateur,manquant,gardé,A8,aucun sur le nombre de lieux,opérateur non renseigné,03_points
AN01116,D5,_mview_tel_agents_mobile_money.fid-7111a9c0_193dfd882bb_-59af,operateur,manquant,gardé,A8,aucun sur le nombre de lieux,opérateur non renseigné,03_points
AN01117,D5,_mview_tel_agents_mobile_money.fid-7111a9c0_193dfd882bb_-59ae,operateur,manquant,gardé,A8,aucun sur le nombre de lieux,opérateur non renseigné,03_points
AN01118,D5,_mview_tel_agents_mobile_money.fid-7111a9c0_193dfd882bb_-59ad,operateur,manquant,gardé,A8,aucun sur le nombre de lieux,opérateur non renseigné,03_points
AN01119,D5,_mview_tel_agents_mobile_money.fid-7111a9c0_193dfd882bb_-59ac,operateur,manquant,gardé,A8,aucun sur le nombre de lieux,opérateur non renseigné,03_points
AN01120,D5,_mview_tel_agents_mobile_money.fid-7111a9c0_193dfd882bb_-59a9,operateur,manquant,gardé,A8,aucun sur le nombre de lieux,opérateur non renseigné,03_points
AN01121,D5,_mview_tel_agents_mobile_money.fid-7111a9c0_193dfd882bb_-59a6,operateur,manquant,gardé,A8,aucun sur le nombre de lieux,opérateur non renseigné,03_points
AN01122,D5,_mview_tel_agents_mobile_money.fid-7111a9c0_193dfd882bb_-59a5,operateur,manquant,gardé,A8,aucun sur le nombre de lieux,opérateur non renseigné,03_points
AN01123,D5,_mview_tel_agents_mobile_money.fid-7111a9c0_193dfd882bb_-59a4,operateur,manquant,gardé,A8,aucun sur le nombre de lieux,opérateur non renseigné,03_points
AN01124,D5,_mview_tel_agents_mobile_money.fid-7111a9c0_193dfd882bb_-59a3,operateur,manquant,gardé,A8,aucun sur le nombre de lieux,opérateur non renseigné,03_points
AN01125,D5,_mview_tel_agents_mobile_money.fid-7111a9c0_193dfd882bb_-59a1,operateur,manquant,gardé,A8,aucun sur le nombre de lieux,opérateur non renseigné,03_points
AN01126,D5,_mview_tel_agents_mobile_money.fid-7111a9c0_193dfd882bb_-59a0,operateur,manquant,gardé,A8,aucun sur le nombre de lieux,opérateur non renseigné,03_points
AN01127,D5,_mview_tel_agents_mobile_money.fid-7111a9c0_193dfd882bb_-599b,operateur,manquant,gardé,A8,aucun sur le nombre de lieux,opérateur non renseigné,03_points
AN01128,D5,_mview_tel_agents_mobile_money.fid-7111a9c0_193dfd882bb_-5998,operateur,manquant,gardé,A8,aucun sur le nombre de lieux,opérateur non renseigné,03_points
AN01129,D5,_mview_tel_agents_mobile_money.fid-7111a9c0_193dfd882bb_-5995,operateur,manquant,gardé,A8,aucun sur le nombre de lieux,opérateur non renseigné,03_points
AN01130,D5,_mview_tel_agents_mobile_money.fid-7111a9c0_193dfd882bb_-5994,operateur,manquant,gardé,A8,aucun sur le nombre de lieux,opérateur non renseigné,03_points
AN01131,D5,_mview_tel_agents_mobile_money.fid-7111a9c0_193dfd882bb_-5993,operateur,manquant,gardé,A8,aucun sur le nombre de lieux,opérateur non renseigné,03_points
AN01132,D5,_mview_tel_agents_mobile_money.fid-7111a9c0_193dfd882bb_-5992,operateur,manquant,gardé,A8,aucun sur le nombre de lieux,opérateur non renseigné,03_points
AN01133,D5,_mview_tel_agents_mobile_money.fid-7111a9c0_193dfd882bb_-5991,operateur,manquant,gardé,A8,aucun sur le nombre de lieux,opérateur non renseigné,03_points
AN01134,D5,_mview_tel_agents_mobile_money.fid-7111a9c0_193dfd882bb_-5989,operateur,manquant,gardé,A8,aucun sur le nombre de lieux,opérateur non renseigné,03_points
AN01135,D5,_mview_tel_agents_mobile_money.fid-7111a9c0_193dfd882bb_-5986,operateur,manquant,gardé,A8,aucun sur le nombre de lieux,opérateur non renseigné,03_points
AN01136,D5,_mview_tel_agents_mobile_money.fid-7111a9c0_193dfd882bb_-5985,operateur,manquant,gardé,A8,aucun sur le nombre de lieux,opérateur non renseigné,03_points
AN01137,D5,_mview_tel_agents_mobile_money.fid-7111a9c0_193dfd882bb_-5984,operateur,manquant,gardé,A8,aucun sur le nombre de lieux,opérateur non renseigné,03_points
AN01138,D5,_mview_tel_agents_mobile_money.fid-7111a9c0_193dfd882bb_-5983,operateur,manquant,gardé,A8,aucun sur le nombre de lieux,opérateur non renseigné,03_points
AN01139,D5,_mview_tel_agents_mobile_money.fid-7111a9c0_193dfd882bb_-5982,operateur,manquant,gardé,A8,aucun sur le nombre de lieux,opérateur non renseigné,03_points
AN01140,D5,_mview_tel_agents_mobile_money.fid-7111a9c0_193dfd882bb_-5980,operateur,manquant,gardé,A8,aucun sur le nombre de lieux,opérateur non renseigné,03_points
AN01141,D5,_mview_tel_agents_mobile_money.fid-7111a9c0_193dfd882bb_-597e,operateur,manquant,gardé,A8,aucun sur le nombre de lieux,opérateur non renseigné,03_points
AN01142,D5,_mview_tel_agents_mobile_money.fid-7111a9c0_193dfd882bb_-597d,operateur,manquant,gardé,A8,aucun sur le nombre de lieux,opérateur non renseigné,03_points
AN01143,D5,_mview_tel_agents_mobile_money.fid-7111a9c0_193dfd882bb_-597c,operateur,manquant,gardé,A8,aucun sur le nombre de lieux,opérateur non renseigné,03_points
AN01144,D5,_mview_tel_agents_mobile_money.fid-7111a9c0_193dfd882bb_-597b,operateur,manquant,gardé,A8,aucun sur le nombre de lieux,opérateur non renseigné,03_points
AN01145,D5,_mview_tel_agents_mobile_money.fid-7111a9c0_193dfd882bb_-5979,operateur,manquant,gardé,A8,aucun sur le nombre de lieux,opérateur non renseigné,03_points
AN01146,D5,_mview_tel_agents_mobile_money.fid-7111a9c0_193dfd882bb_-5978,operateur,manquant,gardé,A8,aucun sur le nombre de lieux,opérateur non renseigné,03_points
AN01147,D5,_mview_tel_agents_mobile_money.fid-7111a9c0_193dfd882bb_-5977,operateur,manquant,gardé,A8,aucun sur le nombre de lieux,opérateur non renseigné,03_points
AN01148,D5,_mview_tel_agents_mobile_money.fid-7111a9c0_193dfd882bb_-5975,operateur,manquant,gardé,A8,aucun sur le nombre de lieux,opérateur non renseigné,03_points
AN01149,D5,_mview_tel_agents_mobile_money.fid-7111a9c0_193dfd882bb_-5972,operateur,manquant,gardé,A8,aucun sur le nombre de lieux,opérateur non renseigné,03_points
AN01150,D5,_mview_tel_agents_mobile_money.fid-7111a9c0_193dfd882bb_-5971,operateur,manquant,gardé,A8,aucun sur le nombre de lieux,opérateur non renseigné,03_points
AN01151,D5,_mview_tel_agents_mobile_money.fid-7111a9c0_193dfd882bb_-596e,operateur,manquant,gardé,A8,aucun sur le nombre de lieux,opérateur non renseigné,03_points
AN01152,D5,_mview_tel_agents_mobile_money.fid-7111a9c0_193dfd882bb_-596c,operateur,manquant,gardé,A8,aucun sur le nombre de lieux,opérateur non renseigné,03_points
AN01153,D5,_mview_tel_agents_mobile_money.fid-7111a9c0_193dfd882bb_-596b,operateur,manquant,gardé,A8,aucun sur le nombre de lieux,opérateur non renseigné,03_points
AN01154,D5,_mview_tel_agents_mobile_money.fid-7111a9c0_193dfd882bb_-596a,operateur,manquant,gardé,A8,aucun sur le nombre de lieux,opérateur non renseigné,03_points
AN01155,D5,_mview_tel_agents_mobile_money.fid-7111a9c0_193dfd882bb_-5969,operateur,manquant,gardé,A8,aucun sur le nombre de lieux,opérateur non renseigné,03_points
AN01156,D5,_mview_tel_agents_mobile_money.fid-7111a9c0_193dfd882bb_-5965,operateur,manquant,gardé,A8,aucun sur le nombre de lieux,opérateur non renseigné,03_points
AN01157,D5,_mview_tel_agents_mobile_money.fid-7111a9c0_193dfd882bb_-5964,operateur,manquant,gardé,A8,aucun sur le nombre de lieux,opérateur non renseigné,03_points
AN01158,D5,_mview_tel_agents_mobile_money.fid-7111a9c0_193dfd882bb_-5963,operateur,manquant,gardé,A8,aucun sur le nombre de lieux,opérateur non renseigné,03_points
AN01159,D5,_mview_tel_agents_mobile_money.fid-7111a9c0_193dfd882bb_-5962,operateur,manquant,gardé,A8,aucun sur le nombre de lieux,opérateur non renseigné,03_points
AN01160,D5,_mview_tel_agents_mobile_money.fid-7111a9c0_193dfd882bb_-5961,operateur,manquant,gardé,A8,aucun sur le nombre de lieux,opérateur non renseigné,03_points
AN01161,D5,_mview_tel_agents_mobile_money.fid-7111a9c0_193dfd882bb_-595f,operateur,manquant,gardé,A8,aucun sur le nombre de lieux,opérateur non renseigné,03_points
AN01162,D5,_mview_tel_agents_mobile_money.fid-7111a9c0_193dfd882bb_-595d,operateur,manquant,gardé,A8,aucun sur le nombre de lieux,opérateur non renseigné,03_points
AN01163,D5,_mview_tel_agents_mobile_money.fid-7111a9c0_193dfd882bb_-595b,operateur,manquant,gardé,A8,aucun sur le nombre de lieux,opérateur non renseigné,03_points
AN01164,D5,_mview_tel_agents_mobile_money.fid-7111a9c0_193dfd882bb_-595a,operateur,manquant,gardé,A8,aucun sur le nombre de lieux,opérateur non renseigné,03_points
AN01165,D5,_mview_tel_agents_mobile_money.fid-7111a9c0_193dfd882bb_-5958,operateur,manquant,gardé,A8,aucun sur le nombre de lieux,opérateur non renseigné,03_points
AN01166,D5,_mview_tel_agents_mobile_money.fid-7111a9c0_193dfd882bb_-5957,operateur,manquant,gardé,A8,aucun sur le nombre de lieux,opérateur non renseigné,03_points
AN01167,D5,_mview_tel_agents_mobile_money.fid-7111a9c0_193dfd882bb_-5955,operateur,manquant,gardé,A8,aucun sur le nombre de lieux,opérateur non renseigné,03_points
AN01168,D5,_mview_tel_agents_mobile_money.fid-7111a9c0_193dfd882bb_-5953,operateur,manquant,gardé,A8,aucun sur le nombre de lieux,opérateur non renseigné,03_points
AN01169,D5,_mview_tel_agents_mobile_money.fid-7111a9c0_193dfd882bb_-5952,operateur,manquant,gardé,A8,aucun sur le nombre de lieux,opérateur non renseigné,03_points
AN01170,D5,_mview_tel_agents_mobile_money.fid-7111a9c0_193dfd882bb_-594f,operateur,manquant,gardé,A8,aucun sur le nombre de lieux,opérateur non renseigné,03_points
AN01171,D5,_mview_tel_agents_mobile_money.fid-7111a9c0_193dfd882bb_-594c,operateur,manquant,gardé,A8,aucun sur le nombre de lieux,opérateur non renseigné,03_points
AN01172,D5,_mview_tel_agents_mobile_money.fid-7111a9c0_193dfd882bb_-5949,operateur,manquant,gardé,A8,aucun sur le nombre de lieux,opérateur non renseigné,03_points
AN01173,D5,_mview_tel_agents_mobile_money.fid-7111a9c0_193dfd882bb_-5948,operateur,manquant,gardé,A8,aucun sur le nombre de lieux,opérateur non renseigné,03_points
AN01174,D5,_mview_tel_agents_mobile_money.fid-7111a9c0_193dfd882bb_-5946,operateur,manquant,gardé,A8,aucun sur le nombre de lieux,opérateur non renseigné,03_points
AN01175,D5,_mview_tel_agents_mobile_money.fid-7111a9c0_193dfd882bb_-5944,operateur,manquant,gardé,A8,aucun sur le nombre de lieux,opérateur non renseigné,03_points
AN01176,D5,_mview_tel_agents_mobile_money.fid-7111a9c0_193dfd882bb_-5943,operateur,manquant,gardé,A8,aucun sur le nombre de lieux,opérateur non renseigné,03_points
AN01177,D5,_mview_tel_agents_mobile_money.fid-7111a9c0_193dfd882bb_-5942,operateur,manquant,gardé,A8,aucun sur le nombre de lieux,opérateur non renseigné,03_points
AN01178,D5,_mview_tel_agents_mobile_money.fid-7111a9c0_193dfd882bb_-593d,operateur,manquant,gardé,A8,aucun sur le nombre de lieux,opérateur non renseigné,03_points
AN01179,D5,_mview_tel_agents_mobile_money.fid-7111a9c0_193dfd882bb_-593b,operateur,manquant,gardé,A8,aucun sur le nombre de lieux,opérateur non renseigné,03_points
AN01180,D5,_mview_tel_agents_mobile_money.fid-7111a9c0_193dfd882bb_-5939,operateur,manquant,gardé,A8,aucun sur le nombre de lieux,opérateur non renseigné,03_points
AN01181,D5,_mview_tel_agents_mobile_money.fid-7111a9c0_193dfd882bb_-5938,operateur,manquant,gardé,A8,aucun sur le nombre de lieux,opérateur non renseigné,03_points
AN01182,D5,_mview_tel_agents_mobile_money.fid-7111a9c0_193dfd882bb_-5937,operateur,manquant,gardé,A8,aucun sur le nombre de lieux,opérateur non renseigné,03_points
AN01183,D5,_mview_tel_agents_mobile_money.fid-7111a9c0_193dfd882bb_-5936,operateur,manquant,gardé,A8,aucun sur le nombre de lieux,opérateur non renseigné,03_points
AN01184,D5,_mview_tel_agents_mobile_money.fid-7111a9c0_193dfd882bb_-5934,operateur,manquant,gardé,A8,aucun sur le nombre de lieux,opérateur non renseigné,03_points
AN01185,D5,_mview_tel_agents_mobile_money.fid-7111a9c0_193dfd882bb_-5932,operateur,manquant,gardé,A8,aucun sur le nombre de lieux,opérateur non renseigné,03_points
AN01186,D5,_mview_tel_agents_mobile_money.fid-7111a9c0_193dfd882bb_-5931,operateur,manquant,gardé,A8,aucun sur le nombre de lieux,opérateur non renseigné,03_points
AN01187,D5,_mview_tel_agents_mobile_money.fid-7111a9c0_193dfd882bb_-5930,operateur,manquant,gardé,A8,aucun sur le nombre de lieux,opérateur non renseigné,03_points
AN01188,D5,_mview_tel_agents_mobile_money.fid-7111a9c0_193dfd882bb_-592b,operateur,manquant,gardé,A8,aucun sur le nombre de lieux,opérateur non renseigné,03_points
AN01189,D5,_mview_tel_agents_mobile_money.fid-7111a9c0_193dfd882bb_-5927,operateur,manquant,gardé,A8,aucun sur le nombre de lieux,opérateur non renseigné,03_points
AN01190,D5,_mview_tel_agents_mobile_money.fid-7111a9c0_193dfd882bb_-5923,operateur,manquant,gardé,A8,aucun sur le nombre de lieux,opérateur non renseigné,03_points
AN01191,D5,_mview_tel_agents_mobile_money.fid-7111a9c0_193dfd882bb_-5921,operateur,manquant,gardé,A8,aucun sur le nombre de lieux,opérateur non renseigné,03_points
AN01192,D5,_mview_tel_agents_mobile_money.fid-7111a9c0_193dfd882bb_-591f,operateur,manquant,gardé,A8,aucun sur le nombre de lieux,opérateur non renseigné,03_points
AN01193,D5,_mview_tel_agents_mobile_money.fid-7111a9c0_193dfd882bb_-5919,operateur,manquant,gardé,A8,aucun sur le nombre de lieux,opérateur non renseigné,03_points
AN01194,D5,_mview_tel_agents_mobile_money.fid-7111a9c0_193dfd882bb_-5916,operateur,manquant,gardé,A8,aucun sur le nombre de lieux,opérateur non renseigné,03_points
AN01195,D5,_mview_tel_agents_mobile_money.fid-7111a9c0_193dfd882bb_-5915,operateur,manquant,gardé,A8,aucun sur le nombre de lieux,opérateur non renseigné,03_points
AN01196,D5,_mview_tel_agents_mobile_money.fid-7111a9c0_193dfd882bb_-5914,operateur,manquant,gardé,A8,aucun sur le nombre de lieux,opérateur non renseigné,03_points
AN01197,D5,_mview_tel_agents_mobile_money.fid-7111a9c0_193dfd882bb_-5911,operateur,manquant,gardé,A8,aucun sur le nombre de lieux,opérateur non renseigné,03_points
AN01198,D5,_mview_tel_agents_mobile_money.fid-7111a9c0_193dfd882bb_-5910,operateur,manquant,gardé,A8,aucun sur le nombre de lieux,opérateur non renseigné,03_points
AN01199,D5,_mview_tel_agents_mobile_money.fid-7111a9c0_193dfd882bb_-590e,operateur,manquant,gardé,A8,aucun sur le nombre de lieux,opérateur non renseigné,03_points
AN01200,D5,_mview_tel_agents_mobile_money.fid-7111a9c0_193dfd882bb_-590a,operateur,manquant,gardé,A8,aucun sur le nombre de lieux,opérateur non renseigné,03_points
AN01201,D5,_mview_tel_agents_mobile_money.fid-7111a9c0_193dfd882bb_-5908,operateur,manquant,gardé,A8,aucun sur le nombre de lieux,opérateur non renseigné,03_points
AN01202,D5,_mview_tel_agents_mobile_money.fid-7111a9c0_193dfd882bb_-5907,operateur,manquant,gardé,A8,aucun sur le nombre de lieux,opérateur non renseigné,03_points
AN01203,D5,_mview_tel_agents_mobile_money.fid-7111a9c0_193dfd882bb_-5906,operateur,manquant,gardé,A8,aucun sur le nombre de lieux,opérateur non renseigné,03_points
AN01204,D5,_mview_tel_agents_mobile_money.fid-7111a9c0_193dfd882bb_-5904,operateur,manquant,gardé,A8,aucun sur le nombre de lieux,opérateur non renseigné,03_points
AN01205,D5,_mview_tel_agents_mobile_money.fid-7111a9c0_193dfd882bb_-5901,operateur,manquant,gardé,A8,aucun sur le nombre de lieux,opérateur non renseigné,03_points
AN01206,D5,_mview_tel_agents_mobile_money.fid-7111a9c0_193dfd882bb_-58fe,operateur,manquant,gardé,A8,aucun sur le nombre de lieux,opérateur non renseigné,03_points
AN01207,D5,_mview_tel_agents_mobile_money.fid-7111a9c0_193dfd882bb_-58fc,operateur,manquant,gardé,A8,aucun sur le nombre de lieux,opérateur non renseigné,03_points
AN01208,D5,_mview_tel_agents_mobile_money.fid-7111a9c0_193dfd882bb_-58fb,operateur,manquant,gardé,A8,aucun sur le nombre de lieux,opérateur non renseigné,03_points
AN01209,D5,_mview_tel_agents_mobile_money.fid-7111a9c0_193dfd882bb_-58f3,operateur,manquant,gardé,A8,aucun sur le nombre de lieux,opérateur non renseigné,03_points
AN01210,D5,_mview_tel_agents_mobile_money.fid-7111a9c0_193dfd882bb_-58ee,operateur,manquant,gardé,A8,aucun sur le nombre de lieux,opérateur non renseigné,03_points
AN01211,D5,_mview_tel_agents_mobile_money.fid-7111a9c0_193dfd882bb_-58ea,operateur,manquant,gardé,A8,aucun sur le nombre de lieux,opérateur non renseigné,03_points
AN01212,D5,_mview_tel_agents_mobile_money.fid-7111a9c0_193dfd882bb_-58e3,operateur,manquant,gardé,A8,aucun sur le nombre de lieux,opérateur non renseigné,03_points
AN01213,D5,_mview_tel_agents_mobile_money.fid-7111a9c0_193dfd882bb_-58e0,operateur,manquant,gardé,A8,aucun sur le nombre de lieux,opérateur non renseigné,03_points
AN01214,D5,_mview_tel_agents_mobile_money.fid-7111a9c0_193dfd882bb_-58de,operateur,manquant,gardé,A8,aucun sur le nombre de lieux,opérateur non renseigné,03_points
AN01215,D5,_mview_tel_agents_mobile_money.fid-7111a9c0_193dfd882bb_-58dd,operateur,manquant,gardé,A8,aucun sur le nombre de lieux,opérateur non renseigné,03_points
AN01216,D5,_mview_tel_agents_mobile_money.fid-7111a9c0_193dfd882bb_-58dc,operateur,manquant,gardé,A8,aucun sur le nombre de lieux,opérateur non renseigné,03_points
AN01217,D5,_mview_tel_agents_mobile_money.fid-7111a9c0_193dfd882bb_-58db,operateur,manquant,gardé,A8,aucun sur le nombre de lieux,opérateur non renseigné,03_points
AN01218,D5,_mview_tel_agents_mobile_money.fid-7111a9c0_193dfd882bb_-58da,operateur,manquant,gardé,A8,aucun sur le nombre de lieux,opérateur non renseigné,03_points
AN01219,D5,_mview_tel_agents_mobile_money.fid-7111a9c0_193dfd882bb_-58d9,operateur,manquant,gardé,A8,aucun sur le nombre de lieux,opérateur non renseigné,03_points
AN01220,D5,_mview_tel_agents_mobile_money.fid-7111a9c0_193dfd882bb_-58d8,operateur,manquant,gardé,A8,aucun sur le nombre de lieux,opérateur non renseigné,03_points
AN01221,D5,_mview_tel_agents_mobile_money.fid-7111a9c0_193dfd882bb_-58d7,operateur,manquant,gardé,A8,aucun sur le nombre de lieux,opérateur non renseigné,03_points
AN01222,D5,_mview_tel_agents_mobile_money.fid-7111a9c0_193dfd882bb_-58d6,operateur,manquant,gardé,A8,aucun sur le nombre de lieux,opérateur non renseigné,03_points
AN01223,D5,_mview_tel_agents_mobile_money.fid-7111a9c0_193dfd882bb_-58d5,operateur,manquant,gardé,A8,aucun sur le nombre de lieux,opérateur non renseigné,03_points
AN01224,D5,_mview_tel_agents_mobile_money.fid-7111a9c0_193dfd882bb_-58d4,operateur,manquant,gardé,A8,aucun sur le nombre de lieux,opérateur non renseigné,03_points
AN01225,D5,_mview_tel_agents_mobile_money.fid-7111a9c0_193dfd882bb_-58d3,operateur,manquant,gardé,A8,aucun sur le nombre de lieux,opérateur non renseigné,03_points
AN01226,D5,_mview_tel_agents_mobile_money.fid-7111a9c0_193dfd882bb_-587c,operateur,manquant,gardé,A8,aucun sur le nombre de lieux,opérateur non renseigné,03_points
AN01227,D5,_mview_tel_agents_mobile_money.fid-7111a9c0_193dfd882bb_-5840,operateur,manquant,gardé,A8,aucun sur le nombre de lieux,opérateur non renseigné,03_points
AN01228,D5,_mview_tel_agents_mobile_money.fid-7111a9c0_193dfd882bb_-57cb,operateur,manquant,gardé,A8,aucun sur le nombre de lieux,opérateur non renseigné,03_points
AN01229,D5,_mview_tel_agents_mobile_money.fid-7111a9c0_193dfd882bb_-5779,operateur,manquant,gardé,A8,aucun sur le nombre de lieux,opérateur non renseigné,03_points
AN01230,D5,_mview_tel_agents_mobile_money.fid-7111a9c0_193dfd882bb_-5719,operateur,manquant,gardé,A8,aucun sur le nombre de lieux,opérateur non renseigné,03_points
AN01231,D5,_mview_tel_agents_mobile_money.fid-7111a9c0_193dfd882bb_-56f1,operateur,manquant,gardé,A8,aucun sur le nombre de lieux,opérateur non renseigné,03_points
AN01232,D5,_mview_tel_agents_mobile_money.fid-7111a9c0_193dfd882bb_-56bb,operateur,manquant,gardé,A8,aucun sur le nombre de lieux,opérateur non renseigné,03_points
AN01233,D5,_mview_tel_agents_mobile_money.fid-7111a9c0_193dfd882bb_-5692,operateur,manquant,gardé,A8,aucun sur le nombre de lieux,opérateur non renseigné,03_points
AN01234,D5,_mview_tel_agents_mobile_money.fid-7111a9c0_193dfd882bb_-566f,operateur,manquant,gardé,A8,aucun sur le nombre de lieux,opérateur non renseigné,03_points
AN01235,D5,_mview_tel_agents_mobile_money.fid-7111a9c0_193dfd882bb_-5663,operateur,manquant,gardé,A8,aucun sur le nombre de lieux,opérateur non renseigné,03_points
AN01236,D5,_mview_tel_agents_mobile_money.fid-7111a9c0_193dfd882bb_-5632,operateur,manquant,gardé,A8,aucun sur le nombre de lieux,opérateur non renseigné,03_points
AN01237,D5,_mview_tel_agents_mobile_money.fid-7111a9c0_193dfd882bb_-5617,operateur,manquant,gardé,A8,aucun sur le nombre de lieux,opérateur non renseigné,03_points
AN01238,D5,_mview_tel_agents_mobile_money.fid-7111a9c0_193dfd882bb_-5611,operateur,manquant,gardé,A8,aucun sur le nombre de lieux,opérateur non renseigné,03_points
AN01239,D5,_mview_tel_agents_mobile_money.fid-7111a9c0_193dfd882bb_-55e3,operateur,manquant,gardé,A8,aucun sur le nombre de lieux,opérateur non renseigné,03_points
AN01240,D5,_mview_tel_agents_mobile_money.fid-7111a9c0_193dfd882bb_-55cd,operateur,manquant,gardé,A8,aucun sur le nombre de lieux,opérateur non renseigné,03_points
AN01241,D5,_mview_tel_agents_mobile_money.fid-7111a9c0_193dfd882bb_-55c1,operateur,manquant,gardé,A8,aucun sur le nombre de lieux,opérateur non renseigné,03_points
AN01242,D5,_mview_tel_agents_mobile_money.fid-7111a9c0_193dfd882bb_-55a9,operateur,manquant,gardé,A8,aucun sur le nombre de lieux,opérateur non renseigné,03_points
AN01243,D5,_mview_tel_agents_mobile_money.fid-7111a9c0_193dfd882bb_-558d,operateur,manquant,gardé,A8,aucun sur le nombre de lieux,opérateur non renseigné,03_points
AN01244,D5,_mview_tel_agents_mobile_money.fid-7111a9c0_193dfd882bb_-5582,operateur,manquant,gardé,A8,aucun sur le nombre de lieux,opérateur non renseigné,03_points
AN01245,D5,_mview_tel_agents_mobile_money.fid-7111a9c0_193dfd882bb_-5520,operateur,manquant,gardé,A8,aucun sur le nombre de lieux,opérateur non renseigné,03_points
AN01246,D5,_mview_tel_agents_mobile_money.fid-7111a9c0_193dfd882bb_-551d,operateur,manquant,gardé,A8,aucun sur le nombre de lieux,opérateur non renseigné,03_points
AN01247,D5,_mview_tel_agents_mobile_money.fid-7111a9c0_193dfd882bb_-54b0,operateur,manquant,gardé,A8,aucun sur le nombre de lieux,opérateur non renseigné,03_points
AN01248,D5,_mview_tel_agents_mobile_money.fid-7111a9c0_193dfd882bb_-5452,operateur,manquant,gardé,A8,aucun sur le nombre de lieux,opérateur non renseigné,03_points
AN01249,D5,_mview_tel_agents_mobile_money.fid-7111a9c0_193dfd882bb_-544b,operateur,manquant,gardé,A8,aucun sur le nombre de lieux,opérateur non renseigné,03_points
AN01250,D5,_mview_tel_agents_mobile_money.fid-7111a9c0_193dfd882bb_-53a4,operateur,manquant,gardé,A8,aucun sur le nombre de lieux,opérateur non renseigné,03_points
AN01251,D5,_mview_tel_agents_mobile_money.fid-7111a9c0_193dfd882bb_-52c6,operateur,manquant,gardé,A8,aucun sur le nombre de lieux,opérateur non renseigné,03_points
AN01252,D5,_mview_tel_agents_mobile_money.fid-7111a9c0_193dfd882bb_-5296,operateur,manquant,gardé,A8,aucun sur le nombre de lieux,opérateur non renseigné,03_points
AN01253,D5,_mview_tel_agents_mobile_money.fid-7111a9c0_193dfd882bb_-5256,operateur,manquant,gardé,A8,aucun sur le nombre de lieux,opérateur non renseigné,03_points
AN01254,D5,_mview_tel_agents_mobile_money.fid-7111a9c0_193dfd882bb_-522c,operateur,manquant,gardé,A8,aucun sur le nombre de lieux,opérateur non renseigné,03_points
AN01255,D5,_mview_tel_agents_mobile_money.fid-7111a9c0_193dfd882bb_-51e7,operateur,manquant,gardé,A8,aucun sur le nombre de lieux,opérateur non renseigné,03_points
AN01256,D5,_mview_tel_agents_mobile_money.fid-7111a9c0_193dfd882bb_-51d8,operateur,manquant,gardé,A8,aucun sur le nombre de lieux,opérateur non renseigné,03_points
AN01257,D5,_mview_tel_agents_mobile_money.fid-7111a9c0_193dfd882bb_-51b4,operateur,manquant,gardé,A8,aucun sur le nombre de lieux,opérateur non renseigné,03_points
AN01258,D5,_mview_tel_agents_mobile_money.fid-7111a9c0_193dfd882bb_-5196,operateur,manquant,gardé,A8,aucun sur le nombre de lieux,opérateur non renseigné,03_points
AN01259,D5,_mview_tel_agents_mobile_money.fid-7111a9c0_193dfd882bb_-517c,operateur,manquant,gardé,A8,aucun sur le nombre de lieux,opérateur non renseigné,03_points
AN01260,D5,_mview_tel_agents_mobile_money.fid-7111a9c0_193dfd882bb_-517a,operateur,manquant,gardé,A8,aucun sur le nombre de lieux,opérateur non renseigné,03_points
AN01261,D5,_mview_tel_agents_mobile_money.fid-7111a9c0_193dfd882bb_-510c,operateur,manquant,gardé,A8,aucun sur le nombre de lieux,opérateur non renseigné,03_points
AN01262,D5,_mview_tel_agents_mobile_money.fid-7111a9c0_193dfd882bb_-50e2,operateur,manquant,gardé,A8,aucun sur le nombre de lieux,opérateur non renseigné,03_points
AN01263,D5,_mview_tel_agents_mobile_money.fid-7111a9c0_193dfd882bb_-507d,operateur,manquant,gardé,A8,aucun sur le nombre de lieux,opérateur non renseigné,03_points
AN01264,D5,_mview_tel_agents_mobile_money.fid-7111a9c0_193dfd882bb_-507a,operateur,manquant,gardé,A8,aucun sur le nombre de lieux,opérateur non renseigné,03_points
AN01265,D5,_mview_tel_agents_mobile_money.fid-7111a9c0_193dfd882bb_-501b,operateur,manquant,gardé,A8,aucun sur le nombre de lieux,opérateur non renseigné,03_points
AN01266,D5,_mview_tel_agents_mobile_money.fid-7111a9c0_193dfd882bb_-5016,operateur,manquant,gardé,A8,aucun sur le nombre de lieux,opérateur non renseigné,03_points
AN01267,D5,_mview_tel_agents_mobile_money.fid-7111a9c0_193dfd882bb_-4fea,operateur,manquant,gardé,A8,aucun sur le nombre de lieux,opérateur non renseigné,03_points
AN01268,D5,_mview_tel_agents_mobile_money.fid-7111a9c0_193dfd882bb_-4fd4,operateur,manquant,gardé,A8,aucun sur le nombre de lieux,opérateur non renseigné,03_points
AN01269,D5,_mview_tel_agents_mobile_money.fid-7111a9c0_193dfd882bb_-4fb0,operateur,manquant,gardé,A8,aucun sur le nombre de lieux,opérateur non renseigné,03_points
AN01270,D5,_mview_tel_agents_mobile_money.fid-7111a9c0_193dfd882bb_-4fa9,operateur,manquant,gardé,A8,aucun sur le nombre de lieux,opérateur non renseigné,03_points
AN01271,D5,_mview_tel_agents_mobile_money.fid-7111a9c0_193dfd882bb_-4f85,operateur,manquant,gardé,A8,aucun sur le nombre de lieux,opérateur non renseigné,03_points
AN01272,D5,_mview_tel_agents_mobile_money.fid-7111a9c0_193dfd882bb_-4f52,operateur,manquant,gardé,A8,aucun sur le nombre de lieux,opérateur non renseigné,03_points
AN01273,D5,_mview_tel_agents_mobile_money.fid-7111a9c0_193dfd882bb_-4f31,operateur,manquant,gardé,A8,aucun sur le nombre de lieux,opérateur non renseigné,03_points
AN01274,D5,_mview_tel_agents_mobile_money.fid-7111a9c0_193dfd882bb_-4e1e,operateur,manquant,gardé,A8,aucun sur le nombre de lieux,opérateur non renseigné,03_points
AN01275,D5,_mview_tel_agents_mobile_money.fid-7111a9c0_193dfd882bb_-4dc0,operateur,manquant,gardé,A8,aucun sur le nombre de lieux,opérateur non renseigné,03_points
AN01276,D5,_mview_tel_agents_mobile_money.fid-7111a9c0_193dfd882bb_-4d07,operateur,manquant,gardé,A8,aucun sur le nombre de lieux,opérateur non renseigné,03_points
AN01277,D5,_mview_tel_agents_mobile_money.fid-7111a9c0_193dfd882bb_-4c5d,operateur,manquant,gardé,A8,aucun sur le nombre de lieux,opérateur non renseigné,03_points
AN01278,D5,_mview_tel_agents_mobile_money.fid-7111a9c0_193dfd882bb_-4c22,operateur,manquant,gardé,A8,aucun sur le nombre de lieux,opérateur non renseigné,03_points
AN01279,D5,_mview_tel_agents_mobile_money.fid-7111a9c0_193dfd882bb_-4c16,operateur,manquant,gardé,A8,aucun sur le nombre de lieux,opérateur non renseigné,03_points
AN01280,D5,_mview_tel_agents_mobile_money.fid-7111a9c0_193dfd882bb_-4ba3,operateur,manquant,gardé,A8,aucun sur le nombre de lieux,opérateur non renseigné,03_points
AN01281,D5,_mview_tel_agents_mobile_money.fid-7111a9c0_193dfd882bb_-4b18,operateur,manquant,gardé,A8,aucun sur le nombre de lieux,opérateur non renseigné,03_points
AN01282,D5,_mview_tel_agents_mobile_money.fid-7111a9c0_193dfd882bb_-4b11,operateur,manquant,gardé,A8,aucun sur le nombre de lieux,opérateur non renseigné,03_points
AN01283,D5,_mview_tel_agents_mobile_money.fid-7111a9c0_193dfd882bb_-4a82,operateur,manquant,gardé,A8,aucun sur le nombre de lieux,opérateur non renseigné,03_points
AN01284,D5,_mview_tel_agents_mobile_money.fid-7111a9c0_193dfd882bb_-49e0,operateur,manquant,gardé,A8,aucun sur le nombre de lieux,opérateur non renseigné,03_points
AN01285,D5,_mview_tel_agents_mobile_money.fid-7111a9c0_193dfd882bb_-4932,operateur,manquant,gardé,A8,aucun sur le nombre de lieux,opérateur non renseigné,03_points
AN01286,D5,_mview_tel_agents_mobile_money.fid-7111a9c0_193dfd882bb_-492c,operateur,manquant,gardé,A8,aucun sur le nombre de lieux,opérateur non renseigné,03_points
AN01287,D5,_mview_tel_agents_mobile_money.fid-7111a9c0_193dfd882bb_-490c,operateur,manquant,gardé,A8,aucun sur le nombre de lieux,opérateur non renseigné,03_points
AN01288,D5,_mview_tel_agents_mobile_money.fid-7111a9c0_193dfd882bb_-48c5,operateur,manquant,gardé,A8,aucun sur le nombre de lieux,opérateur non renseigné,03_points
AN01289,D5,_mview_tel_agents_mobile_money.fid-7111a9c0_193dfd882bb_-48c4,operateur,manquant,gardé,A8,aucun sur le nombre de lieux,opérateur non renseigné,03_points
AN01290,D5,_mview_tel_agents_mobile_money.fid-7111a9c0_193dfd882bb_-480b,operateur,manquant,gardé,A8,aucun sur le nombre de lieux,opérateur non renseigné,03_points
AN01291,D5,_mview_tel_agents_mobile_money.fid-7111a9c0_193dfd882bb_-47c6,operateur,manquant,gardé,A8,aucun sur le nombre de lieux,opérateur non renseigné,03_points
AN01292,D5,_mview_tel_agents_mobile_money.fid-7111a9c0_193dfd882bb_-47a8,operateur,manquant,gardé,A8,aucun sur le nombre de lieux,opérateur non renseigné,03_points
AN01293,D5,_mview_tel_agents_mobile_money.fid-7111a9c0_193dfd882bb_-477d,operateur,manquant,gardé,A8,aucun sur le nombre de lieux,opérateur non renseigné,03_points
AN01294,D5,_mview_tel_agents_mobile_money.fid-7111a9c0_193dfd882bb_-4775,operateur,manquant,gardé,A8,aucun sur le nombre de lieux,opérateur non renseigné,03_points
AN01295,D5,_mview_tel_agents_mobile_money.fid-7111a9c0_193dfd882bb_-474a,operateur,manquant,gardé,A8,aucun sur le nombre de lieux,opérateur non renseigné,03_points
AN01296,D5,_mview_tel_agents_mobile_money.fid-7111a9c0_193dfd882bb_-4749,operateur,manquant,gardé,A8,aucun sur le nombre de lieux,opérateur non renseigné,03_points
AN01297,D5,_mview_tel_agents_mobile_money.fid-7111a9c0_193dfd882bb_-4719,operateur,manquant,gardé,A8,aucun sur le nombre de lieux,opérateur non renseigné,03_points
AN01298,D5,_mview_tel_agents_mobile_money.fid-7111a9c0_193dfd882bb_-46f2,operateur,manquant,gardé,A8,aucun sur le nombre de lieux,opérateur non renseigné,03_points
AN01299,D5,_mview_tel_agents_mobile_money.fid-7111a9c0_193dfd882bb_-468c,operateur,manquant,gardé,A8,aucun sur le nombre de lieux,opérateur non renseigné,03_points
AN01300,D5,_mview_tel_agents_mobile_money.fid-7111a9c0_193dfd882bb_-4669,operateur,manquant,gardé,A8,aucun sur le nombre de lieux,opérateur non renseigné,03_points
AN01301,D5,_mview_tel_agents_mobile_money.fid-7111a9c0_193dfd882bb_-4651,operateur,manquant,gardé,A8,aucun sur le nombre de lieux,opérateur non renseigné,03_points
AN01302,D5,_mview_tel_agents_mobile_money.fid-7111a9c0_193dfd882bb_-460f,operateur,manquant,gardé,A8,aucun sur le nombre de lieux,opérateur non renseigné,03_points
AN01303,D5,_mview_tel_agents_mobile_money.fid-7111a9c0_193dfd882bb_-45e9,operateur,manquant,gardé,A8,aucun sur le nombre de lieux,opérateur non renseigné,03_points
AN01304,D5,_mview_tel_agents_mobile_money.fid-7111a9c0_193dfd882bb_-45d8,operateur,manquant,gardé,A8,aucun sur le nombre de lieux,opérateur non renseigné,03_points
AN01305,D5,_mview_tel_agents_mobile_money.fid-7111a9c0_193dfd882bb_-45be,operateur,manquant,gardé,A8,aucun sur le nombre de lieux,opérateur non renseigné,03_points
AN01306,D5,_mview_tel_agents_mobile_money.fid-7111a9c0_193dfd882bb_-45b2,operateur,manquant,gardé,A8,aucun sur le nombre de lieux,opérateur non renseigné,03_points
AN01307,D5,_mview_tel_agents_mobile_money.fid-7111a9c0_193dfd882bb_-4544,operateur,manquant,gardé,A8,aucun sur le nombre de lieux,opérateur non renseigné,03_points
AN01308,D5,_mview_tel_agents_mobile_money.fid-7111a9c0_193dfd882bb_-4533,operateur,manquant,gardé,A8,aucun sur le nombre de lieux,opérateur non renseigné,03_points
AN01309,D5,_mview_tel_agents_mobile_money.fid-7111a9c0_193dfd882bb_-451a,operateur,manquant,gardé,A8,aucun sur le nombre de lieux,opérateur non renseigné,03_points
AN01310,D5,_mview_tel_agents_mobile_money.fid-7111a9c0_193dfd882bb_-450a,operateur,manquant,gardé,A8,aucun sur le nombre de lieux,opérateur non renseigné,03_points
AN01311,D5,_mview_tel_agents_mobile_money.fid-7111a9c0_193dfd882bb_-44f7,operateur,manquant,gardé,A8,aucun sur le nombre de lieux,opérateur non renseigné,03_points
AN01312,D5,_mview_tel_agents_mobile_money.fid-7111a9c0_193dfd882bb_-44e0,operateur,manquant,gardé,A8,aucun sur le nombre de lieux,opérateur non renseigné,03_points
AN01313,D5,_mview_tel_agents_mobile_money.fid-7111a9c0_193dfd882bb_-44c9,operateur,manquant,gardé,A8,aucun sur le nombre de lieux,opérateur non renseigné,03_points
AN01314,D5,_mview_tel_agents_mobile_money.fid-7111a9c0_193dfd882bb_-44ac,operateur,manquant,gardé,A8,aucun sur le nombre de lieux,opérateur non renseigné,03_points
AN01315,D5,_mview_tel_agents_mobile_money.fid-7111a9c0_193dfd882bb_-44a1,operateur,manquant,gardé,A8,aucun sur le nombre de lieux,opérateur non renseigné,03_points
AN01316,D5,_mview_tel_agents_mobile_money.fid-7111a9c0_193dfd882bb_-447d,operateur,manquant,gardé,A8,aucun sur le nombre de lieux,opérateur non renseigné,03_points
AN01317,D5,_mview_tel_agents_mobile_money.fid-7111a9c0_193dfd882bb_-4475,operateur,manquant,gardé,A8,aucun sur le nombre de lieux,opérateur non renseigné,03_points
AN01318,D5,_mview_tel_agents_mobile_money.fid-7111a9c0_193dfd882bb_-442b,operateur,manquant,gardé,A8,aucun sur le nombre de lieux,opérateur non renseigné,03_points
AN01319,D5,_mview_tel_agents_mobile_money.fid-7111a9c0_193dfd882bb_-4416,operateur,manquant,gardé,A8,aucun sur le nombre de lieux,opérateur non renseigné,03_points
AN01320,D5,_mview_tel_agents_mobile_money.fid-7111a9c0_193dfd882bb_-440f,operateur,manquant,gardé,A8,aucun sur le nombre de lieux,opérateur non renseigné,03_points
AN01321,D5,_mview_tel_agents_mobile_money.fid-7111a9c0_193dfd882bb_-43fb,operateur,manquant,gardé,A8,aucun sur le nombre de lieux,opérateur non renseigné,03_points
AN01322,D5,_mview_tel_agents_mobile_money.fid-7111a9c0_193dfd882bb_-43f9,operateur,manquant,gardé,A8,aucun sur le nombre de lieux,opérateur non renseigné,03_points
AN01323,D5,_mview_tel_agents_mobile_money.fid-7111a9c0_193dfd882bb_-43c4,operateur,manquant,gardé,A8,aucun sur le nombre de lieux,opérateur non renseigné,03_points
AN01324,D5,_mview_tel_agents_mobile_money.fid-7111a9c0_193dfd882bb_-43c2,operateur,manquant,gardé,A8,aucun sur le nombre de lieux,opérateur non renseigné,03_points
AN01325,D5,_mview_tel_agents_mobile_money.fid-7111a9c0_193dfd882bb_-43bc,operateur,manquant,gardé,A8,aucun sur le nombre de lieux,opérateur non renseigné,03_points
AN01326,D5,_mview_tel_agents_mobile_money.fid-7111a9c0_193dfd882bb_-4389,operateur,manquant,gardé,A8,aucun sur le nombre de lieux,opérateur non renseigné,03_points
AN01327,D5,_mview_tel_agents_mobile_money.fid-7111a9c0_193dfd882bb_-436e,operateur,manquant,gardé,A8,aucun sur le nombre de lieux,opérateur non renseigné,03_points
AN01328,D5,_mview_tel_agents_mobile_money.fid-7111a9c0_193dfd882bb_-42a7,operateur,manquant,gardé,A8,aucun sur le nombre de lieux,opérateur non renseigné,03_points
AN01329,D5,_mview_tel_agents_mobile_money.fid-7111a9c0_193dfd882bb_-429b,operateur,manquant,gardé,A8,aucun sur le nombre de lieux,opérateur non renseigné,03_points
AN01330,D5,_mview_tel_agents_mobile_money.fid-7111a9c0_193dfd882bb_-425f,operateur,manquant,gardé,A8,aucun sur le nombre de lieux,opérateur non renseigné,03_points
AN01331,D5,_mview_tel_agents_mobile_money.fid-7111a9c0_193dfd882bb_-423f,operateur,manquant,gardé,A8,aucun sur le nombre de lieux,opérateur non renseigné,03_points
AN01332,D5,_mview_tel_agents_mobile_money.fid-7111a9c0_193dfd882bb_-423a,operateur,manquant,gardé,A8,aucun sur le nombre de lieux,opérateur non renseigné,03_points
AN01333,D5,_mview_tel_agents_mobile_money.fid-7111a9c0_193dfd882bb_-4234,operateur,manquant,gardé,A8,aucun sur le nombre de lieux,opérateur non renseigné,03_points
AN01334,D5,_mview_tel_agents_mobile_money.fid-7111a9c0_193dfd882bb_-41b6,operateur,manquant,gardé,A8,aucun sur le nombre de lieux,opérateur non renseigné,03_points
AN01335,D5,_mview_tel_agents_mobile_money.fid-7111a9c0_193dfd882bb_-41b0,operateur,manquant,gardé,A8,aucun sur le nombre de lieux,opérateur non renseigné,03_points
AN01336,D5,_mview_tel_agents_mobile_money.fid-7111a9c0_193dfd882bb_-41af,operateur,manquant,gardé,A8,aucun sur le nombre de lieux,opérateur non renseigné,03_points
AN01337,D5,_mview_tel_agents_mobile_money.fid-7111a9c0_193dfd882bb_-41a5,operateur,manquant,gardé,A8,aucun sur le nombre de lieux,opérateur non renseigné,03_points
AN01338,D5,_mview_tel_agents_mobile_money.fid-7111a9c0_193dfd882bb_-41a0,operateur,manquant,gardé,A8,aucun sur le nombre de lieux,opérateur non renseigné,03_points
AN01339,D5,_mview_tel_agents_mobile_money.fid-7111a9c0_193dfd882bb_-4199,operateur,manquant,gardé,A8,aucun sur le nombre de lieux,opérateur non renseigné,03_points
AN01340,D5,_mview_tel_agents_mobile_money.fid-7111a9c0_193dfd882bb_-4177,operateur,manquant,gardé,A8,aucun sur le nombre de lieux,opérateur non renseigné,03_points
AN01341,D5,_mview_tel_agents_mobile_money.fid-7111a9c0_193dfd882bb_-4156,operateur,manquant,gardé,A8,aucun sur le nombre de lieux,opérateur non renseigné,03_points
AN01342,D5,_mview_tel_agents_mobile_money.fid-7111a9c0_193dfd882bb_-4121,operateur,manquant,gardé,A8,aucun sur le nombre de lieux,opérateur non renseigné,03_points
AN01343,D5,_mview_tel_agents_mobile_money.fid-7111a9c0_193dfd882bb_-411a,operateur,manquant,gardé,A8,aucun sur le nombre de lieux,opérateur non renseigné,03_points
AN01344,D5,_mview_tel_agents_mobile_money.fid-7111a9c0_193dfd882bb_-4110,operateur,manquant,gardé,A8,aucun sur le nombre de lieux,opérateur non renseigné,03_points
AN01345,D5,_mview_tel_agents_mobile_money.fid-7111a9c0_193dfd882bb_-40fc,operateur,manquant,gardé,A8,aucun sur le nombre de lieux,opérateur non renseigné,03_points
AN01346,D5,_mview_tel_agents_mobile_money.fid-7111a9c0_193dfd882bb_-40f5,operateur,manquant,gardé,A8,aucun sur le nombre de lieux,opérateur non renseigné,03_points
AN01347,D5,_mview_tel_agents_mobile_money.fid-7111a9c0_193dfd882bb_-409a,operateur,manquant,gardé,A8,aucun sur le nombre de lieux,opérateur non renseigné,03_points
AN01348,D5,_mview_tel_agents_mobile_money.fid-7111a9c0_193dfd882bb_-408e,operateur,manquant,gardé,A8,aucun sur le nombre de lieux,opérateur non renseigné,03_points
AN01349,D5,_mview_tel_agents_mobile_money.fid-7111a9c0_193dfd882bb_-407c,operateur,manquant,gardé,A8,aucun sur le nombre de lieux,opérateur non renseigné,03_points
AN01350,D5,_mview_tel_agents_mobile_money.fid-7111a9c0_193dfd882bb_-405c,operateur,manquant,gardé,A8,aucun sur le nombre de lieux,opérateur non renseigné,03_points
AN01351,D5,_mview_tel_agents_mobile_money.fid-7111a9c0_193dfd882bb_-4033,operateur,manquant,gardé,A8,aucun sur le nombre de lieux,opérateur non renseigné,03_points
AN01352,D5,_mview_tel_agents_mobile_money.fid-7111a9c0_193dfd882bb_-400e,operateur,manquant,gardé,A8,aucun sur le nombre de lieux,opérateur non renseigné,03_points
AN01353,D5,_mview_tel_agents_mobile_money.fid-7111a9c0_193dfd882bb_-3feb,operateur,manquant,gardé,A8,aucun sur le nombre de lieux,opérateur non renseigné,03_points
AN01354,D5,_mview_tel_agents_mobile_money.fid-7111a9c0_193dfd882bb_-3fc0,operateur,manquant,gardé,A8,aucun sur le nombre de lieux,opérateur non renseigné,03_points
AN01355,D5,_mview_tel_agents_mobile_money.fid-7111a9c0_193dfd882bb_-3e65,operateur,manquant,gardé,A8,aucun sur le nombre de lieux,opérateur non renseigné,03_points
AN01356,D5,_mview_tel_agents_mobile_money.fid-7111a9c0_193dfd882bb_-3e60,operateur,manquant,gardé,A8,aucun sur le nombre de lieux,opérateur non renseigné,03_points
AN01357,D5,_mview_tel_agents_mobile_money.fid-7111a9c0_193dfd882bb_-3e31,operateur,manquant,gardé,A8,aucun sur le nombre de lieux,opérateur non renseigné,03_points
AN01358,D5,_mview_tel_agents_mobile_money.fid-7111a9c0_193dfd882bb_-3df5,operateur,manquant,gardé,A8,aucun sur le nombre de lieux,opérateur non renseigné,03_points
AN01359,D5,_mview_tel_agents_mobile_money.fid-7111a9c0_193dfd882bb_-3df3,operateur,manquant,gardé,A8,aucun sur le nombre de lieux,opérateur non renseigné,03_points
AN01360,D5,_mview_tel_agents_mobile_money.fid-7111a9c0_193dfd882bb_-3de3,operateur,manquant,gardé,A8,aucun sur le nombre de lieux,opérateur non renseigné,03_points
AN01361,D5,_mview_tel_agents_mobile_money.fid-7111a9c0_193dfd882bb_-3dc6,operateur,manquant,gardé,A8,aucun sur le nombre de lieux,opérateur non renseigné,03_points
AN01362,D5,_mview_tel_agents_mobile_money.fid-7111a9c0_193dfd882bb_-3dc5,operateur,manquant,gardé,A8,aucun sur le nombre de lieux,opérateur non renseigné,03_points
AN01363,D5,_mview_tel_agents_mobile_money.fid-7111a9c0_193dfd882bb_-3d7b,operateur,manquant,gardé,A8,aucun sur le nombre de lieux,opérateur non renseigné,03_points
AN01364,D5,_mview_tel_agents_mobile_money.fid-7111a9c0_193dfd882bb_-3d27,operateur,manquant,gardé,A8,aucun sur le nombre de lieux,opérateur non renseigné,03_points
AN01365,D5,_mview_tel_agents_mobile_money.fid-7111a9c0_193dfd882bb_-3cd9,operateur,manquant,gardé,A8,aucun sur le nombre de lieux,opérateur non renseigné,03_points
AN01366,D5,_mview_tel_agents_mobile_money.fid-7111a9c0_193dfd882bb_-3c82,operateur,manquant,gardé,A8,aucun sur le nombre de lieux,opérateur non renseigné,03_points
AN01367,D5,_mview_tel_agents_mobile_money.fid-7111a9c0_193dfd882bb_-3c70,operateur,manquant,gardé,A8,aucun sur le nombre de lieux,opérateur non renseigné,03_points
AN01368,D5,_mview_tel_agents_mobile_money.fid-7111a9c0_193dfd882bb_-3c60,operateur,manquant,gardé,A8,aucun sur le nombre de lieux,opérateur non renseigné,03_points
AN01369,D5,_mview_tel_agents_mobile_money.fid-7111a9c0_193dfd882bb_-3c08,operateur,manquant,gardé,A8,aucun sur le nombre de lieux,opérateur non renseigné,03_points
AN01370,D5,_mview_tel_agents_mobile_money.fid-7111a9c0_193dfd882bb_-3bcb,operateur,manquant,gardé,A8,aucun sur le nombre de lieux,opérateur non renseigné,03_points
AN01371,D5,_mview_tel_agents_mobile_money.fid-7111a9c0_193dfd882bb_-3bca,operateur,manquant,gardé,A8,aucun sur le nombre de lieux,opérateur non renseigné,03_points
AN01372,D5,_mview_tel_agents_mobile_money.fid-7111a9c0_193dfd882bb_-3ba2,operateur,manquant,gardé,A8,aucun sur le nombre de lieux,opérateur non renseigné,03_points
AN01373,D5,_mview_tel_agents_mobile_money.fid-7111a9c0_193dfd882bb_-3b84,operateur,manquant,gardé,A8,aucun sur le nombre de lieux,opérateur non renseigné,03_points
AN01374,D5,_mview_tel_agents_mobile_money.fid-7111a9c0_193dfd882bb_-3b77,operateur,manquant,gardé,A8,aucun sur le nombre de lieux,opérateur non renseigné,03_points
AN01375,D5,_mview_tel_agents_mobile_money.fid-7111a9c0_193dfd882bb_-3b05,operateur,manquant,gardé,A8,aucun sur le nombre de lieux,opérateur non renseigné,03_points
AN01376,D5,_mview_tel_agents_mobile_money.fid-7111a9c0_193dfd882bb_-3aed,operateur,manquant,gardé,A8,aucun sur le nombre de lieux,opérateur non renseigné,03_points
AN01377,D5,_mview_tel_agents_mobile_money.fid-7111a9c0_193dfd882bb_-3abd,operateur,manquant,gardé,A8,aucun sur le nombre de lieux,opérateur non renseigné,03_points
AN01378,D5,_mview_tel_agents_mobile_money.fid-7111a9c0_193dfd882bb_-3a47,operateur,manquant,gardé,A8,aucun sur le nombre de lieux,opérateur non renseigné,03_points
AN01379,D5,_mview_tel_agents_mobile_money.fid-7111a9c0_193dfd882bb_-3a2b,operateur,manquant,gardé,A8,aucun sur le nombre de lieux,opérateur non renseigné,03_points
AN01380,D5,_mview_tel_agents_mobile_money.fid-7111a9c0_193dfd882bb_-3a1f,operateur,manquant,gardé,A8,aucun sur le nombre de lieux,opérateur non renseigné,03_points
AN01381,D5,_mview_tel_agents_mobile_money.fid-7111a9c0_193dfd882bb_-3a0c,operateur,manquant,gardé,A8,aucun sur le nombre de lieux,opérateur non renseigné,03_points
AN01382,D5,_mview_tel_agents_mobile_money.fid-7111a9c0_193dfd882bb_-3a07,operateur,manquant,gardé,A8,aucun sur le nombre de lieux,opérateur non renseigné,03_points
AN01383,D5,_mview_tel_agents_mobile_money.fid-7111a9c0_193dfd882bb_-3a03,operateur,manquant,gardé,A8,aucun sur le nombre de lieux,opérateur non renseigné,03_points
AN01384,D5,_mview_tel_agents_mobile_money.fid-7111a9c0_193dfd882bb_-39c9,operateur,manquant,gardé,A8,aucun sur le nombre de lieux,opérateur non renseigné,03_points
AN01385,D5,_mview_tel_agents_mobile_money.fid-7111a9c0_193dfd882bb_-39ac,operateur,manquant,gardé,A8,aucun sur le nombre de lieux,opérateur non renseigné,03_points
AN01386,D5,_mview_tel_agents_mobile_money.fid-7111a9c0_193dfd882bb_-3902,operateur,manquant,gardé,A8,aucun sur le nombre de lieux,opérateur non renseigné,03_points
AN01387,D5,_mview_tel_agents_mobile_money.fid-7111a9c0_193dfd882bb_-38c8,operateur,manquant,gardé,A8,aucun sur le nombre de lieux,opérateur non renseigné,03_points
AN01388,D5,_mview_tel_agents_mobile_money.fid-7111a9c0_193dfd882bb_-387f,operateur,manquant,gardé,A8,aucun sur le nombre de lieux,opérateur non renseigné,03_points
AN01389,D5,_mview_tel_agents_mobile_money.fid-7111a9c0_193dfd882bb_-3834,operateur,manquant,gardé,A8,aucun sur le nombre de lieux,opérateur non renseigné,03_points
AN01390,D5,_mview_tel_agents_mobile_money.fid-7111a9c0_193dfd882bb_-3823,operateur,manquant,gardé,A8,aucun sur le nombre de lieux,opérateur non renseigné,03_points
AN01391,D5,_mview_tel_agents_mobile_money.fid-7111a9c0_193dfd882bb_-37d7,operateur,manquant,gardé,A8,aucun sur le nombre de lieux,opérateur non renseigné,03_points
AN01392,D5,_mview_tel_agents_mobile_money.fid-7111a9c0_193dfd882bb_-37c3,operateur,manquant,gardé,A8,aucun sur le nombre de lieux,opérateur non renseigné,03_points
AN01393,D5,_mview_tel_agents_mobile_money.fid-7111a9c0_193dfd882bb_-36ba,operateur,manquant,gardé,A8,aucun sur le nombre de lieux,opérateur non renseigné,03_points
AN01394,D5,_mview_tel_agents_mobile_money.fid-7111a9c0_193dfd882bb_-3698,operateur,manquant,gardé,A8,aucun sur le nombre de lieux,opérateur non renseigné,03_points
AN01395,D5,_mview_tel_agents_mobile_money.fid-7111a9c0_193dfd882bb_-35e1,operateur,manquant,gardé,A8,aucun sur le nombre de lieux,opérateur non renseigné,03_points
AN01396,D5,_mview_tel_agents_mobile_money.fid-7111a9c0_193dfd882bb_-35c1,operateur,manquant,gardé,A8,aucun sur le nombre de lieux,opérateur non renseigné,03_points
AN01397,D5,_mview_tel_agents_mobile_money.fid-7111a9c0_193dfd882bb_-3584,operateur,manquant,gardé,A8,aucun sur le nombre de lieux,opérateur non renseigné,03_points
AN01398,D5,_mview_tel_agents_mobile_money.fid-7111a9c0_193dfd882bb_-357f,operateur,manquant,gardé,A8,aucun sur le nombre de lieux,opérateur non renseigné,03_points
AN01399,D5,_mview_tel_agents_mobile_money.fid-7111a9c0_193dfd882bb_-3564,operateur,manquant,gardé,A8,aucun sur le nombre de lieux,opérateur non renseigné,03_points
AN01400,D5,_mview_tel_agents_mobile_money.fid-7111a9c0_193dfd882bb_-355c,operateur,manquant,gardé,A8,aucun sur le nombre de lieux,opérateur non renseigné,03_points
AN01401,D5,_mview_tel_agents_mobile_money.fid-7111a9c0_193dfd882bb_-34ec,operateur,manquant,gardé,A8,aucun sur le nombre de lieux,opérateur non renseigné,03_points
AN01402,D5,_mview_tel_agents_mobile_money.fid-7111a9c0_193dfd882bb_-34cf,operateur,manquant,gardé,A8,aucun sur le nombre de lieux,opérateur non renseigné,03_points
AN01403,D4,_mview_finance_etablissements_banque.fid-7b1c8a4a_1943cbfe119_-447e,activite_statut,statut exclu,exclu du calcul principal ; compté en variante,A6,-1 point formel,Nsp (inconnu),03_points
AN01404,D4,_mview_finance_etablissements_banque.fid-7b1c8a4a_1943cbfe119_-4476,activite_statut,statut exclu,exclu du calcul principal ; compté en variante,A6,-1 point formel,Nsp (inconnu),03_points
AN01405,D4,_mview_finance_etablissements_banque.fid-7b1c8a4a_1943cbfe119_-4474,activite_statut,statut exclu,exclu du calcul principal,A6,-1 point formel,Fermé (hors_service),03_points
AN01406,D4,_mview_finance_etablissements_banque.fid-7b1c8a4a_1943cbfe119_-446f,activite_statut,statut exclu,exclu du calcul principal ; compté en variante,A6,-1 point formel,{autre} (inconnu),03_points
AN01407,D4,_mview_finance_etablissements_banque.fid-7b1c8a4a_1943cbfe119_-446e,activite_statut,statut exclu,exclu du calcul principal ; compté en variante,A6,-1 point formel,Nsp (inconnu),03_points
AN01408,D4,_mview_finance_etablissements_banque.fid-7b1c8a4a_1943cbfe119_-4463,activite_statut,statut exclu,exclu du calcul principal,A6,-1 point formel,Inacheve (hors_service),03_points
AN01409,D4,_mview_finance_etablissements_banque.fid-7b1c8a4a_1943cbfe119_-4445,activite_statut,statut exclu,exclu du calcul principal ; compté en variante,A6,-1 point formel,Néant (inconnu),03_points
AN01410,D4,_mview_finance_etablissements_banque.fid-7b1c8a4a_1943cbfe119_-4425,activite_statut,statut exclu,exclu du calcul principal ; compté en variante,A6,-1 point formel,Néant (inconnu),03_points
AN01411,D4,_mview_finance_etablissements_banque.fid-7b1c8a4a_1943cbfe119_-4420,activite_statut,statut exclu,exclu du calcul principal ; compté en variante,A6,-1 point formel,Néant (inconnu),03_points
AN01412,D4,_mview_finance_etablissements_banque.fid-7b1c8a4a_1943cbfe119_-4413,activite_statut,statut exclu,exclu du calcul principal ; compté en variante,A6,-1 point formel,Néant (inconnu),03_points
AN01413,D4,_mview_finance_etablissements_banque.fid-7b1c8a4a_1943cbfe119_-440f,activite_statut,statut exclu,exclu du calcul principal ; compté en variante,A6,-1 point formel,Néant (inconnu),03_points
AN01414,D4,_mview_finance_etablissements_banque.fid-7b1c8a4a_1943cbfe119_-440b,activite_statut,statut exclu,exclu du calcul principal ; compté en variante,A6,-1 point formel,Néant (inconnu),03_points
AN01415,D4,_mview_finance_etablissements_banque.fid-7b1c8a4a_1943cbfe119_-440a,activite_statut,statut exclu,exclu du calcul principal ; compté en variante,A6,-1 point formel,Autre (inconnu),03_points
AN01416,D4,_mview_finance_etablissements_banque.fid-7b1c8a4a_1943cbfe119_-43ee,activite_statut,statut exclu,exclu du calcul principal ; compté en variante,A6,-1 point formel,Néant (inconnu),03_points
AN01417,D4,_mview_finance_etablissements_banque.fid-7b1c8a4a_1943cbfe119_-43ec,activite_statut,statut exclu,exclu du calcul principal,A6,-1 point formel,En réfection (hors_service),03_points
AN01418,D4,_mview_finance_etablissements_banque.fid-7b1c8a4a_1943cbfe119_-43dd,activite_statut,statut exclu,exclu du calcul principal ; compté en variante,A6,-1 point formel,Néant (inconnu),03_points
AN01419,D4,_mview_finance_etablissements_banque.fid-7b1c8a4a_1943cbfe119_-43d3,activite_statut,statut exclu,exclu du calcul principal ; compté en variante,A6,-1 point formel,Néant (inconnu),03_points
AN01420,D4,_mview_finance_etablissements_banque.fid-7b1c8a4a_1943cbfe119_-43d1,activite_statut,statut exclu,exclu du calcul principal ; compté en variante,A6,-1 point formel,Néant (inconnu),03_points
AN01421,D4,_mview_finance_etablissements_banque.fid-7b1c8a4a_1943cbfe119_-43d0,activite_statut,statut exclu,exclu du calcul principal,A6,-1 point formel,Abandonné (hors_service),03_points
AN01422,D4,_mview_finance_etablissements_banque.fid-7b1c8a4a_1943cbfe119_-43cb,activite_statut,statut exclu,exclu du calcul principal,A6,-1 point formel,En construction (hors_service),03_points
AN01423,D4,_mview_finance_etablissements_banque.fid-7b1c8a4a_1943cbfe119_-43b4,activite_statut,statut exclu,exclu du calcul principal ; compté en variante,A6,-1 point formel,Néant (inconnu),03_points
AN01424,D4,_mview_finance_etablissements_banque.fid-7b1c8a4a_1943cbfe119_-43b3,activite_statut,statut exclu,exclu du calcul principal,A6,-1 point formel,En construction (hors_service),03_points
AN01425,D4,_mview_finance_etablissements_banque.fid-7b1c8a4a_1943cbfe119_-439c,activite_statut,statut exclu,exclu du calcul principal ; compté en variante,A6,-1 point formel,Néant (inconnu),03_points
AN01426,D4,_mview_finance_etablissements_banque.fid-7b1c8a4a_1943cbfe119_-4392,activite_statut,statut exclu,exclu du calcul principal ; compté en variante,A6,-1 point formel,Néant (inconnu),03_points
AN01427,D4,_mview_finance_etablissements_banque.fid-7b1c8a4a_1943cbfe119_-4385,activite_statut,statut exclu,exclu du calcul principal,A6,-1 point formel,Fermé (hors_service),03_points
AN01428,D4,_mview_finance_etablissements_banque.fid-7b1c8a4a_1943cbfe119_-4384,activite_statut,statut exclu,exclu du calcul principal ; compté en variante,A6,-1 point formel,Néant (inconnu),03_points
AN01429,D4,_mview_finance_etablissements_banque.fid-7b1c8a4a_1943cbfe119_-437f,activite_statut,statut exclu,exclu du calcul principal ; compté en variante,A6,-1 point formel,Néant (inconnu),03_points
AN01430,D4,_mview_finance_etablissements_banque.fid-7b1c8a4a_1943cbfe119_-4354,activite_statut,statut exclu,exclu du calcul principal ; compté en variante,A6,-1 point formel,Néant (inconnu),03_points
AN01431,D4,_mview_finance_etablissements_banque.fid-7b1c8a4a_1943cbfe119_-434f,activite_statut,statut exclu,exclu du calcul principal ; compté en variante,A6,-1 point formel,Néant (inconnu),03_points
AN01432,D4,_mview_finance_etablissements_banque.fid-7b1c8a4a_1943cbfe119_-434c,activite_statut,statut exclu,exclu du calcul principal ; compté en variante,A6,-1 point formel,Néant (inconnu),03_points
AN01433,D4,_mview_finance_etablissements_banque.fid-7b1c8a4a_1943cbfe119_-433d,activite_statut,statut exclu,exclu du calcul principal ; compté en variante,A6,-1 point formel,Néant (inconnu),03_points
AN01434,D4,_mview_finance_etablissements_banque.fid-7b1c8a4a_1943cbfe119_-432c,activite_statut,statut exclu,exclu du calcul principal ; compté en variante,A6,-1 point formel,Néant (inconnu),03_points
AN01435,D4,_mview_finance_etablissements_banque.fid-7b1c8a4a_1943cbfe119_-4315,activite_statut,statut exclu,exclu du calcul principal ; compté en variante,A6,-1 point formel,Néant (inconnu),03_points
AN01436,D4,_mview_finance_etablissements_banque.fid-7b1c8a4a_1943cbfe119_-4314,activite_statut,statut exclu,exclu du calcul principal ; compté en variante,A6,-1 point formel,Néant (inconnu),03_points
AN01437,D4,_mview_finance_etablissements_banque.fid-7b1c8a4a_1943cbfe119_-4313,activite_statut,statut exclu,exclu du calcul principal ; compté en variante,A6,-1 point formel,Néant (inconnu),03_points
AN01438,D4,_mview_finance_etablissements_banque.fid-7b1c8a4a_1943cbfe119_-4312,activite_statut,statut exclu,exclu du calcul principal ; compté en variante,A6,-1 point formel,Néant (inconnu),03_points
AN01439,D4,_mview_finance_etablissements_banque.fid-7b1c8a4a_1943cbfe119_-4311,activite_statut,statut exclu,exclu du calcul principal ; compté en variante,A6,-1 point formel,Néant (inconnu),03_points
AN01440,D4,_mview_finance_etablissements_banque.fid-7b1c8a4a_1943cbfe119_-4310,activite_statut,statut exclu,exclu du calcul principal ; compté en variante,A6,-1 point formel,Néant (inconnu),03_points
AN01441,D4,_mview_finance_etablissements_banque.fid-7b1c8a4a_1943cbfe119_-430f,activite_statut,statut exclu,exclu du calcul principal ; compté en variante,A6,-1 point formel,Néant (inconnu),03_points
AN01442,D4,_mview_finance_etablissements_banque.fid-7b1c8a4a_1943cbfe119_-430e,activite_statut,statut exclu,exclu du calcul principal ; compté en variante,A6,-1 point formel,Néant (inconnu),03_points
AN01443,D4,_mview_finance_etablissements_banque.fid-7b1c8a4a_1943cbfe119_-4309,activite_statut,statut exclu,exclu du calcul principal ; compté en variante,A6,-1 point formel,Néant (inconnu),03_points
AN01444,D4,_mview_finance_etablissements_banque.fid-7b1c8a4a_1943cbfe119_-4303,activite_statut,statut exclu,exclu du calcul principal ; compté en variante,A6,-1 point formel,Néant (inconnu),03_points
AN01445,D4,_mview_finance_etablissements_banque.fid-7b1c8a4a_1943cbfe119_-42f5,activite_statut,statut exclu,exclu du calcul principal ; compté en variante,A6,-1 point formel,Néant (inconnu),03_points
AN01446,D4,_mview_finance_etablissements_banque.fid-7b1c8a4a_1943cbfe119_-42e3,activite_statut,statut exclu,exclu du calcul principal,A6,-1 point formel,Abandonné (hors_service),03_points
AN01447,D4,_mview_finance_etablissements_banque.fid-7b1c8a4a_1943cbfe119_-42e0,activite_statut,statut exclu,exclu du calcul principal ; compté en variante,A6,-1 point formel,Néant (inconnu),03_points
AN01448,D4,_mview_finance_etablissements_banque.fid-7b1c8a4a_1943cbfe119_-42df,activite_statut,statut exclu,exclu du calcul principal ; compté en variante,A6,-1 point formel,Néant (inconnu),03_points
AN01449,D4,_mview_finance_etablissements_banque.fid-7b1c8a4a_1943cbfe119_-42b3,activite_statut,statut exclu,exclu du calcul principal,A6,-1 point formel,Location  (hors_service),03_points
AN01450,D4,_mview_finance_etablissements_banque.fid-7b1c8a4a_1943cbfe119_-429a,activite_statut,statut exclu,exclu du calcul principal ; compté en variante,A6,-1 point formel,Néant (inconnu),03_points
AN01451,D4,_mview_finance_etablissements_banque.fid-7b1c8a4a_1943cbfe119_-4294,activite_statut,statut exclu,exclu du calcul principal ; compté en variante,A6,-1 point formel,Néant (inconnu),03_points
AN01452,D4,_mview_finance_etablissements_banque.fid-7b1c8a4a_1943cbfe119_-4291,activite_statut,statut exclu,exclu du calcul principal ; compté en variante,A6,-1 point formel,Autre (inconnu),03_points
AN01453,D4,_mview_finance_etablissements_banque.fid-7b1c8a4a_1943cbfe119_-4290,activite_statut,statut exclu,exclu du calcul principal ; compté en variante,A6,-1 point formel,Autre (inconnu),03_points
AN01454,D4,_mview_finance_etablissements_banque.fid-7b1c8a4a_1943cbfe119_-427f,activite_statut,statut exclu,exclu du calcul principal ; compté en variante,A6,-1 point formel,Néant (inconnu),03_points
AN01455,D4,_mview_finance_etablissements_banque.fid-7b1c8a4a_1943cbfe119_-427a,activite_statut,statut exclu,exclu du calcul principal ; compté en variante,A6,-1 point formel,Autre (inconnu),03_points
AN01456,D4,_mview_finance_etablissements_banque.fid-7b1c8a4a_1943cbfe119_-4279,activite_statut,statut exclu,exclu du calcul principal ; compté en variante,A6,-1 point formel,Autre (inconnu),03_points
AN01457,D4,_mview_finance_etablissements_banque.fid-7b1c8a4a_1943cbfe119_-4275,activite_statut,statut exclu,exclu du calcul principal ; compté en variante,A6,-1 point formel,Néant (inconnu),03_points
AN01458,D4,_mview_finance_etablissements_banque.fid-7b1c8a4a_1943cbfe119_-4272,activite_statut,statut exclu,exclu du calcul principal,A6,-1 point formel,Inacheve (hors_service),03_points
AN01459,D4,_mview_finance_etablissements_banque.fid-7b1c8a4a_1943cbfe119_-4270,activite_statut,statut exclu,exclu du calcul principal,A6,-1 point formel,Sans Local (hors_service),03_points
AN01460,D4,_mview_finance_etablissements_banque.fid-7b1c8a4a_1943cbfe119_-4255,activite_statut,statut exclu,exclu du calcul principal ; compté en variante,A6,-1 point formel,Néant (inconnu),03_points
AN01461,D4,_mview_finance_etablissements_banque.fid-7b1c8a4a_1943cbfe119_-4254,activite_statut,statut exclu,exclu du calcul principal ; compté en variante,A6,-1 point formel,Néant (inconnu),03_points
AN01462,D4,_mview_finance_etablissements_banque.fid-7b1c8a4a_1943cbfe119_-4252,activite_statut,statut exclu,exclu du calcul principal ; compté en variante,A6,-1 point formel,Néant (inconnu),03_points
AN01463,D4,_mview_finance_etablissements_banque.fid-7b1c8a4a_1943cbfe119_-4250,activite_statut,statut exclu,exclu du calcul principal ; compté en variante,A6,-1 point formel,Néant (inconnu),03_points
AN01464,D4,_mview_finance_etablissements_banque.fid-7b1c8a4a_1943cbfe119_-4248,activite_statut,statut exclu,exclu du calcul principal ; compté en variante,A6,-1 point formel,Néant (inconnu),03_points
AN01465,D4,_mview_finance_etablissements_banque.fid-7b1c8a4a_1943cbfe119_-4240,activite_statut,statut exclu,exclu du calcul principal,A6,-1 point formel,En construction (hors_service),03_points
AN01466,D4,_mview_finance_etablissements_banque.fid-7b1c8a4a_1943cbfe119_-4224,activite_statut,statut exclu,exclu du calcul principal ; compté en variante,A6,-1 point formel,Néant (inconnu),03_points
AN01467,D4,_mview_finance_etablissements_banque.fid-7b1c8a4a_1943cbfe119_-421c,activite_statut,statut exclu,exclu du calcul principal,A6,-1 point formel,Fermé (hors_service),03_points
AN01468,D4,_mview_finance_etablissements_banque.fid-7b1c8a4a_1943cbfe119_-421b,activite_statut,statut exclu,exclu du calcul principal ; compté en variante,A6,-1 point formel,Néant (inconnu),03_points
AN01469,D4,_mview_finance_etablissements_banque.fid-7b1c8a4a_1943cbfe119_-4216,activite_statut,statut exclu,exclu du calcul principal,A6,-1 point formel,En construction (hors_service),03_points
AN01470,D4,_mview_finance_etablissements_banque.fid-7b1c8a4a_1943cbfe119_-41da,activite_statut,statut exclu,exclu du calcul principal ; compté en variante,A6,-1 point formel,Néant (inconnu),03_points
AN01471,D4,_mview_finance_etablissements_banque.fid-7b1c8a4a_1943cbfe119_-41d9,activite_statut,statut exclu,exclu du calcul principal ; compté en variante,A6,-1 point formel,Néant (inconnu),03_points
AN01472,D4,_mview_finance_etablissements_banque.fid-7b1c8a4a_1943cbfe119_-41d8,activite_statut,statut exclu,exclu du calcul principal ; compté en variante,A6,-1 point formel,Néant (inconnu),03_points
AN01473,D4,_mview_finance_etablissements_banque.fid-7b1c8a4a_1943cbfe119_-41d7,activite_statut,statut exclu,exclu du calcul principal,A6,-1 point formel,Fermé (hors_service),03_points
AN01474,D4,_mview_finance_etablissements_banque.fid-7b1c8a4a_1943cbfe119_-41cd,activite_statut,statut exclu,exclu du calcul principal,A6,-1 point formel,Fermé (hors_service),03_points
AN01475,D4,_mview_finance_etablissements_banque.fid-7b1c8a4a_1943cbfe119_-41c0,activite_statut,statut exclu,exclu du calcul principal ; compté en variante,A6,-1 point formel,Autre (inconnu),03_points
AN01476,D4,_mview_finance_etablissements_banque.fid-7b1c8a4a_1943cbfe119_-41b9,activite_statut,statut exclu,exclu du calcul principal ; compté en variante,A6,-1 point formel,Néant (inconnu),03_points
AN01477,D4,_mview_finance_etablissements_banque.fid-7b1c8a4a_1943cbfe119_-41b4,activite_statut,statut exclu,exclu du calcul principal ; compté en variante,A6,-1 point formel,Néant (inconnu),03_points
AN01478,D4,_mview_finance_etablissements_banque.fid-7b1c8a4a_1943cbfe119_-41b3,activite_statut,statut exclu,exclu du calcul principal ; compté en variante,A6,-1 point formel,Néant (inconnu),03_points
AN01479,D4,_mview_finance_etablissements_banque.fid-7b1c8a4a_1943cbfe119_-41b0,activite_statut,statut exclu,exclu du calcul principal,A6,-1 point formel,Location  (hors_service),03_points
AN01480,D4,_mview_finance_etablissements_banque.fid-7b1c8a4a_1943cbfe119_-419d,activite_statut,statut exclu,exclu du calcul principal ; compté en variante,A6,-1 point formel,N/a (inconnu),03_points
AN01481,GD1,_mview_agences_etablissements_agences.fid--1b6ae3e2_1a0d7fec089_78e8,activite_statut,statut exclu,exclu du calcul principal,Q5,aucun (Poste hors calcul principal),{Ferme} (hors_service),03_points
AN01482,GD1,_mview_agences_etablissements_agences.fid--1b6ae3e2_1a0d7fec089_78e9,activite_statut,statut exclu,exclu du calcul principal,Q5,aucun (Poste hors calcul principal),{Abandonne} (hors_service),03_points
AN01483,GD1,_mview_agences_etablissements_agences.fid--1b6ae3e2_1a0d7fec089_78f5,activite_statut,statut exclu,exclu du calcul principal ; compté en variante,Q5,aucun (Poste hors calcul principal),Nsp (inconnu),03_points
AN01484,GD1,_mview_agences_etablissements_agences.fid--1b6ae3e2_1a0d7fec089_7908,activite_statut,statut exclu,exclu du calcul principal ; compté en variante,Q5,aucun (Poste hors calcul principal),Nsp (inconnu),03_points
AN01485,GD1,_mview_agences_etablissements_agences.fid--1b6ae3e2_1a0d7fec089_790b,activite_statut,statut exclu,exclu du calcul principal,Q5,aucun (Poste hors calcul principal),{En construction} (hors_service),03_points
AN01486,GD1,_mview_agences_etablissements_agences.fid--1b6ae3e2_1a0d7fec089_7910,activite_statut,statut exclu,exclu du calcul principal,Q5,aucun (Poste hors calcul principal),{Ferme} (hors_service),03_points
AN01487,GD1,_mview_agences_etablissements_agences.fid--1b6ae3e2_1a0d7fec089_7911,activite_statut,statut exclu,exclu du calcul principal,Q5,aucun (Poste hors calcul principal),{Ferme} (hors_service),03_points
AN01488,GD1,_mview_agences_etablissements_agences.fid--1b6ae3e2_1a0d7fec089_7918,activite_statut,statut exclu,exclu du calcul principal,Q5,aucun (Poste hors calcul principal),{Inacheve} (hors_service),03_points
AN01489,GD1,_mview_agences_etablissements_agences.fid--1b6ae3e2_1a0d7fec089_7919,activite_statut,statut exclu,exclu du calcul principal ; compté en variante,Q5,aucun (Poste hors calcul principal),Nsp (inconnu),03_points
AN01490,GD1,_mview_agences_etablissements_agences.fid--1b6ae3e2_1a0d7fec089_7934,activite_statut,statut exclu,exclu du calcul principal,Q5,aucun (Poste hors calcul principal),{Inacheve} (hors_service),03_points
AN01491,GD1,_mview_agences_etablissements_agences.fid--1b6ae3e2_1a0d7fec089_7935,activite_statut,statut exclu,exclu du calcul principal,Q5,aucun (Poste hors calcul principal),{Inacheve} (hors_service),03_points
AN01492,D5,_mview_tel_agents_mobile_money.fid-7111a9c0_193dca6021d_7f10,geometry,debordement contour,signalé,A21,aucun (rattachement par les noms),commune qui déborde de sa préfecture (résolu par R3),03_points
AN01493,D5,_mview_tel_agents_mobile_money.fid-7111a9c0_193dca6021d_7f14,geometry,debordement contour,signalé,A21,aucun (rattachement par les noms),commune qui déborde de sa préfecture (résolu par R3),03_points
AN01494,D5,_mview_tel_agents_mobile_money.fid-7111a9c0_193dca6021d_7fcc,geometry,hors frontiere,signalé,A21,aucun (rattachement par les noms),"hors du Togo, à la frontière",03_points
AN01495,D5,_mview_tel_agents_mobile_money.fid-7111a9c0_193dca6021d_7fdd,geometry,hors frontiere,signalé,A21,aucun (rattachement par les noms),"hors du Togo, à la frontière",03_points
AN01496,D5,_mview_tel_agents_mobile_money.fid-7111a9c0_193dfd882bb_-7f7a,geometry,hors frontiere,signalé,A21,aucun (rattachement par les noms),"hors du Togo, à la frontière",03_points
AN01497,D5,_mview_tel_agents_mobile_money.fid-7111a9c0_193dfd882bb_-7f48,geometry,debordement contour,signalé,A21,aucun (rattachement par les noms),commune qui déborde de sa préfecture (résolu par R3),03_points
AN01498,D5,_mview_tel_agents_mobile_money.fid-7111a9c0_193dfd882bb_-7e6a,geometry,hors frontiere,signalé,A21,aucun (rattachement par les noms),"hors du Togo, à la frontière",03_points
AN01499,D5,_mview_tel_agents_mobile_money.fid-7111a9c0_193dfd882bb_-7dd0,geometry,debordement contour,signalé,A21,aucun (rattachement par les noms),commune qui déborde de sa préfecture (résolu par R3),03_points
AN01500,D5,_mview_tel_agents_mobile_money.fid-7111a9c0_193dfd882bb_-7ccf,geometry,hors frontiere,signalé,A21,aucun (rattachement par les noms),"hors du Togo, à la frontière",03_points
AN01501,D5,_mview_tel_agents_mobile_money.fid-7111a9c0_193dfd882bb_-7cc3,geometry,hors frontiere,signalé,A21,aucun (rattachement par les noms),"hors du Togo, à la frontière",03_points
AN01502,D5,_mview_tel_agents_mobile_money.fid-7111a9c0_193dfd882bb_-7cb2,geometry,hors frontiere,signalé,A21,aucun (rattachement par les noms),"hors du Togo, à la frontière",03_points
AN01503,D5,_mview_tel_agents_mobile_money.fid-7111a9c0_193dfd882bb_-7cb0,geometry,hors frontiere,signalé,A21,aucun (rattachement par les noms),"hors du Togo, à la frontière",03_points
AN01504,D5,_mview_tel_agents_mobile_money.fid-7111a9c0_193dfd882bb_-7ca5,geometry,hors frontiere,signalé,A21,aucun (rattachement par les noms),"hors du Togo, à la frontière",03_points
AN01505,D5,_mview_tel_agents_mobile_money.fid-7111a9c0_193dfd882bb_-7c90,geometry,hors frontiere,signalé,A21,aucun (rattachement par les noms),"hors du Togo, à la frontière",03_points
AN01506,D5,_mview_tel_agents_mobile_money.fid-7111a9c0_193dfd882bb_-7c7f,geometry,hors frontiere,signalé,A21,aucun (rattachement par les noms),"hors du Togo, à la frontière",03_points
AN01507,D5,_mview_tel_agents_mobile_money.fid-7111a9c0_193dfd882bb_-7c76,geometry,hors frontiere,signalé,A21,aucun (rattachement par les noms),"hors du Togo, à la frontière",03_points
AN01508,D5,_mview_tel_agents_mobile_money.fid-7111a9c0_193dfd882bb_-7c69,geometry,hors frontiere,signalé,A21,aucun (rattachement par les noms),"hors du Togo, à la frontière",03_points
AN01509,D5,_mview_tel_agents_mobile_money.fid-7111a9c0_193dfd882bb_-7c5b,geometry,hors frontiere,signalé,A21,aucun (rattachement par les noms),"hors du Togo, à la frontière",03_points
AN01510,D5,_mview_tel_agents_mobile_money.fid-7111a9c0_193dfd882bb_-7c54,geometry,hors frontiere,signalé,A21,aucun (rattachement par les noms),"hors du Togo, à la frontière",03_points
AN01511,D5,_mview_tel_agents_mobile_money.fid-7111a9c0_193dfd882bb_-7c4a,geometry,hors frontiere,signalé,A21,aucun (rattachement par les noms),"hors du Togo, à la frontière",03_points
AN01512,D5,_mview_tel_agents_mobile_money.fid-7111a9c0_193dfd882bb_-7c44,geometry,hors frontiere,signalé,A21,aucun (rattachement par les noms),"hors du Togo, à la frontière",03_points
AN01513,D5,_mview_tel_agents_mobile_money.fid-7111a9c0_193dfd882bb_-7c3a,geometry,hors frontiere,signalé,A21,aucun (rattachement par les noms),"hors du Togo, à la frontière",03_points
AN01514,D5,_mview_tel_agents_mobile_money.fid-7111a9c0_193dfd882bb_-7c2d,geometry,hors frontiere,signalé,A21,aucun (rattachement par les noms),"hors du Togo, à la frontière",03_points
AN01515,D5,_mview_tel_agents_mobile_money.fid-7111a9c0_193dfd882bb_-7c2c,geometry,hors frontiere,signalé,A21,aucun (rattachement par les noms),"hors du Togo, à la frontière",03_points
AN01516,D5,_mview_tel_agents_mobile_money.fid-7111a9c0_193dfd882bb_-7c1a,geometry,hors frontiere,signalé,A21,aucun (rattachement par les noms),"hors du Togo, à la frontière",03_points
AN01517,D5,_mview_tel_agents_mobile_money.fid-7111a9c0_193dfd882bb_-7c12,geometry,hors frontiere,signalé,A21,aucun (rattachement par les noms),"hors du Togo, à la frontière",03_points
AN01518,D5,_mview_tel_agents_mobile_money.fid-7111a9c0_193dfd882bb_-7c09,geometry,hors frontiere,signalé,A21,aucun (rattachement par les noms),"hors du Togo, à la frontière",03_points
AN01519,D5,_mview_tel_agents_mobile_money.fid-7111a9c0_193dfd882bb_-7c00,geometry,hors frontiere,signalé,A21,aucun (rattachement par les noms),"hors du Togo, à la frontière",03_points
AN01520,D5,_mview_tel_agents_mobile_money.fid-7111a9c0_193dfd882bb_-7bf0,geometry,hors frontiere,signalé,A21,aucun (rattachement par les noms),"hors du Togo, à la frontière",03_points
AN01521,D5,_mview_tel_agents_mobile_money.fid-7111a9c0_193dfd882bb_-7be1,geometry,hors frontiere,signalé,A21,aucun (rattachement par les noms),"hors du Togo, à la frontière",03_points
AN01522,D5,_mview_tel_agents_mobile_money.fid-7111a9c0_193dfd882bb_-7bda,geometry,hors frontiere,signalé,A21,aucun (rattachement par les noms),"hors du Togo, à la frontière",03_points
AN01523,D5,_mview_tel_agents_mobile_money.fid-7111a9c0_193dfd882bb_-7bcf,geometry,hors frontiere,signalé,A21,aucun (rattachement par les noms),"hors du Togo, à la frontière",03_points
AN01524,D5,_mview_tel_agents_mobile_money.fid-7111a9c0_193dfd882bb_-7bc8,geometry,hors frontiere,signalé,A21,aucun (rattachement par les noms),"hors du Togo, à la frontière",03_points
AN01525,D5,_mview_tel_agents_mobile_money.fid-7111a9c0_193dfd882bb_-7bbf,geometry,hors frontiere,signalé,A21,aucun (rattachement par les noms),"hors du Togo, à la frontière",03_points
AN01526,D5,_mview_tel_agents_mobile_money.fid-7111a9c0_193dfd882bb_-7b8d,geometry,hors frontiere,signalé,A21,aucun (rattachement par les noms),"hors du Togo, à la frontière",03_points
AN01527,D5,_mview_tel_agents_mobile_money.fid-7111a9c0_193dfd882bb_-7b8c,geometry,hors frontiere,signalé,A21,aucun (rattachement par les noms),"hors du Togo, à la frontière",03_points
AN01528,D5,_mview_tel_agents_mobile_money.fid-7111a9c0_193dfd882bb_-7b8b,geometry,hors frontiere,signalé,A21,aucun (rattachement par les noms),"hors du Togo, à la frontière",03_points
AN01529,D5,_mview_tel_agents_mobile_money.fid-7111a9c0_193dfd882bb_-7abf,geometry,hors frontiere,signalé,A21,aucun (rattachement par les noms),"hors du Togo, à la frontière",03_points
AN01530,D5,_mview_tel_agents_mobile_money.fid-7111a9c0_193dfd882bb_-7abe,geometry,hors frontiere,signalé,A21,aucun (rattachement par les noms),"hors du Togo, à la frontière",03_points
AN01531,D5,_mview_tel_agents_mobile_money.fid-7111a9c0_193dfd882bb_-7aa9,geometry,hors frontiere,signalé,A21,aucun (rattachement par les noms),"hors du Togo, à la frontière",03_points
AN01532,D5,_mview_tel_agents_mobile_money.fid-7111a9c0_193dfd882bb_-7a0a,geometry,canton autre commune,signalé,A21,aucun (rattachement par les noms),canton rattaché à une autre commune que son polygone (A21),03_points
AN01533,D5,_mview_tel_agents_mobile_money.fid-7111a9c0_193dfd882bb_-7a09,geometry,canton autre commune,signalé,A21,aucun (rattachement par les noms),canton rattaché à une autre commune que son polygone (A21),03_points
AN01534,D5,_mview_tel_agents_mobile_money.fid-7111a9c0_193dfd882bb_-7a08,geometry,canton autre commune,signalé,A21,aucun (rattachement par les noms),canton rattaché à une autre commune que son polygone (A21),03_points
AN01535,D5,_mview_tel_agents_mobile_money.fid-7111a9c0_193dfd882bb_-79a2,geometry,debordement contour,signalé,A21,aucun (rattachement par les noms),commune qui déborde de sa préfecture (résolu par R3),03_points
AN01536,D5,_mview_tel_agents_mobile_money.fid-7111a9c0_193dfd882bb_-799a,geometry,debordement contour,signalé,A21,aucun (rattachement par les noms),commune qui déborde de sa préfecture (résolu par R3),03_points
AN01537,D5,_mview_tel_agents_mobile_money.fid-7111a9c0_193dfd882bb_-7977,geometry,debordement contour,signalé,A21,aucun (rattachement par les noms),commune qui déborde de sa préfecture (résolu par R3),03_points
AN01538,D5,_mview_tel_agents_mobile_money.fid-7111a9c0_193dfd882bb_-76cd,geometry,hors frontiere,signalé,A21,aucun (rattachement par les noms),"hors du Togo, à la frontière",03_points
AN01539,D5,_mview_tel_agents_mobile_money.fid-7111a9c0_193dfd882bb_-76ba,geometry,hors frontiere,signalé,A21,aucun (rattachement par les noms),"hors du Togo, à la frontière",03_points
AN01540,D5,_mview_tel_agents_mobile_money.fid-7111a9c0_193dfd882bb_-76b9,geometry,hors frontiere,signalé,A21,aucun (rattachement par les noms),"hors du Togo, à la frontière",03_points
AN01541,D5,_mview_tel_agents_mobile_money.fid-7111a9c0_193dfd882bb_-76b4,geometry,hors frontiere,signalé,A21,aucun (rattachement par les noms),"hors du Togo, à la frontière",03_points
AN01542,D5,_mview_tel_agents_mobile_money.fid-7111a9c0_193dfd882bb_-76b3,geometry,hors frontiere,signalé,A21,aucun (rattachement par les noms),"hors du Togo, à la frontière",03_points
AN01543,D5,_mview_tel_agents_mobile_money.fid-7111a9c0_193dfd882bb_-76ad,geometry,debordement contour,signalé,A21,aucun (rattachement par les noms),commune qui déborde de sa préfecture (résolu par R3),03_points
AN01544,D5,_mview_tel_agents_mobile_money.fid-7111a9c0_193dfd882bb_-76a5,geometry,debordement contour,signalé,A21,aucun (rattachement par les noms),commune qui déborde de sa préfecture (résolu par R3),03_points
AN01545,D5,_mview_tel_agents_mobile_money.fid-7111a9c0_193dfd882bb_-7048,geometry,canton autre commune,signalé,A21,aucun (rattachement par les noms),canton rattaché à une autre commune que son polygone (A21),03_points
AN01546,D5,_mview_tel_agents_mobile_money.fid-7111a9c0_193dfd882bb_-703d,geometry,canton autre commune,signalé,A21,aucun (rattachement par les noms),canton rattaché à une autre commune que son polygone (A21),03_points
AN01547,D5,_mview_tel_agents_mobile_money.fid-7111a9c0_193dfd882bb_-6fad,geometry,canton autre commune,signalé,A21,aucun (rattachement par les noms),canton rattaché à une autre commune que son polygone (A21),03_points
AN01548,D5,_mview_tel_agents_mobile_money.fid-7111a9c0_193dfd882bb_-6fac,geometry,canton autre commune,signalé,A21,aucun (rattachement par les noms),canton rattaché à une autre commune que son polygone (A21),03_points
AN01549,D5,_mview_tel_agents_mobile_money.fid-7111a9c0_193dfd882bb_-6fa9,geometry,canton autre commune,signalé,A21,aucun (rattachement par les noms),canton rattaché à une autre commune que son polygone (A21),03_points
AN01550,D5,_mview_tel_agents_mobile_money.fid-7111a9c0_193dfd882bb_-6f9f,geometry,canton autre commune,signalé,A21,aucun (rattachement par les noms),canton rattaché à une autre commune que son polygone (A21),03_points
AN01551,D5,_mview_tel_agents_mobile_money.fid-7111a9c0_193dfd882bb_-6f9b,geometry,canton autre commune,signalé,A21,aucun (rattachement par les noms),canton rattaché à une autre commune que son polygone (A21),03_points
AN01552,D5,_mview_tel_agents_mobile_money.fid-7111a9c0_193dfd882bb_-6f88,geometry,canton autre commune,signalé,A21,aucun (rattachement par les noms),canton rattaché à une autre commune que son polygone (A21),03_points
AN01553,D5,_mview_tel_agents_mobile_money.fid-7111a9c0_193dfd882bb_-6f78,geometry,canton autre commune,signalé,A21,aucun (rattachement par les noms),canton rattaché à une autre commune que son polygone (A21),03_points
AN01554,D5,_mview_tel_agents_mobile_money.fid-7111a9c0_193dfd882bb_-6deb,geometry,canton autre commune,signalé,A21,aucun (rattachement par les noms),canton rattaché à une autre commune que son polygone (A21),03_points
AN01555,D5,_mview_tel_agents_mobile_money.fid-7111a9c0_193dfd882bb_-6de0,geometry,canton autre commune,signalé,A21,aucun (rattachement par les noms),canton rattaché à une autre commune que son polygone (A21),03_points
AN01556,D5,_mview_tel_agents_mobile_money.fid-7111a9c0_193dfd882bb_-692d,geometry,hors frontiere,signalé,A21,aucun (rattachement par les noms),"hors du Togo, à la frontière",03_points
AN01557,D5,_mview_tel_agents_mobile_money.fid-7111a9c0_193dfd882bb_-6718,geometry,hors frontiere,signalé,A21,aucun (rattachement par les noms),"hors du Togo, à la frontière",03_points
AN01558,D5,_mview_tel_agents_mobile_money.fid-7111a9c0_193dfd882bb_-6710,geometry,hors frontiere,signalé,A21,aucun (rattachement par les noms),"hors du Togo, à la frontière",03_points
AN01559,D5,_mview_tel_agents_mobile_money.fid-7111a9c0_193dfd882bb_-6676,geometry,hors frontiere,signalé,A21,aucun (rattachement par les noms),"hors du Togo, à la frontière",03_points
AN01560,D5,_mview_tel_agents_mobile_money.fid-7111a9c0_193dfd882bb_-6669,geometry,hors frontiere,signalé,A21,aucun (rattachement par les noms),"hors du Togo, à la frontière",03_points
AN01561,D5,_mview_tel_agents_mobile_money.fid-7111a9c0_193dfd882bb_-65f9,geometry,hors frontiere,signalé,A21,aucun (rattachement par les noms),"hors du Togo, à la frontière",03_points
AN01562,D5,_mview_tel_agents_mobile_money.fid-7111a9c0_193dfd882bb_-65f8,geometry,hors frontiere,signalé,A21,aucun (rattachement par les noms),"hors du Togo, à la frontière",03_points
AN01563,D5,_mview_tel_agents_mobile_money.fid-7111a9c0_193dfd882bb_-65f7,geometry,hors frontiere,signalé,A21,aucun (rattachement par les noms),"hors du Togo, à la frontière",03_points
AN01564,D5,_mview_tel_agents_mobile_money.fid-7111a9c0_193dfd882bb_-6419,geometry,debordement contour,signalé,A21,aucun (rattachement par les noms),commune qui déborde de sa préfecture (résolu par R3),03_points
AN01565,D5,_mview_tel_agents_mobile_money.fid-7111a9c0_193dfd882bb_-63e1,geometry,canton autre commune,signalé,A21,aucun (rattachement par les noms),canton rattaché à une autre commune que son polygone (A21),03_points
AN01566,D5,_mview_tel_agents_mobile_money.fid-7111a9c0_193dfd882bb_-5fef,geometry,debordement contour,signalé,A21,aucun (rattachement par les noms),commune qui déborde de sa préfecture (résolu par R3),03_points
AN01567,D5,_mview_tel_agents_mobile_money.fid-7111a9c0_193dfd882bb_-5f6a,geometry,canton autre commune,signalé,A21,aucun (rattachement par les noms),canton rattaché à une autre commune que son polygone (A21),03_points
AN01568,D5,_mview_tel_agents_mobile_money.fid-7111a9c0_193dfd882bb_-5daf,geometry,debordement contour,signalé,A21,aucun (rattachement par les noms),commune qui déborde de sa préfecture (résolu par R3),03_points
AN01569,D5,_mview_tel_agents_mobile_money.fid-7111a9c0_193dfd882bb_-53d1,geometry,canton autre commune,signalé,A21,aucun (rattachement par les noms),canton rattaché à une autre commune que son polygone (A21),03_points
AN01570,D5,_mview_tel_agents_mobile_money.fid-7111a9c0_193dfd882bb_-531d,geometry,debordement contour,signalé,A21,aucun (rattachement par les noms),commune qui déborde de sa préfecture (résolu par R3),03_points
AN01571,D5,_mview_tel_agents_mobile_money.fid-7111a9c0_193dfd882bb_-5315,geometry,debordement contour,signalé,A21,aucun (rattachement par les noms),commune qui déborde de sa préfecture (résolu par R3),03_points
AN01572,D5,_mview_tel_agents_mobile_money.fid-7111a9c0_193dfd882bb_-5314,geometry,debordement contour,signalé,A21,aucun (rattachement par les noms),commune qui déborde de sa préfecture (résolu par R3),03_points
AN01573,D5,_mview_tel_agents_mobile_money.fid-7111a9c0_193dfd882bb_-530a,geometry,debordement contour,signalé,A21,aucun (rattachement par les noms),commune qui déborde de sa préfecture (résolu par R3),03_points
AN01574,D5,_mview_tel_agents_mobile_money.fid-7111a9c0_193dfd882bb_-5276,geometry,canton autre commune,signalé,A21,aucun (rattachement par les noms),canton rattaché à une autre commune que son polygone (A21),03_points
AN01575,D5,_mview_tel_agents_mobile_money.fid-7111a9c0_193dfd882bb_-5014,geometry,debordement contour,signalé,A21,aucun (rattachement par les noms),commune qui déborde de sa préfecture (résolu par R3),03_points
AN01576,D5,_mview_tel_agents_mobile_money.fid-7111a9c0_193dfd882bb_-5007,geometry,debordement contour,signalé,A21,aucun (rattachement par les noms),commune qui déborde de sa préfecture (résolu par R3),03_points
AN01577,D5,_mview_tel_agents_mobile_money.fid-7111a9c0_193dfd882bb_-5004,geometry,debordement contour,signalé,A21,aucun (rattachement par les noms),commune qui déborde de sa préfecture (résolu par R3),03_points
AN01578,D5,_mview_tel_agents_mobile_money.fid-7111a9c0_193dfd882bb_-4ff5,geometry,debordement contour,signalé,A21,aucun (rattachement par les noms),commune qui déborde de sa préfecture (résolu par R3),03_points
AN01579,D5,_mview_tel_agents_mobile_money.fid-7111a9c0_193dfd882bb_-4fee,geometry,debordement contour,signalé,A21,aucun (rattachement par les noms),commune qui déborde de sa préfecture (résolu par R3),03_points
AN01580,D5,_mview_tel_agents_mobile_money.fid-7111a9c0_193dfd882bb_-4fd0,geometry,debordement contour,signalé,A21,aucun (rattachement par les noms),commune qui déborde de sa préfecture (résolu par R3),03_points
AN01581,D5,_mview_tel_agents_mobile_money.fid-7111a9c0_193dfd882bb_-467c,geometry,canton autre commune,signalé,A21,aucun (rattachement par les noms),canton rattaché à une autre commune que son polygone (A21),03_points
AN01582,D5,_mview_tel_agents_mobile_money.fid-7111a9c0_193dfd882bb_-467a,geometry,canton autre commune,signalé,A21,aucun (rattachement par les noms),canton rattaché à une autre commune que son polygone (A21),03_points
AN01583,D5,_mview_tel_agents_mobile_money.fid-7111a9c0_193dfd882bb_-4641,geometry,canton autre commune,signalé,A21,aucun (rattachement par les noms),canton rattaché à une autre commune que son polygone (A21),03_points
AN01584,D5,_mview_tel_agents_mobile_money.fid-7111a9c0_193dfd882bb_-4637,geometry,canton autre commune,signalé,A21,aucun (rattachement par les noms),canton rattaché à une autre commune que son polygone (A21),03_points
AN01585,D5,_mview_tel_agents_mobile_money.fid-7111a9c0_193dfd882bb_-44e6,geometry,canton autre commune,signalé,A21,aucun (rattachement par les noms),canton rattaché à une autre commune que son polygone (A21),03_points
AN01586,D5,_mview_tel_agents_mobile_money.fid-7111a9c0_193dfd882bb_-44e4,geometry,canton autre commune,signalé,A21,aucun (rattachement par les noms),canton rattaché à une autre commune que son polygone (A21),03_points
AN01587,D5,_mview_tel_agents_mobile_money.fid-7111a9c0_193dfd882bb_-44e2,geometry,canton autre commune,signalé,A21,aucun (rattachement par les noms),canton rattaché à une autre commune que son polygone (A21),03_points
AN01588,D4,lignes 3 et 499,etab_nom,doublon (fusionné ou variante),gardé ; fusionné en variante,V1 (DD1),-1 en variante,FUCEC Togo Afagnan / COOPEC Afagnan (5.8 m),03_points
AN01589,D4,lignes 10 et 119,etab_nom,"paire proche, institutions différentes",gardé : institutions différentes,V1 (DD1),aucun,BTCI Agbalepedogan / IB Bank Agbalépédogan (12.2 m),03_points
AN01590,D4,lignes 66 et 270,etab_nom,"paire proche, institutions différentes",gardé : institutions différentes,V1 (DD1),aucun,COOPEC AD Adidogome Madiba / FINAM Agence Madiba (15.1 m),03_points
AN01591,D4,lignes 66 et 283,etab_nom,"paire proche, institutions différentes",gardé : institutions différentes,V1 (DD1),aucun,COOPEC AD Adidogome Madiba / Microfinance FINAM Adidogome Madiba (27.6 m),03_points
AN01592,D4,lignes 108 et 168,etab_nom,"paire proche, institutions différentes",gardé : institutions différentes,V1 (DD1),aucun,Banque Altantique Luxolin / BIA Togo Baguida (19.3 m),03_points
AN01593,D4,lignes 134 et 320,etab_nom,"paire proche, institutions différentes",gardé : institutions différentes,V1 (DD1),aucun,CORIS Bank d'Akodessewa / Banque Atlantique Ahadji-Kpota (21.3 m),03_points
AN01594,D4,lignes 149 et 344,etab_nom,doublon (fusionné ou variante),fusionné dans la ligne principale,V1 (DD1),-1 point formel,ECOBANK Akodessewa / ECOBANK d'Akodessewa (3.9 m),03_points
AN01595,D4,lignes 151 et 152,etab_nom,"paire proche, institutions différentes",gardé : institutions différentes,V1 (DD1),aucun,BOA Lomé Port / ECOBANK Rond Point Port (12.1 m),03_points
AN01596,D4,lignes 155 et 299,etab_nom,doublon (fusionné ou variante),gardé ; fusionné en variante,V1 (DD1),-1 en variante,FUCEC Togo Bè / COOPEC Maturite (2.3 m),03_points
AN01597,D4,lignes 171 et 172,etab_nom,"paire proche, institutions différentes",gardé : institutions différentes,V1 (DD1),aucun,SPT Aeroport International Gnassingbe Eyadema / ECOBANK Aerogare (22.1 m),03_points
AN01598,D4,lignes 173 et 174,etab_nom,"paire proche, institutions différentes",gardé : institutions différentes,V1 (DD1),aucun,NSIA Banque Aeroport International Gnassingbe Eyadema / ORABANK Aéroport (16.2 m),03_points
AN01599,D4,lignes 189 et 278,etab_nom,doublon (fusionné ou variante),fusionné dans la ligne principale,V1 (DD1),-1 point formel,COOPEC Grace plus Amadahomé / COOPEC Grâce plus Aménopé (4.6 m),03_points
AN01600,D4,lignes 220 et 285,etab_nom,doublon (fusionné ou variante),fusionné dans la ligne principale,V1 (DD1),-1 point formel,COOPEC-AD Ramco / COOPEC AD Agence Ramco (24.3 m),03_points
AN01601,D4,lignes 257 et 304,etab_nom,"paire proche, institutions différentes",gardé : institutions différentes,V1 (DD1),aucun,BSIC Agoe / SUNU Bank Agence Agoe (22.7 m),03_points
AN01602,D4,lignes 270 et 283,etab_nom,doublon (fusionné ou variante),fusionné dans la ligne principale,V1 (DD1),-1 point formel,FINAM Agence Madiba / Microfinance FINAM Adidogome Madiba (25.4 m),03_points
AN01603,D4,lignes 397 et 400,etab_nom,"paire proche, institutions différentes",gardé : institutions différentes,V1 (DD1),aucun,ORABANK Ewoou / Banque Atlantique Kpingning-Boua (20.7 m),03_points
AN01604,D4,lignes 599 et 631,etab_nom,"paire proche, institutions différentes",gardé : institutions différentes,V1 (DD1),aucun,SPT Boadé / BTCI Boadé (28.0 m),03_points
AN01605,D4,lignes 654 et 655,etab_nom,"paire proche, institutions différentes",gardé : institutions différentes,V1 (DD1),aucun,FINAM Notsé / CERCIF Notsé (15.9 m),03_points
AN01606,D5,972 points,geometry,points proches (~11 m),"gardés, signalés",A8,aucun,508 en surplus ; colonne cellule_11m_partagee,03_points
AN01607,3i,C02068,couv_20km_pct,manquant,mis à NA (non déterminable),A13,0.0 % → NA,Mô 1 : 25 points mobile money,04_territoires
AN01608,3i,C02069,couv_20km_pct,manquant,mis à NA (non déterminable),A13,0.0 % → NA,Mô 2 : 7 points mobile money,04_territoires
AN01609,3i,C03071,couv_20km_pct,manquant,mis à NA (non déterminable),"A13 (critère étendu, à confirmer)",0.0 % → NA,Sotouboua 2 : 107 points mobile money,04_territoires
AN01610,3i,C04073,couv_20km_pct,manquant,mis à NA (non déterminable),A13,0.12 % → NA,Tchamba 1 : 52 points mobile money,04_territoires
AN01611,3i,C04074,couv_20km_pct,manquant,mis à NA (non déterminable),A13,0.0 % → NA,Tchamba 2 : 85 points mobile money,04_territoires
AN01612,3i,C04075,couv_20km_pct,manquant,mis à NA (non déterminable),A13,0.0 % → NA,Tchamba 3 : 68 points mobile money,04_territoires
AN01613,3i,D06096,couv_20km_pct,manquant,mis à NA (non déterminable),"A13 (critère étendu, à confirmer)",0.0 % → NA,Kéran 3 : 10 points mobile money,04_territoires
AN01614,3i,E02103,couv_20km_pct,manquant,mis à NA (non déterminable),A13,0.0 % → NA,Kpendjal 1 : 36 points mobile money,04_territoires
AN01615,3i,E02104,couv_20km_pct,manquant,mis à NA (non déterminable),A13,0.0 % → NA,Kpendjal 2 : 5 points mobile money,04_territoires
AN01616,3i,C02,couv_20km_pct,manquant,mis à NA (non déterminable),A13,0.0 % → NA,Mô : 32 points mobile money,04_territoires
AN01617,3i,C04,couv_20km_pct,manquant,mis à NA (non déterminable),A13,0.05 % → NA,Tchamba : 205 points mobile money,04_territoires
AN01618,3i,E02,couv_20km_pct,manquant,mis à NA (non déterminable),A13,0.0 % → NA,Kpendjal : 41 points mobile money,04_territoires
AN01619,AR1,2018T2 p.7,Abonnés de Togo Telecom,valeur corrigée,corrigé,extraction,appel de note retiré (13 5201),2018T2 : 13520.0,05_ar1
AN01620,AR1,2018T3 p.7,Abonnés de Togo Telecom,valeur corrigée,corrigé,extraction,appel de note retiré (13 5201),2018T2 : 13520.0,05_ar1
AN01621,AR1,2018T4 p.7,Abonnés de Togo Telecom,valeur corrigée,corrigé,extraction,appel de note retiré (13 5201),2018T2 : 13520.0,05_ar1
AN01622,AR1,2019T1,ca/total_fixe,total incohérent avec ses opérateurs,écarté pour ce numéro,DD5,la publication cohérente précédente fait foi,"2018T2 : total 17.887, somme des opérateurs 8.898",05_ar1
AN01623,AR1,2019T1,ca/total_fixe,total incohérent avec ses opérateurs,écarté pour ce numéro,DD5,la publication cohérente précédente fait foi,"2018T3 : total 25.999, somme des opérateurs 8.519",05_ar1
AN01624,AR1,2019T1,ca/total_fixe,total incohérent avec ses opérateurs,écarté pour ce numéro,DD5,la publication cohérente précédente fait foi,"2018T4 : total 34.131, somme des opérateurs 8.559",05_ar1
AN01625,AR1,2019T2,ca/total_fixe,total incohérent avec ses opérateurs,écarté pour ce numéro,DD5,la publication cohérente précédente fait foi,"2018T2 : total 17.887, somme des opérateurs 8.898",05_ar1
AN01626,AR1,2019T2,ca/total_fixe,total incohérent avec ses opérateurs,écarté pour ce numéro,DD5,la publication cohérente précédente fait foi,"2018T3 : total 25.999, somme des opérateurs 8.519",05_ar1
AN01627,AR1,2019T2,ca/total_fixe,total incohérent avec ses opérateurs,écarté pour ce numéro,DD5,la publication cohérente précédente fait foi,"2018T4 : total 34.372, somme des opérateurs 8.559",05_ar1
AN01628,AR1,2019T3,ca/total_fixe,total incohérent avec ses opérateurs,écarté pour ce numéro,DD5,la publication cohérente précédente fait foi,"2018T3 : total 25.999, somme des opérateurs 8.519",05_ar1
AN01629,AR1,2019T3,ca/total_fixe,total incohérent avec ses opérateurs,écarté pour ce numéro,DD5,la publication cohérente précédente fait foi,"2018T4 : total 34.372, somme des opérateurs 8.559",05_ar1
AN01630,AR1,2019T4,ca/total_fixe,total incohérent avec ses opérateurs,écarté pour ce numéro,DD5,la publication cohérente précédente fait foi,"2018T4 : total 34.372, somme des opérateurs 8.8",05_ar1
AN01631,AR1,2025T2,ca/total_fixe,total incohérent avec ses opérateurs,écarté pour ce numéro,DD5,la publication cohérente précédente fait foi,"2024T2 : total 12.95, somme des opérateurs 3.229",05_ar1
AN01632,AR1,2025T2,ca/total_fixe,total incohérent avec ses opérateurs,écarté pour ce numéro,DD5,la publication cohérente précédente fait foi,"2024T3 : total 13.25, somme des opérateurs 3.406",05_ar1
AN01633,AR1,2025T2,ca/total_fixe,total incohérent avec ses opérateurs,écarté pour ce numéro,DD5,la publication cohérente précédente fait foi,"2024T4 : total 14.32, somme des opérateurs 3.505",05_ar1
AN01634,AR1,2025T2,ca/total_fixe,total incohérent avec ses opérateurs,écarté pour ce numéro,DD5,la publication cohérente précédente fait foi,"2025T1 : total 13.05, somme des opérateurs 3.592",05_ar1
AN01635,AR1,2025T2,ca/total_fixe,total incohérent avec ses opérateurs,écarté pour ce numéro,DD5,la publication cohérente précédente fait foi,"2025T2 : total 9.46, somme des opérateurs 3.646",05_ar1
AN01636,AR1,2019T3,abonnes_data_mobile/ensemble/haut_debit,doublon de lecture (valeurs égales),première occurrence gardée (ordre des pages),DD5,aucun,2019T1 : 2.71913e+06 (p.5) / 2.71913e+06 (p.15),05_ar1
AN01637,AR1,2019T4,abonnes_data_mobile/ensemble/haut_debit,doublon de lecture (valeurs égales),première occurrence gardée (ordre des pages),DD5,aucun,2019T1 : 2.71913e+06 (p.5) / 2.71913e+06 (p.15),05_ar1
AN01638,AR1,2020T1,abonnes_data_mobile/ensemble/haut_debit,doublon de lecture (valeurs égales),première occurrence gardée (ordre des pages),DD5,aucun,2019T1 : 2.71913e+06 (p.5) / 2.71913e+06 (p.14),05_ar1
AN01639,AR1,2019T3,abonnes_data_mobile/ensemble/haut_debit,doublon de lecture (valeurs égales),première occurrence gardée (ordre des pages),DD5,aucun,2019T2 : 2.97254e+06 (p.5) / 2.97254e+06 (p.15),05_ar1
AN01640,AR1,2019T4,abonnes_data_mobile/ensemble/haut_debit,doublon de lecture (valeurs égales),première occurrence gardée (ordre des pages),DD5,aucun,2019T2 : 2.97254e+06 (p.5) / 2.97254e+06 (p.15),05_ar1
AN01641,AR1,2020T1,abonnes_data_mobile/ensemble/haut_debit,doublon de lecture (valeurs égales),première occurrence gardée (ordre des pages),DD5,aucun,2019T2 : 2.97254e+06 (p.5) / 2.97254e+06 (p.14),05_ar1
AN01642,AR1,2020T2,abonnes_data_mobile/ensemble/haut_debit,doublon de lecture (valeurs égales),première occurrence gardée (ordre des pages),DD5,aucun,2019T2 : 2.97254e+06 (p.5) / 2.97254e+06 (p.14),05_ar1
AN01643,AR1,2019T3,abonnes_data_mobile/ensemble/haut_debit,doublon de lecture (valeurs égales),première occurrence gardée (ordre des pages),DD5,aucun,2019T3 : 3.19971e+06 (p.5) / 3.19971e+06 (p.15),05_ar1
AN01644,AR1,2019T4,abonnes_data_mobile/ensemble/haut_debit,doublon de lecture (valeurs égales),première occurrence gardée (ordre des pages),DD5,aucun,2019T3 : 3.19971e+06 (p.5) / 3.19971e+06 (p.15),05_ar1
AN01645,AR1,2020T1,abonnes_data_mobile/ensemble/haut_debit,doublon de lecture (valeurs égales),première occurrence gardée (ordre des pages),DD5,aucun,2019T3 : 3.19971e+06 (p.5) / 3.19971e+06 (p.14),05_ar1
AN01646,AR1,2020T2,abonnes_data_mobile/ensemble/haut_debit,doublon de lecture (valeurs égales),première occurrence gardée (ordre des pages),DD5,aucun,2019T3 : 3.19971e+06 (p.5) / 3.19971e+06 (p.14),05_ar1
AN01647,AR1,2020T3,abonnes_data_mobile/ensemble/haut_debit,doublon de lecture (valeurs égales),première occurrence gardée (ordre des pages),DD5,aucun,2019T3 : 3.19971e+06 (p.5) / 3.19971e+06 (p.15),05_ar1
AN01648,AR1,2019T4,abonnes_data_mobile/ensemble/haut_debit,doublon de lecture (valeurs égales),première occurrence gardée (ordre des pages),DD5,aucun,2019T4 : 3.32221e+06 (p.5) / 3.32221e+06 (p.15),05_ar1
AN01649,AR1,2020T1,abonnes_data_mobile/ensemble/haut_debit,doublon de lecture (valeurs égales),première occurrence gardée (ordre des pages),DD5,aucun,2019T4 : 3.32221e+06 (p.5) / 3.32221e+06 (p.14),05_ar1
AN01650,AR1,2020T2,abonnes_data_mobile/ensemble/haut_debit,doublon de lecture (valeurs égales),première occurrence gardée (ordre des pages),DD5,aucun,2019T4 : 3.32221e+06 (p.5) / 3.32221e+06 (p.14),05_ar1
AN01651,AR1,2020T3,abonnes_data_mobile/ensemble/haut_debit,doublon de lecture (valeurs égales),première occurrence gardée (ordre des pages),DD5,aucun,2019T4 : 3.32221e+06 (p.5) / 3.32221e+06 (p.15),05_ar1
AN01652,AR1,2020T4,abonnes_data_mobile/ensemble/haut_debit,doublon de lecture (valeurs égales),première occurrence gardée (ordre des pages),DD5,aucun,2019T4 : 3.32221e+06 (p.5) / 3.32221e+06 (p.15),05_ar1
AN01653,AR1,2020T1,abonnes_data_mobile/ensemble/haut_debit,doublon de lecture (valeurs égales),première occurrence gardée (ordre des pages),DD5,aucun,2020T1 : 2.49649e+06 (p.5) / 2.49649e+06 (p.14),05_ar1
AN01654,AR1,2020T2,abonnes_data_mobile/ensemble/haut_debit,doublon de lecture (valeurs égales),première occurrence gardée (ordre des pages),DD5,aucun,2020T1 : 2.49649e+06 (p.5) / 2.49649e+06 (p.14),05_ar1
AN01655,AR1,2020T3,abonnes_data_mobile/ensemble/haut_debit,doublon de lecture (valeurs égales),première occurrence gardée (ordre des pages),DD5,aucun,2020T1 : 2.49649e+06 (p.5) / 2.49649e+06 (p.15),05_ar1
AN01656,AR1,2020T4,abonnes_data_mobile/ensemble/haut_debit,doublon de lecture (valeurs égales),première occurrence gardée (ordre des pages),DD5,aucun,2020T1 : 2.49649e+06 (p.5) / 2.49649e+06 (p.15),05_ar1
AN01657,AR1,2021T1,abonnes_data_mobile/ensemble/haut_debit,doublon de lecture (valeurs égales),première occurrence gardée (ordre des pages),DD5,aucun,2020T1 : 2.49649e+06 (p.5) / 2.49649e+06 (p.14),05_ar1
AN01658,AR1,2020T2,abonnes_data_mobile/ensemble/haut_debit,doublon de lecture (valeurs égales),première occurrence gardée (ordre des pages),DD5,aucun,2020T2 : 2.66399e+06 (p.5) / 2.66399e+06 (p.14),05_ar1
AN01659,AR1,2020T3,abonnes_data_mobile/ensemble/haut_debit,doublon de lecture (valeurs égales),première occurrence gardée (ordre des pages),DD5,aucun,2020T2 : 2.66399e+06 (p.5) / 2.66399e+06 (p.15),05_ar1
AN01660,AR1,2020T4,abonnes_data_mobile/ensemble/haut_debit,doublon de lecture (valeurs égales),première occurrence gardée (ordre des pages),DD5,aucun,2020T2 : 2.66399e+06 (p.5) / 2.66399e+06 (p.15),05_ar1
AN01661,AR1,2021T1,abonnes_data_mobile/ensemble/haut_debit,doublon de lecture (valeurs égales),première occurrence gardée (ordre des pages),DD5,aucun,2020T2 : 2.66399e+06 (p.5) / 2.66399e+06 (p.14),05_ar1
AN01662,AR1,2021T2,abonnes_data_mobile/ensemble/haut_debit,doublon de lecture (valeurs égales),première occurrence gardée (ordre des pages),DD5,aucun,2020T2 : 2.66399e+06 (p.5) / 2.66399e+06 (p.13),05_ar1
AN01663,AR1,2020T3,abonnes_data_mobile/ensemble/haut_debit,doublon de lecture (valeurs égales),première occurrence gardée (ordre des pages),DD5,aucun,2020T3 : 2.79314e+06 (p.5) / 2.79314e+06 (p.15),05_ar1
AN01664,AR1,2020T4,abonnes_data_mobile/ensemble/haut_debit,doublon de lecture (valeurs égales),première occurrence gardée (ordre des pages),DD5,aucun,2020T3 : 2.79314e+06 (p.5) / 2.79314e+06 (p.15),05_ar1
AN01665,AR1,2021T1,abonnes_data_mobile/ensemble/haut_debit,doublon de lecture (valeurs égales),première occurrence gardée (ordre des pages),DD5,aucun,2020T3 : 2.79314e+06 (p.5) / 2.79314e+06 (p.14),05_ar1
AN01666,AR1,2021T2,abonnes_data_mobile/ensemble/haut_debit,doublon de lecture (valeurs égales),première occurrence gardée (ordre des pages),DD5,aucun,2020T3 : 2.79314e+06 (p.5) / 2.79314e+06 (p.13),05_ar1
AN01667,AR1,2021T3,abonnes_data_mobile/ensemble/haut_debit,doublon de lecture (valeurs égales),première occurrence gardée (ordre des pages),DD5,aucun,2020T3 : 2.79314e+06 (p.5) / 2.79314e+06 (p.13),05_ar1
AN01668,AR1,2020T4,abonnes_data_mobile/ensemble/haut_debit,doublon de lecture (valeurs égales),première occurrence gardée (ordre des pages),DD5,aucun,2020T4 : 3.07941e+06 (p.5) / 3.07941e+06 (p.15),05_ar1
AN01669,AR1,2021T1,abonnes_data_mobile/ensemble/haut_debit,doublon de lecture (valeurs égales),première occurrence gardée (ordre des pages),DD5,aucun,2020T4 : 3.07941e+06 (p.5) / 3.07941e+06 (p.14),05_ar1
AN01670,AR1,2021T2,abonnes_data_mobile/ensemble/haut_debit,doublon de lecture (valeurs égales),première occurrence gardée (ordre des pages),DD5,aucun,2020T4 : 3.07941e+06 (p.5) / 3.07941e+06 (p.13),05_ar1
AN01671,AR1,2021T3,abonnes_data_mobile/ensemble/haut_debit,doublon de lecture (valeurs égales),première occurrence gardée (ordre des pages),DD5,aucun,2020T4 : 3.07941e+06 (p.5) / 3.07941e+06 (p.13),05_ar1
AN01672,AR1,2021T1,abonnes_data_mobile/ensemble/haut_debit,doublon de lecture (valeurs égales),première occurrence gardée (ordre des pages),DD5,aucun,2021T1 : 2.82734e+06 (p.5) / 2.82734e+06 (p.14),05_ar1
AN01673,AR1,2021T2,abonnes_data_mobile/ensemble/haut_debit,doublon de lecture (valeurs égales),première occurrence gardée (ordre des pages),DD5,aucun,2021T1 : 2.82734e+06 (p.5) / 2.82734e+06 (p.13),05_ar1
AN01674,AR1,2021T3,abonnes_data_mobile/ensemble/haut_debit,doublon de lecture (valeurs égales),première occurrence gardée (ordre des pages),DD5,aucun,2021T1 : 2.82734e+06 (p.5) / 2.82734e+06 (p.13),05_ar1
AN01675,AR1,2021T2,abonnes_data_mobile/ensemble/haut_debit,doublon de lecture (valeurs égales),première occurrence gardée (ordre des pages),DD5,aucun,2021T2 : 2.75413e+06 (p.5) / 2.75413e+06 (p.13),05_ar1
AN01676,AR1,2021T3,abonnes_data_mobile/ensemble/haut_debit,doublon de lecture (valeurs égales),première occurrence gardée (ordre des pages),DD5,aucun,2021T2 : 2.75413e+06 (p.5) / 2.75413e+06 (p.13),05_ar1
AN01677,AR1,2021T3,abonnes_data_mobile/ensemble/haut_debit,doublon de lecture (valeurs égales),première occurrence gardée (ordre des pages),DD5,aucun,2021T3 : 3.02516e+06 (p.5) / 3.02516e+06 (p.13),05_ar1
AN01678,AR1,2019T3,abonnes_internet_fixe/cafe/total,doublon de lecture (valeurs égales),première occurrence gardée (ordre des pages),DD5,aucun,2019T1 : 5621 (p.7) / 5621 (p.13),05_ar1
AN01679,AR1,2019T4,abonnes_internet_fixe/cafe/total,doublon de lecture (valeurs égales),première occurrence gardée (ordre des pages),DD5,aucun,2019T1 : 5621 (p.6) / 5621 (p.12),05_ar1
AN01680,AR1,2020T1,abonnes_internet_fixe/cafe/total,doublon de lecture (valeurs égales),première occurrence gardée (ordre des pages),DD5,aucun,2019T1 : 5621 (p.6) / 5621 (p.12),05_ar1
AN01681,AR1,2019T3,abonnes_internet_fixe/cafe/total,doublon de lecture (valeurs égales),première occurrence gardée (ordre des pages),DD5,aucun,2019T2 : 5695 (p.7) / 5695 (p.13),05_ar1
AN01682,AR1,2019T4,abonnes_internet_fixe/cafe/total,doublon de lecture (valeurs égales),première occurrence gardée (ordre des pages),DD5,aucun,2019T2 : 5695 (p.6) / 5695 (p.12),05_ar1
AN01683,AR1,2020T1,abonnes_internet_fixe/cafe/total,doublon de lecture (valeurs égales),première occurrence gardée (ordre des pages),DD5,aucun,2019T2 : 5695 (p.6) / 5695 (p.12),05_ar1
AN01684,AR1,2020T2,abonnes_internet_fixe/cafe/total,doublon de lecture (valeurs égales),première occurrence gardée (ordre des pages),DD5,aucun,2019T2 : 5695 (p.6) / 5695 (p.12),05_ar1
AN01685,AR1,2019T3,abonnes_internet_fixe/cafe/total,doublon de lecture (valeurs égales),première occurrence gardée (ordre des pages),DD5,aucun,2019T3 : 5363 (p.7) / 5363 (p.13),05_ar1
AN01686,AR1,2019T4,abonnes_internet_fixe/cafe/total,doublon de lecture (valeurs égales),première occurrence gardée (ordre des pages),DD5,aucun,2019T3 : 5363 (p.6) / 5363 (p.12),05_ar1
AN01687,AR1,2020T1,abonnes_internet_fixe/cafe/total,doublon de lecture (valeurs égales),première occurrence gardée (ordre des pages),DD5,aucun,2019T3 : 5363 (p.6) / 5363 (p.12),05_ar1
AN01688,AR1,2020T2,abonnes_internet_fixe/cafe/total,doublon de lecture (valeurs égales),première occurrence gardée (ordre des pages),DD5,aucun,2019T3 : 5363 (p.6) / 5363 (p.12),05_ar1
AN01689,AR1,2020T3,abonnes_internet_fixe/cafe/total,doublon de lecture (valeurs égales),première occurrence gardée (ordre des pages),DD5,aucun,2019T3 : 5363 (p.6) / 5363 (p.12),05_ar1
AN01690,AR1,2019T4,abonnes_internet_fixe/cafe/total,doublon de lecture (valeurs égales),première occurrence gardée (ordre des pages),DD5,aucun,2019T4 : 2334 (p.6) / 2334 (p.12),05_ar1
AN01691,AR1,2020T1,abonnes_internet_fixe/cafe/total,doublon de lecture (valeurs égales),première occurrence gardée (ordre des pages),DD5,aucun,2019T4 : 2334 (p.6) / 2334 (p.12),05_ar1
AN01692,AR1,2020T2,abonnes_internet_fixe/cafe/total,doublon de lecture (valeurs égales),première occurrence gardée (ordre des pages),DD5,aucun,2019T4 : 2334 (p.6) / 2334 (p.12),05_ar1
AN01693,AR1,2020T3,abonnes_internet_fixe/cafe/total,doublon de lecture (valeurs égales),première occurrence gardée (ordre des pages),DD5,aucun,2019T4 : 2334 (p.6) / 2334 (p.12),05_ar1
AN01694,AR1,2020T4,abonnes_internet_fixe/cafe/total,doublon de lecture (valeurs égales),première occurrence gardée (ordre des pages),DD5,aucun,2019T4 : 2334 (p.6) / 2334 (p.12),05_ar1
AN01695,AR1,2020T1,abonnes_internet_fixe/cafe/total,doublon de lecture (valeurs égales),première occurrence gardée (ordre des pages),DD5,aucun,2020T1 : 2168 (p.6) / 2168 (p.12),05_ar1
AN01696,AR1,2020T2,abonnes_internet_fixe/cafe/total,doublon de lecture (valeurs égales),première occurrence gardée (ordre des pages),DD5,aucun,2020T1 : 2168 (p.6) / 2168 (p.12),05_ar1
AN01697,AR1,2020T3,abonnes_internet_fixe/cafe/total,doublon de lecture (valeurs égales),première occurrence gardée (ordre des pages),DD5,aucun,2020T1 : 2168 (p.6) / 2168 (p.12),05_ar1
AN01698,AR1,2020T4,abonnes_internet_fixe/cafe/total,doublon de lecture (valeurs égales),première occurrence gardée (ordre des pages),DD5,aucun,2020T1 : 2168 (p.6) / 2168 (p.12),05_ar1
AN01699,AR1,2021T1,abonnes_internet_fixe/cafe/total,doublon de lecture (valeurs égales),première occurrence gardée (ordre des pages),DD5,aucun,2020T1 : 2168 (p.6) / 2168 (p.12),05_ar1
AN01700,AR1,2020T2,abonnes_internet_fixe/cafe/total,doublon de lecture (valeurs égales),première occurrence gardée (ordre des pages),DD5,aucun,2020T2 : 1838 (p.6) / 1838 (p.12),05_ar1
AN01701,AR1,2020T3,abonnes_internet_fixe/cafe/total,doublon de lecture (valeurs égales),première occurrence gardée (ordre des pages),DD5,aucun,2020T2 : 1838 (p.6) / 1838 (p.12),05_ar1
AN01702,AR1,2020T4,abonnes_internet_fixe/cafe/total,doublon de lecture (valeurs égales),première occurrence gardée (ordre des pages),DD5,aucun,2020T2 : 1838 (p.6) / 1838 (p.12),05_ar1
AN01703,AR1,2021T1,abonnes_internet_fixe/cafe/total,doublon de lecture (valeurs égales),première occurrence gardée (ordre des pages),DD5,aucun,2020T2 : 1838 (p.6) / 1838 (p.12),05_ar1
AN01704,AR1,2021T2,abonnes_internet_fixe/cafe/total,doublon de lecture (valeurs égales),première occurrence gardée (ordre des pages),DD5,aucun,2020T2 : 1838 (p.6) / 1838 (p.12),05_ar1
AN01705,AR1,2020T3,abonnes_internet_fixe/cafe/total,doublon de lecture (valeurs égales),première occurrence gardée (ordre des pages),DD5,aucun,2020T3 : 1856 (p.6) / 1856 (p.12),05_ar1
AN01706,AR1,2020T4,abonnes_internet_fixe/cafe/total,doublon de lecture (valeurs égales),première occurrence gardée (ordre des pages),DD5,aucun,2020T3 : 1856 (p.6) / 1856 (p.12),05_ar1
AN01707,AR1,2021T1,abonnes_internet_fixe/cafe/total,doublon de lecture (valeurs égales),première occurrence gardée (ordre des pages),DD5,aucun,2020T3 : 1856 (p.6) / 1856 (p.12),05_ar1
AN01708,AR1,2021T2,abonnes_internet_fixe/cafe/total,doublon de lecture (valeurs égales),première occurrence gardée (ordre des pages),DD5,aucun,2020T3 : 1856 (p.6) / 1856 (p.12),05_ar1
AN01709,AR1,2021T3,abonnes_internet_fixe/cafe/total,doublon de lecture (valeurs égales),première occurrence gardée (ordre des pages),DD5,aucun,2020T3 : 1856 (p.6) / 1856 (p.12),05_ar1
AN01710,AR1,2020T4,abonnes_internet_fixe/cafe/total,doublon de lecture (valeurs égales),première occurrence gardée (ordre des pages),DD5,aucun,2020T4 : 1768 (p.6) / 1768 (p.12),05_ar1
AN01711,AR1,2021T1,abonnes_internet_fixe/cafe/total,doublon de lecture (valeurs égales),première occurrence gardée (ordre des pages),DD5,aucun,2020T4 : 1768 (p.6) / 1768 (p.12),05_ar1
AN01712,AR1,2021T2,abonnes_internet_fixe/cafe/total,doublon de lecture (valeurs égales),première occurrence gardée (ordre des pages),DD5,aucun,2020T4 : 1768 (p.6) / 1768 (p.12),05_ar1
AN01713,AR1,2021T3,abonnes_internet_fixe/cafe/total,doublon de lecture (valeurs égales),première occurrence gardée (ordre des pages),DD5,aucun,2020T4 : 1768 (p.6) / 1768 (p.12),05_ar1
AN01714,AR1,2021T4,abonnes_internet_fixe/cafe/total,doublon de lecture (valeurs égales),première occurrence gardée (ordre des pages),DD5,aucun,2020T4 : 1768 (p.7) / 1768 (p.15),05_ar1
AN01715,AR1,2021T1,abonnes_internet_fixe/cafe/total,doublon de lecture (valeurs égales),première occurrence gardée (ordre des pages),DD5,aucun,2021T1 : 1936 (p.6) / 1936 (p.12),05_ar1
AN01716,AR1,2021T2,abonnes_internet_fixe/cafe/total,doublon de lecture (valeurs égales),première occurrence gardée (ordre des pages),DD5,aucun,2021T1 : 1936 (p.6) / 1936 (p.12),05_ar1
AN01717,AR1,2021T3,abonnes_internet_fixe/cafe/total,doublon de lecture (valeurs égales),première occurrence gardée (ordre des pages),DD5,aucun,2021T1 : 1936 (p.6) / 1936 (p.12),05_ar1
AN01718,AR1,2021T4,abonnes_internet_fixe/cafe/total,doublon de lecture (valeurs égales),première occurrence gardée (ordre des pages),DD5,aucun,2021T1 : 1936 (p.7) / 1936 (p.15),05_ar1
AN01719,AR1,2021T2,abonnes_internet_fixe/cafe/total,doublon de lecture (valeurs égales),première occurrence gardée (ordre des pages),DD5,aucun,2021T2 : 2091 (p.6) / 2091 (p.12),05_ar1
AN01720,AR1,2021T3,abonnes_internet_fixe/cafe/total,doublon de lecture (valeurs égales),première occurrence gardée (ordre des pages),DD5,aucun,2021T2 : 2091 (p.6) / 2091 (p.12),05_ar1
AN01721,AR1,2021T4,abonnes_internet_fixe/cafe/total,doublon de lecture (valeurs égales),première occurrence gardée (ordre des pages),DD5,aucun,2021T2 : 2091 (p.7) / 2091 (p.15),05_ar1
AN01722,AR1,2021T3,abonnes_internet_fixe/cafe/total,doublon de lecture (valeurs égales),première occurrence gardée (ordre des pages),DD5,aucun,2021T3 : 2026 (p.6) / 2026 (p.12),05_ar1
AN01723,AR1,2021T4,abonnes_internet_fixe/cafe/total,doublon de lecture (valeurs égales),première occurrence gardée (ordre des pages),DD5,aucun,2021T3 : 2026 (p.7) / 2026 (p.15),05_ar1
AN01724,AR1,2021T4,abonnes_internet_fixe/cafe/total,doublon de lecture (valeurs égales),première occurrence gardée (ordre des pages),DD5,aucun,2021T4 : 1921 (p.7) / 1921 (p.15),05_ar1
AN01725,AR1,2019T3,abonnes_internet_fixe/ensemble/total,doublon de lecture (valeurs égales),première occurrence gardée (ordre des pages),DD5,aucun,2019T1 : 29327 (p.7) / 29327 (p.13),05_ar1
AN01726,AR1,2019T4,abonnes_internet_fixe/ensemble/total,doublon de lecture (valeurs égales),première occurrence gardée (ordre des pages),DD5,aucun,2019T1 : 29327 (p.6) / 29327 (p.12),05_ar1
AN01727,AR1,2020T1,abonnes_internet_fixe/ensemble/total,doublon de lecture (valeurs égales),première occurrence gardée (ordre des pages),DD5,aucun,2019T1 : 29327 (p.6) / 29327 (p.12),05_ar1
AN01728,AR1,2019T3,abonnes_internet_fixe/ensemble/total,doublon de lecture (valeurs égales),première occurrence gardée (ordre des pages),DD5,aucun,2019T2 : 28101 (p.7) / 28101 (p.13),05_ar1
AN01729,AR1,2019T4,abonnes_internet_fixe/ensemble/total,doublon de lecture (valeurs égales),première occurrence gardée (ordre des pages),DD5,aucun,2019T2 : 28101 (p.6) / 28101 (p.12),05_ar1
AN01730,AR1,2020T1,abonnes_internet_fixe/ensemble/total,doublon de lecture (valeurs égales),première occurrence gardée (ordre des pages),DD5,aucun,2019T2 : 28101 (p.6) / 28101 (p.12),05_ar1
AN01731,AR1,2020T2,abonnes_internet_fixe/ensemble/total,doublon de lecture (valeurs égales),première occurrence gardée (ordre des pages),DD5,aucun,2019T2 : 28101 (p.6) / 28101 (p.12),05_ar1
AN01732,AR1,2019T3,abonnes_internet_fixe/ensemble/total,doublon de lecture (valeurs égales),première occurrence gardée (ordre des pages),DD5,aucun,2019T3 : 31052 (p.7) / 31052 (p.13),05_ar1
AN01733,AR1,2019T4,abonnes_internet_fixe/ensemble/total,doublon de lecture (valeurs égales),première occurrence gardée (ordre des pages),DD5,aucun,2019T3 : 31052 (p.6) / 31052 (p.12),05_ar1
AN01734,AR1,2020T1,abonnes_internet_fixe/ensemble/total,doublon de lecture (valeurs égales),première occurrence gardée (ordre des pages),DD5,aucun,2019T3 : 31052 (p.6) / 31052 (p.12),05_ar1
AN01735,AR1,2020T2,abonnes_internet_fixe/ensemble/total,doublon de lecture (valeurs égales),première occurrence gardée (ordre des pages),DD5,aucun,2019T3 : 31052 (p.6) / 31052 (p.12),05_ar1
AN01736,AR1,2020T3,abonnes_internet_fixe/ensemble/total,doublon de lecture (valeurs égales),première occurrence gardée (ordre des pages),DD5,aucun,2019T3 : 31052 (p.6) / 31052 (p.12),05_ar1
AN01737,AR1,2019T4,abonnes_internet_fixe/ensemble/total,doublon de lecture (valeurs égales),première occurrence gardée (ordre des pages),DD5,aucun,2019T4 : 31899 (p.6) / 31899 (p.12),05_ar1
AN01738,AR1,2020T1,abonnes_internet_fixe/ensemble/total,doublon de lecture (valeurs égales),première occurrence gardée (ordre des pages),DD5,aucun,2019T4 : 31899 (p.6) / 31899 (p.12),05_ar1
AN01739,AR1,2020T2,abonnes_internet_fixe/ensemble/total,doublon de lecture (valeurs égales),première occurrence gardée (ordre des pages),DD5,aucun,2019T4 : 31899 (p.6) / 31899 (p.12),05_ar1
AN01740,AR1,2020T3,abonnes_internet_fixe/ensemble/total,doublon de lecture (valeurs égales),première occurrence gardée (ordre des pages),DD5,aucun,2019T4 : 31899 (p.6) / 31899 (p.12),05_ar1
AN01741,AR1,2020T4,abonnes_internet_fixe/ensemble/total,doublon de lecture (valeurs égales),première occurrence gardée (ordre des pages),DD5,aucun,2019T4 : 31899 (p.6) / 31899 (p.12),05_ar1
AN01742,AR1,2020T1,abonnes_internet_fixe/ensemble/total,doublon de lecture (valeurs égales),première occurrence gardée (ordre des pages),DD5,aucun,2020T1 : 36724 (p.6) / 36724 (p.12),05_ar1
AN01743,AR1,2020T2,abonnes_internet_fixe/ensemble/total,doublon de lecture (valeurs égales),première occurrence gardée (ordre des pages),DD5,aucun,2020T1 : 33671 (p.6) / 33671 (p.12),05_ar1
AN01744,AR1,2020T3,abonnes_internet_fixe/ensemble/total,doublon de lecture (valeurs égales),première occurrence gardée (ordre des pages),DD5,aucun,2020T1 : 36724 (p.6) / 36724 (p.12),05_ar1
AN01745,AR1,2020T4,abonnes_internet_fixe/ensemble/total,doublon de lecture (valeurs égales),première occurrence gardée (ordre des pages),DD5,aucun,2020T1 : 36724 (p.6) / 36724 (p.12),05_ar1
AN01746,AR1,2021T1,abonnes_internet_fixe/ensemble/total,doublon de lecture (valeurs égales),première occurrence gardée (ordre des pages),DD5,aucun,2020T1 : 36724 (p.6) / 36724 (p.12),05_ar1
AN01747,AR1,2020T2,abonnes_internet_fixe/ensemble/total,doublon de lecture (valeurs égales),première occurrence gardée (ordre des pages),DD5,aucun,2020T2 : 41776 (p.6) / 41776 (p.12),05_ar1
AN01748,AR1,2020T3,abonnes_internet_fixe/ensemble/total,doublon de lecture (valeurs égales),première occurrence gardée (ordre des pages),DD5,aucun,2020T2 : 41776 (p.6) / 41776 (p.12),05_ar1
AN01749,AR1,2020T4,abonnes_internet_fixe/ensemble/total,doublon de lecture (valeurs égales),première occurrence gardée (ordre des pages),DD5,aucun,2020T2 : 41776 (p.6) / 41776 (p.12),05_ar1
AN01750,AR1,2021T1,abonnes_internet_fixe/ensemble/total,doublon de lecture (valeurs égales),première occurrence gardée (ordre des pages),DD5,aucun,2020T2 : 41776 (p.6) / 41776 (p.12),05_ar1
AN01751,AR1,2021T2,abonnes_internet_fixe/ensemble/total,doublon de lecture (valeurs égales),première occurrence gardée (ordre des pages),DD5,aucun,2020T2 : 41776 (p.6) / 41776 (p.12),05_ar1
AN01752,AR1,2020T3,abonnes_internet_fixe/ensemble/total,doublon de lecture (valeurs égales),première occurrence gardée (ordre des pages),DD5,aucun,2020T3 : 47543 (p.6) / 47543 (p.12),05_ar1
AN01753,AR1,2020T4,abonnes_internet_fixe/ensemble/total,doublon de lecture (valeurs égales),première occurrence gardée (ordre des pages),DD5,aucun,2020T3 : 47543 (p.6) / 47543 (p.12),05_ar1
AN01754,AR1,2021T1,abonnes_internet_fixe/ensemble/total,doublon de lecture (valeurs égales),première occurrence gardée (ordre des pages),DD5,aucun,2020T3 : 47543 (p.6) / 47543 (p.12),05_ar1
AN01755,AR1,2021T2,abonnes_internet_fixe/ensemble/total,doublon de lecture (valeurs égales),première occurrence gardée (ordre des pages),DD5,aucun,2020T3 : 47543 (p.6) / 47543 (p.12),05_ar1
AN01756,AR1,2021T3,abonnes_internet_fixe/ensemble/total,doublon de lecture (valeurs égales),première occurrence gardée (ordre des pages),DD5,aucun,2020T3 : 47543 (p.6) / 47543 (p.12),05_ar1
AN01757,AR1,2020T4,abonnes_internet_fixe/ensemble/total,doublon de lecture (valeurs égales),première occurrence gardée (ordre des pages),DD5,aucun,2020T4 : 52707 (p.6) / 52707 (p.12),05_ar1
AN01758,AR1,2021T1,abonnes_internet_fixe/ensemble/total,doublon de lecture (valeurs égales),première occurrence gardée (ordre des pages),DD5,aucun,2020T4 : 52707 (p.6) / 52707 (p.12),05_ar1
AN01759,AR1,2021T2,abonnes_internet_fixe/ensemble/total,doublon de lecture (valeurs égales),première occurrence gardée (ordre des pages),DD5,aucun,2020T4 : 52707 (p.6) / 52707 (p.12),05_ar1
AN01760,AR1,2021T3,abonnes_internet_fixe/ensemble/total,doublon de lecture (valeurs égales),première occurrence gardée (ordre des pages),DD5,aucun,2020T4 : 52707 (p.6) / 52707 (p.12),05_ar1
AN01761,AR1,2021T4,abonnes_internet_fixe/ensemble/total,doublon de lecture (valeurs égales),première occurrence gardée (ordre des pages),DD5,aucun,2020T4 : 52707 (p.7) / 52707 (p.15),05_ar1
AN01762,AR1,2021T1,abonnes_internet_fixe/ensemble/total,doublon de lecture (valeurs égales),première occurrence gardée (ordre des pages),DD5,aucun,2021T1 : 64074 (p.6) / 64074 (p.12),05_ar1
AN01763,AR1,2021T2,abonnes_internet_fixe/ensemble/total,conflit entre deux tableaux du même numéro,première occurrence gardée (ordre des pages),DD5,écart 3.7 %,2021T1 : 64074 (p.6) / 61689 (p.12),05_ar1
AN01764,AR1,2021T3,abonnes_internet_fixe/ensemble/total,doublon de lecture (valeurs égales),première occurrence gardée (ordre des pages),DD5,aucun,2021T1 : 61689 (p.6) / 61689 (p.12),05_ar1
AN01765,AR1,2021T4,abonnes_internet_fixe/ensemble/total,doublon de lecture (valeurs égales),première occurrence gardée (ordre des pages),DD5,aucun,2021T1 : 64074 (p.7) / 64074 (p.15),05_ar1
AN01766,AR1,2021T2,abonnes_internet_fixe/ensemble/total,doublon de lecture (arrondi),première occurrence gardée (ordre des pages),DD5,aucun,2021T2 : 54083 (p.6) / 54091 (p.12),05_ar1
AN01767,AR1,2021T3,abonnes_internet_fixe/ensemble/total,doublon de lecture (valeurs égales),première occurrence gardée (ordre des pages),DD5,aucun,2021T2 : 54091 (p.6) / 54091 (p.12),05_ar1
AN01768,AR1,2021T4,abonnes_internet_fixe/ensemble/total,doublon de lecture (valeurs égales),première occurrence gardée (ordre des pages),DD5,aucun,2021T2 : 54083 (p.7) / 54083 (p.15),05_ar1
AN01769,AR1,2021T3,abonnes_internet_fixe/ensemble/total,doublon de lecture (valeurs égales),première occurrence gardée (ordre des pages),DD5,aucun,2021T3 : 59863 (p.6) / 59863 (p.12),05_ar1
AN01770,AR1,2021T4,abonnes_internet_fixe/ensemble/total,doublon de lecture (valeurs égales),première occurrence gardée (ordre des pages),DD5,aucun,2021T3 : 59863 (p.7) / 59863 (p.15),05_ar1
AN01771,AR1,2021T4,abonnes_internet_fixe/ensemble/total,doublon de lecture (valeurs égales),première occurrence gardée (ordre des pages),DD5,aucun,2021T4 : 69384 (p.7) / 69384 (p.15),05_ar1
AN01772,AR1,2019T3,abonnes_internet_fixe/gva/total,doublon de lecture (valeurs égales),première occurrence gardée (ordre des pages),DD5,aucun,2019T1 : 1680 (p.7) / 1680 (p.13),05_ar1
AN01773,AR1,2019T4,abonnes_internet_fixe/gva/total,doublon de lecture (valeurs égales),première occurrence gardée (ordre des pages),DD5,aucun,2019T1 : 1680 (p.6) / 1680 (p.12),05_ar1
AN01774,AR1,2020T1,abonnes_internet_fixe/gva/total,doublon de lecture (valeurs égales),première occurrence gardée (ordre des pages),DD5,aucun,2019T1 : 1680 (p.6) / 1680 (p.12),05_ar1
AN01775,AR1,2019T3,abonnes_internet_fixe/gva/total,doublon de lecture (valeurs égales),première occurrence gardée (ordre des pages),DD5,aucun,2019T2 : 2100 (p.7) / 2100 (p.13),05_ar1
AN01776,AR1,2019T4,abonnes_internet_fixe/gva/total,doublon de lecture (valeurs égales),première occurrence gardée (ordre des pages),DD5,aucun,2019T2 : 2100 (p.6) / 2100 (p.12),05_ar1
AN01777,AR1,2020T1,abonnes_internet_fixe/gva/total,doublon de lecture (valeurs égales),première occurrence gardée (ordre des pages),DD5,aucun,2019T2 : 2100 (p.6) / 2100 (p.12),05_ar1
AN01778,AR1,2020T2,abonnes_internet_fixe/gva/total,doublon de lecture (valeurs égales),première occurrence gardée (ordre des pages),DD5,aucun,2019T2 : 2100 (p.6) / 2100 (p.12),05_ar1
AN01779,AR1,2019T3,abonnes_internet_fixe/gva/total,doublon de lecture (valeurs égales),première occurrence gardée (ordre des pages),DD5,aucun,2019T3 : 3928 (p.7) / 3928 (p.13),05_ar1
AN01780,AR1,2019T4,abonnes_internet_fixe/gva/total,doublon de lecture (valeurs égales),première occurrence gardée (ordre des pages),DD5,aucun,2019T3 : 3928 (p.6) / 3928 (p.12),05_ar1
AN01781,AR1,2020T1,abonnes_internet_fixe/gva/total,doublon de lecture (valeurs égales),première occurrence gardée (ordre des pages),DD5,aucun,2019T3 : 3928 (p.6) / 3928 (p.12),05_ar1
AN01782,AR1,2020T2,abonnes_internet_fixe/gva/total,doublon de lecture (valeurs égales),première occurrence gardée (ordre des pages),DD5,aucun,2019T3 : 3928 (p.6) / 3928 (p.12),05_ar1
AN01783,AR1,2020T3,abonnes_internet_fixe/gva/total,doublon de lecture (valeurs égales),première occurrence gardée (ordre des pages),DD5,aucun,2019T3 : 3928 (p.6) / 3928 (p.12),05_ar1
AN01784,AR1,2019T4,abonnes_internet_fixe/gva/total,doublon de lecture (valeurs égales),première occurrence gardée (ordre des pages),DD5,aucun,2019T4 : 5945 (p.6) / 5945 (p.12),05_ar1
AN01785,AR1,2020T1,abonnes_internet_fixe/gva/total,doublon de lecture (valeurs égales),première occurrence gardée (ordre des pages),DD5,aucun,2019T4 : 5945 (p.6) / 5945 (p.12),05_ar1
AN01786,AR1,2020T2,abonnes_internet_fixe/gva/total,doublon de lecture (valeurs égales),première occurrence gardée (ordre des pages),DD5,aucun,2019T4 : 5945 (p.6) / 5945 (p.12),05_ar1
AN01787,AR1,2020T3,abonnes_internet_fixe/gva/total,doublon de lecture (valeurs égales),première occurrence gardée (ordre des pages),DD5,aucun,2019T4 : 5945 (p.6) / 5945 (p.12),05_ar1
AN01788,AR1,2020T4,abonnes_internet_fixe/gva/total,doublon de lecture (valeurs égales),première occurrence gardée (ordre des pages),DD5,aucun,2019T4 : 5945 (p.6) / 5945 (p.12),05_ar1
AN01789,AR1,2020T1,abonnes_internet_fixe/gva/total,doublon de lecture (valeurs égales),première occurrence gardée (ordre des pages),DD5,aucun,2020T1 : 8998 (p.6) / 8998 (p.12),05_ar1
AN01790,AR1,2020T2,abonnes_internet_fixe/gva/total,doublon de lecture (valeurs égales),première occurrence gardée (ordre des pages),DD5,aucun,2020T1 : 8998 (p.6) / 8998 (p.12),05_ar1
AN01791,AR1,2020T3,abonnes_internet_fixe/gva/total,doublon de lecture (valeurs égales),première occurrence gardée (ordre des pages),DD5,aucun,2020T1 : 8998 (p.6) / 8998 (p.12),05_ar1
AN01792,AR1,2020T4,abonnes_internet_fixe/gva/total,doublon de lecture (valeurs égales),première occurrence gardée (ordre des pages),DD5,aucun,2020T1 : 8998 (p.6) / 8998 (p.12),05_ar1
AN01793,AR1,2021T1,abonnes_internet_fixe/gva/total,doublon de lecture (valeurs égales),première occurrence gardée (ordre des pages),DD5,aucun,2020T1 : 8998 (p.6) / 8998 (p.12),05_ar1
AN01794,AR1,2020T2,abonnes_internet_fixe/gva/total,doublon de lecture (valeurs égales),première occurrence gardée (ordre des pages),DD5,aucun,2020T2 : 12390 (p.6) / 12390 (p.12),05_ar1
AN01795,AR1,2020T3,abonnes_internet_fixe/gva/total,doublon de lecture (valeurs égales),première occurrence gardée (ordre des pages),DD5,aucun,2020T2 : 12390 (p.6) / 12390 (p.12),05_ar1
AN01796,AR1,2020T4,abonnes_internet_fixe/gva/total,doublon de lecture (valeurs égales),première occurrence gardée (ordre des pages),DD5,aucun,2020T2 : 12390 (p.6) / 12390 (p.12),05_ar1
AN01797,AR1,2021T1,abonnes_internet_fixe/gva/total,doublon de lecture (valeurs égales),première occurrence gardée (ordre des pages),DD5,aucun,2020T2 : 12390 (p.6) / 12390 (p.12),05_ar1
AN01798,AR1,2021T2,abonnes_internet_fixe/gva/total,doublon de lecture (valeurs égales),première occurrence gardée (ordre des pages),DD5,aucun,2020T2 : 12390 (p.6) / 12390 (p.12),05_ar1
AN01799,AR1,2020T3,abonnes_internet_fixe/gva/total,doublon de lecture (valeurs égales),première occurrence gardée (ordre des pages),DD5,aucun,2020T3 : 14918 (p.6) / 14918 (p.12),05_ar1
AN01800,AR1,2020T4,abonnes_internet_fixe/gva/total,doublon de lecture (valeurs égales),première occurrence gardée (ordre des pages),DD5,aucun,2020T3 : 14918 (p.6) / 14918 (p.12),05_ar1
AN01801,AR1,2021T1,abonnes_internet_fixe/gva/total,doublon de lecture (valeurs égales),première occurrence gardée (ordre des pages),DD5,aucun,2020T3 : 14918 (p.6) / 14918 (p.12),05_ar1
AN01802,AR1,2021T2,abonnes_internet_fixe/gva/total,doublon de lecture (valeurs égales),première occurrence gardée (ordre des pages),DD5,aucun,2020T3 : 14918 (p.6) / 14918 (p.12),05_ar1
AN01803,AR1,2021T3,abonnes_internet_fixe/gva/total,doublon de lecture (valeurs égales),première occurrence gardée (ordre des pages),DD5,aucun,2020T3 : 14918 (p.6) / 14918 (p.12),05_ar1
AN01804,AR1,2020T4,abonnes_internet_fixe/gva/total,doublon de lecture (valeurs égales),première occurrence gardée (ordre des pages),DD5,aucun,2020T4 : 18270 (p.6) / 18270 (p.12),05_ar1
AN01805,AR1,2021T1,abonnes_internet_fixe/gva/total,doublon de lecture (valeurs égales),première occurrence gardée (ordre des pages),DD5,aucun,2020T4 : 18270 (p.6) / 18270 (p.12),05_ar1
AN01806,AR1,2021T2,abonnes_internet_fixe/gva/total,doublon de lecture (valeurs égales),première occurrence gardée (ordre des pages),DD5,aucun,2020T4 : 18270 (p.6) / 18270 (p.12),05_ar1
AN01807,AR1,2021T3,abonnes_internet_fixe/gva/total,doublon de lecture (valeurs égales),première occurrence gardée (ordre des pages),DD5,aucun,2020T4 : 18270 (p.6) / 18270 (p.12),05_ar1
AN01808,AR1,2021T4,abonnes_internet_fixe/gva/total,doublon de lecture (valeurs égales),première occurrence gardée (ordre des pages),DD5,aucun,2020T4 : 18270 (p.7) / 18270 (p.15),05_ar1
AN01809,AR1,2021T1,abonnes_internet_fixe/gva/total,doublon de lecture (valeurs égales),première occurrence gardée (ordre des pages),DD5,aucun,2021T1 : 25588 (p.6) / 25588 (p.12),05_ar1
AN01810,AR1,2021T2,abonnes_internet_fixe/gva/total,conflit entre deux tableaux du même numéro,première occurrence gardée (ordre des pages),DD5,écart 9.3 %,2021T1 : 25588 (p.6) / 23203 (p.12),05_ar1
AN01811,AR1,2021T3,abonnes_internet_fixe/gva/total,doublon de lecture (valeurs égales),première occurrence gardée (ordre des pages),DD5,aucun,2021T1 : 23203 (p.6) / 23203 (p.12),05_ar1
AN01812,AR1,2021T4,abonnes_internet_fixe/gva/total,doublon de lecture (valeurs égales),première occurrence gardée (ordre des pages),DD5,aucun,2021T1 : 25588 (p.7) / 25588 (p.15),05_ar1
AN01813,AR1,2021T2,abonnes_internet_fixe/gva/total,doublon de lecture (valeurs égales),première occurrence gardée (ordre des pages),DD5,aucun,2021T2 : 25588 (p.6) / 25588 (p.12),05_ar1
AN01814,AR1,2021T3,abonnes_internet_fixe/gva/total,doublon de lecture (valeurs égales),première occurrence gardée (ordre des pages),DD5,aucun,2021T2 : 25588 (p.6) / 25588 (p.12),05_ar1
AN01815,AR1,2021T4,abonnes_internet_fixe/gva/total,doublon de lecture (valeurs égales),première occurrence gardée (ordre des pages),DD5,aucun,2021T2 : 25588 (p.7) / 25588 (p.15),05_ar1
AN01816,AR1,2021T3,abonnes_internet_fixe/gva/total,doublon de lecture (valeurs égales),première occurrence gardée (ordre des pages),DD5,aucun,2021T3 : 29433 (p.6) / 29433 (p.12),05_ar1
AN01817,AR1,2021T4,abonnes_internet_fixe/gva/total,doublon de lecture (valeurs égales),première occurrence gardée (ordre des pages),DD5,aucun,2021T3 : 29433 (p.7) / 29433 (p.15),05_ar1
AN01818,AR1,2021T4,abonnes_internet_fixe/gva/total,doublon de lecture (valeurs égales),première occurrence gardée (ordre des pages),DD5,aucun,2021T4 : 36050 (p.7) / 36050 (p.15),05_ar1
AN01819,AR1,2019T3,abonnes_internet_fixe/teolis/total,doublon de lecture (valeurs égales),première occurrence gardée (ordre des pages),DD5,aucun,2019T1 : 36 (p.7) / 36 (p.13),05_ar1
AN01820,AR1,2019T4,abonnes_internet_fixe/teolis/total,doublon de lecture (valeurs égales),première occurrence gardée (ordre des pages),DD5,aucun,2019T1 : 36 (p.6) / 36 (p.12),05_ar1
AN01821,AR1,2020T1,abonnes_internet_fixe/teolis/total,doublon de lecture (valeurs égales),première occurrence gardée (ordre des pages),DD5,aucun,2019T1 : 36 (p.6) / 36 (p.12),05_ar1
AN01822,AR1,2019T3,abonnes_internet_fixe/teolis/total,doublon de lecture (valeurs égales),première occurrence gardée (ordre des pages),DD5,aucun,2019T2 : 68 (p.7) / 68 (p.13),05_ar1
AN01823,AR1,2019T4,abonnes_internet_fixe/teolis/total,doublon de lecture (valeurs égales),première occurrence gardée (ordre des pages),DD5,aucun,2019T2 : 68 (p.6) / 68 (p.12),05_ar1
AN01824,AR1,2020T1,abonnes_internet_fixe/teolis/total,doublon de lecture (valeurs égales),première occurrence gardée (ordre des pages),DD5,aucun,2019T2 : 68 (p.6) / 68 (p.12),05_ar1
AN01825,AR1,2020T2,abonnes_internet_fixe/teolis/total,doublon de lecture (valeurs égales),première occurrence gardée (ordre des pages),DD5,aucun,2019T2 : 68 (p.6) / 68 (p.12),05_ar1
AN01826,AR1,2019T3,abonnes_internet_fixe/teolis/total,doublon de lecture (valeurs égales),première occurrence gardée (ordre des pages),DD5,aucun,2019T3 : 134 (p.7) / 134 (p.13),05_ar1
AN01827,AR1,2019T4,abonnes_internet_fixe/teolis/total,doublon de lecture (valeurs égales),première occurrence gardée (ordre des pages),DD5,aucun,2019T3 : 134 (p.6) / 134 (p.12),05_ar1
AN01828,AR1,2020T1,abonnes_internet_fixe/teolis/total,doublon de lecture (valeurs égales),première occurrence gardée (ordre des pages),DD5,aucun,2019T3 : 134 (p.6) / 134 (p.12),05_ar1
AN01829,AR1,2020T2,abonnes_internet_fixe/teolis/total,doublon de lecture (valeurs égales),première occurrence gardée (ordre des pages),DD5,aucun,2019T3 : 134 (p.6) / 134 (p.12),05_ar1
AN01830,AR1,2020T3,abonnes_internet_fixe/teolis/total,doublon de lecture (valeurs égales),première occurrence gardée (ordre des pages),DD5,aucun,2019T3 : 134 (p.6) / 134 (p.12),05_ar1
AN01831,AR1,2019T4,abonnes_internet_fixe/teolis/total,doublon de lecture (valeurs égales),première occurrence gardée (ordre des pages),DD5,aucun,2019T4 : 154 (p.6) / 154 (p.12),05_ar1
AN01832,AR1,2020T1,abonnes_internet_fixe/teolis/total,doublon de lecture (valeurs égales),première occurrence gardée (ordre des pages),DD5,aucun,2019T4 : 154 (p.6) / 154 (p.12),05_ar1
AN01833,AR1,2020T2,abonnes_internet_fixe/teolis/total,doublon de lecture (valeurs égales),première occurrence gardée (ordre des pages),DD5,aucun,2019T4 : 154 (p.6) / 154 (p.12),05_ar1
AN01834,AR1,2020T3,abonnes_internet_fixe/teolis/total,doublon de lecture (valeurs égales),première occurrence gardée (ordre des pages),DD5,aucun,2019T4 : 154 (p.6) / 154 (p.12),05_ar1
AN01835,AR1,2020T4,abonnes_internet_fixe/teolis/total,doublon de lecture (valeurs égales),première occurrence gardée (ordre des pages),DD5,aucun,2019T4 : 154 (p.6) / 154 (p.12),05_ar1
AN01836,AR1,2020T1,abonnes_internet_fixe/teolis/total,doublon de lecture (valeurs égales),première occurrence gardée (ordre des pages),DD5,aucun,2020T1 : 169 (p.6) / 169 (p.12),05_ar1
AN01837,AR1,2020T2,abonnes_internet_fixe/teolis/total,doublon de lecture (valeurs égales),première occurrence gardée (ordre des pages),DD5,aucun,2020T1 : 169 (p.6) / 169 (p.12),05_ar1
AN01838,AR1,2020T3,abonnes_internet_fixe/teolis/total,doublon de lecture (valeurs égales),première occurrence gardée (ordre des pages),DD5,aucun,2020T1 : 169 (p.6) / 169 (p.12),05_ar1
AN01839,AR1,2020T4,abonnes_internet_fixe/teolis/total,doublon de lecture (valeurs égales),première occurrence gardée (ordre des pages),DD5,aucun,2020T1 : 169 (p.6) / 169 (p.12),05_ar1
AN01840,AR1,2021T1,abonnes_internet_fixe/teolis/total,doublon de lecture (valeurs égales),première occurrence gardée (ordre des pages),DD5,aucun,2020T1 : 169 (p.6) / 169 (p.12),05_ar1
AN01841,AR1,2020T2,abonnes_internet_fixe/teolis/total,doublon de lecture (valeurs égales),première occurrence gardée (ordre des pages),DD5,aucun,2020T2 : 203 (p.6) / 203 (p.12),05_ar1
AN01842,AR1,2020T3,abonnes_internet_fixe/teolis/total,doublon de lecture (valeurs égales),première occurrence gardée (ordre des pages),DD5,aucun,2020T2 : 203 (p.6) / 203 (p.12),05_ar1
AN01843,AR1,2020T4,abonnes_internet_fixe/teolis/total,doublon de lecture (valeurs égales),première occurrence gardée (ordre des pages),DD5,aucun,2020T2 : 203 (p.6) / 203 (p.12),05_ar1
AN01844,AR1,2021T1,abonnes_internet_fixe/teolis/total,doublon de lecture (valeurs égales),première occurrence gardée (ordre des pages),DD5,aucun,2020T2 : 203 (p.6) / 203 (p.12),05_ar1
AN01845,AR1,2021T2,abonnes_internet_fixe/teolis/total,doublon de lecture (valeurs égales),première occurrence gardée (ordre des pages),DD5,aucun,2020T2 : 203 (p.6) / 203 (p.12),05_ar1
AN01846,AR1,2020T3,abonnes_internet_fixe/teolis/total,doublon de lecture (valeurs égales),première occurrence gardée (ordre des pages),DD5,aucun,2020T3 : 228 (p.6) / 228 (p.12),05_ar1
AN01847,AR1,2020T4,abonnes_internet_fixe/teolis/total,doublon de lecture (valeurs égales),première occurrence gardée (ordre des pages),DD5,aucun,2020T3 : 228 (p.6) / 228 (p.12),05_ar1
AN01848,AR1,2021T1,abonnes_internet_fixe/teolis/total,doublon de lecture (valeurs égales),première occurrence gardée (ordre des pages),DD5,aucun,2020T3 : 228 (p.6) / 228 (p.12),05_ar1
AN01849,AR1,2021T2,abonnes_internet_fixe/teolis/total,doublon de lecture (valeurs égales),première occurrence gardée (ordre des pages),DD5,aucun,2020T3 : 228 (p.6) / 228 (p.12),05_ar1
AN01850,AR1,2021T3,abonnes_internet_fixe/teolis/total,doublon de lecture (valeurs égales),première occurrence gardée (ordre des pages),DD5,aucun,2020T3 : 228 (p.6) / 228 (p.12),05_ar1
AN01851,AR1,2020T4,abonnes_internet_fixe/teolis/total,doublon de lecture (valeurs égales),première occurrence gardée (ordre des pages),DD5,aucun,2020T4 : 254 (p.6) / 254 (p.12),05_ar1
AN01852,AR1,2021T1,abonnes_internet_fixe/teolis/total,doublon de lecture (valeurs égales),première occurrence gardée (ordre des pages),DD5,aucun,2020T4 : 254 (p.6) / 254 (p.12),05_ar1
AN01853,AR1,2021T2,abonnes_internet_fixe/teolis/total,doublon de lecture (valeurs égales),première occurrence gardée (ordre des pages),DD5,aucun,2020T4 : 254 (p.6) / 254 (p.12),05_ar1
AN01854,AR1,2021T3,abonnes_internet_fixe/teolis/total,doublon de lecture (valeurs égales),première occurrence gardée (ordre des pages),DD5,aucun,2020T4 : 254 (p.6) / 254 (p.12),05_ar1
AN01855,AR1,2021T4,abonnes_internet_fixe/teolis/total,doublon de lecture (valeurs égales),première occurrence gardée (ordre des pages),DD5,aucun,2020T4 : 254 (p.7) / 254 (p.15),05_ar1
AN01856,AR1,2021T1,abonnes_internet_fixe/teolis/total,doublon de lecture (valeurs égales),première occurrence gardée (ordre des pages),DD5,aucun,2021T1 : 250 (p.6) / 250 (p.12),05_ar1
AN01857,AR1,2021T2,abonnes_internet_fixe/teolis/total,doublon de lecture (valeurs égales),première occurrence gardée (ordre des pages),DD5,aucun,2021T1 : 250 (p.6) / 250 (p.12),05_ar1
AN01858,AR1,2021T3,abonnes_internet_fixe/teolis/total,doublon de lecture (valeurs égales),première occurrence gardée (ordre des pages),DD5,aucun,2021T1 : 250 (p.6) / 250 (p.12),05_ar1
AN01859,AR1,2021T4,abonnes_internet_fixe/teolis/total,doublon de lecture (valeurs égales),première occurrence gardée (ordre des pages),DD5,aucun,2021T1 : 250 (p.7) / 250 (p.15),05_ar1
AN01860,AR1,2021T2,abonnes_internet_fixe/teolis/total,conflit entre deux tableaux du même numéro,première occurrence gardée (ordre des pages),DD5,écart 3.1 %,2021T2 : 250 (p.6) / 258 (p.12),05_ar1
AN01861,AR1,2021T3,abonnes_internet_fixe/teolis/total,doublon de lecture (valeurs égales),première occurrence gardée (ordre des pages),DD5,aucun,2021T2 : 258 (p.6) / 258 (p.12),05_ar1
AN01862,AR1,2021T4,abonnes_internet_fixe/teolis/total,doublon de lecture (valeurs égales),première occurrence gardée (ordre des pages),DD5,aucun,2021T2 : 250 (p.7) / 250 (p.15),05_ar1
AN01863,AR1,2021T3,abonnes_internet_fixe/teolis/total,doublon de lecture (valeurs égales),première occurrence gardée (ordre des pages),DD5,aucun,2021T3 : 275 (p.6) / 275 (p.12),05_ar1
AN01864,AR1,2021T4,abonnes_internet_fixe/teolis/total,doublon de lecture (valeurs égales),première occurrence gardée (ordre des pages),DD5,aucun,2021T3 : 275 (p.7) / 275 (p.15),05_ar1
AN01865,AR1,2021T4,abonnes_internet_fixe/teolis/total,doublon de lecture (valeurs égales),première occurrence gardée (ordre des pages),DD5,aucun,2021T4 : 510 (p.7) / 510 (p.15),05_ar1
AN01866,AR1,2019T3,abonnes_internet_fixe/togo_telecom/total,doublon de lecture (valeurs égales),première occurrence gardée (ordre des pages),DD5,aucun,2019T1 : 21990 (p.7) / 21990 (p.13),05_ar1
AN01867,AR1,2019T4,abonnes_internet_fixe/togo_telecom/total,doublon de lecture (valeurs égales),première occurrence gardée (ordre des pages),DD5,aucun,2019T1 : 21990 (p.6) / 21990 (p.12),05_ar1
AN01868,AR1,2020T1,abonnes_internet_fixe/togo_telecom/total,doublon de lecture (valeurs égales),première occurrence gardée (ordre des pages),DD5,aucun,2019T1 : 21990 (p.6) / 21990 (p.12),05_ar1
AN01869,AR1,2019T3,abonnes_internet_fixe/togo_telecom/total,doublon de lecture (valeurs égales),première occurrence gardée (ordre des pages),DD5,aucun,2019T2 : 20238 (p.7) / 20238 (p.13),05_ar1
AN01870,AR1,2019T4,abonnes_internet_fixe/togo_telecom/total,doublon de lecture (valeurs égales),première occurrence gardée (ordre des pages),DD5,aucun,2019T2 : 20238 (p.6) / 20238 (p.12),05_ar1
AN01871,AR1,2020T1,abonnes_internet_fixe/togo_telecom/total,doublon de lecture (valeurs égales),première occurrence gardée (ordre des pages),DD5,aucun,2019T2 : 20238 (p.6) / 20238 (p.12),05_ar1
AN01872,AR1,2020T2,abonnes_internet_fixe/togo_telecom/total,doublon de lecture (valeurs égales),première occurrence gardée (ordre des pages),DD5,aucun,2019T2 : 20238 (p.6) / 20238 (p.12),05_ar1
AN01873,AR1,2019T3,abonnes_internet_fixe/togo_telecom/total,doublon de lecture (valeurs égales),première occurrence gardée (ordre des pages),DD5,aucun,2019T3 : 21627 (p.7) / 21627 (p.13),05_ar1
AN01874,AR1,2019T4,abonnes_internet_fixe/togo_telecom/total,doublon de lecture (valeurs égales),première occurrence gardée (ordre des pages),DD5,aucun,2019T3 : 21627 (p.6) / 21627 (p.12),05_ar1
AN01875,AR1,2020T1,abonnes_internet_fixe/togo_telecom/total,doublon de lecture (valeurs égales),première occurrence gardée (ordre des pages),DD5,aucun,2019T3 : 21627 (p.6) / 21627 (p.12),05_ar1
AN01876,AR1,2020T2,abonnes_internet_fixe/togo_telecom/total,doublon de lecture (valeurs égales),première occurrence gardée (ordre des pages),DD5,aucun,2019T3 : 21627 (p.6) / 21627 (p.12),05_ar1
AN01877,AR1,2020T3,abonnes_internet_fixe/togo_telecom/total,doublon de lecture (valeurs égales),première occurrence gardée (ordre des pages),DD5,aucun,2019T3 : 21627 (p.6) / 21627 (p.12),05_ar1
AN01878,AR1,2019T4,abonnes_internet_fixe/togo_telecom/total,doublon de lecture (valeurs égales),première occurrence gardée (ordre des pages),DD5,aucun,2019T4 : 23466 (p.6) / 23466 (p.12),05_ar1
AN01879,AR1,2020T1,abonnes_internet_fixe/togo_telecom/total,doublon de lecture (valeurs égales),première occurrence gardée (ordre des pages),DD5,aucun,2019T4 : 23466 (p.6) / 23466 (p.12),05_ar1
AN01880,AR1,2020T2,abonnes_internet_fixe/togo_telecom/total,doublon de lecture (valeurs égales),première occurrence gardée (ordre des pages),DD5,aucun,2019T4 : 23466 (p.6) / 23466 (p.12),05_ar1
AN01881,AR1,2020T3,abonnes_internet_fixe/togo_telecom/total,doublon de lecture (valeurs égales),première occurrence gardée (ordre des pages),DD5,aucun,2019T4 : 23466 (p.6) / 23466 (p.12),05_ar1
AN01882,AR1,2020T4,abonnes_internet_fixe/togo_telecom/total,doublon de lecture (valeurs égales),première occurrence gardée (ordre des pages),DD5,aucun,2019T4 : 23466 (p.6) / 23466 (p.12),05_ar1
AN01883,AR1,2020T1,abonnes_internet_fixe/togo_telecom/total,doublon de lecture (valeurs égales),première occurrence gardée (ordre des pages),DD5,aucun,2020T1 : 25389 (p.6) / 25389 (p.12),05_ar1
AN01884,AR1,2020T2,abonnes_internet_fixe/togo_telecom/total,doublon de lecture (valeurs égales),première occurrence gardée (ordre des pages),DD5,aucun,2020T1 : 25389 (p.6) / 25389 (p.12),05_ar1
AN01885,AR1,2020T3,abonnes_internet_fixe/togo_telecom/total,doublon de lecture (valeurs égales),première occurrence gardée (ordre des pages),DD5,aucun,2020T1 : 25389 (p.6) / 25389 (p.12),05_ar1
AN01886,AR1,2020T4,abonnes_internet_fixe/togo_telecom/total,doublon de lecture (valeurs égales),première occurrence gardée (ordre des pages),DD5,aucun,2020T1 : 25389 (p.6) / 25389 (p.12),05_ar1
AN01887,AR1,2021T1,abonnes_internet_fixe/togo_telecom/total,doublon de lecture (valeurs égales),première occurrence gardée (ordre des pages),DD5,aucun,2020T1 : 25389 (p.6) / 25389 (p.12),05_ar1
AN01888,AR1,2020T2,abonnes_internet_fixe/togo_telecom/total,doublon de lecture (valeurs égales),première occurrence gardée (ordre des pages),DD5,aucun,2020T2 : 27345 (p.6) / 27345 (p.12),05_ar1
AN01889,AR1,2020T3,abonnes_internet_fixe/togo_telecom/total,doublon de lecture (valeurs égales),première occurrence gardée (ordre des pages),DD5,aucun,2020T2 : 27345 (p.6) / 27345 (p.12),05_ar1
AN01890,AR1,2020T4,abonnes_internet_fixe/togo_telecom/total,doublon de lecture (valeurs égales),première occurrence gardée (ordre des pages),DD5,aucun,2020T2 : 27345 (p.6) / 27345 (p.12),05_ar1
AN01891,AR1,2021T1,abonnes_internet_fixe/togo_telecom/total,doublon de lecture (valeurs égales),première occurrence gardée (ordre des pages),DD5,aucun,2020T2 : 27345 (p.6) / 27345 (p.12),05_ar1
AN01892,AR1,2021T2,abonnes_internet_fixe/togo_telecom/total,doublon de lecture (valeurs égales),première occurrence gardée (ordre des pages),DD5,aucun,2020T2 : 27345 (p.6) / 27345 (p.12),05_ar1
AN01893,AR1,2020T3,abonnes_internet_fixe/togo_telecom/total,doublon de lecture (valeurs égales),première occurrence gardée (ordre des pages),DD5,aucun,2020T3 : 30541 (p.6) / 30541 (p.12),05_ar1
AN01894,AR1,2020T4,abonnes_internet_fixe/togo_telecom/total,doublon de lecture (valeurs égales),première occurrence gardée (ordre des pages),DD5,aucun,2020T3 : 30541 (p.6) / 30541 (p.12),05_ar1
AN01895,AR1,2021T1,abonnes_internet_fixe/togo_telecom/total,doublon de lecture (valeurs égales),première occurrence gardée (ordre des pages),DD5,aucun,2020T3 : 30541 (p.6) / 30541 (p.12),05_ar1
AN01896,AR1,2021T2,abonnes_internet_fixe/togo_telecom/total,doublon de lecture (valeurs égales),première occurrence gardée (ordre des pages),DD5,aucun,2020T3 : 30541 (p.6) / 30541 (p.12),05_ar1
AN01897,AR1,2021T3,abonnes_internet_fixe/togo_telecom/total,doublon de lecture (valeurs égales),première occurrence gardée (ordre des pages),DD5,aucun,2020T3 : 30541 (p.6) / 30541 (p.12),05_ar1
AN01898,AR1,2020T4,abonnes_internet_fixe/togo_telecom/total,doublon de lecture (valeurs égales),première occurrence gardée (ordre des pages),DD5,aucun,2020T4 : 32415 (p.6) / 32415 (p.12),05_ar1
AN01899,AR1,2021T1,abonnes_internet_fixe/togo_telecom/total,doublon de lecture (valeurs égales),première occurrence gardée (ordre des pages),DD5,aucun,2020T4 : 32415 (p.6) / 32415 (p.12),05_ar1
AN01900,AR1,2021T2,abonnes_internet_fixe/togo_telecom/total,doublon de lecture (valeurs égales),première occurrence gardée (ordre des pages),DD5,aucun,2020T4 : 32415 (p.6) / 32415 (p.12),05_ar1
AN01901,AR1,2021T3,abonnes_internet_fixe/togo_telecom/total,doublon de lecture (valeurs égales),première occurrence gardée (ordre des pages),DD5,aucun,2020T4 : 32415 (p.6) / 32415 (p.12),05_ar1
AN01902,AR1,2021T4,abonnes_internet_fixe/togo_telecom/total,doublon de lecture (valeurs égales),première occurrence gardée (ordre des pages),DD5,aucun,2020T4 : 32415 (p.7) / 32415 (p.15),05_ar1
AN01903,AR1,2021T1,abonnes_internet_fixe/togo_telecom/total,doublon de lecture (valeurs égales),première occurrence gardée (ordre des pages),DD5,aucun,2021T1 : 36300 (p.6) / 36300 (p.12),05_ar1
AN01904,AR1,2021T2,abonnes_internet_fixe/togo_telecom/total,doublon de lecture (valeurs égales),première occurrence gardée (ordre des pages),DD5,aucun,2021T1 : 36300 (p.6) / 36300 (p.12),05_ar1
AN01905,AR1,2021T3,abonnes_internet_fixe/togo_telecom/total,doublon de lecture (valeurs égales),première occurrence gardée (ordre des pages),DD5,aucun,2021T1 : 36300 (p.6) / 36300 (p.12),05_ar1
AN01906,AR1,2021T4,abonnes_internet_fixe/togo_telecom/total,doublon de lecture (valeurs égales),première occurrence gardée (ordre des pages),DD5,aucun,2021T1 : 36300 (p.7) / 36300 (p.15),05_ar1
AN01907,AR1,2021T2,abonnes_internet_fixe/togo_telecom/total,doublon de lecture (valeurs égales),première occurrence gardée (ordre des pages),DD5,aucun,2021T2 : 26154 (p.6) / 26154 (p.12),05_ar1
AN01908,AR1,2021T3,abonnes_internet_fixe/togo_telecom/total,doublon de lecture (valeurs égales),première occurrence gardée (ordre des pages),DD5,aucun,2021T2 : 26154 (p.6) / 26154 (p.12),05_ar1
AN01909,AR1,2021T4,abonnes_internet_fixe/togo_telecom/total,doublon de lecture (valeurs égales),première occurrence gardée (ordre des pages),DD5,aucun,2021T2 : 26154 (p.7) / 26154 (p.15),05_ar1
AN01910,AR1,2021T3,abonnes_internet_fixe/togo_telecom/total,doublon de lecture (valeurs égales),première occurrence gardée (ordre des pages),DD5,aucun,2021T3 : 28129 (p.6) / 28129 (p.12),05_ar1
AN01911,AR1,2021T4,abonnes_internet_fixe/togo_telecom/total,doublon de lecture (valeurs égales),première occurrence gardée (ordre des pages),DD5,aucun,2021T3 : 28129 (p.7) / 28129 (p.15),05_ar1
AN01912,AR1,2021T4,abonnes_internet_fixe/togo_telecom/total,doublon de lecture (valeurs égales),première occurrence gardée (ordre des pages),DD5,aucun,2021T4 : 30903 (p.7) / 30903 (p.15),05_ar1
AN01913,AR1,2019T3,ca/moov/,doublon de lecture (arrondi),première occurrence gardée (ordre des pages),DD5,aucun,2019T1 : 15.349 (p.12) / 15.3492 (p.16),05_ar1
AN01914,AR1,2019T4,ca/moov/,doublon de lecture (arrondi),première occurrence gardée (ordre des pages),DD5,aucun,2019T1 : 15.349 (p.11) / 15.3492 (p.15),05_ar1
AN01915,AR1,2020T1,ca/moov/,doublon de lecture (arrondi),première occurrence gardée (ordre des pages),DD5,aucun,2019T1 : 15.349 (p.10) / 15.3492 (p.14),05_ar1
AN01916,AR1,2019T3,ca/moov/,doublon de lecture (arrondi),première occurrence gardée (ordre des pages),DD5,aucun,2019T2 : 14.488 (p.12) / 14.4879 (p.16),05_ar1
AN01917,AR1,2019T4,ca/moov/,doublon de lecture (arrondi),première occurrence gardée (ordre des pages),DD5,aucun,2019T2 : 14.488 (p.11) / 14.4879 (p.15),05_ar1
AN01918,AR1,2020T1,ca/moov/,doublon de lecture (arrondi),première occurrence gardée (ordre des pages),DD5,aucun,2019T2 : 14.488 (p.10) / 14.4879 (p.14),05_ar1
AN01919,AR1,2020T2,ca/moov/,doublon de lecture (arrondi),première occurrence gardée (ordre des pages),DD5,aucun,2019T2 : 14.488 (p.11) / 14.4879 (p.15),05_ar1
AN01920,AR1,2019T3,ca/moov/,doublon de lecture (arrondi),première occurrence gardée (ordre des pages),DD5,aucun,2019T3 : 15.166 (p.12) / 15.1657 (p.16),05_ar1
AN01921,AR1,2019T4,ca/moov/,doublon de lecture (arrondi),première occurrence gardée (ordre des pages),DD5,aucun,2019T3 : 15.166 (p.11) / 15.1657 (p.15),05_ar1
AN01922,AR1,2020T1,ca/moov/,doublon de lecture (arrondi),première occurrence gardée (ordre des pages),DD5,aucun,2019T3 : 15.166 (p.10) / 15.1657 (p.14),05_ar1
AN01923,AR1,2020T2,ca/moov/,doublon de lecture (arrondi),première occurrence gardée (ordre des pages),DD5,aucun,2019T3 : 15.166 (p.11) / 15.1657 (p.15),05_ar1
AN01924,AR1,2020T3,ca/moov/,doublon de lecture (valeurs égales),première occurrence gardée (ordre des pages),DD5,aucun,2019T3 : 15.1657 (p.11) / 15.1657 (p.15),05_ar1
AN01925,AR1,2019T4,ca/moov/,doublon de lecture (arrondi),première occurrence gardée (ordre des pages),DD5,aucun,2019T4 : 14.377 (p.11) / 14.3775 (p.15),05_ar1
AN01926,AR1,2020T1,ca/moov/,doublon de lecture (arrondi),première occurrence gardée (ordre des pages),DD5,aucun,2019T4 : 14.377 (p.10) / 14.3775 (p.14),05_ar1
AN01927,AR1,2020T2,ca/moov/,doublon de lecture (arrondi),première occurrence gardée (ordre des pages),DD5,aucun,2019T4 : 14.377 (p.11) / 14.3775 (p.15),05_ar1
AN01928,AR1,2020T3,ca/moov/,doublon de lecture (valeurs égales),première occurrence gardée (ordre des pages),DD5,aucun,2019T4 : 14.3775 (p.11) / 14.3775 (p.15),05_ar1
AN01929,AR1,2020T4,ca/moov/,doublon de lecture (valeurs égales),première occurrence gardée (ordre des pages),DD5,aucun,2019T4 : 14.377 (p.11) / 14.377 (p.15),05_ar1
AN01930,AR1,2020T1,ca/moov/,doublon de lecture (arrondi),première occurrence gardée (ordre des pages),DD5,aucun,2020T1 : 15.705 (p.10) / 15.7054 (p.14),05_ar1
AN01931,AR1,2020T2,ca/moov/,doublon de lecture (arrondi),première occurrence gardée (ordre des pages),DD5,aucun,2020T1 : 15.705 (p.11) / 15.7054 (p.15),05_ar1
AN01932,AR1,2020T3,ca/moov/,doublon de lecture (valeurs égales),première occurrence gardée (ordre des pages),DD5,aucun,2020T1 : 15.7054 (p.11) / 15.7054 (p.15),05_ar1
AN01933,AR1,2020T4,ca/moov/,doublon de lecture (valeurs égales),première occurrence gardée (ordre des pages),DD5,aucun,2020T1 : 15.705 (p.11) / 15.705 (p.15),05_ar1
AN01934,AR1,2021T1,ca/moov/,doublon de lecture (valeurs égales),première occurrence gardée (ordre des pages),DD5,aucun,2020T1 : 15.71 (p.10) / 15.71 (p.14),05_ar1
AN01935,AR1,2020T2,ca/moov/,doublon de lecture (arrondi),première occurrence gardée (ordre des pages),DD5,aucun,2020T2 : 14.77 (p.11) / 14.7707 (p.15),05_ar1
AN01936,AR1,2020T3,ca/moov/,doublon de lecture (valeurs égales),première occurrence gardée (ordre des pages),DD5,aucun,2020T2 : 14.7707 (p.11) / 14.7707 (p.15),05_ar1
AN01937,AR1,2020T4,ca/moov/,doublon de lecture (valeurs égales),première occurrence gardée (ordre des pages),DD5,aucun,2020T2 : 14.771 (p.11) / 14.771 (p.15),05_ar1
AN01938,AR1,2021T1,ca/moov/,doublon de lecture (valeurs égales),première occurrence gardée (ordre des pages),DD5,aucun,2020T2 : 14.77 (p.10) / 14.77 (p.14),05_ar1
AN01939,AR1,2021T2,ca/moov/,doublon de lecture (valeurs égales),première occurrence gardée (ordre des pages),DD5,aucun,2020T2 : 14.77 (p.10) / 14.77 (p.13),05_ar1
AN01940,AR1,2020T3,ca/moov/,doublon de lecture (valeurs égales),première occurrence gardée (ordre des pages),DD5,aucun,2020T3 : 15.4162 (p.11) / 15.4162 (p.15),05_ar1
AN01941,AR1,2020T4,ca/moov/,doublon de lecture (valeurs égales),première occurrence gardée (ordre des pages),DD5,aucun,2020T3 : 15.416 (p.11) / 15.416 (p.15),05_ar1
AN01942,AR1,2021T1,ca/moov/,doublon de lecture (valeurs égales),première occurrence gardée (ordre des pages),DD5,aucun,2020T3 : 15.42 (p.10) / 15.42 (p.14),05_ar1
AN01943,AR1,2021T2,ca/moov/,doublon de lecture (valeurs égales),première occurrence gardée (ordre des pages),DD5,aucun,2020T3 : 15.42 (p.10) / 15.42 (p.13),05_ar1
AN01944,AR1,2021T3,ca/moov/,doublon de lecture (valeurs égales),première occurrence gardée (ordre des pages),DD5,aucun,2020T3 : 15.42 (p.10) / 15.42 (p.14),05_ar1
AN01945,AR1,2020T4,ca/moov/,doublon de lecture (valeurs égales),première occurrence gardée (ordre des pages),DD5,aucun,2020T4 : 17.096 (p.11) / 17.096 (p.15),05_ar1
AN01946,AR1,2021T1,ca/moov/,doublon de lecture (valeurs égales),première occurrence gardée (ordre des pages),DD5,aucun,2020T4 : 17.1 (p.10) / 17.1 (p.14),05_ar1
AN01947,AR1,2021T2,ca/moov/,doublon de lecture (valeurs égales),première occurrence gardée (ordre des pages),DD5,aucun,2020T4 : 17.1 (p.10) / 17.1 (p.13),05_ar1
AN01948,AR1,2021T3,ca/moov/,doublon de lecture (valeurs égales),première occurrence gardée (ordre des pages),DD5,aucun,2020T4 : 17.1 (p.10) / 17.1 (p.14),05_ar1
AN01949,AR1,2021T1,ca/moov/,doublon de lecture (valeurs égales),première occurrence gardée (ordre des pages),DD5,aucun,2021T1 : 16.35 (p.10) / 16.35 (p.14),05_ar1
AN01950,AR1,2021T2,ca/moov/,doublon de lecture (valeurs égales),première occurrence gardée (ordre des pages),DD5,aucun,2021T1 : 16.35 (p.10) / 16.35 (p.13),05_ar1
AN01951,AR1,2021T3,ca/moov/,doublon de lecture (valeurs égales),première occurrence gardée (ordre des pages),DD5,aucun,2021T1 : 16.35 (p.10) / 16.35 (p.14),05_ar1
AN01952,AR1,2021T2,ca/moov/,doublon de lecture (valeurs égales),première occurrence gardée (ordre des pages),DD5,aucun,2021T2 : 15.48 (p.10) / 15.48 (p.13),05_ar1
AN01953,AR1,2021T3,ca/moov/,doublon de lecture (valeurs égales),première occurrence gardée (ordre des pages),DD5,aucun,2021T2 : 15.48 (p.10) / 15.48 (p.14),05_ar1
AN01954,AR1,2021T3,ca/moov/,doublon de lecture (valeurs égales),première occurrence gardée (ordre des pages),DD5,aucun,2021T3 : 15.42 (p.10) / 15.42 (p.14),05_ar1
AN01955,AR1,2019T3,ca/togocom/,doublon de lecture (arrondi),première occurrence gardée (ordre des pages),DD5,aucun,2019T1 : 23.335 (p.12) / 23.335 (p.16),05_ar1
AN01956,AR1,2019T4,ca/togocom/,doublon de lecture (arrondi),première occurrence gardée (ordre des pages),DD5,aucun,2019T1 : 23.335 (p.11) / 23.335 (p.15),05_ar1
AN01957,AR1,2020T1,ca/togocom/,doublon de lecture (arrondi),première occurrence gardée (ordre des pages),DD5,aucun,2019T1 : 23.335 (p.10) / 23.335 (p.14),05_ar1
AN01958,AR1,2019T3,ca/togocom/,doublon de lecture (arrondi),première occurrence gardée (ordre des pages),DD5,aucun,2019T2 : 26.014 (p.12) / 26.0142 (p.16),05_ar1
AN01959,AR1,2019T4,ca/togocom/,doublon de lecture (arrondi),première occurrence gardée (ordre des pages),DD5,aucun,2019T2 : 26.014 (p.11) / 26.0142 (p.15),05_ar1
AN01960,AR1,2020T1,ca/togocom/,doublon de lecture (arrondi),première occurrence gardée (ordre des pages),DD5,aucun,2019T2 : 26.014 (p.10) / 26.0142 (p.14),05_ar1
AN01961,AR1,2020T2,ca/togocom/,doublon de lecture (arrondi),première occurrence gardée (ordre des pages),DD5,aucun,2019T2 : 26.014 (p.11) / 26.0142 (p.15),05_ar1
AN01962,AR1,2019T3,ca/togocom/,doublon de lecture (arrondi),première occurrence gardée (ordre des pages),DD5,aucun,2019T3 : 26.105 (p.12) / 26.1056 (p.16),05_ar1
AN01963,AR1,2019T4,ca/togocom/,doublon de lecture (arrondi),première occurrence gardée (ordre des pages),DD5,aucun,2019T3 : 26.105 (p.11) / 26.1056 (p.15),05_ar1
AN01964,AR1,2020T1,ca/togocom/,doublon de lecture (arrondi),première occurrence gardée (ordre des pages),DD5,aucun,2019T3 : 26.105 (p.10) / 26.1056 (p.14),05_ar1
AN01965,AR1,2020T2,ca/togocom/,doublon de lecture (arrondi),première occurrence gardée (ordre des pages),DD5,aucun,2019T3 : 26.105 (p.11) / 26.1056 (p.15),05_ar1
AN01966,AR1,2020T3,ca/togocom/,conflit entre deux tableaux du même numéro,première occurrence gardée (ordre des pages),DD5,écart 0.1 %,2019T3 : 26.137 (p.11) / 26.1056 (p.15),05_ar1
AN01967,AR1,2019T4,ca/togocom/,doublon de lecture (arrondi),première occurrence gardée (ordre des pages),DD5,aucun,2019T4 : 24.641 (p.11) / 24.6407 (p.15),05_ar1
AN01968,AR1,2020T1,ca/togocom/,doublon de lecture (arrondi),première occurrence gardée (ordre des pages),DD5,aucun,2019T4 : 24.641 (p.10) / 24.6407 (p.14),05_ar1
AN01969,AR1,2020T2,ca/togocom/,doublon de lecture (arrondi),première occurrence gardée (ordre des pages),DD5,aucun,2019T4 : 24.641 (p.11) / 24.6407 (p.15),05_ar1
AN01970,AR1,2020T3,ca/togocom/,doublon de lecture (valeurs égales),première occurrence gardée (ordre des pages),DD5,aucun,2019T4 : 24.6407 (p.11) / 24.6407 (p.15),05_ar1
AN01971,AR1,2020T4,ca/togocom/,doublon de lecture (valeurs égales),première occurrence gardée (ordre des pages),DD5,aucun,2019T4 : 24.641 (p.11) / 24.641 (p.15),05_ar1
AN01972,AR1,2020T1,ca/togocom/,doublon de lecture (arrondi),première occurrence gardée (ordre des pages),DD5,aucun,2020T1 : 24.727 (p.10) / 24.7265 (p.14),05_ar1
AN01973,AR1,2020T2,ca/togocom/,doublon de lecture (arrondi),première occurrence gardée (ordre des pages),DD5,aucun,2020T1 : 24.727 (p.11) / 24.7265 (p.15),05_ar1
AN01974,AR1,2020T3,ca/togocom/,doublon de lecture (valeurs égales),première occurrence gardée (ordre des pages),DD5,aucun,2020T1 : 24.7289 (p.11) / 24.7289 (p.15),05_ar1
AN01975,AR1,2020T4,ca/togocom/,doublon de lecture (valeurs égales),première occurrence gardée (ordre des pages),DD5,aucun,2020T1 : 24.727 (p.11) / 24.727 (p.15),05_ar1
AN01976,AR1,2021T1,ca/togocom/,doublon de lecture (valeurs égales),première occurrence gardée (ordre des pages),DD5,aucun,2020T1 : 24.73 (p.10) / 24.73 (p.14),05_ar1
AN01977,AR1,2020T2,ca/togocom/,doublon de lecture (arrondi),première occurrence gardée (ordre des pages),DD5,aucun,2020T2 : 25.518 (p.11) / 25.518 (p.15),05_ar1
AN01978,AR1,2020T3,ca/togocom/,doublon de lecture (valeurs égales),première occurrence gardée (ordre des pages),DD5,aucun,2020T2 : 25.518 (p.11) / 25.518 (p.15),05_ar1
AN01979,AR1,2020T4,ca/togocom/,doublon de lecture (valeurs égales),première occurrence gardée (ordre des pages),DD5,aucun,2020T2 : 25.518 (p.11) / 25.518 (p.15),05_ar1
AN01980,AR1,2021T1,ca/togocom/,doublon de lecture (valeurs égales),première occurrence gardée (ordre des pages),DD5,aucun,2020T2 : 25.52 (p.10) / 25.52 (p.14),05_ar1
AN01981,AR1,2021T2,ca/togocom/,doublon de lecture (valeurs égales),première occurrence gardée (ordre des pages),DD5,aucun,2020T2 : 25.52 (p.10) / 25.52 (p.13),05_ar1
AN01982,AR1,2020T3,ca/togocom/,doublon de lecture (valeurs égales),première occurrence gardée (ordre des pages),DD5,aucun,2020T3 : 26.7777 (p.11) / 26.7777 (p.15),05_ar1
AN01983,AR1,2020T4,ca/togocom/,doublon de lecture (valeurs égales),première occurrence gardée (ordre des pages),DD5,aucun,2020T3 : 26.778 (p.11) / 26.778 (p.15),05_ar1
AN01984,AR1,2021T1,ca/togocom/,doublon de lecture (valeurs égales),première occurrence gardée (ordre des pages),DD5,aucun,2020T3 : 26.78 (p.10) / 26.78 (p.14),05_ar1
AN01985,AR1,2021T2,ca/togocom/,doublon de lecture (valeurs égales),première occurrence gardée (ordre des pages),DD5,aucun,2020T3 : 26.78 (p.10) / 26.78 (p.13),05_ar1
AN01986,AR1,2021T3,ca/togocom/,doublon de lecture (valeurs égales),première occurrence gardée (ordre des pages),DD5,aucun,2020T3 : 26.78 (p.10) / 26.78 (p.14),05_ar1
AN01987,AR1,2020T4,ca/togocom/,doublon de lecture (valeurs égales),première occurrence gardée (ordre des pages),DD5,aucun,2020T4 : 26.758 (p.11) / 26.758 (p.15),05_ar1
AN01988,AR1,2021T1,ca/togocom/,doublon de lecture (valeurs égales),première occurrence gardée (ordre des pages),DD5,aucun,2020T4 : 26.76 (p.10) / 26.76 (p.14),05_ar1
AN01989,AR1,2021T2,ca/togocom/,doublon de lecture (valeurs égales),première occurrence gardée (ordre des pages),DD5,aucun,2020T4 : 26.76 (p.10) / 26.76 (p.13),05_ar1
AN01990,AR1,2021T3,ca/togocom/,doublon de lecture (valeurs égales),première occurrence gardée (ordre des pages),DD5,aucun,2020T4 : 26.76 (p.10) / 26.76 (p.14),05_ar1
AN01991,AR1,2021T1,ca/togocom/,doublon de lecture (valeurs égales),première occurrence gardée (ordre des pages),DD5,aucun,2021T1 : 28.79 (p.10) / 28.79 (p.14),05_ar1
AN01992,AR1,2021T2,ca/togocom/,doublon de lecture (valeurs égales),première occurrence gardée (ordre des pages),DD5,aucun,2021T1 : 28.79 (p.10) / 28.79 (p.13),05_ar1
AN01993,AR1,2021T3,ca/togocom/,doublon de lecture (valeurs égales),première occurrence gardée (ordre des pages),DD5,aucun,2021T1 : 28.79 (p.10) / 28.79 (p.14),05_ar1
AN01994,AR1,2021T2,ca/togocom/,doublon de lecture (valeurs égales),première occurrence gardée (ordre des pages),DD5,aucun,2021T2 : 29.09 (p.10) / 29.09 (p.13),05_ar1
AN01995,AR1,2021T3,ca/togocom/,doublon de lecture (valeurs égales),première occurrence gardée (ordre des pages),DD5,aucun,2021T2 : 29.09 (p.10) / 29.09 (p.14),05_ar1
AN01996,AR1,2021T3,ca/togocom/,doublon de lecture (valeurs égales),première occurrence gardée (ordre des pages),DD5,aucun,2021T3 : 31 (p.10) / 31 (p.14),05_ar1
AN01997,AR1,2019T3,ca/total_mobile/,doublon de lecture (arrondi),première occurrence gardée (ordre des pages),DD5,aucun,2019T1 : 38.684 (p.12) / 38.6843 (p.16),05_ar1
AN01998,AR1,2019T4,ca/total_mobile/,doublon de lecture (arrondi),première occurrence gardée (ordre des pages),DD5,aucun,2019T1 : 38.684 (p.11) / 38.6843 (p.15),05_ar1
AN01999,AR1,2020T1,ca/total_mobile/,doublon de lecture (arrondi),première occurrence gardée (ordre des pages),DD5,aucun,2019T1 : 38.684 (p.10) / 38.6843 (p.14),05_ar1
AN02000,AR1,2019T3,ca/total_mobile/,doublon de lecture (arrondi),première occurrence gardée (ordre des pages),DD5,aucun,2019T2 : 40.502 (p.12) / 40.502 (p.16),05_ar1
AN02001,AR1,2019T4,ca/total_mobile/,doublon de lecture (arrondi),première occurrence gardée (ordre des pages),DD5,aucun,2019T2 : 40.502 (p.11) / 40.502 (p.15),05_ar1
AN02002,AR1,2020T1,ca/total_mobile/,doublon de lecture (arrondi),première occurrence gardée (ordre des pages),DD5,aucun,2019T2 : 40.502 (p.10) / 40.502 (p.14),05_ar1
AN02003,AR1,2020T2,ca/total_mobile/,doublon de lecture (arrondi),première occurrence gardée (ordre des pages),DD5,aucun,2019T2 : 40.502 (p.11) / 40.502 (p.15),05_ar1
AN02004,AR1,2019T3,ca/total_mobile/,doublon de lecture (arrondi),première occurrence gardée (ordre des pages),DD5,aucun,2019T3 : 41.271 (p.12) / 41.2713 (p.16),05_ar1
AN02005,AR1,2019T4,ca/total_mobile/,doublon de lecture (arrondi),première occurrence gardée (ordre des pages),DD5,aucun,2019T3 : 41.271 (p.11) / 41.2713 (p.15),05_ar1
AN02006,AR1,2020T1,ca/total_mobile/,doublon de lecture (arrondi),première occurrence gardée (ordre des pages),DD5,aucun,2019T3 : 41.271 (p.10) / 41.2713 (p.14),05_ar1
AN02007,AR1,2020T2,ca/total_mobile/,doublon de lecture (arrondi),première occurrence gardée (ordre des pages),DD5,aucun,2019T3 : 41.271 (p.11) / 41.2713 (p.15),05_ar1
AN02008,AR1,2020T3,ca/total_mobile/,doublon de lecture (arrondi),première occurrence gardée (ordre des pages),DD5,aucun,2019T3 : 41.302 (p.11) / 41.2713 (p.15),05_ar1
AN02009,AR1,2019T4,ca/total_mobile/,doublon de lecture (arrondi),première occurrence gardée (ordre des pages),DD5,aucun,2019T4 : 39.018 (p.11) / 39.0181 (p.15),05_ar1
AN02010,AR1,2020T1,ca/total_mobile/,doublon de lecture (arrondi),première occurrence gardée (ordre des pages),DD5,aucun,2019T4 : 39.018 (p.10) / 39.0181 (p.14),05_ar1
AN02011,AR1,2020T2,ca/total_mobile/,doublon de lecture (arrondi),première occurrence gardée (ordre des pages),DD5,aucun,2019T4 : 39.018 (p.11) / 39.0181 (p.15),05_ar1
AN02012,AR1,2020T3,ca/total_mobile/,doublon de lecture (arrondi),première occurrence gardée (ordre des pages),DD5,aucun,2019T4 : 39.018 (p.11) / 39.0181 (p.15),05_ar1
AN02013,AR1,2020T4,ca/total_mobile/,doublon de lecture (valeurs égales),première occurrence gardée (ordre des pages),DD5,aucun,2019T4 : 39.018 (p.11) / 39.018 (p.15),05_ar1
AN02014,AR1,2020T1,ca/total_mobile/,doublon de lecture (arrondi),première occurrence gardée (ordre des pages),DD5,aucun,2020T1 : 40.432 (p.10) / 40.4319 (p.14),05_ar1
AN02015,AR1,2020T2,ca/total_mobile/,doublon de lecture (arrondi),première occurrence gardée (ordre des pages),DD5,aucun,2020T1 : 40.432 (p.11) / 40.4319 (p.15),05_ar1
AN02016,AR1,2020T3,ca/total_mobile/,doublon de lecture (arrondi),première occurrence gardée (ordre des pages),DD5,aucun,2020T1 : 40.434 (p.11) / 40.4343 (p.15),05_ar1
AN02017,AR1,2020T4,ca/total_mobile/,conflit entre deux tableaux du même numéro,première occurrence gardée (ordre des pages),DD5,écart 99.9 %,2020T1 : 40.432 (p.11) / 40432 (p.15),05_ar1
AN02018,AR1,2021T1,ca/total_mobile/,doublon de lecture (valeurs égales),première occurrence gardée (ordre des pages),DD5,aucun,2020T1 : 40.43 (p.10) / 40.43 (p.14),05_ar1
AN02019,AR1,2020T2,ca/total_mobile/,doublon de lecture (arrondi),première occurrence gardée (ordre des pages),DD5,aucun,2020T2 : 40.289 (p.11) / 40.2887 (p.15),05_ar1
AN02020,AR1,2020T3,ca/total_mobile/,doublon de lecture (arrondi),première occurrence gardée (ordre des pages),DD5,aucun,2020T2 : 40.289 (p.11) / 40.2887 (p.15),05_ar1
AN02021,AR1,2020T4,ca/total_mobile/,doublon de lecture (valeurs égales),première occurrence gardée (ordre des pages),DD5,aucun,2020T2 : 40.289 (p.11) / 40.289 (p.15),05_ar1
AN02022,AR1,2021T1,ca/total_mobile/,doublon de lecture (valeurs égales),première occurrence gardée (ordre des pages),DD5,aucun,2020T2 : 40.29 (p.10) / 40.29 (p.14),05_ar1
AN02023,AR1,2021T2,ca/total_mobile/,doublon de lecture (valeurs égales),première occurrence gardée (ordre des pages),DD5,aucun,2020T2 : 40.29 (p.10) / 40.29 (p.13),05_ar1
AN02024,AR1,2020T3,ca/total_mobile/,doublon de lecture (arrondi),première occurrence gardée (ordre des pages),DD5,aucun,2020T3 : 42.194 (p.11) / 42.1939 (p.15),05_ar1
AN02025,AR1,2020T4,ca/total_mobile/,conflit entre deux tableaux du même numéro,première occurrence gardée (ordre des pages),DD5,écart 99.9 %,2020T3 : 42.194 (p.11) / 42194 (p.15),05_ar1
AN02026,AR1,2021T1,ca/total_mobile/,doublon de lecture (valeurs égales),première occurrence gardée (ordre des pages),DD5,aucun,2020T3 : 42.19 (p.10) / 42.19 (p.14),05_ar1
AN02027,AR1,2021T2,ca/total_mobile/,doublon de lecture (valeurs égales),première occurrence gardée (ordre des pages),DD5,aucun,2020T3 : 42.19 (p.10) / 42.19 (p.13),05_ar1
AN02028,AR1,2021T3,ca/total_mobile/,doublon de lecture (valeurs égales),première occurrence gardée (ordre des pages),DD5,aucun,2020T3 : 42.19 (p.10) / 42.19 (p.14),05_ar1
AN02029,AR1,2020T4,ca/total_mobile/,doublon de lecture (valeurs égales),première occurrence gardée (ordre des pages),DD5,aucun,2020T4 : 43.854 (p.11) / 43.854 (p.15),05_ar1
AN02030,AR1,2021T1,ca/total_mobile/,doublon de lecture (valeurs égales),première occurrence gardée (ordre des pages),DD5,aucun,2020T4 : 43.85 (p.10) / 43.85 (p.14),05_ar1
AN02031,AR1,2021T2,ca/total_mobile/,doublon de lecture (valeurs égales),première occurrence gardée (ordre des pages),DD5,aucun,2020T4 : 43.85 (p.10) / 43.85 (p.13),05_ar1
AN02032,AR1,2021T3,ca/total_mobile/,doublon de lecture (valeurs égales),première occurrence gardée (ordre des pages),DD5,aucun,2020T4 : 43.85 (p.10) / 43.85 (p.14),05_ar1
AN02033,AR1,2021T1,ca/total_mobile/,doublon de lecture (valeurs égales),première occurrence gardée (ordre des pages),DD5,aucun,2021T1 : 45.14 (p.10) / 45.14 (p.14),05_ar1
AN02034,AR1,2021T2,ca/total_mobile/,doublon de lecture (valeurs égales),première occurrence gardée (ordre des pages),DD5,aucun,2021T1 : 45.14 (p.10) / 45.14 (p.13),05_ar1
AN02035,AR1,2021T3,ca/total_mobile/,doublon de lecture (valeurs égales),première occurrence gardée (ordre des pages),DD5,aucun,2021T1 : 45.14 (p.10) / 45.14 (p.14),05_ar1
AN02036,AR1,2021T2,ca/total_mobile/,doublon de lecture (valeurs égales),première occurrence gardée (ordre des pages),DD5,aucun,2021T2 : 44.58 (p.10) / 44.58 (p.13),05_ar1
AN02037,AR1,2021T3,ca/total_mobile/,doublon de lecture (valeurs égales),première occurrence gardée (ordre des pages),DD5,aucun,2021T2 : 44.58 (p.10) / 44.58 (p.14),05_ar1
AN02038,AR1,2021T3,ca/total_mobile/,doublon de lecture (valeurs égales),première occurrence gardée (ordre des pages),DD5,aucun,2021T3 : 46.42 (p.10) / 46.42 (p.14),05_ar1
AN02039,AR1,2023T3,mm_comptes/moov/,conflit entre deux tableaux du même numéro,première occurrence gardée (ordre des pages),DD5,écart 98.8 %,2022T3 : 1.29688e+06 (p.13) / 15803 (p.13),05_ar1
AN02040,AR1,2023T3,mm_comptes/moov/,conflit entre deux tableaux du même numéro,première occurrence gardée (ordre des pages),DD5,écart 98.7 %,2022T4 : 1.3087e+06 (p.13) / 16620 (p.13),05_ar1
AN02041,AR1,2023T3,mm_comptes/moov/,conflit entre deux tableaux du même numéro,première occurrence gardée (ordre des pages),DD5,écart 98.7 %,2023T1 : 1.28404e+06 (p.13) / 16662 (p.13),05_ar1
AN02042,AR1,2023T3,mm_comptes/moov/,conflit entre deux tableaux du même numéro,première occurrence gardée (ordre des pages),DD5,écart 98.7 %,2023T2 : 1.28311e+06 (p.13) / 16813 (p.13),05_ar1
AN02043,AR1,2023T3,mm_comptes/moov/,conflit entre deux tableaux du même numéro,première occurrence gardée (ordre des pages),DD5,écart 98.7 %,2023T3 : 1.33482e+06 (p.13) / 16993 (p.13),05_ar1
AN02044,AR1,2023T3,mm_comptes/togocom/,conflit entre deux tableaux du même numéro,première occurrence gardée (ordre des pages),DD5,écart 98.6 %,2022T3 : 1.56931e+06 (p.13) / 22656 (p.13),05_ar1
AN02045,AR1,2023T3,mm_comptes/togocom/,conflit entre deux tableaux du même numéro,première occurrence gardée (ordre des pages),DD5,écart 98.7 %,2022T4 : 1.69634e+06 (p.13) / 21399 (p.13),05_ar1
AN02046,AR1,2023T3,mm_comptes/togocom/,conflit entre deux tableaux du même numéro,première occurrence gardée (ordre des pages),DD5,écart 98.6 %,2023T1 : 1.82563e+06 (p.13) / 25705 (p.13),05_ar1
AN02047,AR1,2023T3,mm_comptes/togocom/,conflit entre deux tableaux du même numéro,première occurrence gardée (ordre des pages),DD5,écart 98.6 %,2023T2 : 1.90448e+06 (p.13) / 26967 (p.13),05_ar1
AN02048,AR1,2023T3,mm_comptes/togocom/,conflit entre deux tableaux du même numéro,première occurrence gardée (ordre des pages),DD5,écart 98.6 %,2023T3 : 1.96717e+06 (p.13) / 28194 (p.13),05_ar1
AN02049,AR1,2023T3,mm_valeur_transactions/ensemble/,conflit entre deux tableaux du même numéro,première occurrence gardée (ordre des pages),DD5,écart 100.0 %,2022T3 : 735 (p.14) / 0.0617887 (p.14),05_ar1
AN02050,AR1,2023T3,mm_valeur_transactions/ensemble/,conflit entre deux tableaux du même numéro,première occurrence gardée (ordre des pages),DD5,écart 100.0 %,2022T4 : 868 (p.14) / 0.0702908 (p.14),05_ar1
AN02051,AR1,2023T3,mm_valeur_transactions/ensemble/,conflit entre deux tableaux du même numéro,première occurrence gardée (ordre des pages),DD5,écart 100.0 %,2023T1 : 887 (p.14) / 0.0724376 (p.14),05_ar1
AN02052,AR1,2023T3,mm_valeur_transactions/ensemble/,conflit entre deux tableaux du même numéro,première occurrence gardée (ordre des pages),DD5,écart 100.0 %,2023T2 : 868 (p.14) / 0.0755251 (p.14),05_ar1
AN02053,AR1,2023T3,mm_valeur_transactions/ensemble/,conflit entre deux tableaux du même numéro,première occurrence gardée (ordre des pages),DD5,écart 100.0 %,2023T3 : 879 (p.14) / 0.0787335 (p.14),05_ar1
AN02054,AR1,2023T3,mm_valeur_transactions/moov/,conflit entre deux tableaux du même numéro,première occurrence gardée (ordre des pages),DD5,écart 100.0 %,2022T3 : 310 (p.14) / 0.0228848 (p.14),05_ar1
AN02055,AR1,2023T3,mm_valeur_transactions/moov/,conflit entre deux tableaux du même numéro,première occurrence gardée (ordre des pages),DD5,écart 100.0 %,2022T4 : 328 (p.14) / 0.0235751 (p.14),05_ar1
AN02056,AR1,2023T3,mm_valeur_transactions/moov/,conflit entre deux tableaux du même numéro,première occurrence gardée (ordre des pages),DD5,écart 100.0 %,2023T1 : 305 (p.14) / 0.0218578 (p.14),05_ar1
AN02057,AR1,2023T3,mm_valeur_transactions/moov/,conflit entre deux tableaux du même numéro,première occurrence gardée (ordre des pages),DD5,écart 100.0 %,2023T2 : 301 (p.14) / 0.0225408 (p.14),05_ar1
AN02058,AR1,2023T3,mm_valeur_transactions/moov/,conflit entre deux tableaux du même numéro,première occurrence gardée (ordre des pages),DD5,écart 100.0 %,2023T3 : 326 (p.14) / 0.0248098 (p.14),05_ar1
AN02059,AR1,2023T3,mm_valeur_transactions/togocom/,conflit entre deux tableaux du même numéro,première occurrence gardée (ordre des pages),DD5,écart 100.0 %,2022T3 : 425 (p.14) / 0.0389039 (p.14),05_ar1
AN02060,AR1,2023T3,mm_valeur_transactions/togocom/,conflit entre deux tableaux du même numéro,première occurrence gardée (ordre des pages),DD5,écart 100.0 %,2022T4 : 540 (p.14) / 0.0467158 (p.14),05_ar1
AN02061,AR1,2023T3,mm_valeur_transactions/togocom/,conflit entre deux tableaux du même numéro,première occurrence gardée (ordre des pages),DD5,écart 100.0 %,2023T1 : 582 (p.14) / 0.0505797 (p.14),05_ar1
AN02062,AR1,2023T3,mm_valeur_transactions/togocom/,conflit entre deux tableaux du même numéro,première occurrence gardée (ordre des pages),DD5,écart 100.0 %,2023T2 : 567 (p.14) / 0.0529844 (p.14),05_ar1
AN02063,AR1,2023T3,mm_valeur_transactions/togocom/,conflit entre deux tableaux du même numéro,première occurrence gardée (ordre des pages),DD5,écart 100.0 %,2023T3 : 552 (p.14) / 0.0539237 (p.14),05_ar1
AN02064,AR1,investissement/total_secteur/,2017T3,révision,dernière publication retenue,P4 / DD5,écart entre publications : 99900.0 %,11 à 10504 ; retenu 11 (2018T3),05_ar1
AN02065,AR1,investissement/total_secteur/,2017T4,révision,dernière publication retenue,P4 / DD5,écart entre publications : 99900.0 %,32 à 31551 ; retenu 32 (2018T4),05_ar1
AN02066,AR1,abonnes_internet_fixe_acces/togo_telecom/Evdo,2018T2,révision,dernière publication retenue,P4 / DD5,écart entre publications : inf %,0 à 3 ; retenu 0 (2019T1),05_ar1
AN02067,AR1,investissement/total_secteur/,2018T1,révision,dernière publication retenue,P4 / DD5,écart entre publications : 99900.0 %,6 à 5941 ; retenu 6 (2019T1),05_ar1
AN02068,AR1,abonnes_telephonie_mobile/ensemble/prepaid,2018T2,révision,dernière publication retenue,P4 / DD5,écart entre publications : 45.54 %,3139293 à 5764433 ; retenu 5764433 (2019T2),05_ar1
AN02069,AR1,ca/teolis/,2018T2,révision,dernière publication retenue,P4 / DD5,écart entre publications : 95.29 %,0 à 0 ; retenu 0 (2019T2),05_ar1
AN02070,AR1,investissement/togocom/,2018T2,révision,dernière publication retenue,P4 / DD5,écart entre publications : 95.23 %,2 à 4 ; retenu 2 (2019T2),05_ar1
AN02071,AR1,investissement/total_mobile/,2018T2,révision,dernière publication retenue,P4 / DD5,écart entre publications : 5.66 %,33 à 35 ; retenu 33 (2019T2),05_ar1
AN02072,AR1,ca/teolis/,2018T3,révision,dernière publication retenue,P4 / DD5,écart entre publications : 75.0 %,0 à 0 ; retenu 0 (2019T3),05_ar1
AN02073,AR1,ca/teolis/,2018T4,révision,dernière publication retenue,P4 / DD5,écart entre publications : 82.14 %,0 à 0 ; retenu 0 (2019T4),05_ar1
AN02074,AR1,abonnes_internet_fixe/ensemble/total,2019T1,révision,dernière publication retenue,P4 / DD5,écart entre publications : 5.73 %,27647 à 29327 ; retenu 29327 (2020T1),05_ar1
AN02075,AR1,ca/togocom/,2019T1,révision,dernière publication retenue,P4 / DD5,écart entre publications : 11.21 %,21 à 23 ; retenu 23 (2020T1),05_ar1
AN02076,AR1,ca/total_mobile/,2019T1,révision,dernière publication retenue,P4 / DD5,écart entre publications : 6.76 %,36 à 39 ; retenu 39 (2020T1),05_ar1
AN02077,AR1,ca/total_secteur/,2019T1,révision,dernière publication retenue,P4 / DD5,écart entre publications : 5.85 %,42 à 45 ; retenu 45 (2020T1),05_ar1
AN02078,AR1,investissement/cafe/,2019T1,révision,dernière publication retenue,P4 / DD5,écart entre publications : 12.5 %,0 à 0 ; retenu 0 (2020T1),05_ar1
AN02079,AR1,abonnes_telephonie_mobile/ensemble/total,2020T1,révision,dernière publication retenue,P4 / DD5,écart entre publications : 9.41 %,5302444 à 5853122 ; retenu 5853122 (2021T1),05_ar1
AN02080,AR1,abonnes_internet_fixe/ensemble/total,2020T1,révision,dernière publication retenue,P4 / DD5,écart entre publications : 8.31 %,33671 à 36724 ; retenu 36724 (2021T1),05_ar1
AN02081,AR1,ca/teolis/,2020T1,révision,dernière publication retenue,P4 / DD5,écart entre publications : 20.0 %,0 à 0 ; retenu 0 (2021T1),05_ar1
AN02082,AR1,abonnes_internet_fixe_acces/togo_telecom/FTTH,2020T2,révision,dernière publication retenue,P4 / DD5,écart entre publications : 20.1 %,8076 à 9699 ; retenu 8076 (2021T2),05_ar1
AN02083,AR1,abonnes_internet_fixe_acces/togo_telecom/total,2020T2,révision,dernière publication retenue,P4 / DD5,écart entre publications : 11.69 %,27345 à 30541 ; retenu 27345 (2021T2),05_ar1
AN02084,AR1,ca/cafe/,2020T3,révision,dernière publication retenue,P4 / DD5,écart entre publications : 23.89 %,0 à 0 ; retenu 0 (2021T3),05_ar1
AN02085,AR1,ca/teolis/,2020T3,révision,dernière publication retenue,P4 / DD5,écart entre publications : 16.67 %,0 à 0 ; retenu 0 (2021T3),05_ar1
AN02086,AR1,ca/gva/,2020T3,révision,dernière publication retenue,P4 / DD5,écart entre publications : 21.21 %,1 à 1 ; retenu 1 (2021T3),05_ar1
AN02087,AR1,ca/teolis/,2020T4,révision,dernière publication retenue,P4 / DD5,écart entre publications : 5.0 %,0 à 0 ; retenu 0 (2021T4),05_ar1
AN02088,AR1,abonnes_telephonie_mobile/ensemble/postpaid,2021T1,révision,dernière publication retenue,P4 / DD5,écart entre publications : 15.72 %,30926 à 36696 ; retenu 36696 (2022T1),05_ar1
AN02089,AR1,abonnes_data_mobile/moov/2G,2021T1,révision,dernière publication retenue,P4 / DD5,écart entre publications : 72.52 %,1046832 à 1805976 ; retenu 1046832 (2022T1),05_ar1
AN02090,AR1,abonnes_data_mobile/moov/3G,2021T1,révision,dernière publication retenue,P4 / DD5,écart entre publications : 20.07 %,906015 à 1087849 ; retenu 906015 (2022T1),05_ar1
AN02091,AR1,abonnes_data_mobile/moov/4G,2021T1,révision,dernière publication retenue,P4 / DD5,écart entre publications : 29.89 %,115338 à 149809 ; retenu 115338 (2022T1),05_ar1
AN02092,AR1,abonnes_data_mobile/moov/total,2021T1,révision,dernière publication retenue,P4 / DD5,écart entre publications : 47.16 %,2068185 à 3043634 ; retenu 2068185 (2022T1),05_ar1
AN02093,AR1,abonnes_data_mobile/ensemble/total,2021T1,révision,dernière publication retenue,P4 / DD5,écart entre publications : 21.46 %,4544856 à 5520305 ; retenu 4544856 (2022T1),05_ar1
AN02094,AR1,abonnes_data_mobile/ensemble/haut_debit,2021T1,révision,dernière publication retenue,P4 / DD5,écart entre publications : 8.28 %,2611038 à 2827343 ; retenu 2611038 (2022T1),05_ar1
AN02095,AR1,abonnes_internet_fixe/gva/total,2021T1,révision,dernière publication retenue,P4 / DD5,écart entre publications : 10.28 %,23203 à 25588 ; retenu 23203 (2022T1),05_ar1
AN02096,AR1,ca/teolis/,2021T1,révision,dernière publication retenue,P4 / DD5,écart entre publications : 16.67 %,0 à 0 ; retenu 0 (2022T1),05_ar1
AN02097,AR1,ca/total_fixe/,2021T1,révision,dernière publication retenue,P4 / DD5,écart entre publications : 16.05 %,9 à 10 ; retenu 9 (2022T1),05_ar1
AN02098,AR1,investissement/total_fixe/,2021T1,révision,dernière publication retenue,P4 / DD5,écart entre publications : 180.0 %,1 à 2 ; retenu 1 (2022T1),05_ar1
AN02099,AR1,investissement/total_secteur/,2021T1,révision,dernière publication retenue,P4 / DD5,écart entre publications : 46.31 %,2 à 3 ; retenu 2 (2022T1),05_ar1
AN02100,AR1,mm_comptes/moov/,2021T1,révision,dernière publication retenue,P4 / DD5,écart entre publications : 156.22 %,1309132 à 3354214 ; retenu 1309132 (2022T1),05_ar1
AN02101,AR1,mm_comptes/ensemble/,2021T1,révision,dernière publication retenue,P4 / DD5,écart entre publications : 83.43 %,2451172 à 4496254 ; retenu 2451172 (2022T1),05_ar1
AN02102,AR1,abonnes_telephonie_mobile/ensemble/postpaid,2021T2,révision,dernière publication retenue,P4 / DD5,écart entre publications : 12.22 %,33959 à 38685 ; retenu 38685 (2022T2),05_ar1
AN02103,AR1,abonnes_data_mobile/moov/2G,2021T2,révision,dernière publication retenue,P4 / DD5,écart entre publications : 59.64 %,999661 à 1595824 ; retenu 999661 (2022T2),05_ar1
AN02104,AR1,abonnes_data_mobile/moov/3G,2021T2,révision,dernière publication retenue,P4 / DD5,écart entre publications : 9.61 %,897480 à 983685 ; retenu 897480 (2022T2),05_ar1
AN02105,AR1,abonnes_data_mobile/moov/4G,2021T2,révision,dernière publication retenue,P4 / DD5,écart entre publications : 15.16 %,125426 à 144439 ; retenu 125426 (2022T2),05_ar1
AN02106,AR1,abonnes_data_mobile/moov/total,2021T2,révision,dernière publication retenue,P4 / DD5,écart entre publications : 34.68 %,2022567 à 2723948 ; retenu 2022567 (2022T2),05_ar1
AN02107,AR1,abonnes_data_mobile/ensemble/total,2021T2,révision,dernière publication retenue,P4 / DD5,écart entre publications : 15.53 %,4516964 à 5218345 ; retenu 4516964 (2022T2),05_ar1
AN02108,AR1,ca/total_fixe/,2021T2,révision,dernière publication retenue,P4 / DD5,écart entre publications : 16.65 %,9 à 10 ; retenu 9 (2022T2),05_ar1
AN02109,AR1,investissement/total_fixe/,2021T2,révision,dernière publication retenue,P4 / DD5,écart entre publications : 85.83 %,1 à 2 ; retenu 1 (2022T2),05_ar1
AN02110,AR1,investissement/total_secteur/,2021T2,révision,dernière publication retenue,P4 / DD5,écart entre publications : 17.21 %,6 à 7 ; retenu 6 (2022T2),05_ar1
AN02111,AR1,mm_comptes/moov/,2021T2,révision,dernière publication retenue,P4 / DD5,écart entre publications : 182.49 %,1232549 à 3481873 ; retenu 1232549 (2022T2),05_ar1
AN02112,AR1,mm_comptes/ensemble/,2021T2,révision,dernière publication retenue,P4 / DD5,écart entre publications : 93.63 %,2402295 à 4651619 ; retenu 2402295 (2022T2),05_ar1
AN02113,AR1,mm_points_de_vente/togocom/,2021T2,révision,dernière publication retenue,P4 / DD5,écart entre publications : 24.42 %,15569 à 19371 ; retenu 15569 (2022T2),05_ar1
AN02114,AR1,mm_points_de_vente/ensemble/,2021T2,révision,dernière publication retenue,P4 / DD5,écart entre publications : 13.52 %,28126 à 31928 ; retenu 28126 (2022T2),05_ar1
AN02115,AR1,abonnes_telephonie_mobile/ensemble/postpaid,2021T3,révision,dernière publication retenue,P4 / DD5,écart entre publications : 12.52 %,34518 à 39459 ; retenu 39459 (2022T3),05_ar1
AN02116,AR1,abonnes_data_mobile/moov/2G,2021T3,révision,dernière publication retenue,P4 / DD5,écart entre publications : 94.08 %,894430 à 1735873 ; retenu 894430 (2022T3),05_ar1
AN02117,AR1,abonnes_data_mobile/moov/3G,2021T3,révision,dernière publication retenue,P4 / DD5,écart entre publications : 20.84 %,927460 à 1120698 ; retenu 927460 (2022T3),05_ar1
AN02118,AR1,abonnes_data_mobile/moov/4G,2021T3,révision,dernière publication retenue,P4 / DD5,écart entre publications : 26.41 %,137988 à 174434 ; retenu 137988 (2022T3),05_ar1
AN02119,AR1,abonnes_data_mobile/moov/total,2021T3,révision,dernière publication retenue,P4 / DD5,écart entre publications : 54.65 %,1959878 à 3031005 ; retenu 1959878 (2022T3),05_ar1
AN02120,AR1,abonnes_data_mobile/ensemble/total,2021T3,révision,dernière publication retenue,P4 / DD5,écart entre publications : 23.64 %,4531380 à 5602507 ; retenu 4531380 (2022T3),05_ar1
AN02121,AR1,abonnes_data_mobile/ensemble/haut_debit,2021T3,révision,dernière publication retenue,P4 / DD5,écart entre publications : 8.22 %,2795471 à 3025155 ; retenu 2795471 (2022T3),05_ar1
AN02122,AR1,ca/total_fixe/,2021T3,révision,dernière publication retenue,P4 / DD5,écart entre publications : 16.23 %,9 à 10 ; retenu 9 (2022T3),05_ar1
AN02123,AR1,investissement/cafe/,2021T3,révision,dernière publication retenue,P4 / DD5,écart entre publications : 100.0 %,0 à 0 ; retenu 0 (2022T3),05_ar1
AN02124,AR1,investissement/total_fixe/,2021T3,révision,dernière publication retenue,P4 / DD5,écart entre publications : 84.43 %,1 à 2 ; retenu 1 (2022T3),05_ar1
AN02125,AR1,mm_comptes/moov/,2021T3,révision,dernière publication retenue,P4 / DD5,écart entre publications : 191.85 %,1236987 à 3610130 ; retenu 1236987 (2022T3),05_ar1
AN02126,AR1,mm_comptes/ensemble/,2021T3,révision,dernière publication retenue,P4 / DD5,écart entre publications : 93.93 %,2526489 à 4899632 ; retenu 2526489 (2022T3),05_ar1
AN02127,AR1,abonnes_telephonie_mobile/ensemble/postpaid,2021T4,révision,dernière publication retenue,P4 / DD5,écart entre publications : 11.72 %,37458 à 42430 ; retenu 42430 (2022T4),05_ar1
AN02128,AR1,abonnes_data_mobile/moov/2G,2021T4,révision,dernière publication retenue,P4 / DD5,écart entre publications : 103.58 %,815345 à 1659857 ; retenu 815345 (2022T4),05_ar1
AN02129,AR1,abonnes_data_mobile/ensemble/haut_debit,2021T4,révision,dernière publication retenue,P4 / DD5,écart entre publications : 13.84 %,2961688 à 3371583 ; retenu 2961688 (2022T4),05_ar1
AN02130,AR1,ca/teolis/,2021T4,révision,dernière publication retenue,P4 / DD5,écart entre publications : 15.38 %,0 à 0 ; retenu 0 (2022T4),05_ar1
AN02131,AR1,ca/total_fixe/,2021T4,révision,dernière publication retenue,P4 / DD5,écart entre publications : 17.68 %,8 à 9 ; retenu 8 (2022T4),05_ar1
AN02132,AR1,investissement/total_fixe/,2021T4,révision,dernière publication retenue,P4 / DD5,écart entre publications : 25.84 %,4 à 5 ; retenu 4 (2022T4),05_ar1
AN02133,AR1,ca/total_fixe/,2023T2,révision,dernière publication retenue,P4 / DD5,écart entre publications : 21.41 %,9 à 11 ; retenu 11 (2024T2),05_ar1
AN02134,AR1,investissement/togocom/,2023T2,révision,dernière publication retenue,P4 / DD5,écart entre publications : 46.59 %,2 à 5 ; retenu 5 (2024T2),05_ar1
AN02135,AR1,investissement/togo_telecom/,2023T2,révision,dernière publication retenue,P4 / DD5,écart entre publications : 91.38 %,0 à 3 ; retenu 3 (2024T2),05_ar1
AN02136,AR1,investissement/total_mobile/,2023T2,révision,dernière publication retenue,P4 / DD5,écart entre publications : 30.83 %,5 à 7 ; retenu 7 (2024T2),05_ar1
AN02137,AR1,investissement/total_fixe/,2023T2,révision,dernière publication retenue,P4 / DD5,écart entre publications : 91.29 %,0 à 4 ; retenu 4 (2024T2),05_ar1
AN02138,AR1,investissement/total_secteur/,2023T2,révision,dernière publication retenue,P4 / DD5,écart entre publications : 54.08 %,5 à 11 ; retenu 11 (2024T2),05_ar1
AN02139,AR1,investissement/togocom/,2023T3,révision,dernière publication retenue,P4 / DD5,écart entre publications : 41.98 %,8 à 14 ; retenu 14 (2024T3),05_ar1
AN02140,AR1,investissement/togo_telecom/,2023T3,révision,dernière publication retenue,P4 / DD5,écart entre publications : 64.68 %,1 à 4 ; retenu 4 (2024T3),05_ar1
AN02141,AR1,investissement/total_mobile/,2023T3,révision,dernière publication retenue,P4 / DD5,écart entre publications : 31.68 %,12 à 18 ; retenu 18 (2024T3),05_ar1
AN02142,AR1,investissement/total_fixe/,2023T3,révision,dernière publication retenue,P4 / DD5,écart entre publications : 45.01 %,3 à 6 ; retenu 6 (2024T3),05_ar1
AN02143,AR1,investissement/total_secteur/,2023T3,révision,dernière publication retenue,P4 / DD5,écart entre publications : 34.84 %,16 à 24 ; retenu 24 (2024T3),05_ar1
AN02144,AR1,investissement/togocom/,2023T4,révision,dernière publication retenue,P4 / DD5,écart entre publications : 38.91 %,11 à 18 ; retenu 18 (2024T4),05_ar1
AN02145,AR1,investissement/togo_telecom/,2023T4,révision,dernière publication retenue,P4 / DD5,écart entre publications : 56.59 %,4 à 6 ; retenu 4 (2024T4),05_ar1
AN02146,AR1,investissement/total_mobile/,2023T4,révision,dernière publication retenue,P4 / DD5,écart entre publications : 27.34 %,19 à 25 ; retenu 25 (2024T4),05_ar1
AN02147,AR1,investissement/total_fixe/,2023T4,révision,dernière publication retenue,P4 / DD5,écart entre publications : 37.14 %,6 à 9 ; retenu 6 (2024T4),05_ar1
AN02148,AR1,investissement/total_secteur/,2023T4,révision,dernière publication retenue,P4 / DD5,écart entre publications : 14.72 %,27 à 32 ; retenu 32 (2024T4),05_ar1
AN02149,AR1,investissement/togocom/,2024T1,révision,dernière publication retenue,P4 / DD5,écart entre publications : 6.44 %,3 à 3 ; retenu 3 (2025T1),05_ar1
AN02150,AR1,investissement/togo_telecom/,2024T1,révision,dernière publication retenue,P4 / DD5,écart entre publications : 13.96 %,1 à 2 ; retenu 1 (2025T1),05_ar1
AN02151,AR1,investissement/total_fixe/,2024T1,révision,dernière publication retenue,P4 / DD5,écart entre publications : 8.3 %,2 à 3 ; retenu 2 (2025T1),05_ar1
