indicateur,source,periode,frequence,operateur,operateur_libelle,technologie,valeur,unite,convention,variante,rupture,niveau_preuve,base_population,note
abonnes_data_mobile,"D2 (INSEED, opendata)",2013,annuel,ensemble,Ensemble,haut_debit,130019.0,abonnés,publie,principal,,A,,
abonnes_data_mobile,"D2 (INSEED, opendata)",2014,annuel,ensemble,Ensemble,haut_debit,210448.0,abonnés,publie,principal,,A,,
abonnes_data_mobile,"D2 (INSEED, opendata)",2015,annuel,ensemble,Ensemble,haut_debit,431869.0,abonnés,publie,principal,,A,,
abonnes_data_mobile,"D2 (INSEED, opendata)",2016,annuel,ensemble,Ensemble,haut_debit,1437425.0,abonnés,publie,principal,,A,,
abonnes_data_mobile,"D2 (INSEED, opendata)",2017,annuel,ensemble,Ensemble,haut_debit,2015858.0,abonnés,publie,principal,,A,,
abonnes_data_mobile,AR1 (ARCEP),2018,annuel,ensemble,Ensemble,haut_debit,2524282.0,abonnés,valeur_T4,principal,,A,,
abonnes_data_mobile,AR1 (ARCEP),2018,annuel,ensemble,Ensemble,haut_debit,2354433.5,abonnés,moyenne_4T,sensibilite,,A,,
abonnes_data_mobile,AR1 (ARCEP),2019,annuel,ensemble,Ensemble,haut_debit,3322213.0,abonnés,valeur_T4,principal,,A,,
abonnes_data_mobile,AR1 (ARCEP),2019,annuel,ensemble,Ensemble,haut_debit,3053397.5,abonnés,moyenne_4T,sensibilite,,A,,
abonnes_data_mobile,AR1 (ARCEP),2020,annuel,ensemble,Ensemble,haut_debit,3079412.0,abonnés,valeur_T4,principal,"S6 : reclassement 3G / 4G de Togocel, non documenté ; aucune évolution par technologie calculée à travers",A,,
abonnes_data_mobile,AR1 (ARCEP),2020,annuel,ensemble,Ensemble,haut_debit,2758257.0,abonnés,moyenne_4T,sensibilite,"S6 : reclassement 3G / 4G de Togocel, non documenté ; aucune évolution par technologie calculée à travers",A,,
abonnes_data_mobile,AR1 (ARCEP),2021,annuel,ensemble,Ensemble,haut_debit,2961688.0,abonnés,valeur_T4,principal,,A,,
abonnes_data_mobile,AR1 (ARCEP),2021,annuel,ensemble,Ensemble,haut_debit,2754277.75,abonnés,moyenne_4T,sensibilite,,A,,
abonnes_data_mobile,AR1 (ARCEP),2022,annuel,ensemble,Ensemble,haut_debit,3362423.0,abonnés,valeur_T4,principal,,A,,
abonnes_data_mobile,AR1 (ARCEP),2022,annuel,ensemble,Ensemble,haut_debit,3189707.5,abonnés,moyenne_4T,sensibilite,,A,,
abonnes_data_mobile,AR1 (ARCEP),2023,annuel,ensemble,Ensemble,haut_debit,3867977.0,abonnés,valeur_T4,principal,,A,,
abonnes_data_mobile,AR1 (ARCEP),2023,annuel,ensemble,Ensemble,haut_debit,3627299.25,abonnés,moyenne_4T,sensibilite,,A,,
abonnes_data_mobile,AR1 (ARCEP),2024,annuel,ensemble,Ensemble,haut_debit,4310286.0,abonnés,valeur_T4,principal,,A,,
abonnes_data_mobile,AR1 (ARCEP),2024,annuel,ensemble,Ensemble,haut_debit,4171525.0,abonnés,moyenne_4T,sensibilite,,A,,
abonnes_data_mobile,AR1 (ARCEP),2025,annuel,ensemble,Ensemble,haut_debit,5156648.0,abonnés,valeur_T4,principal,,A,,
abonnes_data_mobile,AR1 (ARCEP),2025,annuel,ensemble,Ensemble,haut_debit,4818049.75,abonnés,moyenne_4T,sensibilite,,A,,
abonnes_data_mobile,AR1 (ARCEP),2026S1,semestriel,ensemble,Ensemble,haut_debit,5585957.0,abonnés,moyenne_trimestres,principal,,A,,année incomplète : T1 et T2 seulement
abonnes_data_mobile,AR1 (ARCEP),2017T1,trimestriel,ensemble,Ensemble,haut_debit,1601393.0,abonnés,publie,principal,,A,,publication 2018T1
abonnes_data_mobile,AR1 (ARCEP),2017T2,trimestriel,ensemble,Ensemble,haut_debit,1729446.0,abonnés,publie,principal,,A,,publication 2018T2
abonnes_data_mobile,AR1 (ARCEP),2017T3,trimestriel,ensemble,Ensemble,haut_debit,2011848.0,abonnés,publie,principal,,A,,publication 2018T2
abonnes_data_mobile,AR1 (ARCEP),2017T4,trimestriel,ensemble,Ensemble,haut_debit,2015072.0,abonnés,publie,principal,,A,,publication 2018T2
abonnes_data_mobile,AR1 (ARCEP),2018T1,trimestriel,ensemble,Ensemble,haut_debit,2138922.0,abonnés,publie,principal,,A,,publication 2018T2
abonnes_data_mobile,AR1 (ARCEP),2018T2,trimestriel,ensemble,Ensemble,haut_debit,2271782.0,abonnés,publie,principal,,A,,publication 2019T2
abonnes_data_mobile,AR1 (ARCEP),2018T3,trimestriel,ensemble,Ensemble,haut_debit,2482748.0,abonnés,publie,principal,,A,,publication 2019T3
abonnes_data_mobile,AR1 (ARCEP),2018T4,trimestriel,ensemble,Ensemble,haut_debit,2524282.0,abonnés,publie,principal,,A,,publication 2019T4
abonnes_data_mobile,AR1 (ARCEP),2019T1,trimestriel,ensemble,Ensemble,haut_debit,2719130.0,abonnés,publie,principal,,A,,publication 2020T1
abonnes_data_mobile,AR1 (ARCEP),2019T2,trimestriel,ensemble,Ensemble,haut_debit,2972541.0,abonnés,publie,principal,,A,,publication 2020T2
abonnes_data_mobile,AR1 (ARCEP),2019T3,trimestriel,ensemble,Ensemble,haut_debit,3199706.0,abonnés,publie,principal,,A,,publication 2020T3
abonnes_data_mobile,AR1 (ARCEP),2019T4,trimestriel,ensemble,Ensemble,haut_debit,3322213.0,abonnés,publie,principal,,A,,publication 2020T4
abonnes_data_mobile,AR1 (ARCEP),2020T1,trimestriel,ensemble,Ensemble,haut_debit,2496488.0,abonnés,publie,principal,"S6 : reclassement 3G / 4G de Togocel, non documenté ; aucune évolution par technologie calculée à travers",A,,publication 2021T1
abonnes_data_mobile,AR1 (ARCEP),2020T2,trimestriel,ensemble,Ensemble,haut_debit,2663993.0,abonnés,publie,principal,,A,,publication 2021T2
abonnes_data_mobile,AR1 (ARCEP),2020T3,trimestriel,ensemble,Ensemble,haut_debit,2793135.0,abonnés,publie,principal,,A,,publication 2021T3
abonnes_data_mobile,AR1 (ARCEP),2020T4,trimestriel,ensemble,Ensemble,haut_debit,3079412.0,abonnés,publie,principal,,A,,publication 2021T4
abonnes_data_mobile,AR1 (ARCEP),2021T1,trimestriel,ensemble,Ensemble,haut_debit,2611038.0,abonnés,publie,principal,,A,,publication 2022T1 ; révisée (8.28 %)
abonnes_data_mobile,AR1 (ARCEP),2021T2,trimestriel,ensemble,Ensemble,haut_debit,2648914.0,abonnés,publie,principal,,A,,publication 2022T2 ; révisée (3.97 %)
abonnes_data_mobile,AR1 (ARCEP),2021T3,trimestriel,ensemble,Ensemble,haut_debit,2795471.0,abonnés,publie,principal,,A,,publication 2022T3 ; révisée (8.22 %)
abonnes_data_mobile,AR1 (ARCEP),2021T4,trimestriel,ensemble,Ensemble,haut_debit,2961688.0,abonnés,publie,principal,,A,,publication 2022T4 ; révisée (13.84 %)
abonnes_data_mobile,AR1 (ARCEP),2022T1,trimestriel,ensemble,Ensemble,haut_debit,3040602.0,abonnés,publie,principal,,A,,publication 2023T1
abonnes_data_mobile,AR1 (ARCEP),2022T2,trimestriel,ensemble,Ensemble,haut_debit,3103546.0,abonnés,publie,principal,,A,,publication 2023T2
abonnes_data_mobile,AR1 (ARCEP),2022T3,trimestriel,ensemble,Ensemble,haut_debit,3252259.0,abonnés,publie,principal,,A,,publication 2023T2
abonnes_data_mobile,AR1 (ARCEP),2022T4,trimestriel,ensemble,Ensemble,haut_debit,3362423.0,abonnés,publie,principal,,A,,publication 2023T2
abonnes_data_mobile,AR1 (ARCEP),2023T1,trimestriel,ensemble,Ensemble,haut_debit,3420074.0,abonnés,publie,principal,,A,,publication 2024T1
abonnes_data_mobile,AR1 (ARCEP),2023T2,trimestriel,ensemble,Ensemble,haut_debit,3435876.0,abonnés,publie,principal,,A,,publication 2024T2
abonnes_data_mobile,AR1 (ARCEP),2023T3,trimestriel,ensemble,Ensemble,haut_debit,3785270.0,abonnés,publie,principal,,A,,publication 2024T3
abonnes_data_mobile,AR1 (ARCEP),2023T4,trimestriel,ensemble,Ensemble,haut_debit,3867977.0,abonnés,publie,principal,,A,,publication 2024T4
abonnes_data_mobile,AR1 (ARCEP),2024T1,trimestriel,ensemble,Ensemble,haut_debit,4060400.0,abonnés,publie,principal,,A,,publication 2025T1
abonnes_data_mobile,AR1 (ARCEP),2024T2,trimestriel,ensemble,Ensemble,haut_debit,4085557.0,abonnés,publie,principal,,A,,publication 2025T2
abonnes_data_mobile,AR1 (ARCEP),2024T3,trimestriel,ensemble,Ensemble,haut_debit,4229857.0,abonnés,publie,principal,,A,,publication 2025T3
abonnes_data_mobile,AR1 (ARCEP),2024T4,trimestriel,ensemble,Ensemble,haut_debit,4310286.0,abonnés,publie,principal,,A,,publication 2025T4
abonnes_data_mobile,AR1 (ARCEP),2025T1,trimestriel,ensemble,Ensemble,haut_debit,4516429.0,abonnés,publie,principal,,A,,publication 2026T1
abonnes_data_mobile,AR1 (ARCEP),2025T2,trimestriel,ensemble,Ensemble,haut_debit,4671514.0,abonnés,publie,principal,,A,,publication 2026T2
abonnes_data_mobile,AR1 (ARCEP),2025T3,trimestriel,ensemble,Ensemble,haut_debit,4927608.0,abonnés,publie,principal,,A,,publication 2026T2
abonnes_data_mobile,AR1 (ARCEP),2025T4,trimestriel,ensemble,Ensemble,haut_debit,5156648.0,abonnés,publie,principal,,A,,publication 2026T2
abonnes_data_mobile,AR1 (ARCEP),2026T1,trimestriel,ensemble,Ensemble,haut_debit,5464688.0,abonnés,publie,principal,,A,,publication 2026T2
abonnes_data_mobile,AR1 (ARCEP),2026T2,trimestriel,ensemble,Ensemble,haut_debit,5707226.0,abonnés,publie,principal,,A,,publication 2026T2
abonnes_data_mobile,"2b (INSEED, opendata)",2010,annuel,ensemble,Ensemble,total,76059.0,abonnés,publie,principal,,A,,"raccord P4 : 2b jusqu'en 2017, AR1 ensuite"
abonnes_data_mobile,"2b (INSEED, opendata)",2011,annuel,ensemble,Ensemble,total,141382.0,abonnés,publie,principal,,A,,"raccord P4 : 2b jusqu'en 2017, AR1 ensuite"
abonnes_data_mobile,"2b (INSEED, opendata)",2012,annuel,ensemble,Ensemble,total,196569.0,abonnés,publie,principal,,A,,"raccord P4 : 2b jusqu'en 2017, AR1 ensuite"
abonnes_data_mobile,"2b (INSEED, opendata)",2013,annuel,ensemble,Ensemble,total,279437.0,abonnés,publie,principal,,A,,"raccord P4 : 2b jusqu'en 2017, AR1 ensuite"
abonnes_data_mobile,"2b (INSEED, opendata)",2014,annuel,ensemble,Ensemble,total,526984.0,abonnés,publie,principal,,A,,"raccord P4 : 2b jusqu'en 2017, AR1 ensuite"
abonnes_data_mobile,"2b (INSEED, opendata)",2015,annuel,ensemble,Ensemble,total,836676.0,abonnés,publie,principal,,A,,"raccord P4 : 2b jusqu'en 2017, AR1 ensuite"
abonnes_data_mobile,"2b (INSEED, opendata)",2016,annuel,ensemble,Ensemble,total,1521390.0,abonnés,publie,principal,,A,,"raccord P4 : 2b jusqu'en 2017, AR1 ensuite"
abonnes_data_mobile,"2b (INSEED, opendata)",2017,annuel,ensemble,Ensemble,total,2605249.0,abonnés,publie,principal,,A,,"raccord P4 : 2b jusqu'en 2017, AR1 ensuite"
abonnes_data_mobile,AR1 (ARCEP),2018,annuel,ensemble,Ensemble,total,3660055.0,abonnés,valeur_T4,principal,,A,,
abonnes_data_mobile,AR1 (ARCEP),2018,annuel,ensemble,Ensemble,total,3251284.5,abonnés,moyenne_4T,sensibilite,,A,,
abonnes_data_mobile,"2b (INSEED, opendata)",2018,annuel,ensemble,Ensemble,total,3660055.0,abonnés,publie,controle,,A,,non retenu après 2017 (P4)
abonnes_data_mobile,AR1 (ARCEP),2019,annuel,ensemble,Ensemble,total,4671179.0,abonnés,valeur_T4,principal,,A,,
abonnes_data_mobile,AR1 (ARCEP),2019,annuel,ensemble,Ensemble,total,4365978.25,abonnés,moyenne_4T,sensibilite,,A,,
abonnes_data_mobile,"2b (INSEED, opendata)",2019,annuel,ensemble,Ensemble,total,3379910.0,abonnés,publie,controle,,A,,non retenu après 2017 (P4) ; valeur 2019 écartée
abonnes_data_mobile,AR1 (ARCEP),2020,annuel,ensemble,Ensemble,total,4891899.0,abonnés,valeur_T4,principal,"S6 : reclassement 3G / 4G de Togocel, non documenté ; aucune évolution par technologie calculée à travers",A,,
abonnes_data_mobile,AR1 (ARCEP),2020,annuel,ensemble,Ensemble,total,4587932.25,abonnés,moyenne_4T,sensibilite,"S6 : reclassement 3G / 4G de Togocel, non documenté ; aucune évolution par technologie calculée à travers",A,,
abonnes_data_mobile,"2b (INSEED, opendata)",2020,annuel,ensemble,Ensemble,total,4891899.0,abonnés,publie,controle,,A,,non retenu après 2017 (P4)
abonnes_data_mobile,AR1 (ARCEP),2021,annuel,ensemble,Ensemble,total,4651596.0,abonnés,valeur_T4,principal,,A,,
abonnes_data_mobile,AR1 (ARCEP),2021,annuel,ensemble,Ensemble,total,4561199.0,abonnés,moyenne_4T,sensibilite,,A,,
abonnes_data_mobile,"2b (INSEED, opendata)",2021,annuel,ensemble,Ensemble,total,4651596.0,abonnés,publie,controle,,A,,non retenu après 2017 (P4)
abonnes_data_mobile,AR1 (ARCEP),2022,annuel,ensemble,Ensemble,total,4870282.0,abonnés,valeur_T4,principal,,A,,
abonnes_data_mobile,AR1 (ARCEP),2022,annuel,ensemble,Ensemble,total,4783747.0,abonnés,moyenne_4T,sensibilite,,A,,
abonnes_data_mobile,"2b (INSEED, opendata)",2022,annuel,ensemble,Ensemble,total,4870282.0,abonnés,publie,controle,,A,,non retenu après 2017 (P4)
abonnes_data_mobile,AR1 (ARCEP),2023,annuel,ensemble,Ensemble,total,5281504.0,abonnés,valeur_T4,principal,,A,,
abonnes_data_mobile,AR1 (ARCEP),2023,annuel,ensemble,Ensemble,total,5029815.75,abonnés,moyenne_4T,sensibilite,,A,,
abonnes_data_mobile,AR1 (ARCEP),2024,annuel,ensemble,Ensemble,total,5624336.0,abonnés,valeur_T4,principal,,A,,
abonnes_data_mobile,AR1 (ARCEP),2024,annuel,ensemble,Ensemble,total,5622893.5,abonnés,moyenne_4T,sensibilite,,A,,
abonnes_data_mobile,AR1 (ARCEP),2025,annuel,ensemble,Ensemble,total,6346056.0,abonnés,valeur_T4,principal,,A,,
abonnes_data_mobile,AR1 (ARCEP),2025,annuel,ensemble,Ensemble,total,6126342.5,abonnés,moyenne_4T,sensibilite,,A,,
abonnes_data_mobile,AR1 (ARCEP),2026S1,semestriel,ensemble,Ensemble,total,6817360.0,abonnés,moyenne_trimestres,principal,,A,,année incomplète : T1 et T2 seulement
abonnes_data_mobile,AR1 (ARCEP),2017T1,trimestriel,ensemble,Ensemble,total,1943729.0,abonnés,publie,principal,,A,,publication 2018T1
abonnes_data_mobile,AR1 (ARCEP),2017T2,trimestriel,ensemble,Ensemble,total,2052042.0,abonnés,publie,principal,,A,,publication 2018T2
abonnes_data_mobile,AR1 (ARCEP),2017T3,trimestriel,ensemble,Ensemble,total,2567721.0,abonnés,publie,principal,,A,,publication 2018T2
abonnes_data_mobile,AR1 (ARCEP),2017T4,trimestriel,ensemble,Ensemble,total,2604463.0,abonnés,publie,principal,,A,,publication 2018T2
abonnes_data_mobile,AR1 (ARCEP),2018T1,trimestriel,ensemble,Ensemble,total,2824967.0,abonnés,publie,principal,,A,,publication 2018T2
abonnes_data_mobile,AR1 (ARCEP),2018T2,trimestriel,ensemble,Ensemble,total,3040731.0,abonnés,publie,principal,,A,,publication 2019T2
abonnes_data_mobile,AR1 (ARCEP),2018T3,trimestriel,ensemble,Ensemble,total,3479385.0,abonnés,publie,principal,,A,,publication 2019T3
abonnes_data_mobile,AR1 (ARCEP),2018T4,trimestriel,ensemble,Ensemble,total,3660055.0,abonnés,publie,principal,,A,,publication 2019T4
abonnes_data_mobile,AR1 (ARCEP),2019T1,trimestriel,ensemble,Ensemble,total,3979525.0,abonnés,publie,principal,,A,,publication 2020T1
abonnes_data_mobile,AR1 (ARCEP),2019T2,trimestriel,ensemble,Ensemble,total,4274493.0,abonnés,publie,principal,,A,,publication 2020T2
abonnes_data_mobile,AR1 (ARCEP),2019T3,trimestriel,ensemble,Ensemble,total,4538716.0,abonnés,publie,principal,,A,,publication 2020T3
abonnes_data_mobile,AR1 (ARCEP),2019T4,trimestriel,ensemble,Ensemble,total,4671179.0,abonnés,publie,principal,,A,,publication 2020T4
abonnes_data_mobile,AR1 (ARCEP),2020T1,trimestriel,ensemble,Ensemble,total,4362555.0,abonnés,publie,principal,"S6 : reclassement 3G / 4G de Togocel, non documenté ; aucune évolution par technologie calculée à travers",A,,publication 2021T1
abonnes_data_mobile,AR1 (ARCEP),2020T2,trimestriel,ensemble,Ensemble,total,4492632.0,abonnés,publie,principal,,A,,publication 2021T2
abonnes_data_mobile,AR1 (ARCEP),2020T3,trimestriel,ensemble,Ensemble,total,4604643.0,abonnés,publie,principal,,A,,publication 2021T3
abonnes_data_mobile,AR1 (ARCEP),2020T4,trimestriel,ensemble,Ensemble,total,4891899.0,abonnés,publie,principal,,A,,publication 2021T3
abonnes_data_mobile,AR1 (ARCEP),2021T1,trimestriel,ensemble,Ensemble,total,4544856.0,abonnés,publie,principal,,A,,publication 2022T1 ; révisée (21.46 %)
abonnes_data_mobile,AR1 (ARCEP),2021T2,trimestriel,ensemble,Ensemble,total,4516964.0,abonnés,publie,principal,,A,,publication 2022T2 ; révisée (15.53 %)
abonnes_data_mobile,AR1 (ARCEP),2021T3,trimestriel,ensemble,Ensemble,total,4531380.0,abonnés,publie,principal,,A,,publication 2022T3 ; révisée (23.64 %)
abonnes_data_mobile,AR1 (ARCEP),2021T4,trimestriel,ensemble,Ensemble,total,4651596.0,abonnés,publie,principal,,A,,publication 2022T4
abonnes_data_mobile,AR1 (ARCEP),2022T1,trimestriel,ensemble,Ensemble,total,4695211.0,abonnés,publie,principal,,A,,publication 2023T1
abonnes_data_mobile,AR1 (ARCEP),2022T2,trimestriel,ensemble,Ensemble,total,4730534.0,abonnés,publie,principal,,A,,publication 2023T2
abonnes_data_mobile,AR1 (ARCEP),2022T3,trimestriel,ensemble,Ensemble,total,4838961.0,abonnés,publie,principal,,A,,publication 2023T2
abonnes_data_mobile,AR1 (ARCEP),2022T4,trimestriel,ensemble,Ensemble,total,4870282.0,abonnés,publie,principal,,A,,publication 2023T2
abonnes_data_mobile,AR1 (ARCEP),2023T1,trimestriel,ensemble,Ensemble,total,4854906.0,abonnés,publie,principal,,A,,publication 2024T1
abonnes_data_mobile,AR1 (ARCEP),2023T2,trimestriel,ensemble,Ensemble,total,4680228.0,abonnés,publie,principal,,A,,publication 2024T2
abonnes_data_mobile,AR1 (ARCEP),2023T3,trimestriel,ensemble,Ensemble,total,5302625.0,abonnés,publie,principal,,A,,publication 2024T3
abonnes_data_mobile,AR1 (ARCEP),2023T4,trimestriel,ensemble,Ensemble,total,5281504.0,abonnés,publie,principal,,A,,publication 2024T4
abonnes_data_mobile,AR1 (ARCEP),2024T1,trimestriel,ensemble,Ensemble,total,5565766.0,abonnés,publie,principal,,A,,publication 2025T1
abonnes_data_mobile,AR1 (ARCEP),2024T2,trimestriel,ensemble,Ensemble,total,5615321.0,abonnés,publie,principal,,A,,publication 2025T2
abonnes_data_mobile,AR1 (ARCEP),2024T3,trimestriel,ensemble,Ensemble,total,5686151.0,abonnés,publie,principal,,A,,publication 2025T3
abonnes_data_mobile,AR1 (ARCEP),2024T4,trimestriel,ensemble,Ensemble,total,5624336.0,abonnés,publie,principal,,A,,publication 2025T4
abonnes_data_mobile,AR1 (ARCEP),2025T1,trimestriel,ensemble,Ensemble,total,5899539.0,abonnés,publie,principal,,A,,publication 2026T1
abonnes_data_mobile,AR1 (ARCEP),2025T2,trimestriel,ensemble,Ensemble,total,6040937.0,abonnés,publie,principal,,A,,publication 2026T2
abonnes_data_mobile,AR1 (ARCEP),2025T3,trimestriel,ensemble,Ensemble,total,6218838.0,abonnés,publie,principal,,A,,publication 2026T2
abonnes_data_mobile,AR1 (ARCEP),2025T4,trimestriel,ensemble,Ensemble,total,6346056.0,abonnés,publie,principal,,A,,publication 2026T2
abonnes_data_mobile,AR1 (ARCEP),2026T1,trimestriel,ensemble,Ensemble,total,6652523.0,abonnés,publie,principal,,A,,publication 2026T2
abonnes_data_mobile,AR1 (ARCEP),2026T2,trimestriel,ensemble,Ensemble,total,6982197.0,abonnés,publie,principal,,A,,publication 2026T2
abonnes_data_mobile,"D2 (INSEED, opendata)",2013,annuel,moov,Moov Africa (Atlantique Telecom),2G,109824.0,abonnés,publie,principal,,A,,
abonnes_data_mobile,"D2 (INSEED, opendata)",2014,annuel,moov,Moov Africa (Atlantique Telecom),2G,284926.0,abonnés,publie,principal,,A,,
abonnes_data_mobile,"D2 (INSEED, opendata)",2015,annuel,moov,Moov Africa (Atlantique Telecom),2G,381711.0,abonnés,publie,principal,,A,,
abonnes_data_mobile,"D2 (INSEED, opendata)",2016,annuel,moov,Moov Africa (Atlantique Telecom),2G,68615.0,abonnés,publie,principal,,A,,
abonnes_data_mobile,"D2 (INSEED, opendata)",2017,annuel,moov,Moov Africa (Atlantique Telecom),2G,577380.0,abonnés,publie,principal,,A,,
abonnes_data_mobile,AR1 (ARCEP),2018,annuel,moov,Moov Africa (Atlantique Telecom),2G,1106284.0,abonnés,valeur_T4,principal,,A,,
abonnes_data_mobile,AR1 (ARCEP),2018,annuel,moov,Moov Africa (Atlantique Telecom),2G,876042.25,abonnés,moyenne_4T,sensibilite,,A,,
abonnes_data_mobile,AR1 (ARCEP),2019,annuel,moov,Moov Africa (Atlantique Telecom),2G,1328472.0,abonnés,valeur_T4,principal,,A,,
abonnes_data_mobile,AR1 (ARCEP),2019,annuel,moov,Moov Africa (Atlantique Telecom),2G,1290102.25,abonnés,moyenne_4T,sensibilite,,A,,
abonnes_data_mobile,AR1 (ARCEP),2020,annuel,moov,Moov Africa (Atlantique Telecom),2G,1811504.0,abonnés,valeur_T4,principal,"S6 : reclassement 3G / 4G de Togocel, non documenté ; aucune évolution par technologie calculée à travers",A,,
abonnes_data_mobile,AR1 (ARCEP),2020,annuel,moov,Moov Africa (Atlantique Telecom),2G,1829015.5,abonnés,moyenne_4T,sensibilite,"S6 : reclassement 3G / 4G de Togocel, non documenté ; aucune évolution par technologie calculée à travers",A,,
abonnes_data_mobile,AR1 (ARCEP),2021,annuel,moov,Moov Africa (Atlantique Telecom),2G,815345.0,abonnés,valeur_T4,principal,,A,,
abonnes_data_mobile,AR1 (ARCEP),2021,annuel,moov,Moov Africa (Atlantique Telecom),2G,939067.0,abonnés,moyenne_4T,sensibilite,,A,,
abonnes_data_mobile,AR1 (ARCEP),2022,annuel,moov,Moov Africa (Atlantique Telecom),2G,663279.0,abonnés,valeur_T4,principal,,A,,
abonnes_data_mobile,AR1 (ARCEP),2022,annuel,moov,Moov Africa (Atlantique Telecom),2G,740469.5,abonnés,moyenne_4T,sensibilite,,A,,
abonnes_data_mobile,AR1 (ARCEP),2023,annuel,moov,Moov Africa (Atlantique Telecom),2G,574359.0,abonnés,valeur_T4,principal,,A,,
abonnes_data_mobile,AR1 (ARCEP),2023,annuel,moov,Moov Africa (Atlantique Telecom),2G,651526.0,abonnés,moyenne_4T,sensibilite,,A,,
abonnes_data_mobile,AR1 (ARCEP),2024,annuel,moov,Moov Africa (Atlantique Telecom),2G,610075.0,abonnés,valeur_T4,principal,,A,,
abonnes_data_mobile,AR1 (ARCEP),2024,annuel,moov,Moov Africa (Atlantique Telecom),2G,631635.25,abonnés,moyenne_4T,sensibilite,,A,,
abonnes_data_mobile,AR1 (ARCEP),2025,annuel,moov,Moov Africa (Atlantique Telecom),2G,535821.0,abonnés,valeur_T4,principal,,A,,
abonnes_data_mobile,AR1 (ARCEP),2025,annuel,moov,Moov Africa (Atlantique Telecom),2G,576921.25,abonnés,moyenne_4T,sensibilite,,A,,
abonnes_data_mobile,AR1 (ARCEP),2026S1,semestriel,moov,Moov Africa (Atlantique Telecom),2G,521532.0,abonnés,moyenne_trimestres,principal,,A,,année incomplète : T1 et T2 seulement
abonnes_data_mobile,AR1 (ARCEP),2017T1,trimestriel,moov,Moov Africa (Atlantique Telecom),2G,327798.0,abonnés,publie,principal,,A,,publication 2018T1
abonnes_data_mobile,AR1 (ARCEP),2017T2,trimestriel,moov,Moov Africa (Atlantique Telecom),2G,309047.0,abonnés,publie,principal,,A,,publication 2018T2
abonnes_data_mobile,AR1 (ARCEP),2017T3,trimestriel,moov,Moov Africa (Atlantique Telecom),2G,542911.0,abonnés,publie,principal,,A,,publication 2018T3
abonnes_data_mobile,AR1 (ARCEP),2017T4,trimestriel,moov,Moov Africa (Atlantique Telecom),2G,577380.0,abonnés,publie,principal,,A,,publication 2018T4
abonnes_data_mobile,AR1 (ARCEP),2018T1,trimestriel,moov,Moov Africa (Atlantique Telecom),2G,674207.0,abonnés,publie,principal,,A,,publication 2019T1
abonnes_data_mobile,AR1 (ARCEP),2018T2,trimestriel,moov,Moov Africa (Atlantique Telecom),2G,756615.0,abonnés,publie,principal,,A,,publication 2019T2
abonnes_data_mobile,AR1 (ARCEP),2018T3,trimestriel,moov,Moov Africa (Atlantique Telecom),2G,967063.0,abonnés,publie,principal,,A,,publication 2019T3
abonnes_data_mobile,AR1 (ARCEP),2018T4,trimestriel,moov,Moov Africa (Atlantique Telecom),2G,1106284.0,abonnés,publie,principal,,A,,publication 2019T4
abonnes_data_mobile,AR1 (ARCEP),2019T1,trimestriel,moov,Moov Africa (Atlantique Telecom),2G,1233020.0,abonnés,publie,principal,,A,,publication 2020T1
abonnes_data_mobile,AR1 (ARCEP),2019T2,trimestriel,moov,Moov Africa (Atlantique Telecom),2G,1280498.0,abonnés,publie,principal,,A,,publication 2020T2
abonnes_data_mobile,AR1 (ARCEP),2019T3,trimestriel,moov,Moov Africa (Atlantique Telecom),2G,1318419.0,abonnés,publie,principal,,A,,publication 2020T3
abonnes_data_mobile,AR1 (ARCEP),2019T4,trimestriel,moov,Moov Africa (Atlantique Telecom),2G,1328472.0,abonnés,publie,principal,,A,,publication 2020T4
abonnes_data_mobile,AR1 (ARCEP),2020T1,trimestriel,moov,Moov Africa (Atlantique Telecom),2G,1865558.0,abonnés,publie,principal,"S6 : reclassement 3G / 4G de Togocel, non documenté ; aucune évolution par technologie calculée à travers",A,,publication 2021T1
abonnes_data_mobile,AR1 (ARCEP),2020T2,trimestriel,moov,Moov Africa (Atlantique Telecom),2G,1828079.0,abonnés,publie,principal,,A,,publication 2021T2
abonnes_data_mobile,AR1 (ARCEP),2020T3,trimestriel,moov,Moov Africa (Atlantique Telecom),2G,1810921.0,abonnés,publie,principal,,A,,publication 2021T3
abonnes_data_mobile,AR1 (ARCEP),2020T4,trimestriel,moov,Moov Africa (Atlantique Telecom),2G,1811504.0,abonnés,publie,principal,,A,,publication 2021T4
abonnes_data_mobile,AR1 (ARCEP),2021T1,trimestriel,moov,Moov Africa (Atlantique Telecom),2G,1046832.0,abonnés,publie,principal,,A,,publication 2022T1 ; révisée (72.52 %)
abonnes_data_mobile,AR1 (ARCEP),2021T2,trimestriel,moov,Moov Africa (Atlantique Telecom),2G,999661.0,abonnés,publie,principal,,A,,publication 2022T2 ; révisée (59.64 %)
abonnes_data_mobile,AR1 (ARCEP),2021T3,trimestriel,moov,Moov Africa (Atlantique Telecom),2G,894430.0,abonnés,publie,principal,,A,,publication 2022T3 ; révisée (94.08 %)
abonnes_data_mobile,AR1 (ARCEP),2021T4,trimestriel,moov,Moov Africa (Atlantique Telecom),2G,815345.0,abonnés,publie,principal,,A,,publication 2022T4 ; révisée (103.58 %)
abonnes_data_mobile,AR1 (ARCEP),2022T1,trimestriel,moov,Moov Africa (Atlantique Telecom),2G,782515.0,abonnés,publie,principal,,A,,publication 2023T1
abonnes_data_mobile,AR1 (ARCEP),2022T2,trimestriel,moov,Moov Africa (Atlantique Telecom),2G,796363.0,abonnés,publie,principal,,A,,publication 2023T2
abonnes_data_mobile,AR1 (ARCEP),2022T3,trimestriel,moov,Moov Africa (Atlantique Telecom),2G,719721.0,abonnés,publie,principal,,A,,publication 2023T2
abonnes_data_mobile,AR1 (ARCEP),2022T4,trimestriel,moov,Moov Africa (Atlantique Telecom),2G,663279.0,abonnés,publie,principal,,A,,publication 2023T2
abonnes_data_mobile,AR1 (ARCEP),2023T1,trimestriel,moov,Moov Africa (Atlantique Telecom),2G,669970.0,abonnés,publie,principal,,A,,publication 2024T1
abonnes_data_mobile,AR1 (ARCEP),2023T2,trimestriel,moov,Moov Africa (Atlantique Telecom),2G,723713.0,abonnés,publie,principal,,A,,publication 2024T2
abonnes_data_mobile,AR1 (ARCEP),2023T3,trimestriel,moov,Moov Africa (Atlantique Telecom),2G,638062.0,abonnés,publie,principal,,A,,publication 2024T3
abonnes_data_mobile,AR1 (ARCEP),2023T4,trimestriel,moov,Moov Africa (Atlantique Telecom),2G,574359.0,abonnés,publie,principal,,A,,publication 2024T4
abonnes_data_mobile,AR1 (ARCEP),2024T1,trimestriel,moov,Moov Africa (Atlantique Telecom),2G,631873.0,abonnés,publie,principal,,A,,publication 2025T1
abonnes_data_mobile,AR1 (ARCEP),2024T2,trimestriel,moov,Moov Africa (Atlantique Telecom),2G,648598.0,abonnés,publie,principal,,A,,publication 2025T2
abonnes_data_mobile,AR1 (ARCEP),2024T3,trimestriel,moov,Moov Africa (Atlantique Telecom),2G,635995.0,abonnés,publie,principal,,A,,publication 2025T3
abonnes_data_mobile,AR1 (ARCEP),2024T4,trimestriel,moov,Moov Africa (Atlantique Telecom),2G,610075.0,abonnés,publie,principal,,A,,publication 2025T4
abonnes_data_mobile,AR1 (ARCEP),2025T1,trimestriel,moov,Moov Africa (Atlantique Telecom),2G,603589.0,abonnés,publie,principal,,A,,publication 2026T1
abonnes_data_mobile,AR1 (ARCEP),2025T2,trimestriel,moov,Moov Africa (Atlantique Telecom),2G,595573.0,abonnés,publie,principal,,A,,publication 2026T2
abonnes_data_mobile,AR1 (ARCEP),2025T3,trimestriel,moov,Moov Africa (Atlantique Telecom),2G,572702.0,abonnés,publie,principal,,A,,publication 2026T2
abonnes_data_mobile,AR1 (ARCEP),2025T4,trimestriel,moov,Moov Africa (Atlantique Telecom),2G,535821.0,abonnés,publie,principal,,A,,publication 2026T2
abonnes_data_mobile,AR1 (ARCEP),2026T1,trimestriel,moov,Moov Africa (Atlantique Telecom),2G,526944.0,abonnés,publie,principal,,A,,publication 2026T2
abonnes_data_mobile,AR1 (ARCEP),2026T2,trimestriel,moov,Moov Africa (Atlantique Telecom),2G,516120.0,abonnés,publie,principal,,A,,publication 2026T2
abonnes_data_mobile,AR1 (ARCEP),2020,annuel,moov,Moov Africa (Atlantique Telecom),3G,1040934.0,abonnés,valeur_T4,principal,"S6 : reclassement 3G / 4G de Togocel, non documenté ; aucune évolution par technologie calculée à travers",A,,
abonnes_data_mobile,AR1 (ARCEP),2020,annuel,moov,Moov Africa (Atlantique Telecom),3G,969445.25,abonnés,moyenne_4T,sensibilite,"S6 : reclassement 3G / 4G de Togocel, non documenté ; aucune évolution par technologie calculée à travers",A,,
abonnes_data_mobile,AR1 (ARCEP),2021,annuel,moov,Moov Africa (Atlantique Telecom),3G,802978.0,abonnés,valeur_T4,principal,,A,,
abonnes_data_mobile,AR1 (ARCEP),2021,annuel,moov,Moov Africa (Atlantique Telecom),3G,883483.25,abonnés,moyenne_4T,sensibilite,,A,,
abonnes_data_mobile,AR1 (ARCEP),2022,annuel,moov,Moov Africa (Atlantique Telecom),3G,778554.0,abonnés,valeur_T4,principal,,A,,
abonnes_data_mobile,AR1 (ARCEP),2022,annuel,moov,Moov Africa (Atlantique Telecom),3G,792932.25,abonnés,moyenne_4T,sensibilite,,A,,
abonnes_data_mobile,AR1 (ARCEP),2023,annuel,moov,Moov Africa (Atlantique Telecom),3G,695195.0,abonnés,valeur_T4,principal,,A,,
abonnes_data_mobile,AR1 (ARCEP),2023,annuel,moov,Moov Africa (Atlantique Telecom),3G,744026.5,abonnés,moyenne_4T,sensibilite,,A,,
abonnes_data_mobile,AR1 (ARCEP),2024,annuel,moov,Moov Africa (Atlantique Telecom),3G,577812.0,abonnés,valeur_T4,principal,,A,,
abonnes_data_mobile,AR1 (ARCEP),2024,annuel,moov,Moov Africa (Atlantique Telecom),3G,629224.5,abonnés,moyenne_4T,sensibilite,,A,,
abonnes_data_mobile,AR1 (ARCEP),2025,annuel,moov,Moov Africa (Atlantique Telecom),3G,504391.0,abonnés,valeur_T4,principal,,A,,
abonnes_data_mobile,AR1 (ARCEP),2025,annuel,moov,Moov Africa (Atlantique Telecom),3G,534560.5,abonnés,moyenne_4T,sensibilite,,A,,
abonnes_data_mobile,AR1 (ARCEP),2026S1,semestriel,moov,Moov Africa (Atlantique Telecom),3G,470947.5,abonnés,moyenne_trimestres,principal,,A,,année incomplète : T1 et T2 seulement
abonnes_data_mobile,AR1 (ARCEP),2020T1,trimestriel,moov,Moov Africa (Atlantique Telecom),3G,928692.0,abonnés,publie,principal,"S6 : reclassement 3G / 4G de Togocel, non documenté ; aucune évolution par technologie calculée à travers",A,,publication 2021T1
abonnes_data_mobile,AR1 (ARCEP),2020T2,trimestriel,moov,Moov Africa (Atlantique Telecom),3G,937618.0,abonnés,publie,principal,,A,,publication 2021T2
abonnes_data_mobile,AR1 (ARCEP),2020T3,trimestriel,moov,Moov Africa (Atlantique Telecom),3G,970537.0,abonnés,publie,principal,,A,,publication 2021T3
abonnes_data_mobile,AR1 (ARCEP),2020T4,trimestriel,moov,Moov Africa (Atlantique Telecom),3G,1040934.0,abonnés,publie,principal,,A,,publication 2021T3
abonnes_data_mobile,AR1 (ARCEP),2021T1,trimestriel,moov,Moov Africa (Atlantique Telecom),3G,906015.0,abonnés,publie,principal,,A,,publication 2022T1 ; révisée (20.07 %)
abonnes_data_mobile,AR1 (ARCEP),2021T2,trimestriel,moov,Moov Africa (Atlantique Telecom),3G,897480.0,abonnés,publie,principal,,A,,publication 2022T2 ; révisée (9.61 %)
abonnes_data_mobile,AR1 (ARCEP),2021T3,trimestriel,moov,Moov Africa (Atlantique Telecom),3G,927460.0,abonnés,publie,principal,,A,,publication 2022T3 ; révisée (20.84 %)
abonnes_data_mobile,AR1 (ARCEP),2021T4,trimestriel,moov,Moov Africa (Atlantique Telecom),3G,802978.0,abonnés,publie,principal,,A,,publication 2022T4
abonnes_data_mobile,AR1 (ARCEP),2022T1,trimestriel,moov,Moov Africa (Atlantique Telecom),3G,796225.0,abonnés,publie,principal,,A,,publication 2023T1
abonnes_data_mobile,AR1 (ARCEP),2022T2,trimestriel,moov,Moov Africa (Atlantique Telecom),3G,804478.0,abonnés,publie,principal,,A,,publication 2023T2
abonnes_data_mobile,AR1 (ARCEP),2022T3,trimestriel,moov,Moov Africa (Atlantique Telecom),3G,792472.0,abonnés,publie,principal,,A,,publication 2023T2
abonnes_data_mobile,AR1 (ARCEP),2022T4,trimestriel,moov,Moov Africa (Atlantique Telecom),3G,778554.0,abonnés,publie,principal,,A,,publication 2023T2
abonnes_data_mobile,AR1 (ARCEP),2023T1,trimestriel,moov,Moov Africa (Atlantique Telecom),3G,772717.0,abonnés,publie,principal,,A,,publication 2024T1
abonnes_data_mobile,AR1 (ARCEP),2023T2,trimestriel,moov,Moov Africa (Atlantique Telecom),3G,766745.0,abonnés,publie,principal,,A,,publication 2024T2
abonnes_data_mobile,AR1 (ARCEP),2023T3,trimestriel,moov,Moov Africa (Atlantique Telecom),3G,741449.0,abonnés,publie,principal,,A,,publication 2024T3
abonnes_data_mobile,AR1 (ARCEP),2023T4,trimestriel,moov,Moov Africa (Atlantique Telecom),3G,695195.0,abonnés,publie,principal,,A,,publication 2024T4
abonnes_data_mobile,AR1 (ARCEP),2024T1,trimestriel,moov,Moov Africa (Atlantique Telecom),3G,686825.0,abonnés,publie,principal,,A,,publication 2025T1
abonnes_data_mobile,AR1 (ARCEP),2024T2,trimestriel,moov,Moov Africa (Atlantique Telecom),3G,640269.0,abonnés,publie,principal,,A,,publication 2025T2
abonnes_data_mobile,AR1 (ARCEP),2024T3,trimestriel,moov,Moov Africa (Atlantique Telecom),3G,611992.0,abonnés,publie,principal,,A,,publication 2025T3
abonnes_data_mobile,AR1 (ARCEP),2024T4,trimestriel,moov,Moov Africa (Atlantique Telecom),3G,577812.0,abonnés,publie,principal,,A,,publication 2025T4
abonnes_data_mobile,AR1 (ARCEP),2025T1,trimestriel,moov,Moov Africa (Atlantique Telecom),3G,558275.0,abonnés,publie,principal,,A,,publication 2026T1
abonnes_data_mobile,AR1 (ARCEP),2025T2,trimestriel,moov,Moov Africa (Atlantique Telecom),3G,545217.0,abonnés,publie,principal,,A,,publication 2026T2
abonnes_data_mobile,AR1 (ARCEP),2025T3,trimestriel,moov,Moov Africa (Atlantique Telecom),3G,530359.0,abonnés,publie,principal,,A,,publication 2026T2
abonnes_data_mobile,AR1 (ARCEP),2025T4,trimestriel,moov,Moov Africa (Atlantique Telecom),3G,504391.0,abonnés,publie,principal,,A,,publication 2026T2
abonnes_data_mobile,AR1 (ARCEP),2026T1,trimestriel,moov,Moov Africa (Atlantique Telecom),3G,478266.0,abonnés,publie,principal,,A,,publication 2026T2
abonnes_data_mobile,AR1 (ARCEP),2026T2,trimestriel,moov,Moov Africa (Atlantique Telecom),3G,463629.0,abonnés,publie,principal,,A,,publication 2026T2
abonnes_data_mobile,"D2 (INSEED, opendata)",2013,annuel,moov,Moov Africa (Atlantique Telecom),3G+4G,0.0,abonnés,publie,principal,,A,,4G de Moov non distinguée jusqu'en 2019
abonnes_data_mobile,"D2 (INSEED, opendata)",2014,annuel,moov,Moov Africa (Atlantique Telecom),3G+4G,0.0,abonnés,publie,principal,,A,,4G de Moov non distinguée jusqu'en 2019
abonnes_data_mobile,"D2 (INSEED, opendata)",2015,annuel,moov,Moov Africa (Atlantique Telecom),3G+4G,0.0,abonnés,publie,principal,,A,,4G de Moov non distinguée jusqu'en 2019
abonnes_data_mobile,"D2 (INSEED, opendata)",2016,annuel,moov,Moov Africa (Atlantique Telecom),3G+4G,294508.0,abonnés,publie,principal,,A,,4G de Moov non distinguée jusqu'en 2019
abonnes_data_mobile,"D2 (INSEED, opendata)",2017,annuel,moov,Moov Africa (Atlantique Telecom),3G+4G,405037.0,abonnés,publie,principal,,A,,4G de Moov non distinguée jusqu'en 2019
abonnes_data_mobile,AR1 (ARCEP),2018,annuel,moov,Moov Africa (Atlantique Telecom),3G+4G,467873.0,abonnés,valeur_T4,principal,3G et 4G de Moov réunies jusqu'au T4 2019,A,,
abonnes_data_mobile,AR1 (ARCEP),2018,annuel,moov,Moov Africa (Atlantique Telecom),3G+4G,454921.75,abonnés,moyenne_4T,sensibilite,3G et 4G de Moov réunies jusqu'au T4 2019,A,,
abonnes_data_mobile,AR1 (ARCEP),2019,annuel,moov,Moov Africa (Atlantique Telecom),3G+4G,633580.0,abonnés,valeur_T4,principal,3G et 4G de Moov réunies jusqu'au T4 2019,A,,
abonnes_data_mobile,AR1 (ARCEP),2019,annuel,moov,Moov Africa (Atlantique Telecom),3G+4G,566899.75,abonnés,moyenne_4T,sensibilite,3G et 4G de Moov réunies jusqu'au T4 2019,A,,
abonnes_data_mobile,AR1 (ARCEP),2017T1,trimestriel,moov,Moov Africa (Atlantique Telecom),3G+4G,323105.0,abonnés,publie,principal,3G et 4G de Moov réunies jusqu'au T4 2019,A,,publication 2018T1
abonnes_data_mobile,AR1 (ARCEP),2017T2,trimestriel,moov,Moov Africa (Atlantique Telecom),3G+4G,339622.0,abonnés,publie,principal,3G et 4G de Moov réunies jusqu'au T4 2019,A,,publication 2018T2
abonnes_data_mobile,AR1 (ARCEP),2017T3,trimestriel,moov,Moov Africa (Atlantique Telecom),3G+4G,466942.0,abonnés,publie,principal,3G et 4G de Moov réunies jusqu'au T4 2019,A,,publication 2018T2
abonnes_data_mobile,AR1 (ARCEP),2017T4,trimestriel,moov,Moov Africa (Atlantique Telecom),3G+4G,404251.0,abonnés,publie,principal,3G et 4G de Moov réunies jusqu'au T4 2019,A,,publication 2018T4
abonnes_data_mobile,AR1 (ARCEP),2018T1,trimestriel,moov,Moov Africa (Atlantique Telecom),3G+4G,429912.0,abonnés,publie,principal,3G et 4G de Moov réunies jusqu'au T4 2019,A,,publication 2019T1
abonnes_data_mobile,AR1 (ARCEP),2018T2,trimestriel,moov,Moov Africa (Atlantique Telecom),3G+4G,441440.0,abonnés,publie,principal,3G et 4G de Moov réunies jusqu'au T4 2019,A,,publication 2019T2
abonnes_data_mobile,AR1 (ARCEP),2018T3,trimestriel,moov,Moov Africa (Atlantique Telecom),3G+4G,480462.0,abonnés,publie,principal,3G et 4G de Moov réunies jusqu'au T4 2019,A,,publication 2019T3
abonnes_data_mobile,AR1 (ARCEP),2018T4,trimestriel,moov,Moov Africa (Atlantique Telecom),3G+4G,467873.0,abonnés,publie,principal,3G et 4G de Moov réunies jusqu'au T4 2019,A,,publication 2019T4
abonnes_data_mobile,AR1 (ARCEP),2019T1,trimestriel,moov,Moov Africa (Atlantique Telecom),3G+4G,481960.0,abonnés,publie,principal,3G et 4G de Moov réunies jusqu'au T4 2019,A,,publication 2020T1
abonnes_data_mobile,AR1 (ARCEP),2019T2,trimestriel,moov,Moov Africa (Atlantique Telecom),3G+4G,534003.0,abonnés,publie,principal,3G et 4G de Moov réunies jusqu'au T4 2019,A,,publication 2020T2
abonnes_data_mobile,AR1 (ARCEP),2019T3,trimestriel,moov,Moov Africa (Atlantique Telecom),3G+4G,618056.0,abonnés,publie,principal,3G et 4G de Moov réunies jusqu'au T4 2019,A,,publication 2020T3
abonnes_data_mobile,AR1 (ARCEP),2019T4,trimestriel,moov,Moov Africa (Atlantique Telecom),3G+4G,633580.0,abonnés,publie,principal,3G et 4G de Moov réunies jusqu'au T4 2019,A,,publication 2020T4
abonnes_data_mobile,"D2 (INSEED, opendata)",2013,annuel,moov,Moov Africa (Atlantique Telecom),4G,0.0,abonnés,publie,principal,,A,,
abonnes_data_mobile,"D2 (INSEED, opendata)",2014,annuel,moov,Moov Africa (Atlantique Telecom),4G,0.0,abonnés,publie,principal,,A,,
abonnes_data_mobile,"D2 (INSEED, opendata)",2015,annuel,moov,Moov Africa (Atlantique Telecom),4G,0.0,abonnés,publie,principal,,A,,
abonnes_data_mobile,"D2 (INSEED, opendata)",2016,annuel,moov,Moov Africa (Atlantique Telecom),4G,0.0,abonnés,publie,principal,,A,,
abonnes_data_mobile,"D2 (INSEED, opendata)",2017,annuel,moov,Moov Africa (Atlantique Telecom),4G,0.0,abonnés,publie,principal,,A,,
abonnes_data_mobile,AR1 (ARCEP),2020,annuel,moov,Moov Africa (Atlantique Telecom),4G,134053.0,abonnés,valeur_T4,principal,"S6 : reclassement 3G / 4G de Togocel, non documenté ; aucune évolution par technologie calculée à travers",A,,
abonnes_data_mobile,AR1 (ARCEP),2020,annuel,moov,Moov Africa (Atlantique Telecom),4G,117589.25,abonnés,moyenne_4T,sensibilite,"S6 : reclassement 3G / 4G de Togocel, non documenté ; aucune évolution par technologie calculée à travers",A,,
abonnes_data_mobile,AR1 (ARCEP),2021,annuel,moov,Moov Africa (Atlantique Telecom),4G,323370.0,abonnés,valeur_T4,principal,,A,,
abonnes_data_mobile,AR1 (ARCEP),2021,annuel,moov,Moov Africa (Atlantique Telecom),4G,175530.5,abonnés,moyenne_4T,sensibilite,,A,,
abonnes_data_mobile,AR1 (ARCEP),2022,annuel,moov,Moov Africa (Atlantique Telecom),4G,492800.0,abonnés,valeur_T4,principal,,A,,
abonnes_data_mobile,AR1 (ARCEP),2022,annuel,moov,Moov Africa (Atlantique Telecom),4G,409649.25,abonnés,moyenne_4T,sensibilite,,A,,
abonnes_data_mobile,AR1 (ARCEP),2023,annuel,moov,Moov Africa (Atlantique Telecom),4G,680171.0,abonnés,valeur_T4,principal,,A,,
abonnes_data_mobile,AR1 (ARCEP),2023,annuel,moov,Moov Africa (Atlantique Telecom),4G,621654.75,abonnés,moyenne_4T,sensibilite,,A,,
abonnes_data_mobile,AR1 (ARCEP),2024,annuel,moov,Moov Africa (Atlantique Telecom),4G,922905.0,abonnés,valeur_T4,principal,,A,,
abonnes_data_mobile,AR1 (ARCEP),2024,annuel,moov,Moov Africa (Atlantique Telecom),4G,839360.25,abonnés,moyenne_4T,sensibilite,,A,,
abonnes_data_mobile,AR1 (ARCEP),2025,annuel,moov,Moov Africa (Atlantique Telecom),4G,1215948.0,abonnés,valeur_T4,principal,,A,,
abonnes_data_mobile,AR1 (ARCEP),2025,annuel,moov,Moov Africa (Atlantique Telecom),4G,1098367.75,abonnés,moyenne_4T,sensibilite,,A,,
abonnes_data_mobile,AR1 (ARCEP),2026S1,semestriel,moov,Moov Africa (Atlantique Telecom),4G,1471048.0,abonnés,moyenne_trimestres,principal,,A,,année incomplète : T1 et T2 seulement
abonnes_data_mobile,AR1 (ARCEP),2020T1,trimestriel,moov,Moov Africa (Atlantique Telecom),4G,99013.0,abonnés,publie,principal,"S6 : reclassement 3G / 4G de Togocel, non documenté ; aucune évolution par technologie calculée à travers",A,,publication 2021T1
abonnes_data_mobile,AR1 (ARCEP),2020T2,trimestriel,moov,Moov Africa (Atlantique Telecom),4G,110203.0,abonnés,publie,principal,,A,,publication 2021T2
abonnes_data_mobile,AR1 (ARCEP),2020T3,trimestriel,moov,Moov Africa (Atlantique Telecom),4G,127088.0,abonnés,publie,principal,,A,,publication 2021T3
abonnes_data_mobile,AR1 (ARCEP),2020T4,trimestriel,moov,Moov Africa (Atlantique Telecom),4G,134053.0,abonnés,publie,principal,,A,,publication 2021T3
abonnes_data_mobile,AR1 (ARCEP),2021T1,trimestriel,moov,Moov Africa (Atlantique Telecom),4G,115338.0,abonnés,publie,principal,,A,,publication 2022T1 ; révisée (29.89 %)
abonnes_data_mobile,AR1 (ARCEP),2021T2,trimestriel,moov,Moov Africa (Atlantique Telecom),4G,125426.0,abonnés,publie,principal,,A,,publication 2022T2 ; révisée (15.16 %)
abonnes_data_mobile,AR1 (ARCEP),2021T3,trimestriel,moov,Moov Africa (Atlantique Telecom),4G,137988.0,abonnés,publie,principal,,A,,publication 2022T3 ; révisée (26.41 %)
abonnes_data_mobile,AR1 (ARCEP),2021T4,trimestriel,moov,Moov Africa (Atlantique Telecom),4G,323370.0,abonnés,publie,principal,,A,,publication 2022T4
abonnes_data_mobile,AR1 (ARCEP),2022T1,trimestriel,moov,Moov Africa (Atlantique Telecom),4G,338737.0,abonnés,publie,principal,,A,,publication 2023T1
abonnes_data_mobile,AR1 (ARCEP),2022T2,trimestriel,moov,Moov Africa (Atlantique Telecom),4G,367520.0,abonnés,publie,principal,,A,,publication 2023T2
abonnes_data_mobile,AR1 (ARCEP),2022T3,trimestriel,moov,Moov Africa (Atlantique Telecom),4G,439540.0,abonnés,publie,principal,,A,,publication 2023T2
abonnes_data_mobile,AR1 (ARCEP),2022T4,trimestriel,moov,Moov Africa (Atlantique Telecom),4G,492800.0,abonnés,publie,principal,,A,,publication 2023T2
abonnes_data_mobile,AR1 (ARCEP),2023T1,trimestriel,moov,Moov Africa (Atlantique Telecom),4G,548971.0,abonnés,publie,principal,,A,,publication 2024T1
abonnes_data_mobile,AR1 (ARCEP),2023T2,trimestriel,moov,Moov Africa (Atlantique Telecom),4G,595275.0,abonnés,publie,principal,,A,,publication 2024T2
abonnes_data_mobile,AR1 (ARCEP),2023T3,trimestriel,moov,Moov Africa (Atlantique Telecom),4G,662202.0,abonnés,publie,principal,,A,,publication 2024T3
abonnes_data_mobile,AR1 (ARCEP),2023T4,trimestriel,moov,Moov Africa (Atlantique Telecom),4G,680171.0,abonnés,publie,principal,,A,,publication 2024T4
abonnes_data_mobile,AR1 (ARCEP),2024T1,trimestriel,moov,Moov Africa (Atlantique Telecom),4G,769918.0,abonnés,publie,principal,,A,,publication 2025T1
abonnes_data_mobile,AR1 (ARCEP),2024T2,trimestriel,moov,Moov Africa (Atlantique Telecom),4G,792741.0,abonnés,publie,principal,,A,,publication 2025T2
abonnes_data_mobile,AR1 (ARCEP),2024T3,trimestriel,moov,Moov Africa (Atlantique Telecom),4G,871877.0,abonnés,publie,principal,,A,,publication 2025T3
abonnes_data_mobile,AR1 (ARCEP),2024T4,trimestriel,moov,Moov Africa (Atlantique Telecom),4G,922905.0,abonnés,publie,principal,,A,,publication 2025T4
abonnes_data_mobile,AR1 (ARCEP),2025T1,trimestriel,moov,Moov Africa (Atlantique Telecom),4G,984781.0,abonnés,publie,principal,,A,,publication 2026T1
abonnes_data_mobile,AR1 (ARCEP),2025T2,trimestriel,moov,Moov Africa (Atlantique Telecom),4G,1047789.0,abonnés,publie,principal,,A,,publication 2026T2
abonnes_data_mobile,AR1 (ARCEP),2025T3,trimestriel,moov,Moov Africa (Atlantique Telecom),4G,1144953.0,abonnés,publie,principal,,A,,publication 2026T2
abonnes_data_mobile,AR1 (ARCEP),2025T4,trimestriel,moov,Moov Africa (Atlantique Telecom),4G,1215948.0,abonnés,publie,principal,,A,,publication 2026T2
abonnes_data_mobile,AR1 (ARCEP),2026T1,trimestriel,moov,Moov Africa (Atlantique Telecom),4G,1439578.0,abonnés,publie,principal,,A,,publication 2026T2
abonnes_data_mobile,AR1 (ARCEP),2026T2,trimestriel,moov,Moov Africa (Atlantique Telecom),4G,1502518.0,abonnés,publie,principal,,A,,publication 2026T2
abonnes_data_mobile,"2b (INSEED, opendata)",2010,annuel,moov,Moov Africa (Atlantique Telecom),total,33601.0,abonnés,publie,principal,,A,,"raccord P4 : 2b jusqu'en 2017, AR1 ensuite"
abonnes_data_mobile,"2b (INSEED, opendata)",2011,annuel,moov,Moov Africa (Atlantique Telecom),total,62500.0,abonnés,publie,principal,,A,,"raccord P4 : 2b jusqu'en 2017, AR1 ensuite"
abonnes_data_mobile,"2b (INSEED, opendata)",2012,annuel,moov,Moov Africa (Atlantique Telecom),total,75015.0,abonnés,publie,principal,,A,,"raccord P4 : 2b jusqu'en 2017, AR1 ensuite"
abonnes_data_mobile,"2b (INSEED, opendata)",2013,annuel,moov,Moov Africa (Atlantique Telecom),total,109824.0,abonnés,publie,principal,,A,,"raccord P4 : 2b jusqu'en 2017, AR1 ensuite"
abonnes_data_mobile,"2b (INSEED, opendata)",2014,annuel,moov,Moov Africa (Atlantique Telecom),total,284926.0,abonnés,publie,principal,,A,,"raccord P4 : 2b jusqu'en 2017, AR1 ensuite"
abonnes_data_mobile,"2b (INSEED, opendata)",2015,annuel,moov,Moov Africa (Atlantique Telecom),total,381711.0,abonnés,publie,principal,,A,,"raccord P4 : 2b jusqu'en 2017, AR1 ensuite"
abonnes_data_mobile,"2b (INSEED, opendata)",2016,annuel,moov,Moov Africa (Atlantique Telecom),total,363123.0,abonnés,publie,principal,,A,,"raccord P4 : 2b jusqu'en 2017, AR1 ensuite"
abonnes_data_mobile,"2b (INSEED, opendata)",2017,annuel,moov,Moov Africa (Atlantique Telecom),total,982417.0,abonnés,publie,principal,,A,,"raccord P4 : 2b jusqu'en 2017, AR1 ensuite"
abonnes_data_mobile,AR1 (ARCEP),2018,annuel,moov,Moov Africa (Atlantique Telecom),total,1574157.0,abonnés,valeur_T4,principal,,A,,
abonnes_data_mobile,AR1 (ARCEP),2018,annuel,moov,Moov Africa (Atlantique Telecom),total,1330964.0,abonnés,moyenne_4T,sensibilite,,A,,
abonnes_data_mobile,"2b (INSEED, opendata)",2018,annuel,moov,Moov Africa (Atlantique Telecom),total,1574157.0,abonnés,publie,controle,,A,,non retenu après 2017 (P4)
abonnes_data_mobile,AR1 (ARCEP),2019,annuel,moov,Moov Africa (Atlantique Telecom),total,1962052.0,abonnés,valeur_T4,principal,,A,,
abonnes_data_mobile,AR1 (ARCEP),2019,annuel,moov,Moov Africa (Atlantique Telecom),total,1857002.0,abonnés,moyenne_4T,sensibilite,,A,,
abonnes_data_mobile,"2b (INSEED, opendata)",2019,annuel,moov,Moov Africa (Atlantique Telecom),total,1962052.0,abonnés,publie,controle,,A,,non retenu après 2017 (P4) ; valeur 2019 écartée
abonnes_data_mobile,AR1 (ARCEP),2020,annuel,moov,Moov Africa (Atlantique Telecom),total,2986491.0,abonnés,valeur_T4,principal,"S6 : reclassement 3G / 4G de Togocel, non documenté ; aucune évolution par technologie calculée à travers",A,,
abonnes_data_mobile,AR1 (ARCEP),2020,annuel,moov,Moov Africa (Atlantique Telecom),total,2916050.0,abonnés,moyenne_4T,sensibilite,"S6 : reclassement 3G / 4G de Togocel, non documenté ; aucune évolution par technologie calculée à travers",A,,
abonnes_data_mobile,"2b (INSEED, opendata)",2020,annuel,moov,Moov Africa (Atlantique Telecom),total,2986491.0,abonnés,publie,controle,,A,,non retenu après 2017 (P4)
abonnes_data_mobile,AR1 (ARCEP),2021,annuel,moov,Moov Africa (Atlantique Telecom),total,1941693.0,abonnés,valeur_T4,principal,,A,,
abonnes_data_mobile,AR1 (ARCEP),2021,annuel,moov,Moov Africa (Atlantique Telecom),total,1998080.75,abonnés,moyenne_4T,sensibilite,,A,,
abonnes_data_mobile,"2b (INSEED, opendata)",2021,annuel,moov,Moov Africa (Atlantique Telecom),total,1941693.0,abonnés,publie,controle,,A,,non retenu après 2017 (P4)
abonnes_data_mobile,AR1 (ARCEP),2022,annuel,moov,Moov Africa (Atlantique Telecom),total,1934633.0,abonnés,valeur_T4,principal,,A,,
abonnes_data_mobile,AR1 (ARCEP),2022,annuel,moov,Moov Africa (Atlantique Telecom),total,1943051.0,abonnés,moyenne_4T,sensibilite,,A,,
abonnes_data_mobile,"2b (INSEED, opendata)",2022,annuel,moov,Moov Africa (Atlantique Telecom),total,1934633.0,abonnés,publie,controle,,A,,non retenu après 2017 (P4)
abonnes_data_mobile,AR1 (ARCEP),2023,annuel,moov,Moov Africa (Atlantique Telecom),total,1949725.0,abonnés,valeur_T4,principal,,A,,
abonnes_data_mobile,AR1 (ARCEP),2023,annuel,moov,Moov Africa (Atlantique Telecom),total,2017207.25,abonnés,moyenne_4T,sensibilite,,A,,
abonnes_data_mobile,AR1 (ARCEP),2024,annuel,moov,Moov Africa (Atlantique Telecom),total,2110792.0,abonnés,valeur_T4,principal,,A,,
abonnes_data_mobile,AR1 (ARCEP),2024,annuel,moov,Moov Africa (Atlantique Telecom),total,2100220.0,abonnés,moyenne_4T,sensibilite,,A,,
abonnes_data_mobile,AR1 (ARCEP),2025,annuel,moov,Moov Africa (Atlantique Telecom),total,2256160.0,abonnés,valeur_T4,principal,,A,,
abonnes_data_mobile,AR1 (ARCEP),2025,annuel,moov,Moov Africa (Atlantique Telecom),total,2209849.5,abonnés,moyenne_4T,sensibilite,,A,,
abonnes_data_mobile,AR1 (ARCEP),2026S1,semestriel,moov,Moov Africa (Atlantique Telecom),total,2463527.5,abonnés,moyenne_trimestres,principal,,A,,année incomplète : T1 et T2 seulement
abonnes_data_mobile,AR1 (ARCEP),2017T4,trimestriel,moov,Moov Africa (Atlantique Telecom),total,981631.0,abonnés,publie,principal,,A,,publication 2018T4
abonnes_data_mobile,AR1 (ARCEP),2018T1,trimestriel,moov,Moov Africa (Atlantique Telecom),total,1104119.0,abonnés,publie,principal,,A,,publication 2019T1
abonnes_data_mobile,AR1 (ARCEP),2018T2,trimestriel,moov,Moov Africa (Atlantique Telecom),total,1198055.0,abonnés,publie,principal,,A,,publication 2019T2
abonnes_data_mobile,AR1 (ARCEP),2018T3,trimestriel,moov,Moov Africa (Atlantique Telecom),total,1447525.0,abonnés,publie,principal,,A,,publication 2019T3
abonnes_data_mobile,AR1 (ARCEP),2018T4,trimestriel,moov,Moov Africa (Atlantique Telecom),total,1574157.0,abonnés,publie,principal,,A,,publication 2019T4
abonnes_data_mobile,AR1 (ARCEP),2019T1,trimestriel,moov,Moov Africa (Atlantique Telecom),total,1714980.0,abonnés,publie,principal,,A,,publication 2020T1
abonnes_data_mobile,AR1 (ARCEP),2019T2,trimestriel,moov,Moov Africa (Atlantique Telecom),total,1814501.0,abonnés,publie,principal,,A,,publication 2020T2
abonnes_data_mobile,AR1 (ARCEP),2019T3,trimestriel,moov,Moov Africa (Atlantique Telecom),total,1936475.0,abonnés,publie,principal,,A,,publication 2020T3
abonnes_data_mobile,AR1 (ARCEP),2019T4,trimestriel,moov,Moov Africa (Atlantique Telecom),total,1962052.0,abonnés,publie,principal,,A,,publication 2020T4
abonnes_data_mobile,AR1 (ARCEP),2020T1,trimestriel,moov,Moov Africa (Atlantique Telecom),total,2893263.0,abonnés,publie,principal,"S6 : reclassement 3G / 4G de Togocel, non documenté ; aucune évolution par technologie calculée à travers",A,,publication 2021T1
abonnes_data_mobile,AR1 (ARCEP),2020T2,trimestriel,moov,Moov Africa (Atlantique Telecom),total,2875900.0,abonnés,publie,principal,,A,,publication 2021T2
abonnes_data_mobile,AR1 (ARCEP),2020T3,trimestriel,moov,Moov Africa (Atlantique Telecom),total,2908546.0,abonnés,publie,principal,,A,,publication 2021T3
abonnes_data_mobile,AR1 (ARCEP),2020T4,trimestriel,moov,Moov Africa (Atlantique Telecom),total,2986491.0,abonnés,publie,principal,,A,,publication 2021T3
abonnes_data_mobile,AR1 (ARCEP),2021T1,trimestriel,moov,Moov Africa (Atlantique Telecom),total,2068185.0,abonnés,publie,principal,,A,,publication 2022T1 ; révisée (47.16 %)
abonnes_data_mobile,AR1 (ARCEP),2021T2,trimestriel,moov,Moov Africa (Atlantique Telecom),total,2022567.0,abonnés,publie,principal,,A,,publication 2022T2 ; révisée (34.68 %)
abonnes_data_mobile,AR1 (ARCEP),2021T3,trimestriel,moov,Moov Africa (Atlantique Telecom),total,1959878.0,abonnés,publie,principal,,A,,publication 2022T3 ; révisée (54.65 %)
abonnes_data_mobile,AR1 (ARCEP),2021T4,trimestriel,moov,Moov Africa (Atlantique Telecom),total,1941693.0,abonnés,publie,principal,,A,,publication 2022T4
abonnes_data_mobile,AR1 (ARCEP),2022T1,trimestriel,moov,Moov Africa (Atlantique Telecom),total,1917477.0,abonnés,publie,principal,,A,,publication 2023T1
abonnes_data_mobile,AR1 (ARCEP),2022T2,trimestriel,moov,Moov Africa (Atlantique Telecom),total,1968361.0,abonnés,publie,principal,,A,,publication 2023T2
abonnes_data_mobile,AR1 (ARCEP),2022T3,trimestriel,moov,Moov Africa (Atlantique Telecom),total,1951733.0,abonnés,publie,principal,,A,,publication 2023T2
abonnes_data_mobile,AR1 (ARCEP),2022T4,trimestriel,moov,Moov Africa (Atlantique Telecom),total,1934633.0,abonnés,publie,principal,,A,,publication 2023T2
abonnes_data_mobile,AR1 (ARCEP),2023T1,trimestriel,moov,Moov Africa (Atlantique Telecom),total,1991658.0,abonnés,publie,principal,,A,,publication 2024T1
abonnes_data_mobile,AR1 (ARCEP),2023T2,trimestriel,moov,Moov Africa (Atlantique Telecom),total,2085733.0,abonnés,publie,principal,,A,,publication 2024T2
abonnes_data_mobile,AR1 (ARCEP),2023T3,trimestriel,moov,Moov Africa (Atlantique Telecom),total,2041713.0,abonnés,publie,principal,,A,,publication 2024T3
abonnes_data_mobile,AR1 (ARCEP),2023T4,trimestriel,moov,Moov Africa (Atlantique Telecom),total,1949725.0,abonnés,publie,principal,,A,,publication 2024T4
abonnes_data_mobile,AR1 (ARCEP),2024T1,trimestriel,moov,Moov Africa (Atlantique Telecom),total,2088616.0,abonnés,publie,principal,,A,,publication 2025T1
abonnes_data_mobile,AR1 (ARCEP),2024T2,trimestriel,moov,Moov Africa (Atlantique Telecom),total,2081608.0,abonnés,publie,principal,,A,,publication 2025T2
abonnes_data_mobile,AR1 (ARCEP),2024T3,trimestriel,moov,Moov Africa (Atlantique Telecom),total,2119864.0,abonnés,publie,principal,,A,,publication 2025T3
abonnes_data_mobile,AR1 (ARCEP),2024T4,trimestriel,moov,Moov Africa (Atlantique Telecom),total,2110792.0,abonnés,publie,principal,,A,,publication 2025T4
abonnes_data_mobile,AR1 (ARCEP),2025T1,trimestriel,moov,Moov Africa (Atlantique Telecom),total,2146645.0,abonnés,publie,principal,,A,,publication 2026T1
abonnes_data_mobile,AR1 (ARCEP),2025T2,trimestriel,moov,Moov Africa (Atlantique Telecom),total,2188579.0,abonnés,publie,principal,,A,,publication 2026T2
abonnes_data_mobile,AR1 (ARCEP),2025T3,trimestriel,moov,Moov Africa (Atlantique Telecom),total,2248014.0,abonnés,publie,principal,,A,,publication 2026T2
abonnes_data_mobile,AR1 (ARCEP),2025T4,trimestriel,moov,Moov Africa (Atlantique Telecom),total,2256160.0,abonnés,publie,principal,,A,,publication 2026T2
abonnes_data_mobile,AR1 (ARCEP),2026T1,trimestriel,moov,Moov Africa (Atlantique Telecom),total,2444788.0,abonnés,publie,principal,,A,,publication 2026T2
abonnes_data_mobile,AR1 (ARCEP),2026T2,trimestriel,moov,Moov Africa (Atlantique Telecom),total,2482267.0,abonnés,publie,principal,,A,,publication 2026T2
abonnes_data_mobile,"D2 (INSEED, opendata)",2013,annuel,togocom,Togocom (Togo Cellulaire),2G,39594.0,abonnés,publie,principal,,A,,
abonnes_data_mobile,"D2 (INSEED, opendata)",2014,annuel,togocom,Togocom (Togo Cellulaire),2G,31610.0,abonnés,publie,principal,,A,,
abonnes_data_mobile,"D2 (INSEED, opendata)",2015,annuel,togocom,Togocom (Togo Cellulaire),2G,23096.0,abonnés,publie,principal,,A,,
abonnes_data_mobile,"D2 (INSEED, opendata)",2016,annuel,togocom,Togocom (Togo Cellulaire),2G,15350.0,abonnés,publie,principal,,A,,
abonnes_data_mobile,"D2 (INSEED, opendata)",2017,annuel,togocom,Togocom (Togo Cellulaire),2G,12011.0,abonnés,publie,principal,,A,,
abonnes_data_mobile,AR1 (ARCEP),2018,annuel,togocom,Togocom (Togo Cellulaire),2G,29489.0,abonnés,valeur_T4,principal,,A,,
abonnes_data_mobile,AR1 (ARCEP),2018,annuel,togocom,Togocom (Togo Cellulaire),2G,20808.75,abonnés,moyenne_4T,sensibilite,,A,,
abonnes_data_mobile,AR1 (ARCEP),2019,annuel,togocom,Togocom (Togo Cellulaire),2G,20494.0,abonnés,valeur_T4,principal,,A,,
abonnes_data_mobile,AR1 (ARCEP),2019,annuel,togocom,Togocom (Togo Cellulaire),2G,22478.5,abonnés,moyenne_4T,sensibilite,,A,,
abonnes_data_mobile,AR1 (ARCEP),2020,annuel,togocom,Togocom (Togo Cellulaire),2G,983.0,abonnés,valeur_T4,principal,"S6 : reclassement 3G / 4G de Togocel, non documenté ; aucune évolution par technologie calculée à travers",A,,
abonnes_data_mobile,AR1 (ARCEP),2020,annuel,togocom,Togocom (Togo Cellulaire),2G,659.75,abonnés,moyenne_4T,sensibilite,"S6 : reclassement 3G / 4G de Togocel, non documenté ; aucune évolution par technologie calculée à travers",A,,
abonnes_data_mobile,AR1 (ARCEP),2021,annuel,togocom,Togocom (Togo Cellulaire),2G,874563.0,abonnés,valeur_T4,principal,,A,,
abonnes_data_mobile,AR1 (ARCEP),2021,annuel,togocom,Togocom (Togo Cellulaire),2G,867854.25,abonnés,moyenne_4T,sensibilite,,A,,
abonnes_data_mobile,AR1 (ARCEP),2022,annuel,togocom,Togocom (Togo Cellulaire),2G,844580.0,abonnés,valeur_T4,principal,,A,,
abonnes_data_mobile,AR1 (ARCEP),2022,annuel,togocom,Togocom (Togo Cellulaire),2G,853570.0,abonnés,moyenne_4T,sensibilite,,A,,
abonnes_data_mobile,AR1 (ARCEP),2023,annuel,togocom,Togocom (Togo Cellulaire),2G,839168.0,abonnés,valeur_T4,principal,,A,,
abonnes_data_mobile,AR1 (ARCEP),2023,annuel,togocom,Togocom (Togo Cellulaire),2G,750990.5,abonnés,moyenne_4T,sensibilite,,A,,
abonnes_data_mobile,AR1 (ARCEP),2024,annuel,togocom,Togocom (Togo Cellulaire),2G,703975.0,abonnés,valeur_T4,principal,,A,,
abonnes_data_mobile,AR1 (ARCEP),2024,annuel,togocom,Togocom (Togo Cellulaire),2G,819733.25,abonnés,moyenne_4T,sensibilite,,A,,
abonnes_data_mobile,AR1 (ARCEP),2025,annuel,togocom,Togocom (Togo Cellulaire),2G,653587.0,abonnés,valeur_T4,principal,,A,,
abonnes_data_mobile,AR1 (ARCEP),2025,annuel,togocom,Togocom (Togo Cellulaire),2G,731371.5,abonnés,moyenne_4T,sensibilite,,A,,
abonnes_data_mobile,AR1 (ARCEP),2026S1,semestriel,togocom,Togocom (Togo Cellulaire),2G,709871.0,abonnés,moyenne_trimestres,principal,,A,,année incomplète : T1 et T2 seulement
abonnes_data_mobile,AR1 (ARCEP),2017T1,trimestriel,togocom,Togocom (Togo Cellulaire),2G,14538.0,abonnés,publie,principal,,A,,publication 2018T1
abonnes_data_mobile,AR1 (ARCEP),2017T2,trimestriel,togocom,Togocom (Togo Cellulaire),2G,13549.0,abonnés,publie,principal,,A,,publication 2018T2
abonnes_data_mobile,AR1 (ARCEP),2017T3,trimestriel,togocom,Togocom (Togo Cellulaire),2G,12962.0,abonnés,publie,principal,,A,,publication 2018T3
abonnes_data_mobile,AR1 (ARCEP),2017T4,trimestriel,togocom,Togocom (Togo Cellulaire),2G,12011.0,abonnés,publie,principal,,A,,publication 2018T4
abonnes_data_mobile,AR1 (ARCEP),2018T1,trimestriel,togocom,Togocom (Togo Cellulaire),2G,11838.0,abonnés,publie,principal,,A,,publication 2019T1
abonnes_data_mobile,AR1 (ARCEP),2018T2,trimestriel,togocom,Togocom (Togo Cellulaire),2G,12334.0,abonnés,publie,principal,,A,,publication 2019T2
abonnes_data_mobile,AR1 (ARCEP),2018T3,trimestriel,togocom,Togocom (Togo Cellulaire),2G,29574.0,abonnés,publie,principal,,A,,publication 2019T3
abonnes_data_mobile,AR1 (ARCEP),2018T4,trimestriel,togocom,Togocom (Togo Cellulaire),2G,29489.0,abonnés,publie,principal,,A,,publication 2019T4
abonnes_data_mobile,AR1 (ARCEP),2019T1,trimestriel,togocom,Togocom (Togo Cellulaire),2G,27375.0,abonnés,publie,principal,,A,,publication 2020T1
abonnes_data_mobile,AR1 (ARCEP),2019T2,trimestriel,togocom,Togocom (Togo Cellulaire),2G,21454.0,abonnés,publie,principal,,A,,publication 2020T2
abonnes_data_mobile,AR1 (ARCEP),2019T3,trimestriel,togocom,Togocom (Togo Cellulaire),2G,20591.0,abonnés,publie,principal,,A,,publication 2020T3
abonnes_data_mobile,AR1 (ARCEP),2019T4,trimestriel,togocom,Togocom (Togo Cellulaire),2G,20494.0,abonnés,publie,principal,,A,,publication 2020T4
abonnes_data_mobile,AR1 (ARCEP),2020T1,trimestriel,togocom,Togocom (Togo Cellulaire),2G,509.0,abonnés,publie,principal,"S6 : reclassement 3G / 4G de Togocel, non documenté ; aucune évolution par technologie calculée à travers",A,,publication 2021T1
abonnes_data_mobile,AR1 (ARCEP),2020T2,trimestriel,togocom,Togocom (Togo Cellulaire),2G,560.0,abonnés,publie,principal,,A,,publication 2021T2
abonnes_data_mobile,AR1 (ARCEP),2020T3,trimestriel,togocom,Togocom (Togo Cellulaire),2G,587.0,abonnés,publie,principal,,A,,publication 2021T3
abonnes_data_mobile,AR1 (ARCEP),2020T4,trimestriel,togocom,Togocom (Togo Cellulaire),2G,983.0,abonnés,publie,principal,,A,,publication 2021T4
abonnes_data_mobile,AR1 (ARCEP),2021T1,trimestriel,togocom,Togocom (Togo Cellulaire),2G,886986.0,abonnés,publie,principal,,A,,publication 2022T1
abonnes_data_mobile,AR1 (ARCEP),2021T2,trimestriel,togocom,Togocom (Togo Cellulaire),2G,868389.0,abonnés,publie,principal,,A,,publication 2022T2
abonnes_data_mobile,AR1 (ARCEP),2021T3,trimestriel,togocom,Togocom (Togo Cellulaire),2G,841479.0,abonnés,publie,principal,,A,,publication 2022T3
abonnes_data_mobile,AR1 (ARCEP),2021T4,trimestriel,togocom,Togocom (Togo Cellulaire),2G,874563.0,abonnés,publie,principal,,A,,publication 2022T4
abonnes_data_mobile,AR1 (ARCEP),2022T1,trimestriel,togocom,Togocom (Togo Cellulaire),2G,872094.0,abonnés,publie,principal,,A,,publication 2023T1
abonnes_data_mobile,AR1 (ARCEP),2022T2,trimestriel,togocom,Togocom (Togo Cellulaire),2G,830625.0,abonnés,publie,principal,,A,,publication 2023T2
abonnes_data_mobile,AR1 (ARCEP),2022T3,trimestriel,togocom,Togocom (Togo Cellulaire),2G,866981.0,abonnés,publie,principal,,A,,publication 2023T2
abonnes_data_mobile,AR1 (ARCEP),2022T4,trimestriel,togocom,Togocom (Togo Cellulaire),2G,844580.0,abonnés,publie,principal,,A,,publication 2023T2
abonnes_data_mobile,AR1 (ARCEP),2023T1,trimestriel,togocom,Togocom (Togo Cellulaire),2G,764862.0,abonnés,publie,principal,,A,,publication 2024T1
abonnes_data_mobile,AR1 (ARCEP),2023T2,trimestriel,togocom,Togocom (Togo Cellulaire),2G,520639.0,abonnés,publie,principal,,A,,publication 2024T2
abonnes_data_mobile,AR1 (ARCEP),2023T3,trimestriel,togocom,Togocom (Togo Cellulaire),2G,879293.0,abonnés,publie,principal,,A,,publication 2024T3
abonnes_data_mobile,AR1 (ARCEP),2023T4,trimestriel,togocom,Togocom (Togo Cellulaire),2G,839168.0,abonnés,publie,principal,,A,,publication 2024T4
abonnes_data_mobile,AR1 (ARCEP),2024T1,trimestriel,togocom,Togocom (Togo Cellulaire),2G,873493.0,abonnés,publie,principal,,A,,publication 2025T1
abonnes_data_mobile,AR1 (ARCEP),2024T2,trimestriel,togocom,Togocom (Togo Cellulaire),2G,881166.0,abonnés,publie,principal,,A,,publication 2025T2
abonnes_data_mobile,AR1 (ARCEP),2024T3,trimestriel,togocom,Togocom (Togo Cellulaire),2G,820299.0,abonnés,publie,principal,,A,,publication 2025T3
abonnes_data_mobile,AR1 (ARCEP),2024T4,trimestriel,togocom,Togocom (Togo Cellulaire),2G,703975.0,abonnés,publie,principal,,A,,publication 2025T4
abonnes_data_mobile,AR1 (ARCEP),2025T1,trimestriel,togocom,Togocom (Togo Cellulaire),2G,779521.0,abonnés,publie,principal,,A,,publication 2026T1
abonnes_data_mobile,AR1 (ARCEP),2025T2,trimestriel,togocom,Togocom (Togo Cellulaire),2G,773850.0,abonnés,publie,principal,,A,,publication 2026T2
abonnes_data_mobile,AR1 (ARCEP),2025T3,trimestriel,togocom,Togocom (Togo Cellulaire),2G,718528.0,abonnés,publie,principal,,A,,publication 2026T2
abonnes_data_mobile,AR1 (ARCEP),2025T4,trimestriel,togocom,Togocom (Togo Cellulaire),2G,653587.0,abonnés,publie,principal,,A,,publication 2026T2
abonnes_data_mobile,AR1 (ARCEP),2026T1,trimestriel,togocom,Togocom (Togo Cellulaire),2G,660891.0,abonnés,publie,principal,,A,,publication 2026T2
abonnes_data_mobile,AR1 (ARCEP),2026T2,trimestriel,togocom,Togocom (Togo Cellulaire),2G,758851.0,abonnés,publie,principal,,A,,publication 2026T2
abonnes_data_mobile,"D2 (INSEED, opendata)",2013,annuel,togocom,Togocom (Togo Cellulaire),3G,130019.0,abonnés,publie,principal,,A,,
abonnes_data_mobile,"D2 (INSEED, opendata)",2014,annuel,togocom,Togocom (Togo Cellulaire),3G,210448.0,abonnés,publie,principal,,A,,
abonnes_data_mobile,"D2 (INSEED, opendata)",2015,annuel,togocom,Togocom (Togo Cellulaire),3G,431869.0,abonnés,publie,principal,,A,,
abonnes_data_mobile,"D2 (INSEED, opendata)",2016,annuel,togocom,Togocom (Togo Cellulaire),3G,1142917.0,abonnés,publie,principal,,A,,
abonnes_data_mobile,"D2 (INSEED, opendata)",2017,annuel,togocom,Togocom (Togo Cellulaire),3G,1610821.0,abonnés,publie,principal,,A,,
abonnes_data_mobile,AR1 (ARCEP),2018,annuel,togocom,Togocom (Togo Cellulaire),3G,1932767.0,abonnés,valeur_T4,principal,,A,,
abonnes_data_mobile,AR1 (ARCEP),2018,annuel,togocom,Togocom (Togo Cellulaire),3G,1856401.5,abonnés,moyenne_4T,sensibilite,,A,,
abonnes_data_mobile,AR1 (ARCEP),2019,annuel,togocom,Togocom (Togo Cellulaire),3G,2373589.0,abonnés,valeur_T4,principal,,A,,
abonnes_data_mobile,AR1 (ARCEP),2019,annuel,togocom,Togocom (Togo Cellulaire),3G,2196223.0,abonnés,moyenne_4T,sensibilite,,A,,
abonnes_data_mobile,AR1 (ARCEP),2020,annuel,togocom,Togocom (Togo Cellulaire),3G,994215.0,abonnés,valeur_T4,principal,"S6 : reclassement 3G / 4G de Togocel, non documenté ; aucune évolution par technologie calculée à travers",A,,
abonnes_data_mobile,AR1 (ARCEP),2020,annuel,togocom,Togocom (Togo Cellulaire),3G,1108800.0,abonnés,moyenne_4T,sensibilite,"S6 : reclassement 3G / 4G de Togocel, non documenté ; aucune évolution par technologie calculée à travers",A,,
abonnes_data_mobile,AR1 (ARCEP),2021,annuel,togocom,Togocom (Togo Cellulaire),3G,1285597.0,abonnés,valeur_T4,principal,,A,,
abonnes_data_mobile,AR1 (ARCEP),2021,annuel,togocom,Togocom (Togo Cellulaire),3G,1260857.25,abonnés,moyenne_4T,sensibilite,,A,,
abonnes_data_mobile,AR1 (ARCEP),2022,annuel,togocom,Togocom (Togo Cellulaire),3G,1290057.0,abonnés,valeur_T4,principal,,A,,
abonnes_data_mobile,AR1 (ARCEP),2022,annuel,togocom,Togocom (Togo Cellulaire),3G,1289552.5,abonnés,moyenne_4T,sensibilite,,A,,
abonnes_data_mobile,AR1 (ARCEP),2023,annuel,togocom,Togocom (Togo Cellulaire),3G,1252594.0,abonnés,valeur_T4,principal,,A,,
abonnes_data_mobile,AR1 (ARCEP),2023,annuel,togocom,Togocom (Togo Cellulaire),3G,1230471.25,abonnés,moyenne_4T,sensibilite,,A,,
abonnes_data_mobile,AR1 (ARCEP),2024,annuel,togocom,Togocom (Togo Cellulaire),3G,1097201.0,abonnés,valeur_T4,principal,,A,,
abonnes_data_mobile,AR1 (ARCEP),2024,annuel,togocom,Togocom (Togo Cellulaire),3G,1154181.75,abonnés,moyenne_4T,sensibilite,,A,,
abonnes_data_mobile,AR1 (ARCEP),2025,annuel,togocom,Togocom (Togo Cellulaire),3G,1041418.0,abonnés,valeur_T4,principal,,A,,
abonnes_data_mobile,AR1 (ARCEP),2025,annuel,togocom,Togocom (Togo Cellulaire),3G,1072193.0,abonnés,moyenne_4T,sensibilite,,A,,
abonnes_data_mobile,AR1 (ARCEP),2026S1,semestriel,togocom,Togocom (Togo Cellulaire),3G,1001946.0,abonnés,moyenne_trimestres,principal,,A,,année incomplète : T1 et T2 seulement
abonnes_data_mobile,AR1 (ARCEP),2017T1,trimestriel,togocom,Togocom (Togo Cellulaire),3G,1278288.0,abonnés,publie,principal,,A,,publication 2018T1
abonnes_data_mobile,AR1 (ARCEP),2017T2,trimestriel,togocom,Togocom (Togo Cellulaire),3G,1389824.0,abonnés,publie,principal,,A,,publication 2018T2
abonnes_data_mobile,AR1 (ARCEP),2017T3,trimestriel,togocom,Togocom (Togo Cellulaire),3G,1544906.0,abonnés,publie,principal,,A,,publication 2018T2
abonnes_data_mobile,AR1 (ARCEP),2017T4,trimestriel,togocom,Togocom (Togo Cellulaire),3G,1610821.0,abonnés,publie,principal,,A,,publication 2018T4
abonnes_data_mobile,AR1 (ARCEP),2018T1,trimestriel,togocom,Togocom (Togo Cellulaire),3G,1709010.0,abonnés,publie,principal,,A,,publication 2019T1
abonnes_data_mobile,AR1 (ARCEP),2018T2,trimestriel,togocom,Togocom (Togo Cellulaire),3G,1830342.0,abonnés,publie,principal,,A,,publication 2019T2
abonnes_data_mobile,AR1 (ARCEP),2018T3,trimestriel,togocom,Togocom (Togo Cellulaire),3G,1953487.0,abonnés,publie,principal,,A,,publication 2019T3
abonnes_data_mobile,AR1 (ARCEP),2018T4,trimestriel,togocom,Togocom (Togo Cellulaire),3G,1932767.0,abonnés,publie,principal,,A,,publication 2019T4
abonnes_data_mobile,AR1 (ARCEP),2019T1,trimestriel,togocom,Togocom (Togo Cellulaire),3G,2022394.0,abonnés,publie,principal,,A,,publication 2020T1
abonnes_data_mobile,AR1 (ARCEP),2019T2,trimestriel,togocom,Togocom (Togo Cellulaire),3G,2145591.0,abonnés,publie,principal,,A,,publication 2020T2
abonnes_data_mobile,AR1 (ARCEP),2019T3,trimestriel,togocom,Togocom (Togo Cellulaire),3G,2243318.0,abonnés,publie,principal,,A,,publication 2020T3
abonnes_data_mobile,AR1 (ARCEP),2019T4,trimestriel,togocom,Togocom (Togo Cellulaire),3G,2373589.0,abonnés,publie,principal,,A,,publication 2020T4
abonnes_data_mobile,AR1 (ARCEP),2020T1,trimestriel,togocom,Togocom (Togo Cellulaire),3G,1057232.0,abonnés,publie,principal,"S6 : reclassement 3G / 4G de Togocel, non documenté ; aucune évolution par technologie calculée à travers",A,,publication 2021T1
abonnes_data_mobile,AR1 (ARCEP),2020T2,trimestriel,togocom,Togocom (Togo Cellulaire),3G,1163323.0,abonnés,publie,principal,,A,,publication 2021T2
abonnes_data_mobile,AR1 (ARCEP),2020T3,trimestriel,togocom,Togocom (Togo Cellulaire),3G,1220430.0,abonnés,publie,principal,,A,,publication 2021T3
abonnes_data_mobile,AR1 (ARCEP),2020T4,trimestriel,togocom,Togocom (Togo Cellulaire),3G,994215.0,abonnés,publie,principal,,A,,publication 2021T3
abonnes_data_mobile,AR1 (ARCEP),2021T1,trimestriel,togocom,Togocom (Togo Cellulaire),3G,1264099.0,abonnés,publie,principal,,A,,publication 2022T1
abonnes_data_mobile,AR1 (ARCEP),2021T2,trimestriel,togocom,Togocom (Togo Cellulaire),3G,1234373.0,abonnés,publie,principal,,A,,publication 2022T2
abonnes_data_mobile,AR1 (ARCEP),2021T3,trimestriel,togocom,Togocom (Togo Cellulaire),3G,1259360.0,abonnés,publie,principal,,A,,publication 2022T3
abonnes_data_mobile,AR1 (ARCEP),2021T4,trimestriel,togocom,Togocom (Togo Cellulaire),3G,1285597.0,abonnés,publie,principal,,A,,publication 2022T4
abonnes_data_mobile,AR1 (ARCEP),2022T1,trimestriel,togocom,Togocom (Togo Cellulaire),3G,1297552.0,abonnés,publie,principal,,A,,publication 2023T1
abonnes_data_mobile,AR1 (ARCEP),2022T2,trimestriel,togocom,Togocom (Togo Cellulaire),3G,1279955.0,abonnés,publie,principal,,A,,publication 2023T2
abonnes_data_mobile,AR1 (ARCEP),2022T3,trimestriel,togocom,Togocom (Togo Cellulaire),3G,1290646.0,abonnés,publie,principal,,A,,publication 2023T2
abonnes_data_mobile,AR1 (ARCEP),2022T4,trimestriel,togocom,Togocom (Togo Cellulaire),3G,1290057.0,abonnés,publie,principal,,A,,publication 2023T2
abonnes_data_mobile,AR1 (ARCEP),2023T1,trimestriel,togocom,Togocom (Togo Cellulaire),3G,1245179.0,abonnés,publie,principal,,A,,publication 2024T1
abonnes_data_mobile,AR1 (ARCEP),2023T2,trimestriel,togocom,Togocom (Togo Cellulaire),3G,1155224.0,abonnés,publie,principal,,A,,publication 2024T2
abonnes_data_mobile,AR1 (ARCEP),2023T3,trimestriel,togocom,Togocom (Togo Cellulaire),3G,1268888.0,abonnés,publie,principal,,A,,publication 2024T3
abonnes_data_mobile,AR1 (ARCEP),2023T4,trimestriel,togocom,Togocom (Togo Cellulaire),3G,1252594.0,abonnés,publie,principal,,A,,publication 2024T4
abonnes_data_mobile,AR1 (ARCEP),2024T1,trimestriel,togocom,Togocom (Togo Cellulaire),3G,1218053.0,abonnés,publie,principal,,A,,publication 2025T1
abonnes_data_mobile,AR1 (ARCEP),2024T2,trimestriel,togocom,Togocom (Togo Cellulaire),3G,1165527.0,abonnés,publie,principal,,A,,publication 2025T2
abonnes_data_mobile,AR1 (ARCEP),2024T3,trimestriel,togocom,Togocom (Togo Cellulaire),3G,1135946.0,abonnés,publie,principal,,A,,publication 2025T3
abonnes_data_mobile,AR1 (ARCEP),2024T4,trimestriel,togocom,Togocom (Togo Cellulaire),3G,1097201.0,abonnés,publie,principal,,A,,publication 2025T4
abonnes_data_mobile,AR1 (ARCEP),2025T1,trimestriel,togocom,Togocom (Togo Cellulaire),3G,1095090.0,abonnés,publie,principal,,A,,publication 2026T1
abonnes_data_mobile,AR1 (ARCEP),2025T2,trimestriel,togocom,Togocom (Togo Cellulaire),3G,1081106.0,abonnés,publie,principal,,A,,publication 2026T2
abonnes_data_mobile,AR1 (ARCEP),2025T3,trimestriel,togocom,Togocom (Togo Cellulaire),3G,1071158.0,abonnés,publie,principal,,A,,publication 2026T2
abonnes_data_mobile,AR1 (ARCEP),2025T4,trimestriel,togocom,Togocom (Togo Cellulaire),3G,1041418.0,abonnés,publie,principal,,A,,publication 2026T2
abonnes_data_mobile,AR1 (ARCEP),2026T1,trimestriel,togocom,Togocom (Togo Cellulaire),3G,1009193.0,abonnés,publie,principal,,A,,publication 2026T2
abonnes_data_mobile,AR1 (ARCEP),2026T2,trimestriel,togocom,Togocom (Togo Cellulaire),3G,994699.0,abonnés,publie,principal,,A,,publication 2026T2
abonnes_data_mobile,"D2 (INSEED, opendata)",2013,annuel,togocom,Togocom (Togo Cellulaire),4G,0.0,abonnés,publie,principal,,A,,
abonnes_data_mobile,"D2 (INSEED, opendata)",2014,annuel,togocom,Togocom (Togo Cellulaire),4G,0.0,abonnés,publie,principal,,A,,
abonnes_data_mobile,"D2 (INSEED, opendata)",2015,annuel,togocom,Togocom (Togo Cellulaire),4G,0.0,abonnés,publie,principal,,A,,
abonnes_data_mobile,"D2 (INSEED, opendata)",2016,annuel,togocom,Togocom (Togo Cellulaire),4G,0.0,abonnés,publie,principal,,A,,
abonnes_data_mobile,"D2 (INSEED, opendata)",2017,annuel,togocom,Togocom (Togo Cellulaire),4G,0.0,abonnés,publie,principal,,A,,
abonnes_data_mobile,AR1 (ARCEP),2018,annuel,togocom,Togocom (Togo Cellulaire),4G,123642.0,abonnés,valeur_T4,principal,,A,,
abonnes_data_mobile,AR1 (ARCEP),2019,annuel,togocom,Togocom (Togo Cellulaire),4G,315044.0,abonnés,valeur_T4,principal,,A,,
abonnes_data_mobile,AR1 (ARCEP),2019,annuel,togocom,Togocom (Togo Cellulaire),4G,290274.75,abonnés,moyenne_4T,sensibilite,,A,,
abonnes_data_mobile,AR1 (ARCEP),2020,annuel,togocom,Togocom (Togo Cellulaire),4G,910210.0,abonnés,valeur_T4,principal,"S6 : reclassement 3G / 4G de Togocel, non documenté ; aucune évolution par technologie calculée à travers",A,,
abonnes_data_mobile,AR1 (ARCEP),2020,annuel,togocom,Togocom (Togo Cellulaire),4G,562422.5,abonnés,moyenne_4T,sensibilite,"S6 : reclassement 3G / 4G de Togocel, non documenté ; aucune évolution par technologie calculée à travers",A,,
abonnes_data_mobile,AR1 (ARCEP),2021,annuel,togocom,Togocom (Togo Cellulaire),4G,549743.0,abonnés,valeur_T4,principal,,A,,
abonnes_data_mobile,AR1 (ARCEP),2021,annuel,togocom,Togocom (Togo Cellulaire),4G,434406.75,abonnés,moyenne_4T,sensibilite,,A,,
abonnes_data_mobile,AR1 (ARCEP),2022,annuel,togocom,Togocom (Togo Cellulaire),4G,801012.0,abonnés,valeur_T4,principal,,A,,
abonnes_data_mobile,AR1 (ARCEP),2022,annuel,togocom,Togocom (Togo Cellulaire),4G,697573.5,abonnés,moyenne_4T,sensibilite,,A,,
abonnes_data_mobile,AR1 (ARCEP),2023,annuel,togocom,Togocom (Togo Cellulaire),4G,1240017.0,abonnés,valeur_T4,principal,,A,,
abonnes_data_mobile,AR1 (ARCEP),2023,annuel,togocom,Togocom (Togo Cellulaire),4G,1031146.75,abonnés,moyenne_4T,sensibilite,,A,,
abonnes_data_mobile,AR1 (ARCEP),2024,annuel,togocom,Togocom (Togo Cellulaire),4G,1712368.0,abonnés,valeur_T4,principal,,A,,
abonnes_data_mobile,AR1 (ARCEP),2024,annuel,togocom,Togocom (Togo Cellulaire),4G,1548758.5,abonnés,moyenne_4T,sensibilite,,A,,
abonnes_data_mobile,AR1 (ARCEP),2025,annuel,togocom,Togocom (Togo Cellulaire),4G,2394891.0,abonnés,valeur_T4,principal,,A,,
abonnes_data_mobile,AR1 (ARCEP),2025,annuel,togocom,Togocom (Togo Cellulaire),4G,2112928.5,abonnés,moyenne_4T,sensibilite,,A,,
abonnes_data_mobile,AR1 (ARCEP),2026S1,semestriel,togocom,Togocom (Togo Cellulaire),4G,2640040.0,abonnés,moyenne_trimestres,principal,,A,,année incomplète : T1 et T2 seulement
abonnes_data_mobile,AR1 (ARCEP),2018T3,trimestriel,togocom,Togocom (Togo Cellulaire),4G,48799.0,abonnés,publie,principal,,A,,publication 2019T3
abonnes_data_mobile,AR1 (ARCEP),2018T4,trimestriel,togocom,Togocom (Togo Cellulaire),4G,123642.0,abonnés,publie,principal,,A,,publication 2019T4
abonnes_data_mobile,AR1 (ARCEP),2019T1,trimestriel,togocom,Togocom (Togo Cellulaire),4G,214776.0,abonnés,publie,principal,,A,,publication 2020T1
abonnes_data_mobile,AR1 (ARCEP),2019T2,trimestriel,togocom,Togocom (Togo Cellulaire),4G,292947.0,abonnés,publie,principal,,A,,publication 2020T2
abonnes_data_mobile,AR1 (ARCEP),2019T3,trimestriel,togocom,Togocom (Togo Cellulaire),4G,338332.0,abonnés,publie,principal,,A,,publication 2020T3
abonnes_data_mobile,AR1 (ARCEP),2019T4,trimestriel,togocom,Togocom (Togo Cellulaire),4G,315044.0,abonnés,publie,principal,,A,,publication 2020T4
abonnes_data_mobile,AR1 (ARCEP),2020T1,trimestriel,togocom,Togocom (Togo Cellulaire),4G,411551.0,abonnés,publie,principal,"S6 : reclassement 3G / 4G de Togocel, non documenté ; aucune évolution par technologie calculée à travers",A,,publication 2021T1
abonnes_data_mobile,AR1 (ARCEP),2020T2,trimestriel,togocom,Togocom (Togo Cellulaire),4G,452849.0,abonnés,publie,principal,,A,,publication 2021T2
abonnes_data_mobile,AR1 (ARCEP),2020T3,trimestriel,togocom,Togocom (Togo Cellulaire),4G,475080.0,abonnés,publie,principal,,A,,publication 2021T3
abonnes_data_mobile,AR1 (ARCEP),2020T4,trimestriel,togocom,Togocom (Togo Cellulaire),4G,910210.0,abonnés,publie,principal,,A,,publication 2021T3
abonnes_data_mobile,AR1 (ARCEP),2021T1,trimestriel,togocom,Togocom (Togo Cellulaire),4G,325586.0,abonnés,publie,principal,,A,,publication 2022T1
abonnes_data_mobile,AR1 (ARCEP),2021T2,trimestriel,togocom,Togocom (Togo Cellulaire),4G,391635.0,abonnés,publie,principal,,A,,publication 2022T2
abonnes_data_mobile,AR1 (ARCEP),2021T3,trimestriel,togocom,Togocom (Togo Cellulaire),4G,470663.0,abonnés,publie,principal,,A,,publication 2022T3
abonnes_data_mobile,AR1 (ARCEP),2021T4,trimestriel,togocom,Togocom (Togo Cellulaire),4G,549743.0,abonnés,publie,principal,,A,,publication 2022T4
abonnes_data_mobile,AR1 (ARCEP),2022T1,trimestriel,togocom,Togocom (Togo Cellulaire),4G,608088.0,abonnés,publie,principal,,A,,publication 2023T1
abonnes_data_mobile,AR1 (ARCEP),2022T2,trimestriel,togocom,Togocom (Togo Cellulaire),4G,651593.0,abonnés,publie,principal,,A,,publication 2023T2
abonnes_data_mobile,AR1 (ARCEP),2022T3,trimestriel,togocom,Togocom (Togo Cellulaire),4G,729601.0,abonnés,publie,principal,,A,,publication 2023T2
abonnes_data_mobile,AR1 (ARCEP),2022T4,trimestriel,togocom,Togocom (Togo Cellulaire),4G,801012.0,abonnés,publie,principal,,A,,publication 2023T2
abonnes_data_mobile,AR1 (ARCEP),2023T1,trimestriel,togocom,Togocom (Togo Cellulaire),4G,853207.0,abonnés,publie,principal,,A,,publication 2024T1
abonnes_data_mobile,AR1 (ARCEP),2023T2,trimestriel,togocom,Togocom (Togo Cellulaire),4G,918632.0,abonnés,publie,principal,,A,,publication 2024T2
abonnes_data_mobile,AR1 (ARCEP),2023T3,trimestriel,togocom,Togocom (Togo Cellulaire),4G,1112731.0,abonnés,publie,principal,,A,,publication 2024T3
abonnes_data_mobile,AR1 (ARCEP),2023T4,trimestriel,togocom,Togocom (Togo Cellulaire),4G,1240017.0,abonnés,publie,principal,,A,,publication 2024T4
abonnes_data_mobile,AR1 (ARCEP),2024T1,trimestriel,togocom,Togocom (Togo Cellulaire),4G,1385604.0,abonnés,publie,principal,,A,,publication 2025T1
abonnes_data_mobile,AR1 (ARCEP),2024T2,trimestriel,togocom,Togocom (Togo Cellulaire),4G,1487020.0,abonnés,publie,principal,,A,,publication 2025T2
abonnes_data_mobile,AR1 (ARCEP),2024T3,trimestriel,togocom,Togocom (Togo Cellulaire),4G,1610042.0,abonnés,publie,principal,,A,,publication 2025T3
abonnes_data_mobile,AR1 (ARCEP),2024T4,trimestriel,togocom,Togocom (Togo Cellulaire),4G,1712368.0,abonnés,publie,principal,,A,,publication 2025T4
abonnes_data_mobile,AR1 (ARCEP),2025T1,trimestriel,togocom,Togocom (Togo Cellulaire),4G,1878283.0,abonnés,publie,principal,,A,,publication 2026T1
abonnes_data_mobile,AR1 (ARCEP),2025T2,trimestriel,togocom,Togocom (Togo Cellulaire),4G,1997402.0,abonnés,publie,principal,,A,,publication 2026T2
abonnes_data_mobile,AR1 (ARCEP),2025T3,trimestriel,togocom,Togocom (Togo Cellulaire),4G,2181138.0,abonnés,publie,principal,,A,,publication 2026T2
abonnes_data_mobile,AR1 (ARCEP),2025T4,trimestriel,togocom,Togocom (Togo Cellulaire),4G,2394891.0,abonnés,publie,principal,,A,,publication 2026T2
abonnes_data_mobile,AR1 (ARCEP),2026T1,trimestriel,togocom,Togocom (Togo Cellulaire),4G,2537651.0,abonnés,publie,principal,,A,,publication 2026T2
abonnes_data_mobile,AR1 (ARCEP),2026T2,trimestriel,togocom,Togocom (Togo Cellulaire),4G,2742429.0,abonnés,publie,principal,,A,,publication 2026T2
abonnes_data_mobile,AR1 (ARCEP),2026S1,semestriel,togocom,Togocom (Togo Cellulaire),5G,3951.0,abonnés,moyenne_trimestres,principal,,A,,année incomplète : T1 et T2 seulement
abonnes_data_mobile,AR1 (ARCEP),2026T2,trimestriel,togocom,Togocom (Togo Cellulaire),5G,3951.0,abonnés,publie,principal,,A,,publication 2026T2
abonnes_data_mobile,"2b (INSEED, opendata)",2010,annuel,togocom,Togocom (Togo Cellulaire),total,42458.0,abonnés,publie,principal,,A,,"raccord P4 : 2b jusqu'en 2017, AR1 ensuite"
abonnes_data_mobile,"2b (INSEED, opendata)",2011,annuel,togocom,Togocom (Togo Cellulaire),total,78882.0,abonnés,publie,principal,,A,,"raccord P4 : 2b jusqu'en 2017, AR1 ensuite"
abonnes_data_mobile,"2b (INSEED, opendata)",2012,annuel,togocom,Togocom (Togo Cellulaire),total,121554.0,abonnés,publie,principal,,A,,"raccord P4 : 2b jusqu'en 2017, AR1 ensuite"
abonnes_data_mobile,"2b (INSEED, opendata)",2013,annuel,togocom,Togocom (Togo Cellulaire),total,169613.0,abonnés,publie,principal,,A,,"raccord P4 : 2b jusqu'en 2017, AR1 ensuite"
abonnes_data_mobile,"2b (INSEED, opendata)",2014,annuel,togocom,Togocom (Togo Cellulaire),total,242058.0,abonnés,publie,principal,,A,,"raccord P4 : 2b jusqu'en 2017, AR1 ensuite"
abonnes_data_mobile,"2b (INSEED, opendata)",2015,annuel,togocom,Togocom (Togo Cellulaire),total,454965.0,abonnés,publie,principal,,A,,"raccord P4 : 2b jusqu'en 2017, AR1 ensuite"
abonnes_data_mobile,"2b (INSEED, opendata)",2016,annuel,togocom,Togocom (Togo Cellulaire),total,1158267.0,abonnés,publie,principal,,A,,"raccord P4 : 2b jusqu'en 2017, AR1 ensuite"
abonnes_data_mobile,"2b (INSEED, opendata)",2017,annuel,togocom,Togocom (Togo Cellulaire),total,1622832.0,abonnés,publie,principal,,A,,"raccord P4 : 2b jusqu'en 2017, AR1 ensuite"
abonnes_data_mobile,AR1 (ARCEP),2018,annuel,togocom,Togocom (Togo Cellulaire),total,2085898.0,abonnés,valeur_T4,principal,,A,,
abonnes_data_mobile,AR1 (ARCEP),2018,annuel,togocom,Togocom (Togo Cellulaire),total,1920320.5,abonnés,moyenne_4T,sensibilite,,A,,
abonnes_data_mobile,"2b (INSEED, opendata)",2018,annuel,togocom,Togocom (Togo Cellulaire),total,2085898.0,abonnés,publie,controle,,A,,non retenu après 2017 (P4)
abonnes_data_mobile,AR1 (ARCEP),2019,annuel,togocom,Togocom (Togo Cellulaire),total,2709127.0,abonnés,valeur_T4,principal,,A,,
abonnes_data_mobile,AR1 (ARCEP),2019,annuel,togocom,Togocom (Togo Cellulaire),total,2508976.25,abonnés,moyenne_4T,sensibilite,,A,,
abonnes_data_mobile,"2b (INSEED, opendata)",2019,annuel,togocom,Togocom (Togo Cellulaire),total,1417858.0,abonnés,publie,controle,,A,,non retenu après 2017 (P4) ; valeur 2019 écartée
abonnes_data_mobile,AR1 (ARCEP),2020,annuel,togocom,Togocom (Togo Cellulaire),total,1905408.0,abonnés,valeur_T4,principal,"S6 : reclassement 3G / 4G de Togocel, non documenté ; aucune évolution par technologie calculée à travers",A,,
abonnes_data_mobile,AR1 (ARCEP),2020,annuel,togocom,Togocom (Togo Cellulaire),total,1671882.25,abonnés,moyenne_4T,sensibilite,"S6 : reclassement 3G / 4G de Togocel, non documenté ; aucune évolution par technologie calculée à travers",A,,
abonnes_data_mobile,"2b (INSEED, opendata)",2020,annuel,togocom,Togocom (Togo Cellulaire),total,1905408.0,abonnés,publie,controle,,A,,non retenu après 2017 (P4)
abonnes_data_mobile,AR1 (ARCEP),2021,annuel,togocom,Togocom (Togo Cellulaire),total,2709903.0,abonnés,valeur_T4,principal,,A,,
abonnes_data_mobile,AR1 (ARCEP),2021,annuel,togocom,Togocom (Togo Cellulaire),total,2563118.25,abonnés,moyenne_4T,sensibilite,,A,,
abonnes_data_mobile,"2b (INSEED, opendata)",2021,annuel,togocom,Togocom (Togo Cellulaire),total,2709903.0,abonnés,publie,controle,,A,,non retenu après 2017 (P4)
abonnes_data_mobile,AR1 (ARCEP),2022,annuel,togocom,Togocom (Togo Cellulaire),total,2935649.0,abonnés,valeur_T4,principal,,A,,
abonnes_data_mobile,AR1 (ARCEP),2022,annuel,togocom,Togocom (Togo Cellulaire),total,2840696.0,abonnés,moyenne_4T,sensibilite,,A,,
abonnes_data_mobile,"2b (INSEED, opendata)",2022,annuel,togocom,Togocom (Togo Cellulaire),total,2935649.0,abonnés,publie,controle,,A,,non retenu après 2017 (P4)
abonnes_data_mobile,AR1 (ARCEP),2023,annuel,togocom,Togocom (Togo Cellulaire),total,3331779.0,abonnés,valeur_T4,principal,,A,,
abonnes_data_mobile,AR1 (ARCEP),2023,annuel,togocom,Togocom (Togo Cellulaire),total,3012608.5,abonnés,moyenne_4T,sensibilite,,A,,
abonnes_data_mobile,AR1 (ARCEP),2024,annuel,togocom,Togocom (Togo Cellulaire),total,3513544.0,abonnés,valeur_T4,principal,,A,,
abonnes_data_mobile,AR1 (ARCEP),2024,annuel,togocom,Togocom (Togo Cellulaire),total,3522673.5,abonnés,moyenne_4T,sensibilite,,A,,
abonnes_data_mobile,AR1 (ARCEP),2025,annuel,togocom,Togocom (Togo Cellulaire),total,4089896.0,abonnés,valeur_T4,principal,,A,,
abonnes_data_mobile,AR1 (ARCEP),2025,annuel,togocom,Togocom (Togo Cellulaire),total,3916493.0,abonnés,moyenne_4T,sensibilite,,A,,
abonnes_data_mobile,AR1 (ARCEP),2026S1,semestriel,togocom,Togocom (Togo Cellulaire),total,4353832.5,abonnés,moyenne_trimestres,principal,,A,,année incomplète : T1 et T2 seulement
abonnes_data_mobile,AR1 (ARCEP),2017T4,trimestriel,togocom,Togocom (Togo Cellulaire),total,1622832.0,abonnés,publie,principal,,A,,publication 2018T4
abonnes_data_mobile,AR1 (ARCEP),2018T1,trimestriel,togocom,Togocom (Togo Cellulaire),total,1720848.0,abonnés,publie,principal,,A,,publication 2019T1
abonnes_data_mobile,AR1 (ARCEP),2018T2,trimestriel,togocom,Togocom (Togo Cellulaire),total,1842676.0,abonnés,publie,principal,,A,,publication 2019T2
abonnes_data_mobile,AR1 (ARCEP),2018T3,trimestriel,togocom,Togocom (Togo Cellulaire),total,2031860.0,abonnés,publie,principal,,A,,publication 2019T3
abonnes_data_mobile,AR1 (ARCEP),2018T4,trimestriel,togocom,Togocom (Togo Cellulaire),total,2085898.0,abonnés,publie,principal,,A,,publication 2019T4
abonnes_data_mobile,AR1 (ARCEP),2019T1,trimestriel,togocom,Togocom (Togo Cellulaire),total,2264545.0,abonnés,publie,principal,,A,,publication 2020T1
abonnes_data_mobile,AR1 (ARCEP),2019T2,trimestriel,togocom,Togocom (Togo Cellulaire),total,2459992.0,abonnés,publie,principal,,A,,publication 2020T2
abonnes_data_mobile,AR1 (ARCEP),2019T3,trimestriel,togocom,Togocom (Togo Cellulaire),total,2602241.0,abonnés,publie,principal,,A,,publication 2020T3
abonnes_data_mobile,AR1 (ARCEP),2019T4,trimestriel,togocom,Togocom (Togo Cellulaire),total,2709127.0,abonnés,publie,principal,,A,,publication 2020T4
abonnes_data_mobile,AR1 (ARCEP),2020T1,trimestriel,togocom,Togocom (Togo Cellulaire),total,1469292.0,abonnés,publie,principal,"S6 : reclassement 3G / 4G de Togocel, non documenté ; aucune évolution par technologie calculée à travers",A,,publication 2021T1
abonnes_data_mobile,AR1 (ARCEP),2020T2,trimestriel,togocom,Togocom (Togo Cellulaire),total,1616732.0,abonnés,publie,principal,,A,,publication 2021T2
abonnes_data_mobile,AR1 (ARCEP),2020T3,trimestriel,togocom,Togocom (Togo Cellulaire),total,1696097.0,abonnés,publie,principal,,A,,publication 2021T3
abonnes_data_mobile,AR1 (ARCEP),2020T4,trimestriel,togocom,Togocom (Togo Cellulaire),total,1905408.0,abonnés,publie,principal,,A,,publication 2021T3
abonnes_data_mobile,AR1 (ARCEP),2021T1,trimestriel,togocom,Togocom (Togo Cellulaire),total,2476671.0,abonnés,publie,principal,,A,,publication 2022T1
abonnes_data_mobile,AR1 (ARCEP),2021T2,trimestriel,togocom,Togocom (Togo Cellulaire),total,2494397.0,abonnés,publie,principal,,A,,publication 2022T2
abonnes_data_mobile,AR1 (ARCEP),2021T3,trimestriel,togocom,Togocom (Togo Cellulaire),total,2571502.0,abonnés,publie,principal,,A,,publication 2022T3
abonnes_data_mobile,AR1 (ARCEP),2021T4,trimestriel,togocom,Togocom (Togo Cellulaire),total,2709903.0,abonnés,publie,principal,,A,,publication 2022T4
abonnes_data_mobile,AR1 (ARCEP),2022T1,trimestriel,togocom,Togocom (Togo Cellulaire),total,2777734.0,abonnés,publie,principal,,A,,publication 2023T1
abonnes_data_mobile,AR1 (ARCEP),2022T2,trimestriel,togocom,Togocom (Togo Cellulaire),total,2762173.0,abonnés,publie,principal,,A,,publication 2023T2
abonnes_data_mobile,AR1 (ARCEP),2022T3,trimestriel,togocom,Togocom (Togo Cellulaire),total,2887228.0,abonnés,publie,principal,,A,,publication 2023T2
abonnes_data_mobile,AR1 (ARCEP),2022T4,trimestriel,togocom,Togocom (Togo Cellulaire),total,2935649.0,abonnés,publie,principal,,A,,publication 2023T2
abonnes_data_mobile,AR1 (ARCEP),2023T1,trimestriel,togocom,Togocom (Togo Cellulaire),total,2863248.0,abonnés,publie,principal,,A,,publication 2024T1
abonnes_data_mobile,AR1 (ARCEP),2023T2,trimestriel,togocom,Togocom (Togo Cellulaire),total,2594495.0,abonnés,publie,principal,,A,,publication 2024T2
abonnes_data_mobile,AR1 (ARCEP),2023T3,trimestriel,togocom,Togocom (Togo Cellulaire),total,3260912.0,abonnés,publie,principal,,A,,publication 2024T3
abonnes_data_mobile,AR1 (ARCEP),2023T4,trimestriel,togocom,Togocom (Togo Cellulaire),total,3331779.0,abonnés,publie,principal,,A,,publication 2024T4
abonnes_data_mobile,AR1 (ARCEP),2024T1,trimestriel,togocom,Togocom (Togo Cellulaire),total,3477150.0,abonnés,publie,principal,,A,,publication 2025T1
abonnes_data_mobile,AR1 (ARCEP),2024T2,trimestriel,togocom,Togocom (Togo Cellulaire),total,3533713.0,abonnés,publie,principal,,A,,publication 2025T2
abonnes_data_mobile,AR1 (ARCEP),2024T3,trimestriel,togocom,Togocom (Togo Cellulaire),total,3566287.0,abonnés,publie,principal,,A,,publication 2025T3
abonnes_data_mobile,AR1 (ARCEP),2024T4,trimestriel,togocom,Togocom (Togo Cellulaire),total,3513544.0,abonnés,publie,principal,,A,,publication 2025T4
abonnes_data_mobile,AR1 (ARCEP),2025T1,trimestriel,togocom,Togocom (Togo Cellulaire),total,3752894.0,abonnés,publie,principal,,A,,publication 2026T1
abonnes_data_mobile,AR1 (ARCEP),2025T2,trimestriel,togocom,Togocom (Togo Cellulaire),total,3852358.0,abonnés,publie,principal,,A,,publication 2026T2
abonnes_data_mobile,AR1 (ARCEP),2025T3,trimestriel,togocom,Togocom (Togo Cellulaire),total,3970824.0,abonnés,publie,principal,,A,,publication 2026T2
abonnes_data_mobile,AR1 (ARCEP),2025T4,trimestriel,togocom,Togocom (Togo Cellulaire),total,4089896.0,abonnés,publie,principal,,A,,publication 2026T2
abonnes_data_mobile,AR1 (ARCEP),2026T1,trimestriel,togocom,Togocom (Togo Cellulaire),total,4207735.0,abonnés,publie,principal,,A,,publication 2026T2
abonnes_data_mobile,AR1 (ARCEP),2026T2,trimestriel,togocom,Togocom (Togo Cellulaire),total,4499930.0,abonnés,publie,principal,,A,,publication 2026T2
abonnes_ftth,AR1 (ARCEP),2024,annuel,ensemble,Ensemble,FTTH,128462.0,abonnés,valeur_T4,principal,,A,,
abonnes_ftth,AR1 (ARCEP),2024,annuel,ensemble,Ensemble,FTTH,115574.0,abonnés,moyenne_4T,sensibilite,,A,,
abonnes_ftth,AR1 (ARCEP),2025,annuel,ensemble,Ensemble,FTTH,150427.0,abonnés,valeur_T4,principal,,A,,
abonnes_ftth,AR1 (ARCEP),2025,annuel,ensemble,Ensemble,FTTH,135724.0,abonnés,moyenne_4T,sensibilite,,A,,
abonnes_ftth,AR1 (ARCEP),2026S1,semestriel,ensemble,Ensemble,FTTH,149421.5,abonnés,moyenne_trimestres,principal,,A,,année incomplète : T1 et T2 seulement
abonnes_ftth,AR1 (ARCEP),2024T1,trimestriel,ensemble,Ensemble,FTTH,104155.0,abonnés,publie,principal,,A,,publication 2025T1
abonnes_ftth,AR1 (ARCEP),2024T2,trimestriel,ensemble,Ensemble,FTTH,111756.0,abonnés,publie,principal,,A,,publication 2025T2
abonnes_ftth,AR1 (ARCEP),2024T3,trimestriel,ensemble,Ensemble,FTTH,117923.0,abonnés,publie,principal,,A,,publication 2025T3
abonnes_ftth,AR1 (ARCEP),2024T4,trimestriel,ensemble,Ensemble,FTTH,128462.0,abonnés,publie,principal,,A,,publication 2025T4
abonnes_ftth,AR1 (ARCEP),2025T1,trimestriel,ensemble,Ensemble,FTTH,127744.0,abonnés,publie,principal,,A,,publication 2026T1
abonnes_ftth,AR1 (ARCEP),2025T2,trimestriel,ensemble,Ensemble,FTTH,132014.0,abonnés,publie,principal,,A,,publication 2026T2
abonnes_ftth,AR1 (ARCEP),2025T3,trimestriel,ensemble,Ensemble,FTTH,132711.0,abonnés,publie,principal,,A,,publication 2026T2
abonnes_ftth,AR1 (ARCEP),2025T4,trimestriel,ensemble,Ensemble,FTTH,150427.0,abonnés,publie,principal,,A,,publication 2026T2
abonnes_ftth,AR1 (ARCEP),2026T1,trimestriel,ensemble,Ensemble,FTTH,145344.0,abonnés,publie,principal,,A,,publication 2026T2
abonnes_ftth,AR1 (ARCEP),2026T2,trimestriel,ensemble,Ensemble,FTTH,153499.0,abonnés,publie,principal,,A,,publication 2026T2
abonnes_ftth,AR1 (ARCEP),2024,annuel,gva,GVA Togo,FTTH,78892.0,abonnés,valeur_T4,principal,,A,,
abonnes_ftth,AR1 (ARCEP),2024,annuel,gva,GVA Togo,FTTH,71033.0,abonnés,moyenne_4T,sensibilite,,A,,
abonnes_ftth,AR1 (ARCEP),2025,annuel,gva,GVA Togo,FTTH,88976.0,abonnés,valeur_T4,principal,,A,,
abonnes_ftth,AR1 (ARCEP),2025,annuel,gva,GVA Togo,FTTH,80211.5,abonnés,moyenne_4T,sensibilite,,A,,
abonnes_ftth,AR1 (ARCEP),2026S1,semestriel,gva,GVA Togo,FTTH,84772.5,abonnés,moyenne_trimestres,principal,,A,,année incomplète : T1 et T2 seulement
abonnes_ftth,AR1 (ARCEP),2024T1,trimestriel,gva,GVA Togo,FTTH,64871.0,abonnés,publie,principal,,A,,publication 2025T1
abonnes_ftth,AR1 (ARCEP),2024T2,trimestriel,gva,GVA Togo,FTTH,69473.0,abonnés,publie,principal,,A,,publication 2025T2
abonnes_ftth,AR1 (ARCEP),2024T3,trimestriel,gva,GVA Togo,FTTH,70896.0,abonnés,publie,principal,,A,,publication 2025T3
abonnes_ftth,AR1 (ARCEP),2024T4,trimestriel,gva,GVA Togo,FTTH,78892.0,abonnés,publie,principal,,A,,publication 2025T4
abonnes_ftth,AR1 (ARCEP),2025T1,trimestriel,gva,GVA Togo,FTTH,75409.0,abonnés,publie,principal,,A,,publication 2026T1
abonnes_ftth,AR1 (ARCEP),2025T2,trimestriel,gva,GVA Togo,FTTH,79409.0,abonnés,publie,principal,,A,,publication 2026T2
abonnes_ftth,AR1 (ARCEP),2025T3,trimestriel,gva,GVA Togo,FTTH,77052.0,abonnés,publie,principal,,A,,publication 2026T2
abonnes_ftth,AR1 (ARCEP),2025T4,trimestriel,gva,GVA Togo,FTTH,88976.0,abonnés,publie,principal,,A,,publication 2026T2
abonnes_ftth,AR1 (ARCEP),2026T1,trimestriel,gva,GVA Togo,FTTH,81105.0,abonnés,publie,principal,,A,,publication 2026T2
abonnes_ftth,AR1 (ARCEP),2026T2,trimestriel,gva,GVA Togo,FTTH,88440.0,abonnés,publie,principal,,A,,publication 2026T2
abonnes_ftth,AR1 (ARCEP),2024,annuel,togo_telecom,"Togo Telecom (YAS, fixe)",FTTH,49570.0,abonnés,valeur_T4,principal,,A,,
abonnes_ftth,AR1 (ARCEP),2024,annuel,togo_telecom,"Togo Telecom (YAS, fixe)",FTTH,44541.0,abonnés,moyenne_4T,sensibilite,,A,,
abonnes_ftth,AR1 (ARCEP),2025,annuel,togo_telecom,"Togo Telecom (YAS, fixe)",FTTH,61451.0,abonnés,valeur_T4,principal,,A,,
abonnes_ftth,AR1 (ARCEP),2025,annuel,togo_telecom,"Togo Telecom (YAS, fixe)",FTTH,55512.5,abonnés,moyenne_4T,sensibilite,,A,,
abonnes_ftth,AR1 (ARCEP),2026S1,semestriel,togo_telecom,"Togo Telecom (YAS, fixe)",FTTH,64649.0,abonnés,moyenne_trimestres,principal,,A,,année incomplète : T1 et T2 seulement
abonnes_ftth,AR1 (ARCEP),2024T1,trimestriel,togo_telecom,"Togo Telecom (YAS, fixe)",FTTH,39284.0,abonnés,publie,principal,,A,,publication 2025T1
abonnes_ftth,AR1 (ARCEP),2024T2,trimestriel,togo_telecom,"Togo Telecom (YAS, fixe)",FTTH,42283.0,abonnés,publie,principal,,A,,publication 2025T2
abonnes_ftth,AR1 (ARCEP),2024T3,trimestriel,togo_telecom,"Togo Telecom (YAS, fixe)",FTTH,47027.0,abonnés,publie,principal,,A,,publication 2025T3
abonnes_ftth,AR1 (ARCEP),2024T4,trimestriel,togo_telecom,"Togo Telecom (YAS, fixe)",FTTH,49570.0,abonnés,publie,principal,,A,,publication 2025T4
abonnes_ftth,AR1 (ARCEP),2025T1,trimestriel,togo_telecom,"Togo Telecom (YAS, fixe)",FTTH,52335.0,abonnés,publie,principal,,A,,publication 2026T1
abonnes_ftth,AR1 (ARCEP),2025T2,trimestriel,togo_telecom,"Togo Telecom (YAS, fixe)",FTTH,52605.0,abonnés,publie,principal,,A,,publication 2026T2
abonnes_ftth,AR1 (ARCEP),2025T3,trimestriel,togo_telecom,"Togo Telecom (YAS, fixe)",FTTH,55659.0,abonnés,publie,principal,,A,,publication 2026T2
abonnes_ftth,AR1 (ARCEP),2025T4,trimestriel,togo_telecom,"Togo Telecom (YAS, fixe)",FTTH,61451.0,abonnés,publie,principal,,A,,publication 2026T2
abonnes_ftth,AR1 (ARCEP),2026T1,trimestriel,togo_telecom,"Togo Telecom (YAS, fixe)",FTTH,64239.0,abonnés,publie,principal,,A,,publication 2026T2
abonnes_ftth,AR1 (ARCEP),2026T2,trimestriel,togo_telecom,"Togo Telecom (YAS, fixe)",FTTH,65059.0,abonnés,publie,principal,,A,,publication 2026T2
abonnes_internet_fixe,"2b (INSEED, opendata)",2010,annuel,cafe,CAFE Informatique,total,1015.0,abonnés,publie,principal,,A,,"raccord P4 : 2b jusqu'en 2017, AR1 ensuite"
abonnes_internet_fixe,"2b (INSEED, opendata)",2011,annuel,cafe,CAFE Informatique,total,958.0,abonnés,publie,principal,,A,,"raccord P4 : 2b jusqu'en 2017, AR1 ensuite"
abonnes_internet_fixe,"2b (INSEED, opendata)",2012,annuel,cafe,CAFE Informatique,total,1148.0,abonnés,publie,principal,,A,,"raccord P4 : 2b jusqu'en 2017, AR1 ensuite"
abonnes_internet_fixe,"2b (INSEED, opendata)",2013,annuel,cafe,CAFE Informatique,total,2764.0,abonnés,publie,principal,,A,,"raccord P4 : 2b jusqu'en 2017, AR1 ensuite"
abonnes_internet_fixe,"2b (INSEED, opendata)",2014,annuel,cafe,CAFE Informatique,total,2490.0,abonnés,publie,principal,,A,,"raccord P4 : 2b jusqu'en 2017, AR1 ensuite"
abonnes_internet_fixe,"2b (INSEED, opendata)",2015,annuel,cafe,CAFE Informatique,total,2964.0,abonnés,publie,principal,,A,,"raccord P4 : 2b jusqu'en 2017, AR1 ensuite"
abonnes_internet_fixe,"2b (INSEED, opendata)",2016,annuel,cafe,CAFE Informatique,total,4150.0,abonnés,publie,principal,,A,,"raccord P4 : 2b jusqu'en 2017, AR1 ensuite"
abonnes_internet_fixe,"2b (INSEED, opendata)",2017,annuel,cafe,CAFE Informatique,total,4793.0,abonnés,publie,principal,,A,,"raccord P4 : 2b jusqu'en 2017, AR1 ensuite"
abonnes_internet_fixe,AR1 (ARCEP),2018,annuel,cafe,CAFE Informatique,total,5619.0,abonnés,valeur_T4,principal,,A,,
abonnes_internet_fixe,AR1 (ARCEP),2018,annuel,cafe,CAFE Informatique,total,5343.75,abonnés,moyenne_4T,sensibilite,,A,,
abonnes_internet_fixe,"2b (INSEED, opendata)",2018,annuel,cafe,CAFE Informatique,total,5619.0,abonnés,publie,controle,,A,,non retenu après 2017 (P4)
abonnes_internet_fixe,AR1 (ARCEP),2019,annuel,cafe,CAFE Informatique,total,2334.0,abonnés,valeur_T4,principal,,A,,
abonnes_internet_fixe,AR1 (ARCEP),2019,annuel,cafe,CAFE Informatique,total,4753.25,abonnés,moyenne_4T,sensibilite,,A,,
abonnes_internet_fixe,"2b (INSEED, opendata)",2019,annuel,cafe,CAFE Informatique,total,2334.0,abonnés,publie,controle,,A,,non retenu après 2017 (P4) ; valeur 2019 écartée
abonnes_internet_fixe,AR1 (ARCEP),2020,annuel,cafe,CAFE Informatique,total,1768.0,abonnés,valeur_T4,principal,,A,,
abonnes_internet_fixe,AR1 (ARCEP),2020,annuel,cafe,CAFE Informatique,total,1907.5,abonnés,moyenne_4T,sensibilite,,A,,
abonnes_internet_fixe,"2b (INSEED, opendata)",2020,annuel,cafe,CAFE Informatique,total,1768.0,abonnés,publie,controle,,A,,non retenu après 2017 (P4)
abonnes_internet_fixe,AR1 (ARCEP),2021,annuel,cafe,CAFE Informatique,total,1921.0,abonnés,valeur_T4,principal,,A,,
abonnes_internet_fixe,AR1 (ARCEP),2021,annuel,cafe,CAFE Informatique,total,1993.5,abonnés,moyenne_4T,sensibilite,,A,,
abonnes_internet_fixe,"2b (INSEED, opendata)",2021,annuel,cafe,CAFE Informatique,total,1921.0,abonnés,publie,controle,,A,,non retenu après 2017 (P4)
abonnes_internet_fixe,AR1 (ARCEP),2022,annuel,cafe,CAFE Informatique,total,1527.0,abonnés,valeur_T4,principal,,A,,
abonnes_internet_fixe,AR1 (ARCEP),2022,annuel,cafe,CAFE Informatique,total,1687.0,abonnés,moyenne_4T,sensibilite,,A,,
abonnes_internet_fixe,"2b (INSEED, opendata)",2022,annuel,cafe,CAFE Informatique,total,1671.0,abonnés,publie,controle,,A,,non retenu après 2017 (P4)
abonnes_internet_fixe,AR1 (ARCEP),2023,annuel,cafe,CAFE Informatique,total,1270.0,abonnés,valeur_T4,principal,,A,,
abonnes_internet_fixe,AR1 (ARCEP),2023,annuel,cafe,CAFE Informatique,total,1355.5,abonnés,moyenne_4T,sensibilite,,A,,
abonnes_internet_fixe,AR1 (ARCEP),2024,annuel,cafe,CAFE Informatique,total,1097.0,abonnés,valeur_T4,principal,,A,,
abonnes_internet_fixe,AR1 (ARCEP),2024,annuel,cafe,CAFE Informatique,total,1099.5,abonnés,moyenne_4T,sensibilite,,A,,
abonnes_internet_fixe,AR1 (ARCEP),2025,annuel,cafe,CAFE Informatique,total,636.0,abonnés,valeur_T4,principal,,A,,
abonnes_internet_fixe,AR1 (ARCEP),2025,annuel,cafe,CAFE Informatique,total,845.0,abonnés,moyenne_4T,sensibilite,,A,,
abonnes_internet_fixe,AR1 (ARCEP),2017T1,trimestriel,cafe,CAFE Informatique,total,4260.0,abonnés,publie,principal,,A,,publication 2018T1
abonnes_internet_fixe,AR1 (ARCEP),2017T2,trimestriel,cafe,CAFE Informatique,total,4373.0,abonnés,publie,principal,,A,,publication 2018T2
abonnes_internet_fixe,AR1 (ARCEP),2017T3,trimestriel,cafe,CAFE Informatique,total,4539.0,abonnés,publie,principal,,A,,publication 2018T3
abonnes_internet_fixe,AR1 (ARCEP),2017T4,trimestriel,cafe,CAFE Informatique,total,4793.0,abonnés,publie,principal,,A,,publication 2018T4
abonnes_internet_fixe,AR1 (ARCEP),2018T1,trimestriel,cafe,CAFE Informatique,total,5061.0,abonnés,publie,principal,,A,,publication 2019T1
abonnes_internet_fixe,AR1 (ARCEP),2018T2,trimestriel,cafe,CAFE Informatique,total,5233.0,abonnés,publie,principal,,A,,publication 2019T2
abonnes_internet_fixe,AR1 (ARCEP),2018T3,trimestriel,cafe,CAFE Informatique,total,5462.0,abonnés,publie,principal,,A,,publication 2019T3
abonnes_internet_fixe,AR1 (ARCEP),2018T4,trimestriel,cafe,CAFE Informatique,total,5619.0,abonnés,publie,principal,,A,,publication 2019T4
abonnes_internet_fixe,AR1 (ARCEP),2019T1,trimestriel,cafe,CAFE Informatique,total,5621.0,abonnés,publie,principal,,A,,publication 2020T1
abonnes_internet_fixe,AR1 (ARCEP),2019T2,trimestriel,cafe,CAFE Informatique,total,5695.0,abonnés,publie,principal,,A,,publication 2020T2
abonnes_internet_fixe,AR1 (ARCEP),2019T3,trimestriel,cafe,CAFE Informatique,total,5363.0,abonnés,publie,principal,,A,,publication 2020T3
abonnes_internet_fixe,AR1 (ARCEP),2019T4,trimestriel,cafe,CAFE Informatique,total,2334.0,abonnés,publie,principal,,A,,publication 2020T4
abonnes_internet_fixe,AR1 (ARCEP),2020T1,trimestriel,cafe,CAFE Informatique,total,2168.0,abonnés,publie,principal,,A,,publication 2021T1
abonnes_internet_fixe,AR1 (ARCEP),2020T2,trimestriel,cafe,CAFE Informatique,total,1838.0,abonnés,publie,principal,,A,,publication 2021T2
abonnes_internet_fixe,AR1 (ARCEP),2020T3,trimestriel,cafe,CAFE Informatique,total,1856.0,abonnés,publie,principal,,A,,publication 2021T3
abonnes_internet_fixe,AR1 (ARCEP),2020T4,trimestriel,cafe,CAFE Informatique,total,1768.0,abonnés,publie,principal,,A,,publication 2021T4
abonnes_internet_fixe,AR1 (ARCEP),2021T1,trimestriel,cafe,CAFE Informatique,total,1936.0,abonnés,publie,principal,,A,,publication 2022T1
abonnes_internet_fixe,AR1 (ARCEP),2021T2,trimestriel,cafe,CAFE Informatique,total,2091.0,abonnés,publie,principal,,A,,publication 2022T2
abonnes_internet_fixe,AR1 (ARCEP),2021T3,trimestriel,cafe,CAFE Informatique,total,2026.0,abonnés,publie,principal,,A,,publication 2022T3
abonnes_internet_fixe,AR1 (ARCEP),2021T4,trimestriel,cafe,CAFE Informatique,total,1921.0,abonnés,publie,principal,,A,,publication 2022T4
abonnes_internet_fixe,AR1 (ARCEP),2022T1,trimestriel,cafe,CAFE Informatique,total,1923.0,abonnés,publie,principal,,A,,publication 2023T1
abonnes_internet_fixe,AR1 (ARCEP),2022T2,trimestriel,cafe,CAFE Informatique,total,1690.0,abonnés,publie,principal,,A,,publication 2023T2
abonnes_internet_fixe,AR1 (ARCEP),2022T3,trimestriel,cafe,CAFE Informatique,total,1608.0,abonnés,publie,principal,,A,,publication 2023T2
abonnes_internet_fixe,AR1 (ARCEP),2022T4,trimestriel,cafe,CAFE Informatique,total,1527.0,abonnés,publie,principal,,A,,publication 2023T2
abonnes_internet_fixe,AR1 (ARCEP),2023T1,trimestriel,cafe,CAFE Informatique,total,1434.0,abonnés,publie,principal,,A,,publication 2024T1
abonnes_internet_fixe,AR1 (ARCEP),2023T2,trimestriel,cafe,CAFE Informatique,total,1356.0,abonnés,publie,principal,,A,,publication 2024T2
abonnes_internet_fixe,AR1 (ARCEP),2023T3,trimestriel,cafe,CAFE Informatique,total,1362.0,abonnés,publie,principal,,A,,publication 2024T3
abonnes_internet_fixe,AR1 (ARCEP),2023T4,trimestriel,cafe,CAFE Informatique,total,1270.0,abonnés,publie,principal,,A,,publication 2024T4
abonnes_internet_fixe,AR1 (ARCEP),2024T1,trimestriel,cafe,CAFE Informatique,total,1139.0,abonnés,publie,principal,,A,,publication 2025T1
abonnes_internet_fixe,AR1 (ARCEP),2024T2,trimestriel,cafe,CAFE Informatique,total,1051.0,abonnés,publie,principal,,A,,publication 2025T2
abonnes_internet_fixe,AR1 (ARCEP),2024T3,trimestriel,cafe,CAFE Informatique,total,1111.0,abonnés,publie,principal,,A,,publication 2025T3
abonnes_internet_fixe,AR1 (ARCEP),2024T4,trimestriel,cafe,CAFE Informatique,total,1097.0,abonnés,publie,principal,,A,,publication 2025T4
abonnes_internet_fixe,AR1 (ARCEP),2025T1,trimestriel,cafe,CAFE Informatique,total,955.0,abonnés,publie,principal,,A,,publication 2026T1
abonnes_internet_fixe,AR1 (ARCEP),2025T2,trimestriel,cafe,CAFE Informatique,total,1099.0,abonnés,publie,principal,,A,,publication 2026T2
abonnes_internet_fixe,AR1 (ARCEP),2025T3,trimestriel,cafe,CAFE Informatique,total,690.0,abonnés,publie,principal,,A,,publication 2026T2
abonnes_internet_fixe,AR1 (ARCEP),2025T4,trimestriel,cafe,CAFE Informatique,total,636.0,abonnés,publie,principal,,A,,publication 2026T2
abonnes_internet_fixe,"2b (INSEED, opendata)",2010,annuel,ensemble,Ensemble,total,31145.0,abonnés,publie,principal,,A,,"raccord P4 : 2b jusqu'en 2017, AR1 ensuite"
abonnes_internet_fixe,"2b (INSEED, opendata)",2011,annuel,ensemble,Ensemble,total,39968.0,abonnés,publie,principal,,A,,"raccord P4 : 2b jusqu'en 2017, AR1 ensuite"
abonnes_internet_fixe,"2b (INSEED, opendata)",2012,annuel,ensemble,Ensemble,total,52244.0,abonnés,publie,principal,,A,,"raccord P4 : 2b jusqu'en 2017, AR1 ensuite"
abonnes_internet_fixe,"2b (INSEED, opendata)",2013,annuel,ensemble,Ensemble,total,68755.0,abonnés,publie,principal,,A,,"raccord P4 : 2b jusqu'en 2017, AR1 ensuite"
abonnes_internet_fixe,"2b (INSEED, opendata)",2014,annuel,ensemble,Ensemble,total,82111.0,abonnés,publie,principal,,A,,"raccord P4 : 2b jusqu'en 2017, AR1 ensuite"
abonnes_internet_fixe,"2b (INSEED, opendata)",2015,annuel,ensemble,Ensemble,total,66072.0,abonnés,publie,principal,,A,,"raccord P4 : 2b jusqu'en 2017, AR1 ensuite"
abonnes_internet_fixe,"2b (INSEED, opendata)",2016,annuel,ensemble,Ensemble,total,48763.0,abonnés,publie,principal,,A,,"raccord P4 : 2b jusqu'en 2017, AR1 ensuite"
abonnes_internet_fixe,"2b (INSEED, opendata)",2017,annuel,ensemble,Ensemble,total,50550.0,abonnés,publie,principal,,A,,"raccord P4 : 2b jusqu'en 2017, AR1 ensuite"
abonnes_internet_fixe,AR1 (ARCEP),2018,annuel,ensemble,Ensemble,total,26166.0,abonnés,valeur_T4,principal,,A,,
abonnes_internet_fixe,AR1 (ARCEP),2018,annuel,ensemble,Ensemble,total,27399.25,abonnés,moyenne_4T,sensibilite,,A,,
abonnes_internet_fixe,"2b (INSEED, opendata)",2018,annuel,ensemble,Ensemble,total,26156.0,abonnés,publie,controle,,A,,non retenu après 2017 (P4)
abonnes_internet_fixe,AR1 (ARCEP),2019,annuel,ensemble,Ensemble,total,31899.0,abonnés,valeur_T4,principal,,A,,
abonnes_internet_fixe,AR1 (ARCEP),2019,annuel,ensemble,Ensemble,total,30094.75,abonnés,moyenne_4T,sensibilite,,A,,
abonnes_internet_fixe,"2b (INSEED, opendata)",2019,annuel,ensemble,Ensemble,total,31899.0,abonnés,publie,controle,,A,,non retenu après 2017 (P4) ; valeur 2019 écartée
abonnes_internet_fixe,AR1 (ARCEP),2020,annuel,ensemble,Ensemble,total,52707.0,abonnés,valeur_T4,principal,,A,,
abonnes_internet_fixe,AR1 (ARCEP),2020,annuel,ensemble,Ensemble,total,44687.5,abonnés,moyenne_4T,sensibilite,,A,,
abonnes_internet_fixe,"2b (INSEED, opendata)",2020,annuel,ensemble,Ensemble,total,52706.0,abonnés,publie,controle,,A,,non retenu après 2017 (P4)
abonnes_internet_fixe,AR1 (ARCEP),2021,annuel,ensemble,Ensemble,total,69384.0,abonnés,valeur_T4,principal,,A,,
abonnes_internet_fixe,AR1 (ARCEP),2021,annuel,ensemble,Ensemble,total,61256.75,abonnés,moyenne_4T,sensibilite,,A,,
abonnes_internet_fixe,"2b (INSEED, opendata)",2021,annuel,ensemble,Ensemble,total,66528.0,abonnés,publie,controle,,A,,non retenu après 2017 (P4)
abonnes_internet_fixe,AR1 (ARCEP),2022,annuel,ensemble,Ensemble,total,94226.0,abonnés,valeur_T4,principal,,A,,
abonnes_internet_fixe,AR1 (ARCEP),2022,annuel,ensemble,Ensemble,total,82550.25,abonnés,moyenne_4T,sensibilite,,A,,
abonnes_internet_fixe,"2b (INSEED, opendata)",2022,annuel,ensemble,Ensemble,total,94282.0,abonnés,publie,controle,,A,,non retenu après 2017 (P4)
abonnes_internet_fixe,AR1 (ARCEP),2023,annuel,ensemble,Ensemble,total,114231.0,abonnés,valeur_T4,principal,,A,,
abonnes_internet_fixe,AR1 (ARCEP),2023,annuel,ensemble,Ensemble,total,104636.25,abonnés,moyenne_4T,sensibilite,,A,,
abonnes_internet_fixe,AR1 (ARCEP),2024,annuel,ensemble,Ensemble,total,134677.0,abonnés,valeur_T4,principal,,A,,
abonnes_internet_fixe,AR1 (ARCEP),2024,annuel,ensemble,Ensemble,total,121718.5,abonnés,moyenne_4T,sensibilite,,A,,
abonnes_internet_fixe,AR1 (ARCEP),2025,annuel,ensemble,Ensemble,total,154237.0,abonnés,valeur_T4,principal,,A,,
abonnes_internet_fixe,AR1 (ARCEP),2025,annuel,ensemble,Ensemble,total,141307.5,abonnés,moyenne_4T,sensibilite,,A,,
abonnes_internet_fixe,AR1 (ARCEP),2026S1,semestriel,ensemble,Ensemble,total,152134.0,abonnés,moyenne_trimestres,principal,,A,,année incomplète : T1 et T2 seulement
abonnes_internet_fixe,AR1 (ARCEP),2017T1,trimestriel,ensemble,Ensemble,total,49117.0,abonnés,publie,principal,,A,,publication 2018T1
abonnes_internet_fixe,AR1 (ARCEP),2017T2,trimestriel,ensemble,Ensemble,total,46239.0,abonnés,publie,principal,,A,,publication 2018T2
abonnes_internet_fixe,AR1 (ARCEP),2017T3,trimestriel,ensemble,Ensemble,total,48378.0,abonnés,publie,principal,,A,,publication 2018T3
abonnes_internet_fixe,AR1 (ARCEP),2017T4,trimestriel,ensemble,Ensemble,total,50550.0,abonnés,publie,principal,,A,,publication 2018T4
abonnes_internet_fixe,AR1 (ARCEP),2018T1,trimestriel,ensemble,Ensemble,total,42633.0,abonnés,publie,principal,,A,,publication 2019T1
abonnes_internet_fixe,AR1 (ARCEP),2018T2,trimestriel,ensemble,Ensemble,total,18767.0,abonnés,publie,principal,,A,,publication 2019T2
abonnes_internet_fixe,AR1 (ARCEP),2018T3,trimestriel,ensemble,Ensemble,total,22031.0,abonnés,publie,principal,,A,,publication 2019T3
abonnes_internet_fixe,AR1 (ARCEP),2018T4,trimestriel,ensemble,Ensemble,total,26166.0,abonnés,publie,principal,,A,,publication 2019T4 ; révisée (4.51 %)
abonnes_internet_fixe,AR1 (ARCEP),2019T1,trimestriel,ensemble,Ensemble,total,29327.0,abonnés,publie,principal,,A,,publication 2020T1 ; révisée (5.73 %)
abonnes_internet_fixe,AR1 (ARCEP),2019T2,trimestriel,ensemble,Ensemble,total,28101.0,abonnés,publie,principal,,A,,publication 2020T2
abonnes_internet_fixe,AR1 (ARCEP),2019T3,trimestriel,ensemble,Ensemble,total,31052.0,abonnés,publie,principal,,A,,publication 2020T3
abonnes_internet_fixe,AR1 (ARCEP),2019T4,trimestriel,ensemble,Ensemble,total,31899.0,abonnés,publie,principal,,A,,publication 2020T4
abonnes_internet_fixe,AR1 (ARCEP),2020T1,trimestriel,ensemble,Ensemble,total,36724.0,abonnés,publie,principal,,A,,publication 2021T1 ; révisée (8.31 %)
abonnes_internet_fixe,AR1 (ARCEP),2020T2,trimestriel,ensemble,Ensemble,total,41776.0,abonnés,publie,principal,,A,,publication 2021T2
abonnes_internet_fixe,AR1 (ARCEP),2020T3,trimestriel,ensemble,Ensemble,total,47543.0,abonnés,publie,principal,,A,,publication 2021T3
abonnes_internet_fixe,AR1 (ARCEP),2020T4,trimestriel,ensemble,Ensemble,total,52707.0,abonnés,publie,principal,,A,,publication 2021T4
abonnes_internet_fixe,AR1 (ARCEP),2021T1,trimestriel,ensemble,Ensemble,total,61689.0,abonnés,publie,principal,,A,,publication 2022T1 ; révisée (3.87 %)
abonnes_internet_fixe,AR1 (ARCEP),2021T2,trimestriel,ensemble,Ensemble,total,54091.0,abonnés,publie,principal,,A,,publication 2022T2
abonnes_internet_fixe,AR1 (ARCEP),2021T3,trimestriel,ensemble,Ensemble,total,59863.0,abonnés,publie,principal,,A,,publication 2022T3
abonnes_internet_fixe,AR1 (ARCEP),2021T4,trimestriel,ensemble,Ensemble,total,69384.0,abonnés,publie,principal,,A,,publication 2022T4
abonnes_internet_fixe,AR1 (ARCEP),2022T1,trimestriel,ensemble,Ensemble,total,72978.0,abonnés,publie,principal,,A,,publication 2023T1
abonnes_internet_fixe,AR1 (ARCEP),2022T2,trimestriel,ensemble,Ensemble,total,78533.0,abonnés,publie,principal,,A,,publication 2023T2
abonnes_internet_fixe,AR1 (ARCEP),2022T3,trimestriel,ensemble,Ensemble,total,84464.0,abonnés,publie,principal,,A,,publication 2023T2
abonnes_internet_fixe,AR1 (ARCEP),2022T4,trimestriel,ensemble,Ensemble,total,94226.0,abonnés,publie,principal,,A,,publication 2023T2
abonnes_internet_fixe,AR1 (ARCEP),2023T1,trimestriel,ensemble,Ensemble,total,99301.0,abonnés,publie,principal,,A,,publication 2024T1
abonnes_internet_fixe,AR1 (ARCEP),2023T2,trimestriel,ensemble,Ensemble,total,98711.0,abonnés,publie,principal,,A,,publication 2024T2
abonnes_internet_fixe,AR1 (ARCEP),2023T3,trimestriel,ensemble,Ensemble,total,106302.0,abonnés,publie,principal,,A,,publication 2024T3
abonnes_internet_fixe,AR1 (ARCEP),2023T4,trimestriel,ensemble,Ensemble,total,114231.0,abonnés,publie,principal,,A,,publication 2024T4
abonnes_internet_fixe,AR1 (ARCEP),2024T1,trimestriel,ensemble,Ensemble,total,110345.0,abonnés,publie,principal,,A,,publication 2025T1
abonnes_internet_fixe,AR1 (ARCEP),2024T2,trimestriel,ensemble,Ensemble,total,117715.0,abonnés,publie,principal,,A,,publication 2025T2
abonnes_internet_fixe,AR1 (ARCEP),2024T3,trimestriel,ensemble,Ensemble,total,124137.0,abonnés,publie,principal,,A,,publication 2025T3
abonnes_internet_fixe,AR1 (ARCEP),2024T4,trimestriel,ensemble,Ensemble,total,134677.0,abonnés,publie,principal,,A,,publication 2025T4
abonnes_internet_fixe,AR1 (ARCEP),2025T1,trimestriel,ensemble,Ensemble,total,133952.0,abonnés,publie,principal,,A,,publication 2026T1
abonnes_internet_fixe,AR1 (ARCEP),2025T2,trimestriel,ensemble,Ensemble,total,138369.0,abonnés,publie,principal,,A,,publication 2026T2
abonnes_internet_fixe,AR1 (ARCEP),2025T3,trimestriel,ensemble,Ensemble,total,138672.0,abonnés,publie,principal,,A,,publication 2026T2
abonnes_internet_fixe,AR1 (ARCEP),2025T4,trimestriel,ensemble,Ensemble,total,154237.0,abonnés,publie,principal,,A,,publication 2026T2
abonnes_internet_fixe,AR1 (ARCEP),2026T1,trimestriel,ensemble,Ensemble,total,148560.0,abonnés,publie,principal,,A,,publication 2026T2
abonnes_internet_fixe,AR1 (ARCEP),2026T2,trimestriel,ensemble,Ensemble,total,155708.0,abonnés,publie,principal,,A,,publication 2026T2
abonnes_internet_fixe,AR1 (ARCEP),2018,annuel,gva,GVA Togo,total,1180.0,abonnés,valeur_T4,principal,,A,,
abonnes_internet_fixe,"2b (INSEED, opendata)",2018,annuel,gva,GVA Togo,total,1180.0,abonnés,publie,controle,,A,,non retenu après 2017 (P4)
abonnes_internet_fixe,AR1 (ARCEP),2019,annuel,gva,GVA Togo,total,5945.0,abonnés,valeur_T4,principal,,A,,
abonnes_internet_fixe,AR1 (ARCEP),2019,annuel,gva,GVA Togo,total,3413.25,abonnés,moyenne_4T,sensibilite,,A,,
abonnes_internet_fixe,"2b (INSEED, opendata)",2019,annuel,gva,GVA Togo,total,5945.0,abonnés,publie,controle,,A,,non retenu après 2017 (P4) ; valeur 2019 écartée
abonnes_internet_fixe,AR1 (ARCEP),2020,annuel,gva,GVA Togo,total,18270.0,abonnés,valeur_T4,principal,,A,,
abonnes_internet_fixe,AR1 (ARCEP),2020,annuel,gva,GVA Togo,total,13644.0,abonnés,moyenne_4T,sensibilite,,A,,
abonnes_internet_fixe,"2b (INSEED, opendata)",2020,annuel,gva,GVA Togo,total,18270.0,abonnés,publie,controle,,A,,non retenu après 2017 (P4)
abonnes_internet_fixe,AR1 (ARCEP),2021,annuel,gva,GVA Togo,total,36050.0,abonnés,valeur_T4,principal,,A,,
abonnes_internet_fixe,AR1 (ARCEP),2021,annuel,gva,GVA Togo,total,28568.5,abonnés,moyenne_4T,sensibilite,,A,,
abonnes_internet_fixe,"2b (INSEED, opendata)",2021,annuel,gva,GVA Togo,total,36050.0,abonnés,publie,controle,,A,,non retenu après 2017 (P4)
abonnes_internet_fixe,AR1 (ARCEP),2022,annuel,gva,GVA Togo,total,50623.0,abonnés,valeur_T4,principal,,A,,
abonnes_internet_fixe,AR1 (ARCEP),2022,annuel,gva,GVA Togo,total,43367.25,abonnés,moyenne_4T,sensibilite,,A,,
abonnes_internet_fixe,"2b (INSEED, opendata)",2022,annuel,gva,GVA Togo,total,50623.0,abonnés,publie,controle,,A,,non retenu après 2017 (P4)
abonnes_internet_fixe,AR1 (ARCEP),2023,annuel,gva,GVA Togo,total,67247.0,abonnés,valeur_T4,principal,,A,,
abonnes_internet_fixe,AR1 (ARCEP),2023,annuel,gva,GVA Togo,total,57463.5,abonnés,moyenne_4T,sensibilite,,A,,
abonnes_internet_fixe,AR1 (ARCEP),2024,annuel,gva,GVA Togo,total,78892.0,abonnés,valeur_T4,principal,,A,,
abonnes_internet_fixe,AR1 (ARCEP),2024,annuel,gva,GVA Togo,total,71033.0,abonnés,moyenne_4T,sensibilite,,A,,
abonnes_internet_fixe,AR1 (ARCEP),2025,annuel,gva,GVA Togo,total,88976.0,abonnés,valeur_T4,principal,,A,,
abonnes_internet_fixe,AR1 (ARCEP),2025,annuel,gva,GVA Togo,total,80211.5,abonnés,moyenne_4T,sensibilite,,A,,
abonnes_internet_fixe,AR1 (ARCEP),2026S1,semestriel,gva,GVA Togo,total,84772.5,abonnés,moyenne_trimestres,principal,,A,,année incomplète : T1 et T2 seulement
abonnes_internet_fixe,AR1 (ARCEP),2018T4,trimestriel,gva,GVA Togo,total,1180.0,abonnés,publie,principal,,A,,publication 2019T4
abonnes_internet_fixe,AR1 (ARCEP),2019T1,trimestriel,gva,GVA Togo,total,1680.0,abonnés,publie,principal,,A,,publication 2020T1
abonnes_internet_fixe,AR1 (ARCEP),2019T2,trimestriel,gva,GVA Togo,total,2100.0,abonnés,publie,principal,,A,,publication 2020T2
abonnes_internet_fixe,AR1 (ARCEP),2019T3,trimestriel,gva,GVA Togo,total,3928.0,abonnés,publie,principal,,A,,publication 2020T3
abonnes_internet_fixe,AR1 (ARCEP),2019T4,trimestriel,gva,GVA Togo,total,5945.0,abonnés,publie,principal,,A,,publication 2020T4
abonnes_internet_fixe,AR1 (ARCEP),2020T1,trimestriel,gva,GVA Togo,total,8998.0,abonnés,publie,principal,,A,,publication 2021T1
abonnes_internet_fixe,AR1 (ARCEP),2020T2,trimestriel,gva,GVA Togo,total,12390.0,abonnés,publie,principal,,A,,publication 2021T2
abonnes_internet_fixe,AR1 (ARCEP),2020T3,trimestriel,gva,GVA Togo,total,14918.0,abonnés,publie,principal,,A,,publication 2021T3
abonnes_internet_fixe,AR1 (ARCEP),2020T4,trimestriel,gva,GVA Togo,total,18270.0,abonnés,publie,principal,,A,,publication 2021T4
abonnes_internet_fixe,AR1 (ARCEP),2021T1,trimestriel,gva,GVA Togo,total,23203.0,abonnés,publie,principal,,A,,publication 2022T1 ; révisée (10.28 %)
abonnes_internet_fixe,AR1 (ARCEP),2021T2,trimestriel,gva,GVA Togo,total,25588.0,abonnés,publie,principal,,A,,publication 2022T2
abonnes_internet_fixe,AR1 (ARCEP),2021T3,trimestriel,gva,GVA Togo,total,29433.0,abonnés,publie,principal,,A,,publication 2022T3
abonnes_internet_fixe,AR1 (ARCEP),2021T4,trimestriel,gva,GVA Togo,total,36050.0,abonnés,publie,principal,,A,,publication 2022T4
abonnes_internet_fixe,AR1 (ARCEP),2022T1,trimestriel,gva,GVA Togo,total,36977.0,abonnés,publie,principal,,A,,publication 2023T1
abonnes_internet_fixe,AR1 (ARCEP),2022T2,trimestriel,gva,GVA Togo,total,41192.0,abonnés,publie,principal,,A,,publication 2023T2
abonnes_internet_fixe,AR1 (ARCEP),2022T3,trimestriel,gva,GVA Togo,total,44677.0,abonnés,publie,principal,,A,,publication 2023T2
abonnes_internet_fixe,AR1 (ARCEP),2022T4,trimestriel,gva,GVA Togo,total,50623.0,abonnés,publie,principal,,A,,publication 2023T2
abonnes_internet_fixe,AR1 (ARCEP),2023T1,trimestriel,gva,GVA Togo,total,52700.0,abonnés,publie,principal,,A,,publication 2024T1
abonnes_internet_fixe,AR1 (ARCEP),2023T2,trimestriel,gva,GVA Togo,total,52131.0,abonnés,publie,principal,,A,,publication 2024T2
abonnes_internet_fixe,AR1 (ARCEP),2023T3,trimestriel,gva,GVA Togo,total,57776.0,abonnés,publie,principal,,A,,publication 2024T3
abonnes_internet_fixe,AR1 (ARCEP),2023T4,trimestriel,gva,GVA Togo,total,67247.0,abonnés,publie,principal,,A,,publication 2024T4
abonnes_internet_fixe,AR1 (ARCEP),2024T1,trimestriel,gva,GVA Togo,total,64871.0,abonnés,publie,principal,,A,,publication 2025T1
abonnes_internet_fixe,AR1 (ARCEP),2024T2,trimestriel,gva,GVA Togo,total,69473.0,abonnés,publie,principal,,A,,publication 2025T2
abonnes_internet_fixe,AR1 (ARCEP),2024T3,trimestriel,gva,GVA Togo,total,70896.0,abonnés,publie,principal,,A,,publication 2025T3
abonnes_internet_fixe,AR1 (ARCEP),2024T4,trimestriel,gva,GVA Togo,total,78892.0,abonnés,publie,principal,,A,,publication 2025T4
abonnes_internet_fixe,AR1 (ARCEP),2025T1,trimestriel,gva,GVA Togo,total,75409.0,abonnés,publie,principal,,A,,publication 2026T1
abonnes_internet_fixe,AR1 (ARCEP),2025T2,trimestriel,gva,GVA Togo,total,79409.0,abonnés,publie,principal,,A,,publication 2026T2
abonnes_internet_fixe,AR1 (ARCEP),2025T3,trimestriel,gva,GVA Togo,total,77052.0,abonnés,publie,principal,,A,,publication 2026T2
abonnes_internet_fixe,AR1 (ARCEP),2025T4,trimestriel,gva,GVA Togo,total,88976.0,abonnés,publie,principal,,A,,publication 2026T2
abonnes_internet_fixe,AR1 (ARCEP),2026T1,trimestriel,gva,GVA Togo,total,81105.0,abonnés,publie,principal,,A,,publication 2026T2
abonnes_internet_fixe,AR1 (ARCEP),2026T2,trimestriel,gva,GVA Togo,total,88440.0,abonnés,publie,principal,,A,,publication 2026T2
abonnes_internet_fixe,AR1 (ARCEP),2018,annuel,teolis,TEOLIS,total,17.0,abonnés,valeur_T4,principal,,A,,
abonnes_internet_fixe,"2b (INSEED, opendata)",2018,annuel,teolis,TEOLIS,total,17.0,abonnés,publie,controle,,A,,non retenu après 2017 (P4)
abonnes_internet_fixe,AR1 (ARCEP),2019,annuel,teolis,TEOLIS,total,154.0,abonnés,valeur_T4,principal,,A,,
abonnes_internet_fixe,AR1 (ARCEP),2019,annuel,teolis,TEOLIS,total,98.0,abonnés,moyenne_4T,sensibilite,,A,,
abonnes_internet_fixe,"2b (INSEED, opendata)",2019,annuel,teolis,TEOLIS,total,154.0,abonnés,publie,controle,,A,,non retenu après 2017 (P4) ; valeur 2019 écartée
abonnes_internet_fixe,AR1 (ARCEP),2020,annuel,teolis,TEOLIS,total,254.0,abonnés,valeur_T4,principal,,A,,
abonnes_internet_fixe,AR1 (ARCEP),2020,annuel,teolis,TEOLIS,total,213.5,abonnés,moyenne_4T,sensibilite,,A,,
abonnes_internet_fixe,"2b (INSEED, opendata)",2020,annuel,teolis,TEOLIS,total,254.0,abonnés,publie,controle,,A,,non retenu après 2017 (P4)
abonnes_internet_fixe,AR1 (ARCEP),2021,annuel,teolis,TEOLIS,total,510.0,abonnés,valeur_T4,principal,,A,,
abonnes_internet_fixe,AR1 (ARCEP),2021,annuel,teolis,TEOLIS,total,323.25,abonnés,moyenne_4T,sensibilite,,A,,
abonnes_internet_fixe,"2b (INSEED, opendata)",2021,annuel,teolis,TEOLIS,total,510.0,abonnés,publie,controle,,A,,non retenu après 2017 (P4)
abonnes_internet_fixe,AR1 (ARCEP),2022,annuel,teolis,TEOLIS,total,584.0,abonnés,valeur_T4,principal,,A,,
abonnes_internet_fixe,AR1 (ARCEP),2022,annuel,teolis,TEOLIS,total,563.0,abonnés,moyenne_4T,sensibilite,,A,,
abonnes_internet_fixe,"2b (INSEED, opendata)",2022,annuel,teolis,TEOLIS,total,584.0,abonnés,publie,controle,,A,,non retenu après 2017 (P4)
abonnes_internet_fixe,AR1 (ARCEP),2023,annuel,teolis,TEOLIS,total,633.0,abonnés,valeur_T4,principal,,A,,
abonnes_internet_fixe,AR1 (ARCEP),2023,annuel,teolis,TEOLIS,total,613.0,abonnés,moyenne_4T,sensibilite,,A,,
abonnes_internet_fixe,AR1 (ARCEP),2024,annuel,teolis,TEOLIS,total,667.0,abonnés,valeur_T4,principal,,A,,
abonnes_internet_fixe,AR1 (ARCEP),2024,annuel,teolis,TEOLIS,total,657.0,abonnés,moyenne_4T,sensibilite,,A,,
abonnes_internet_fixe,AR1 (ARCEP),2025,annuel,teolis,TEOLIS,total,797.0,abonnés,valeur_T4,principal,,A,,
abonnes_internet_fixe,AR1 (ARCEP),2025,annuel,teolis,TEOLIS,total,790.25,abonnés,moyenne_4T,sensibilite,,A,,
abonnes_internet_fixe,AR1 (ARCEP),2026S1,semestriel,teolis,TEOLIS,total,654.5,abonnés,moyenne_trimestres,principal,,A,,année incomplète : T1 et T2 seulement
abonnes_internet_fixe,AR1 (ARCEP),2018T2,trimestriel,teolis,TEOLIS,total,14.0,abonnés,publie,principal,,A,,publication 2019T2
abonnes_internet_fixe,AR1 (ARCEP),2018T3,trimestriel,teolis,TEOLIS,total,16.0,abonnés,publie,principal,,A,,publication 2019T3
abonnes_internet_fixe,AR1 (ARCEP),2018T4,trimestriel,teolis,TEOLIS,total,17.0,abonnés,publie,principal,,A,,publication 2019T4
abonnes_internet_fixe,AR1 (ARCEP),2019T1,trimestriel,teolis,TEOLIS,total,36.0,abonnés,publie,principal,,A,,publication 2020T1
abonnes_internet_fixe,AR1 (ARCEP),2019T2,trimestriel,teolis,TEOLIS,total,68.0,abonnés,publie,principal,,A,,publication 2020T2
abonnes_internet_fixe,AR1 (ARCEP),2019T3,trimestriel,teolis,TEOLIS,total,134.0,abonnés,publie,principal,,A,,publication 2020T3
abonnes_internet_fixe,AR1 (ARCEP),2019T4,trimestriel,teolis,TEOLIS,total,154.0,abonnés,publie,principal,,A,,publication 2020T4
abonnes_internet_fixe,AR1 (ARCEP),2020T1,trimestriel,teolis,TEOLIS,total,169.0,abonnés,publie,principal,,A,,publication 2021T1
abonnes_internet_fixe,AR1 (ARCEP),2020T2,trimestriel,teolis,TEOLIS,total,203.0,abonnés,publie,principal,,A,,publication 2021T2
abonnes_internet_fixe,AR1 (ARCEP),2020T3,trimestriel,teolis,TEOLIS,total,228.0,abonnés,publie,principal,,A,,publication 2021T3
abonnes_internet_fixe,AR1 (ARCEP),2020T4,trimestriel,teolis,TEOLIS,total,254.0,abonnés,publie,principal,,A,,publication 2021T4
abonnes_internet_fixe,AR1 (ARCEP),2021T1,trimestriel,teolis,TEOLIS,total,250.0,abonnés,publie,principal,,A,,publication 2022T1
abonnes_internet_fixe,AR1 (ARCEP),2021T2,trimestriel,teolis,TEOLIS,total,258.0,abonnés,publie,principal,,A,,publication 2022T2 ; révisée (3.1 %)
abonnes_internet_fixe,AR1 (ARCEP),2021T3,trimestriel,teolis,TEOLIS,total,275.0,abonnés,publie,principal,,A,,publication 2022T3
abonnes_internet_fixe,AR1 (ARCEP),2021T4,trimestriel,teolis,TEOLIS,total,510.0,abonnés,publie,principal,,A,,publication 2022T4
abonnes_internet_fixe,AR1 (ARCEP),2022T1,trimestriel,teolis,TEOLIS,total,531.0,abonnés,publie,principal,,A,,publication 2023T1
abonnes_internet_fixe,AR1 (ARCEP),2022T2,trimestriel,teolis,TEOLIS,total,564.0,abonnés,publie,principal,,A,,publication 2023T2
abonnes_internet_fixe,AR1 (ARCEP),2022T3,trimestriel,teolis,TEOLIS,total,573.0,abonnés,publie,principal,,A,,publication 2023T2
abonnes_internet_fixe,AR1 (ARCEP),2022T4,trimestriel,teolis,TEOLIS,total,584.0,abonnés,publie,principal,,A,,publication 2023T2
abonnes_internet_fixe,AR1 (ARCEP),2023T1,trimestriel,teolis,TEOLIS,total,597.0,abonnés,publie,principal,,A,,publication 2024T1
abonnes_internet_fixe,AR1 (ARCEP),2023T2,trimestriel,teolis,TEOLIS,total,604.0,abonnés,publie,principal,,A,,publication 2024T2
abonnes_internet_fixe,AR1 (ARCEP),2023T3,trimestriel,teolis,TEOLIS,total,618.0,abonnés,publie,principal,,A,,publication 2024T3
abonnes_internet_fixe,AR1 (ARCEP),2023T4,trimestriel,teolis,TEOLIS,total,633.0,abonnés,publie,principal,,A,,publication 2024T4
abonnes_internet_fixe,AR1 (ARCEP),2024T1,trimestriel,teolis,TEOLIS,total,647.0,abonnés,publie,principal,,A,,publication 2025T1
abonnes_internet_fixe,AR1 (ARCEP),2024T2,trimestriel,teolis,TEOLIS,total,655.0,abonnés,publie,principal,,A,,publication 2025T2
abonnes_internet_fixe,AR1 (ARCEP),2024T3,trimestriel,teolis,TEOLIS,total,659.0,abonnés,publie,principal,,A,,publication 2025T3
abonnes_internet_fixe,AR1 (ARCEP),2024T4,trimestriel,teolis,TEOLIS,total,667.0,abonnés,publie,principal,,A,,publication 2025T4
abonnes_internet_fixe,AR1 (ARCEP),2025T1,trimestriel,teolis,TEOLIS,total,783.0,abonnés,publie,principal,,A,,publication 2026T1
abonnes_internet_fixe,AR1 (ARCEP),2025T2,trimestriel,teolis,TEOLIS,total,788.0,abonnés,publie,principal,,A,,publication 2026T2
abonnes_internet_fixe,AR1 (ARCEP),2025T3,trimestriel,teolis,TEOLIS,total,793.0,abonnés,publie,principal,,A,,publication 2026T2
abonnes_internet_fixe,AR1 (ARCEP),2025T4,trimestriel,teolis,TEOLIS,total,797.0,abonnés,publie,principal,,A,,publication 2026T2
abonnes_internet_fixe,AR1 (ARCEP),2026T1,trimestriel,teolis,TEOLIS,total,797.0,abonnés,publie,principal,,A,,publication 2026T2
abonnes_internet_fixe,AR1 (ARCEP),2026T2,trimestriel,teolis,TEOLIS,total,512.0,abonnés,publie,principal,,A,,publication 2026T2
abonnes_internet_fixe,"2b (INSEED, opendata)",2010,annuel,togo_telecom,"Togo Telecom (YAS, fixe)",total,30130.0,abonnés,publie,principal,,A,,"raccord P4 : 2b jusqu'en 2017, AR1 ensuite"
abonnes_internet_fixe,"2b (INSEED, opendata)",2011,annuel,togo_telecom,"Togo Telecom (YAS, fixe)",total,39010.0,abonnés,publie,principal,,A,,"raccord P4 : 2b jusqu'en 2017, AR1 ensuite"
abonnes_internet_fixe,"2b (INSEED, opendata)",2012,annuel,togo_telecom,"Togo Telecom (YAS, fixe)",total,51096.0,abonnés,publie,principal,,A,,"raccord P4 : 2b jusqu'en 2017, AR1 ensuite"
abonnes_internet_fixe,"2b (INSEED, opendata)",2013,annuel,togo_telecom,"Togo Telecom (YAS, fixe)",total,65991.0,abonnés,publie,principal,,A,,"raccord P4 : 2b jusqu'en 2017, AR1 ensuite"
abonnes_internet_fixe,"2b (INSEED, opendata)",2014,annuel,togo_telecom,"Togo Telecom (YAS, fixe)",total,79621.0,abonnés,publie,principal,,A,,"raccord P4 : 2b jusqu'en 2017, AR1 ensuite"
abonnes_internet_fixe,"2b (INSEED, opendata)",2015,annuel,togo_telecom,"Togo Telecom (YAS, fixe)",total,63108.0,abonnés,publie,principal,,A,,"raccord P4 : 2b jusqu'en 2017, AR1 ensuite"
abonnes_internet_fixe,"2b (INSEED, opendata)",2016,annuel,togo_telecom,"Togo Telecom (YAS, fixe)",total,44613.0,abonnés,publie,principal,,A,,"raccord P4 : 2b jusqu'en 2017, AR1 ensuite"
abonnes_internet_fixe,"2b (INSEED, opendata)",2017,annuel,togo_telecom,"Togo Telecom (YAS, fixe)",total,45757.0,abonnés,publie,principal,,A,,"raccord P4 : 2b jusqu'en 2017, AR1 ensuite"
abonnes_internet_fixe,AR1 (ARCEP),2018,annuel,togo_telecom,"Togo Telecom (YAS, fixe)",total,19350.0,abonnés,valeur_T4,principal,,A,,
abonnes_internet_fixe,AR1 (ARCEP),2018,annuel,togo_telecom,"Togo Telecom (YAS, fixe)",total,21748.75,abonnés,moyenne_4T,sensibilite,,A,,
abonnes_internet_fixe,"2b (INSEED, opendata)",2018,annuel,togo_telecom,"Togo Telecom (YAS, fixe)",total,19340.0,abonnés,publie,controle,,A,,non retenu après 2017 (P4)
abonnes_internet_fixe,AR1 (ARCEP),2019,annuel,togo_telecom,"Togo Telecom (YAS, fixe)",total,23466.0,abonnés,valeur_T4,principal,,A,,
abonnes_internet_fixe,AR1 (ARCEP),2019,annuel,togo_telecom,"Togo Telecom (YAS, fixe)",total,21830.25,abonnés,moyenne_4T,sensibilite,,A,,
abonnes_internet_fixe,"2b (INSEED, opendata)",2019,annuel,togo_telecom,"Togo Telecom (YAS, fixe)",total,23466.0,abonnés,publie,controle,,A,,non retenu après 2017 (P4) ; valeur 2019 écartée
abonnes_internet_fixe,AR1 (ARCEP),2020,annuel,togo_telecom,"Togo Telecom (YAS, fixe)",total,32415.0,abonnés,valeur_T4,principal,,A,,
abonnes_internet_fixe,AR1 (ARCEP),2020,annuel,togo_telecom,"Togo Telecom (YAS, fixe)",total,28922.5,abonnés,moyenne_4T,sensibilite,,A,,
abonnes_internet_fixe,"2b (INSEED, opendata)",2020,annuel,togo_telecom,"Togo Telecom (YAS, fixe)",total,32414.0,abonnés,publie,controle,,A,,non retenu après 2017 (P4)
abonnes_internet_fixe,AR1 (ARCEP),2021,annuel,togo_telecom,"Togo Telecom (YAS, fixe)",total,30903.0,abonnés,valeur_T4,principal,,A,,
abonnes_internet_fixe,AR1 (ARCEP),2021,annuel,togo_telecom,"Togo Telecom (YAS, fixe)",total,30371.5,abonnés,moyenne_4T,sensibilite,,A,,
abonnes_internet_fixe,"2b (INSEED, opendata)",2021,annuel,togo_telecom,"Togo Telecom (YAS, fixe)",total,28047.0,abonnés,publie,controle,,A,,non retenu après 2017 (P4)
abonnes_internet_fixe,AR1 (ARCEP),2022,annuel,togo_telecom,"Togo Telecom (YAS, fixe)",total,41492.0,abonnés,valeur_T4,principal,,A,,
abonnes_internet_fixe,AR1 (ARCEP),2022,annuel,togo_telecom,"Togo Telecom (YAS, fixe)",total,36933.0,abonnés,moyenne_4T,sensibilite,,A,,
abonnes_internet_fixe,"2b (INSEED, opendata)",2022,annuel,togo_telecom,"Togo Telecom (YAS, fixe)",total,41404.0,abonnés,publie,controle,,A,,non retenu après 2017 (P4)
abonnes_internet_fixe,AR1 (ARCEP),2023,annuel,togo_telecom,"Togo Telecom (YAS, fixe)",total,45081.0,abonnés,valeur_T4,principal,,A,,
abonnes_internet_fixe,AR1 (ARCEP),2023,annuel,togo_telecom,"Togo Telecom (YAS, fixe)",total,45204.25,abonnés,moyenne_4T,sensibilite,,A,,
abonnes_internet_fixe,AR1 (ARCEP),2024,annuel,togo_telecom,"Togo Telecom (YAS, fixe)",total,54021.0,abonnés,valeur_T4,principal,,A,,
abonnes_internet_fixe,AR1 (ARCEP),2024,annuel,togo_telecom,"Togo Telecom (YAS, fixe)",total,48929.0,abonnés,moyenne_4T,sensibilite,,A,,
abonnes_internet_fixe,AR1 (ARCEP),2025,annuel,togo_telecom,"Togo Telecom (YAS, fixe)",total,63828.0,abonnés,valeur_T4,principal,,A,,
abonnes_internet_fixe,AR1 (ARCEP),2025,annuel,togo_telecom,"Togo Telecom (YAS, fixe)",total,59460.75,abonnés,moyenne_4T,sensibilite,,A,,
abonnes_internet_fixe,AR1 (ARCEP),2026S1,semestriel,togo_telecom,"Togo Telecom (YAS, fixe)",total,66707.0,abonnés,moyenne_trimestres,principal,,A,,année incomplète : T1 et T2 seulement
abonnes_internet_fixe,AR1 (ARCEP),2017T1,trimestriel,togo_telecom,"Togo Telecom (YAS, fixe)",total,44857.0,abonnés,publie,principal,,A,,publication 2018T1
abonnes_internet_fixe,AR1 (ARCEP),2017T2,trimestriel,togo_telecom,"Togo Telecom (YAS, fixe)",total,41866.0,abonnés,publie,principal,,A,,publication 2018T2
abonnes_internet_fixe,AR1 (ARCEP),2017T3,trimestriel,togo_telecom,"Togo Telecom (YAS, fixe)",total,43839.0,abonnés,publie,principal,,A,,publication 2018T3
abonnes_internet_fixe,AR1 (ARCEP),2017T4,trimestriel,togo_telecom,"Togo Telecom (YAS, fixe)",total,45757.0,abonnés,publie,principal,,A,,publication 2018T4
abonnes_internet_fixe,AR1 (ARCEP),2018T1,trimestriel,togo_telecom,"Togo Telecom (YAS, fixe)",total,37572.0,abonnés,publie,principal,,A,,publication 2019T1
abonnes_internet_fixe,AR1 (ARCEP),2018T2,trimestriel,togo_telecom,"Togo Telecom (YAS, fixe)",total,13520.0,abonnés,publie,principal,,A,,publication 2019T2
abonnes_internet_fixe,AR1 (ARCEP),2018T3,trimestriel,togo_telecom,"Togo Telecom (YAS, fixe)",total,16553.0,abonnés,publie,principal,,A,,publication 2019T3
abonnes_internet_fixe,AR1 (ARCEP),2018T4,trimestriel,togo_telecom,"Togo Telecom (YAS, fixe)",total,19350.0,abonnés,publie,principal,,A,,publication 2019T4
abonnes_internet_fixe,AR1 (ARCEP),2019T1,trimestriel,togo_telecom,"Togo Telecom (YAS, fixe)",total,21990.0,abonnés,publie,principal,,A,,publication 2020T1
abonnes_internet_fixe,AR1 (ARCEP),2019T2,trimestriel,togo_telecom,"Togo Telecom (YAS, fixe)",total,20238.0,abonnés,publie,principal,,A,,publication 2020T2
abonnes_internet_fixe,AR1 (ARCEP),2019T3,trimestriel,togo_telecom,"Togo Telecom (YAS, fixe)",total,21627.0,abonnés,publie,principal,,A,,publication 2020T3
abonnes_internet_fixe,AR1 (ARCEP),2019T4,trimestriel,togo_telecom,"Togo Telecom (YAS, fixe)",total,23466.0,abonnés,publie,principal,,A,,publication 2020T4
abonnes_internet_fixe,AR1 (ARCEP),2020T1,trimestriel,togo_telecom,"Togo Telecom (YAS, fixe)",total,25389.0,abonnés,publie,principal,,A,,publication 2021T1
abonnes_internet_fixe,AR1 (ARCEP),2020T2,trimestriel,togo_telecom,"Togo Telecom (YAS, fixe)",total,27345.0,abonnés,publie,principal,,A,,publication 2021T2
abonnes_internet_fixe,AR1 (ARCEP),2020T3,trimestriel,togo_telecom,"Togo Telecom (YAS, fixe)",total,30541.0,abonnés,publie,principal,,A,,publication 2021T3
abonnes_internet_fixe,AR1 (ARCEP),2020T4,trimestriel,togo_telecom,"Togo Telecom (YAS, fixe)",total,32415.0,abonnés,publie,principal,,A,,publication 2021T4
abonnes_internet_fixe,AR1 (ARCEP),2021T1,trimestriel,togo_telecom,"Togo Telecom (YAS, fixe)",total,36300.0,abonnés,publie,principal,,A,,publication 2022T1
abonnes_internet_fixe,AR1 (ARCEP),2021T2,trimestriel,togo_telecom,"Togo Telecom (YAS, fixe)",total,26154.0,abonnés,publie,principal,,A,,publication 2022T2
abonnes_internet_fixe,AR1 (ARCEP),2021T3,trimestriel,togo_telecom,"Togo Telecom (YAS, fixe)",total,28129.0,abonnés,publie,principal,,A,,publication 2022T3
abonnes_internet_fixe,AR1 (ARCEP),2021T4,trimestriel,togo_telecom,"Togo Telecom (YAS, fixe)",total,30903.0,abonnés,publie,principal,,A,,publication 2022T4
abonnes_internet_fixe,AR1 (ARCEP),2022T1,trimestriel,togo_telecom,"Togo Telecom (YAS, fixe)",total,33547.0,abonnés,publie,principal,,A,,publication 2023T1
abonnes_internet_fixe,AR1 (ARCEP),2022T2,trimestriel,togo_telecom,"Togo Telecom (YAS, fixe)",total,35087.0,abonnés,publie,principal,,A,,publication 2023T2
abonnes_internet_fixe,AR1 (ARCEP),2022T3,trimestriel,togo_telecom,"Togo Telecom (YAS, fixe)",total,37606.0,abonnés,publie,principal,,A,,publication 2023T2
abonnes_internet_fixe,AR1 (ARCEP),2022T4,trimestriel,togo_telecom,"Togo Telecom (YAS, fixe)",total,41492.0,abonnés,publie,principal,,A,,publication 2023T2
abonnes_internet_fixe,AR1 (ARCEP),2023T1,trimestriel,togo_telecom,"Togo Telecom (YAS, fixe)",total,44570.0,abonnés,publie,principal,,A,,publication 2024T1
abonnes_internet_fixe,AR1 (ARCEP),2023T2,trimestriel,togo_telecom,"Togo Telecom (YAS, fixe)",total,44620.0,abonnés,publie,principal,,A,,publication 2024T2
abonnes_internet_fixe,AR1 (ARCEP),2023T3,trimestriel,togo_telecom,"Togo Telecom (YAS, fixe)",total,46546.0,abonnés,publie,principal,,A,,publication 2024T3
abonnes_internet_fixe,AR1 (ARCEP),2023T4,trimestriel,togo_telecom,"Togo Telecom (YAS, fixe)",total,45081.0,abonnés,publie,principal,,A,,publication 2024T4
abonnes_internet_fixe,AR1 (ARCEP),2024T1,trimestriel,togo_telecom,"Togo Telecom (YAS, fixe)",total,43688.0,abonnés,publie,principal,,A,,publication 2025T1
abonnes_internet_fixe,AR1 (ARCEP),2024T2,trimestriel,togo_telecom,"Togo Telecom (YAS, fixe)",total,46536.0,abonnés,publie,principal,,A,,publication 2025T2
abonnes_internet_fixe,AR1 (ARCEP),2024T3,trimestriel,togo_telecom,"Togo Telecom (YAS, fixe)",total,51471.0,abonnés,publie,principal,,A,,publication 2025T3
abonnes_internet_fixe,AR1 (ARCEP),2024T4,trimestriel,togo_telecom,"Togo Telecom (YAS, fixe)",total,54021.0,abonnés,publie,principal,,A,,publication 2025T4
abonnes_internet_fixe,AR1 (ARCEP),2025T1,trimestriel,togo_telecom,"Togo Telecom (YAS, fixe)",total,56805.0,abonnés,publie,principal,,A,,publication 2026T1
abonnes_internet_fixe,AR1 (ARCEP),2025T2,trimestriel,togo_telecom,"Togo Telecom (YAS, fixe)",total,57073.0,abonnés,publie,principal,,A,,publication 2026T2
abonnes_internet_fixe,AR1 (ARCEP),2025T3,trimestriel,togo_telecom,"Togo Telecom (YAS, fixe)",total,60137.0,abonnés,publie,principal,,A,,publication 2026T2
abonnes_internet_fixe,AR1 (ARCEP),2025T4,trimestriel,togo_telecom,"Togo Telecom (YAS, fixe)",total,63828.0,abonnés,publie,principal,,A,,publication 2026T2
abonnes_internet_fixe,AR1 (ARCEP),2026T1,trimestriel,togo_telecom,"Togo Telecom (YAS, fixe)",total,66658.0,abonnés,publie,principal,,A,,publication 2026T2
abonnes_internet_fixe,AR1 (ARCEP),2026T2,trimestriel,togo_telecom,"Togo Telecom (YAS, fixe)",total,66756.0,abonnés,publie,principal,,A,,publication 2026T2
abonnes_internet_fixe_acces,"D2 (INSEED, opendata)",2013,annuel,togo_telecom,"Togo Telecom (YAS, fixe)",ADSL,6822.0,abonnés,publie,principal,,A,,
abonnes_internet_fixe_acces,"D2 (INSEED, opendata)",2014,annuel,togo_telecom,"Togo Telecom (YAS, fixe)",ADSL,9626.0,abonnés,publie,principal,,A,,
abonnes_internet_fixe_acces,"D2 (INSEED, opendata)",2015,annuel,togo_telecom,"Togo Telecom (YAS, fixe)",ADSL,10185.0,abonnés,publie,principal,,A,,
abonnes_internet_fixe_acces,"D2 (INSEED, opendata)",2016,annuel,togo_telecom,"Togo Telecom (YAS, fixe)",ADSL,8299.0,abonnés,publie,principal,,A,,
abonnes_internet_fixe_acces,"D2 (INSEED, opendata)",2017,annuel,togo_telecom,"Togo Telecom (YAS, fixe)",ADSL,10536.0,abonnés,publie,principal,,A,,
abonnes_internet_fixe_acces,AR1 (ARCEP),2018,annuel,togo_telecom,"Togo Telecom (YAS, fixe)",ADSL,14957.0,abonnés,valeur_T4,principal,,A,,
abonnes_internet_fixe_acces,AR1 (ARCEP),2018,annuel,togo_telecom,"Togo Telecom (YAS, fixe)",ADSL,12451.0,abonnés,moyenne_4T,sensibilite,,A,,
abonnes_internet_fixe_acces,AR1 (ARCEP),2019,annuel,togo_telecom,"Togo Telecom (YAS, fixe)",ADSL,14332.0,abonnés,valeur_T4,principal,,A,,
abonnes_internet_fixe_acces,AR1 (ARCEP),2019,annuel,togo_telecom,"Togo Telecom (YAS, fixe)",ADSL,14740.0,abonnés,moyenne_4T,sensibilite,,A,,
abonnes_internet_fixe_acces,AR1 (ARCEP),2020,annuel,togo_telecom,"Togo Telecom (YAS, fixe)",ADSL,19373.0,abonnés,valeur_T4,principal,,A,,
abonnes_internet_fixe_acces,AR1 (ARCEP),2020,annuel,togo_telecom,"Togo Telecom (YAS, fixe)",ADSL,17992.75,abonnés,moyenne_4T,sensibilite,,A,,
abonnes_internet_fixe_acces,AR1 (ARCEP),2017T1,trimestriel,togo_telecom,"Togo Telecom (YAS, fixe)",ADSL,9030.0,abonnés,publie,principal,,A,,publication 2018T1
abonnes_internet_fixe_acces,AR1 (ARCEP),2017T2,trimestriel,togo_telecom,"Togo Telecom (YAS, fixe)",ADSL,8966.0,abonnés,publie,principal,,A,,publication 2018T2
abonnes_internet_fixe_acces,AR1 (ARCEP),2017T3,trimestriel,togo_telecom,"Togo Telecom (YAS, fixe)",ADSL,9737.0,abonnés,publie,principal,,A,,publication 2018T3
abonnes_internet_fixe_acces,AR1 (ARCEP),2017T4,trimestriel,togo_telecom,"Togo Telecom (YAS, fixe)",ADSL,10536.0,abonnés,publie,principal,,A,,publication 2018T4
abonnes_internet_fixe_acces,AR1 (ARCEP),2018T1,trimestriel,togo_telecom,"Togo Telecom (YAS, fixe)",ADSL,10145.0,abonnés,publie,principal,,A,,publication 2019T1
abonnes_internet_fixe_acces,AR1 (ARCEP),2018T2,trimestriel,togo_telecom,"Togo Telecom (YAS, fixe)",ADSL,11414.0,abonnés,publie,principal,,A,,publication 2019T2
abonnes_internet_fixe_acces,AR1 (ARCEP),2018T3,trimestriel,togo_telecom,"Togo Telecom (YAS, fixe)",ADSL,13288.0,abonnés,publie,principal,,A,,publication 2019T3
abonnes_internet_fixe_acces,AR1 (ARCEP),2018T4,trimestriel,togo_telecom,"Togo Telecom (YAS, fixe)",ADSL,14957.0,abonnés,publie,principal,,A,,publication 2019T4
abonnes_internet_fixe_acces,AR1 (ARCEP),2019T1,trimestriel,togo_telecom,"Togo Telecom (YAS, fixe)",ADSL,16182.0,abonnés,publie,principal,,A,,publication 2020T1
abonnes_internet_fixe_acces,AR1 (ARCEP),2019T2,trimestriel,togo_telecom,"Togo Telecom (YAS, fixe)",ADSL,13793.0,abonnés,publie,principal,,A,,publication 2020T2
abonnes_internet_fixe_acces,AR1 (ARCEP),2019T3,trimestriel,togo_telecom,"Togo Telecom (YAS, fixe)",ADSL,14653.0,abonnés,publie,principal,,A,,publication 2020T3
abonnes_internet_fixe_acces,AR1 (ARCEP),2019T4,trimestriel,togo_telecom,"Togo Telecom (YAS, fixe)",ADSL,14332.0,abonnés,publie,principal,,A,,publication 2020T4
abonnes_internet_fixe_acces,AR1 (ARCEP),2020T1,trimestriel,togo_telecom,"Togo Telecom (YAS, fixe)",ADSL,16437.0,abonnés,publie,principal,,A,,publication 2021T1
abonnes_internet_fixe_acces,AR1 (ARCEP),2020T2,trimestriel,togo_telecom,"Togo Telecom (YAS, fixe)",ADSL,17280.0,abonnés,publie,principal,,A,,publication 2021T2
abonnes_internet_fixe_acces,AR1 (ARCEP),2020T3,trimestriel,togo_telecom,"Togo Telecom (YAS, fixe)",ADSL,18881.0,abonnés,publie,principal,,A,,publication 2021T3
abonnes_internet_fixe_acces,AR1 (ARCEP),2020T4,trimestriel,togo_telecom,"Togo Telecom (YAS, fixe)",ADSL,19373.0,abonnés,publie,principal,,A,,publication 2021T3
abonnes_internet_fixe_acces,AR1 (ARCEP),2021T1,trimestriel,togo_telecom,"Togo Telecom (YAS, fixe)",ADSL,20111.0,abonnés,publie,principal,,A,,publication 2021T3
abonnes_internet_fixe_acces,AR1 (ARCEP),2021T2,trimestriel,togo_telecom,"Togo Telecom (YAS, fixe)",ADSL,13881.0,abonnés,publie,principal,,A,,publication 2021T3
abonnes_internet_fixe_acces,AR1 (ARCEP),2021T3,trimestriel,togo_telecom,"Togo Telecom (YAS, fixe)",ADSL,11172.0,abonnés,publie,principal,,A,,publication 2021T3
abonnes_internet_fixe_acces,AR1 (ARCEP),2018,annuel,togo_telecom,"Togo Telecom (YAS, fixe)",Evdo,0.0,abonnés,valeur_T4,principal,,A,,
abonnes_internet_fixe_acces,AR1 (ARCEP),2018,annuel,togo_telecom,"Togo Telecom (YAS, fixe)",Evdo,6419.75,abonnés,moyenne_4T,sensibilite,,A,,
abonnes_internet_fixe_acces,AR1 (ARCEP),2017T1,trimestriel,togo_telecom,"Togo Telecom (YAS, fixe)",Evdo,35210.0,abonnés,publie,principal,,A,,publication 2018T1
abonnes_internet_fixe_acces,AR1 (ARCEP),2017T2,trimestriel,togo_telecom,"Togo Telecom (YAS, fixe)",Evdo,32272.0,abonnés,publie,principal,,A,,publication 2018T2
abonnes_internet_fixe_acces,AR1 (ARCEP),2017T3,trimestriel,togo_telecom,"Togo Telecom (YAS, fixe)",Evdo,33244.0,abonnés,publie,principal,,A,,publication 2018T3
abonnes_internet_fixe_acces,AR1 (ARCEP),2017T4,trimestriel,togo_telecom,"Togo Telecom (YAS, fixe)",Evdo,33928.0,abonnés,publie,principal,,A,,publication 2018T4
abonnes_internet_fixe_acces,AR1 (ARCEP),2018T1,trimestriel,togo_telecom,"Togo Telecom (YAS, fixe)",Evdo,25679.0,abonnés,publie,principal,,A,,publication 2019T1
abonnes_internet_fixe_acces,AR1 (ARCEP),2018T2,trimestriel,togo_telecom,"Togo Telecom (YAS, fixe)",Evdo,0.0,abonnés,publie,principal,,A,,publication 2019T1 ; révisée (inf %)
abonnes_internet_fixe_acces,AR1 (ARCEP),2018T3,trimestriel,togo_telecom,"Togo Telecom (YAS, fixe)",Evdo,0.0,abonnés,publie,principal,,A,,publication 2019T1
abonnes_internet_fixe_acces,AR1 (ARCEP),2018T4,trimestriel,togo_telecom,"Togo Telecom (YAS, fixe)",Evdo,0.0,abonnés,publie,principal,,A,,publication 2019T1
abonnes_internet_fixe_acces,AR1 (ARCEP),2019T1,trimestriel,togo_telecom,"Togo Telecom (YAS, fixe)",Evdo,0.0,abonnés,publie,principal,,A,,publication 2019T1
abonnes_internet_fixe_acces,"D2 (INSEED, opendata)",2013,annuel,togo_telecom,"Togo Telecom (YAS, fixe)",FTTH,0.0,abonnés,publie,principal,,A,,
abonnes_internet_fixe_acces,"D2 (INSEED, opendata)",2014,annuel,togo_telecom,"Togo Telecom (YAS, fixe)",FTTH,0.0,abonnés,publie,principal,,A,,
abonnes_internet_fixe_acces,"D2 (INSEED, opendata)",2015,annuel,togo_telecom,"Togo Telecom (YAS, fixe)",FTTH,0.0,abonnés,publie,principal,,A,,
abonnes_internet_fixe_acces,"D2 (INSEED, opendata)",2016,annuel,togo_telecom,"Togo Telecom (YAS, fixe)",FTTH,0.0,abonnés,publie,principal,,A,,
abonnes_internet_fixe_acces,"D2 (INSEED, opendata)",2017,annuel,togo_telecom,"Togo Telecom (YAS, fixe)",FTTH,92.0,abonnés,publie,principal,,A,,
abonnes_internet_fixe_acces,AR1 (ARCEP),2018,annuel,togo_telecom,"Togo Telecom (YAS, fixe)",FTTH,2068.0,abonnés,valeur_T4,principal,,A,,
abonnes_internet_fixe_acces,AR1 (ARCEP),2018,annuel,togo_telecom,"Togo Telecom (YAS, fixe)",FTTH,897.75,abonnés,moyenne_4T,sensibilite,,A,,
abonnes_internet_fixe_acces,AR1 (ARCEP),2019,annuel,togo_telecom,"Togo Telecom (YAS, fixe)",FTTH,7146.0,abonnés,valeur_T4,principal,,A,,
abonnes_internet_fixe_acces,AR1 (ARCEP),2019,annuel,togo_telecom,"Togo Telecom (YAS, fixe)",FTTH,4906.0,abonnés,moyenne_4T,sensibilite,,A,,
abonnes_internet_fixe_acces,AR1 (ARCEP),2020,annuel,togo_telecom,"Togo Telecom (YAS, fixe)",FTTH,11124.0,abonnés,valeur_T4,principal,,A,,
abonnes_internet_fixe_acces,AR1 (ARCEP),2020,annuel,togo_telecom,"Togo Telecom (YAS, fixe)",FTTH,8968.75,abonnés,moyenne_4T,sensibilite,,A,,
abonnes_internet_fixe_acces,AR1 (ARCEP),2017T1,trimestriel,togo_telecom,"Togo Telecom (YAS, fixe)",FTTH,0.0,abonnés,publie,principal,,A,,publication 2018T1
abonnes_internet_fixe_acces,AR1 (ARCEP),2017T2,trimestriel,togo_telecom,"Togo Telecom (YAS, fixe)",FTTH,0.0,abonnés,publie,principal,,A,,publication 2018T2
abonnes_internet_fixe_acces,AR1 (ARCEP),2017T3,trimestriel,togo_telecom,"Togo Telecom (YAS, fixe)",FTTH,0.0,abonnés,publie,principal,,A,,publication 2018T3
abonnes_internet_fixe_acces,AR1 (ARCEP),2017T4,trimestriel,togo_telecom,"Togo Telecom (YAS, fixe)",FTTH,92.0,abonnés,publie,principal,,A,,publication 2018T4
abonnes_internet_fixe_acces,AR1 (ARCEP),2018T1,trimestriel,togo_telecom,"Togo Telecom (YAS, fixe)",FTTH,113.0,abonnés,publie,principal,,A,,publication 2019T1
abonnes_internet_fixe_acces,AR1 (ARCEP),2018T2,trimestriel,togo_telecom,"Togo Telecom (YAS, fixe)",FTTH,375.0,abonnés,publie,principal,,A,,publication 2019T2
abonnes_internet_fixe_acces,AR1 (ARCEP),2018T3,trimestriel,togo_telecom,"Togo Telecom (YAS, fixe)",FTTH,1035.0,abonnés,publie,principal,,A,,publication 2019T3
abonnes_internet_fixe_acces,AR1 (ARCEP),2018T4,trimestriel,togo_telecom,"Togo Telecom (YAS, fixe)",FTTH,2068.0,abonnés,publie,principal,,A,,publication 2019T4
abonnes_internet_fixe_acces,AR1 (ARCEP),2019T1,trimestriel,togo_telecom,"Togo Telecom (YAS, fixe)",FTTH,3498.0,abonnés,publie,principal,,A,,publication 2020T1
abonnes_internet_fixe_acces,AR1 (ARCEP),2019T2,trimestriel,togo_telecom,"Togo Telecom (YAS, fixe)",FTTH,4028.0,abonnés,publie,principal,,A,,publication 2020T2
abonnes_internet_fixe_acces,AR1 (ARCEP),2019T3,trimestriel,togo_telecom,"Togo Telecom (YAS, fixe)",FTTH,4952.0,abonnés,publie,principal,,A,,publication 2020T3
abonnes_internet_fixe_acces,AR1 (ARCEP),2019T4,trimestriel,togo_telecom,"Togo Telecom (YAS, fixe)",FTTH,7146.0,abonnés,publie,principal,,A,,publication 2020T4
abonnes_internet_fixe_acces,AR1 (ARCEP),2020T1,trimestriel,togo_telecom,"Togo Telecom (YAS, fixe)",FTTH,6976.0,abonnés,publie,principal,,A,,publication 2021T1
abonnes_internet_fixe_acces,AR1 (ARCEP),2020T2,trimestriel,togo_telecom,"Togo Telecom (YAS, fixe)",FTTH,8076.0,abonnés,publie,principal,,A,,publication 2021T2 ; révisée (20.1 %)
abonnes_internet_fixe_acces,AR1 (ARCEP),2020T3,trimestriel,togo_telecom,"Togo Telecom (YAS, fixe)",FTTH,9699.0,abonnés,publie,principal,,A,,publication 2021T3
abonnes_internet_fixe_acces,AR1 (ARCEP),2020T4,trimestriel,togo_telecom,"Togo Telecom (YAS, fixe)",FTTH,11124.0,abonnés,publie,principal,,A,,publication 2021T3
abonnes_internet_fixe_acces,AR1 (ARCEP),2021T1,trimestriel,togo_telecom,"Togo Telecom (YAS, fixe)",FTTH,14304.0,abonnés,publie,principal,,A,,publication 2021T3
abonnes_internet_fixe_acces,AR1 (ARCEP),2021T2,trimestriel,togo_telecom,"Togo Telecom (YAS, fixe)",FTTH,11820.0,abonnés,publie,principal,,A,,publication 2021T3
abonnes_internet_fixe_acces,AR1 (ARCEP),2021T3,trimestriel,togo_telecom,"Togo Telecom (YAS, fixe)",FTTH,16484.0,abonnés,publie,principal,,A,,publication 2021T3
abonnes_internet_fixe_acces,AR1 (ARCEP),2018,annuel,togo_telecom,"Togo Telecom (YAS, fixe)",LS,158.0,abonnés,valeur_T4,principal,,A,,
abonnes_internet_fixe_acces,AR1 (ARCEP),2018,annuel,togo_telecom,"Togo Telecom (YAS, fixe)",LS,145.0,abonnés,moyenne_4T,sensibilite,,A,,
abonnes_internet_fixe_acces,AR1 (ARCEP),2019,annuel,togo_telecom,"Togo Telecom (YAS, fixe)",LS,183.0,abonnés,valeur_T4,principal,,A,,
abonnes_internet_fixe_acces,AR1 (ARCEP),2019,annuel,togo_telecom,"Togo Telecom (YAS, fixe)",LS,170.25,abonnés,moyenne_4T,sensibilite,,A,,
abonnes_internet_fixe_acces,AR1 (ARCEP),2020,annuel,togo_telecom,"Togo Telecom (YAS, fixe)",LS,260.0,abonnés,valeur_T4,principal,,A,,
abonnes_internet_fixe_acces,AR1 (ARCEP),2020,annuel,togo_telecom,"Togo Telecom (YAS, fixe)",LS,239.25,abonnés,moyenne_4T,sensibilite,,A,,
abonnes_internet_fixe_acces,AR1 (ARCEP),2017T1,trimestriel,togo_telecom,"Togo Telecom (YAS, fixe)",LS,117.0,abonnés,publie,principal,,A,,publication 2018T1
abonnes_internet_fixe_acces,AR1 (ARCEP),2017T2,trimestriel,togo_telecom,"Togo Telecom (YAS, fixe)",LS,113.0,abonnés,publie,principal,,A,,publication 2018T2
abonnes_internet_fixe_acces,AR1 (ARCEP),2017T3,trimestriel,togo_telecom,"Togo Telecom (YAS, fixe)",LS,124.0,abonnés,publie,principal,,A,,publication 2018T3
abonnes_internet_fixe_acces,AR1 (ARCEP),2017T4,trimestriel,togo_telecom,"Togo Telecom (YAS, fixe)",LS,133.0,abonnés,publie,principal,,A,,publication 2018T4
abonnes_internet_fixe_acces,AR1 (ARCEP),2018T1,trimestriel,togo_telecom,"Togo Telecom (YAS, fixe)",LS,133.0,abonnés,publie,principal,,A,,publication 2019T1
abonnes_internet_fixe_acces,AR1 (ARCEP),2018T2,trimestriel,togo_telecom,"Togo Telecom (YAS, fixe)",LS,141.0,abonnés,publie,principal,,A,,publication 2019T2
abonnes_internet_fixe_acces,AR1 (ARCEP),2018T3,trimestriel,togo_telecom,"Togo Telecom (YAS, fixe)",LS,148.0,abonnés,publie,principal,,A,,publication 2019T3
abonnes_internet_fixe_acces,AR1 (ARCEP),2018T4,trimestriel,togo_telecom,"Togo Telecom (YAS, fixe)",LS,158.0,abonnés,publie,principal,,A,,publication 2019T4
abonnes_internet_fixe_acces,AR1 (ARCEP),2019T1,trimestriel,togo_telecom,"Togo Telecom (YAS, fixe)",LS,156.0,abonnés,publie,principal,,A,,publication 2020T1
abonnes_internet_fixe_acces,AR1 (ARCEP),2019T2,trimestriel,togo_telecom,"Togo Telecom (YAS, fixe)",LS,167.0,abonnés,publie,principal,,A,,publication 2020T2
abonnes_internet_fixe_acces,AR1 (ARCEP),2019T3,trimestriel,togo_telecom,"Togo Telecom (YAS, fixe)",LS,175.0,abonnés,publie,principal,,A,,publication 2020T3
abonnes_internet_fixe_acces,AR1 (ARCEP),2019T4,trimestriel,togo_telecom,"Togo Telecom (YAS, fixe)",LS,183.0,abonnés,publie,principal,,A,,publication 2020T4
abonnes_internet_fixe_acces,AR1 (ARCEP),2020T1,trimestriel,togo_telecom,"Togo Telecom (YAS, fixe)",LS,201.0,abonnés,publie,principal,,A,,publication 2021T1
abonnes_internet_fixe_acces,AR1 (ARCEP),2020T2,trimestriel,togo_telecom,"Togo Telecom (YAS, fixe)",LS,242.0,abonnés,publie,principal,,A,,publication 2021T2
abonnes_internet_fixe_acces,AR1 (ARCEP),2020T3,trimestriel,togo_telecom,"Togo Telecom (YAS, fixe)",LS,254.0,abonnés,publie,principal,,A,,publication 2021T3
abonnes_internet_fixe_acces,AR1 (ARCEP),2020T4,trimestriel,togo_telecom,"Togo Telecom (YAS, fixe)",LS,260.0,abonnés,publie,principal,,A,,publication 2021T3
abonnes_internet_fixe_acces,AR1 (ARCEP),2021T1,trimestriel,togo_telecom,"Togo Telecom (YAS, fixe)",LS,268.0,abonnés,publie,principal,,A,,publication 2021T3
abonnes_internet_fixe_acces,AR1 (ARCEP),2021T2,trimestriel,togo_telecom,"Togo Telecom (YAS, fixe)",LS,261.0,abonnés,publie,principal,,A,,publication 2021T3
abonnes_internet_fixe_acces,AR1 (ARCEP),2021T3,trimestriel,togo_telecom,"Togo Telecom (YAS, fixe)",LS,287.0,abonnés,publie,principal,,A,,publication 2021T3
abonnes_internet_fixe_acces,"D2 (INSEED, opendata)",2013,annuel,togo_telecom,"Togo Telecom (YAS, fixe)",Wimax,414.0,abonnés,publie,principal,,A,,
abonnes_internet_fixe_acces,"D2 (INSEED, opendata)",2014,annuel,togo_telecom,"Togo Telecom (YAS, fixe)",Wimax,494.0,abonnés,publie,principal,,A,,
abonnes_internet_fixe_acces,"D2 (INSEED, opendata)",2015,annuel,togo_telecom,"Togo Telecom (YAS, fixe)",Wimax,409.0,abonnés,publie,principal,,A,,
abonnes_internet_fixe_acces,"D2 (INSEED, opendata)",2016,annuel,togo_telecom,"Togo Telecom (YAS, fixe)",Wimax,462.0,abonnés,publie,principal,,A,,
abonnes_internet_fixe_acces,"D2 (INSEED, opendata)",2017,annuel,togo_telecom,"Togo Telecom (YAS, fixe)",Wimax,1068.0,abonnés,publie,principal,,A,,
abonnes_internet_fixe_acces,AR1 (ARCEP),2018,annuel,togo_telecom,"Togo Telecom (YAS, fixe)",Wimax,2167.0,abonnés,valeur_T4,principal,,A,,
abonnes_internet_fixe_acces,AR1 (ARCEP),2018,annuel,togo_telecom,"Togo Telecom (YAS, fixe)",Wimax,1835.25,abonnés,moyenne_4T,sensibilite,,A,,
abonnes_internet_fixe_acces,AR1 (ARCEP),2019,annuel,togo_telecom,"Togo Telecom (YAS, fixe)",Wimax,1805.0,abonnés,valeur_T4,principal,,A,,
abonnes_internet_fixe_acces,AR1 (ARCEP),2019,annuel,togo_telecom,"Togo Telecom (YAS, fixe)",Wimax,2014.0,abonnés,moyenne_4T,sensibilite,,A,,
abonnes_internet_fixe_acces,AR1 (ARCEP),2020,annuel,togo_telecom,"Togo Telecom (YAS, fixe)",Wimax,1658.0,abonnés,valeur_T4,principal,,A,,
abonnes_internet_fixe_acces,AR1 (ARCEP),2020,annuel,togo_telecom,"Togo Telecom (YAS, fixe)",Wimax,1721.75,abonnés,moyenne_4T,sensibilite,,A,,
abonnes_internet_fixe_acces,AR1 (ARCEP),2017T1,trimestriel,togo_telecom,"Togo Telecom (YAS, fixe)",Wimax,500.0,abonnés,publie,principal,,A,,publication 2018T1
abonnes_internet_fixe_acces,AR1 (ARCEP),2017T2,trimestriel,togo_telecom,"Togo Telecom (YAS, fixe)",Wimax,515.0,abonnés,publie,principal,,A,,publication 2018T2
abonnes_internet_fixe_acces,AR1 (ARCEP),2017T3,trimestriel,togo_telecom,"Togo Telecom (YAS, fixe)",Wimax,734.0,abonnés,publie,principal,,A,,publication 2018T3
abonnes_internet_fixe_acces,AR1 (ARCEP),2017T4,trimestriel,togo_telecom,"Togo Telecom (YAS, fixe)",Wimax,1068.0,abonnés,publie,principal,,A,,publication 2018T4
abonnes_internet_fixe_acces,AR1 (ARCEP),2018T1,trimestriel,togo_telecom,"Togo Telecom (YAS, fixe)",Wimax,1502.0,abonnés,publie,principal,,A,,publication 2019T1
abonnes_internet_fixe_acces,AR1 (ARCEP),2018T2,trimestriel,togo_telecom,"Togo Telecom (YAS, fixe)",Wimax,1590.0,abonnés,publie,principal,,A,,publication 2019T2
abonnes_internet_fixe_acces,AR1 (ARCEP),2018T3,trimestriel,togo_telecom,"Togo Telecom (YAS, fixe)",Wimax,2082.0,abonnés,publie,principal,,A,,publication 2019T3
abonnes_internet_fixe_acces,AR1 (ARCEP),2018T4,trimestriel,togo_telecom,"Togo Telecom (YAS, fixe)",Wimax,2167.0,abonnés,publie,principal,,A,,publication 2019T4
abonnes_internet_fixe_acces,AR1 (ARCEP),2019T1,trimestriel,togo_telecom,"Togo Telecom (YAS, fixe)",Wimax,2154.0,abonnés,publie,principal,,A,,publication 2020T1
abonnes_internet_fixe_acces,AR1 (ARCEP),2019T2,trimestriel,togo_telecom,"Togo Telecom (YAS, fixe)",Wimax,2250.0,abonnés,publie,principal,,A,,publication 2020T2
abonnes_internet_fixe_acces,AR1 (ARCEP),2019T3,trimestriel,togo_telecom,"Togo Telecom (YAS, fixe)",Wimax,1847.0,abonnés,publie,principal,,A,,publication 2020T3
abonnes_internet_fixe_acces,AR1 (ARCEP),2019T4,trimestriel,togo_telecom,"Togo Telecom (YAS, fixe)",Wimax,1805.0,abonnés,publie,principal,,A,,publication 2020T4
abonnes_internet_fixe_acces,AR1 (ARCEP),2020T1,trimestriel,togo_telecom,"Togo Telecom (YAS, fixe)",Wimax,1775.0,abonnés,publie,principal,,A,,publication 2021T1
abonnes_internet_fixe_acces,AR1 (ARCEP),2020T2,trimestriel,togo_telecom,"Togo Telecom (YAS, fixe)",Wimax,1747.0,abonnés,publie,principal,,A,,publication 2021T2
abonnes_internet_fixe_acces,AR1 (ARCEP),2020T3,trimestriel,togo_telecom,"Togo Telecom (YAS, fixe)",Wimax,1707.0,abonnés,publie,principal,,A,,publication 2021T3
abonnes_internet_fixe_acces,AR1 (ARCEP),2020T4,trimestriel,togo_telecom,"Togo Telecom (YAS, fixe)",Wimax,1658.0,abonnés,publie,principal,,A,,publication 2021T3
abonnes_internet_fixe_acces,AR1 (ARCEP),2021T1,trimestriel,togo_telecom,"Togo Telecom (YAS, fixe)",Wimax,1617.0,abonnés,publie,principal,,A,,publication 2021T3
abonnes_internet_fixe_acces,AR1 (ARCEP),2021T2,trimestriel,togo_telecom,"Togo Telecom (YAS, fixe)",Wimax,192.0,abonnés,publie,principal,,A,,publication 2021T3
abonnes_internet_fixe_acces,AR1 (ARCEP),2021T3,trimestriel,togo_telecom,"Togo Telecom (YAS, fixe)",Wimax,186.0,abonnés,publie,principal,,A,,publication 2021T3
abonnes_internet_fixe_acces,"D2 (INSEED, opendata)",2013,annuel,togo_telecom,"Togo Telecom (YAS, fixe)",fixe_technologie_non_precisee,58755.0,abonnés,publie,principal,,A,,"A3 : EvDo, LS, Illiconet → fixe, technologie non précisée"
abonnes_internet_fixe_acces,"D2 (INSEED, opendata)",2014,annuel,togo_telecom,"Togo Telecom (YAS, fixe)",fixe_technologie_non_precisee,69501.0,abonnés,publie,principal,,A,,"A3 : EvDo, LS, Illiconet → fixe, technologie non précisée"
abonnes_internet_fixe_acces,"D2 (INSEED, opendata)",2015,annuel,togo_telecom,"Togo Telecom (YAS, fixe)",fixe_technologie_non_precisee,52514.0,abonnés,publie,principal,,A,,"A3 : EvDo, LS, Illiconet → fixe, technologie non précisée"
abonnes_internet_fixe_acces,"D2 (INSEED, opendata)",2016,annuel,togo_telecom,"Togo Telecom (YAS, fixe)",fixe_technologie_non_precisee,35852.0,abonnés,publie,principal,,A,,"A3 : EvDo, LS, Illiconet → fixe, technologie non précisée"
abonnes_internet_fixe_acces,"D2 (INSEED, opendata)",2017,annuel,togo_telecom,"Togo Telecom (YAS, fixe)",fixe_technologie_non_precisee,34061.0,abonnés,publie,principal,,A,,"A3 : EvDo, LS, Illiconet → fixe, technologie non précisée"
abonnes_internet_fixe_acces,AR1 (ARCEP),2018,annuel,togo_telecom,"Togo Telecom (YAS, fixe)",total,19350.0,abonnés,valeur_T4,principal,,A,,
abonnes_internet_fixe_acces,AR1 (ARCEP),2018,annuel,togo_telecom,"Togo Telecom (YAS, fixe)",total,21748.75,abonnés,moyenne_4T,sensibilite,,A,,
abonnes_internet_fixe_acces,AR1 (ARCEP),2019,annuel,togo_telecom,"Togo Telecom (YAS, fixe)",total,23466.0,abonnés,valeur_T4,principal,,A,,
abonnes_internet_fixe_acces,AR1 (ARCEP),2019,annuel,togo_telecom,"Togo Telecom (YAS, fixe)",total,21830.25,abonnés,moyenne_4T,sensibilite,,A,,
abonnes_internet_fixe_acces,AR1 (ARCEP),2020,annuel,togo_telecom,"Togo Telecom (YAS, fixe)",total,32415.0,abonnés,valeur_T4,principal,,A,,
abonnes_internet_fixe_acces,AR1 (ARCEP),2020,annuel,togo_telecom,"Togo Telecom (YAS, fixe)",total,28922.5,abonnés,moyenne_4T,sensibilite,,A,,
abonnes_internet_fixe_acces,AR1 (ARCEP),2017T1,trimestriel,togo_telecom,"Togo Telecom (YAS, fixe)",total,44857.0,abonnés,publie,principal,,A,,publication 2018T1
abonnes_internet_fixe_acces,AR1 (ARCEP),2017T2,trimestriel,togo_telecom,"Togo Telecom (YAS, fixe)",total,41866.0,abonnés,publie,principal,,A,,publication 2018T1
abonnes_internet_fixe_acces,AR1 (ARCEP),2017T3,trimestriel,togo_telecom,"Togo Telecom (YAS, fixe)",total,43839.0,abonnés,publie,principal,,A,,publication 2018T3
abonnes_internet_fixe_acces,AR1 (ARCEP),2017T4,trimestriel,togo_telecom,"Togo Telecom (YAS, fixe)",total,45757.0,abonnés,publie,principal,,A,,publication 2018T4
abonnes_internet_fixe_acces,AR1 (ARCEP),2018T1,trimestriel,togo_telecom,"Togo Telecom (YAS, fixe)",total,37572.0,abonnés,publie,principal,,A,,publication 2019T1
abonnes_internet_fixe_acces,AR1 (ARCEP),2018T2,trimestriel,togo_telecom,"Togo Telecom (YAS, fixe)",total,13520.0,abonnés,publie,principal,,A,,publication 2019T2
abonnes_internet_fixe_acces,AR1 (ARCEP),2018T3,trimestriel,togo_telecom,"Togo Telecom (YAS, fixe)",total,16553.0,abonnés,publie,principal,,A,,publication 2019T3
abonnes_internet_fixe_acces,AR1 (ARCEP),2018T4,trimestriel,togo_telecom,"Togo Telecom (YAS, fixe)",total,19350.0,abonnés,publie,principal,,A,,publication 2019T4
abonnes_internet_fixe_acces,AR1 (ARCEP),2019T1,trimestriel,togo_telecom,"Togo Telecom (YAS, fixe)",total,21990.0,abonnés,publie,principal,,A,,publication 2020T1
abonnes_internet_fixe_acces,AR1 (ARCEP),2019T2,trimestriel,togo_telecom,"Togo Telecom (YAS, fixe)",total,20238.0,abonnés,publie,principal,,A,,publication 2020T2
abonnes_internet_fixe_acces,AR1 (ARCEP),2019T3,trimestriel,togo_telecom,"Togo Telecom (YAS, fixe)",total,21627.0,abonnés,publie,principal,,A,,publication 2020T3
abonnes_internet_fixe_acces,AR1 (ARCEP),2019T4,trimestriel,togo_telecom,"Togo Telecom (YAS, fixe)",total,23466.0,abonnés,publie,principal,,A,,publication 2020T4
abonnes_internet_fixe_acces,AR1 (ARCEP),2020T1,trimestriel,togo_telecom,"Togo Telecom (YAS, fixe)",total,25389.0,abonnés,publie,principal,,A,,publication 2021T1
abonnes_internet_fixe_acces,AR1 (ARCEP),2020T2,trimestriel,togo_telecom,"Togo Telecom (YAS, fixe)",total,27345.0,abonnés,publie,principal,,A,,publication 2021T2 ; révisée (11.69 %)
abonnes_internet_fixe_acces,AR1 (ARCEP),2020T3,trimestriel,togo_telecom,"Togo Telecom (YAS, fixe)",total,30541.0,abonnés,publie,principal,,A,,publication 2021T3
abonnes_internet_fixe_acces,AR1 (ARCEP),2020T4,trimestriel,togo_telecom,"Togo Telecom (YAS, fixe)",total,32415.0,abonnés,publie,principal,,A,,publication 2021T3
abonnes_internet_fixe_acces,AR1 (ARCEP),2021T1,trimestriel,togo_telecom,"Togo Telecom (YAS, fixe)",total,36300.0,abonnés,publie,principal,,A,,publication 2021T3
abonnes_internet_fixe_acces,AR1 (ARCEP),2021T2,trimestriel,togo_telecom,"Togo Telecom (YAS, fixe)",total,26154.0,abonnés,publie,principal,,A,,publication 2021T3
abonnes_internet_fixe_acces,AR1 (ARCEP),2021T3,trimestriel,togo_telecom,"Togo Telecom (YAS, fixe)",total,28129.0,abonnés,publie,principal,,A,,publication 2021T3
abonnes_telephonie_fixe,"D3 (INSEED, opendata)",2013,annuel,ensemble,Ensemble,,64493.0,abonnés,publie,principal,,A,,
abonnes_telephonie_fixe,"D3 (INSEED, opendata)",2014,annuel,ensemble,Ensemble,,53311.0,abonnés,publie,principal,,A,,
abonnes_telephonie_fixe,"D3 (INSEED, opendata)",2015,annuel,ensemble,Ensemble,,52689.0,abonnés,publie,principal,,A,,
abonnes_telephonie_fixe,"D3 (INSEED, opendata)",2016,annuel,ensemble,Ensemble,,33809.0,abonnés,publie,principal,,A,,
abonnes_telephonie_fixe,"D3 (INSEED, opendata)",2017,annuel,ensemble,Ensemble,,36111.0,abonnés,publie,principal,,A,,
abonnes_telephonie_fixe,"D3 (INSEED, opendata)",2018,annuel,ensemble,Ensemble,,37691.0,abonnés,publie,controle,,A,,
abonnes_telephonie_fixe,"D3 (INSEED, opendata)",2019,annuel,ensemble,Ensemble,,43605.0,abonnés,publie,controle,,A,,valeur 2019 d'origine inconnue
abonnes_telephonie_fixe,AR1 (ARCEP),2018,annuel,ensemble,Ensemble,total,37691.0,abonnés,valeur_T4,principal,,A,,
abonnes_telephonie_fixe,AR1 (ARCEP),2018,annuel,ensemble,Ensemble,total,35498.5,abonnés,moyenne_4T,sensibilite,,A,,
abonnes_telephonie_fixe,AR1 (ARCEP),2019,annuel,ensemble,Ensemble,total,43608.0,abonnés,valeur_T4,principal,,A,,
abonnes_telephonie_fixe,AR1 (ARCEP),2019,annuel,ensemble,Ensemble,total,41278.0,abonnés,moyenne_4T,sensibilite,,A,,
abonnes_telephonie_fixe,AR1 (ARCEP),2020,annuel,ensemble,Ensemble,total,46499.0,abonnés,valeur_T4,principal,,A,,
abonnes_telephonie_fixe,AR1 (ARCEP),2020,annuel,ensemble,Ensemble,total,44295.75,abonnés,moyenne_4T,sensibilite,,A,,
abonnes_telephonie_fixe,AR1 (ARCEP),2021,annuel,ensemble,Ensemble,total,55278.0,abonnés,valeur_T4,principal,,A,,
abonnes_telephonie_fixe,AR1 (ARCEP),2021,annuel,ensemble,Ensemble,total,50961.75,abonnés,moyenne_4T,sensibilite,,A,,
abonnes_telephonie_fixe,AR1 (ARCEP),2022,annuel,ensemble,Ensemble,total,65613.0,abonnés,valeur_T4,principal,,A,,
abonnes_telephonie_fixe,AR1 (ARCEP),2022,annuel,ensemble,Ensemble,total,61344.5,abonnés,moyenne_4T,sensibilite,,A,,
abonnes_telephonie_fixe,AR1 (ARCEP),2023,annuel,ensemble,Ensemble,total,70692.0,abonnés,valeur_T4,principal,,A,,
abonnes_telephonie_fixe,AR1 (ARCEP),2023,annuel,ensemble,Ensemble,total,67548.5,abonnés,moyenne_4T,sensibilite,,A,,
abonnes_telephonie_fixe,AR1 (ARCEP),2024,annuel,ensemble,Ensemble,total,78576.0,abonnés,valeur_T4,principal,,A,,
abonnes_telephonie_fixe,AR1 (ARCEP),2024,annuel,ensemble,Ensemble,total,73585.25,abonnés,moyenne_4T,sensibilite,,A,,
abonnes_telephonie_fixe,AR1 (ARCEP),2025,annuel,ensemble,Ensemble,total,79174.0,abonnés,valeur_T4,principal,,A,,
abonnes_telephonie_fixe,AR1 (ARCEP),2025,annuel,ensemble,Ensemble,total,81217.75,abonnés,moyenne_4T,sensibilite,,A,,
abonnes_telephonie_fixe,AR1 (ARCEP),2026S1,semestriel,ensemble,Ensemble,total,80848.0,abonnés,moyenne_trimestres,principal,,A,,année incomplète : T1 et T2 seulement
abonnes_telephonie_fixe,AR1 (ARCEP),2017T1,trimestriel,ensemble,Ensemble,total,33928.0,abonnés,publie,principal,,A,,publication 2018T1
abonnes_telephonie_fixe,AR1 (ARCEP),2017T2,trimestriel,ensemble,Ensemble,total,32308.0,abonnés,publie,principal,,A,,publication 2018T2
abonnes_telephonie_fixe,AR1 (ARCEP),2017T3,trimestriel,ensemble,Ensemble,total,33996.0,abonnés,publie,principal,,A,,publication 2018T3
abonnes_telephonie_fixe,AR1 (ARCEP),2017T4,trimestriel,ensemble,Ensemble,total,36111.0,abonnés,publie,principal,,A,,publication 2018T4
abonnes_telephonie_fixe,AR1 (ARCEP),2018T1,trimestriel,ensemble,Ensemble,total,33784.0,abonnés,publie,principal,,A,,publication 2019T1
abonnes_telephonie_fixe,AR1 (ARCEP),2018T2,trimestriel,ensemble,Ensemble,total,34450.0,abonnés,publie,principal,,A,,publication 2019T2
abonnes_telephonie_fixe,AR1 (ARCEP),2018T3,trimestriel,ensemble,Ensemble,total,36069.0,abonnés,publie,principal,,A,,publication 2019T3
abonnes_telephonie_fixe,AR1 (ARCEP),2018T4,trimestriel,ensemble,Ensemble,total,37691.0,abonnés,publie,principal,,A,,publication 2019T4
abonnes_telephonie_fixe,AR1 (ARCEP),2019T1,trimestriel,ensemble,Ensemble,total,39127.0,abonnés,publie,principal,,A,,publication 2020T1
abonnes_telephonie_fixe,AR1 (ARCEP),2019T2,trimestriel,ensemble,Ensemble,total,40639.0,abonnés,publie,principal,,A,,publication 2020T2
abonnes_telephonie_fixe,AR1 (ARCEP),2019T3,trimestriel,ensemble,Ensemble,total,41738.0,abonnés,publie,principal,,A,,publication 2020T3
abonnes_telephonie_fixe,AR1 (ARCEP),2019T4,trimestriel,ensemble,Ensemble,total,43608.0,abonnés,publie,principal,,A,,publication 2020T4
abonnes_telephonie_fixe,AR1 (ARCEP),2020T1,trimestriel,ensemble,Ensemble,total,44443.0,abonnés,publie,principal,,A,,publication 2021T1
abonnes_telephonie_fixe,AR1 (ARCEP),2020T2,trimestriel,ensemble,Ensemble,total,42312.0,abonnés,publie,principal,,A,,publication 2021T2
abonnes_telephonie_fixe,AR1 (ARCEP),2020T3,trimestriel,ensemble,Ensemble,total,43929.0,abonnés,publie,principal,,A,,publication 2021T3
abonnes_telephonie_fixe,AR1 (ARCEP),2020T4,trimestriel,ensemble,Ensemble,total,46499.0,abonnés,publie,principal,,A,,publication 2021T4
abonnes_telephonie_fixe,AR1 (ARCEP),2021T1,trimestriel,ensemble,Ensemble,total,50195.0,abonnés,publie,principal,,A,,publication 2022T1
abonnes_telephonie_fixe,AR1 (ARCEP),2021T2,trimestriel,ensemble,Ensemble,total,47715.0,abonnés,publie,principal,,A,,publication 2022T2
abonnes_telephonie_fixe,AR1 (ARCEP),2021T3,trimestriel,ensemble,Ensemble,total,50659.0,abonnés,publie,principal,,A,,publication 2022T3
abonnes_telephonie_fixe,AR1 (ARCEP),2021T4,trimestriel,ensemble,Ensemble,total,55278.0,abonnés,publie,principal,,A,,publication 2022T4
abonnes_telephonie_fixe,AR1 (ARCEP),2022T1,trimestriel,ensemble,Ensemble,total,58466.0,abonnés,publie,principal,,A,,publication 2023T1
abonnes_telephonie_fixe,AR1 (ARCEP),2022T2,trimestriel,ensemble,Ensemble,total,59670.0,abonnés,publie,principal,,A,,publication 2023T2
abonnes_telephonie_fixe,AR1 (ARCEP),2022T3,trimestriel,ensemble,Ensemble,total,61629.0,abonnés,publie,principal,,A,,publication 2023T2
abonnes_telephonie_fixe,AR1 (ARCEP),2022T4,trimestriel,ensemble,Ensemble,total,65613.0,abonnés,publie,principal,,A,,publication 2023T2
abonnes_telephonie_fixe,AR1 (ARCEP),2023T1,trimestriel,ensemble,Ensemble,total,66561.0,abonnés,publie,principal,,A,,publication 2024T1
abonnes_telephonie_fixe,AR1 (ARCEP),2023T2,trimestriel,ensemble,Ensemble,total,66761.0,abonnés,publie,principal,,A,,publication 2024T2
abonnes_telephonie_fixe,AR1 (ARCEP),2023T3,trimestriel,ensemble,Ensemble,total,66180.0,abonnés,publie,principal,,A,,publication 2024T3
abonnes_telephonie_fixe,AR1 (ARCEP),2023T4,trimestriel,ensemble,Ensemble,total,70692.0,abonnés,publie,principal,,A,,publication 2024T4
abonnes_telephonie_fixe,AR1 (ARCEP),2024T1,trimestriel,ensemble,Ensemble,total,68587.0,abonnés,publie,principal,,A,,publication 2025T1
abonnes_telephonie_fixe,AR1 (ARCEP),2024T2,trimestriel,ensemble,Ensemble,total,70905.0,abonnés,publie,principal,,A,,publication 2025T2
abonnes_telephonie_fixe,AR1 (ARCEP),2024T3,trimestriel,ensemble,Ensemble,total,76273.0,abonnés,publie,principal,,A,,publication 2025T3
abonnes_telephonie_fixe,AR1 (ARCEP),2024T4,trimestriel,ensemble,Ensemble,total,78576.0,abonnés,publie,principal,,A,,publication 2025T4
abonnes_telephonie_fixe,AR1 (ARCEP),2025T1,trimestriel,ensemble,Ensemble,total,80641.0,abonnés,publie,principal,,A,,publication 2026T1
abonnes_telephonie_fixe,AR1 (ARCEP),2025T2,trimestriel,ensemble,Ensemble,total,81006.0,abonnés,publie,principal,,A,,publication 2026T2
abonnes_telephonie_fixe,AR1 (ARCEP),2025T3,trimestriel,ensemble,Ensemble,total,84050.0,abonnés,publie,principal,,A,,publication 2026T2
abonnes_telephonie_fixe,AR1 (ARCEP),2025T4,trimestriel,ensemble,Ensemble,total,79174.0,abonnés,publie,principal,,A,,publication 2026T2
abonnes_telephonie_fixe,AR1 (ARCEP),2026T1,trimestriel,ensemble,Ensemble,total,81955.0,abonnés,publie,principal,,A,,publication 2026T2
abonnes_telephonie_fixe,AR1 (ARCEP),2026T2,trimestriel,ensemble,Ensemble,total,79741.0,abonnés,publie,principal,,A,,publication 2026T2
abonnes_telephonie_mobile,"D3 (INSEED, opendata)",2013,annuel,ensemble,Ensemble,,3713908.0,abonnés,publie,principal,,A,,
abonnes_telephonie_mobile,"D3 (INSEED, opendata)",2014,annuel,ensemble,Ensemble,,4218707.0,abonnés,publie,principal,,A,,
abonnes_telephonie_mobile,"D3 (INSEED, opendata)",2015,annuel,ensemble,Ensemble,,4657321.0,abonnés,publie,principal,,A,,
abonnes_telephonie_mobile,"D3 (INSEED, opendata)",2016,annuel,ensemble,Ensemble,,5351215.0,abonnés,publie,principal,,A,,
abonnes_telephonie_mobile,"D3 (INSEED, opendata)",2017,annuel,ensemble,Ensemble,,6069905.0,abonnés,publie,principal,,A,,
abonnes_telephonie_mobile,"D3 (INSEED, opendata)",2018,annuel,ensemble,Ensemble,,6144507.0,abonnés,publie,controle,,A,,
abonnes_telephonie_mobile,"D3 (INSEED, opendata)",2019,annuel,ensemble,Ensemble,,6239183.0,abonnés,publie,controle,,A,,valeur 2019 d'origine inconnue
abonnes_telephonie_mobile,AR1 (ARCEP),2018,annuel,ensemble,Ensemble,postpaid,23802.0,abonnés,valeur_T4,principal,,A,,
abonnes_telephonie_mobile,AR1 (ARCEP),2018,annuel,ensemble,Ensemble,postpaid,22935.25,abonnés,moyenne_4T,sensibilite,,A,,
abonnes_telephonie_mobile,AR1 (ARCEP),2019,annuel,ensemble,Ensemble,postpaid,29329.0,abonnés,valeur_T4,principal,,A,,
abonnes_telephonie_mobile,AR1 (ARCEP),2019,annuel,ensemble,Ensemble,postpaid,27410.25,abonnés,moyenne_4T,sensibilite,,A,,
abonnes_telephonie_mobile,AR1 (ARCEP),2020,annuel,ensemble,Ensemble,postpaid,35516.0,abonnés,valeur_T4,principal,,A,,
abonnes_telephonie_mobile,AR1 (ARCEP),2020,annuel,ensemble,Ensemble,postpaid,33042.0,abonnés,moyenne_4T,sensibilite,,A,,
abonnes_telephonie_mobile,AR1 (ARCEP),2021,annuel,ensemble,Ensemble,postpaid,42430.0,abonnés,valeur_T4,principal,,A,,
abonnes_telephonie_mobile,AR1 (ARCEP),2021,annuel,ensemble,Ensemble,postpaid,39317.5,abonnés,moyenne_4T,sensibilite,,A,,
abonnes_telephonie_mobile,AR1 (ARCEP),2022,annuel,ensemble,Ensemble,postpaid,47207.0,abonnés,valeur_T4,principal,,A,,
abonnes_telephonie_mobile,AR1 (ARCEP),2022,annuel,ensemble,Ensemble,postpaid,46078.0,abonnés,moyenne_4T,sensibilite,,A,,
abonnes_telephonie_mobile,AR1 (ARCEP),2023,annuel,ensemble,Ensemble,postpaid,56005.0,abonnés,valeur_T4,principal,,A,,
abonnes_telephonie_mobile,AR1 (ARCEP),2023,annuel,ensemble,Ensemble,postpaid,51977.5,abonnés,moyenne_4T,sensibilite,,A,,
abonnes_telephonie_mobile,AR1 (ARCEP),2024,annuel,ensemble,Ensemble,postpaid,69882.0,abonnés,valeur_T4,principal,,A,,
abonnes_telephonie_mobile,AR1 (ARCEP),2024,annuel,ensemble,Ensemble,postpaid,65124.5,abonnés,moyenne_4T,sensibilite,,A,,
abonnes_telephonie_mobile,AR1 (ARCEP),2025,annuel,ensemble,Ensemble,postpaid,69985.0,abonnés,valeur_T4,principal,,A,,
abonnes_telephonie_mobile,AR1 (ARCEP),2025,annuel,ensemble,Ensemble,postpaid,69287.0,abonnés,moyenne_4T,sensibilite,,A,,
abonnes_telephonie_mobile,AR1 (ARCEP),2026S1,semestriel,ensemble,Ensemble,postpaid,73093.5,abonnés,moyenne_trimestres,principal,,A,,année incomplète : T1 et T2 seulement
abonnes_telephonie_mobile,AR1 (ARCEP),2017T1,trimestriel,ensemble,Ensemble,postpaid,21651.0,abonnés,publie,principal,,A,,publication 2018T1
abonnes_telephonie_mobile,AR1 (ARCEP),2017T2,trimestriel,ensemble,Ensemble,postpaid,21511.0,abonnés,publie,principal,,A,,publication 2018T2
abonnes_telephonie_mobile,AR1 (ARCEP),2017T3,trimestriel,ensemble,Ensemble,postpaid,22037.0,abonnés,publie,principal,,A,,publication 2018T3
abonnes_telephonie_mobile,AR1 (ARCEP),2017T4,trimestriel,ensemble,Ensemble,postpaid,20582.0,abonnés,publie,principal,,A,,publication 2018T4
abonnes_telephonie_mobile,AR1 (ARCEP),2018T1,trimestriel,ensemble,Ensemble,postpaid,21950.0,abonnés,publie,principal,,A,,publication 2019T1
abonnes_telephonie_mobile,AR1 (ARCEP),2018T2,trimestriel,ensemble,Ensemble,postpaid,22525.0,abonnés,publie,principal,,A,,publication 2019T2
abonnes_telephonie_mobile,AR1 (ARCEP),2018T3,trimestriel,ensemble,Ensemble,postpaid,23464.0,abonnés,publie,principal,,A,,publication 2019T3
abonnes_telephonie_mobile,AR1 (ARCEP),2018T4,trimestriel,ensemble,Ensemble,postpaid,23802.0,abonnés,publie,principal,,A,,publication 2019T4
abonnes_telephonie_mobile,AR1 (ARCEP),2019T1,trimestriel,ensemble,Ensemble,postpaid,24562.0,abonnés,publie,principal,,A,,publication 2020T1
abonnes_telephonie_mobile,AR1 (ARCEP),2019T2,trimestriel,ensemble,Ensemble,postpaid,26899.0,abonnés,publie,principal,,A,,publication 2020T2
abonnes_telephonie_mobile,AR1 (ARCEP),2019T3,trimestriel,ensemble,Ensemble,postpaid,28851.0,abonnés,publie,principal,,A,,publication 2020T3
abonnes_telephonie_mobile,AR1 (ARCEP),2019T4,trimestriel,ensemble,Ensemble,postpaid,29329.0,abonnés,publie,principal,,A,,publication 2020T4
abonnes_telephonie_mobile,AR1 (ARCEP),2020T1,trimestriel,ensemble,Ensemble,postpaid,31544.0,abonnés,publie,principal,,A,,publication 2021T1
abonnes_telephonie_mobile,AR1 (ARCEP),2020T2,trimestriel,ensemble,Ensemble,postpaid,31994.0,abonnés,publie,principal,,A,,publication 2021T2
abonnes_telephonie_mobile,AR1 (ARCEP),2020T3,trimestriel,ensemble,Ensemble,postpaid,33114.0,abonnés,publie,principal,,A,,publication 2021T3
abonnes_telephonie_mobile,AR1 (ARCEP),2020T4,trimestriel,ensemble,Ensemble,postpaid,35516.0,abonnés,publie,principal,,A,,publication 2021T4
abonnes_telephonie_mobile,AR1 (ARCEP),2021T1,trimestriel,ensemble,Ensemble,postpaid,36696.0,abonnés,publie,principal,,A,,publication 2022T1 ; révisée (15.72 %)
abonnes_telephonie_mobile,AR1 (ARCEP),2021T2,trimestriel,ensemble,Ensemble,postpaid,38685.0,abonnés,publie,principal,,A,,publication 2022T2 ; révisée (12.22 %)
abonnes_telephonie_mobile,AR1 (ARCEP),2021T3,trimestriel,ensemble,Ensemble,postpaid,39459.0,abonnés,publie,principal,,A,,publication 2022T3 ; révisée (12.52 %)
abonnes_telephonie_mobile,AR1 (ARCEP),2021T4,trimestriel,ensemble,Ensemble,postpaid,42430.0,abonnés,publie,principal,,A,,publication 2022T4 ; révisée (11.72 %)
abonnes_telephonie_mobile,AR1 (ARCEP),2022T1,trimestriel,ensemble,Ensemble,postpaid,44116.0,abonnés,publie,principal,,A,,publication 2023T1
abonnes_telephonie_mobile,AR1 (ARCEP),2022T2,trimestriel,ensemble,Ensemble,postpaid,45783.0,abonnés,publie,principal,,A,,publication 2023T2
abonnes_telephonie_mobile,AR1 (ARCEP),2022T3,trimestriel,ensemble,Ensemble,postpaid,47206.0,abonnés,publie,principal,,A,,publication 2023T2
abonnes_telephonie_mobile,AR1 (ARCEP),2022T4,trimestriel,ensemble,Ensemble,postpaid,47207.0,abonnés,publie,principal,,A,,publication 2023T2
abonnes_telephonie_mobile,AR1 (ARCEP),2023T1,trimestriel,ensemble,Ensemble,postpaid,48840.0,abonnés,publie,principal,,A,,publication 2024T1
abonnes_telephonie_mobile,AR1 (ARCEP),2023T2,trimestriel,ensemble,Ensemble,postpaid,49801.0,abonnés,publie,principal,,A,,publication 2024T2
abonnes_telephonie_mobile,AR1 (ARCEP),2023T3,trimestriel,ensemble,Ensemble,postpaid,53264.0,abonnés,publie,principal,,A,,publication 2024T3
abonnes_telephonie_mobile,AR1 (ARCEP),2023T4,trimestriel,ensemble,Ensemble,postpaid,56005.0,abonnés,publie,principal,,A,,publication 2024T4
abonnes_telephonie_mobile,AR1 (ARCEP),2024T1,trimestriel,ensemble,Ensemble,postpaid,59217.0,abonnés,publie,principal,,A,,publication 2025T1
abonnes_telephonie_mobile,AR1 (ARCEP),2024T2,trimestriel,ensemble,Ensemble,postpaid,64543.0,abonnés,publie,principal,,A,,publication 2025T2
abonnes_telephonie_mobile,AR1 (ARCEP),2024T3,trimestriel,ensemble,Ensemble,postpaid,66856.0,abonnés,publie,principal,,A,,publication 2025T3
abonnes_telephonie_mobile,AR1 (ARCEP),2024T4,trimestriel,ensemble,Ensemble,postpaid,69882.0,abonnés,publie,principal,,A,,publication 2025T4
abonnes_telephonie_mobile,AR1 (ARCEP),2025T1,trimestriel,ensemble,Ensemble,postpaid,68358.0,abonnés,publie,principal,,A,,publication 2026T1
abonnes_telephonie_mobile,AR1 (ARCEP),2025T2,trimestriel,ensemble,Ensemble,postpaid,69607.0,abonnés,publie,principal,,A,,publication 2026T2
abonnes_telephonie_mobile,AR1 (ARCEP),2025T3,trimestriel,ensemble,Ensemble,postpaid,69198.0,abonnés,publie,principal,,A,,publication 2026T2
abonnes_telephonie_mobile,AR1 (ARCEP),2025T4,trimestriel,ensemble,Ensemble,postpaid,69985.0,abonnés,publie,principal,,A,,publication 2026T2
abonnes_telephonie_mobile,AR1 (ARCEP),2026T1,trimestriel,ensemble,Ensemble,postpaid,71280.0,abonnés,publie,principal,,A,,publication 2026T2
abonnes_telephonie_mobile,AR1 (ARCEP),2026T2,trimestriel,ensemble,Ensemble,postpaid,74907.0,abonnés,publie,principal,,A,,publication 2026T2
abonnes_telephonie_mobile,AR1 (ARCEP),2018,annuel,ensemble,Ensemble,prepaid,6120705.0,abonnés,valeur_T4,principal,,A,,
abonnes_telephonie_mobile,AR1 (ARCEP),2018,annuel,ensemble,Ensemble,prepaid,5854702.0,abonnés,moyenne_4T,sensibilite,,A,,
abonnes_telephonie_mobile,AR1 (ARCEP),2019,annuel,ensemble,Ensemble,prepaid,6209854.0,abonnés,valeur_T4,principal,,A,,
abonnes_telephonie_mobile,AR1 (ARCEP),2019,annuel,ensemble,Ensemble,prepaid,6415339.25,abonnés,moyenne_4T,sensibilite,,A,,
abonnes_telephonie_mobile,AR1 (ARCEP),2020,annuel,ensemble,Ensemble,prepaid,6480994.0,abonnés,valeur_T4,principal,,A,,
abonnes_telephonie_mobile,AR1 (ARCEP),2020,annuel,ensemble,Ensemble,prepaid,6044986.75,abonnés,moyenne_4T,sensibilite,,A,,
abonnes_telephonie_mobile,AR1 (ARCEP),2021,annuel,ensemble,Ensemble,prepaid,6212262.0,abonnés,valeur_T4,principal,,A,,
abonnes_telephonie_mobile,AR1 (ARCEP),2021,annuel,ensemble,Ensemble,prepaid,6278410.5,abonnés,moyenne_4T,sensibilite,,A,,
abonnes_telephonie_mobile,AR1 (ARCEP),2022,annuel,ensemble,Ensemble,prepaid,6516925.0,abonnés,valeur_T4,principal,,A,,
abonnes_telephonie_mobile,AR1 (ARCEP),2022,annuel,ensemble,Ensemble,prepaid,6369790.25,abonnés,moyenne_4T,sensibilite,,A,,
abonnes_telephonie_mobile,AR1 (ARCEP),2023,annuel,ensemble,Ensemble,prepaid,6995815.0,abonnés,valeur_T4,principal,,A,,
abonnes_telephonie_mobile,AR1 (ARCEP),2023,annuel,ensemble,Ensemble,prepaid,6806747.0,abonnés,moyenne_4T,sensibilite,,A,,
abonnes_telephonie_mobile,AR1 (ARCEP),2024,annuel,ensemble,Ensemble,prepaid,7618767.0,abonnés,valeur_T4,principal,,A,,
abonnes_telephonie_mobile,AR1 (ARCEP),2024,annuel,ensemble,Ensemble,prepaid,7384016.75,abonnés,moyenne_4T,sensibilite,,A,,
abonnes_telephonie_mobile,AR1 (ARCEP),2025,annuel,ensemble,Ensemble,prepaid,9107596.0,abonnés,valeur_T4,principal,,A,,
abonnes_telephonie_mobile,AR1 (ARCEP),2025,annuel,ensemble,Ensemble,prepaid,8459987.5,abonnés,moyenne_4T,sensibilite,,A,,
abonnes_telephonie_mobile,AR1 (ARCEP),2026S1,semestriel,ensemble,Ensemble,prepaid,10140099.5,abonnés,moyenne_trimestres,principal,,A,,année incomplète : T1 et T2 seulement
abonnes_telephonie_mobile,AR1 (ARCEP),2017T1,trimestriel,ensemble,Ensemble,prepaid,5501915.0,abonnés,publie,principal,,A,,publication 2018T1
abonnes_telephonie_mobile,AR1 (ARCEP),2017T2,trimestriel,ensemble,Ensemble,prepaid,5689620.0,abonnés,publie,principal,,A,,publication 2018T2
abonnes_telephonie_mobile,AR1 (ARCEP),2017T3,trimestriel,ensemble,Ensemble,prepaid,5903923.0,abonnés,publie,principal,,A,,publication 2018T3
abonnes_telephonie_mobile,AR1 (ARCEP),2017T4,trimestriel,ensemble,Ensemble,prepaid,6049323.0,abonnés,publie,principal,,A,,publication 2018T4
abonnes_telephonie_mobile,AR1 (ARCEP),2018T1,trimestriel,ensemble,Ensemble,prepaid,5606288.0,abonnés,publie,principal,,A,,publication 2019T1
abonnes_telephonie_mobile,AR1 (ARCEP),2018T2,trimestriel,ensemble,Ensemble,prepaid,5764433.0,abonnés,publie,principal,,A,,publication 2019T2 ; révisée (45.54 %)
abonnes_telephonie_mobile,AR1 (ARCEP),2018T3,trimestriel,ensemble,Ensemble,prepaid,5927382.0,abonnés,publie,principal,,A,,publication 2019T3
abonnes_telephonie_mobile,AR1 (ARCEP),2018T4,trimestriel,ensemble,Ensemble,prepaid,6120705.0,abonnés,publie,principal,,A,,publication 2019T4
abonnes_telephonie_mobile,AR1 (ARCEP),2019T1,trimestriel,ensemble,Ensemble,prepaid,6168849.0,abonnés,publie,principal,,A,,publication 2020T1
abonnes_telephonie_mobile,AR1 (ARCEP),2019T2,trimestriel,ensemble,Ensemble,prepaid,6556887.0,abonnés,publie,principal,,A,,publication 2020T2
abonnes_telephonie_mobile,AR1 (ARCEP),2019T3,trimestriel,ensemble,Ensemble,prepaid,6725767.0,abonnés,publie,principal,,A,,publication 2020T3
abonnes_telephonie_mobile,AR1 (ARCEP),2019T4,trimestriel,ensemble,Ensemble,prepaid,6209854.0,abonnés,publie,principal,,A,,publication 2020T4
abonnes_telephonie_mobile,AR1 (ARCEP),2020T1,trimestriel,ensemble,Ensemble,prepaid,5821578.0,abonnés,publie,principal,,A,,publication 2021T1
abonnes_telephonie_mobile,AR1 (ARCEP),2020T2,trimestriel,ensemble,Ensemble,prepaid,5807061.0,abonnés,publie,principal,,A,,publication 2021T2
abonnes_telephonie_mobile,AR1 (ARCEP),2020T3,trimestriel,ensemble,Ensemble,prepaid,6070314.0,abonnés,publie,principal,,A,,publication 2021T3
abonnes_telephonie_mobile,AR1 (ARCEP),2020T4,trimestriel,ensemble,Ensemble,prepaid,6480994.0,abonnés,publie,principal,,A,,publication 2021T4
abonnes_telephonie_mobile,AR1 (ARCEP),2021T1,trimestriel,ensemble,Ensemble,prepaid,6381751.0,abonnés,publie,principal,,A,,publication 2022T1 ; révisée (2.5 %)
abonnes_telephonie_mobile,AR1 (ARCEP),2021T2,trimestriel,ensemble,Ensemble,prepaid,6263529.0,abonnés,publie,principal,,A,,publication 2022T2 ; révisée (2.83 %)
abonnes_telephonie_mobile,AR1 (ARCEP),2021T3,trimestriel,ensemble,Ensemble,prepaid,6256100.0,abonnés,publie,principal,,A,,publication 2022T3 ; révisée (3.07 %)
abonnes_telephonie_mobile,AR1 (ARCEP),2021T4,trimestriel,ensemble,Ensemble,prepaid,6212262.0,abonnés,publie,principal,,A,,publication 2022T4 ; révisée (3.59 %)
abonnes_telephonie_mobile,AR1 (ARCEP),2022T1,trimestriel,ensemble,Ensemble,prepaid,6215220.0,abonnés,publie,principal,,A,,publication 2023T1
abonnes_telephonie_mobile,AR1 (ARCEP),2022T2,trimestriel,ensemble,Ensemble,prepaid,6297134.0,abonnés,publie,principal,,A,,publication 2023T2
abonnes_telephonie_mobile,AR1 (ARCEP),2022T3,trimestriel,ensemble,Ensemble,prepaid,6449882.0,abonnés,publie,principal,,A,,publication 2023T2
abonnes_telephonie_mobile,AR1 (ARCEP),2022T4,trimestriel,ensemble,Ensemble,prepaid,6516925.0,abonnés,publie,principal,,A,,publication 2023T2
abonnes_telephonie_mobile,AR1 (ARCEP),2023T1,trimestriel,ensemble,Ensemble,prepaid,6633676.0,abonnés,publie,principal,,A,,publication 2024T1
abonnes_telephonie_mobile,AR1 (ARCEP),2023T2,trimestriel,ensemble,Ensemble,prepaid,6708722.0,abonnés,publie,principal,,A,,publication 2024T2
abonnes_telephonie_mobile,AR1 (ARCEP),2023T3,trimestriel,ensemble,Ensemble,prepaid,6888775.0,abonnés,publie,principal,,A,,publication 2024T3
abonnes_telephonie_mobile,AR1 (ARCEP),2023T4,trimestriel,ensemble,Ensemble,prepaid,6995815.0,abonnés,publie,principal,,A,,publication 2024T4
abonnes_telephonie_mobile,AR1 (ARCEP),2024T1,trimestriel,ensemble,Ensemble,prepaid,7235814.0,abonnés,publie,principal,,A,,publication 2025T1
abonnes_telephonie_mobile,AR1 (ARCEP),2024T2,trimestriel,ensemble,Ensemble,prepaid,7317598.0,abonnés,publie,principal,,A,,publication 2025T2
abonnes_telephonie_mobile,AR1 (ARCEP),2024T3,trimestriel,ensemble,Ensemble,prepaid,7363888.0,abonnés,publie,principal,,A,,publication 2025T3
abonnes_telephonie_mobile,AR1 (ARCEP),2024T4,trimestriel,ensemble,Ensemble,prepaid,7618767.0,abonnés,publie,principal,,A,,publication 2025T4
abonnes_telephonie_mobile,AR1 (ARCEP),2025T1,trimestriel,ensemble,Ensemble,prepaid,7920245.0,abonnés,publie,principal,,A,,publication 2026T1
abonnes_telephonie_mobile,AR1 (ARCEP),2025T2,trimestriel,ensemble,Ensemble,prepaid,8183720.0,abonnés,publie,principal,,A,,publication 2026T2
abonnes_telephonie_mobile,AR1 (ARCEP),2025T3,trimestriel,ensemble,Ensemble,prepaid,8628389.0,abonnés,publie,principal,,A,,publication 2026T2
abonnes_telephonie_mobile,AR1 (ARCEP),2025T4,trimestriel,ensemble,Ensemble,prepaid,9107596.0,abonnés,publie,principal,,A,,publication 2026T2
abonnes_telephonie_mobile,AR1 (ARCEP),2026T1,trimestriel,ensemble,Ensemble,prepaid,9876293.0,abonnés,publie,principal,,A,,publication 2026T2
abonnes_telephonie_mobile,AR1 (ARCEP),2026T2,trimestriel,ensemble,Ensemble,prepaid,10403906.0,abonnés,publie,principal,,A,,publication 2026T2
abonnes_telephonie_mobile,AR1 (ARCEP),2018,annuel,ensemble,Ensemble,total,6144507.0,abonnés,valeur_T4,principal,,A,,
abonnes_telephonie_mobile,AR1 (ARCEP),2018,annuel,ensemble,Ensemble,total,5877637.25,abonnés,moyenne_4T,sensibilite,,A,,
abonnes_telephonie_mobile,AR1 (ARCEP),2019,annuel,ensemble,Ensemble,total,6239183.0,abonnés,valeur_T4,principal,,A,,
abonnes_telephonie_mobile,AR1 (ARCEP),2019,annuel,ensemble,Ensemble,total,6442749.5,abonnés,moyenne_4T,sensibilite,,A,,
abonnes_telephonie_mobile,AR1 (ARCEP),2020,annuel,ensemble,Ensemble,total,6516510.0,abonnés,valeur_T4,principal,,A,,
abonnes_telephonie_mobile,AR1 (ARCEP),2020,annuel,ensemble,Ensemble,total,6078028.75,abonnés,moyenne_4T,sensibilite,,A,,
abonnes_telephonie_mobile,AR1 (ARCEP),2021,annuel,ensemble,Ensemble,total,6254692.0,abonnés,valeur_T4,principal,,A,,
abonnes_telephonie_mobile,AR1 (ARCEP),2021,annuel,ensemble,Ensemble,total,6317728.0,abonnés,moyenne_4T,sensibilite,,A,,
abonnes_telephonie_mobile,AR1 (ARCEP),2022,annuel,ensemble,Ensemble,total,6564132.0,abonnés,valeur_T4,principal,,A,,
abonnes_telephonie_mobile,AR1 (ARCEP),2022,annuel,ensemble,Ensemble,total,6415868.25,abonnés,moyenne_4T,sensibilite,,A,,
abonnes_telephonie_mobile,AR1 (ARCEP),2023,annuel,ensemble,Ensemble,total,7051820.0,abonnés,valeur_T4,principal,,A,,
abonnes_telephonie_mobile,AR1 (ARCEP),2023,annuel,ensemble,Ensemble,total,6858724.5,abonnés,moyenne_4T,sensibilite,,A,,
abonnes_telephonie_mobile,AR1 (ARCEP),2024,annuel,ensemble,Ensemble,total,7688649.0,abonnés,valeur_T4,principal,,A,,
abonnes_telephonie_mobile,AR1 (ARCEP),2024,annuel,ensemble,Ensemble,total,7449141.25,abonnés,moyenne_4T,sensibilite,,A,,
abonnes_telephonie_mobile,AR1 (ARCEP),2025,annuel,ensemble,Ensemble,total,9177581.0,abonnés,valeur_T4,principal,,A,,
abonnes_telephonie_mobile,AR1 (ARCEP),2025,annuel,ensemble,Ensemble,total,8529274.5,abonnés,moyenne_4T,sensibilite,,A,,
abonnes_telephonie_mobile,AR1 (ARCEP),2026S1,semestriel,ensemble,Ensemble,total,10213193.0,abonnés,moyenne_trimestres,principal,,A,,année incomplète : T1 et T2 seulement
abonnes_telephonie_mobile,AR1 (ARCEP),2017T1,trimestriel,ensemble,Ensemble,total,5523566.0,abonnés,publie,principal,,A,,publication 2018T1
abonnes_telephonie_mobile,AR1 (ARCEP),2017T2,trimestriel,ensemble,Ensemble,total,5711131.0,abonnés,publie,principal,,A,,publication 2018T2
abonnes_telephonie_mobile,AR1 (ARCEP),2017T3,trimestriel,ensemble,Ensemble,total,5925960.0,abonnés,publie,principal,,A,,publication 2018T3
abonnes_telephonie_mobile,AR1 (ARCEP),2017T4,trimestriel,ensemble,Ensemble,total,6069905.0,abonnés,publie,principal,,A,,publication 2018T4
abonnes_telephonie_mobile,AR1 (ARCEP),2018T1,trimestriel,ensemble,Ensemble,total,5628238.0,abonnés,publie,principal,,A,,publication 2019T1
abonnes_telephonie_mobile,AR1 (ARCEP),2018T2,trimestriel,ensemble,Ensemble,total,5786958.0,abonnés,publie,principal,,A,,publication 2019T2
abonnes_telephonie_mobile,AR1 (ARCEP),2018T3,trimestriel,ensemble,Ensemble,total,5950846.0,abonnés,publie,principal,,A,,publication 2019T3
abonnes_telephonie_mobile,AR1 (ARCEP),2018T4,trimestriel,ensemble,Ensemble,total,6144507.0,abonnés,publie,principal,,A,,publication 2019T4
abonnes_telephonie_mobile,AR1 (ARCEP),2019T1,trimestriel,ensemble,Ensemble,total,6193411.0,abonnés,publie,principal,,A,,publication 2020T1
abonnes_telephonie_mobile,AR1 (ARCEP),2019T2,trimestriel,ensemble,Ensemble,total,6583786.0,abonnés,publie,principal,,A,,publication 2020T2 ; révisée (0.31 %)
abonnes_telephonie_mobile,AR1 (ARCEP),2019T3,trimestriel,ensemble,Ensemble,total,6754618.0,abonnés,publie,principal,,A,,publication 2020T3 ; révisée (0.34 %)
abonnes_telephonie_mobile,AR1 (ARCEP),2019T4,trimestriel,ensemble,Ensemble,total,6239183.0,abonnés,publie,principal,,A,,publication 2020T4
abonnes_telephonie_mobile,AR1 (ARCEP),2020T1,trimestriel,ensemble,Ensemble,total,5853122.0,abonnés,publie,principal,,A,,publication 2021T1 ; révisée (9.41 %)
abonnes_telephonie_mobile,AR1 (ARCEP),2020T2,trimestriel,ensemble,Ensemble,total,5839055.0,abonnés,publie,principal,,A,,publication 2021T2
abonnes_telephonie_mobile,AR1 (ARCEP),2020T3,trimestriel,ensemble,Ensemble,total,6103428.0,abonnés,publie,principal,,A,,publication 2021T3
abonnes_telephonie_mobile,AR1 (ARCEP),2020T4,trimestriel,ensemble,Ensemble,total,6516510.0,abonnés,publie,principal,,A,,publication 2021T4
abonnes_telephonie_mobile,AR1 (ARCEP),2021T1,trimestriel,ensemble,Ensemble,total,6418447.0,abonnés,publie,principal,,A,,publication 2022T1 ; révisée (2.58 %)
abonnes_telephonie_mobile,AR1 (ARCEP),2021T2,trimestriel,ensemble,Ensemble,total,6302214.0,abonnés,publie,principal,,A,,publication 2022T2 ; révisée (2.89 %)
abonnes_telephonie_mobile,AR1 (ARCEP),2021T3,trimestriel,ensemble,Ensemble,total,6295559.0,abonnés,publie,principal,,A,,publication 2022T3 ; révisée (3.13 %)
abonnes_telephonie_mobile,AR1 (ARCEP),2021T4,trimestriel,ensemble,Ensemble,total,6254692.0,abonnés,publie,principal,,A,,publication 2022T4 ; révisée (3.65 %)
abonnes_telephonie_mobile,AR1 (ARCEP),2022T1,trimestriel,ensemble,Ensemble,total,6259336.0,abonnés,publie,principal,,A,,publication 2023T1
abonnes_telephonie_mobile,AR1 (ARCEP),2022T2,trimestriel,ensemble,Ensemble,total,6342917.0,abonnés,publie,principal,,A,,publication 2023T2
abonnes_telephonie_mobile,AR1 (ARCEP),2022T3,trimestriel,ensemble,Ensemble,total,6497088.0,abonnés,publie,principal,,A,,publication 2023T2
abonnes_telephonie_mobile,AR1 (ARCEP),2022T4,trimestriel,ensemble,Ensemble,total,6564132.0,abonnés,publie,principal,,A,,publication 2023T2
abonnes_telephonie_mobile,AR1 (ARCEP),2023T1,trimestriel,ensemble,Ensemble,total,6682516.0,abonnés,publie,principal,,A,,publication 2024T1
abonnes_telephonie_mobile,AR1 (ARCEP),2023T2,trimestriel,ensemble,Ensemble,total,6758523.0,abonnés,publie,principal,,A,,publication 2024T2
abonnes_telephonie_mobile,AR1 (ARCEP),2023T3,trimestriel,ensemble,Ensemble,total,6942039.0,abonnés,publie,principal,,A,,publication 2024T3
abonnes_telephonie_mobile,AR1 (ARCEP),2023T4,trimestriel,ensemble,Ensemble,total,7051820.0,abonnés,publie,principal,,A,,publication 2024T4
abonnes_telephonie_mobile,AR1 (ARCEP),2024T1,trimestriel,ensemble,Ensemble,total,7295031.0,abonnés,publie,principal,,A,,publication 2025T1
abonnes_telephonie_mobile,AR1 (ARCEP),2024T2,trimestriel,ensemble,Ensemble,total,7382141.0,abonnés,publie,principal,,A,,publication 2025T2
abonnes_telephonie_mobile,AR1 (ARCEP),2024T3,trimestriel,ensemble,Ensemble,total,7430744.0,abonnés,publie,principal,,A,,publication 2025T3
abonnes_telephonie_mobile,AR1 (ARCEP),2024T4,trimestriel,ensemble,Ensemble,total,7688649.0,abonnés,publie,principal,,A,,publication 2025T4
abonnes_telephonie_mobile,AR1 (ARCEP),2025T1,trimestriel,ensemble,Ensemble,total,7988603.0,abonnés,publie,principal,,A,,publication 2026T1
abonnes_telephonie_mobile,AR1 (ARCEP),2025T2,trimestriel,ensemble,Ensemble,total,8253327.0,abonnés,publie,principal,,A,,publication 2026T2
abonnes_telephonie_mobile,AR1 (ARCEP),2025T3,trimestriel,ensemble,Ensemble,total,8697587.0,abonnés,publie,principal,,A,,publication 2026T2
abonnes_telephonie_mobile,AR1 (ARCEP),2025T4,trimestriel,ensemble,Ensemble,total,9177581.0,abonnés,publie,principal,,A,,publication 2026T2
abonnes_telephonie_mobile,AR1 (ARCEP),2026T1,trimestriel,ensemble,Ensemble,total,9947573.0,abonnés,publie,principal,,A,,publication 2026T2
abonnes_telephonie_mobile,AR1 (ARCEP),2026T2,trimestriel,ensemble,Ensemble,total,10478813.0,abonnés,publie,principal,,A,,publication 2026T2
ca,AR1 (ARCEP),2018,annuel,cafe,CAFE Informatique,,1.62,Md FCFA,somme_4T,principal,,A,,
ca,AR1 (ARCEP),2019,annuel,cafe,CAFE Informatique,,1.33775244,Md FCFA,somme_4T,principal,,A,,
ca,AR1 (ARCEP),2020,annuel,cafe,CAFE Informatique,,1.04,Md FCFA,somme_4T,principal,,A,,
ca,AR1 (ARCEP),2021,annuel,cafe,CAFE Informatique,,0.945,Md FCFA,somme_4T,principal,,A,,
ca,AR1 (ARCEP),2022,annuel,cafe,CAFE Informatique,,0.857,Md FCFA,somme_4T,principal,,A,,
ca,AR1 (ARCEP),2023,annuel,cafe,CAFE Informatique,,0.625,Md FCFA,somme_4T,principal,,A,,
ca,AR1 (ARCEP),2024,annuel,cafe,CAFE Informatique,,0.499,Md FCFA,somme_4T,principal,,A,,
ca,AR1 (ARCEP),2025,annuel,cafe,CAFE Informatique,,0.542,Md FCFA,somme_4T,principal,,A,,
ca,AR1 (ARCEP),2017T1,trimestriel,cafe,CAFE Informatique,,0.428,Md FCFA,publie,principal,,A,,publication 2018T1
ca,AR1 (ARCEP),2017T2,trimestriel,cafe,CAFE Informatique,,0.425,Md FCFA,publie,principal,,A,,publication 2018T2
ca,AR1 (ARCEP),2017T3,trimestriel,cafe,CAFE Informatique,,0.375,Md FCFA,publie,principal,,A,,publication 2018T3
ca,AR1 (ARCEP),2017T4,trimestriel,cafe,CAFE Informatique,,0.47,Md FCFA,publie,principal,,A,,publication 2018T4
ca,AR1 (ARCEP),2018T1,trimestriel,cafe,CAFE Informatique,,0.468,Md FCFA,publie,principal,,A,,publication 2019T1
ca,AR1 (ARCEP),2018T2,trimestriel,cafe,CAFE Informatique,,0.389,Md FCFA,publie,principal,,A,,publication 2019T2
ca,AR1 (ARCEP),2018T3,trimestriel,cafe,CAFE Informatique,,0.404,Md FCFA,publie,principal,,A,,publication 2019T3
ca,AR1 (ARCEP),2018T4,trimestriel,cafe,CAFE Informatique,,0.359,Md FCFA,publie,principal,,A,,publication 2019T4
ca,AR1 (ARCEP),2019T1,trimestriel,cafe,CAFE Informatique,,0.417,Md FCFA,publie,principal,,A,,publication 2020T1 ; révisée (0.24 %)
ca,AR1 (ARCEP),2019T2,trimestriel,cafe,CAFE Informatique,,0.293,Md FCFA,publie,principal,,A,,publication 2020T2
ca,AR1 (ARCEP),2019T3,trimestriel,cafe,CAFE Informatique,,0.28675244,Md FCFA,publie,principal,,A,,publication 2020T3 ; révisée (0.09 %)
ca,AR1 (ARCEP),2019T4,trimestriel,cafe,CAFE Informatique,,0.341,Md FCFA,publie,principal,,A,,publication 2020T4 ; révisée (0.13 %)
ca,AR1 (ARCEP),2020T1,trimestriel,cafe,CAFE Informatique,,0.29,Md FCFA,publie,principal,,A,,publication 2021T1 ; révisée (0.77 %)
ca,AR1 (ARCEP),2020T2,trimestriel,cafe,CAFE Informatique,,0.26,Md FCFA,publie,principal,,A,,publication 2021T2
ca,AR1 (ARCEP),2020T3,trimestriel,cafe,CAFE Informatique,,0.26,Md FCFA,publie,principal,,A,,publication 2021T3 ; révisée (23.89 %)
ca,AR1 (ARCEP),2020T4,trimestriel,cafe,CAFE Informatique,,0.23,Md FCFA,publie,principal,,A,,publication 2021T4 ; révisée (1.3 %)
ca,AR1 (ARCEP),2021T1,trimestriel,cafe,CAFE Informatique,,0.288,Md FCFA,publie,principal,,A,,publication 2022T1 ; révisée (0.69 %)
ca,AR1 (ARCEP),2021T2,trimestriel,cafe,CAFE Informatique,,0.224,Md FCFA,publie,principal,,A,,publication 2022T2 ; révisée (1.79 %)
ca,AR1 (ARCEP),2021T3,trimestriel,cafe,CAFE Informatique,,0.214,Md FCFA,publie,principal,,A,,publication 2022T3 ; révisée (1.87 %)
ca,AR1 (ARCEP),2021T4,trimestriel,cafe,CAFE Informatique,,0.219,Md FCFA,publie,principal,,A,,publication 2022T4 ; révisée (0.46 %)
ca,AR1 (ARCEP),2022T1,trimestriel,cafe,CAFE Informatique,,0.226,Md FCFA,publie,principal,,A,,publication 2023T1
ca,AR1 (ARCEP),2022T2,trimestriel,cafe,CAFE Informatique,,0.251,Md FCFA,publie,principal,,A,,publication 2023T2
ca,AR1 (ARCEP),2022T3,trimestriel,cafe,CAFE Informatique,,0.224,Md FCFA,publie,principal,,A,,publication 2023T2
ca,AR1 (ARCEP),2022T4,trimestriel,cafe,CAFE Informatique,,0.156,Md FCFA,publie,principal,,A,,publication 2023T2
ca,AR1 (ARCEP),2023T1,trimestriel,cafe,CAFE Informatique,,0.199,Md FCFA,publie,principal,,A,,publication 2024T1
ca,AR1 (ARCEP),2023T2,trimestriel,cafe,CAFE Informatique,,0.17,Md FCFA,publie,principal,,A,,publication 2024T2
ca,AR1 (ARCEP),2023T3,trimestriel,cafe,CAFE Informatique,,0.131,Md FCFA,publie,principal,,A,,publication 2024T3
ca,AR1 (ARCEP),2023T4,trimestriel,cafe,CAFE Informatique,,0.125,Md FCFA,publie,principal,,A,,publication 2024T4
ca,AR1 (ARCEP),2024T1,trimestriel,cafe,CAFE Informatique,,0.12,Md FCFA,publie,principal,,A,,publication 2025T1
ca,AR1 (ARCEP),2024T2,trimestriel,cafe,CAFE Informatique,,0.127,Md FCFA,publie,principal,,A,,publication 2025T2
ca,AR1 (ARCEP),2024T3,trimestriel,cafe,CAFE Informatique,,0.12,Md FCFA,publie,principal,,A,,publication 2025T3
ca,AR1 (ARCEP),2024T4,trimestriel,cafe,CAFE Informatique,,0.132,Md FCFA,publie,principal,,A,,publication 2025T4
ca,AR1 (ARCEP),2025T1,trimestriel,cafe,CAFE Informatique,,0.105,Md FCFA,publie,principal,,A,,publication 2026T1
ca,AR1 (ARCEP),2025T2,trimestriel,cafe,CAFE Informatique,,0.136,Md FCFA,publie,principal,,A,,publication 2026T2
ca,AR1 (ARCEP),2025T3,trimestriel,cafe,CAFE Informatique,,0.158,Md FCFA,publie,principal,,A,,publication 2026T2
ca,AR1 (ARCEP),2025T4,trimestriel,cafe,CAFE Informatique,,0.143,Md FCFA,publie,principal,,A,,publication 2026T2
ca,AR1 (ARCEP),2020,annuel,gva,GVA Togo,,3.24,Md FCFA,somme_4T,principal,,A,,
ca,AR1 (ARCEP),2021,annuel,gva,GVA Togo,,5.72,Md FCFA,somme_4T,principal,,A,,
ca,AR1 (ARCEP),2024,annuel,gva,GVA Togo,,12.559999999999999,Md FCFA,somme_4T,principal,,A,,
ca,AR1 (ARCEP),2025,annuel,gva,GVA Togo,,14.007000000000001,Md FCFA,somme_4T,principal,,A,,
ca,AR1 (ARCEP),2026S1,semestriel,gva,GVA Togo,,7.414,Md FCFA,somme_trimestres,principal,,A,,année incomplète : T1 et T2 seulement
ca,AR1 (ARCEP),2018T4,trimestriel,gva,GVA Togo,,0.241,Md FCFA,publie,principal,,A,,publication 2019T4
ca,AR1 (ARCEP),2019T4,trimestriel,gva,GVA Togo,,0.3,Md FCFA,publie,principal,,A,,publication 2020T4
ca,AR1 (ARCEP),2020T1,trimestriel,gva,GVA Togo,,0.63,Md FCFA,publie,principal,,A,,publication 2021T1 ; révisée (0.79 %)
ca,AR1 (ARCEP),2020T2,trimestriel,gva,GVA Togo,,0.63,Md FCFA,publie,principal,,A,,publication 2021T2 ; révisée (0.79 %)
ca,AR1 (ARCEP),2020T3,trimestriel,gva,GVA Togo,,0.99,Md FCFA,publie,principal,,A,,publication 2021T3 ; révisée (21.21 %)
ca,AR1 (ARCEP),2020T4,trimestriel,gva,GVA Togo,,0.99,Md FCFA,publie,principal,,A,,publication 2021T4
ca,AR1 (ARCEP),2021T1,trimestriel,gva,GVA Togo,,1.43,Md FCFA,publie,principal,,A,,publication 2021T4
ca,AR1 (ARCEP),2021T2,trimestriel,gva,GVA Togo,,1.43,Md FCFA,publie,principal,,A,,publication 2021T4
ca,AR1 (ARCEP),2021T3,trimestriel,gva,GVA Togo,,1.43,Md FCFA,publie,principal,,A,,publication 2021T4
ca,AR1 (ARCEP),2021T4,trimestriel,gva,GVA Togo,,1.43,Md FCFA,publie,principal,,A,,publication 2021T4
ca,AR1 (ARCEP),2023T2,trimestriel,gva,GVA Togo,,2.43,Md FCFA,publie,principal,,A,,publication 2024T2
ca,AR1 (ARCEP),2023T3,trimestriel,gva,GVA Togo,,2.617,Md FCFA,publie,principal,,A,,publication 2024T3
ca,AR1 (ARCEP),2023T4,trimestriel,gva,GVA Togo,,2.792,Md FCFA,publie,principal,,A,,publication 2024T4
ca,AR1 (ARCEP),2024T1,trimestriel,gva,GVA Togo,,3.006,Md FCFA,publie,principal,,A,,publication 2025T1
ca,AR1 (ARCEP),2024T2,trimestriel,gva,GVA Togo,,3.034,Md FCFA,publie,principal,,A,,publication 2025T2
ca,AR1 (ARCEP),2024T3,trimestriel,gva,GVA Togo,,3.223,Md FCFA,publie,principal,,A,,publication 2025T3
ca,AR1 (ARCEP),2024T4,trimestriel,gva,GVA Togo,,3.297,Md FCFA,publie,principal,,A,,publication 2025T4
ca,AR1 (ARCEP),2025T1,trimestriel,gva,GVA Togo,,3.409,Md FCFA,publie,principal,,A,,publication 2026T1
ca,AR1 (ARCEP),2025T2,trimestriel,gva,GVA Togo,,3.442,Md FCFA,publie,principal,,A,,publication 2026T2
ca,AR1 (ARCEP),2025T3,trimestriel,gva,GVA Togo,,3.539,Md FCFA,publie,principal,,A,,publication 2026T2
ca,AR1 (ARCEP),2025T4,trimestriel,gva,GVA Togo,,3.617,Md FCFA,publie,principal,,A,,publication 2026T2
ca,AR1 (ARCEP),2026T1,trimestriel,gva,GVA Togo,,3.688,Md FCFA,publie,principal,,A,,publication 2026T2 ; révisée (0.08 %)
ca,AR1 (ARCEP),2026T2,trimestriel,gva,GVA Togo,,3.726,Md FCFA,publie,principal,,A,,publication 2026T2
ca,AR1 (ARCEP),2018,annuel,moov,Moov Africa (Atlantique Telecom),,59.295,Md FCFA,somme_4T,principal,,A,,
ca,AR1 (ARCEP),2019,annuel,moov,Moov Africa (Atlantique Telecom),,59.379709873,Md FCFA,somme_4T,principal,,A,,
ca,AR1 (ARCEP),2020,annuel,moov,Moov Africa (Atlantique Telecom),,63.0,Md FCFA,somme_4T,principal,,A,,
ca,AR1 (ARCEP),2021,annuel,moov,Moov Africa (Atlantique Telecom),,63.08,Md FCFA,somme_4T,principal,,A,,
ca,AR1 (ARCEP),2022,annuel,moov,Moov Africa (Atlantique Telecom),,62.86,Md FCFA,somme_4T,principal,,A,,
ca,AR1 (ARCEP),2023,annuel,moov,Moov Africa (Atlantique Telecom),,63.03,Md FCFA,somme_4T,principal,,A,,
ca,AR1 (ARCEP),2024,annuel,moov,Moov Africa (Atlantique Telecom),,65.46000000000001,Md FCFA,somme_4T,principal,,A,,
ca,AR1 (ARCEP),2025,annuel,moov,Moov Africa (Atlantique Telecom),,70.97,Md FCFA,somme_4T,principal,,A,,
ca,AR1 (ARCEP),2026S1,semestriel,moov,Moov Africa (Atlantique Telecom),,35.620000000000005,Md FCFA,somme_trimestres,principal,,A,,année incomplète : T1 et T2 seulement
ca,AR1 (ARCEP),2017T1,trimestriel,moov,Moov Africa (Atlantique Telecom),,13.733,Md FCFA,publie,principal,,A,,publication 2018T1
ca,AR1 (ARCEP),2017T2,trimestriel,moov,Moov Africa (Atlantique Telecom),,13.893,Md FCFA,publie,principal,,A,,publication 2018T2
ca,AR1 (ARCEP),2017T3,trimestriel,moov,Moov Africa (Atlantique Telecom),,15.221,Md FCFA,publie,principal,,A,,publication 2018T3
ca,AR1 (ARCEP),2017T4,trimestriel,moov,Moov Africa (Atlantique Telecom),,15.189,Md FCFA,publie,principal,,A,,publication 2018T4
ca,AR1 (ARCEP),2018T1,trimestriel,moov,Moov Africa (Atlantique Telecom),,15.342,Md FCFA,publie,principal,,A,,publication 2019T1
ca,AR1 (ARCEP),2018T2,trimestriel,moov,Moov Africa (Atlantique Telecom),,14.081,Md FCFA,publie,principal,,A,,publication 2019T2
ca,AR1 (ARCEP),2018T3,trimestriel,moov,Moov Africa (Atlantique Telecom),,14.994,Md FCFA,publie,principal,,A,,publication 2019T3
ca,AR1 (ARCEP),2018T4,trimestriel,moov,Moov Africa (Atlantique Telecom),,14.878,Md FCFA,publie,principal,,A,,publication 2019T4
ca,AR1 (ARCEP),2019T1,trimestriel,moov,Moov Africa (Atlantique Telecom),,15.349,Md FCFA,publie,principal,,A,,publication 2020T1
ca,AR1 (ARCEP),2019T2,trimestriel,moov,Moov Africa (Atlantique Telecom),,14.488,Md FCFA,publie,principal,,A,,publication 2020T2
ca,AR1 (ARCEP),2019T3,trimestriel,moov,Moov Africa (Atlantique Telecom),,15.165709873,Md FCFA,publie,principal,,A,,publication 2020T3
ca,AR1 (ARCEP),2019T4,trimestriel,moov,Moov Africa (Atlantique Telecom),,14.377,Md FCFA,publie,principal,,A,,publication 2020T4
ca,AR1 (ARCEP),2020T1,trimestriel,moov,Moov Africa (Atlantique Telecom),,15.71,Md FCFA,publie,principal,,A,,publication 2021T1
ca,AR1 (ARCEP),2020T2,trimestriel,moov,Moov Africa (Atlantique Telecom),,14.77,Md FCFA,publie,principal,,A,,publication 2021T2
ca,AR1 (ARCEP),2020T3,trimestriel,moov,Moov Africa (Atlantique Telecom),,15.42,Md FCFA,publie,principal,,A,,publication 2021T3
ca,AR1 (ARCEP),2020T4,trimestriel,moov,Moov Africa (Atlantique Telecom),,17.1,Md FCFA,publie,principal,,A,,publication 2021T4
ca,AR1 (ARCEP),2021T1,trimestriel,moov,Moov Africa (Atlantique Telecom),,16.35,Md FCFA,publie,principal,,A,,publication 2022T1
ca,AR1 (ARCEP),2021T2,trimestriel,moov,Moov Africa (Atlantique Telecom),,15.48,Md FCFA,publie,principal,,A,,publication 2022T2
ca,AR1 (ARCEP),2021T3,trimestriel,moov,Moov Africa (Atlantique Telecom),,15.42,Md FCFA,publie,principal,,A,,publication 2022T3
ca,AR1 (ARCEP),2021T4,trimestriel,moov,Moov Africa (Atlantique Telecom),,15.83,Md FCFA,publie,principal,,A,,publication 2022T4
ca,AR1 (ARCEP),2022T1,trimestriel,moov,Moov Africa (Atlantique Telecom),,15.67,Md FCFA,publie,principal,,A,,publication 2023T1
ca,AR1 (ARCEP),2022T2,trimestriel,moov,Moov Africa (Atlantique Telecom),,14.69,Md FCFA,publie,principal,,A,,publication 2023T2
ca,AR1 (ARCEP),2022T3,trimestriel,moov,Moov Africa (Atlantique Telecom),,16.79,Md FCFA,publie,principal,,A,,publication 2023T2
ca,AR1 (ARCEP),2022T4,trimestriel,moov,Moov Africa (Atlantique Telecom),,15.71,Md FCFA,publie,principal,,A,,publication 2023T2
ca,AR1 (ARCEP),2023T1,trimestriel,moov,Moov Africa (Atlantique Telecom),,15.85,Md FCFA,publie,principal,,A,,publication 2024T1
ca,AR1 (ARCEP),2023T2,trimestriel,moov,Moov Africa (Atlantique Telecom),,15.53,Md FCFA,publie,principal,,A,,publication 2024T2
ca,AR1 (ARCEP),2023T3,trimestriel,moov,Moov Africa (Atlantique Telecom),,15.76,Md FCFA,publie,principal,,A,,publication 2024T3
ca,AR1 (ARCEP),2023T4,trimestriel,moov,Moov Africa (Atlantique Telecom),,15.89,Md FCFA,publie,principal,,A,,publication 2024T4
ca,AR1 (ARCEP),2024T1,trimestriel,moov,Moov Africa (Atlantique Telecom),,16.0,Md FCFA,publie,principal,,A,,publication 2025T1
ca,AR1 (ARCEP),2024T2,trimestriel,moov,Moov Africa (Atlantique Telecom),,15.6,Md FCFA,publie,principal,,A,,publication 2025T2
ca,AR1 (ARCEP),2024T3,trimestriel,moov,Moov Africa (Atlantique Telecom),,16.32,Md FCFA,publie,principal,,A,,publication 2025T3
ca,AR1 (ARCEP),2024T4,trimestriel,moov,Moov Africa (Atlantique Telecom),,17.54,Md FCFA,publie,principal,,A,,publication 2025T4
ca,AR1 (ARCEP),2025T1,trimestriel,moov,Moov Africa (Atlantique Telecom),,17.13,Md FCFA,publie,principal,,A,,publication 2026T1
ca,AR1 (ARCEP),2025T2,trimestriel,moov,Moov Africa (Atlantique Telecom),,17.32,Md FCFA,publie,principal,,A,,publication 2026T2
ca,AR1 (ARCEP),2025T3,trimestriel,moov,Moov Africa (Atlantique Telecom),,17.8,Md FCFA,publie,principal,,A,,publication 2026T2
ca,AR1 (ARCEP),2025T4,trimestriel,moov,Moov Africa (Atlantique Telecom),,18.72,Md FCFA,publie,principal,,A,,publication 2026T2
ca,AR1 (ARCEP),2026T1,trimestriel,moov,Moov Africa (Atlantique Telecom),,17.89,Md FCFA,publie,principal,,A,,publication 2026T2
ca,AR1 (ARCEP),2026T2,trimestriel,moov,Moov Africa (Atlantique Telecom),,17.73,Md FCFA,publie,principal,,A,,publication 2026T2
ca,AR1 (ARCEP),2018,annuel,teolis,TEOLIS,,0.231,Md FCFA,somme_4T,principal,,A,,
ca,AR1 (ARCEP),2019,annuel,teolis,TEOLIS,,0.140129571,Md FCFA,somme_4T,principal,,A,,
ca,AR1 (ARCEP),2020,annuel,teolis,TEOLIS,,0.12,Md FCFA,somme_4T,principal,,A,,
ca,AR1 (ARCEP),2021,annuel,teolis,TEOLIS,,0.108,Md FCFA,somme_4T,principal,,A,,
ca,AR1 (ARCEP),2022,annuel,teolis,TEOLIS,,0.22399999999999998,Md FCFA,somme_4T,principal,,A,,
ca,AR1 (ARCEP),2023,annuel,teolis,TEOLIS,,0.189,Md FCFA,somme_4T,principal,,A,,
ca,AR1 (ARCEP),2024,annuel,teolis,TEOLIS,,0.268,Md FCFA,somme_4T,principal,,A,,
ca,AR1 (ARCEP),2025,annuel,teolis,TEOLIS,,0.28300000000000003,Md FCFA,somme_4T,principal,,A,,
ca,AR1 (ARCEP),2026S1,semestriel,teolis,TEOLIS,,0.152,Md FCFA,somme_trimestres,principal,,A,,année incomplète : T1 et T2 seulement
ca,AR1 (ARCEP),2018T1,trimestriel,teolis,TEOLIS,,0.009,Md FCFA,publie,principal,,A,,publication 2019T1
ca,AR1 (ARCEP),2018T2,trimestriel,teolis,TEOLIS,,0.17,Md FCFA,publie,principal,,A,,publication 2019T2 ; révisée (95.29 %)
ca,AR1 (ARCEP),2018T3,trimestriel,teolis,TEOLIS,,0.024,Md FCFA,publie,principal,,A,,publication 2019T3 ; révisée (75.0 %)
ca,AR1 (ARCEP),2018T4,trimestriel,teolis,TEOLIS,,0.028,Md FCFA,publie,principal,,A,,publication 2019T4 ; révisée (82.14 %)
ca,AR1 (ARCEP),2019T1,trimestriel,teolis,TEOLIS,,0.03,Md FCFA,publie,principal,,A,,publication 2020T1
ca,AR1 (ARCEP),2019T2,trimestriel,teolis,TEOLIS,,0.028,Md FCFA,publie,principal,,A,,publication 2020T2
ca,AR1 (ARCEP),2019T3,trimestriel,teolis,TEOLIS,,0.036129571,Md FCFA,publie,principal,,A,,publication 2020T3 ; révisée (0.36 %)
ca,AR1 (ARCEP),2019T4,trimestriel,teolis,TEOLIS,,0.046,Md FCFA,publie,principal,,A,,publication 2020T4 ; révisée (0.81 %)
ca,AR1 (ARCEP),2020T1,trimestriel,teolis,TEOLIS,,0.02,Md FCFA,publie,principal,,A,,publication 2021T1 ; révisée (20.0 %)
ca,AR1 (ARCEP),2020T2,trimestriel,teolis,TEOLIS,,0.03,Md FCFA,publie,principal,,A,,publication 2021T2 ; révisée (0.85 %)
ca,AR1 (ARCEP),2020T3,trimestriel,teolis,TEOLIS,,0.03,Md FCFA,publie,principal,,A,,publication 2021T3 ; révisée (16.67 %)
ca,AR1 (ARCEP),2020T4,trimestriel,teolis,TEOLIS,,0.04,Md FCFA,publie,principal,,A,,publication 2021T4 ; révisée (5.0 %)
ca,AR1 (ARCEP),2021T1,trimestriel,teolis,TEOLIS,,0.024,Md FCFA,publie,principal,,A,,publication 2022T1 ; révisée (16.67 %)
ca,AR1 (ARCEP),2021T2,trimestriel,teolis,TEOLIS,,0.029,Md FCFA,publie,principal,,A,,publication 2022T2 ; révisée (3.45 %)
ca,AR1 (ARCEP),2021T3,trimestriel,teolis,TEOLIS,,0.029,Md FCFA,publie,principal,,A,,publication 2022T3 ; révisée (3.45 %)
ca,AR1 (ARCEP),2021T4,trimestriel,teolis,TEOLIS,,0.026,Md FCFA,publie,principal,,A,,publication 2022T4 ; révisée (15.38 %)
ca,AR1 (ARCEP),2022T1,trimestriel,teolis,TEOLIS,,0.042,Md FCFA,publie,principal,,A,,publication 2023T1
ca,AR1 (ARCEP),2022T2,trimestriel,teolis,TEOLIS,,0.088,Md FCFA,publie,principal,,A,,publication 2023T2
ca,AR1 (ARCEP),2022T3,trimestriel,teolis,TEOLIS,,0.051,Md FCFA,publie,principal,,A,,publication 2023T2
ca,AR1 (ARCEP),2022T4,trimestriel,teolis,TEOLIS,,0.043,Md FCFA,publie,principal,,A,,publication 2023T2
ca,AR1 (ARCEP),2023T1,trimestriel,teolis,TEOLIS,,0.048,Md FCFA,publie,principal,,A,,publication 2024T1
ca,AR1 (ARCEP),2023T2,trimestriel,teolis,TEOLIS,,0.043,Md FCFA,publie,principal,,A,,publication 2024T2
ca,AR1 (ARCEP),2023T3,trimestriel,teolis,TEOLIS,,0.048,Md FCFA,publie,principal,,A,,publication 2024T3
ca,AR1 (ARCEP),2023T4,trimestriel,teolis,TEOLIS,,0.05,Md FCFA,publie,principal,,A,,publication 2024T4
ca,AR1 (ARCEP),2024T1,trimestriel,teolis,TEOLIS,,0.061,Md FCFA,publie,principal,,A,,publication 2025T1
ca,AR1 (ARCEP),2024T2,trimestriel,teolis,TEOLIS,,0.068,Md FCFA,publie,principal,,A,,publication 2025T2
ca,AR1 (ARCEP),2024T3,trimestriel,teolis,TEOLIS,,0.063,Md FCFA,publie,principal,,A,,publication 2025T3
ca,AR1 (ARCEP),2024T4,trimestriel,teolis,TEOLIS,,0.076,Md FCFA,publie,principal,,A,,publication 2025T4
ca,AR1 (ARCEP),2025T1,trimestriel,teolis,TEOLIS,,0.078,Md FCFA,publie,principal,,A,,publication 2026T1
ca,AR1 (ARCEP),2025T2,trimestriel,teolis,TEOLIS,,0.068,Md FCFA,publie,principal,,A,,publication 2026T2
ca,AR1 (ARCEP),2025T3,trimestriel,teolis,TEOLIS,,0.066,Md FCFA,publie,principal,,A,,publication 2026T2
ca,AR1 (ARCEP),2025T4,trimestriel,teolis,TEOLIS,,0.071,Md FCFA,publie,principal,,A,,publication 2026T2
ca,AR1 (ARCEP),2026T1,trimestriel,teolis,TEOLIS,,0.073,Md FCFA,publie,principal,,A,,publication 2026T2
ca,AR1 (ARCEP),2026T2,trimestriel,teolis,TEOLIS,,0.079,Md FCFA,publie,principal,,A,,publication 2026T2
ca,AR1 (ARCEP),2018,annuel,togo_telecom,"Togo Telecom (YAS, fixe)",,33.742999999999995,Md FCFA,somme_4T,principal,,A,,
ca,AR1 (ARCEP),2019,annuel,togo_telecom,"Togo Telecom (YAS, fixe)",,28.279523549,Md FCFA,somme_4T,principal,,A,,
ca,AR1 (ARCEP),2020,annuel,togo_telecom,"Togo Telecom (YAS, fixe)",,26.08,Md FCFA,somme_4T,principal,,A,,
ca,AR1 (ARCEP),2021,annuel,togo_telecom,"Togo Telecom (YAS, fixe)",,33.28,Md FCFA,somme_4T,principal,,A,,
ca,AR1 (ARCEP),2022,annuel,togo_telecom,"Togo Telecom (YAS, fixe)",,35.519999999999996,Md FCFA,somme_4T,principal,,A,,
ca,AR1 (ARCEP),2023,annuel,togo_telecom,"Togo Telecom (YAS, fixe)",,33.019999999999996,Md FCFA,somme_4T,principal,,A,,
ca,AR1 (ARCEP),2024,annuel,togo_telecom,"Togo Telecom (YAS, fixe)",,39.08,Md FCFA,somme_4T,principal,,A,,
ca,AR1 (ARCEP),2025,annuel,togo_telecom,"Togo Telecom (YAS, fixe)",,26.580000000000002,Md FCFA,somme_4T,principal,périmètre du CA de Togo Telecom changé (voix et data fixes intégrées),A,,
ca,AR1 (ARCEP),2026S1,semestriel,togo_telecom,"Togo Telecom (YAS, fixe)",,11.760000000000002,Md FCFA,somme_trimestres,principal,,A,,année incomplète : T1 et T2 seulement
ca,AR1 (ARCEP),2017T1,trimestriel,togo_telecom,"Togo Telecom (YAS, fixe)",,7.869,Md FCFA,publie,principal,,A,,publication 2018T1
ca,AR1 (ARCEP),2017T2,trimestriel,togo_telecom,"Togo Telecom (YAS, fixe)",,13.134,Md FCFA,publie,principal,,A,,publication 2018T2
ca,AR1 (ARCEP),2017T3,trimestriel,togo_telecom,"Togo Telecom (YAS, fixe)",,9.834,Md FCFA,publie,principal,,A,,publication 2018T3
ca,AR1 (ARCEP),2017T4,trimestriel,togo_telecom,"Togo Telecom (YAS, fixe)",,9.949,Md FCFA,publie,principal,,A,,publication 2018T4
ca,AR1 (ARCEP),2018T1,trimestriel,togo_telecom,"Togo Telecom (YAS, fixe)",,9.141,Md FCFA,publie,principal,,A,,publication 2019T1
ca,AR1 (ARCEP),2018T2,trimestriel,togo_telecom,"Togo Telecom (YAS, fixe)",,8.339,Md FCFA,publie,principal,,A,,publication 2019T2
ca,AR1 (ARCEP),2018T3,trimestriel,togo_telecom,"Togo Telecom (YAS, fixe)",,8.091,Md FCFA,publie,principal,,A,,publication 2019T3
ca,AR1 (ARCEP),2018T4,trimestriel,togo_telecom,"Togo Telecom (YAS, fixe)",,8.172,Md FCFA,publie,principal,,A,,publication 2019T4
ca,AR1 (ARCEP),2019T1,trimestriel,togo_telecom,"Togo Telecom (YAS, fixe)",,5.599,Md FCFA,publie,principal,,A,,publication 2020T1
ca,AR1 (ARCEP),2019T2,trimestriel,togo_telecom,"Togo Telecom (YAS, fixe)",,11.376,Md FCFA,publie,principal,,A,,publication 2020T2
ca,AR1 (ARCEP),2019T3,trimestriel,togo_telecom,"Togo Telecom (YAS, fixe)",,5.636523549,Md FCFA,publie,principal,,A,,publication 2020T3
ca,AR1 (ARCEP),2019T4,trimestriel,togo_telecom,"Togo Telecom (YAS, fixe)",,5.668,Md FCFA,publie,principal,,A,,publication 2020T4
ca,AR1 (ARCEP),2020T1,trimestriel,togo_telecom,"Togo Telecom (YAS, fixe)",,5.73,Md FCFA,publie,principal,,A,,publication 2021T1
ca,AR1 (ARCEP),2020T2,trimestriel,togo_telecom,"Togo Telecom (YAS, fixe)",,5.16,Md FCFA,publie,principal,,A,,publication 2021T2 ; révisée (0.1 %)
ca,AR1 (ARCEP),2020T3,trimestriel,togo_telecom,"Togo Telecom (YAS, fixe)",,7.54,Md FCFA,publie,principal,,A,,publication 2021T3
ca,AR1 (ARCEP),2020T4,trimestriel,togo_telecom,"Togo Telecom (YAS, fixe)",,7.65,Md FCFA,publie,principal,,A,,publication 2021T4
ca,AR1 (ARCEP),2021T1,trimestriel,togo_telecom,"Togo Telecom (YAS, fixe)",,8.6,Md FCFA,publie,principal,,A,,publication 2022T1
ca,AR1 (ARCEP),2021T2,trimestriel,togo_telecom,"Togo Telecom (YAS, fixe)",,8.34,Md FCFA,publie,principal,,A,,publication 2022T2
ca,AR1 (ARCEP),2021T3,trimestriel,togo_telecom,"Togo Telecom (YAS, fixe)",,8.56,Md FCFA,publie,principal,,A,,publication 2022T3
ca,AR1 (ARCEP),2021T4,trimestriel,togo_telecom,"Togo Telecom (YAS, fixe)",,7.78,Md FCFA,publie,principal,,A,,publication 2022T4
ca,AR1 (ARCEP),2022T1,trimestriel,togo_telecom,"Togo Telecom (YAS, fixe)",,9.14,Md FCFA,publie,principal,,A,,publication 2023T1
ca,AR1 (ARCEP),2022T2,trimestriel,togo_telecom,"Togo Telecom (YAS, fixe)",,9.02,Md FCFA,publie,principal,,A,,publication 2023T2
ca,AR1 (ARCEP),2022T3,trimestriel,togo_telecom,"Togo Telecom (YAS, fixe)",,8.6,Md FCFA,publie,principal,,A,,publication 2023T2
ca,AR1 (ARCEP),2022T4,trimestriel,togo_telecom,"Togo Telecom (YAS, fixe)",,8.76,Md FCFA,publie,principal,,A,,publication 2023T2
ca,AR1 (ARCEP),2023T1,trimestriel,togo_telecom,"Togo Telecom (YAS, fixe)",,9.07,Md FCFA,publie,principal,,A,,publication 2024T1
ca,AR1 (ARCEP),2023T2,trimestriel,togo_telecom,"Togo Telecom (YAS, fixe)",,8.7,Md FCFA,publie,principal,,A,,publication 2024T2
ca,AR1 (ARCEP),2023T3,trimestriel,togo_telecom,"Togo Telecom (YAS, fixe)",,6.46,Md FCFA,publie,principal,,A,,publication 2024T3
ca,AR1 (ARCEP),2023T4,trimestriel,togo_telecom,"Togo Telecom (YAS, fixe)",,8.79,Md FCFA,publie,principal,,A,,publication 2024T4
ca,AR1 (ARCEP),2024T1,trimestriel,togo_telecom,"Togo Telecom (YAS, fixe)",,8.71,Md FCFA,publie,principal,,A,,publication 2025T1
ca,AR1 (ARCEP),2024T2,trimestriel,togo_telecom,"Togo Telecom (YAS, fixe)",,9.72,Md FCFA,publie,principal,,A,,publication 2025T1
ca,AR1 (ARCEP),2024T3,trimestriel,togo_telecom,"Togo Telecom (YAS, fixe)",,9.84,Md FCFA,publie,principal,,A,,publication 2025T3
ca,AR1 (ARCEP),2024T4,trimestriel,togo_telecom,"Togo Telecom (YAS, fixe)",,10.81,Md FCFA,publie,principal,,A,,publication 2025T4
ca,AR1 (ARCEP),2025T1,trimestriel,togo_telecom,"Togo Telecom (YAS, fixe)",,9.46,Md FCFA,publie,principal,,A,,publication 2026T1
ca,AR1 (ARCEP),2025T2,trimestriel,togo_telecom,"Togo Telecom (YAS, fixe)",,5.53,Md FCFA,publie,principal,périmètre du CA de Togo Telecom changé (voix et data fixes intégrées),A,,publication 2026T2
ca,AR1 (ARCEP),2025T3,trimestriel,togo_telecom,"Togo Telecom (YAS, fixe)",,5.88,Md FCFA,publie,principal,,A,,publication 2026T2
ca,AR1 (ARCEP),2025T4,trimestriel,togo_telecom,"Togo Telecom (YAS, fixe)",,5.71,Md FCFA,publie,principal,,A,,publication 2026T2
ca,AR1 (ARCEP),2026T1,trimestriel,togo_telecom,"Togo Telecom (YAS, fixe)",,5.98,Md FCFA,publie,principal,,A,,publication 2026T2
ca,AR1 (ARCEP),2026T2,trimestriel,togo_telecom,"Togo Telecom (YAS, fixe)",,5.78,Md FCFA,publie,principal,,A,,publication 2026T2
ca,AR1 (ARCEP),2018,annuel,togocom,Togocom (Togo Cellulaire),,90.92399999999999,Md FCFA,somme_4T,principal,,A,,
ca,AR1 (ARCEP),2019,annuel,togocom,Togocom (Togo Cellulaire),,100.12700417900001,Md FCFA,somme_4T,principal,,A,,
ca,AR1 (ARCEP),2020,annuel,togocom,Togocom (Togo Cellulaire),,103.79,Md FCFA,somme_4T,principal,,A,,
ca,AR1 (ARCEP),2021,annuel,togocom,Togocom (Togo Cellulaire),,119.28999999999999,Md FCFA,somme_4T,principal,,A,,
ca,AR1 (ARCEP),2022,annuel,togocom,Togocom (Togo Cellulaire),,121.73000000000002,Md FCFA,somme_4T,principal,,A,,
ca,AR1 (ARCEP),2023,annuel,togocom,Togocom (Togo Cellulaire),,130.9,Md FCFA,somme_4T,principal,,A,,
ca,AR1 (ARCEP),2024,annuel,togocom,Togocom (Togo Cellulaire),,144.36,Md FCFA,somme_4T,principal,,A,,
ca,AR1 (ARCEP),2025,annuel,togocom,Togocom (Togo Cellulaire),,152.5,Md FCFA,somme_4T,principal,,A,,
ca,AR1 (ARCEP),2026S1,semestriel,togocom,Togocom (Togo Cellulaire),,70.44999999999999,Md FCFA,somme_trimestres,principal,CA mobile money de YAS Togo non déclaré,A,,année incomplète : T1 et T2 seulement
ca,AR1 (ARCEP),2017T1,trimestriel,togocom,Togocom (Togo Cellulaire),,21.282,Md FCFA,publie,principal,,A,,publication 2018T1
ca,AR1 (ARCEP),2017T2,trimestriel,togocom,Togocom (Togo Cellulaire),,21.763,Md FCFA,publie,principal,,A,,publication 2018T2
ca,AR1 (ARCEP),2017T3,trimestriel,togocom,Togocom (Togo Cellulaire),,22.144,Md FCFA,publie,principal,,A,,publication 2018T3
ca,AR1 (ARCEP),2017T4,trimestriel,togocom,Togocom (Togo Cellulaire),,22.689,Md FCFA,publie,principal,,A,,publication 2018T4
ca,AR1 (ARCEP),2018T1,trimestriel,togocom,Togocom (Togo Cellulaire),,21.87,Md FCFA,publie,principal,,A,,publication 2019T1
ca,AR1 (ARCEP),2018T2,trimestriel,togocom,Togocom (Togo Cellulaire),,23.064,Md FCFA,publie,principal,,A,,publication 2019T2
ca,AR1 (ARCEP),2018T3,trimestriel,togocom,Togocom (Togo Cellulaire),,21.687,Md FCFA,publie,principal,,A,,publication 2019T3
ca,AR1 (ARCEP),2018T4,trimestriel,togocom,Togocom (Togo Cellulaire),,24.303,Md FCFA,publie,principal,,A,,publication 2019T4
ca,AR1 (ARCEP),2019T1,trimestriel,togocom,Togocom (Togo Cellulaire),,23.335,Md FCFA,publie,principal,,A,,publication 2020T1 ; révisée (11.21 %)
ca,AR1 (ARCEP),2019T2,trimestriel,togocom,Togocom (Togo Cellulaire),,26.014,Md FCFA,publie,principal,,A,,publication 2020T2 ; révisée (1.63 %)
ca,AR1 (ARCEP),2019T3,trimestriel,togocom,Togocom (Togo Cellulaire),,26.137004179,Md FCFA,publie,principal,,A,,publication 2020T3 ; révisée (0.12 %)
ca,AR1 (ARCEP),2019T4,trimestriel,togocom,Togocom (Togo Cellulaire),,24.641,Md FCFA,publie,principal,,A,,publication 2020T4
ca,AR1 (ARCEP),2020T1,trimestriel,togocom,Togocom (Togo Cellulaire),,24.73,Md FCFA,publie,principal,,A,,publication 2021T1
ca,AR1 (ARCEP),2020T2,trimestriel,togocom,Togocom (Togo Cellulaire),,25.52,Md FCFA,publie,principal,,A,,publication 2021T2
ca,AR1 (ARCEP),2020T3,trimestriel,togocom,Togocom (Togo Cellulaire),,26.78,Md FCFA,publie,principal,,A,,publication 2021T3
ca,AR1 (ARCEP),2020T4,trimestriel,togocom,Togocom (Togo Cellulaire),,26.76,Md FCFA,publie,principal,,A,,publication 2021T4
ca,AR1 (ARCEP),2021T1,trimestriel,togocom,Togocom (Togo Cellulaire),,28.79,Md FCFA,publie,principal,,A,,publication 2022T1
ca,AR1 (ARCEP),2021T2,trimestriel,togocom,Togocom (Togo Cellulaire),,29.09,Md FCFA,publie,principal,,A,,publication 2022T2
ca,AR1 (ARCEP),2021T3,trimestriel,togocom,Togocom (Togo Cellulaire),,31.0,Md FCFA,publie,principal,,A,,publication 2022T3
ca,AR1 (ARCEP),2021T4,trimestriel,togocom,Togocom (Togo Cellulaire),,30.41,Md FCFA,publie,principal,,A,,publication 2022T4
ca,AR1 (ARCEP),2022T1,trimestriel,togocom,Togocom (Togo Cellulaire),,30.79,Md FCFA,publie,principal,,A,,publication 2023T1
ca,AR1 (ARCEP),2022T2,trimestriel,togocom,Togocom (Togo Cellulaire),,30.44,Md FCFA,publie,principal,,A,,publication 2023T2
ca,AR1 (ARCEP),2022T3,trimestriel,togocom,Togocom (Togo Cellulaire),,30.29,Md FCFA,publie,principal,,A,,publication 2023T2
ca,AR1 (ARCEP),2022T4,trimestriel,togocom,Togocom (Togo Cellulaire),,30.21,Md FCFA,publie,principal,,A,,publication 2023T2
ca,AR1 (ARCEP),2023T1,trimestriel,togocom,Togocom (Togo Cellulaire),,31.01,Md FCFA,publie,principal,,A,,publication 2024T1
ca,AR1 (ARCEP),2023T2,trimestriel,togocom,Togocom (Togo Cellulaire),,31.72,Md FCFA,publie,principal,,A,,publication 2024T2
ca,AR1 (ARCEP),2023T3,trimestriel,togocom,Togocom (Togo Cellulaire),,33.35,Md FCFA,publie,principal,,A,,publication 2024T3
ca,AR1 (ARCEP),2023T4,trimestriel,togocom,Togocom (Togo Cellulaire),,34.82,Md FCFA,publie,principal,,A,,publication 2024T4
ca,AR1 (ARCEP),2024T1,trimestriel,togocom,Togocom (Togo Cellulaire),,35.59,Md FCFA,publie,principal,,A,,publication 2025T1
ca,AR1 (ARCEP),2024T2,trimestriel,togocom,Togocom (Togo Cellulaire),,35.68,Md FCFA,publie,principal,,A,,publication 2025T2
ca,AR1 (ARCEP),2024T3,trimestriel,togocom,Togocom (Togo Cellulaire),,36.3,Md FCFA,publie,principal,,A,,publication 2025T3
ca,AR1 (ARCEP),2024T4,trimestriel,togocom,Togocom (Togo Cellulaire),,36.79,Md FCFA,publie,principal,,A,,publication 2025T4
ca,AR1 (ARCEP),2025T1,trimestriel,togocom,Togocom (Togo Cellulaire),,37.16,Md FCFA,publie,principal,,A,,publication 2026T1
ca,AR1 (ARCEP),2025T2,trimestriel,togocom,Togocom (Togo Cellulaire),,37.7,Md FCFA,publie,principal,,A,,publication 2026T2
ca,AR1 (ARCEP),2025T3,trimestriel,togocom,Togocom (Togo Cellulaire),,38.44,Md FCFA,publie,principal,,A,,publication 2026T2
ca,AR1 (ARCEP),2025T4,trimestriel,togocom,Togocom (Togo Cellulaire),,39.2,Md FCFA,publie,principal,,A,,publication 2026T2
ca,AR1 (ARCEP),2026T1,trimestriel,togocom,Togocom (Togo Cellulaire),,35.3,Md FCFA,publie,principal,,A,,publication 2026T2
ca,AR1 (ARCEP),2026T2,trimestriel,togocom,Togocom (Togo Cellulaire),,35.15,Md FCFA,publie,principal,CA mobile money de YAS Togo non déclaré,A,,publication 2026T2
ca,"D3 (INSEED, opendata)",2013,annuel,total_d3,total_d3,,178.673,Md FCFA,publie,principal,,A,,périmètre du CA non documenté ; sert au ratio Investissement / CA 2013-2019 (A4)
ca,"D3 (INSEED, opendata)",2014,annuel,total_d3,total_d3,,188.077,Md FCFA,publie,principal,,A,,périmètre du CA non documenté ; sert au ratio Investissement / CA 2013-2019 (A4)
ca,"D3 (INSEED, opendata)",2015,annuel,total_d3,total_d3,,199.604,Md FCFA,publie,principal,,A,,périmètre du CA non documenté ; sert au ratio Investissement / CA 2013-2019 (A4)
ca,"D3 (INSEED, opendata)",2016,annuel,total_d3,total_d3,,187.552,Md FCFA,publie,principal,,A,,périmètre du CA non documenté ; sert au ratio Investissement / CA 2013-2019 (A4)
ca,"D3 (INSEED, opendata)",2017,annuel,total_d3,total_d3,,178.483,Md FCFA,publie,principal,,A,,périmètre du CA non documenté ; sert au ratio Investissement / CA 2013-2019 (A4)
ca,"D3 (INSEED, opendata)",2018,annuel,total_d3,total_d3,,177.177,Md FCFA,publie,principal,,A,,périmètre du CA non documenté ; sert au ratio Investissement / CA 2013-2019 (A4)
ca,"D3 (INSEED, opendata)",2019,annuel,total_d3,total_d3,,184.914,Md FCFA,publie,principal,,A,,périmètre du CA non documenté ; sert au ratio Investissement / CA 2013-2019 (A4)
ca,AR1 (ARCEP),2018,annuel,total_fixe,Total fixe,,35.417,Md FCFA,somme_4T,principal,périmètre : CA de GVA non inclus dans le total publié,A,,
ca,AR1 (ARCEP),2019,annuel,total_fixe,Total fixe,,30.057,Md FCFA,somme_4T,principal,périmètre : CA de GVA non inclus dans le total publié,A,,
ca,AR1 (ARCEP),2020,annuel,total_fixe,Total fixe,,30.48,Md FCFA,somme_4T,principal,,A,,
ca,AR1 (ARCEP),2021,annuel,total_fixe,Total fixe,,34.34,Md FCFA,somme_4T,principal,périmètre : CA de GVA non inclus dans le total publié,A,,
ca,AR1 (ARCEP),2022,annuel,total_fixe,Total fixe,,36.6,Md FCFA,somme_4T,principal,périmètre : CA de GVA non inclus dans le total publié,A,,
ca,AR1 (ARCEP),2023,annuel,total_fixe,Total fixe,,41.68,Md FCFA,somme_4T,principal,périmètre : CA de GVA non inclus dans le total publié,A,,
ca,AR1 (ARCEP),2024,annuel,total_fixe,Total fixe,,52.42,Md FCFA,somme_4T,principal,,A,,
ca,AR1 (ARCEP),2025,annuel,total_fixe,Total fixe,,41.41,Md FCFA,somme_4T,principal,périmètre du CA de Togo Telecom changé (voix et data fixes intégrées),A,,
ca,AR1 (ARCEP),2026S1,semestriel,total_fixe,Total fixe,,19.33,Md FCFA,somme_trimestres,principal,,A,,année incomplète : T1 et T2 seulement
ca,AR1 (ARCEP),2017T1,trimestriel,total_fixe,Total fixe,,8.298,Md FCFA,publie,principal,,A,,publication 2018T1
ca,AR1 (ARCEP),2017T2,trimestriel,total_fixe,Total fixe,,13.559,Md FCFA,publie,principal,,A,,publication 2018T2
ca,AR1 (ARCEP),2017T3,trimestriel,total_fixe,Total fixe,,10.209,Md FCFA,publie,principal,,A,,publication 2018T2
ca,AR1 (ARCEP),2017T4,trimestriel,total_fixe,Total fixe,,10.42,Md FCFA,publie,principal,,A,,publication 2018T4
ca,AR1 (ARCEP),2018T1,trimestriel,total_fixe,Total fixe,,9.618,Md FCFA,publie,principal,périmètre : CA de GVA non inclus dans le total publié,A,,publication 2019T1 ; révisée (0.09 %)
ca,AR1 (ARCEP),2018T2,trimestriel,total_fixe,Total fixe,,8.737,Md FCFA,publie,principal,,A,,publication 2018T4 ; révisée (0.21 %)
ca,AR1 (ARCEP),2018T3,trimestriel,total_fixe,Total fixe,,8.502,Md FCFA,publie,principal,périmètre : CA de GVA non inclus dans le total publié,A,,publication 2018T4
ca,AR1 (ARCEP),2018T4,trimestriel,total_fixe,Total fixe,,8.56,Md FCFA,publie,principal,périmètre : CA de GVA non inclus dans le total publié,A,,publication 2018T4
ca,AR1 (ARCEP),2019T1,trimestriel,total_fixe,Total fixe,,6.046,Md FCFA,publie,principal,périmètre : CA de GVA non inclus dans le total publié,A,,publication 2020T1
ca,AR1 (ARCEP),2019T2,trimestriel,total_fixe,Total fixe,,11.697,Md FCFA,publie,principal,périmètre : CA de GVA non inclus dans le total publié,A,,publication 2020T2
ca,AR1 (ARCEP),2019T3,trimestriel,total_fixe,Total fixe,,5.959,Md FCFA,publie,principal,périmètre : CA de GVA non inclus dans le total publié,A,,publication 2020T3
ca,AR1 (ARCEP),2019T4,trimestriel,total_fixe,Total fixe,,6.355,Md FCFA,publie,principal,,A,,publication 2020T4
ca,AR1 (ARCEP),2020T1,trimestriel,total_fixe,Total fixe,,6.67,Md FCFA,publie,principal,,A,,publication 2021T1 ; révisée (4.93 %)
ca,AR1 (ARCEP),2020T2,trimestriel,total_fixe,Total fixe,,6.08,Md FCFA,publie,principal,,A,,publication 2021T2
ca,AR1 (ARCEP),2020T3,trimestriel,total_fixe,Total fixe,,8.82,Md FCFA,publie,principal,,A,,publication 2021T3 ; révisée (3.1 %)
ca,AR1 (ARCEP),2020T4,trimestriel,total_fixe,Total fixe,,8.91,Md FCFA,publie,principal,,A,,publication 2021T4
ca,AR1 (ARCEP),2021T1,trimestriel,total_fixe,Total fixe,,8.91,Md FCFA,publie,principal,périmètre : CA de GVA non inclus dans le total publié,A,,publication 2022T1 ; révisée (16.05 %)
ca,AR1 (ARCEP),2021T2,trimestriel,total_fixe,Total fixe,,8.59,Md FCFA,publie,principal,périmètre : CA de GVA non inclus dans le total publié,A,,publication 2022T2 ; révisée (16.65 %)
ca,AR1 (ARCEP),2021T3,trimestriel,total_fixe,Total fixe,,8.81,Md FCFA,publie,principal,périmètre : CA de GVA non inclus dans le total publié,A,,publication 2022T3 ; révisée (16.23 %)
ca,AR1 (ARCEP),2021T4,trimestriel,total_fixe,Total fixe,,8.03,Md FCFA,publie,principal,périmètre : CA de GVA non inclus dans le total publié,A,,publication 2022T4 ; révisée (17.68 %)
ca,AR1 (ARCEP),2022T1,trimestriel,total_fixe,Total fixe,,9.41,Md FCFA,publie,principal,périmètre : CA de GVA non inclus dans le total publié,A,,publication 2023T1
ca,AR1 (ARCEP),2022T2,trimestriel,total_fixe,Total fixe,,9.36,Md FCFA,publie,principal,périmètre : CA de GVA non inclus dans le total publié,A,,publication 2023T2
ca,AR1 (ARCEP),2022T3,trimestriel,total_fixe,Total fixe,,8.87,Md FCFA,publie,principal,périmètre : CA de GVA non inclus dans le total publié,A,,publication 2023T2
ca,AR1 (ARCEP),2022T4,trimestriel,total_fixe,Total fixe,,8.96,Md FCFA,publie,principal,périmètre : CA de GVA non inclus dans le total publié,A,,publication 2023T2
ca,AR1 (ARCEP),2023T1,trimestriel,total_fixe,Total fixe,,9.32,Md FCFA,publie,principal,périmètre : CA de GVA non inclus dans le total publié,A,,publication 2024T1
ca,AR1 (ARCEP),2023T2,trimestriel,total_fixe,Total fixe,,11.35,Md FCFA,publie,principal,,A,,publication 2024T2 ; révisée (21.41 %)
ca,AR1 (ARCEP),2023T3,trimestriel,total_fixe,Total fixe,,9.25,Md FCFA,publie,principal,,A,,publication 2024T3
ca,AR1 (ARCEP),2023T4,trimestriel,total_fixe,Total fixe,,11.76,Md FCFA,publie,principal,,A,,publication 2024T4
ca,AR1 (ARCEP),2024T1,trimestriel,total_fixe,Total fixe,,11.9,Md FCFA,publie,principal,,A,,publication 2025T1
ca,AR1 (ARCEP),2024T2,trimestriel,total_fixe,Total fixe,,12.95,Md FCFA,publie,principal,,A,,publication 2025T1
ca,AR1 (ARCEP),2024T3,trimestriel,total_fixe,Total fixe,,13.25,Md FCFA,publie,principal,,A,,publication 2025T3
ca,AR1 (ARCEP),2024T4,trimestriel,total_fixe,Total fixe,,14.32,Md FCFA,publie,principal,,A,,publication 2025T4
ca,AR1 (ARCEP),2025T1,trimestriel,total_fixe,Total fixe,,13.05,Md FCFA,publie,principal,,A,,publication 2026T1
ca,AR1 (ARCEP),2025T2,trimestriel,total_fixe,Total fixe,,9.18,Md FCFA,publie,principal,périmètre du CA de Togo Telecom changé (voix et data fixes intégrées),A,,publication 2026T2
ca,AR1 (ARCEP),2025T3,trimestriel,total_fixe,Total fixe,,9.64,Md FCFA,publie,principal,,A,,publication 2026T2
ca,AR1 (ARCEP),2025T4,trimestriel,total_fixe,Total fixe,,9.54,Md FCFA,publie,principal,,A,,publication 2026T2
ca,AR1 (ARCEP),2026T1,trimestriel,total_fixe,Total fixe,,9.74,Md FCFA,publie,principal,,A,,publication 2026T2
ca,AR1 (ARCEP),2026T2,trimestriel,total_fixe,Total fixe,,9.59,Md FCFA,publie,principal,,A,,publication 2026T2
ca,AR1 (ARCEP),2018,annuel,total_mobile,Total mobile,,150.218,Md FCFA,somme_4T,principal,,A,,
ca,AR1 (ARCEP),2019,annuel,total_mobile,Total mobile,,159.506,Md FCFA,somme_4T,principal,,A,,
ca,AR1 (ARCEP),2020,annuel,total_mobile,Total mobile,,166.76,Md FCFA,somme_4T,principal,,A,,
ca,AR1 (ARCEP),2021,annuel,total_mobile,Total mobile,,182.38,Md FCFA,somme_4T,principal,,A,,
ca,AR1 (ARCEP),2022,annuel,total_mobile,Total mobile,,184.60000000000002,Md FCFA,somme_4T,principal,,A,,
ca,AR1 (ARCEP),2023,annuel,total_mobile,Total mobile,,193.92000000000002,Md FCFA,somme_4T,principal,,A,,
ca,AR1 (ARCEP),2024,annuel,total_mobile,Total mobile,,209.82,Md FCFA,somme_4T,principal,,A,,
ca,AR1 (ARCEP),2025,annuel,total_mobile,Total mobile,,223.45999999999998,Md FCFA,somme_4T,principal,,A,,
ca,AR1 (ARCEP),2026S1,semestriel,total_mobile,Total mobile,,106.07,Md FCFA,somme_trimestres,principal,CA mobile money de YAS Togo non déclaré,A,,année incomplète : T1 et T2 seulement
ca,AR1 (ARCEP),2017T1,trimestriel,total_mobile,Total mobile,,35.015,Md FCFA,publie,principal,,A,,publication 2018T1
ca,AR1 (ARCEP),2017T2,trimestriel,total_mobile,Total mobile,,35.656,Md FCFA,publie,principal,,A,,publication 2018T2
ca,AR1 (ARCEP),2017T3,trimestriel,total_mobile,Total mobile,,37.365,Md FCFA,publie,principal,,A,,publication 2018T2
ca,AR1 (ARCEP),2017T4,trimestriel,total_mobile,Total mobile,,37.878,Md FCFA,publie,principal,,A,,publication 2018T4
ca,AR1 (ARCEP),2018T1,trimestriel,total_mobile,Total mobile,,37.211,Md FCFA,publie,principal,,A,,publication 2019T1
ca,AR1 (ARCEP),2018T2,trimestriel,total_mobile,Total mobile,,37.145,Md FCFA,publie,principal,,A,,publication 2019T2
ca,AR1 (ARCEP),2018T3,trimestriel,total_mobile,Total mobile,,36.681,Md FCFA,publie,principal,,A,,publication 2019T3
ca,AR1 (ARCEP),2018T4,trimestriel,total_mobile,Total mobile,,39.181,Md FCFA,publie,principal,,A,,publication 2019T4
ca,AR1 (ARCEP),2019T1,trimestriel,total_mobile,Total mobile,,38.684,Md FCFA,publie,principal,,A,,publication 2020T1 ; révisée (6.76 %)
ca,AR1 (ARCEP),2019T2,trimestriel,total_mobile,Total mobile,,40.502,Md FCFA,publie,principal,,A,,publication 2020T2 ; révisée (1.05 %)
ca,AR1 (ARCEP),2019T3,trimestriel,total_mobile,Total mobile,,41.302,Md FCFA,publie,principal,,A,,publication 2020T3 ; révisée (0.08 %)
ca,AR1 (ARCEP),2019T4,trimestriel,total_mobile,Total mobile,,39.018,Md FCFA,publie,principal,,A,,publication 2020T4
ca,AR1 (ARCEP),2020T1,trimestriel,total_mobile,Total mobile,,40.43,Md FCFA,publie,principal,,A,,publication 2021T1
ca,AR1 (ARCEP),2020T2,trimestriel,total_mobile,Total mobile,,40.29,Md FCFA,publie,principal,,A,,publication 2021T2
ca,AR1 (ARCEP),2020T3,trimestriel,total_mobile,Total mobile,,42.19,Md FCFA,publie,principal,,A,,publication 2021T3
ca,AR1 (ARCEP),2020T4,trimestriel,total_mobile,Total mobile,,43.85,Md FCFA,publie,principal,,A,,publication 2021T4
ca,AR1 (ARCEP),2021T1,trimestriel,total_mobile,Total mobile,,45.14,Md FCFA,publie,principal,,A,,publication 2022T1
ca,AR1 (ARCEP),2021T2,trimestriel,total_mobile,Total mobile,,44.58,Md FCFA,publie,principal,,A,,publication 2022T2
ca,AR1 (ARCEP),2021T3,trimestriel,total_mobile,Total mobile,,46.42,Md FCFA,publie,principal,,A,,publication 2022T3
ca,AR1 (ARCEP),2021T4,trimestriel,total_mobile,Total mobile,,46.24,Md FCFA,publie,principal,,A,,publication 2022T4
ca,AR1 (ARCEP),2022T1,trimestriel,total_mobile,Total mobile,,46.46,Md FCFA,publie,principal,,A,,publication 2023T1
ca,AR1 (ARCEP),2022T2,trimestriel,total_mobile,Total mobile,,45.13,Md FCFA,publie,principal,,A,,publication 2023T2
ca,AR1 (ARCEP),2022T3,trimestriel,total_mobile,Total mobile,,47.09,Md FCFA,publie,principal,,A,,publication 2023T2
ca,AR1 (ARCEP),2022T4,trimestriel,total_mobile,Total mobile,,45.92,Md FCFA,publie,principal,,A,,publication 2023T2
ca,AR1 (ARCEP),2023T1,trimestriel,total_mobile,Total mobile,,46.86,Md FCFA,publie,principal,,A,,publication 2024T1
ca,AR1 (ARCEP),2023T2,trimestriel,total_mobile,Total mobile,,47.25,Md FCFA,publie,principal,,A,,publication 2024T2
ca,AR1 (ARCEP),2023T3,trimestriel,total_mobile,Total mobile,,49.1,Md FCFA,publie,principal,,A,,publication 2024T3
ca,AR1 (ARCEP),2023T4,trimestriel,total_mobile,Total mobile,,50.71,Md FCFA,publie,principal,,A,,publication 2024T4
ca,AR1 (ARCEP),2024T1,trimestriel,total_mobile,Total mobile,,51.59,Md FCFA,publie,principal,,A,,publication 2025T1
ca,AR1 (ARCEP),2024T2,trimestriel,total_mobile,Total mobile,,51.28,Md FCFA,publie,principal,,A,,publication 2025T2
ca,AR1 (ARCEP),2024T3,trimestriel,total_mobile,Total mobile,,52.62,Md FCFA,publie,principal,,A,,publication 2025T3
ca,AR1 (ARCEP),2024T4,trimestriel,total_mobile,Total mobile,,54.33,Md FCFA,publie,principal,,A,,publication 2025T4
ca,AR1 (ARCEP),2025T1,trimestriel,total_mobile,Total mobile,,54.29,Md FCFA,publie,principal,,A,,publication 2026T1
ca,AR1 (ARCEP),2025T2,trimestriel,total_mobile,Total mobile,,55.01,Md FCFA,publie,principal,,A,,publication 2026T2
ca,AR1 (ARCEP),2025T3,trimestriel,total_mobile,Total mobile,,56.24,Md FCFA,publie,principal,,A,,publication 2026T2
ca,AR1 (ARCEP),2025T4,trimestriel,total_mobile,Total mobile,,57.92,Md FCFA,publie,principal,,A,,publication 2026T2
ca,AR1 (ARCEP),2026T1,trimestriel,total_mobile,Total mobile,,53.19,Md FCFA,publie,principal,,A,,publication 2026T2
ca,AR1 (ARCEP),2026T2,trimestriel,total_mobile,Total mobile,,52.88,Md FCFA,publie,principal,CA mobile money de YAS Togo non déclaré,A,,publication 2026T2
ca,"3g (Banque mondiale, historique)",1965,annuel,total_secteur,Secteur,,0.129143,Md FCFA,publie,historique,,C,,historique séparé (A4)
ca,"3g (Banque mondiale, historique)",1970,annuel,total_secteur,Secteur,,0.16827,Md FCFA,publie,historique,,C,,historique séparé (A4)
ca,"3g (Banque mondiale, historique)",1976,annuel,total_secteur,Secteur,,0.276713,Md FCFA,publie,historique,,C,,historique séparé (A4)
ca,"3g (Banque mondiale, historique)",1977,annuel,total_secteur,Secteur,,0.6403,Md FCFA,publie,historique,,C,,historique séparé (A4)
ca,"3g (Banque mondiale, historique)",1978,annuel,total_secteur,Secteur,,1.0462,Md FCFA,publie,historique,,C,,historique séparé (A4)
ca,"3g (Banque mondiale, historique)",1979,annuel,total_secteur,Secteur,,1.3248,Md FCFA,publie,historique,,C,,historique séparé (A4)
ca,"3g (Banque mondiale, historique)",1980,annuel,total_secteur,Secteur,,1.716889,Md FCFA,publie,historique,,C,,historique séparé (A4)
ca,"3g (Banque mondiale, historique)",1981,annuel,total_secteur,Secteur,,1.601549952,Md FCFA,publie,historique,,C,,historique séparé (A4)
ca,"3g (Banque mondiale, historique)",1982,annuel,total_secteur,Secteur,,2.245967872,Md FCFA,publie,historique,,C,,historique séparé (A4)
ca,"3g (Banque mondiale, historique)",1983,annuel,total_secteur,Secteur,,1.536905984,Md FCFA,publie,historique,,C,,historique séparé (A4)
ca,"3g (Banque mondiale, historique)",1986,annuel,total_secteur,Secteur,,6.05,Md FCFA,publie,historique,,C,,historique séparé (A4)
ca,"3g (Banque mondiale, historique)",1987,annuel,total_secteur,Secteur,,6.130745856,Md FCFA,publie,historique,,C,,historique séparé (A4)
ca,"3g (Banque mondiale, historique)",1988,annuel,total_secteur,Secteur,,6.484107776,Md FCFA,publie,historique,,C,,historique séparé (A4)
ca,"3g (Banque mondiale, historique)",1989,annuel,total_secteur,Secteur,,6.236306944,Md FCFA,publie,historique,,C,,historique séparé (A4)
ca,"3g (Banque mondiale, historique)",1990,annuel,total_secteur,Secteur,,7.077344768,Md FCFA,publie,historique,,C,,historique séparé (A4)
ca,"3g (Banque mondiale, historique)",1991,annuel,total_secteur,Secteur,,8.234153136,Md FCFA,publie,historique,,C,,historique séparé (A4)
ca,"3g (Banque mondiale, historique)",1992,annuel,total_secteur,Secteur,,7.947542,Md FCFA,publie,historique,,C,,historique séparé (A4)
ca,"3g (Banque mondiale, historique)",1993,annuel,total_secteur,Secteur,,7.57689,Md FCFA,publie,historique,,C,,historique séparé (A4)
ca,"3g (Banque mondiale, historique)",1994,annuel,total_secteur,Secteur,,14.06124,Md FCFA,publie,historique,,C,,historique séparé (A4)
ca,"3g (Banque mondiale, historique)",1995,annuel,total_secteur,Secteur,,16.00412,Md FCFA,publie,historique,,C,,historique séparé (A4)
ca,"3g (Banque mondiale, historique)",1996,annuel,total_secteur,Secteur,,20.11719,Md FCFA,publie,historique,,C,,historique séparé (A4)
ca,"3g (Banque mondiale, historique)",1997,annuel,total_secteur,Secteur,,22.84594,Md FCFA,publie,historique,,C,,historique séparé (A4)
ca,"3g (Banque mondiale, historique)",1998,annuel,total_secteur,Secteur,,23.128349753,Md FCFA,publie,historique,,C,,historique séparé (A4)
ca,"3g (Banque mondiale, historique)",1999,annuel,total_secteur,Secteur,,24.095944127,Md FCFA,publie,historique,,C,,historique séparé (A4)
ca,"3g (Banque mondiale, historique)",2000,annuel,total_secteur,Secteur,,27.65192214,Md FCFA,publie,historique,,C,,historique séparé (A4)
ca,"3g (Banque mondiale, historique)",2001,annuel,total_secteur,Secteur,,28.415277618,Md FCFA,publie,historique,,C,,historique séparé (A4)
ca,"3g (Banque mondiale, historique)",2002,annuel,total_secteur,Secteur,,43.0,Md FCFA,publie,historique,,C,,historique séparé (A4)
ca,"3g (Banque mondiale, historique)",2003,annuel,total_secteur,Secteur,,56.267224578,Md FCFA,publie,historique,,C,,historique séparé (A4)
ca,"3g (Banque mondiale, historique)",2004,annuel,total_secteur,Secteur,,62.38553873,Md FCFA,publie,historique,,C,,historique séparé (A4)
ca,"3g (Banque mondiale, historique)",2005,annuel,total_secteur,Secteur,,70.041,Md FCFA,publie,historique,,C,,historique séparé (A4)
ca,"3g (Banque mondiale, historique)",2006,annuel,total_secteur,Secteur,,80.442772967,Md FCFA,publie,historique,,C,,historique séparé (A4)
ca,"3g (Banque mondiale, historique)",2007,annuel,total_secteur,Secteur,,88.364081955,Md FCFA,publie,historique,,C,,historique séparé (A4)
ca,"2b (INSEED, opendata)",2010,annuel,total_secteur,Secteur,,154.999118295,Md FCFA,publie,principal,,A,,série nationale 2010-2022 ; pas de raccord avec AR1 (A4)
ca,"3g (Banque mondiale, historique)",2010,annuel,total_secteur,Secteur,,149.038,Md FCFA,publie,historique,,C,,historique séparé (A4)
ca,"2b (INSEED, opendata)",2011,annuel,total_secteur,Secteur,,169.574232114,Md FCFA,publie,principal,,A,,série nationale 2010-2022 ; pas de raccord avec AR1 (A4)
ca,"2b (INSEED, opendata)",2012,annuel,total_secteur,Secteur,,171.855438681,Md FCFA,publie,principal,,A,,série nationale 2010-2022 ; pas de raccord avec AR1 (A4)
ca,"2b (INSEED, opendata)",2013,annuel,total_secteur,Secteur,,174.460569823,Md FCFA,publie,principal,,A,,série nationale 2010-2022 ; pas de raccord avec AR1 (A4)
ca,"2b (INSEED, opendata)",2014,annuel,total_secteur,Secteur,,187.016169495,Md FCFA,publie,principal,,A,,série nationale 2010-2022 ; pas de raccord avec AR1 (A4)
ca,"2b (INSEED, opendata)",2015,annuel,total_secteur,Secteur,,193.581663417,Md FCFA,publie,principal,,A,,série nationale 2010-2022 ; pas de raccord avec AR1 (A4)
ca,"2b (INSEED, opendata)",2016,annuel,total_secteur,Secteur,,186.266539139,Md FCFA,publie,principal,,A,,série nationale 2010-2022 ; pas de raccord avec AR1 (A4)
ca,"2b (INSEED, opendata)",2017,annuel,total_secteur,Secteur,,177.27866364,Md FCFA,publie,principal,,A,,série nationale 2010-2022 ; pas de raccord avec AR1 (A4)
ca,AR1 (ARCEP),2018,annuel,total_secteur,Secteur,,185.63599999999997,Md FCFA,somme_4T,principal,périmètre : CA de GVA non inclus dans le total publié,A,,
ca,"2b (INSEED, opendata)",2018,annuel,total_secteur,Secteur,,179.524282839,Md FCFA,publie,principal,,A,,série nationale 2010-2022 ; pas de raccord avec AR1 (A4)
ca,AR1 (ARCEP),2019,annuel,total_secteur,Secteur,,189.564,Md FCFA,somme_4T,principal,périmètre : CA de GVA non inclus dans le total publié,A,,
ca,"2b (INSEED, opendata)",2019,annuel,total_secteur,Secteur,,186.869821664,Md FCFA,publie,principal,,A,,série nationale 2010-2022 ; pas de raccord avec AR1 (A4)
ca,AR1 (ARCEP),2020,annuel,total_secteur,Secteur,,197.23999999999998,Md FCFA,somme_4T,principal,,A,,
ca,"2b (INSEED, opendata)",2020,annuel,total_secteur,Secteur,,205.656767949,Md FCFA,publie,principal,,A,,série nationale 2010-2022 ; pas de raccord avec AR1 (A4)
ca,AR1 (ARCEP),2021,annuel,total_secteur,Secteur,,216.72,Md FCFA,somme_4T,principal,périmètre : CA de GVA non inclus dans le total publié,A,,
ca,"2b (INSEED, opendata)",2021,annuel,total_secteur,Secteur,,222.893662393,Md FCFA,publie,principal,,A,,série nationale 2010-2022 ; pas de raccord avec AR1 (A4)
ca,AR1 (ARCEP),2022,annuel,total_secteur,Secteur,,221.19,Md FCFA,somme_4T,principal,périmètre : CA de GVA non inclus dans le total publié,A,,
ca,"2b (INSEED, opendata)",2022,annuel,total_secteur,Secteur,,229.281101447,Md FCFA,publie,principal,,A,,série nationale 2010-2022 ; pas de raccord avec AR1 (A4)
ca,AR1 (ARCEP),2023,annuel,total_secteur,Secteur,,235.6,Md FCFA,somme_4T,principal,périmètre : CA de GVA non inclus dans le total publié,A,,
ca,AR1 (ARCEP),2024,annuel,total_secteur,Secteur,,262.24,Md FCFA,somme_4T,principal,,A,,
ca,AR1 (ARCEP),2025,annuel,total_secteur,Secteur,,264.87,Md FCFA,somme_4T,principal,périmètre du CA de Togo Telecom changé (voix et data fixes intégrées),A,,
ca,AR1 (ARCEP),2026S1,semestriel,total_secteur,Secteur,,125.4,Md FCFA,somme_trimestres,principal,CA mobile money de YAS Togo non déclaré,A,,année incomplète : T1 et T2 seulement
ca,AR1 (ARCEP),2017T1,trimestriel,total_secteur,Secteur,,43.313,Md FCFA,publie,principal,,A,,publication 2018T1
ca,AR1 (ARCEP),2017T2,trimestriel,total_secteur,Secteur,,49.215,Md FCFA,publie,principal,,A,,publication 2018T2
ca,AR1 (ARCEP),2017T3,trimestriel,total_secteur,Secteur,,47.575,Md FCFA,publie,principal,,A,,publication 2018T2
ca,AR1 (ARCEP),2017T4,trimestriel,total_secteur,Secteur,,48.298,Md FCFA,publie,principal,,A,,publication 2018T4
ca,AR1 (ARCEP),2018T1,trimestriel,total_secteur,Secteur,,46.83,Md FCFA,publie,principal,périmètre : CA de GVA non inclus dans le total publié,A,,publication 2019T1
ca,AR1 (ARCEP),2018T2,trimestriel,total_secteur,Secteur,,45.882,Md FCFA,publie,principal,,A,,publication 2018T4
ca,AR1 (ARCEP),2018T3,trimestriel,total_secteur,Secteur,,45.183,Md FCFA,publie,principal,périmètre : CA de GVA non inclus dans le total publié,A,,publication 2018T4
ca,AR1 (ARCEP),2018T4,trimestriel,total_secteur,Secteur,,47.741,Md FCFA,publie,principal,périmètre : CA de GVA non inclus dans le total publié,A,,publication 2018T4
ca,AR1 (ARCEP),2019T1,trimestriel,total_secteur,Secteur,,44.73,Md FCFA,publie,principal,périmètre : CA de GVA non inclus dans le total publié,A,,publication 2020T1 ; révisée (5.85 %)
ca,AR1 (ARCEP),2019T2,trimestriel,total_secteur,Secteur,,52.199,Md FCFA,publie,principal,périmètre : CA de GVA non inclus dans le total publié,A,,publication 2020T2 ; révisée (0.81 %)
ca,AR1 (ARCEP),2019T3,trimestriel,total_secteur,Secteur,,47.262,Md FCFA,publie,principal,périmètre : CA de GVA non inclus dans le total publié,A,,publication 2020T3 ; révisée (0.07 %)
ca,AR1 (ARCEP),2019T4,trimestriel,total_secteur,Secteur,,45.373,Md FCFA,publie,principal,,A,,publication 2020T4
ca,AR1 (ARCEP),2020T1,trimestriel,total_secteur,Secteur,,47.1,Md FCFA,publie,principal,,A,,publication 2021T1
ca,AR1 (ARCEP),2020T2,trimestriel,total_secteur,Secteur,,46.37,Md FCFA,publie,principal,,A,,publication 2021T2
ca,AR1 (ARCEP),2020T3,trimestriel,total_secteur,Secteur,,51.01,Md FCFA,publie,principal,,A,,publication 2021T3 ; révisée (0.54 %)
ca,AR1 (ARCEP),2020T4,trimestriel,total_secteur,Secteur,,52.76,Md FCFA,publie,principal,,A,,publication 2021T4
ca,AR1 (ARCEP),2021T1,trimestriel,total_secteur,Secteur,,54.05,Md FCFA,publie,principal,périmètre : CA de GVA non inclus dans le total publié,A,,publication 2022T1 ; révisée (2.65 %)
ca,AR1 (ARCEP),2021T2,trimestriel,total_secteur,Secteur,,53.17,Md FCFA,publie,principal,périmètre : CA de GVA non inclus dans le total publié,A,,publication 2022T2 ; révisée (2.69 %)
ca,AR1 (ARCEP),2021T3,trimestriel,total_secteur,Secteur,,55.23,Md FCFA,publie,principal,périmètre : CA de GVA non inclus dans le total publié,A,,publication 2022T3 ; révisée (2.59 %)
ca,AR1 (ARCEP),2021T4,trimestriel,total_secteur,Secteur,,54.27,Md FCFA,publie,principal,périmètre : CA de GVA non inclus dans le total publié,A,,publication 2022T4 ; révisée (2.63 %)
ca,AR1 (ARCEP),2022T1,trimestriel,total_secteur,Secteur,,55.87,Md FCFA,publie,principal,périmètre : CA de GVA non inclus dans le total publié,A,,publication 2023T1
ca,AR1 (ARCEP),2022T2,trimestriel,total_secteur,Secteur,,54.48,Md FCFA,publie,principal,périmètre : CA de GVA non inclus dans le total publié,A,,publication 2023T2
ca,AR1 (ARCEP),2022T3,trimestriel,total_secteur,Secteur,,55.96,Md FCFA,publie,principal,périmètre : CA de GVA non inclus dans le total publié,A,,publication 2023T2
ca,AR1 (ARCEP),2022T4,trimestriel,total_secteur,Secteur,,54.88,Md FCFA,publie,principal,périmètre : CA de GVA non inclus dans le total publié,A,,publication 2023T2
ca,AR1 (ARCEP),2023T1,trimestriel,total_secteur,Secteur,,56.18,Md FCFA,publie,principal,périmètre : CA de GVA non inclus dans le total publié,A,,publication 2024T1
ca,AR1 (ARCEP),2023T2,trimestriel,total_secteur,Secteur,,58.6,Md FCFA,publie,principal,,A,,publication 2024T2 ; révisée (4.15 %)
ca,AR1 (ARCEP),2023T3,trimestriel,total_secteur,Secteur,,58.36,Md FCFA,publie,principal,,A,,publication 2024T3
ca,AR1 (ARCEP),2023T4,trimestriel,total_secteur,Secteur,,62.46,Md FCFA,publie,principal,,A,,publication 2024T4
ca,AR1 (ARCEP),2024T1,trimestriel,total_secteur,Secteur,,63.49,Md FCFA,publie,principal,,A,,publication 2025T1
ca,AR1 (ARCEP),2024T2,trimestriel,total_secteur,Secteur,,64.23,Md FCFA,publie,principal,,A,,publication 2025T1
ca,AR1 (ARCEP),2024T3,trimestriel,total_secteur,Secteur,,65.87,Md FCFA,publie,principal,,A,,publication 2025T3
ca,AR1 (ARCEP),2024T4,trimestriel,total_secteur,Secteur,,68.65,Md FCFA,publie,principal,,A,,publication 2025T4
ca,AR1 (ARCEP),2025T1,trimestriel,total_secteur,Secteur,,67.34,Md FCFA,publie,principal,,A,,publication 2026T1
ca,AR1 (ARCEP),2025T2,trimestriel,total_secteur,Secteur,,64.19,Md FCFA,publie,principal,périmètre du CA de Togo Telecom changé (voix et data fixes intégrées),A,,publication 2026T2
ca,AR1 (ARCEP),2025T3,trimestriel,total_secteur,Secteur,,65.88,Md FCFA,publie,principal,,A,,publication 2026T2
ca,AR1 (ARCEP),2025T4,trimestriel,total_secteur,Secteur,,67.46,Md FCFA,publie,principal,,A,,publication 2026T2
ca,AR1 (ARCEP),2026T1,trimestriel,total_secteur,Secteur,,62.93,Md FCFA,publie,principal,,A,,publication 2026T2
ca,AR1 (ARCEP),2026T2,trimestriel,total_secteur,Secteur,,62.47,Md FCFA,publie,principal,CA mobile money de YAS Togo non déclaré,A,,publication 2026T2
compte_15ans_plus_pct,"4h (Findex, Banque mondiale)",2011,annuel,ensemble,Ensemble,,10.1852402521278,% des 15 ans et plus,publie,principal,,C,"Findex (échantillon, 15 ans et plus)",
compte_15ans_plus_pct,"4h (Findex, Banque mondiale)",2014,annuel,ensemble,Ensemble,,18.2514629953597,% des 15 ans et plus,publie,principal,,C,"Findex (échantillon, 15 ans et plus)",
compte_15ans_plus_pct,"4h (Findex, Banque mondiale)",2017,annuel,ensemble,Ensemble,,45.2893518838727,% des 15 ans et plus,publie,principal,,C,"Findex (échantillon, 15 ans et plus)",
compte_15ans_plus_pct,"4h (Findex, Banque mondiale)",2021,annuel,ensemble,Ensemble,,49.6056349278117,% des 15 ans et plus,publie,principal,,C,"Findex (échantillon, 15 ans et plus)",
compte_15ans_plus_pct,"4h (Findex, Banque mondiale)",2024,annuel,ensemble,Ensemble,,57.4329534151865,% des 15 ans et plus,publie,principal,,C,"Findex (échantillon, 15 ans et plus)",
compte_40pct_plus_pauvres_pct,"4h (Findex, Banque mondiale)",2011,annuel,ensemble,Ensemble,,5.95267499247716,% des 15 ans et plus,publie,principal,,C,"Findex (échantillon, 15 ans et plus)",
compte_40pct_plus_pauvres_pct,"4h (Findex, Banque mondiale)",2014,annuel,ensemble,Ensemble,,8.14145878012273,% des 15 ans et plus,publie,principal,,C,"Findex (échantillon, 15 ans et plus)",
compte_40pct_plus_pauvres_pct,"4h (Findex, Banque mondiale)",2017,annuel,ensemble,Ensemble,,34.7435734037245,% des 15 ans et plus,publie,principal,,C,"Findex (échantillon, 15 ans et plus)",
compte_40pct_plus_pauvres_pct,"4h (Findex, Banque mondiale)",2021,annuel,ensemble,Ensemble,,39.040293990828,% des 15 ans et plus,publie,principal,,C,"Findex (échantillon, 15 ans et plus)",
compte_40pct_plus_pauvres_pct,"4h (Findex, Banque mondiale)",2024,annuel,ensemble,Ensemble,,43.6513631462085,% des 15 ans et plus,publie,principal,,C,"Findex (échantillon, 15 ans et plus)",
compte_femmes_15ans_plus_pct,"4h (Findex, Banque mondiale)",2011,annuel,ensemble,Ensemble,,9.21766924099931,% des 15 ans et plus,publie,principal,,C,"Findex (échantillon, 15 ans et plus)",
compte_femmes_15ans_plus_pct,"4h (Findex, Banque mondiale)",2014,annuel,ensemble,Ensemble,,15.1125772794958,% des 15 ans et plus,publie,principal,,C,"Findex (échantillon, 15 ans et plus)",
compte_femmes_15ans_plus_pct,"4h (Findex, Banque mondiale)",2017,annuel,ensemble,Ensemble,,37.5931543657929,% des 15 ans et plus,publie,principal,,C,"Findex (échantillon, 15 ans et plus)",
compte_femmes_15ans_plus_pct,"4h (Findex, Banque mondiale)",2021,annuel,ensemble,Ensemble,,44.2989014704426,% des 15 ans et plus,publie,principal,,C,"Findex (échantillon, 15 ans et plus)",
compte_femmes_15ans_plus_pct,"4h (Findex, Banque mondiale)",2024,annuel,ensemble,Ensemble,,45.3494825153525,% des 15 ans et plus,publie,principal,,C,"Findex (échantillon, 15 ans et plus)",
cout_data_pct_rnb_mensuel,IT1 (UIT),2018,annuel,ensemble,Ensemble,i271mb_1GB5_GNI,16.61,% du RNB mensuel par habitant,publie,panier_distinct,,C,,"1,5 Go, data seule (2018-2020)"
cout_data_pct_rnb_mensuel,IT1 (UIT),2019,annuel,ensemble,Ensemble,i271mb_1GB5_GNI,16.61,% du RNB mensuel par habitant,publie,panier_distinct,,C,,"1,5 Go, data seule (2018-2020)"
cout_data_pct_rnb_mensuel,IT1 (UIT),2020,annuel,ensemble,Ensemble,i271mb_1GB5_GNI,15.1,% du RNB mensuel par habitant,publie,panier_distinct,,C,,"1,5 Go, data seule (2018-2020)"
cout_data_pct_rnb_mensuel,IT1 (UIT),2023,annuel,ensemble,Ensemble,i271mb_1GB_GNI,5.85,% du RNB mensuel par habitant,publie,principal,,C,,O2-05b : 1 Go de data mobile seule
cout_data_pct_rnb_mensuel,IT1 (UIT),2024,annuel,ensemble,Ensemble,i271mb_1GB_GNI,5.45,% du RNB mensuel par habitant,publie,principal,,C,,O2-05b : 1 Go de data mobile seule
cout_data_pct_rnb_mensuel,IT1 (UIT),2025,annuel,ensemble,Ensemble,i271mb_1GB_GNI,5.3,% du RNB mensuel par habitant,publie,principal,,C,,O2-05b : 1 Go de data mobile seule
cout_data_pct_rnb_mensuel,IT1 (UIT),2021,annuel,ensemble,Ensemble,i271mb_2GB_GNI,11.37,% du RNB mensuel par habitant,publie,panier_distinct,,C,,"2 Go, data seule (2021-2024 ; publié jusqu'en 2025)"
cout_data_pct_rnb_mensuel,IT1 (UIT),2022,annuel,ensemble,Ensemble,i271mb_2GB_GNI,8.7,% du RNB mensuel par habitant,publie,panier_distinct,,C,,"2 Go, data seule (2021-2024 ; publié jusqu'en 2025)"
cout_data_pct_rnb_mensuel,IT1 (UIT),2023,annuel,ensemble,Ensemble,i271mb_2GB_GNI,6.27,% du RNB mensuel par habitant,publie,panier_distinct,,C,,"2 Go, data seule (2021-2024 ; publié jusqu'en 2025)"
cout_data_pct_rnb_mensuel,IT1 (UIT),2024,annuel,ensemble,Ensemble,i271mb_2GB_GNI,5.83,% du RNB mensuel par habitant,publie,panier_distinct,,C,,"2 Go, data seule (2021-2024 ; publié jusqu'en 2025)"
cout_data_pct_rnb_mensuel,IT1 (UIT),2025,annuel,ensemble,Ensemble,i271mb_2GB_GNI,5.68,% du RNB mensuel par habitant,publie,panier_distinct,,C,,"2 Go, data seule (2021-2024 ; publié jusqu'en 2025)"
cout_data_pct_rnb_mensuel,IT1 (UIT),2022,annuel,ensemble,Ensemble,i271mb_5GB_GNI,13.59,% du RNB mensuel par habitant,publie,panier_distinct,,C,,"5 Go, data seule (2025-)"
cout_data_pct_rnb_mensuel,IT1 (UIT),2023,annuel,ensemble,Ensemble,i271mb_5GB_GNI,10.45,% du RNB mensuel par habitant,publie,panier_distinct,,C,,"5 Go, data seule (2025-)"
cout_data_pct_rnb_mensuel,IT1 (UIT),2024,annuel,ensemble,Ensemble,i271mb_5GB_GNI,9.72,% du RNB mensuel par habitant,publie,panier_distinct,,C,,"5 Go, data seule (2025-)"
cout_data_pct_rnb_mensuel,IT1 (UIT),2025,annuel,ensemble,Ensemble,i271mb_5GB_GNI,9.46,% du RNB mensuel par habitant,publie,panier_distinct,,C,,"5 Go, data seule (2025-)"
cout_data_pct_rnb_mensuel,IT1 (UIT),2013,annuel,ensemble,Ensemble,i271md_pd_B1GB_GNI,73.62,% du RNB mensuel par habitant,publie,panier_distinct,,C,,1 Go postpayé sur ordinateur (2013-2017)
cout_data_pct_rnb_mensuel,IT1 (UIT),2014,annuel,ensemble,Ensemble,i271md_pd_B1GB_GNI,21.29,% du RNB mensuel par habitant,publie,panier_distinct,,C,,1 Go postpayé sur ordinateur (2013-2017)
cout_data_pct_rnb_mensuel,IT1 (UIT),2015,annuel,ensemble,Ensemble,i271md_pd_B1GB_GNI,17.8,% du RNB mensuel par habitant,publie,panier_distinct,,C,,1 Go postpayé sur ordinateur (2013-2017)
cout_data_pct_rnb_mensuel,IT1 (UIT),2016,annuel,ensemble,Ensemble,i271md_pd_B1GB_GNI,18.74,% du RNB mensuel par habitant,publie,panier_distinct,,C,,1 Go postpayé sur ordinateur (2013-2017)
cout_data_pct_rnb_mensuel,IT1 (UIT),2017,annuel,ensemble,Ensemble,i271md_pd_B1GB_GNI,16.9,% du RNB mensuel par habitant,publie,panier_distinct,,C,,1 Go postpayé sur ordinateur (2013-2017)
indice_prix_communication,IN3a (INSEED),2010M1,mensuel,ensemble,Ensemble,,99.4454343528721,indice,publie,principal,,C,,
indice_prix_communication,IN3a (INSEED),2010M10,mensuel,ensemble,Ensemble,,99.2388223589831,indice,publie,principal,,C,,
indice_prix_communication,IN3a (INSEED),2010M11,mensuel,ensemble,Ensemble,,99.281227344448,indice,publie,principal,,C,,
indice_prix_communication,IN3a (INSEED),2010M12,mensuel,ensemble,Ensemble,,99.3604309214041,indice,publie,principal,,C,,
indice_prix_communication,IN3a (INSEED),2010M2,mensuel,ensemble,Ensemble,,99.4454343528721,indice,publie,principal,,C,,
indice_prix_communication,IN3a (INSEED),2010M3,mensuel,ensemble,Ensemble,,99.3522409979693,indice,publie,principal,,C,,
indice_prix_communication,IN3a (INSEED),2010M4,mensuel,ensemble,Ensemble,,99.3522409979693,indice,publie,principal,,C,,
indice_prix_communication,IN3a (INSEED),2010M5,mensuel,ensemble,Ensemble,,99.4328671733684,indice,publie,principal,,C,,
indice_prix_communication,IN3a (INSEED),2010M6,mensuel,ensemble,Ensemble,,99.3234122994315,indice,publie,principal,,C,,
indice_prix_communication,IN3a (INSEED),2010M7,mensuel,ensemble,Ensemble,,99.2388223589831,indice,publie,principal,,C,,
indice_prix_communication,IN3a (INSEED),2010M8,mensuel,ensemble,Ensemble,,99.2388223589831,indice,publie,principal,,C,,
indice_prix_communication,IN3a (INSEED),2010M9,mensuel,ensemble,Ensemble,,99.2388223589831,indice,publie,principal,,C,,
indice_prix_communication,IN3a (INSEED),2011M1,mensuel,ensemble,Ensemble,,106.219007796534,indice,publie,principal,,C,,
indice_prix_communication,IN3a (INSEED),2011M10,mensuel,ensemble,Ensemble,,100.828049910495,indice,publie,principal,,C,,
indice_prix_communication,IN3a (INSEED),2011M11,mensuel,ensemble,Ensemble,,100.807404147263,indice,publie,principal,,C,,
indice_prix_communication,IN3a (INSEED),2011M12,mensuel,ensemble,Ensemble,,100.807404147263,indice,publie,principal,,C,,
indice_prix_communication,IN3a (INSEED),2011M2,mensuel,ensemble,Ensemble,,107.303382810915,indice,publie,principal,,C,,
indice_prix_communication,IN3a (INSEED),2011M3,mensuel,ensemble,Ensemble,,107.303382810915,indice,publie,principal,,C,,
indice_prix_communication,IN3a (INSEED),2011M4,mensuel,ensemble,Ensemble,,107.312435557209,indice,publie,principal,,C,,
indice_prix_communication,IN3a (INSEED),2011M5,mensuel,ensemble,Ensemble,,100.902112834608,indice,publie,principal,,C,,
indice_prix_communication,IN3a (INSEED),2011M6,mensuel,ensemble,Ensemble,,100.902112834608,indice,publie,principal,,C,,
indice_prix_communication,IN3a (INSEED),2011M7,mensuel,ensemble,Ensemble,,100.851628126183,indice,publie,principal,,C,,
indice_prix_communication,IN3a (INSEED),2011M8,mensuel,ensemble,Ensemble,,100.78905038768,indice,publie,principal,,C,,
indice_prix_communication,IN3a (INSEED),2011M9,mensuel,ensemble,Ensemble,,100.828049910495,indice,publie,principal,,C,,
indice_prix_communication,IN3a (INSEED),2012M1,mensuel,ensemble,Ensemble,,100.899326152531,indice,publie,principal,,C,,
indice_prix_communication,IN3a (INSEED),2012M10,mensuel,ensemble,Ensemble,,96.8245099313754,indice,publie,principal,,C,,
indice_prix_communication,IN3a (INSEED),2012M11,mensuel,ensemble,Ensemble,,96.8218315505455,indice,publie,principal,,C,,
indice_prix_communication,IN3a (INSEED),2012M12,mensuel,ensemble,Ensemble,,96.8218315505455,indice,publie,principal,,C,,
indice_prix_communication,IN3a (INSEED),2012M2,mensuel,ensemble,Ensemble,,100.78037205911,indice,publie,principal,,C,,
indice_prix_communication,IN3a (INSEED),2012M3,mensuel,ensemble,Ensemble,,100.78037205911,indice,publie,principal,,C,,
indice_prix_communication,IN3a (INSEED),2012M4,mensuel,ensemble,Ensemble,,100.707868330739,indice,publie,principal,,C,,
indice_prix_communication,IN3a (INSEED),2012M5,mensuel,ensemble,Ensemble,,97.0147832051408,indice,publie,principal,,C,,
indice_prix_communication,IN3a (INSEED),2012M6,mensuel,ensemble,Ensemble,,96.909027551639,indice,publie,principal,,C,,
indice_prix_communication,IN3a (INSEED),2012M7,mensuel,ensemble,Ensemble,,96.909027551639,indice,publie,principal,,C,,
indice_prix_communication,IN3a (INSEED),2012M8,mensuel,ensemble,Ensemble,,96.8301120453126,indice,publie,principal,,C,,
indice_prix_communication,IN3a (INSEED),2012M9,mensuel,ensemble,Ensemble,,96.8301120453126,indice,publie,principal,,C,,
indice_prix_communication,IN3a (INSEED),2013M1,mensuel,ensemble,Ensemble,,103.47,indice,publie,principal,,C,,
indice_prix_communication,IN3a (INSEED),2013M10,mensuel,ensemble,Ensemble,,100.81,indice,publie,principal,,C,,
indice_prix_communication,IN3a (INSEED),2013M11,mensuel,ensemble,Ensemble,,100.81,indice,publie,principal,,C,,
indice_prix_communication,IN3a (INSEED),2013M12,mensuel,ensemble,Ensemble,,100.81,indice,publie,principal,,C,,
indice_prix_communication,IN3a (INSEED),2013M2,mensuel,ensemble,Ensemble,,102.33,indice,publie,principal,,C,,
indice_prix_communication,IN3a (INSEED),2013M3,mensuel,ensemble,Ensemble,,101.3,indice,publie,principal,,C,,
indice_prix_communication,IN3a (INSEED),2013M4,mensuel,ensemble,Ensemble,,101.0,indice,publie,principal,,C,,
indice_prix_communication,IN3a (INSEED),2013M5,mensuel,ensemble,Ensemble,,100.97,indice,publie,principal,,C,,
indice_prix_communication,IN3a (INSEED),2013M6,mensuel,ensemble,Ensemble,,100.97,indice,publie,principal,,C,,
indice_prix_communication,IN3a (INSEED),2013M7,mensuel,ensemble,Ensemble,,100.95,indice,publie,principal,,C,,
indice_prix_communication,IN3a (INSEED),2013M8,mensuel,ensemble,Ensemble,,100.95,indice,publie,principal,,C,,
indice_prix_communication,IN3a (INSEED),2013M9,mensuel,ensemble,Ensemble,,100.81,indice,publie,principal,,C,,
indice_prix_communication,IN3b (INSEED),2014M1,mensuel,ensemble,Ensemble,,100.55,indice,publie,principal,,C,,
indice_prix_communication,IN3a (INSEED),2014M1,mensuel,ensemble,Ensemble,,100.55,indice,publie,principal,,C,,
indice_prix_communication,IN3b (INSEED),2014M10,mensuel,ensemble,Ensemble,,100.48,indice,publie,principal,,C,,
indice_prix_communication,IN3a (INSEED),2014M10,mensuel,ensemble,Ensemble,,100.48,indice,publie,principal,,C,,
indice_prix_communication,IN3b (INSEED),2014M11,mensuel,ensemble,Ensemble,,100.48,indice,publie,principal,,C,,
indice_prix_communication,IN3a (INSEED),2014M11,mensuel,ensemble,Ensemble,,100.48,indice,publie,principal,,C,,
indice_prix_communication,IN3b (INSEED),2014M12,mensuel,ensemble,Ensemble,,100.41,indice,publie,principal,,C,,
indice_prix_communication,IN3a (INSEED),2014M12,mensuel,ensemble,Ensemble,,100.41,indice,publie,principal,,C,,
indice_prix_communication,IN3b (INSEED),2014M2,mensuel,ensemble,Ensemble,,100.48,indice,publie,principal,,C,,
indice_prix_communication,IN3a (INSEED),2014M2,mensuel,ensemble,Ensemble,,100.48,indice,publie,principal,,C,,
indice_prix_communication,IN3b (INSEED),2014M3,mensuel,ensemble,Ensemble,,100.49,indice,publie,principal,,C,,
indice_prix_communication,IN3a (INSEED),2014M3,mensuel,ensemble,Ensemble,,100.49,indice,publie,principal,,C,,
indice_prix_communication,IN3b (INSEED),2014M4,mensuel,ensemble,Ensemble,,100.49,indice,publie,principal,,C,,
indice_prix_communication,IN3a (INSEED),2014M4,mensuel,ensemble,Ensemble,,100.49,indice,publie,principal,,C,,
indice_prix_communication,IN3b (INSEED),2014M5,mensuel,ensemble,Ensemble,,100.49,indice,publie,principal,,C,,
indice_prix_communication,IN3a (INSEED),2014M5,mensuel,ensemble,Ensemble,,100.49,indice,publie,principal,,C,,
indice_prix_communication,IN3b (INSEED),2014M6,mensuel,ensemble,Ensemble,,100.49,indice,publie,principal,,C,,
indice_prix_communication,IN3a (INSEED),2014M6,mensuel,ensemble,Ensemble,,100.49,indice,publie,principal,,C,,
indice_prix_communication,IN3b (INSEED),2014M7,mensuel,ensemble,Ensemble,,100.49,indice,publie,principal,,C,,
indice_prix_communication,IN3a (INSEED),2014M7,mensuel,ensemble,Ensemble,,100.49,indice,publie,principal,,C,,
indice_prix_communication,IN3b (INSEED),2014M8,mensuel,ensemble,Ensemble,,100.49,indice,publie,principal,,C,,
indice_prix_communication,IN3a (INSEED),2014M8,mensuel,ensemble,Ensemble,,100.49,indice,publie,principal,,C,,
indice_prix_communication,IN3b (INSEED),2014M9,mensuel,ensemble,Ensemble,,100.49,indice,publie,principal,,C,,
indice_prix_communication,IN3a (INSEED),2014M9,mensuel,ensemble,Ensemble,,100.49,indice,publie,principal,,C,,
indice_prix_communication,IN3b (INSEED),2015M1,mensuel,ensemble,Ensemble,,100.42,indice,publie,principal,,C,,
indice_prix_communication,IN3a (INSEED),2015M1,mensuel,ensemble,Ensemble,,100.42,indice,publie,principal,,C,,
indice_prix_communication,IN3b (INSEED),2015M10,mensuel,ensemble,Ensemble,,100.42,indice,publie,principal,,C,,
indice_prix_communication,IN3a (INSEED),2015M10,mensuel,ensemble,Ensemble,,100.42,indice,publie,principal,,C,,
indice_prix_communication,IN3b (INSEED),2015M11,mensuel,ensemble,Ensemble,,100.53,indice,publie,principal,,C,,
indice_prix_communication,IN3a (INSEED),2015M11,mensuel,ensemble,Ensemble,,100.53,indice,publie,principal,,C,,
indice_prix_communication,IN3b (INSEED),2015M12,mensuel,ensemble,Ensemble,,100.53,indice,publie,principal,,C,,
indice_prix_communication,IN3a (INSEED),2015M12,mensuel,ensemble,Ensemble,,100.53,indice,publie,principal,,C,,
indice_prix_communication,IN3b (INSEED),2015M2,mensuel,ensemble,Ensemble,,100.42,indice,publie,principal,,C,,
indice_prix_communication,IN3a (INSEED),2015M2,mensuel,ensemble,Ensemble,,100.42,indice,publie,principal,,C,,
indice_prix_communication,IN3b (INSEED),2015M3,mensuel,ensemble,Ensemble,,100.42,indice,publie,principal,,C,,
indice_prix_communication,IN3a (INSEED),2015M3,mensuel,ensemble,Ensemble,,100.42,indice,publie,principal,,C,,
indice_prix_communication,IN3b (INSEED),2015M4,mensuel,ensemble,Ensemble,,100.42,indice,publie,principal,,C,,
indice_prix_communication,IN3a (INSEED),2015M4,mensuel,ensemble,Ensemble,,100.42,indice,publie,principal,,C,,
indice_prix_communication,IN3b (INSEED),2015M5,mensuel,ensemble,Ensemble,,100.42,indice,publie,principal,,C,,
indice_prix_communication,IN3a (INSEED),2015M5,mensuel,ensemble,Ensemble,,100.42,indice,publie,principal,,C,,
indice_prix_communication,IN3b (INSEED),2015M6,mensuel,ensemble,Ensemble,,100.42,indice,publie,principal,,C,,
indice_prix_communication,IN3a (INSEED),2015M6,mensuel,ensemble,Ensemble,,100.42,indice,publie,principal,,C,,
indice_prix_communication,IN3b (INSEED),2015M7,mensuel,ensemble,Ensemble,,100.42,indice,publie,principal,,C,,
indice_prix_communication,IN3a (INSEED),2015M7,mensuel,ensemble,Ensemble,,100.42,indice,publie,principal,,C,,
indice_prix_communication,IN3b (INSEED),2015M8,mensuel,ensemble,Ensemble,,100.21,indice,publie,principal,,C,,
indice_prix_communication,IN3a (INSEED),2015M8,mensuel,ensemble,Ensemble,,100.21,indice,publie,principal,,C,,
indice_prix_communication,IN3b (INSEED),2015M9,mensuel,ensemble,Ensemble,,100.42,indice,publie,principal,,C,,
indice_prix_communication,IN3a (INSEED),2015M9,mensuel,ensemble,Ensemble,,100.42,indice,publie,principal,,C,,
indice_prix_communication,IN3b (INSEED),2016M1,mensuel,ensemble,Ensemble,,100.53,indice,publie,principal,,C,,
indice_prix_communication,IN3a (INSEED),2016M1,mensuel,ensemble,Ensemble,,100.53,indice,publie,principal,,C,,
indice_prix_communication,IN3b (INSEED),2016M10,mensuel,ensemble,Ensemble,,97.07,indice,publie,principal,,C,,
indice_prix_communication,IN3a (INSEED),2016M10,mensuel,ensemble,Ensemble,,97.07,indice,publie,principal,,C,,
indice_prix_communication,IN3b (INSEED),2016M11,mensuel,ensemble,Ensemble,,97.29,indice,publie,principal,,C,,
indice_prix_communication,IN3a (INSEED),2016M11,mensuel,ensemble,Ensemble,,97.29,indice,publie,principal,,C,,
indice_prix_communication,IN3b (INSEED),2016M12,mensuel,ensemble,Ensemble,,96.91,indice,publie,principal,,C,,
indice_prix_communication,IN3a (INSEED),2016M12,mensuel,ensemble,Ensemble,,96.91,indice,publie,principal,,C,,
indice_prix_communication,IN3b (INSEED),2016M2,mensuel,ensemble,Ensemble,,100.53,indice,publie,principal,,C,,
indice_prix_communication,IN3a (INSEED),2016M2,mensuel,ensemble,Ensemble,,100.53,indice,publie,principal,,C,,
indice_prix_communication,IN3b (INSEED),2016M3,mensuel,ensemble,Ensemble,,100.53,indice,publie,principal,,C,,
indice_prix_communication,IN3a (INSEED),2016M3,mensuel,ensemble,Ensemble,,100.53,indice,publie,principal,,C,,
indice_prix_communication,IN3b (INSEED),2016M4,mensuel,ensemble,Ensemble,,100.53,indice,publie,principal,,C,,
indice_prix_communication,IN3a (INSEED),2016M4,mensuel,ensemble,Ensemble,,100.53,indice,publie,principal,,C,,
indice_prix_communication,IN3b (INSEED),2016M5,mensuel,ensemble,Ensemble,,97.07,indice,publie,principal,,C,,
indice_prix_communication,IN3a (INSEED),2016M5,mensuel,ensemble,Ensemble,,97.07,indice,publie,principal,,C,,
indice_prix_communication,IN3b (INSEED),2016M6,mensuel,ensemble,Ensemble,,97.29,indice,publie,principal,,C,,
indice_prix_communication,IN3a (INSEED),2016M6,mensuel,ensemble,Ensemble,,97.29,indice,publie,principal,,C,,
indice_prix_communication,IN3b (INSEED),2016M7,mensuel,ensemble,Ensemble,,97.03,indice,publie,principal,,C,,
indice_prix_communication,IN3a (INSEED),2016M7,mensuel,ensemble,Ensemble,,97.03,indice,publie,principal,,C,,
indice_prix_communication,IN3b (INSEED),2016M8,mensuel,ensemble,Ensemble,,97.03,indice,publie,principal,,C,,
indice_prix_communication,IN3a (INSEED),2016M8,mensuel,ensemble,Ensemble,,97.03,indice,publie,principal,,C,,
indice_prix_communication,IN3b (INSEED),2016M9,mensuel,ensemble,Ensemble,,96.86,indice,publie,principal,,C,,
indice_prix_communication,IN3a (INSEED),2016M9,mensuel,ensemble,Ensemble,,96.86,indice,publie,principal,,C,,
indice_prix_communication,IN3b (INSEED),2017M1,mensuel,ensemble,Ensemble,,93.2,indice,publie,principal,,C,,
indice_prix_communication,IN3a (INSEED),2017M1,mensuel,ensemble,Ensemble,,93.2,indice,publie,principal,,C,,
indice_prix_communication,IN3b (INSEED),2017M10,mensuel,ensemble,Ensemble,,93.07,indice,publie,principal,,C,,
indice_prix_communication,IN3a (INSEED),2017M10,mensuel,ensemble,Ensemble,,93.07,indice,publie,principal,,C,,
indice_prix_communication,IN3b (INSEED),2017M11,mensuel,ensemble,Ensemble,,93.07,indice,publie,principal,,C,,
indice_prix_communication,IN3a (INSEED),2017M11,mensuel,ensemble,Ensemble,,93.07,indice,publie,principal,,C,,
indice_prix_communication,IN3b (INSEED),2017M12,mensuel,ensemble,Ensemble,,92.65,indice,publie,principal,,C,,
indice_prix_communication,IN3a (INSEED),2017M12,mensuel,ensemble,Ensemble,,92.65,indice,publie,principal,,C,,
indice_prix_communication,IN3b (INSEED),2017M2,mensuel,ensemble,Ensemble,,93.37,indice,publie,principal,,C,,
indice_prix_communication,IN3a (INSEED),2017M2,mensuel,ensemble,Ensemble,,93.37,indice,publie,principal,,C,,
indice_prix_communication,IN3b (INSEED),2017M3,mensuel,ensemble,Ensemble,,93.33,indice,publie,principal,,C,,
indice_prix_communication,IN3a (INSEED),2017M3,mensuel,ensemble,Ensemble,,93.33,indice,publie,principal,,C,,
indice_prix_communication,IN3b (INSEED),2017M4,mensuel,ensemble,Ensemble,,92.53,indice,publie,principal,,C,,
indice_prix_communication,IN3a (INSEED),2017M4,mensuel,ensemble,Ensemble,,92.53,indice,publie,principal,,C,,
indice_prix_communication,IN3b (INSEED),2017M5,mensuel,ensemble,Ensemble,,92.82,indice,publie,principal,,C,,
indice_prix_communication,IN3a (INSEED),2017M5,mensuel,ensemble,Ensemble,,92.82,indice,publie,principal,,C,,
indice_prix_communication,IN3b (INSEED),2017M6,mensuel,ensemble,Ensemble,,92.79,indice,publie,principal,,C,,
indice_prix_communication,IN3a (INSEED),2017M6,mensuel,ensemble,Ensemble,,92.79,indice,publie,principal,,C,,
indice_prix_communication,IN3b (INSEED),2017M7,mensuel,ensemble,Ensemble,,92.72,indice,publie,principal,,C,,
indice_prix_communication,IN3a (INSEED),2017M7,mensuel,ensemble,Ensemble,,92.72,indice,publie,principal,,C,,
indice_prix_communication,IN3b (INSEED),2017M8,mensuel,ensemble,Ensemble,,92.87,indice,publie,principal,,C,,
indice_prix_communication,IN3a (INSEED),2017M8,mensuel,ensemble,Ensemble,,92.87,indice,publie,principal,,C,,
indice_prix_communication,IN3b (INSEED),2017M9,mensuel,ensemble,Ensemble,,93.13,indice,publie,principal,,C,,
indice_prix_communication,IN3a (INSEED),2017M9,mensuel,ensemble,Ensemble,,93.13,indice,publie,principal,,C,,
indice_prix_communication,IN3b (INSEED),2018M1,mensuel,ensemble,Ensemble,,93.0,indice,publie,principal,,C,,
indice_prix_communication,IN3a (INSEED),2018M1,mensuel,ensemble,Ensemble,,93.0,indice,publie,principal,,C,,
indice_prix_communication,IN3b (INSEED),2018M10,mensuel,ensemble,Ensemble,,95.48,indice,publie,principal,,C,,
indice_prix_communication,IN3a (INSEED),2018M10,mensuel,ensemble,Ensemble,,95.48,indice,publie,principal,,C,,
indice_prix_communication,IN3b (INSEED),2018M11,mensuel,ensemble,Ensemble,,94.19,indice,publie,principal,,C,,
indice_prix_communication,IN3a (INSEED),2018M11,mensuel,ensemble,Ensemble,,94.19,indice,publie,principal,,C,,
indice_prix_communication,IN3b (INSEED),2018M12,mensuel,ensemble,Ensemble,,94.21,indice,publie,principal,,C,,
indice_prix_communication,IN3a (INSEED),2018M12,mensuel,ensemble,Ensemble,,94.21,indice,publie,principal,,C,,
indice_prix_communication,IN3b (INSEED),2018M2,mensuel,ensemble,Ensemble,,93.12,indice,publie,principal,,C,,
indice_prix_communication,IN3a (INSEED),2018M2,mensuel,ensemble,Ensemble,,93.12,indice,publie,principal,,C,,
indice_prix_communication,IN3b (INSEED),2018M3,mensuel,ensemble,Ensemble,,93.16,indice,publie,principal,,C,,
indice_prix_communication,IN3a (INSEED),2018M3,mensuel,ensemble,Ensemble,,93.16,indice,publie,principal,,C,,
indice_prix_communication,IN3b (INSEED),2018M4,mensuel,ensemble,Ensemble,,94.58,indice,publie,principal,,C,,
indice_prix_communication,IN3a (INSEED),2018M4,mensuel,ensemble,Ensemble,,94.58,indice,publie,principal,,C,,
indice_prix_communication,IN3b (INSEED),2018M5,mensuel,ensemble,Ensemble,,94.71,indice,publie,principal,,C,,
indice_prix_communication,IN3a (INSEED),2018M5,mensuel,ensemble,Ensemble,,94.71,indice,publie,principal,,C,,
indice_prix_communication,IN3b (INSEED),2018M6,mensuel,ensemble,Ensemble,,94.64,indice,publie,principal,,C,,
indice_prix_communication,IN3a (INSEED),2018M6,mensuel,ensemble,Ensemble,,94.64,indice,publie,principal,,C,,
indice_prix_communication,IN3b (INSEED),2018M7,mensuel,ensemble,Ensemble,,94.64,indice,publie,principal,,C,,
indice_prix_communication,IN3a (INSEED),2018M7,mensuel,ensemble,Ensemble,,94.64,indice,publie,principal,,C,,
indice_prix_communication,IN3b (INSEED),2018M8,mensuel,ensemble,Ensemble,,94.91,indice,publie,principal,,C,,
indice_prix_communication,IN3a (INSEED),2018M8,mensuel,ensemble,Ensemble,,94.91,indice,publie,principal,,C,,
indice_prix_communication,IN3b (INSEED),2018M9,mensuel,ensemble,Ensemble,,93.85,indice,publie,principal,,C,,
indice_prix_communication,IN3a (INSEED),2018M9,mensuel,ensemble,Ensemble,,93.85,indice,publie,principal,,C,,
indice_prix_communication,IN3b (INSEED),2019M1,mensuel,ensemble,Ensemble,,95.32,indice,publie,principal,,C,,
indice_prix_communication,IN3a (INSEED),2019M1,mensuel,ensemble,Ensemble,,95.32,indice,publie,principal,,C,,
indice_prix_communication,IN3b (INSEED),2019M10,mensuel,ensemble,Ensemble,,89.76,indice,publie,principal,,C,,
indice_prix_communication,IN3a (INSEED),2019M10,mensuel,ensemble,Ensemble,,89.76,indice,publie,principal,,C,,
indice_prix_communication,IN3b (INSEED),2019M11,mensuel,ensemble,Ensemble,,96.46,indice,publie,principal,,C,,
indice_prix_communication,IN3a (INSEED),2019M11,mensuel,ensemble,Ensemble,,96.46,indice,publie,principal,,C,,
indice_prix_communication,IN3b (INSEED),2019M12,mensuel,ensemble,Ensemble,,88.36,indice,publie,principal,,C,,
indice_prix_communication,IN3a (INSEED),2019M12,mensuel,ensemble,Ensemble,,88.36,indice,publie,principal,,C,,
indice_prix_communication,IN3b (INSEED),2019M2,mensuel,ensemble,Ensemble,,94.37,indice,publie,principal,,C,,
indice_prix_communication,IN3a (INSEED),2019M2,mensuel,ensemble,Ensemble,,94.37,indice,publie,principal,,C,,
indice_prix_communication,IN3b (INSEED),2019M3,mensuel,ensemble,Ensemble,,94.29,indice,publie,principal,,C,,
indice_prix_communication,IN3a (INSEED),2019M3,mensuel,ensemble,Ensemble,,94.29,indice,publie,principal,,C,,
indice_prix_communication,IN3b (INSEED),2019M4,mensuel,ensemble,Ensemble,,89.99,indice,publie,principal,,C,,
indice_prix_communication,IN3a (INSEED),2019M4,mensuel,ensemble,Ensemble,,89.99,indice,publie,principal,,C,,
indice_prix_communication,IN3b (INSEED),2019M5,mensuel,ensemble,Ensemble,,89.99,indice,publie,principal,,C,,
indice_prix_communication,IN3a (INSEED),2019M5,mensuel,ensemble,Ensemble,,89.99,indice,publie,principal,,C,,
indice_prix_communication,IN3b (INSEED),2019M6,mensuel,ensemble,Ensemble,,89.96,indice,publie,principal,,C,,
indice_prix_communication,IN3a (INSEED),2019M6,mensuel,ensemble,Ensemble,,89.96,indice,publie,principal,,C,,
indice_prix_communication,IN3b (INSEED),2019M7,mensuel,ensemble,Ensemble,,92.63,indice,publie,principal,,C,,
indice_prix_communication,IN3a (INSEED),2019M7,mensuel,ensemble,Ensemble,,92.63,indice,publie,principal,,C,,
indice_prix_communication,IN3b (INSEED),2019M8,mensuel,ensemble,Ensemble,,89.96,indice,publie,principal,,C,,
indice_prix_communication,IN3a (INSEED),2019M8,mensuel,ensemble,Ensemble,,89.96,indice,publie,principal,,C,,
indice_prix_communication,IN3b (INSEED),2019M9,mensuel,ensemble,Ensemble,,89.62,indice,publie,principal,,C,,
indice_prix_communication,IN3a (INSEED),2019M9,mensuel,ensemble,Ensemble,,89.62,indice,publie,principal,,C,,
indice_prix_communication,IN3b (INSEED),2020M1,mensuel,ensemble,Ensemble,,96.46,indice,publie,principal,,C,,
indice_prix_communication,IN3a (INSEED),2020M1,mensuel,ensemble,Ensemble,,96.46,indice,publie,principal,,C,,
indice_prix_communication,IN3b (INSEED),2020M10,mensuel,ensemble,Ensemble,,95.93,indice,publie,principal,,C,,
indice_prix_communication,IN3a (INSEED),2020M10,mensuel,ensemble,Ensemble,,95.93,indice,publie,principal,,C,,
indice_prix_communication,IN3b (INSEED),2020M11,mensuel,ensemble,Ensemble,,96.74,indice,publie,principal,,C,,
indice_prix_communication,IN3a (INSEED),2020M11,mensuel,ensemble,Ensemble,,96.74,indice,publie,principal,,C,,
indice_prix_communication,IN3b (INSEED),2020M12,mensuel,ensemble,Ensemble,,101.75,indice,publie,principal,"S7 : saut de +15.2 % sur un an, cause non vérifiée ; non lu comme une hausse des prix",C,,
indice_prix_communication,IN3a (INSEED),2020M12,mensuel,ensemble,Ensemble,,101.75,indice,publie,principal,,C,,
indice_prix_communication,IN3b (INSEED),2020M2,mensuel,ensemble,Ensemble,,96.55,indice,publie,principal,,C,,
indice_prix_communication,IN3a (INSEED),2020M2,mensuel,ensemble,Ensemble,,96.55,indice,publie,principal,,C,,
indice_prix_communication,IN3b (INSEED),2020M3,mensuel,ensemble,Ensemble,,96.62,indice,publie,principal,,C,,
indice_prix_communication,IN3a (INSEED),2020M3,mensuel,ensemble,Ensemble,,96.62,indice,publie,principal,,C,,
indice_prix_communication,IN3b (INSEED),2020M4,mensuel,ensemble,Ensemble,,92.17,indice,publie,principal,,C,,
indice_prix_communication,IN3a (INSEED),2020M4,mensuel,ensemble,Ensemble,,92.17,indice,publie,principal,,C,,
indice_prix_communication,IN3b (INSEED),2020M5,mensuel,ensemble,Ensemble,,93.84,indice,publie,principal,,C,,
indice_prix_communication,IN3a (INSEED),2020M5,mensuel,ensemble,Ensemble,,93.84,indice,publie,principal,,C,,
indice_prix_communication,IN3b (INSEED),2020M6,mensuel,ensemble,Ensemble,,91.95,indice,publie,principal,,C,,
indice_prix_communication,IN3a (INSEED),2020M6,mensuel,ensemble,Ensemble,,91.95,indice,publie,principal,,C,,
indice_prix_communication,IN3b (INSEED),2020M7,mensuel,ensemble,Ensemble,,96.53,indice,publie,principal,,C,,
indice_prix_communication,IN3a (INSEED),2020M7,mensuel,ensemble,Ensemble,,96.53,indice,publie,principal,,C,,
indice_prix_communication,IN3b (INSEED),2020M8,mensuel,ensemble,Ensemble,,96.35,indice,publie,principal,,C,,
indice_prix_communication,IN3a (INSEED),2020M8,mensuel,ensemble,Ensemble,,96.35,indice,publie,principal,,C,,
indice_prix_communication,IN3b (INSEED),2020M9,mensuel,ensemble,Ensemble,,95.92,indice,publie,principal,,C,,
indice_prix_communication,IN3a (INSEED),2020M9,mensuel,ensemble,Ensemble,,95.92,indice,publie,principal,,C,,
indice_prix_communication,IN3b (INSEED),2021M1,mensuel,ensemble,Ensemble,,101.79,indice,publie,principal,,C,,
indice_prix_communication,IN3a (INSEED),2021M1,mensuel,ensemble,Ensemble,,101.79,indice,publie,principal,,C,,
indice_prix_communication,IN3b (INSEED),2021M10,mensuel,ensemble,Ensemble,,101.84,indice,publie,principal,,C,,
indice_prix_communication,IN3a (INSEED),2021M10,mensuel,ensemble,Ensemble,,101.84,indice,publie,principal,,C,,
indice_prix_communication,IN3b (INSEED),2021M11,mensuel,ensemble,Ensemble,,101.84,indice,publie,principal,,C,,
indice_prix_communication,IN3a (INSEED),2021M11,mensuel,ensemble,Ensemble,,101.84,indice,publie,principal,,C,,
indice_prix_communication,IN3b (INSEED),2021M12,mensuel,ensemble,Ensemble,,101.84,indice,publie,principal,,C,,
indice_prix_communication,IN3a (INSEED),2021M12,mensuel,ensemble,Ensemble,,101.84,indice,publie,principal,,C,,
indice_prix_communication,IN3b (INSEED),2021M2,mensuel,ensemble,Ensemble,,101.78,indice,publie,principal,,C,,
indice_prix_communication,IN3a (INSEED),2021M2,mensuel,ensemble,Ensemble,,101.78,indice,publie,principal,,C,,
indice_prix_communication,IN3b (INSEED),2021M3,mensuel,ensemble,Ensemble,,101.79,indice,publie,principal,,C,,
indice_prix_communication,IN3a (INSEED),2021M3,mensuel,ensemble,Ensemble,,101.79,indice,publie,principal,,C,,
indice_prix_communication,IN3b (INSEED),2021M4,mensuel,ensemble,Ensemble,,101.78,indice,publie,principal,,C,,
indice_prix_communication,IN3a (INSEED),2021M4,mensuel,ensemble,Ensemble,,101.78,indice,publie,principal,,C,,
indice_prix_communication,IN3b (INSEED),2021M5,mensuel,ensemble,Ensemble,,101.77,indice,publie,principal,,C,,
indice_prix_communication,IN3a (INSEED),2021M5,mensuel,ensemble,Ensemble,,101.77,indice,publie,principal,,C,,
indice_prix_communication,IN3b (INSEED),2021M6,mensuel,ensemble,Ensemble,,101.8,indice,publie,principal,,C,,
indice_prix_communication,IN3a (INSEED),2021M6,mensuel,ensemble,Ensemble,,101.8,indice,publie,principal,,C,,
indice_prix_communication,IN3b (INSEED),2021M7,mensuel,ensemble,Ensemble,,101.82,indice,publie,principal,,C,,
indice_prix_communication,IN3a (INSEED),2021M7,mensuel,ensemble,Ensemble,,101.82,indice,publie,principal,,C,,
indice_prix_communication,IN3b (INSEED),2021M8,mensuel,ensemble,Ensemble,,101.84,indice,publie,principal,,C,,
indice_prix_communication,IN3a (INSEED),2021M8,mensuel,ensemble,Ensemble,,101.84,indice,publie,principal,,C,,
indice_prix_communication,IN3b (INSEED),2021M9,mensuel,ensemble,Ensemble,,101.85,indice,publie,principal,,C,,
indice_prix_communication,IN3a (INSEED),2021M9,mensuel,ensemble,Ensemble,,101.85,indice,publie,principal,,C,,
indice_prix_communication,IN3b (INSEED),2022M1,mensuel,ensemble,Ensemble,,101.78,indice,publie,principal,,C,,
indice_prix_communication,IN3a (INSEED),2022M1,mensuel,ensemble,Ensemble,,101.78,indice,publie,principal,,C,,
indice_prix_communication,IN3b (INSEED),2022M10,mensuel,ensemble,Ensemble,,101.69,indice,publie,principal,,C,,
indice_prix_communication,IN3a (INSEED),2022M10,mensuel,ensemble,Ensemble,,101.69,indice,publie,principal,,C,,
indice_prix_communication,IN3b (INSEED),2022M11,mensuel,ensemble,Ensemble,,101.58,indice,publie,principal,,C,,
indice_prix_communication,IN3a (INSEED),2022M11,mensuel,ensemble,Ensemble,,101.58,indice,publie,principal,,C,,
indice_prix_communication,IN3b (INSEED),2022M12,mensuel,ensemble,Ensemble,,101.57,indice,publie,principal,,C,,
indice_prix_communication,IN3a (INSEED),2022M12,mensuel,ensemble,Ensemble,,101.57,indice,publie,principal,,C,,
indice_prix_communication,IN3b (INSEED),2022M2,mensuel,ensemble,Ensemble,,101.81,indice,publie,principal,,C,,
indice_prix_communication,IN3a (INSEED),2022M2,mensuel,ensemble,Ensemble,,101.81,indice,publie,principal,,C,,
indice_prix_communication,IN3b (INSEED),2022M3,mensuel,ensemble,Ensemble,,101.73,indice,publie,principal,,C,,
indice_prix_communication,IN3a (INSEED),2022M3,mensuel,ensemble,Ensemble,,101.73,indice,publie,principal,,C,,
indice_prix_communication,IN3b (INSEED),2022M4,mensuel,ensemble,Ensemble,,101.65,indice,publie,principal,,C,,
indice_prix_communication,IN3a (INSEED),2022M4,mensuel,ensemble,Ensemble,,101.65,indice,publie,principal,,C,,
indice_prix_communication,IN3b (INSEED),2022M5,mensuel,ensemble,Ensemble,,101.62,indice,publie,principal,,C,,
indice_prix_communication,IN3a (INSEED),2022M5,mensuel,ensemble,Ensemble,,101.62,indice,publie,principal,,C,,
indice_prix_communication,IN3b (INSEED),2022M6,mensuel,ensemble,Ensemble,,101.6,indice,publie,principal,,C,,
indice_prix_communication,IN3a (INSEED),2022M6,mensuel,ensemble,Ensemble,,101.6,indice,publie,principal,,C,,
indice_prix_communication,IN3b (INSEED),2022M7,mensuel,ensemble,Ensemble,,101.61,indice,publie,principal,,C,,
indice_prix_communication,IN3a (INSEED),2022M7,mensuel,ensemble,Ensemble,,101.61,indice,publie,principal,,C,,
indice_prix_communication,IN3b (INSEED),2022M8,mensuel,ensemble,Ensemble,,101.61,indice,publie,principal,,C,,
indice_prix_communication,IN3a (INSEED),2022M8,mensuel,ensemble,Ensemble,,101.61,indice,publie,principal,,C,,
indice_prix_communication,IN3b (INSEED),2022M9,mensuel,ensemble,Ensemble,,101.58,indice,publie,principal,,C,,
indice_prix_communication,IN3a (INSEED),2022M9,mensuel,ensemble,Ensemble,,101.58,indice,publie,principal,,C,,
indice_prix_communication,IN3b (INSEED),2023M1,mensuel,ensemble,Ensemble,,101.6,indice,publie,principal,,C,,
indice_prix_communication,IN3b (INSEED),2023M10,mensuel,ensemble,Ensemble,,101.56,indice,publie,principal,,C,,
indice_prix_communication,IN3b (INSEED),2023M11,mensuel,ensemble,Ensemble,,101.55,indice,publie,principal,,C,,
indice_prix_communication,IN3b (INSEED),2023M12,mensuel,ensemble,Ensemble,,101.57,indice,publie,principal,,C,,
indice_prix_communication,IN3b (INSEED),2023M2,mensuel,ensemble,Ensemble,,101.59,indice,publie,principal,,C,,
indice_prix_communication,IN3b (INSEED),2023M3,mensuel,ensemble,Ensemble,,101.6,indice,publie,principal,,C,,
indice_prix_communication,IN3b (INSEED),2023M4,mensuel,ensemble,Ensemble,,101.59,indice,publie,principal,,C,,
indice_prix_communication,IN3b (INSEED),2023M5,mensuel,ensemble,Ensemble,,101.56,indice,publie,principal,,C,,
indice_prix_communication,IN3b (INSEED),2023M6,mensuel,ensemble,Ensemble,,101.55,indice,publie,principal,,C,,
indice_prix_communication,IN3b (INSEED),2023M7,mensuel,ensemble,Ensemble,,101.56,indice,publie,principal,,C,,
indice_prix_communication,IN3b (INSEED),2023M8,mensuel,ensemble,Ensemble,,101.56,indice,publie,principal,,C,,
indice_prix_communication,IN3b (INSEED),2023M9,mensuel,ensemble,Ensemble,,101.55,indice,publie,principal,,C,,
indice_prix_communication,IN3b (INSEED),2024M1,mensuel,ensemble,Ensemble,,101.47,indice,publie,principal,,C,,
indice_prix_communication,IN3b (INSEED),2024M2,mensuel,ensemble,Ensemble,,101.5,indice,publie,principal,,C,,
indice_prix_communication,IN3b (INSEED),2024M3,mensuel,ensemble,Ensemble,,101.41,indice,publie,principal,,C,,
indice_prix_communication,IN3b (INSEED),2024M4,mensuel,ensemble,Ensemble,,101.4,indice,publie,principal,,C,,
indice_prix_ensemble,IN3b (INSEED),2014M1,mensuel,ensemble,Ensemble,,98.6216070045167,indice,publie,principal,,C,,
indice_prix_ensemble,IN3b (INSEED),2014M10,mensuel,ensemble,Ensemble,,99.6915790858463,indice,publie,principal,,C,,
indice_prix_ensemble,IN3b (INSEED),2014M11,mensuel,ensemble,Ensemble,,99.4460117229182,indice,publie,principal,,C,,
indice_prix_ensemble,IN3b (INSEED),2014M12,mensuel,ensemble,Ensemble,,100.472132489439,indice,publie,principal,,C,,
indice_prix_ensemble,IN3b (INSEED),2014M2,mensuel,ensemble,Ensemble,,99.7529709265783,indice,publie,principal,,C,,
indice_prix_ensemble,IN3b (INSEED),2014M3,mensuel,ensemble,Ensemble,,99.9283761858126,indice,publie,principal,,C,,
indice_prix_ensemble,IN3b (INSEED),2014M4,mensuel,ensemble,Ensemble,,100.840483533831,indice,publie,principal,,C,,
indice_prix_ensemble,IN3b (INSEED),2014M5,mensuel,ensemble,Ensemble,,101.042199581951,indice,publie,principal,,C,,
indice_prix_ensemble,IN3b (INSEED),2014M6,mensuel,ensemble,Ensemble,,100.919415900487,indice,publie,principal,,C,,
indice_prix_ensemble,IN3b (INSEED),2014M7,mensuel,ensemble,Ensemble,,100.893105111602,indice,publie,principal,,C,,
indice_prix_ensemble,IN3b (INSEED),2014M8,mensuel,ensemble,Ensemble,,99.7091196117697,indice,publie,principal,,C,,
indice_prix_ensemble,IN3b (INSEED),2014M9,mensuel,ensemble,Ensemble,,98.6829988452487,indice,publie,principal,,C,,
indice_prix_ensemble,IN3b (INSEED),2015M1,mensuel,ensemble,Ensemble,,101.39301010042,indice,publie,principal,,C,,
indice_prix_ensemble,IN3b (INSEED),2015M10,mensuel,ensemble,Ensemble,,101.436861415228,indice,publie,principal,,C,,
indice_prix_ensemble,IN3b (INSEED),2015M11,mensuel,ensemble,Ensemble,,101.901685352199,indice,publie,principal,,C,,
indice_prix_ensemble,IN3b (INSEED),2015M12,mensuel,ensemble,Ensemble,,102.103401400319,indice,publie,principal,,C,,
indice_prix_ensemble,IN3b (INSEED),2015M2,mensuel,ensemble,Ensemble,,101.156213000453,indice,publie,principal,,C,,
indice_prix_ensemble,IN3b (INSEED),2015M3,mensuel,ensemble,Ensemble,,100.779091693099,indice,publie,principal,,C,,
indice_prix_ensemble,IN3b (INSEED),2015M4,mensuel,ensemble,Ensemble,,100.822943007908,indice,publie,principal,,C,,
indice_prix_ensemble,IN3b (INSEED),2015M5,mensuel,ensemble,Ensemble,,102.191104029936,indice,publie,principal,,C,,
indice_prix_ensemble,IN3b (INSEED),2015M6,mensuel,ensemble,Ensemble,,102.375279552132,indice,publie,principal,,C,,
indice_prix_ensemble,IN3b (INSEED),2015M7,mensuel,ensemble,Ensemble,,102.638387440983,indice,publie,principal,,C,,
indice_prix_ensemble,IN3b (INSEED),2015M8,mensuel,ensemble,Ensemble,,102.769941385409,indice,publie,principal,,C,,
indice_prix_ensemble,IN3b (INSEED),2015M9,mensuel,ensemble,Ensemble,,101.910455615161,indice,publie,principal,,C,,
indice_prix_ensemble,IN3b (INSEED),2016M1,mensuel,ensemble,Ensemble,,103.190914007572,indice,publie,principal,,C,,
indice_prix_ensemble,IN3b (INSEED),2016M10,mensuel,ensemble,Ensemble,,100.349348807975,indice,publie,principal,,C,,
indice_prix_ensemble,IN3b (INSEED),2016M11,mensuel,ensemble,Ensemble,,101.840293511467,indice,publie,principal,,C,,
indice_prix_ensemble,IN3b (INSEED),2016M12,mensuel,ensemble,Ensemble,,102.550684811366,indice,publie,principal,,C,,
indice_prix_ensemble,IN3b (INSEED),2016M2,mensuel,ensemble,Ensemble,,102.498063233596,indice,publie,principal,,C,,
indice_prix_ensemble,IN3b (INSEED),2016M3,mensuel,ensemble,Ensemble,,101.866604300352,indice,publie,principal,,C,,
indice_prix_ensemble,IN3b (INSEED),2016M4,mensuel,ensemble,Ensemble,,103.059360063146,indice,publie,principal,,C,,
indice_prix_ensemble,IN3b (INSEED),2016M5,mensuel,ensemble,Ensemble,,104.690628974025,indice,publie,principal,,C,,
indice_prix_ensemble,IN3b (INSEED),2016M6,mensuel,ensemble,Ensemble,,104.901115285107,indice,publie,principal,,C,,
indice_prix_ensemble,IN3b (INSEED),2016M7,mensuel,ensemble,Ensemble,,104.813412655489,indice,publie,principal,,C,,
indice_prix_ensemble,IN3b (INSEED),2016M8,mensuel,ensemble,Ensemble,,101.287766944879,indice,publie,principal,,C,,
indice_prix_ensemble,IN3b (INSEED),2016M9,mensuel,ensemble,Ensemble,,100.901875374563,indice,publie,principal,,C,,
indice_prix_ensemble,IN3b (INSEED),2017M1,mensuel,ensemble,Ensemble,,101.646213,indice,publie,principal,,C,,
indice_prix_ensemble,IN3b (INSEED),2017M10,mensuel,ensemble,Ensemble,,100.943936,indice,publie,principal,,C,,
indice_prix_ensemble,IN3b (INSEED),2017M11,mensuel,ensemble,Ensemble,,101.316668,indice,publie,principal,,C,,
indice_prix_ensemble,IN3b (INSEED),2017M12,mensuel,ensemble,Ensemble,,101.853335,indice,publie,principal,,C,,
indice_prix_ensemble,IN3b (INSEED),2017M2,mensuel,ensemble,Ensemble,,101.489999,indice,publie,principal,,C,,
indice_prix_ensemble,IN3b (INSEED),2017M3,mensuel,ensemble,Ensemble,,102.213711,indice,publie,principal,,C,,
indice_prix_ensemble,IN3b (INSEED),2017M4,mensuel,ensemble,Ensemble,,102.846206,indice,publie,principal,,C,,
indice_prix_ensemble,IN3b (INSEED),2017M5,mensuel,ensemble,Ensemble,,104.129571,indice,publie,principal,,C,,
indice_prix_ensemble,IN3b (INSEED),2017M6,mensuel,ensemble,Ensemble,,104.705399,indice,publie,principal,,C,,
indice_prix_ensemble,IN3b (INSEED),2017M7,mensuel,ensemble,Ensemble,,103.431242,indice,publie,principal,,C,,
indice_prix_ensemble,IN3b (INSEED),2017M8,mensuel,ensemble,Ensemble,,103.016986,indice,publie,principal,,C,,
indice_prix_ensemble,IN3b (INSEED),2017M9,mensuel,ensemble,Ensemble,,101.702481,indice,publie,principal,,C,,
indice_prix_ensemble,IN3b (INSEED),2018M1,mensuel,ensemble,Ensemble,,102.052798,indice,publie,principal,,C,,
indice_prix_ensemble,IN3b (INSEED),2018M10,mensuel,ensemble,Ensemble,,102.135526,indice,publie,principal,,C,,
indice_prix_ensemble,IN3b (INSEED),2018M11,mensuel,ensemble,Ensemble,,103.136025,indice,publie,principal,,C,,
indice_prix_ensemble,IN3b (INSEED),2018M12,mensuel,ensemble,Ensemble,,103.8791,indice,publie,principal,,C,,
indice_prix_ensemble,IN3b (INSEED),2018M2,mensuel,ensemble,Ensemble,,102.050265,indice,publie,principal,,C,,
indice_prix_ensemble,IN3b (INSEED),2018M3,mensuel,ensemble,Ensemble,,101.962658,indice,publie,principal,,C,,
indice_prix_ensemble,IN3b (INSEED),2018M4,mensuel,ensemble,Ensemble,,104.357903,indice,publie,principal,,C,,
indice_prix_ensemble,IN3b (INSEED),2018M5,mensuel,ensemble,Ensemble,,105.952203,indice,publie,principal,,C,,
indice_prix_ensemble,IN3b (INSEED),2018M6,mensuel,ensemble,Ensemble,,104.968016,indice,publie,principal,,C,,
indice_prix_ensemble,IN3b (INSEED),2018M7,mensuel,ensemble,Ensemble,,104.29699,indice,publie,principal,,C,,
indice_prix_ensemble,IN3b (INSEED),2018M8,mensuel,ensemble,Ensemble,,103.570325,indice,publie,principal,,C,,
indice_prix_ensemble,IN3b (INSEED),2018M9,mensuel,ensemble,Ensemble,,102.338796,indice,publie,principal,,C,,
indice_prix_ensemble,IN3b (INSEED),2019M1,mensuel,ensemble,Ensemble,,104.6442,indice,publie,principal,,C,,
indice_prix_ensemble,IN3b (INSEED),2019M10,mensuel,ensemble,Ensemble,,102.536416,indice,publie,principal,,C,,
indice_prix_ensemble,IN3b (INSEED),2019M11,mensuel,ensemble,Ensemble,,103.52278,indice,publie,principal,,C,,
indice_prix_ensemble,IN3b (INSEED),2019M12,mensuel,ensemble,Ensemble,,103.537697,indice,publie,principal,,C,,
indice_prix_ensemble,IN3b (INSEED),2019M2,mensuel,ensemble,Ensemble,,104.192197,indice,publie,principal,,C,,
indice_prix_ensemble,IN3b (INSEED),2019M3,mensuel,ensemble,Ensemble,,104.041152,indice,publie,principal,,C,,
indice_prix_ensemble,IN3b (INSEED),2019M4,mensuel,ensemble,Ensemble,,104.030112,indice,publie,principal,,C,,
indice_prix_ensemble,IN3b (INSEED),2019M5,mensuel,ensemble,Ensemble,,105.441735,indice,publie,principal,,C,,
indice_prix_ensemble,IN3b (INSEED),2019M6,mensuel,ensemble,Ensemble,,106.291242,indice,publie,principal,,C,,
indice_prix_ensemble,IN3b (INSEED),2019M7,mensuel,ensemble,Ensemble,,104.97154,indice,publie,principal,,C,,
indice_prix_ensemble,IN3b (INSEED),2019M8,mensuel,ensemble,Ensemble,,103.294579,indice,publie,principal,,C,,
indice_prix_ensemble,IN3b (INSEED),2019M9,mensuel,ensemble,Ensemble,,102.725932,indice,publie,principal,,C,,
indice_prix_ensemble,IN3b (INSEED),2020M1,mensuel,ensemble,Ensemble,,105.399284,indice,publie,principal,,C,,
indice_prix_ensemble,IN3b (INSEED),2020M10,mensuel,ensemble,Ensemble,,105.43989,indice,publie,principal,,C,,
indice_prix_ensemble,IN3b (INSEED),2020M11,mensuel,ensemble,Ensemble,,105.934671,indice,publie,principal,,C,,
indice_prix_ensemble,IN3b (INSEED),2020M12,mensuel,ensemble,Ensemble,,107.246479,indice,publie,principal,,C,,
indice_prix_ensemble,IN3b (INSEED),2020M2,mensuel,ensemble,Ensemble,,105.299686,indice,publie,principal,,C,,
indice_prix_ensemble,IN3b (INSEED),2020M3,mensuel,ensemble,Ensemble,,105.873404,indice,publie,principal,,C,,
indice_prix_ensemble,IN3b (INSEED),2020M4,mensuel,ensemble,Ensemble,,106.476277,indice,publie,principal,,C,,
indice_prix_ensemble,IN3b (INSEED),2020M5,mensuel,ensemble,Ensemble,,106.66481,indice,publie,principal,,C,,
indice_prix_ensemble,IN3b (INSEED),2020M6,mensuel,ensemble,Ensemble,,105.881068,indice,publie,principal,,C,,
indice_prix_ensemble,IN3b (INSEED),2020M7,mensuel,ensemble,Ensemble,,106.545664,indice,publie,principal,,C,,
indice_prix_ensemble,IN3b (INSEED),2020M8,mensuel,ensemble,Ensemble,,105.735172,indice,publie,principal,,C,,
indice_prix_ensemble,IN3b (INSEED),2020M9,mensuel,ensemble,Ensemble,,105.746686,indice,publie,principal,,C,,
indice_prix_ensemble,IN3b (INSEED),2021M1,mensuel,ensemble,Ensemble,,107.413404,indice,publie,principal,,C,,
indice_prix_ensemble,IN3b (INSEED),2021M10,mensuel,ensemble,Ensemble,,111.64744,indice,publie,principal,,C,,
indice_prix_ensemble,IN3b (INSEED),2021M11,mensuel,ensemble,Ensemble,,111.558159,indice,publie,principal,,C,,
indice_prix_ensemble,IN3b (INSEED),2021M12,mensuel,ensemble,Ensemble,,113.771863,indice,publie,principal,,C,,
indice_prix_ensemble,IN3b (INSEED),2021M2,mensuel,ensemble,Ensemble,,107.531604,indice,publie,principal,,C,,
indice_prix_ensemble,IN3b (INSEED),2021M3,mensuel,ensemble,Ensemble,,106.75137,indice,publie,principal,,C,,
indice_prix_ensemble,IN3b (INSEED),2021M4,mensuel,ensemble,Ensemble,,109.650703,indice,publie,principal,,C,,
indice_prix_ensemble,IN3b (INSEED),2021M5,mensuel,ensemble,Ensemble,,110.712065,indice,publie,principal,,C,,
indice_prix_ensemble,IN3b (INSEED),2021M6,mensuel,ensemble,Ensemble,,112.497741,indice,publie,principal,,C,,
indice_prix_ensemble,IN3b (INSEED),2021M7,mensuel,ensemble,Ensemble,,113.746956,indice,publie,principal,,C,,
indice_prix_ensemble,IN3b (INSEED),2021M8,mensuel,ensemble,Ensemble,,112.973243,indice,publie,principal,,C,,
indice_prix_ensemble,IN3b (INSEED),2021M9,mensuel,ensemble,Ensemble,,111.744469,indice,publie,principal,,C,,
indice_prix_ensemble,IN3b (INSEED),2022M1,mensuel,ensemble,Ensemble,,115.4476,indice,publie,principal,,C,,
indice_prix_ensemble,IN3b (INSEED),2022M10,mensuel,ensemble,Ensemble,,119.666997,indice,publie,principal,,C,,
indice_prix_ensemble,IN3b (INSEED),2022M11,mensuel,ensemble,Ensemble,,121.332272,indice,publie,principal,,C,,
indice_prix_ensemble,IN3b (INSEED),2022M12,mensuel,ensemble,Ensemble,,122.580969,indice,publie,principal,,C,,
indice_prix_ensemble,IN3b (INSEED),2022M2,mensuel,ensemble,Ensemble,,116.602906,indice,publie,principal,,C,,
indice_prix_ensemble,IN3b (INSEED),2022M3,mensuel,ensemble,Ensemble,,116.135724,indice,publie,principal,,C,,
indice_prix_ensemble,IN3b (INSEED),2022M4,mensuel,ensemble,Ensemble,,117.902874,indice,publie,principal,,C,,
indice_prix_ensemble,IN3b (INSEED),2022M5,mensuel,ensemble,Ensemble,,119.571785,indice,publie,principal,,C,,
indice_prix_ensemble,IN3b (INSEED),2022M6,mensuel,ensemble,Ensemble,,120.115684,indice,publie,principal,,C,,
indice_prix_ensemble,IN3b (INSEED),2022M7,mensuel,ensemble,Ensemble,,120.534602,indice,publie,principal,,C,,
indice_prix_ensemble,IN3b (INSEED),2022M8,mensuel,ensemble,Ensemble,,120.918641,indice,publie,principal,,C,,
indice_prix_ensemble,IN3b (INSEED),2022M9,mensuel,ensemble,Ensemble,,120.540623,indice,publie,principal,,C,,
indice_prix_ensemble,IN3b (INSEED),2023M1,mensuel,ensemble,Ensemble,,123.969255,indice,publie,principal,,C,,
indice_prix_ensemble,IN3b (INSEED),2023M10,mensuel,ensemble,Ensemble,,125.700445,indice,publie,principal,,C,,
indice_prix_ensemble,IN3b (INSEED),2023M11,mensuel,ensemble,Ensemble,,126.066352,indice,publie,principal,,C,,
indice_prix_ensemble,IN3b (INSEED),2023M12,mensuel,ensemble,Ensemble,,122.580969,indice,publie,principal,,C,,
indice_prix_ensemble,IN3b (INSEED),2023M2,mensuel,ensemble,Ensemble,,122.617245,indice,publie,principal,,C,,
indice_prix_ensemble,IN3b (INSEED),2023M3,mensuel,ensemble,Ensemble,,123.46469,indice,publie,principal,,C,,
indice_prix_ensemble,IN3b (INSEED),2023M4,mensuel,ensemble,Ensemble,,126.076216,indice,publie,principal,,C,,
indice_prix_ensemble,IN3b (INSEED),2023M5,mensuel,ensemble,Ensemble,,126.457359,indice,publie,principal,,C,,
indice_prix_ensemble,IN3b (INSEED),2023M6,mensuel,ensemble,Ensemble,,127.32322,indice,publie,principal,,C,,
indice_prix_ensemble,IN3b (INSEED),2023M7,mensuel,ensemble,Ensemble,,128.268205,indice,publie,principal,,C,,
indice_prix_ensemble,IN3b (INSEED),2023M8,mensuel,ensemble,Ensemble,,125.528014,indice,publie,principal,,C,,
indice_prix_ensemble,IN3b (INSEED),2023M9,mensuel,ensemble,Ensemble,,124.884531,indice,publie,principal,,C,,
indice_prix_ensemble,IN3b (INSEED),2024M1,mensuel,ensemble,Ensemble,,126.387113,indice,publie,principal,,C,,
indice_prix_ensemble,IN3b (INSEED),2024M2,mensuel,ensemble,Ensemble,,126.951625,indice,publie,principal,,C,,
indice_prix_ensemble,IN3b (INSEED),2024M3,mensuel,ensemble,Ensemble,,126.83641,indice,publie,principal,,C,,
indice_prix_ensemble,IN3b (INSEED),2024M4,mensuel,ensemble,Ensemble,,129.334961,indice,publie,principal,,C,,
inflation_annuelle_pct,"4g (Banque mondiale, HDX)",1967,annuel,ensemble,Ensemble,,-2.31884058067623,%,publie,principal,,C,,
inflation_annuelle_pct,"4g (Banque mondiale, HDX)",1968,annuel,ensemble,Ensemble,,0.296735906036536,%,publie,principal,,C,,
inflation_annuelle_pct,"4g (Banque mondiale, HDX)",1969,annuel,ensemble,Ensemble,,6.01577909270213,%,publie,principal,,C,,
inflation_annuelle_pct,"4g (Banque mondiale, HDX)",1970,annuel,ensemble,Ensemble,,4.48062015465097,%,publie,principal,,C,,
inflation_annuelle_pct,"4g (Banque mondiale, HDX)",1971,annuel,ensemble,Ensemble,,6.4920611363942,%,publie,principal,,C,,
inflation_annuelle_pct,"4g (Banque mondiale, HDX)",1972,annuel,ensemble,Ensemble,,7.7266076782349,%,publie,principal,,C,,
inflation_annuelle_pct,"4g (Banque mondiale, HDX)",1973,annuel,ensemble,Ensemble,,3.61531496573159,%,publie,principal,,C,,
inflation_annuelle_pct,"4g (Banque mondiale, HDX)",1974,annuel,ensemble,Ensemble,,12.8319316906201,%,publie,principal,,C,,
inflation_annuelle_pct,"4g (Banque mondiale, HDX)",1975,annuel,ensemble,Ensemble,,18.0121994976678,%,publie,principal,,C,,
inflation_annuelle_pct,"4g (Banque mondiale, HDX)",1976,annuel,ensemble,Ensemble,,11.6407308106915,%,publie,principal,,C,,
inflation_annuelle_pct,"4g (Banque mondiale, HDX)",1977,annuel,ensemble,Ensemble,,22.4570134066176,%,publie,principal,,C,,
inflation_annuelle_pct,"4g (Banque mondiale, HDX)",1978,annuel,ensemble,Ensemble,,0.442773093953005,%,publie,principal,,C,,
inflation_annuelle_pct,"4g (Banque mondiale, HDX)",1979,annuel,ensemble,Ensemble,,7.53925120772937,%,publie,principal,,C,,
inflation_annuelle_pct,"4g (Banque mondiale, HDX)",1980,annuel,ensemble,Ensemble,,12.3068572123796,%,publie,principal,,C,,
inflation_annuelle_pct,"4g (Banque mondiale, HDX)",1981,annuel,ensemble,Ensemble,,19.7165023624806,%,publie,principal,,C,,
inflation_annuelle_pct,"4g (Banque mondiale, HDX)",1982,annuel,ensemble,Ensemble,,11.1296733281827,%,publie,principal,,C,,
inflation_annuelle_pct,"4g (Banque mondiale, HDX)",1983,annuel,ensemble,Ensemble,,9.3554650798615,%,publie,principal,,C,,
inflation_annuelle_pct,"4g (Banque mondiale, HDX)",1984,annuel,ensemble,Ensemble,,-3.52662871020549,%,publie,principal,,C,,
inflation_annuelle_pct,"4g (Banque mondiale, HDX)",1985,annuel,ensemble,Ensemble,,-1.81441438232164,%,publie,principal,,C,,
inflation_annuelle_pct,"4g (Banque mondiale, HDX)",1986,annuel,ensemble,Ensemble,,4.12461526367686,%,publie,principal,,C,,
inflation_annuelle_pct,"4g (Banque mondiale, HDX)",1987,annuel,ensemble,Ensemble,,0.0540088504826715,%,publie,principal,,C,,
inflation_annuelle_pct,"4g (Banque mondiale, HDX)",1988,annuel,ensemble,Ensemble,,-0.150910979934777,%,publie,principal,,C,,
inflation_annuelle_pct,"4g (Banque mondiale, HDX)",1989,annuel,ensemble,Ensemble,,-0.839403116952551,%,publie,principal,,C,,
inflation_annuelle_pct,"4g (Banque mondiale, HDX)",1990,annuel,ensemble,Ensemble,,1.01534150530809,%,publie,principal,,C,,
inflation_annuelle_pct,"4g (Banque mondiale, HDX)",1991,annuel,ensemble,Ensemble,,0.387081797870731,%,publie,principal,,C,,
inflation_annuelle_pct,"4g (Banque mondiale, HDX)",1992,annuel,ensemble,Ensemble,,1.39378663675941,%,publie,principal,,C,,
inflation_annuelle_pct,"4g (Banque mondiale, HDX)",1993,annuel,ensemble,Ensemble,,-1.00688168855036,%,publie,principal,,C,,
inflation_annuelle_pct,"4g (Banque mondiale, HDX)",1994,annuel,ensemble,Ensemble,,39.1627673796796,%,publie,principal,,C,,
inflation_annuelle_pct,"4g (Banque mondiale, HDX)",1995,annuel,ensemble,Ensemble,,16.4335034524163,%,publie,principal,,C,,
inflation_annuelle_pct,"4g (Banque mondiale, HDX)",1996,annuel,ensemble,Ensemble,,4.68749999999997,%,publie,principal,,C,,
inflation_annuelle_pct,"4g (Banque mondiale, HDX)",1997,annuel,ensemble,Ensemble,,8.25082508250804,%,publie,principal,,C,,
inflation_annuelle_pct,"4g (Banque mondiale, HDX)",1998,annuel,ensemble,Ensemble,,0.975338381088715,%,publie,principal,,C,,
inflation_annuelle_pct,"4g (Banque mondiale, HDX)",1999,annuel,ensemble,Ensemble,,-0.0532136248824353,%,publie,principal,,C,,
inflation_annuelle_pct,"4g (Banque mondiale, HDX)",2000,annuel,ensemble,Ensemble,,1.86260595463066,%,publie,principal,,C,,
inflation_annuelle_pct,"4g (Banque mondiale, HDX)",2001,annuel,ensemble,Ensemble,,3.91959133653157,%,publie,principal,,C,,
inflation_annuelle_pct,"4g (Banque mondiale, HDX)",2002,annuel,ensemble,Ensemble,,3.05981857535874,%,publie,principal,,C,,
inflation_annuelle_pct,"4g (Banque mondiale, HDX)",2003,annuel,ensemble,Ensemble,,-0.930000884072201,%,publie,principal,,C,,
inflation_annuelle_pct,"4g (Banque mondiale, HDX)",2004,annuel,ensemble,Ensemble,,0.393078681031619,%,publie,principal,,C,,
inflation_annuelle_pct,"4g (Banque mondiale, HDX)",2005,annuel,ensemble,Ensemble,,6.7829289302831,%,publie,principal,,C,,
inflation_annuelle_pct,"4g (Banque mondiale, HDX)",2006,annuel,ensemble,Ensemble,,2.22897779414036,%,publie,principal,,C,,
inflation_annuelle_pct,"4g (Banque mondiale, HDX)",2007,annuel,ensemble,Ensemble,,0.945673271705144,%,publie,principal,,C,,
inflation_annuelle_pct,"4g (Banque mondiale, HDX)",2008,annuel,ensemble,Ensemble,,8.6948281436391,%,publie,principal,,C,,
inflation_annuelle_pct,"4g (Banque mondiale, HDX)",2009,annuel,ensemble,Ensemble,,3.71360592035802,%,publie,principal,,C,,
inflation_annuelle_pct,"4g (Banque mondiale, HDX)",2010,annuel,ensemble,Ensemble,,1.44594517430866,%,publie,principal,,C,,
inflation_annuelle_pct,"4g (Banque mondiale, HDX)",2011,annuel,ensemble,Ensemble,,3.56351472903954,%,publie,principal,,C,,
inflation_annuelle_pct,"4g (Banque mondiale, HDX)",2012,annuel,ensemble,Ensemble,,2.57718174055848,%,publie,principal,,C,,
inflation_annuelle_pct,"4g (Banque mondiale, HDX)",2013,annuel,ensemble,Ensemble,,1.82539475909171,%,publie,principal,,C,,
inflation_annuelle_pct,"4g (Banque mondiale, HDX)",2014,annuel,ensemble,Ensemble,,0.19087507624975,%,publie,principal,,C,,
inflation_annuelle_pct,"4g (Banque mondiale, HDX)",2015,annuel,ensemble,Ensemble,,2.58500390801595,%,publie,principal,,C,,
inflation_annuelle_pct,"4g (Banque mondiale, HDX)",2016,annuel,ensemble,Ensemble,,1.28544847051417,%,publie,principal,,C,,
inflation_annuelle_pct,"4g (Banque mondiale, HDX)",2017,annuel,ensemble,Ensemble,,-0.981889868943119,%,publie,principal,,C,,
inflation_annuelle_pct,"4g (Banque mondiale, HDX)",2018,annuel,ensemble,Ensemble,,0.927755426457183,%,publie,principal,,C,,
inflation_annuelle_pct,"4g (Banque mondiale, HDX)",2019,annuel,ensemble,Ensemble,,0.674652770077436,%,publie,principal,,C,,
inflation_annuelle_pct,"4g (Banque mondiale, HDX)",2020,annuel,ensemble,Ensemble,,1.69928463299408,%,publie,principal,,C,,
inflation_annuelle_pct,"4g (Banque mondiale, HDX)",2021,annuel,ensemble,Ensemble,,4.1862150652352,%,publie,principal,,C,,
inflation_annuelle_pct,"4g (Banque mondiale, HDX)",2022,annuel,ensemble,Ensemble,,7.96757361617945,%,publie,principal,,C,,
investissement,AR1 (ARCEP),2018,annuel,cafe,CAFE Informatique,,0.145,Md FCFA,somme_4T,principal,,A,,
investissement,AR1 (ARCEP),2019,annuel,cafe,CAFE Informatique,,0.14173562,Md FCFA,somme_4T,principal,,A,,
investissement,AR1 (ARCEP),2020,annuel,cafe,CAFE Informatique,,0.17800000000000002,Md FCFA,somme_4T,principal,,A,,
investissement,AR1 (ARCEP),2021,annuel,cafe,CAFE Informatique,,0.075,Md FCFA,somme_4T,principal,,A,,
investissement,AR1 (ARCEP),2022,annuel,cafe,CAFE Informatique,,0.112,Md FCFA,somme_4T,principal,,A,,
investissement,AR1 (ARCEP),2023,annuel,cafe,CAFE Informatique,,0.031,Md FCFA,somme_4T,principal,,A,,
investissement,AR1 (ARCEP),2024,annuel,cafe,CAFE Informatique,,0.025,Md FCFA,somme_4T,principal,,A,,
investissement,AR1 (ARCEP),2025,annuel,cafe,CAFE Informatique,,0.047,Md FCFA,somme_4T,principal,,A,,
investissement,AR1 (ARCEP),2026S1,semestriel,cafe,CAFE Informatique,,0.0,Md FCFA,somme_trimestres,principal,,A,,année incomplète : T1 et T2 seulement
investissement,AR1 (ARCEP),2017T1,trimestriel,cafe,CAFE Informatique,,0.02,Md FCFA,publie,principal,,A,,publication 2018T1
investissement,AR1 (ARCEP),2017T2,trimestriel,cafe,CAFE Informatique,,0.022,Md FCFA,publie,principal,,A,,publication 2018T2
investissement,AR1 (ARCEP),2017T3,trimestriel,cafe,CAFE Informatique,,0.015,Md FCFA,publie,principal,,A,,publication 2018T3
investissement,AR1 (ARCEP),2017T4,trimestriel,cafe,CAFE Informatique,,0.018,Md FCFA,publie,principal,,A,,publication 2018T4
investissement,AR1 (ARCEP),2018T1,trimestriel,cafe,CAFE Informatique,,0.035,Md FCFA,publie,principal,,A,,publication 2019T1
investissement,AR1 (ARCEP),2018T2,trimestriel,cafe,CAFE Informatique,,0.056,Md FCFA,publie,principal,,A,,publication 2019T2 ; révisée (1.79 %)
investissement,AR1 (ARCEP),2018T3,trimestriel,cafe,CAFE Informatique,,0.028,Md FCFA,publie,principal,,A,,publication 2019T3
investissement,AR1 (ARCEP),2018T4,trimestriel,cafe,CAFE Informatique,,0.026,Md FCFA,publie,principal,,A,,publication 2019T4
investissement,AR1 (ARCEP),2019T1,trimestriel,cafe,CAFE Informatique,,0.024,Md FCFA,publie,principal,,A,,publication 2020T1 ; révisée (12.5 %)
investissement,AR1 (ARCEP),2019T2,trimestriel,cafe,CAFE Informatique,,0.028,Md FCFA,publie,principal,,A,,publication 2020T2
investissement,AR1 (ARCEP),2019T3,trimestriel,cafe,CAFE Informatique,,0.04573562,Md FCFA,publie,principal,,A,,publication 2020T3 ; révisée (0.58 %)
investissement,AR1 (ARCEP),2019T4,trimestriel,cafe,CAFE Informatique,,0.044,Md FCFA,publie,principal,,A,,publication 2020T4 ; révisée (0.39 %)
investissement,AR1 (ARCEP),2020T1,trimestriel,cafe,CAFE Informatique,,0.065,Md FCFA,publie,principal,,A,,publication 2021T1 ; révisée (0.39 %)
investissement,AR1 (ARCEP),2020T2,trimestriel,cafe,CAFE Informatique,,0.039,Md FCFA,publie,principal,,A,,publication 2021T2 ; révisée (0.71 %)
investissement,AR1 (ARCEP),2020T3,trimestriel,cafe,CAFE Informatique,,0.041,Md FCFA,publie,principal,,A,,publication 2021T3 ; révisée (0.53 %)
investissement,AR1 (ARCEP),2020T4,trimestriel,cafe,CAFE Informatique,,0.033,Md FCFA,publie,principal,,A,,publication 2021T4
investissement,AR1 (ARCEP),2021T1,trimestriel,cafe,CAFE Informatique,,0.0,Md FCFA,publie,principal,,A,,publication 2022T1
investissement,AR1 (ARCEP),2021T2,trimestriel,cafe,CAFE Informatique,,0.0,Md FCFA,publie,principal,,A,,publication 2022T2
investissement,AR1 (ARCEP),2021T3,trimestriel,cafe,CAFE Informatique,,0.048,Md FCFA,publie,principal,,A,,publication 2022T3 ; révisée (100.0 %)
investissement,AR1 (ARCEP),2021T4,trimestriel,cafe,CAFE Informatique,,0.027,Md FCFA,publie,principal,,A,,publication 2022T4
investissement,AR1 (ARCEP),2022T1,trimestriel,cafe,CAFE Informatique,,0.0,Md FCFA,publie,principal,,A,,publication 2023T1
investissement,AR1 (ARCEP),2022T2,trimestriel,cafe,CAFE Informatique,,0.02,Md FCFA,publie,principal,,A,,publication 2023T2
investissement,AR1 (ARCEP),2022T3,trimestriel,cafe,CAFE Informatique,,0.048,Md FCFA,publie,principal,,A,,publication 2023T2
investissement,AR1 (ARCEP),2022T4,trimestriel,cafe,CAFE Informatique,,0.044,Md FCFA,publie,principal,,A,,publication 2023T2
investissement,AR1 (ARCEP),2023T1,trimestriel,cafe,CAFE Informatique,,0.012,Md FCFA,publie,principal,,A,,publication 2024T1
investissement,AR1 (ARCEP),2023T2,trimestriel,cafe,CAFE Informatique,,0.007,Md FCFA,publie,principal,,A,,publication 2024T2
investissement,AR1 (ARCEP),2023T3,trimestriel,cafe,CAFE Informatique,,0.005,Md FCFA,publie,principal,,A,,publication 2024T3
investissement,AR1 (ARCEP),2023T4,trimestriel,cafe,CAFE Informatique,,0.007,Md FCFA,publie,principal,,A,,publication 2024T4
investissement,AR1 (ARCEP),2024T1,trimestriel,cafe,CAFE Informatique,,0.011,Md FCFA,publie,principal,,A,,publication 2025T1
investissement,AR1 (ARCEP),2024T2,trimestriel,cafe,CAFE Informatique,,0.003,Md FCFA,publie,principal,,A,,publication 2025T2
investissement,AR1 (ARCEP),2024T3,trimestriel,cafe,CAFE Informatique,,0.002,Md FCFA,publie,principal,,A,,publication 2025T3
investissement,AR1 (ARCEP),2024T4,trimestriel,cafe,CAFE Informatique,,0.009,Md FCFA,publie,principal,,A,,publication 2025T4
investissement,AR1 (ARCEP),2025T1,trimestriel,cafe,CAFE Informatique,,0.013,Md FCFA,publie,principal,,A,,publication 2026T1
investissement,AR1 (ARCEP),2025T2,trimestriel,cafe,CAFE Informatique,,0.014,Md FCFA,publie,principal,,A,,publication 2026T2
investissement,AR1 (ARCEP),2025T3,trimestriel,cafe,CAFE Informatique,,0.009,Md FCFA,publie,principal,,A,,publication 2026T2
investissement,AR1 (ARCEP),2025T4,trimestriel,cafe,CAFE Informatique,,0.011,Md FCFA,publie,principal,,A,,publication 2026T2
investissement,AR1 (ARCEP),2026T1,trimestriel,cafe,CAFE Informatique,,0.0,Md FCFA,publie,principal,,A,,publication 2026T1
investissement,AR1 (ARCEP),2021,annuel,gva,GVA Togo,,4.348,Md FCFA,somme_4T,principal,,A,,
investissement,AR1 (ARCEP),2024,annuel,gva,GVA Togo,,3.832,Md FCFA,somme_4T,principal,,A,,
investissement,AR1 (ARCEP),2025,annuel,gva,GVA Togo,,3.606,Md FCFA,somme_4T,principal,,A,,
investissement,AR1 (ARCEP),2026S1,semestriel,gva,GVA Togo,,1.139,Md FCFA,somme_trimestres,principal,,A,,année incomplète : T1 et T2 seulement
investissement,AR1 (ARCEP),2020T2,trimestriel,gva,GVA Togo,,0.0,Md FCFA,publie,principal,,A,,publication 2021T2
investissement,AR1 (ARCEP),2020T3,trimestriel,gva,GVA Togo,,0.0,Md FCFA,publie,principal,,A,,publication 2021T3
investissement,AR1 (ARCEP),2020T4,trimestriel,gva,GVA Togo,,0.0,Md FCFA,publie,principal,,A,,publication 2021T4
investissement,AR1 (ARCEP),2021T1,trimestriel,gva,GVA Togo,,1.087,Md FCFA,publie,principal,,A,,publication 2021T4
investissement,AR1 (ARCEP),2021T2,trimestriel,gva,GVA Togo,,1.087,Md FCFA,publie,principal,,A,,publication 2021T4
investissement,AR1 (ARCEP),2021T3,trimestriel,gva,GVA Togo,,1.087,Md FCFA,publie,principal,,A,,publication 2021T4
investissement,AR1 (ARCEP),2021T4,trimestriel,gva,GVA Togo,,1.087,Md FCFA,publie,principal,,A,,publication 2021T4
investissement,AR1 (ARCEP),2023T2,trimestriel,gva,GVA Togo,,0.717,Md FCFA,publie,principal,,A,,publication 2024T2
investissement,AR1 (ARCEP),2023T3,trimestriel,gva,GVA Togo,,1.715,Md FCFA,publie,principal,,A,,publication 2024T3
investissement,AR1 (ARCEP),2023T4,trimestriel,gva,GVA Togo,,1.998,Md FCFA,publie,principal,,A,,publication 2024T4
investissement,AR1 (ARCEP),2024T1,trimestriel,gva,GVA Togo,,0.92,Md FCFA,publie,principal,,A,,publication 2025T1
investissement,AR1 (ARCEP),2024T2,trimestriel,gva,GVA Togo,,1.015,Md FCFA,publie,principal,,A,,publication 2025T2
investissement,AR1 (ARCEP),2024T3,trimestriel,gva,GVA Togo,,0.868,Md FCFA,publie,principal,,A,,publication 2025T3
investissement,AR1 (ARCEP),2024T4,trimestriel,gva,GVA Togo,,1.029,Md FCFA,publie,principal,,A,,publication 2025T4
investissement,AR1 (ARCEP),2025T1,trimestriel,gva,GVA Togo,,0.495,Md FCFA,publie,principal,,A,,publication 2026T1
investissement,AR1 (ARCEP),2025T2,trimestriel,gva,GVA Togo,,1.001,Md FCFA,publie,principal,,A,,publication 2026T2
investissement,AR1 (ARCEP),2025T3,trimestriel,gva,GVA Togo,,1.015,Md FCFA,publie,principal,,A,,publication 2026T2
investissement,AR1 (ARCEP),2025T4,trimestriel,gva,GVA Togo,,1.095,Md FCFA,publie,principal,,A,,publication 2026T2
investissement,AR1 (ARCEP),2026T1,trimestriel,gva,GVA Togo,,0.518,Md FCFA,publie,principal,,A,,publication 2026T2
investissement,AR1 (ARCEP),2026T2,trimestriel,gva,GVA Togo,,0.621,Md FCFA,publie,principal,,A,,publication 2026T2
investissement,AR1 (ARCEP),2018,annuel,moov,Moov Africa (Atlantique Telecom),,43.813,Md FCFA,somme_4T,principal,,A,,
investissement,AR1 (ARCEP),2019,annuel,moov,Moov Africa (Atlantique Telecom),,21.865972476,Md FCFA,somme_4T,principal,,A,,
investissement,AR1 (ARCEP),2020,annuel,moov,Moov Africa (Atlantique Telecom),,8.66,Md FCFA,somme_4T,principal,,A,,
investissement,AR1 (ARCEP),2021,annuel,moov,Moov Africa (Atlantique Telecom),,35.213,Md FCFA,somme_4T,principal,,A,,
investissement,AR1 (ARCEP),2022,annuel,moov,Moov Africa (Atlantique Telecom),,18.381,Md FCFA,somme_4T,principal,,A,,
investissement,AR1 (ARCEP),2023,annuel,moov,Moov Africa (Atlantique Telecom),,17.59,Md FCFA,somme_4T,principal,,A,,
investissement,AR1 (ARCEP),2024,annuel,moov,Moov Africa (Atlantique Telecom),,17.929,Md FCFA,somme_4T,principal,,A,,
investissement,AR1 (ARCEP),2025,annuel,moov,Moov Africa (Atlantique Telecom),,13.789,Md FCFA,somme_4T,principal,,A,,
investissement,AR1 (ARCEP),2026S1,semestriel,moov,Moov Africa (Atlantique Telecom),,2.471,Md FCFA,somme_trimestres,principal,,A,,année incomplète : T1 et T2 seulement
investissement,AR1 (ARCEP),2017T1,trimestriel,moov,Moov Africa (Atlantique Telecom),,0.551,Md FCFA,publie,principal,,A,,publication 2018T1
investissement,AR1 (ARCEP),2017T2,trimestriel,moov,Moov Africa (Atlantique Telecom),,3.19,Md FCFA,publie,principal,,A,,publication 2018T2
investissement,AR1 (ARCEP),2017T3,trimestriel,moov,Moov Africa (Atlantique Telecom),,8.724,Md FCFA,publie,principal,,A,,publication 2018T3
investissement,AR1 (ARCEP),2017T4,trimestriel,moov,Moov Africa (Atlantique Telecom),,17.13,Md FCFA,publie,principal,,A,,publication 2018T4
investissement,AR1 (ARCEP),2018T1,trimestriel,moov,Moov Africa (Atlantique Telecom),,3.419,Md FCFA,publie,principal,,A,,publication 2019T1
investissement,AR1 (ARCEP),2018T2,trimestriel,moov,Moov Africa (Atlantique Telecom),,30.866,Md FCFA,publie,principal,,A,,publication 2019T2
investissement,AR1 (ARCEP),2018T3,trimestriel,moov,Moov Africa (Atlantique Telecom),,4.017,Md FCFA,publie,principal,,A,,publication 2019T3
investissement,AR1 (ARCEP),2018T4,trimestriel,moov,Moov Africa (Atlantique Telecom),,5.511,Md FCFA,publie,principal,,A,,publication 2019T4
investissement,AR1 (ARCEP),2019T1,trimestriel,moov,Moov Africa (Atlantique Telecom),,9.711,Md FCFA,publie,principal,,A,,publication 2020T1
investissement,AR1 (ARCEP),2019T2,trimestriel,moov,Moov Africa (Atlantique Telecom),,6.536,Md FCFA,publie,principal,,A,,publication 2020T2
investissement,AR1 (ARCEP),2019T3,trimestriel,moov,Moov Africa (Atlantique Telecom),,0.249972476,Md FCFA,publie,principal,,A,,publication 2020T3
investissement,AR1 (ARCEP),2019T4,trimestriel,moov,Moov Africa (Atlantique Telecom),,5.369,Md FCFA,publie,principal,,A,,publication 2020T4
investissement,AR1 (ARCEP),2020T1,trimestriel,moov,Moov Africa (Atlantique Telecom),,1.357,Md FCFA,publie,principal,,A,,publication 2021T1
investissement,AR1 (ARCEP),2020T2,trimestriel,moov,Moov Africa (Atlantique Telecom),,1.424,Md FCFA,publie,principal,,A,,publication 2021T2
investissement,AR1 (ARCEP),2020T3,trimestriel,moov,Moov Africa (Atlantique Telecom),,2.249,Md FCFA,publie,principal,,A,,publication 2021T3
investissement,AR1 (ARCEP),2020T4,trimestriel,moov,Moov Africa (Atlantique Telecom),,3.63,Md FCFA,publie,principal,,A,,publication 2021T4
investissement,AR1 (ARCEP),2021T1,trimestriel,moov,Moov Africa (Atlantique Telecom),,0.08,Md FCFA,publie,principal,,A,,publication 2022T1
investissement,AR1 (ARCEP),2021T2,trimestriel,moov,Moov Africa (Atlantique Telecom),,4.159,Md FCFA,publie,principal,,A,,publication 2022T2
investissement,AR1 (ARCEP),2021T3,trimestriel,moov,Moov Africa (Atlantique Telecom),,13.648,Md FCFA,publie,principal,,A,,publication 2022T3
investissement,AR1 (ARCEP),2021T4,trimestriel,moov,Moov Africa (Atlantique Telecom),,17.326,Md FCFA,publie,principal,,A,,publication 2022T4
investissement,AR1 (ARCEP),2022T1,trimestriel,moov,Moov Africa (Atlantique Telecom),,0.731,Md FCFA,publie,principal,,A,,publication 2023T1
investissement,AR1 (ARCEP),2022T2,trimestriel,moov,Moov Africa (Atlantique Telecom),,6.707,Md FCFA,publie,principal,,A,,publication 2023T2
investissement,AR1 (ARCEP),2022T3,trimestriel,moov,Moov Africa (Atlantique Telecom),,5.666,Md FCFA,publie,principal,,A,,publication 2023T2
investissement,AR1 (ARCEP),2022T4,trimestriel,moov,Moov Africa (Atlantique Telecom),,5.277,Md FCFA,publie,principal,,A,,publication 2023T2
investissement,AR1 (ARCEP),2023T1,trimestriel,moov,Moov Africa (Atlantique Telecom),,3.24,Md FCFA,publie,principal,,A,,publication 2024T1
investissement,AR1 (ARCEP),2023T2,trimestriel,moov,Moov Africa (Atlantique Telecom),,2.305,Md FCFA,publie,principal,,A,,publication 2024T2
investissement,AR1 (ARCEP),2023T3,trimestriel,moov,Moov Africa (Atlantique Telecom),,4.461,Md FCFA,publie,principal,,A,,publication 2024T3
investissement,AR1 (ARCEP),2023T4,trimestriel,moov,Moov Africa (Atlantique Telecom),,7.584,Md FCFA,publie,principal,,A,,publication 2024T4
investissement,AR1 (ARCEP),2024T1,trimestriel,moov,Moov Africa (Atlantique Telecom),,2.584,Md FCFA,publie,principal,,A,,publication 2025T1
investissement,AR1 (ARCEP),2024T2,trimestriel,moov,Moov Africa (Atlantique Telecom),,1.923,Md FCFA,publie,principal,,A,,publication 2025T2
investissement,AR1 (ARCEP),2024T3,trimestriel,moov,Moov Africa (Atlantique Telecom),,3.376,Md FCFA,publie,principal,,A,,publication 2025T3
investissement,AR1 (ARCEP),2024T4,trimestriel,moov,Moov Africa (Atlantique Telecom),,10.046,Md FCFA,publie,principal,,A,,publication 2025T4
investissement,AR1 (ARCEP),2025T1,trimestriel,moov,Moov Africa (Atlantique Telecom),,1.148,Md FCFA,publie,principal,,A,,publication 2026T1
investissement,AR1 (ARCEP),2025T2,trimestriel,moov,Moov Africa (Atlantique Telecom),,1.094,Md FCFA,publie,principal,,A,,publication 2026T2
investissement,AR1 (ARCEP),2025T3,trimestriel,moov,Moov Africa (Atlantique Telecom),,4.391,Md FCFA,publie,principal,,A,,publication 2026T2
investissement,AR1 (ARCEP),2025T4,trimestriel,moov,Moov Africa (Atlantique Telecom),,7.156,Md FCFA,publie,principal,,A,,publication 2026T2
investissement,AR1 (ARCEP),2026T1,trimestriel,moov,Moov Africa (Atlantique Telecom),,1.109,Md FCFA,publie,principal,,A,,publication 2026T2
investissement,AR1 (ARCEP),2026T2,trimestriel,moov,Moov Africa (Atlantique Telecom),,1.362,Md FCFA,publie,principal,,A,,publication 2026T2
investissement,AR1 (ARCEP),2019,annuel,teolis,TEOLIS,,0.512019689,Md FCFA,somme_4T,principal,,A,,
investissement,AR1 (ARCEP),2020,annuel,teolis,TEOLIS,,0.2,Md FCFA,somme_4T,principal,,A,,
investissement,AR1 (ARCEP),2021,annuel,teolis,TEOLIS,,0.169,Md FCFA,somme_4T,principal,,A,,
investissement,AR1 (ARCEP),2022,annuel,teolis,TEOLIS,,0.246,Md FCFA,somme_4T,principal,,A,,
investissement,AR1 (ARCEP),2023,annuel,teolis,TEOLIS,,0.28400000000000003,Md FCFA,somme_4T,principal,,A,,
investissement,AR1 (ARCEP),2024,annuel,teolis,TEOLIS,,0.237,Md FCFA,somme_4T,principal,,A,,
investissement,AR1 (ARCEP),2025,annuel,teolis,TEOLIS,,0.279,Md FCFA,somme_4T,principal,,A,,
investissement,AR1 (ARCEP),2026S1,semestriel,teolis,TEOLIS,,0.104,Md FCFA,somme_trimestres,principal,,A,,année incomplète : T1 et T2 seulement
investissement,AR1 (ARCEP),2018T2,trimestriel,teolis,TEOLIS,,0.384,Md FCFA,publie,principal,,A,,publication 2019T2
investissement,AR1 (ARCEP),2018T3,trimestriel,teolis,TEOLIS,,0.019,Md FCFA,publie,principal,,A,,publication 2019T3
investissement,AR1 (ARCEP),2018T4,trimestriel,teolis,TEOLIS,,0.038,Md FCFA,publie,principal,,A,,publication 2019T4
investissement,AR1 (ARCEP),2019T1,trimestriel,teolis,TEOLIS,,0.047,Md FCFA,publie,principal,,A,,publication 2020T1
investissement,AR1 (ARCEP),2019T2,trimestriel,teolis,TEOLIS,,0.32,Md FCFA,publie,principal,,A,,publication 2020T2
investissement,AR1 (ARCEP),2019T3,trimestriel,teolis,TEOLIS,,0.084019689,Md FCFA,publie,principal,,A,,publication 2020T3
investissement,AR1 (ARCEP),2019T4,trimestriel,teolis,TEOLIS,,0.061,Md FCFA,publie,principal,,A,,publication 2020T4 ; révisée (0.52 %)
investissement,AR1 (ARCEP),2020T1,trimestriel,teolis,TEOLIS,,0.057,Md FCFA,publie,principal,,A,,publication 2021T1 ; révisée (0.22 %)
investissement,AR1 (ARCEP),2020T2,trimestriel,teolis,TEOLIS,,0.05,Md FCFA,publie,principal,,A,,publication 2021T2 ; révisée (0.79 %)
investissement,AR1 (ARCEP),2020T3,trimestriel,teolis,TEOLIS,,0.048,Md FCFA,publie,principal,,A,,publication 2021T3 ; révisée (0.5 %)
investissement,AR1 (ARCEP),2020T4,trimestriel,teolis,TEOLIS,,0.045,Md FCFA,publie,principal,,A,,publication 2021T4
investissement,AR1 (ARCEP),2021T1,trimestriel,teolis,TEOLIS,,0.057,Md FCFA,publie,principal,,A,,publication 2022T1
investissement,AR1 (ARCEP),2021T2,trimestriel,teolis,TEOLIS,,0.045,Md FCFA,publie,principal,,A,,publication 2022T2
investissement,AR1 (ARCEP),2021T3,trimestriel,teolis,TEOLIS,,0.034,Md FCFA,publie,principal,,A,,publication 2022T3
investissement,AR1 (ARCEP),2021T4,trimestriel,teolis,TEOLIS,,0.033,Md FCFA,publie,principal,,A,,publication 2022T4
investissement,AR1 (ARCEP),2022T1,trimestriel,teolis,TEOLIS,,0.046,Md FCFA,publie,principal,,A,,publication 2023T1
investissement,AR1 (ARCEP),2022T2,trimestriel,teolis,TEOLIS,,0.091,Md FCFA,publie,principal,,A,,publication 2023T2
investissement,AR1 (ARCEP),2022T3,trimestriel,teolis,TEOLIS,,0.063,Md FCFA,publie,principal,,A,,publication 2023T2
investissement,AR1 (ARCEP),2022T4,trimestriel,teolis,TEOLIS,,0.046,Md FCFA,publie,principal,,A,,publication 2023T2
investissement,AR1 (ARCEP),2023T1,trimestriel,teolis,TEOLIS,,0.044,Md FCFA,publie,principal,,A,,publication 2024T1
investissement,AR1 (ARCEP),2023T2,trimestriel,teolis,TEOLIS,,0.063,Md FCFA,publie,principal,,A,,publication 2024T2
investissement,AR1 (ARCEP),2023T3,trimestriel,teolis,TEOLIS,,0.026,Md FCFA,publie,principal,,A,,publication 2024T3
investissement,AR1 (ARCEP),2023T4,trimestriel,teolis,TEOLIS,,0.151,Md FCFA,publie,principal,,A,,publication 2024T4
investissement,AR1 (ARCEP),2024T1,trimestriel,teolis,TEOLIS,,0.052,Md FCFA,publie,principal,,A,,publication 2025T1
investissement,AR1 (ARCEP),2024T2,trimestriel,teolis,TEOLIS,,0.054,Md FCFA,publie,principal,,A,,publication 2025T2
investissement,AR1 (ARCEP),2024T3,trimestriel,teolis,TEOLIS,,0.045,Md FCFA,publie,principal,,A,,publication 2025T3
investissement,AR1 (ARCEP),2024T4,trimestriel,teolis,TEOLIS,,0.086,Md FCFA,publie,principal,,A,,publication 2025T4
investissement,AR1 (ARCEP),2025T1,trimestriel,teolis,TEOLIS,,0.082,Md FCFA,publie,principal,,A,,publication 2026T1
investissement,AR1 (ARCEP),2025T2,trimestriel,teolis,TEOLIS,,0.059,Md FCFA,publie,principal,,A,,publication 2026T2
investissement,AR1 (ARCEP),2025T3,trimestriel,teolis,TEOLIS,,0.081,Md FCFA,publie,principal,,A,,publication 2026T2
investissement,AR1 (ARCEP),2025T4,trimestriel,teolis,TEOLIS,,0.057,Md FCFA,publie,principal,,A,,publication 2026T2
investissement,AR1 (ARCEP),2026T1,trimestriel,teolis,TEOLIS,,0.06,Md FCFA,publie,principal,,A,,publication 2026T2
investissement,AR1 (ARCEP),2026T2,trimestriel,teolis,TEOLIS,,0.044,Md FCFA,publie,principal,,A,,publication 2026T2
investissement,AR1 (ARCEP),2018,annuel,togo_telecom,"Togo Telecom (YAS, fixe)",,2.106,Md FCFA,somme_4T,principal,,A,,
investissement,AR1 (ARCEP),2019,annuel,togo_telecom,"Togo Telecom (YAS, fixe)",,2.831746223,Md FCFA,somme_4T,principal,,A,,
investissement,AR1 (ARCEP),2020,annuel,togo_telecom,"Togo Telecom (YAS, fixe)",,9.879999999999999,Md FCFA,somme_4T,principal,,A,,
investissement,AR1 (ARCEP),2021,annuel,togo_telecom,"Togo Telecom (YAS, fixe)",,7.013,Md FCFA,somme_4T,principal,,A,,
investissement,AR1 (ARCEP),2022,annuel,togo_telecom,"Togo Telecom (YAS, fixe)",,15.832,Md FCFA,somme_4T,principal,,A,,
investissement,AR1 (ARCEP),2023,annuel,togo_telecom,"Togo Telecom (YAS, fixe)",,12.831999999999999,Md FCFA,somme_4T,principal,,A,,
investissement,AR1 (ARCEP),2024,annuel,togo_telecom,"Togo Telecom (YAS, fixe)",,8.706,Md FCFA,somme_4T,principal,,A,,
investissement,AR1 (ARCEP),2025,annuel,togo_telecom,"Togo Telecom (YAS, fixe)",,4.929,Md FCFA,somme_4T,principal,,A,,
investissement,AR1 (ARCEP),2026S1,semestriel,togo_telecom,"Togo Telecom (YAS, fixe)",,2.612,Md FCFA,somme_trimestres,principal,,A,,année incomplète : T1 et T2 seulement
investissement,AR1 (ARCEP),2017T1,trimestriel,togo_telecom,"Togo Telecom (YAS, fixe)",,0.584,Md FCFA,publie,principal,,A,,publication 2018T1
investissement,AR1 (ARCEP),2017T2,trimestriel,togo_telecom,"Togo Telecom (YAS, fixe)",,0.529,Md FCFA,publie,principal,,A,,publication 2018T2
investissement,AR1 (ARCEP),2017T3,trimestriel,togo_telecom,"Togo Telecom (YAS, fixe)",,0.457,Md FCFA,publie,principal,,A,,publication 2018T3
investissement,AR1 (ARCEP),2017T4,trimestriel,togo_telecom,"Togo Telecom (YAS, fixe)",,0.993,Md FCFA,publie,principal,,A,,publication 2018T4
investissement,AR1 (ARCEP),2018T1,trimestriel,togo_telecom,"Togo Telecom (YAS, fixe)",,0.628,Md FCFA,publie,principal,,A,,publication 2019T1
investissement,AR1 (ARCEP),2018T2,trimestriel,togo_telecom,"Togo Telecom (YAS, fixe)",,0.768,Md FCFA,publie,principal,,A,,publication 2019T2
investissement,AR1 (ARCEP),2018T3,trimestriel,togo_telecom,"Togo Telecom (YAS, fixe)",,0.512,Md FCFA,publie,principal,,A,,publication 2019T3
investissement,AR1 (ARCEP),2018T4,trimestriel,togo_telecom,"Togo Telecom (YAS, fixe)",,0.198,Md FCFA,publie,principal,,A,,publication 2019T4
investissement,AR1 (ARCEP),2019T1,trimestriel,togo_telecom,"Togo Telecom (YAS, fixe)",,0.193,Md FCFA,publie,principal,,A,,publication 2020T1
investissement,AR1 (ARCEP),2019T2,trimestriel,togo_telecom,"Togo Telecom (YAS, fixe)",,0.763,Md FCFA,publie,principal,,A,,publication 2020T2
investissement,AR1 (ARCEP),2019T3,trimestriel,togo_telecom,"Togo Telecom (YAS, fixe)",,1.102746223,Md FCFA,publie,principal,,A,,publication 2020T3 ; révisée (0.07 %)
investissement,AR1 (ARCEP),2019T4,trimestriel,togo_telecom,"Togo Telecom (YAS, fixe)",,0.773,Md FCFA,publie,principal,,A,,publication 2020T4
investissement,AR1 (ARCEP),2020T1,trimestriel,togo_telecom,"Togo Telecom (YAS, fixe)",,0.028,Md FCFA,publie,principal,,A,,publication 2021T1 ; révisée (0.09 %)
investissement,AR1 (ARCEP),2020T2,trimestriel,togo_telecom,"Togo Telecom (YAS, fixe)",,0.918,Md FCFA,publie,principal,,A,,publication 2021T2
investissement,AR1 (ARCEP),2020T3,trimestriel,togo_telecom,"Togo Telecom (YAS, fixe)",,6.846,Md FCFA,publie,principal,,A,,publication 2021T3
investissement,AR1 (ARCEP),2020T4,trimestriel,togo_telecom,"Togo Telecom (YAS, fixe)",,2.088,Md FCFA,publie,principal,,A,,publication 2021T4
investissement,AR1 (ARCEP),2021T1,trimestriel,togo_telecom,"Togo Telecom (YAS, fixe)",,0.539,Md FCFA,publie,principal,,A,,publication 2022T1
investissement,AR1 (ARCEP),2021T2,trimestriel,togo_telecom,"Togo Telecom (YAS, fixe)",,1.224,Md FCFA,publie,principal,,A,,publication 2022T2
investissement,AR1 (ARCEP),2021T3,trimestriel,togo_telecom,"Togo Telecom (YAS, fixe)",,1.133,Md FCFA,publie,principal,,A,,publication 2022T3
investissement,AR1 (ARCEP),2021T4,trimestriel,togo_telecom,"Togo Telecom (YAS, fixe)",,4.117,Md FCFA,publie,principal,,A,,publication 2022T4
investissement,AR1 (ARCEP),2022T1,trimestriel,togo_telecom,"Togo Telecom (YAS, fixe)",,1.22,Md FCFA,publie,principal,,A,,publication 2023T1
investissement,AR1 (ARCEP),2022T2,trimestriel,togo_telecom,"Togo Telecom (YAS, fixe)",,1.492,Md FCFA,publie,principal,,A,,publication 2023T2
investissement,AR1 (ARCEP),2022T3,trimestriel,togo_telecom,"Togo Telecom (YAS, fixe)",,9.413,Md FCFA,publie,principal,,A,,publication 2023T2
investissement,AR1 (ARCEP),2022T4,trimestriel,togo_telecom,"Togo Telecom (YAS, fixe)",,3.707,Md FCFA,publie,principal,,A,,publication 2023T2
investissement,AR1 (ARCEP),2023T1,trimestriel,togo_telecom,"Togo Telecom (YAS, fixe)",,1.332,Md FCFA,publie,principal,,A,,publication 2024T1
investissement,AR1 (ARCEP),2023T2,trimestriel,togo_telecom,"Togo Telecom (YAS, fixe)",,3.468,Md FCFA,publie,principal,,A,,publication 2024T2 ; révisée (91.38 %)
investissement,AR1 (ARCEP),2023T3,trimestriel,togo_telecom,"Togo Telecom (YAS, fixe)",,3.964,Md FCFA,publie,principal,,A,,publication 2024T3 ; révisée (64.68 %)
investissement,AR1 (ARCEP),2023T4,trimestriel,togo_telecom,"Togo Telecom (YAS, fixe)",,4.068,Md FCFA,publie,principal,,A,,publication 2024T4 ; révisée (56.59 %)
investissement,AR1 (ARCEP),2024T1,trimestriel,togo_telecom,"Togo Telecom (YAS, fixe)",,1.426,Md FCFA,publie,principal,,A,,publication 2025T1 ; révisée (13.96 %)
investissement,AR1 (ARCEP),2024T2,trimestriel,togo_telecom,"Togo Telecom (YAS, fixe)",,2.351,Md FCFA,publie,principal,,A,,publication 2025T2
investissement,AR1 (ARCEP),2024T3,trimestriel,togo_telecom,"Togo Telecom (YAS, fixe)",,2.224,Md FCFA,publie,principal,,A,,publication 2025T3
investissement,AR1 (ARCEP),2024T4,trimestriel,togo_telecom,"Togo Telecom (YAS, fixe)",,2.705,Md FCFA,publie,principal,,A,,publication 2025T4
investissement,AR1 (ARCEP),2025T1,trimestriel,togo_telecom,"Togo Telecom (YAS, fixe)",,1.365,Md FCFA,publie,principal,,A,,publication 2026T1
investissement,AR1 (ARCEP),2025T2,trimestriel,togo_telecom,"Togo Telecom (YAS, fixe)",,1.369,Md FCFA,publie,principal,,A,,publication 2026T2
investissement,AR1 (ARCEP),2025T3,trimestriel,togo_telecom,"Togo Telecom (YAS, fixe)",,1.202,Md FCFA,publie,principal,,A,,publication 2026T2
investissement,AR1 (ARCEP),2025T4,trimestriel,togo_telecom,"Togo Telecom (YAS, fixe)",,0.993,Md FCFA,publie,principal,,A,,publication 2026T2
investissement,AR1 (ARCEP),2026T1,trimestriel,togo_telecom,"Togo Telecom (YAS, fixe)",,1.335,Md FCFA,publie,principal,,A,,publication 2026T2
investissement,AR1 (ARCEP),2026T2,trimestriel,togo_telecom,"Togo Telecom (YAS, fixe)",,1.277,Md FCFA,publie,principal,,A,,publication 2026T2
investissement,AR1 (ARCEP),2018,annuel,togocom,Togocom (Togo Cellulaire),,22.035,Md FCFA,somme_4T,principal,,A,,
investissement,AR1 (ARCEP),2019,annuel,togocom,Togocom (Togo Cellulaire),,23.162694,Md FCFA,somme_4T,principal,,A,,
investissement,AR1 (ARCEP),2020,annuel,togocom,Togocom (Togo Cellulaire),,20.741999999999997,Md FCFA,somme_4T,principal,,A,,
investissement,AR1 (ARCEP),2021,annuel,togocom,Togocom (Togo Cellulaire),,11.341,Md FCFA,somme_4T,principal,,A,,
investissement,AR1 (ARCEP),2022,annuel,togocom,Togocom (Togo Cellulaire),,30.380000000000003,Md FCFA,somme_4T,principal,,A,,
investissement,AR1 (ARCEP),2023,annuel,togocom,Togocom (Togo Cellulaire),,40.436,Md FCFA,somme_4T,principal,,A,,
investissement,AR1 (ARCEP),2024,annuel,togocom,Togocom (Togo Cellulaire),,20.008000000000003,Md FCFA,somme_4T,principal,,A,,
investissement,AR1 (ARCEP),2025,annuel,togocom,Togocom (Togo Cellulaire),,20.459,Md FCFA,somme_4T,principal,,A,,
investissement,AR1 (ARCEP),2026S1,semestriel,togocom,Togocom (Togo Cellulaire),,24.046,Md FCFA,somme_trimestres,principal,,A,,année incomplète : T1 et T2 seulement
investissement,AR1 (ARCEP),2017T1,trimestriel,togocom,Togocom (Togo Cellulaire),,0.501,Md FCFA,publie,principal,,A,,publication 2018T1
investissement,AR1 (ARCEP),2017T2,trimestriel,togocom,Togocom (Togo Cellulaire),,2.558,Md FCFA,publie,principal,,A,,publication 2018T2
investissement,AR1 (ARCEP),2017T3,trimestriel,togocom,Togocom (Togo Cellulaire),,1.307,Md FCFA,publie,principal,,A,,publication 2018T3
investissement,AR1 (ARCEP),2017T4,trimestriel,togocom,Togocom (Togo Cellulaire),,13.41,Md FCFA,publie,principal,,A,,publication 2018T4
investissement,AR1 (ARCEP),2018T1,trimestriel,togocom,Togocom (Togo Cellulaire),,1.858,Md FCFA,publie,principal,,A,,publication 2019T1
investissement,AR1 (ARCEP),2018T2,trimestriel,togocom,Togocom (Togo Cellulaire),,1.951,Md FCFA,publie,principal,,A,,publication 2019T2 ; révisée (95.23 %)
investissement,AR1 (ARCEP),2018T3,trimestriel,togocom,Togocom (Togo Cellulaire),,2.251,Md FCFA,publie,principal,,A,,publication 2019T3
investissement,AR1 (ARCEP),2018T4,trimestriel,togocom,Togocom (Togo Cellulaire),,15.975,Md FCFA,publie,principal,,A,,publication 2019T4
investissement,AR1 (ARCEP),2019T1,trimestriel,togocom,Togocom (Togo Cellulaire),,4.225,Md FCFA,publie,principal,,A,,publication 2020T1
investissement,AR1 (ARCEP),2019T2,trimestriel,togocom,Togocom (Togo Cellulaire),,5.774,Md FCFA,publie,principal,,A,,publication 2020T2
investissement,AR1 (ARCEP),2019T3,trimestriel,togocom,Togocom (Togo Cellulaire),,6.430694,Md FCFA,publie,principal,,A,,publication 2020T3
investissement,AR1 (ARCEP),2019T4,trimestriel,togocom,Togocom (Togo Cellulaire),,6.733,Md FCFA,publie,principal,,A,,publication 2020T4
investissement,AR1 (ARCEP),2020T1,trimestriel,togocom,Togocom (Togo Cellulaire),,0.428,Md FCFA,publie,principal,,A,,publication 2021T1
investissement,AR1 (ARCEP),2020T2,trimestriel,togocom,Togocom (Togo Cellulaire),,4.887,Md FCFA,publie,principal,,A,,publication 2021T2
investissement,AR1 (ARCEP),2020T3,trimestriel,togocom,Togocom (Togo Cellulaire),,9.745,Md FCFA,publie,principal,,A,,publication 2021T3
investissement,AR1 (ARCEP),2020T4,trimestriel,togocom,Togocom (Togo Cellulaire),,5.682,Md FCFA,publie,principal,,A,,publication 2021T4
investissement,AR1 (ARCEP),2021T1,trimestriel,togocom,Togocom (Togo Cellulaire),,1.669,Md FCFA,publie,principal,,A,,publication 2022T1
investissement,AR1 (ARCEP),2021T2,trimestriel,togocom,Togocom (Togo Cellulaire),,0.889,Md FCFA,publie,principal,,A,,publication 2022T2
investissement,AR1 (ARCEP),2021T3,trimestriel,togocom,Togocom (Togo Cellulaire),,6.503,Md FCFA,publie,principal,,A,,publication 2022T3
investissement,AR1 (ARCEP),2021T4,trimestriel,togocom,Togocom (Togo Cellulaire),,2.28,Md FCFA,publie,principal,,A,,publication 2022T4
investissement,AR1 (ARCEP),2022T1,trimestriel,togocom,Togocom (Togo Cellulaire),,6.024,Md FCFA,publie,principal,,A,,publication 2023T1
investissement,AR1 (ARCEP),2022T2,trimestriel,togocom,Togocom (Togo Cellulaire),,4.778,Md FCFA,publie,principal,,A,,publication 2023T2
investissement,AR1 (ARCEP),2022T3,trimestriel,togocom,Togocom (Togo Cellulaire),,10.044,Md FCFA,publie,principal,,A,,publication 2023T2
investissement,AR1 (ARCEP),2022T4,trimestriel,togocom,Togocom (Togo Cellulaire),,9.534,Md FCFA,publie,principal,,A,,publication 2023T2
investissement,AR1 (ARCEP),2023T1,trimestriel,togocom,Togocom (Togo Cellulaire),,4.28,Md FCFA,publie,principal,,A,,publication 2024T1
investissement,AR1 (ARCEP),2023T2,trimestriel,togocom,Togocom (Togo Cellulaire),,4.51,Md FCFA,publie,principal,,A,,publication 2024T2 ; révisée (46.59 %)
investissement,AR1 (ARCEP),2023T3,trimestriel,togocom,Togocom (Togo Cellulaire),,13.736,Md FCFA,publie,principal,,A,,publication 2024T3 ; révisée (41.98 %)
investissement,AR1 (ARCEP),2023T4,trimestriel,togocom,Togocom (Togo Cellulaire),,17.91,Md FCFA,publie,principal,,A,,publication 2024T4 ; révisée (38.91 %)
investissement,AR1 (ARCEP),2024T1,trimestriel,togocom,Togocom (Togo Cellulaire),,3.181,Md FCFA,publie,principal,,A,,publication 2025T1 ; révisée (6.44 %)
investissement,AR1 (ARCEP),2024T2,trimestriel,togocom,Togocom (Togo Cellulaire),,4.855,Md FCFA,publie,principal,,A,,publication 2025T2
investissement,AR1 (ARCEP),2024T3,trimestriel,togocom,Togocom (Togo Cellulaire),,7.276,Md FCFA,publie,principal,,A,,publication 2025T3
investissement,AR1 (ARCEP),2024T4,trimestriel,togocom,Togocom (Togo Cellulaire),,4.696,Md FCFA,publie,principal,,A,,publication 2025T4
investissement,AR1 (ARCEP),2025T1,trimestriel,togocom,Togocom (Togo Cellulaire),,1.689,Md FCFA,publie,principal,,A,,publication 2026T1
investissement,AR1 (ARCEP),2025T2,trimestriel,togocom,Togocom (Togo Cellulaire),,3.159,Md FCFA,publie,principal,,A,,publication 2026T2
investissement,AR1 (ARCEP),2025T3,trimestriel,togocom,Togocom (Togo Cellulaire),,1.281,Md FCFA,publie,principal,,A,,publication 2026T2
investissement,AR1 (ARCEP),2025T4,trimestriel,togocom,Togocom (Togo Cellulaire),,14.33,Md FCFA,publie,principal,,A,,publication 2026T2
investissement,AR1 (ARCEP),2026T1,trimestriel,togocom,Togocom (Togo Cellulaire),,12.159,Md FCFA,publie,principal,,A,,publication 2026T2
investissement,AR1 (ARCEP),2026T2,trimestriel,togocom,Togocom (Togo Cellulaire),,11.887,Md FCFA,publie,principal,,A,,publication 2026T2
investissement,"D3 (INSEED, opendata)",2013,annuel,total_d3,total_d3,,42.174,Md FCFA,publie,principal,,A,,périmètre du CA non documenté ; sert au ratio Investissement / CA 2013-2019 (A4)
investissement,"D3 (INSEED, opendata)",2014,annuel,total_d3,total_d3,,19.057,Md FCFA,publie,principal,,A,,périmètre du CA non documenté ; sert au ratio Investissement / CA 2013-2019 (A4)
investissement,"D3 (INSEED, opendata)",2015,annuel,total_d3,total_d3,,31.467,Md FCFA,publie,principal,,A,,périmètre du CA non documenté ; sert au ratio Investissement / CA 2013-2019 (A4)
investissement,"D3 (INSEED, opendata)",2016,annuel,total_d3,total_d3,,40.889,Md FCFA,publie,principal,,A,,périmètre du CA non documenté ; sert au ratio Investissement / CA 2013-2019 (A4)
investissement,"D3 (INSEED, opendata)",2017,annuel,total_d3,total_d3,,44.958,Md FCFA,publie,principal,,A,,périmètre du CA non documenté ; sert au ratio Investissement / CA 2013-2019 (A4)
investissement,"D3 (INSEED, opendata)",2018,annuel,total_d3,total_d3,,68.541,Md FCFA,publie,principal,,A,,périmètre du CA non documenté ; sert au ratio Investissement / CA 2013-2019 (A4)
investissement,"D3 (INSEED, opendata)",2019,annuel,total_d3,total_d3,,47.203,Md FCFA,publie,principal,,A,,périmètre du CA non documenté ; sert au ratio Investissement / CA 2013-2019 (A4)
investissement,AR1 (ARCEP),2018,annuel,total_fixe,Total fixe,,2.6910000000000003,Md FCFA,somme_4T,principal,,A,,
investissement,AR1 (ARCEP),2019,annuel,total_fixe,Total fixe,,3.484,Md FCFA,somme_4T,principal,,A,,
investissement,AR1 (ARCEP),2020,annuel,total_fixe,Total fixe,,10.27,Md FCFA,somme_4T,principal,,A,,
investissement,AR1 (ARCEP),2021,annuel,total_fixe,Total fixe,,7.27,Md FCFA,somme_4T,principal,,A,,
investissement,AR1 (ARCEP),2022,annuel,total_fixe,Total fixe,,16.19,Md FCFA,somme_4T,principal,,A,,
investissement,AR1 (ARCEP),2023,annuel,total_fixe,Total fixe,,17.57,Md FCFA,somme_4T,principal,,A,,
investissement,AR1 (ARCEP),2024,annuel,total_fixe,Total fixe,,12.8,Md FCFA,somme_4T,principal,,A,,
investissement,AR1 (ARCEP),2025,annuel,total_fixe,Total fixe,,8.870000000000001,Md FCFA,somme_4T,principal,,A,,
investissement,AR1 (ARCEP),2026S1,semestriel,total_fixe,Total fixe,,3.8499999999999996,Md FCFA,somme_trimestres,principal,,A,,année incomplète : T1 et T2 seulement
investissement,AR1 (ARCEP),2017T1,trimestriel,total_fixe,Total fixe,,0.604,Md FCFA,publie,principal,,A,,publication 2018T1
investissement,AR1 (ARCEP),2017T2,trimestriel,total_fixe,Total fixe,,0.551,Md FCFA,publie,principal,,A,,publication 2018T2
investissement,AR1 (ARCEP),2017T3,trimestriel,total_fixe,Total fixe,,0.472,Md FCFA,publie,principal,,A,,publication 2018T3
investissement,AR1 (ARCEP),2017T4,trimestriel,total_fixe,Total fixe,,1.011,Md FCFA,publie,principal,,A,,publication 2018T4
investissement,AR1 (ARCEP),2018T1,trimestriel,total_fixe,Total fixe,,0.664,Md FCFA,publie,principal,,A,,publication 2019T1
investissement,AR1 (ARCEP),2018T2,trimestriel,total_fixe,Total fixe,,1.207,Md FCFA,publie,principal,,A,,publication 2019T2
investissement,AR1 (ARCEP),2018T3,trimestriel,total_fixe,Total fixe,,0.558,Md FCFA,publie,principal,,A,,publication 2019T3
investissement,AR1 (ARCEP),2018T4,trimestriel,total_fixe,Total fixe,,0.262,Md FCFA,publie,principal,,A,,publication 2019T4
investissement,AR1 (ARCEP),2019T1,trimestriel,total_fixe,Total fixe,,0.263,Md FCFA,publie,principal,,A,,publication 2020T1 ; révisée (1.14 %)
investissement,AR1 (ARCEP),2019T2,trimestriel,total_fixe,Total fixe,,1.111,Md FCFA,publie,principal,,A,,publication 2020T2
investissement,AR1 (ARCEP),2019T3,trimestriel,total_fixe,Total fixe,,1.232,Md FCFA,publie,principal,,A,,publication 2020T3
investissement,AR1 (ARCEP),2019T4,trimestriel,total_fixe,Total fixe,,0.878,Md FCFA,publie,principal,,A,,publication 2020T4
investissement,AR1 (ARCEP),2020T1,trimestriel,total_fixe,Total fixe,,0.15,Md FCFA,publie,principal,,A,,publication 2021T1
investissement,AR1 (ARCEP),2020T2,trimestriel,total_fixe,Total fixe,,1.01,Md FCFA,publie,principal,,A,,publication 2021T2 ; révisée (0.3 %)
investissement,AR1 (ARCEP),2020T3,trimestriel,total_fixe,Total fixe,,6.94,Md FCFA,publie,principal,,A,,publication 2021T3 ; révisée (0.07 %)
investissement,AR1 (ARCEP),2020T4,trimestriel,total_fixe,Total fixe,,2.17,Md FCFA,publie,principal,,A,,publication 2021T4 ; révisée (0.18 %)
investissement,AR1 (ARCEP),2021T1,trimestriel,total_fixe,Total fixe,,0.6,Md FCFA,publie,principal,,A,,publication 2022T1 ; révisée (180.0 %)
investissement,AR1 (ARCEP),2021T2,trimestriel,total_fixe,Total fixe,,1.27,Md FCFA,publie,principal,,A,,publication 2022T2 ; révisée (85.83 %)
investissement,AR1 (ARCEP),2021T3,trimestriel,total_fixe,Total fixe,,1.22,Md FCFA,publie,principal,,A,,publication 2022T3 ; révisée (84.43 %)
investissement,AR1 (ARCEP),2021T4,trimestriel,total_fixe,Total fixe,,4.18,Md FCFA,publie,principal,,A,,publication 2022T4 ; révisée (25.84 %)
investissement,AR1 (ARCEP),2022T1,trimestriel,total_fixe,Total fixe,,1.27,Md FCFA,publie,principal,,A,,publication 2023T1
investissement,AR1 (ARCEP),2022T2,trimestriel,total_fixe,Total fixe,,1.6,Md FCFA,publie,principal,,A,,publication 2023T2
investissement,AR1 (ARCEP),2022T3,trimestriel,total_fixe,Total fixe,,9.52,Md FCFA,publie,principal,,A,,publication 2023T2
investissement,AR1 (ARCEP),2022T4,trimestriel,total_fixe,Total fixe,,3.8,Md FCFA,publie,principal,,A,,publication 2023T2
investissement,AR1 (ARCEP),2023T1,trimestriel,total_fixe,Total fixe,,1.39,Md FCFA,publie,principal,,A,,publication 2024T1
investissement,AR1 (ARCEP),2023T2,trimestriel,total_fixe,Total fixe,,4.25,Md FCFA,publie,principal,,A,,publication 2024T2 ; révisée (91.29 %)
investissement,AR1 (ARCEP),2023T3,trimestriel,total_fixe,Total fixe,,5.71,Md FCFA,publie,principal,,A,,publication 2024T3 ; révisée (45.01 %)
investissement,AR1 (ARCEP),2023T4,trimestriel,total_fixe,Total fixe,,6.22,Md FCFA,publie,principal,,A,,publication 2024T4 ; révisée (37.14 %)
investissement,AR1 (ARCEP),2024T1,trimestriel,total_fixe,Total fixe,,2.41,Md FCFA,publie,principal,,A,,publication 2025T1 ; révisée (8.3 %)
investissement,AR1 (ARCEP),2024T2,trimestriel,total_fixe,Total fixe,,3.42,Md FCFA,publie,principal,,A,,publication 2025T2
investissement,AR1 (ARCEP),2024T3,trimestriel,total_fixe,Total fixe,,3.14,Md FCFA,publie,principal,,A,,publication 2025T3
investissement,AR1 (ARCEP),2024T4,trimestriel,total_fixe,Total fixe,,3.83,Md FCFA,publie,principal,,A,,publication 2025T4
investissement,AR1 (ARCEP),2025T1,trimestriel,total_fixe,Total fixe,,1.96,Md FCFA,publie,principal,,A,,publication 2026T1
investissement,AR1 (ARCEP),2025T2,trimestriel,total_fixe,Total fixe,,2.44,Md FCFA,publie,principal,,A,,publication 2026T2
investissement,AR1 (ARCEP),2025T3,trimestriel,total_fixe,Total fixe,,2.31,Md FCFA,publie,principal,,A,,publication 2026T2
investissement,AR1 (ARCEP),2025T4,trimestriel,total_fixe,Total fixe,,2.16,Md FCFA,publie,principal,,A,,publication 2026T2
investissement,AR1 (ARCEP),2026T1,trimestriel,total_fixe,Total fixe,,1.91,Md FCFA,publie,principal,,A,,publication 2026T2
investissement,AR1 (ARCEP),2026T2,trimestriel,total_fixe,Total fixe,,1.94,Md FCFA,publie,principal,,A,,publication 2026T2
investissement,AR1 (ARCEP),2018,annuel,total_mobile,Total mobile,,65.849,Md FCFA,somme_4T,principal,,A,,
investissement,AR1 (ARCEP),2019,annuel,total_mobile,Total mobile,,45.03,Md FCFA,somme_4T,principal,,A,,
investissement,AR1 (ARCEP),2020,annuel,total_mobile,Total mobile,,29.402,Md FCFA,somme_4T,principal,,A,,
investissement,AR1 (ARCEP),2021,annuel,total_mobile,Total mobile,,46.553,Md FCFA,somme_4T,principal,,A,,
investissement,AR1 (ARCEP),2022,annuel,total_mobile,Total mobile,,48.761,Md FCFA,somme_4T,principal,,A,,
investissement,AR1 (ARCEP),2023,annuel,total_mobile,Total mobile,,58.025000000000006,Md FCFA,somme_4T,principal,,A,,
investissement,AR1 (ARCEP),2024,annuel,total_mobile,Total mobile,,37.936,Md FCFA,somme_4T,principal,,A,,
investissement,AR1 (ARCEP),2025,annuel,total_mobile,Total mobile,,34.247,Md FCFA,somme_4T,principal,,A,,
investissement,AR1 (ARCEP),2026S1,semestriel,total_mobile,Total mobile,,26.517000000000003,Md FCFA,somme_trimestres,principal,,A,,année incomplète : T1 et T2 seulement
investissement,AR1 (ARCEP),2017T1,trimestriel,total_mobile,Total mobile,,1.053,Md FCFA,publie,principal,,A,,publication 2018T1
investissement,AR1 (ARCEP),2017T2,trimestriel,total_mobile,Total mobile,,5.748,Md FCFA,publie,principal,,A,,publication 2018T2
investissement,AR1 (ARCEP),2017T3,trimestriel,total_mobile,Total mobile,,10.032,Md FCFA,publie,principal,,A,,publication 2018T3
investissement,AR1 (ARCEP),2017T4,trimestriel,total_mobile,Total mobile,,30.54,Md FCFA,publie,principal,,A,,publication 2018T4
investissement,AR1 (ARCEP),2018T1,trimestriel,total_mobile,Total mobile,,5.277,Md FCFA,publie,principal,,A,,publication 2019T1
investissement,AR1 (ARCEP),2018T2,trimestriel,total_mobile,Total mobile,,32.817,Md FCFA,publie,principal,,A,,publication 2019T2 ; révisée (5.66 %)
investissement,AR1 (ARCEP),2018T3,trimestriel,total_mobile,Total mobile,,6.268,Md FCFA,publie,principal,,A,,publication 2019T3
investissement,AR1 (ARCEP),2018T4,trimestriel,total_mobile,Total mobile,,21.487,Md FCFA,publie,principal,,A,,publication 2019T4
investissement,AR1 (ARCEP),2019T1,trimestriel,total_mobile,Total mobile,,13.937,Md FCFA,publie,principal,,A,,publication 2020T1
investissement,AR1 (ARCEP),2019T2,trimestriel,total_mobile,Total mobile,,12.31,Md FCFA,publie,principal,,A,,publication 2020T2
investissement,AR1 (ARCEP),2019T3,trimestriel,total_mobile,Total mobile,,6.681,Md FCFA,publie,principal,,A,,publication 2020T3
investissement,AR1 (ARCEP),2019T4,trimestriel,total_mobile,Total mobile,,12.102,Md FCFA,publie,principal,,A,,publication 2020T4
investissement,AR1 (ARCEP),2020T1,trimestriel,total_mobile,Total mobile,,1.785,Md FCFA,publie,principal,,A,,publication 2021T1
investissement,AR1 (ARCEP),2020T2,trimestriel,total_mobile,Total mobile,,6.311,Md FCFA,publie,principal,,A,,publication 2021T2
investissement,AR1 (ARCEP),2020T3,trimestriel,total_mobile,Total mobile,,11.994,Md FCFA,publie,principal,,A,,publication 2021T3
investissement,AR1 (ARCEP),2020T4,trimestriel,total_mobile,Total mobile,,9.312,Md FCFA,publie,principal,,A,,publication 2021T4
investissement,AR1 (ARCEP),2021T1,trimestriel,total_mobile,Total mobile,,1.749,Md FCFA,publie,principal,,A,,publication 2022T1
investissement,AR1 (ARCEP),2021T2,trimestriel,total_mobile,Total mobile,,5.048,Md FCFA,publie,principal,,A,,publication 2022T2
investissement,AR1 (ARCEP),2021T3,trimestriel,total_mobile,Total mobile,,20.151,Md FCFA,publie,principal,,A,,publication 2022T3
investissement,AR1 (ARCEP),2021T4,trimestriel,total_mobile,Total mobile,,19.605,Md FCFA,publie,principal,,A,,publication 2022T4
investissement,AR1 (ARCEP),2022T1,trimestriel,total_mobile,Total mobile,,6.755,Md FCFA,publie,principal,,A,,publication 2023T1
investissement,AR1 (ARCEP),2022T2,trimestriel,total_mobile,Total mobile,,11.485,Md FCFA,publie,principal,,A,,publication 2023T2
investissement,AR1 (ARCEP),2022T3,trimestriel,total_mobile,Total mobile,,15.71,Md FCFA,publie,principal,,A,,publication 2023T2
investissement,AR1 (ARCEP),2022T4,trimestriel,total_mobile,Total mobile,,14.811,Md FCFA,publie,principal,,A,,publication 2023T2
investissement,AR1 (ARCEP),2023T1,trimestriel,total_mobile,Total mobile,,7.52,Md FCFA,publie,principal,,A,,publication 2024T1
investissement,AR1 (ARCEP),2023T2,trimestriel,total_mobile,Total mobile,,6.815,Md FCFA,publie,principal,,A,,publication 2024T2 ; révisée (30.83 %)
investissement,AR1 (ARCEP),2023T3,trimestriel,total_mobile,Total mobile,,18.196,Md FCFA,publie,principal,,A,,publication 2024T3 ; révisée (31.68 %)
investissement,AR1 (ARCEP),2023T4,trimestriel,total_mobile,Total mobile,,25.494,Md FCFA,publie,principal,,A,,publication 2024T4 ; révisée (27.34 %)
investissement,AR1 (ARCEP),2024T1,trimestriel,total_mobile,Total mobile,,5.765,Md FCFA,publie,principal,,A,,publication 2025T1 ; révisée (3.56 %)
investissement,AR1 (ARCEP),2024T2,trimestriel,total_mobile,Total mobile,,6.778,Md FCFA,publie,principal,,A,,publication 2025T2
investissement,AR1 (ARCEP),2024T3,trimestriel,total_mobile,Total mobile,,10.651,Md FCFA,publie,principal,,A,,publication 2025T3
investissement,AR1 (ARCEP),2024T4,trimestriel,total_mobile,Total mobile,,14.742,Md FCFA,publie,principal,,A,,publication 2025T4
investissement,AR1 (ARCEP),2025T1,trimestriel,total_mobile,Total mobile,,2.837,Md FCFA,publie,principal,,A,,publication 2026T1
investissement,AR1 (ARCEP),2025T2,trimestriel,total_mobile,Total mobile,,4.252,Md FCFA,publie,principal,,A,,publication 2026T2
investissement,AR1 (ARCEP),2025T3,trimestriel,total_mobile,Total mobile,,5.672,Md FCFA,publie,principal,,A,,publication 2026T2
investissement,AR1 (ARCEP),2025T4,trimestriel,total_mobile,Total mobile,,21.486,Md FCFA,publie,principal,,A,,publication 2026T2
investissement,AR1 (ARCEP),2026T1,trimestriel,total_mobile,Total mobile,,13.268,Md FCFA,publie,principal,,A,,publication 2026T2
investissement,AR1 (ARCEP),2026T2,trimestriel,total_mobile,Total mobile,,13.249,Md FCFA,publie,principal,,A,,publication 2026T2
investissement,"3g (Banque mondiale, historique)",1981,annuel,total_secteur,Secteur,,0.15877,Md FCFA,publie,historique,,C,,historique séparé (A4)
investissement,"3g (Banque mondiale, historique)",1986,annuel,total_secteur,Secteur,,0.43,Md FCFA,publie,historique,,C,,historique séparé (A4)
investissement,"3g (Banque mondiale, historique)",1987,annuel,total_secteur,Secteur,,0.57609,Md FCFA,publie,historique,,C,,historique séparé (A4)
investissement,"3g (Banque mondiale, historique)",1988,annuel,total_secteur,Secteur,,0.57,Md FCFA,publie,historique,,C,,historique séparé (A4)
investissement,"3g (Banque mondiale, historique)",1989,annuel,total_secteur,Secteur,,0.720197,Md FCFA,publie,historique,,C,,historique séparé (A4)
investissement,"3g (Banque mondiale, historique)",1990,annuel,total_secteur,Secteur,,2.167107,Md FCFA,publie,historique,,C,,historique séparé (A4)
investissement,"3g (Banque mondiale, historique)",1991,annuel,total_secteur,Secteur,,4.126507224,Md FCFA,publie,historique,,C,,historique séparé (A4)
investissement,"3g (Banque mondiale, historique)",1992,annuel,total_secteur,Secteur,,2.251,Md FCFA,publie,historique,,C,,historique séparé (A4)
investissement,"3g (Banque mondiale, historique)",1993,annuel,total_secteur,Secteur,,1.558,Md FCFA,publie,historique,,C,,historique séparé (A4)
investissement,"3g (Banque mondiale, historique)",1994,annuel,total_secteur,Secteur,,2.1,Md FCFA,publie,historique,,C,,historique séparé (A4)
investissement,"3g (Banque mondiale, historique)",1995,annuel,total_secteur,Secteur,,2.9,Md FCFA,publie,historique,,C,,historique séparé (A4)
investissement,"3g (Banque mondiale, historique)",1996,annuel,total_secteur,Secteur,,7.3,Md FCFA,publie,historique,,C,,historique séparé (A4)
investissement,"3g (Banque mondiale, historique)",1997,annuel,total_secteur,Secteur,,10.5,Md FCFA,publie,historique,,C,,historique séparé (A4)
investissement,"3g (Banque mondiale, historique)",1998,annuel,total_secteur,Secteur,,10.437,Md FCFA,publie,historique,,C,,historique séparé (A4)
investissement,"3g (Banque mondiale, historique)",1999,annuel,total_secteur,Secteur,,7.441,Md FCFA,publie,historique,,C,,historique séparé (A4)
investissement,"3g (Banque mondiale, historique)",2000,annuel,total_secteur,Secteur,,12.532795901,Md FCFA,publie,historique,,C,,historique séparé (A4)
investissement,"3g (Banque mondiale, historique)",2001,annuel,total_secteur,Secteur,,16.59127,Md FCFA,publie,historique,,C,,historique séparé (A4)
investissement,"3g (Banque mondiale, historique)",2002,annuel,total_secteur,Secteur,,20.9,Md FCFA,publie,historique,,C,,historique séparé (A4)
investissement,"3g (Banque mondiale, historique)",2005,annuel,total_secteur,Secteur,,24.277,Md FCFA,publie,historique,,C,,historique séparé (A4)
investissement,"3g (Banque mondiale, historique)",2006,annuel,total_secteur,Secteur,,35.263822351,Md FCFA,publie,historique,,C,,historique séparé (A4)
investissement,"3g (Banque mondiale, historique)",2007,annuel,total_secteur,Secteur,,36.309907728,Md FCFA,publie,historique,,C,,historique séparé (A4)
investissement,"3g (Banque mondiale, historique)",2010,annuel,total_secteur,Secteur,,22.823,Md FCFA,publie,historique,,C,,historique séparé (A4)
investissement,AR1 (ARCEP),2018,annuel,total_secteur,Secteur,,68.541,Md FCFA,somme_4T,principal,,A,,
investissement,AR1 (ARCEP),2019,annuel,total_secteur,Secteur,,48.515,Md FCFA,somme_4T,principal,,A,,
investissement,AR1 (ARCEP),2020,annuel,total_secteur,Secteur,,39.661,Md FCFA,somme_4T,principal,,A,,
investissement,AR1 (ARCEP),2021,annuel,total_secteur,Secteur,,53.809,Md FCFA,somme_4T,principal,,A,,
investissement,AR1 (ARCEP),2022,annuel,total_secteur,Secteur,,64.952,Md FCFA,somme_4T,principal,,A,,
investissement,AR1 (ARCEP),2023,annuel,total_secteur,Secteur,,75.599,Md FCFA,somme_4T,principal,,A,,
investissement,AR1 (ARCEP),2024,annuel,total_secteur,Secteur,,50.736999999999995,Md FCFA,somme_4T,principal,,A,,
investissement,AR1 (ARCEP),2025,annuel,total_secteur,Secteur,,43.11,Md FCFA,somme_4T,principal,,A,,
investissement,AR1 (ARCEP),2026S1,semestriel,total_secteur,Secteur,,30.372,Md FCFA,somme_trimestres,principal,,A,,année incomplète : T1 et T2 seulement
investissement,AR1 (ARCEP),2017T1,trimestriel,total_secteur,Secteur,,1.656,Md FCFA,publie,principal,,A,,publication 2018T1
investissement,AR1 (ARCEP),2017T2,trimestriel,total_secteur,Secteur,,6.299,Md FCFA,publie,principal,,A,,publication 2018T1
investissement,AR1 (ARCEP),2017T3,trimestriel,total_secteur,Secteur,,10.504,Md FCFA,publie,principal,,A,,publication 2018T3 ; révisée (99900.0 %)
investissement,AR1 (ARCEP),2017T4,trimestriel,total_secteur,Secteur,,31.551,Md FCFA,publie,principal,,A,,publication 2018T4 ; révisée (99900.0 %)
investissement,AR1 (ARCEP),2018T1,trimestriel,total_secteur,Secteur,,5.941,Md FCFA,publie,principal,,A,,publication 2019T1 ; révisée (99900.0 %)
investissement,AR1 (ARCEP),2018T2,trimestriel,total_secteur,Secteur,,34.025,Md FCFA,publie,principal,,A,,publication 2019T2
investissement,AR1 (ARCEP),2018T3,trimestriel,total_secteur,Secteur,,6.827,Md FCFA,publie,principal,,A,,publication 2019T3
investissement,AR1 (ARCEP),2018T4,trimestriel,total_secteur,Secteur,,21.748,Md FCFA,publie,principal,,A,,publication 2019T4
investissement,AR1 (ARCEP),2019T1,trimestriel,total_secteur,Secteur,,14.2,Md FCFA,publie,principal,,A,,publication 2020T1
investissement,AR1 (ARCEP),2019T2,trimestriel,total_secteur,Secteur,,13.421,Md FCFA,publie,principal,,A,,publication 2020T2
investissement,AR1 (ARCEP),2019T3,trimestriel,total_secteur,Secteur,,7.913,Md FCFA,publie,principal,,A,,publication 2020T3
investissement,AR1 (ARCEP),2019T4,trimestriel,total_secteur,Secteur,,12.981,Md FCFA,publie,principal,,A,,publication 2020T4
investissement,AR1 (ARCEP),2020T1,trimestriel,total_secteur,Secteur,,1.935,Md FCFA,publie,principal,,A,,publication 2021T1
investissement,AR1 (ARCEP),2020T2,trimestriel,total_secteur,Secteur,,7.318,Md FCFA,publie,principal,,A,,publication 2021T1
investissement,AR1 (ARCEP),2020T3,trimestriel,total_secteur,Secteur,,18.93,Md FCFA,publie,principal,,A,,publication 2021T1
investissement,AR1 (ARCEP),2020T4,trimestriel,total_secteur,Secteur,,11.478,Md FCFA,publie,principal,,A,,publication 2021T4
investissement,AR1 (ARCEP),2021T1,trimestriel,total_secteur,Secteur,,2.345,Md FCFA,publie,principal,,A,,publication 2022T1 ; révisée (46.31 %)
investissement,AR1 (ARCEP),2021T2,trimestriel,total_secteur,Secteur,,6.316,Md FCFA,publie,principal,,A,,publication 2022T2 ; révisée (17.21 %)
investissement,AR1 (ARCEP),2021T3,trimestriel,total_secteur,Secteur,,21.366,Md FCFA,publie,principal,,A,,publication 2022T3 ; révisée (4.86 %)
investissement,AR1 (ARCEP),2021T4,trimestriel,total_secteur,Secteur,,23.782,Md FCFA,publie,principal,,A,,publication 2022T4 ; révisée (4.57 %)
investissement,AR1 (ARCEP),2022T1,trimestriel,total_secteur,Secteur,,8.022,Md FCFA,publie,principal,,A,,publication 2023T1
investissement,AR1 (ARCEP),2022T2,trimestriel,total_secteur,Secteur,,13.088,Md FCFA,publie,principal,,A,,publication 2023T2
investissement,AR1 (ARCEP),2022T3,trimestriel,total_secteur,Secteur,,25.234,Md FCFA,publie,principal,,A,,publication 2023T2
investissement,AR1 (ARCEP),2022T4,trimestriel,total_secteur,Secteur,,18.608,Md FCFA,publie,principal,,A,,publication 2023T2
investissement,AR1 (ARCEP),2023T1,trimestriel,total_secteur,Secteur,,8.907,Md FCFA,publie,principal,,A,,publication 2024T1
investissement,AR1 (ARCEP),2023T2,trimestriel,total_secteur,Secteur,,11.069,Md FCFA,publie,principal,,A,,publication 2024T2 ; révisée (54.08 %)
investissement,AR1 (ARCEP),2023T3,trimestriel,total_secteur,Secteur,,23.905,Md FCFA,publie,principal,,A,,publication 2024T3 ; révisée (34.84 %)
investissement,AR1 (ARCEP),2023T4,trimestriel,total_secteur,Secteur,,31.718,Md FCFA,publie,principal,,A,,publication 2024T4 ; révisée (14.72 %)
investissement,AR1 (ARCEP),2024T1,trimestriel,total_secteur,Secteur,,8.173,Md FCFA,publie,principal,,A,,publication 2025T1 ; révisée (0.06 %)
investissement,AR1 (ARCEP),2024T2,trimestriel,total_secteur,Secteur,,10.202,Md FCFA,publie,principal,,A,,publication 2025T2
investissement,AR1 (ARCEP),2024T3,trimestriel,total_secteur,Secteur,,13.791,Md FCFA,publie,principal,,A,,publication 2025T3
investissement,AR1 (ARCEP),2024T4,trimestriel,total_secteur,Secteur,,18.571,Md FCFA,publie,principal,,A,,publication 2025T4
investissement,AR1 (ARCEP),2025T1,trimestriel,total_secteur,Secteur,,4.792,Md FCFA,publie,principal,,A,,publication 2026T1
investissement,AR1 (ARCEP),2025T2,trimestriel,total_secteur,Secteur,,6.696,Md FCFA,publie,principal,,A,,publication 2026T2
investissement,AR1 (ARCEP),2025T3,trimestriel,total_secteur,Secteur,,7.979,Md FCFA,publie,principal,,A,,publication 2026T2
investissement,AR1 (ARCEP),2025T4,trimestriel,total_secteur,Secteur,,23.643,Md FCFA,publie,principal,,A,,publication 2026T2
investissement,AR1 (ARCEP),2026T1,trimestriel,total_secteur,Secteur,,15.181,Md FCFA,publie,principal,,A,,publication 2026T2
investissement,AR1 (ARCEP),2026T2,trimestriel,total_secteur,Secteur,,15.191,Md FCFA,publie,principal,,A,,publication 2026T2
large_bande_fixe_pour_100,"2b (INSEED, opendata)",2010,annuel,ensemble,Ensemble,,0.503056376395035,pour 100 habitants,publie,principal,,C,INSEED (implicite),
large_bande_fixe_pour_100,"2b (INSEED, opendata)",2011,annuel,ensemble,Ensemble,,0.630609024929,pour 100 habitants,publie,principal,,C,INSEED (implicite),
large_bande_fixe_pour_100,"2b (INSEED, opendata)",2012,annuel,ensemble,Ensemble,,0.804868279155754,pour 100 habitants,publie,principal,,C,INSEED (implicite),
large_bande_fixe_pour_100,"2b (INSEED, opendata)",2013,annuel,ensemble,Ensemble,,1.03422081829122,pour 100 habitants,publie,principal,,C,INSEED (implicite),
large_bande_fixe_pour_100,"2b (INSEED, opendata)",2014,annuel,ensemble,Ensemble,,1.20591863709796,pour 100 habitants,publie,principal,,C,INSEED (implicite),
large_bande_fixe_pour_100,"2b (INSEED, opendata)",2015,annuel,ensemble,Ensemble,,0.947404645827359,pour 100 habitants,publie,principal,,C,INSEED (implicite),
large_bande_fixe_pour_100,"2b (INSEED, opendata)",2016,annuel,ensemble,Ensemble,,0.682668346633067,pour 100 habitants,publie,principal,,C,INSEED (implicite),
large_bande_fixe_pour_100,"2b (INSEED, opendata)",2017,annuel,ensemble,Ensemble,,0.691045796308954,pour 100 habitants,publie,principal,,C,INSEED (implicite),
large_bande_fixe_pour_100,"2b (INSEED, opendata)",2018,annuel,ensemble,Ensemble,,0.351559139784946,pour 100 habitants,publie,principal,,C,INSEED (implicite),
large_bande_fixe_pour_100,"2b (INSEED, opendata)",2019,annuel,ensemble,Ensemble,,0.418786923985821,pour 100 habitants,publie,principal,,C,INSEED (implicite),
large_bande_fixe_pour_100,"2b (INSEED, opendata)",2020,annuel,ensemble,Ensemble,,0.676064648537712,pour 100 habitants,publie,principal,,C,INSEED (implicite),
large_bande_fixe_pour_100,"2b (INSEED, opendata)",2021,annuel,ensemble,Ensemble,,0.833997743512599,pour 100 habitants,publie,principal,,C,INSEED (implicite),
large_bande_fixe_pour_100,"2b (INSEED, opendata)",2022,annuel,ensemble,Ensemble,,1.16462260876354,pour 100 habitants,publie,principal,,C,INSEED (implicite),
mm_abonnes_actifs,"2b (INSEED, opendata)",2013,annuel,ensemble,Ensemble,,83452.0,abonnés actifs,publie,principal,,A,,
mm_abonnes_actifs,"2b (INSEED, opendata)",2014,annuel,ensemble,Ensemble,,326061.0,abonnés actifs,publie,principal,,A,,
mm_abonnes_actifs,"2b (INSEED, opendata)",2015,annuel,ensemble,Ensemble,,780073.0,abonnés actifs,publie,principal,,A,,
mm_abonnes_actifs,"2b (INSEED, opendata)",2016,annuel,ensemble,Ensemble,,1720178.0,abonnés actifs,publie,principal,,A,,
mm_abonnes_actifs,"2b (INSEED, opendata)",2017,annuel,ensemble,Ensemble,,1929751.0,abonnés actifs,publie,principal,,A,,
mm_abonnes_actifs,"2b (INSEED, opendata)",2018,annuel,ensemble,Ensemble,,2493693.0,abonnés actifs,publie,principal,,A,,
mm_abonnes_actifs,"2b (INSEED, opendata)",2019,annuel,ensemble,Ensemble,,3152999.0,abonnés actifs,publie,principal,"2019-2020 : rupture signalée, non corrigée (A20)",A,,
mm_abonnes_actifs,"2b (INSEED, opendata)",2020,annuel,ensemble,Ensemble,,2438561.0,abonnés actifs,publie,principal,"2019-2020 : rupture signalée, non corrigée (A20)",A,,
mm_abonnes_actifs,"2b (INSEED, opendata)",2021,annuel,ensemble,Ensemble,,2608297.0,abonnés actifs,publie,principal,,A,,
mm_abonnes_actifs,"2b (INSEED, opendata)",2022,annuel,ensemble,Ensemble,,3005048.0,abonnés actifs,publie,principal,,A,,
mm_comptes,AR1 (ARCEP),2020,annuel,ensemble,Ensemble,,4282560.0,comptes,valeur_T4,principal,,A,,
mm_comptes,AR1 (ARCEP),2021,annuel,ensemble,Ensemble,,2608297.0,comptes,valeur_T4,principal,"révision de l'ARCEP (comptes Moov du T1 2021 : 3,35 M puis 1,31 M) ; T3-T4 2020 sur l'ancienne base, non comparables",A,,
mm_comptes,AR1 (ARCEP),2021,annuel,ensemble,Ensemble,,2497063.25,comptes,moyenne_4T,sensibilite,"révision de l'ARCEP (comptes Moov du T1 2021 : 3,35 M puis 1,31 M) ; T3-T4 2020 sur l'ancienne base, non comparables",A,,
mm_comptes,AR1 (ARCEP),2022,annuel,ensemble,Ensemble,,3005048.0,comptes,valeur_T4,principal,,A,,
mm_comptes,AR1 (ARCEP),2022,annuel,ensemble,Ensemble,,2806058.0,comptes,moyenne_4T,sensibilite,,A,,
mm_comptes,AR1 (ARCEP),2023,annuel,ensemble,Ensemble,,3399669.0,comptes,valeur_T4,principal,,A,,
mm_comptes,AR1 (ARCEP),2023,annuel,ensemble,Ensemble,,3249726.5,comptes,moyenne_4T,sensibilite,,A,,
mm_comptes,AR1 (ARCEP),2024,annuel,ensemble,Ensemble,,4270959.0,comptes,valeur_T4,principal,,A,,
mm_comptes,AR1 (ARCEP),2024,annuel,ensemble,Ensemble,,3937388.5,comptes,moyenne_4T,sensibilite,,A,,
mm_comptes,AR1 (ARCEP),2025,annuel,ensemble,Ensemble,,5104779.0,comptes,valeur_T4,principal,,A,,
mm_comptes,AR1 (ARCEP),2025,annuel,ensemble,Ensemble,,4776595.5,comptes,moyenne_4T,sensibilite,,A,,
mm_comptes,AR1 (ARCEP),2026S1,semestriel,ensemble,Ensemble,,5372524.0,comptes,moyenne_trimestres,principal,,A,,année incomplète : T1 et T2 seulement
mm_comptes,AR1 (ARCEP),2020T3,trimestriel,ensemble,Ensemble,,4545347.0,comptes,publie,principal,,A,,publication 2021T3
mm_comptes,AR1 (ARCEP),2020T4,trimestriel,ensemble,Ensemble,,4282560.0,comptes,publie,principal,,A,,publication 2021T3
mm_comptes,AR1 (ARCEP),2021T1,trimestriel,ensemble,Ensemble,,2451172.0,comptes,publie,principal,"révision de l'ARCEP (comptes Moov du T1 2021 : 3,35 M puis 1,31 M) ; T3-T4 2020 sur l'ancienne base, non comparables",A,,publication 2022T1 ; révisée (83.43 %)
mm_comptes,AR1 (ARCEP),2021T2,trimestriel,ensemble,Ensemble,,2402295.0,comptes,publie,principal,,A,,publication 2022T2 ; révisée (93.63 %)
mm_comptes,AR1 (ARCEP),2021T3,trimestriel,ensemble,Ensemble,,2526489.0,comptes,publie,principal,,A,,publication 2022T3 ; révisée (93.93 %)
mm_comptes,AR1 (ARCEP),2021T4,trimestriel,ensemble,Ensemble,,2608297.0,comptes,publie,principal,,A,,publication 2022T4
mm_comptes,AR1 (ARCEP),2022T1,trimestriel,ensemble,Ensemble,,2625788.0,comptes,publie,principal,,A,,publication 2023T1
mm_comptes,AR1 (ARCEP),2022T2,trimestriel,ensemble,Ensemble,,2727205.0,comptes,publie,principal,,A,,publication 2023T2
mm_comptes,AR1 (ARCEP),2022T3,trimestriel,ensemble,Ensemble,,2866191.0,comptes,publie,principal,,A,,publication 2023T3
mm_comptes,AR1 (ARCEP),2022T4,trimestriel,ensemble,Ensemble,,3005048.0,comptes,publie,principal,,A,,publication 2023T4
mm_comptes,AR1 (ARCEP),2023T1,trimestriel,ensemble,Ensemble,,3109666.0,comptes,publie,principal,,A,,publication 2024T1
mm_comptes,AR1 (ARCEP),2023T2,trimestriel,ensemble,Ensemble,,3187588.0,comptes,publie,principal,,A,,publication 2024T2
mm_comptes,AR1 (ARCEP),2023T3,trimestriel,ensemble,Ensemble,,3301983.0,comptes,publie,principal,,A,,publication 2024T3
mm_comptes,AR1 (ARCEP),2023T4,trimestriel,ensemble,Ensemble,,3399669.0,comptes,publie,principal,,A,,publication 2024T4
mm_comptes,AR1 (ARCEP),2024T1,trimestriel,ensemble,Ensemble,,3553872.0,comptes,publie,principal,,A,,publication 2025T1
mm_comptes,AR1 (ARCEP),2024T2,trimestriel,ensemble,Ensemble,,3834033.0,comptes,publie,principal,,A,,publication 2025T2
mm_comptes,AR1 (ARCEP),2024T3,trimestriel,ensemble,Ensemble,,4090690.0,comptes,publie,principal,,A,,publication 2025T3
mm_comptes,AR1 (ARCEP),2024T4,trimestriel,ensemble,Ensemble,,4270959.0,comptes,publie,principal,,A,,publication 2025T4
mm_comptes,AR1 (ARCEP),2025T1,trimestriel,ensemble,Ensemble,,4479384.0,comptes,publie,principal,,A,,publication 2026T1
mm_comptes,AR1 (ARCEP),2025T2,trimestriel,ensemble,Ensemble,,4564881.0,comptes,publie,principal,,A,,publication 2026T2
mm_comptes,AR1 (ARCEP),2025T3,trimestriel,ensemble,Ensemble,,4957338.0,comptes,publie,principal,,A,,publication 2026T2
mm_comptes,AR1 (ARCEP),2025T4,trimestriel,ensemble,Ensemble,,5104779.0,comptes,publie,principal,,A,,publication 2026T2
mm_comptes,AR1 (ARCEP),2026T1,trimestriel,ensemble,Ensemble,,5201299.0,comptes,publie,principal,,A,,publication 2026T2
mm_comptes,AR1 (ARCEP),2026T2,trimestriel,ensemble,Ensemble,,5543749.0,comptes,publie,principal,,A,,publication 2026T2
mm_comptes,AR1 (ARCEP),2020,annuel,moov,Moov Africa (Atlantique Telecom),,3200539.0,comptes,valeur_T4,principal,,A,,
mm_comptes,AR1 (ARCEP),2021,annuel,moov,Moov Africa (Atlantique Telecom),,1267682.0,comptes,valeur_T4,principal,"révision de l'ARCEP (comptes Moov du T1 2021 : 3,35 M puis 1,31 M) ; T3-T4 2020 sur l'ancienne base, non comparables",A,,
mm_comptes,AR1 (ARCEP),2021,annuel,moov,Moov Africa (Atlantique Telecom),,1261587.5,comptes,moyenne_4T,sensibilite,"révision de l'ARCEP (comptes Moov du T1 2021 : 3,35 M puis 1,31 M) ; T3-T4 2020 sur l'ancienne base, non comparables",A,,
mm_comptes,AR1 (ARCEP),2022,annuel,moov,Moov Africa (Atlantique Telecom),,1308703.0,comptes,valeur_T4,principal,,A,,
mm_comptes,AR1 (ARCEP),2022,annuel,moov,Moov Africa (Atlantique Telecom),,1274613.5,comptes,moyenne_4T,sensibilite,,A,,
mm_comptes,AR1 (ARCEP),2023,annuel,moov,Moov Africa (Atlantique Telecom),,1298463.0,comptes,valeur_T4,principal,,A,,
mm_comptes,AR1 (ARCEP),2023,annuel,moov,Moov Africa (Atlantique Telecom),,1300106.5,comptes,moyenne_4T,sensibilite,,A,,
mm_comptes,AR1 (ARCEP),2024,annuel,moov,Moov Africa (Atlantique Telecom),,1684829.0,comptes,valeur_T4,principal,,A,,
mm_comptes,AR1 (ARCEP),2024,annuel,moov,Moov Africa (Atlantique Telecom),,1556120.0,comptes,moyenne_4T,sensibilite,,A,,
mm_comptes,AR1 (ARCEP),2025,annuel,moov,Moov Africa (Atlantique Telecom),,2075541.0,comptes,valeur_T4,principal,,A,,
mm_comptes,AR1 (ARCEP),2025,annuel,moov,Moov Africa (Atlantique Telecom),,1944644.5,comptes,moyenne_4T,sensibilite,,A,,
mm_comptes,AR1 (ARCEP),2026S1,semestriel,moov,Moov Africa (Atlantique Telecom),,2287689.5,comptes,moyenne_trimestres,principal,,A,,année incomplète : T1 et T2 seulement
mm_comptes,AR1 (ARCEP),2020T3,trimestriel,moov,Moov Africa (Atlantique Telecom),,3486736.0,comptes,publie,principal,,A,,publication 2021T3
mm_comptes,AR1 (ARCEP),2020T4,trimestriel,moov,Moov Africa (Atlantique Telecom),,3200539.0,comptes,publie,principal,,A,,publication 2021T3
mm_comptes,AR1 (ARCEP),2021T1,trimestriel,moov,Moov Africa (Atlantique Telecom),,1309132.0,comptes,publie,principal,"révision de l'ARCEP (comptes Moov du T1 2021 : 3,35 M puis 1,31 M) ; T3-T4 2020 sur l'ancienne base, non comparables",A,,publication 2022T1 ; révisée (156.22 %)
mm_comptes,AR1 (ARCEP),2021T2,trimestriel,moov,Moov Africa (Atlantique Telecom),,1232549.0,comptes,publie,principal,,A,,publication 2022T2 ; révisée (182.49 %)
mm_comptes,AR1 (ARCEP),2021T3,trimestriel,moov,Moov Africa (Atlantique Telecom),,1236987.0,comptes,publie,principal,,A,,publication 2022T3 ; révisée (191.85 %)
mm_comptes,AR1 (ARCEP),2021T4,trimestriel,moov,Moov Africa (Atlantique Telecom),,1267682.0,comptes,publie,principal,,A,,publication 2022T4
mm_comptes,AR1 (ARCEP),2022T1,trimestriel,moov,Moov Africa (Atlantique Telecom),,1231422.0,comptes,publie,principal,,A,,publication 2023T1
mm_comptes,AR1 (ARCEP),2022T2,trimestriel,moov,Moov Africa (Atlantique Telecom),,1261452.0,comptes,publie,principal,,A,,publication 2023T2
mm_comptes,AR1 (ARCEP),2022T3,trimestriel,moov,Moov Africa (Atlantique Telecom),,1296877.0,comptes,publie,principal,,A,,publication 2023T3
mm_comptes,AR1 (ARCEP),2022T4,trimestriel,moov,Moov Africa (Atlantique Telecom),,1308703.0,comptes,publie,principal,,A,,publication 2023T4
mm_comptes,AR1 (ARCEP),2023T1,trimestriel,moov,Moov Africa (Atlantique Telecom),,1284037.0,comptes,publie,principal,,A,,publication 2024T1
mm_comptes,AR1 (ARCEP),2023T2,trimestriel,moov,Moov Africa (Atlantique Telecom),,1283110.0,comptes,publie,principal,,A,,publication 2024T2
mm_comptes,AR1 (ARCEP),2023T3,trimestriel,moov,Moov Africa (Atlantique Telecom),,1334816.0,comptes,publie,principal,,A,,publication 2024T3
mm_comptes,AR1 (ARCEP),2023T4,trimestriel,moov,Moov Africa (Atlantique Telecom),,1298463.0,comptes,publie,principal,,A,,publication 2024T4
mm_comptes,AR1 (ARCEP),2024T1,trimestriel,moov,Moov Africa (Atlantique Telecom),,1398546.0,comptes,publie,principal,,A,,publication 2025T1
mm_comptes,AR1 (ARCEP),2024T2,trimestriel,moov,Moov Africa (Atlantique Telecom),,1501085.0,comptes,publie,principal,,A,,publication 2025T2
mm_comptes,AR1 (ARCEP),2024T3,trimestriel,moov,Moov Africa (Atlantique Telecom),,1640020.0,comptes,publie,principal,,A,,publication 2025T3
mm_comptes,AR1 (ARCEP),2024T4,trimestriel,moov,Moov Africa (Atlantique Telecom),,1684829.0,comptes,publie,principal,,A,,publication 2025T4
mm_comptes,AR1 (ARCEP),2025T1,trimestriel,moov,Moov Africa (Atlantique Telecom),,1815982.0,comptes,publie,principal,,A,,publication 2026T1
mm_comptes,AR1 (ARCEP),2025T2,trimestriel,moov,Moov Africa (Atlantique Telecom),,1820654.0,comptes,publie,principal,,A,,publication 2026T2
mm_comptes,AR1 (ARCEP),2025T3,trimestriel,moov,Moov Africa (Atlantique Telecom),,2066401.0,comptes,publie,principal,,A,,publication 2026T2
mm_comptes,AR1 (ARCEP),2025T4,trimestriel,moov,Moov Africa (Atlantique Telecom),,2075541.0,comptes,publie,principal,,A,,publication 2026T2
mm_comptes,AR1 (ARCEP),2026T1,trimestriel,moov,Moov Africa (Atlantique Telecom),,2150011.0,comptes,publie,principal,,A,,publication 2026T2
mm_comptes,AR1 (ARCEP),2026T2,trimestriel,moov,Moov Africa (Atlantique Telecom),,2425368.0,comptes,publie,principal,,A,,publication 2026T2
mm_comptes,AR1 (ARCEP),2020,annuel,togocom,Togocom (Togo Cellulaire),,1082021.0,comptes,valeur_T4,principal,,A,,
mm_comptes,AR1 (ARCEP),2021,annuel,togocom,Togocom (Togo Cellulaire),,1340615.0,comptes,valeur_T4,principal,"révision de l'ARCEP (comptes Moov du T1 2021 : 3,35 M puis 1,31 M) ; T3-T4 2020 sur l'ancienne base, non comparables",A,,
mm_comptes,AR1 (ARCEP),2021,annuel,togocom,Togocom (Togo Cellulaire),,1235475.75,comptes,moyenne_4T,sensibilite,"révision de l'ARCEP (comptes Moov du T1 2021 : 3,35 M puis 1,31 M) ; T3-T4 2020 sur l'ancienne base, non comparables",A,,
mm_comptes,AR1 (ARCEP),2022,annuel,togocom,Togocom (Togo Cellulaire),,1696345.0,comptes,valeur_T4,principal,,A,,
mm_comptes,AR1 (ARCEP),2022,annuel,togocom,Togocom (Togo Cellulaire),,1531444.5,comptes,moyenne_4T,sensibilite,,A,,
mm_comptes,AR1 (ARCEP),2023,annuel,togocom,Togocom (Togo Cellulaire),,2101206.0,comptes,valeur_T4,principal,,A,,
mm_comptes,AR1 (ARCEP),2023,annuel,togocom,Togocom (Togo Cellulaire),,1949620.0,comptes,moyenne_4T,sensibilite,,A,,
mm_comptes,AR1 (ARCEP),2024,annuel,togocom,Togocom (Togo Cellulaire),,2586130.0,comptes,valeur_T4,principal,,A,,
mm_comptes,AR1 (ARCEP),2024,annuel,togocom,Togocom (Togo Cellulaire),,2381268.5,comptes,moyenne_4T,sensibilite,,A,,
mm_comptes,AR1 (ARCEP),2025,annuel,togocom,Togocom (Togo Cellulaire),,3029238.0,comptes,valeur_T4,principal,,A,,
mm_comptes,AR1 (ARCEP),2025,annuel,togocom,Togocom (Togo Cellulaire),,2831951.0,comptes,moyenne_4T,sensibilite,,A,,
mm_comptes,AR1 (ARCEP),2026S1,semestriel,togocom,Togocom (Togo Cellulaire),,3084834.5,comptes,moyenne_trimestres,principal,,A,,année incomplète : T1 et T2 seulement
mm_comptes,AR1 (ARCEP),2020T3,trimestriel,togocom,Togocom (Togo Cellulaire),,1058611.0,comptes,publie,principal,,A,,publication 2021T3
mm_comptes,AR1 (ARCEP),2020T4,trimestriel,togocom,Togocom (Togo Cellulaire),,1082021.0,comptes,publie,principal,,A,,publication 2021T3
mm_comptes,AR1 (ARCEP),2021T1,trimestriel,togocom,Togocom (Togo Cellulaire),,1142040.0,comptes,publie,principal,"révision de l'ARCEP (comptes Moov du T1 2021 : 3,35 M puis 1,31 M) ; T3-T4 2020 sur l'ancienne base, non comparables",A,,publication 2022T1
mm_comptes,AR1 (ARCEP),2021T2,trimestriel,togocom,Togocom (Togo Cellulaire),,1169746.0,comptes,publie,principal,,A,,publication 2022T2
mm_comptes,AR1 (ARCEP),2021T3,trimestriel,togocom,Togocom (Togo Cellulaire),,1289502.0,comptes,publie,principal,,A,,publication 2022T3
mm_comptes,AR1 (ARCEP),2021T4,trimestriel,togocom,Togocom (Togo Cellulaire),,1340615.0,comptes,publie,principal,,A,,publication 2022T4
mm_comptes,AR1 (ARCEP),2022T1,trimestriel,togocom,Togocom (Togo Cellulaire),,1394366.0,comptes,publie,principal,,A,,publication 2023T1
mm_comptes,AR1 (ARCEP),2022T2,trimestriel,togocom,Togocom (Togo Cellulaire),,1465753.0,comptes,publie,principal,,A,,publication 2023T2
mm_comptes,AR1 (ARCEP),2022T3,trimestriel,togocom,Togocom (Togo Cellulaire),,1569314.0,comptes,publie,principal,,A,,publication 2023T3
mm_comptes,AR1 (ARCEP),2022T4,trimestriel,togocom,Togocom (Togo Cellulaire),,1696345.0,comptes,publie,principal,,A,,publication 2023T4
mm_comptes,AR1 (ARCEP),2023T1,trimestriel,togocom,Togocom (Togo Cellulaire),,1825629.0,comptes,publie,principal,,A,,publication 2024T1
mm_comptes,AR1 (ARCEP),2023T2,trimestriel,togocom,Togocom (Togo Cellulaire),,1904478.0,comptes,publie,principal,,A,,publication 2024T2
mm_comptes,AR1 (ARCEP),2023T3,trimestriel,togocom,Togocom (Togo Cellulaire),,1967167.0,comptes,publie,principal,,A,,publication 2024T3
mm_comptes,AR1 (ARCEP),2023T4,trimestriel,togocom,Togocom (Togo Cellulaire),,2101206.0,comptes,publie,principal,,A,,publication 2024T4
mm_comptes,AR1 (ARCEP),2024T1,trimestriel,togocom,Togocom (Togo Cellulaire),,2155326.0,comptes,publie,principal,,A,,publication 2025T1
mm_comptes,AR1 (ARCEP),2024T2,trimestriel,togocom,Togocom (Togo Cellulaire),,2332948.0,comptes,publie,principal,,A,,publication 2025T2
mm_comptes,AR1 (ARCEP),2024T3,trimestriel,togocom,Togocom (Togo Cellulaire),,2450670.0,comptes,publie,principal,,A,,publication 2025T3
mm_comptes,AR1 (ARCEP),2024T4,trimestriel,togocom,Togocom (Togo Cellulaire),,2586130.0,comptes,publie,principal,,A,,publication 2025T4
mm_comptes,AR1 (ARCEP),2025T1,trimestriel,togocom,Togocom (Togo Cellulaire),,2663402.0,comptes,publie,principal,,A,,publication 2026T1
mm_comptes,AR1 (ARCEP),2025T2,trimestriel,togocom,Togocom (Togo Cellulaire),,2744227.0,comptes,publie,principal,,A,,publication 2026T2
mm_comptes,AR1 (ARCEP),2025T3,trimestriel,togocom,Togocom (Togo Cellulaire),,2890937.0,comptes,publie,principal,,A,,publication 2026T2
mm_comptes,AR1 (ARCEP),2025T4,trimestriel,togocom,Togocom (Togo Cellulaire),,3029238.0,comptes,publie,principal,,A,,publication 2026T2
mm_comptes,AR1 (ARCEP),2026T1,trimestriel,togocom,Togocom (Togo Cellulaire),,3051288.0,comptes,publie,principal,,A,,publication 2026T2
mm_comptes,AR1 (ARCEP),2026T2,trimestriel,togocom,Togocom (Togo Cellulaire),,3118381.0,comptes,publie,principal,,A,,publication 2026T2
mm_nombre_transactions,AR1 (ARCEP),2021,annuel,ensemble,Ensemble,,180.498128,millions,somme_4T,principal,,A,,
mm_nombre_transactions,AR1 (ARCEP),2022,annuel,ensemble,Ensemble,,240.646438,millions,somme_4T,principal,,A,,
mm_nombre_transactions,AR1 (ARCEP),2023,annuel,ensemble,Ensemble,,309.0,millions,somme_4T,principal,,A,,
mm_nombre_transactions,AR1 (ARCEP),2024,annuel,ensemble,Ensemble,,389.0,millions,somme_4T,principal,,A,,
mm_nombre_transactions,AR1 (ARCEP),2025,annuel,ensemble,Ensemble,,493.0,millions,somme_4T,principal,,A,,
mm_nombre_transactions,AR1 (ARCEP),2026S1,semestriel,ensemble,Ensemble,,320.0,millions,somme_trimestres,principal,,A,,année incomplète : T1 et T2 seulement
mm_nombre_transactions,AR1 (ARCEP),2020T2,trimestriel,ensemble,Ensemble,,35.378013,millions,publie,principal,,A,,publication 2021T2
mm_nombre_transactions,AR1 (ARCEP),2020T3,trimestriel,ensemble,Ensemble,,36.551981,millions,publie,principal,,A,,publication 2021T3
mm_nombre_transactions,AR1 (ARCEP),2020T4,trimestriel,ensemble,Ensemble,,40.36434,millions,publie,principal,,A,,publication 2021T3
mm_nombre_transactions,AR1 (ARCEP),2021T1,trimestriel,ensemble,Ensemble,,40.640641,millions,publie,principal,,A,,publication 2022T1
mm_nombre_transactions,AR1 (ARCEP),2021T2,trimestriel,ensemble,Ensemble,,43.46557,millions,publie,principal,,A,,publication 2022T2
mm_nombre_transactions,AR1 (ARCEP),2021T3,trimestriel,ensemble,Ensemble,,46.146993,millions,publie,principal,,A,,publication 2022T3
mm_nombre_transactions,AR1 (ARCEP),2021T4,trimestriel,ensemble,Ensemble,,50.244924,millions,publie,principal,,A,,publication 2022T4
mm_nombre_transactions,AR1 (ARCEP),2022T1,trimestriel,ensemble,Ensemble,,51.687783,millions,publie,principal,,A,,publication 2023T1
mm_nombre_transactions,AR1 (ARCEP),2022T2,trimestriel,ensemble,Ensemble,,56.879164,millions,publie,principal,,A,,publication 2023T2
mm_nombre_transactions,AR1 (ARCEP),2022T3,trimestriel,ensemble,Ensemble,,61.788661,millions,publie,principal,,A,,publication 2023T2
mm_nombre_transactions,AR1 (ARCEP),2022T4,trimestriel,ensemble,Ensemble,,70.29083,millions,publie,principal,,A,,publication 2023T4
mm_nombre_transactions,AR1 (ARCEP),2023T1,trimestriel,ensemble,Ensemble,,72.0,millions,publie,principal,,A,,publication 2024T1 ; révisée (0.61 %)
mm_nombre_transactions,AR1 (ARCEP),2023T2,trimestriel,ensemble,Ensemble,,76.0,millions,publie,principal,,A,,publication 2024T2 ; révisée (0.62 %)
mm_nombre_transactions,AR1 (ARCEP),2023T3,trimestriel,ensemble,Ensemble,,79.0,millions,publie,principal,,A,,publication 2024T3 ; révisée (0.34 %)
mm_nombre_transactions,AR1 (ARCEP),2023T4,trimestriel,ensemble,Ensemble,,82.0,millions,publie,principal,,A,,publication 2024T4 ; révisée (0.21 %)
mm_nombre_transactions,AR1 (ARCEP),2024T1,trimestriel,ensemble,Ensemble,,85.0,millions,publie,principal,,A,,publication 2025T1
mm_nombre_transactions,AR1 (ARCEP),2024T2,trimestriel,ensemble,Ensemble,,93.0,millions,publie,principal,,A,,publication 2025T2
mm_nombre_transactions,AR1 (ARCEP),2024T3,trimestriel,ensemble,Ensemble,,101.0,millions,publie,principal,,A,,publication 2025T3
mm_nombre_transactions,AR1 (ARCEP),2024T4,trimestriel,ensemble,Ensemble,,110.0,millions,publie,principal,,A,,publication 2025T4
mm_nombre_transactions,AR1 (ARCEP),2025T1,trimestriel,ensemble,Ensemble,,111.0,millions,publie,principal,,A,,publication 2026T1
mm_nombre_transactions,AR1 (ARCEP),2025T2,trimestriel,ensemble,Ensemble,,117.0,millions,publie,principal,,A,,publication 2026T2
mm_nombre_transactions,AR1 (ARCEP),2025T3,trimestriel,ensemble,Ensemble,,127.0,millions,publie,principal,,A,,publication 2026T2
mm_nombre_transactions,AR1 (ARCEP),2025T4,trimestriel,ensemble,Ensemble,,138.0,millions,publie,principal,,A,,publication 2026T2
mm_nombre_transactions,AR1 (ARCEP),2026T1,trimestriel,ensemble,Ensemble,,141.0,millions,publie,principal,,A,,publication 2026T2
mm_nombre_transactions,AR1 (ARCEP),2026T2,trimestriel,ensemble,Ensemble,,179.0,millions,publie,principal,,A,,publication 2026T2
mm_nombre_transactions,AR1 (ARCEP),2021,annuel,moov,Moov Africa (Atlantique Telecom),,87.269609,millions,somme_4T,principal,,A,,
mm_nombre_transactions,AR1 (ARCEP),2022,annuel,moov,Moov Africa (Atlantique Telecom),,91.653207,millions,somme_4T,principal,,A,,
mm_nombre_transactions,AR1 (ARCEP),2023,annuel,moov,Moov Africa (Atlantique Telecom),,91.0,millions,somme_4T,principal,,A,,
mm_nombre_transactions,AR1 (ARCEP),2024,annuel,moov,Moov Africa (Atlantique Telecom),,107.0,millions,somme_4T,principal,,A,,
mm_nombre_transactions,AR1 (ARCEP),2025,annuel,moov,Moov Africa (Atlantique Telecom),,135.0,millions,somme_4T,principal,,A,,
mm_nombre_transactions,AR1 (ARCEP),2026S1,semestriel,moov,Moov Africa (Atlantique Telecom),,73.0,millions,somme_trimestres,principal,,A,,année incomplète : T1 et T2 seulement
mm_nombre_transactions,AR1 (ARCEP),2020T2,trimestriel,moov,Moov Africa (Atlantique Telecom),,18.835428,millions,publie,principal,,A,,publication 2021T2
mm_nombre_transactions,AR1 (ARCEP),2020T3,trimestriel,moov,Moov Africa (Atlantique Telecom),,18.244992,millions,publie,principal,,A,,publication 2021T3
mm_nombre_transactions,AR1 (ARCEP),2020T4,trimestriel,moov,Moov Africa (Atlantique Telecom),,21.844118,millions,publie,principal,,A,,publication 2021T3
mm_nombre_transactions,AR1 (ARCEP),2021T1,trimestriel,moov,Moov Africa (Atlantique Telecom),,21.2623,millions,publie,principal,,A,,publication 2022T1
mm_nombre_transactions,AR1 (ARCEP),2021T2,trimestriel,moov,Moov Africa (Atlantique Telecom),,21.955992,millions,publie,principal,,A,,publication 2022T2
mm_nombre_transactions,AR1 (ARCEP),2021T3,trimestriel,moov,Moov Africa (Atlantique Telecom),,21.13607,millions,publie,principal,,A,,publication 2022T3
mm_nombre_transactions,AR1 (ARCEP),2021T4,trimestriel,moov,Moov Africa (Atlantique Telecom),,22.915247,millions,publie,principal,,A,,publication 2022T4
mm_nombre_transactions,AR1 (ARCEP),2022T1,trimestriel,moov,Moov Africa (Atlantique Telecom),,22.337282,millions,publie,principal,,A,,publication 2023T1
mm_nombre_transactions,AR1 (ARCEP),2022T2,trimestriel,moov,Moov Africa (Atlantique Telecom),,22.856102,millions,publie,principal,,A,,publication 2023T2
mm_nombre_transactions,AR1 (ARCEP),2022T3,trimestriel,moov,Moov Africa (Atlantique Telecom),,22.884758,millions,publie,principal,,A,,publication 2023T2
mm_nombre_transactions,AR1 (ARCEP),2022T4,trimestriel,moov,Moov Africa (Atlantique Telecom),,23.575065,millions,publie,principal,,A,,publication 2023T4
mm_nombre_transactions,AR1 (ARCEP),2023T1,trimestriel,moov,Moov Africa (Atlantique Telecom),,22.0,millions,publie,principal,,A,,publication 2024T1 ; révisée (0.65 %)
mm_nombre_transactions,AR1 (ARCEP),2023T2,trimestriel,moov,Moov Africa (Atlantique Telecom),,23.0,millions,publie,principal,,A,,publication 2024T2 ; révisée (2.0 %)
mm_nombre_transactions,AR1 (ARCEP),2023T3,trimestriel,moov,Moov Africa (Atlantique Telecom),,25.0,millions,publie,principal,,A,,publication 2024T3 ; révisée (0.76 %)
mm_nombre_transactions,AR1 (ARCEP),2023T4,trimestriel,moov,Moov Africa (Atlantique Telecom),,21.0,millions,publie,principal,,A,,publication 2024T4 ; révisée (0.71 %)
mm_nombre_transactions,AR1 (ARCEP),2024T1,trimestriel,moov,Moov Africa (Atlantique Telecom),,22.0,millions,publie,principal,,A,,publication 2025T1
mm_nombre_transactions,AR1 (ARCEP),2024T2,trimestriel,moov,Moov Africa (Atlantique Telecom),,25.0,millions,publie,principal,,A,,publication 2025T2
mm_nombre_transactions,AR1 (ARCEP),2024T3,trimestriel,moov,Moov Africa (Atlantique Telecom),,29.0,millions,publie,principal,,A,,publication 2025T3
mm_nombre_transactions,AR1 (ARCEP),2024T4,trimestriel,moov,Moov Africa (Atlantique Telecom),,31.0,millions,publie,principal,,A,,publication 2025T4
mm_nombre_transactions,AR1 (ARCEP),2025T1,trimestriel,moov,Moov Africa (Atlantique Telecom),,32.0,millions,publie,principal,,A,,publication 2026T1
mm_nombre_transactions,AR1 (ARCEP),2025T2,trimestriel,moov,Moov Africa (Atlantique Telecom),,34.0,millions,publie,principal,,A,,publication 2026T2
mm_nombre_transactions,AR1 (ARCEP),2025T3,trimestriel,moov,Moov Africa (Atlantique Telecom),,34.0,millions,publie,principal,,A,,publication 2026T2
mm_nombre_transactions,AR1 (ARCEP),2025T4,trimestriel,moov,Moov Africa (Atlantique Telecom),,35.0,millions,publie,principal,,A,,publication 2026T2
mm_nombre_transactions,AR1 (ARCEP),2026T1,trimestriel,moov,Moov Africa (Atlantique Telecom),,35.0,millions,publie,principal,,A,,publication 2026T2
mm_nombre_transactions,AR1 (ARCEP),2026T2,trimestriel,moov,Moov Africa (Atlantique Telecom),,38.0,millions,publie,principal,,A,,publication 2026T2
mm_nombre_transactions,AR1 (ARCEP),2021,annuel,togocom,Togocom (Togo Cellulaire),,93.228519,millions,somme_4T,principal,,A,,
mm_nombre_transactions,AR1 (ARCEP),2022,annuel,togocom,Togocom (Togo Cellulaire),,148.993231,millions,somme_4T,principal,,A,,
mm_nombre_transactions,AR1 (ARCEP),2023,annuel,togocom,Togocom (Togo Cellulaire),,219.0,millions,somme_4T,principal,,A,,
mm_nombre_transactions,AR1 (ARCEP),2024,annuel,togocom,Togocom (Togo Cellulaire),,282.0,millions,somme_4T,principal,,A,,
mm_nombre_transactions,AR1 (ARCEP),2025,annuel,togocom,Togocom (Togo Cellulaire),,359.0,millions,somme_4T,principal,,A,,
mm_nombre_transactions,AR1 (ARCEP),2026S1,semestriel,togocom,Togocom (Togo Cellulaire),,247.0,millions,somme_trimestres,principal,,A,,année incomplète : T1 et T2 seulement
mm_nombre_transactions,AR1 (ARCEP),2020T2,trimestriel,togocom,Togocom (Togo Cellulaire),,16.542585,millions,publie,principal,,A,,publication 2021T2
mm_nombre_transactions,AR1 (ARCEP),2020T3,trimestriel,togocom,Togocom (Togo Cellulaire),,18.306989,millions,publie,principal,,A,,publication 2021T3
mm_nombre_transactions,AR1 (ARCEP),2020T4,trimestriel,togocom,Togocom (Togo Cellulaire),,18.520222,millions,publie,principal,,A,,publication 2021T3
mm_nombre_transactions,AR1 (ARCEP),2021T1,trimestriel,togocom,Togocom (Togo Cellulaire),,19.378341,millions,publie,principal,,A,,publication 2022T1
mm_nombre_transactions,AR1 (ARCEP),2021T2,trimestriel,togocom,Togocom (Togo Cellulaire),,21.509578,millions,publie,principal,,A,,publication 2022T2
mm_nombre_transactions,AR1 (ARCEP),2021T3,trimestriel,togocom,Togocom (Togo Cellulaire),,25.010923,millions,publie,principal,,A,,publication 2022T3
mm_nombre_transactions,AR1 (ARCEP),2021T4,trimestriel,togocom,Togocom (Togo Cellulaire),,27.329677,millions,publie,principal,,A,,publication 2022T4
mm_nombre_transactions,AR1 (ARCEP),2022T1,trimestriel,togocom,Togocom (Togo Cellulaire),,29.350501,millions,publie,principal,,A,,publication 2023T1
mm_nombre_transactions,AR1 (ARCEP),2022T2,trimestriel,togocom,Togocom (Togo Cellulaire),,34.023062,millions,publie,principal,,A,,publication 2023T2
mm_nombre_transactions,AR1 (ARCEP),2022T3,trimestriel,togocom,Togocom (Togo Cellulaire),,38.903903,millions,publie,principal,,A,,publication 2023T2
mm_nombre_transactions,AR1 (ARCEP),2022T4,trimestriel,togocom,Togocom (Togo Cellulaire),,46.715765,millions,publie,principal,,A,,publication 2023T4
mm_nombre_transactions,AR1 (ARCEP),2023T1,trimestriel,togocom,Togocom (Togo Cellulaire),,51.0,millions,publie,principal,,A,,publication 2024T1 ; révisée (0.82 %)
mm_nombre_transactions,AR1 (ARCEP),2023T2,trimestriel,togocom,Togocom (Togo Cellulaire),,53.0,millions,publie,principal,,A,,publication 2024T2
mm_nombre_transactions,AR1 (ARCEP),2023T3,trimestriel,togocom,Togocom (Togo Cellulaire),,54.0,millions,publie,principal,,A,,publication 2024T3 ; révisée (0.14 %)
mm_nombre_transactions,AR1 (ARCEP),2023T4,trimestriel,togocom,Togocom (Togo Cellulaire),,61.0,millions,publie,principal,,A,,publication 2024T4 ; révisée (0.52 %)
mm_nombre_transactions,AR1 (ARCEP),2024T1,trimestriel,togocom,Togocom (Togo Cellulaire),,63.0,millions,publie,principal,,A,,publication 2025T1
mm_nombre_transactions,AR1 (ARCEP),2024T2,trimestriel,togocom,Togocom (Togo Cellulaire),,68.0,millions,publie,principal,,A,,publication 2025T2
mm_nombre_transactions,AR1 (ARCEP),2024T3,trimestriel,togocom,Togocom (Togo Cellulaire),,72.0,millions,publie,principal,,A,,publication 2025T3
mm_nombre_transactions,AR1 (ARCEP),2024T4,trimestriel,togocom,Togocom (Togo Cellulaire),,79.0,millions,publie,principal,,A,,publication 2025T4
mm_nombre_transactions,AR1 (ARCEP),2025T1,trimestriel,togocom,Togocom (Togo Cellulaire),,79.0,millions,publie,principal,,A,,publication 2026T1
mm_nombre_transactions,AR1 (ARCEP),2025T2,trimestriel,togocom,Togocom (Togo Cellulaire),,84.0,millions,publie,principal,,A,,publication 2026T2
mm_nombre_transactions,AR1 (ARCEP),2025T3,trimestriel,togocom,Togocom (Togo Cellulaire),,93.0,millions,publie,principal,,A,,publication 2026T2
mm_nombre_transactions,AR1 (ARCEP),2025T4,trimestriel,togocom,Togocom (Togo Cellulaire),,103.0,millions,publie,principal,,A,,publication 2026T2
mm_nombre_transactions,AR1 (ARCEP),2026T1,trimestriel,togocom,Togocom (Togo Cellulaire),,106.0,millions,publie,principal,,A,,publication 2026T2
mm_nombre_transactions,AR1 (ARCEP),2026T2,trimestriel,togocom,Togocom (Togo Cellulaire),,141.0,millions,publie,principal,,A,,publication 2026T2
mm_points_de_vente,AR1 (ARCEP),2020,annuel,ensemble,Ensemble,,24289.0,points de vente,valeur_T4,principal,,A,,
mm_points_de_vente,AR1 (ARCEP),2021,annuel,ensemble,Ensemble,,33924.0,points de vente,valeur_T4,principal,,A,,
mm_points_de_vente,AR1 (ARCEP),2021,annuel,ensemble,Ensemble,,29520.0,points de vente,moyenne_4T,sensibilite,,A,,
mm_points_de_vente,AR1 (ARCEP),2022,annuel,ensemble,Ensemble,,38019.0,points de vente,valeur_T4,principal,,A,,
mm_points_de_vente,AR1 (ARCEP),2022,annuel,ensemble,Ensemble,,37045.25,points de vente,moyenne_4T,sensibilite,,A,,
mm_points_de_vente,AR1 (ARCEP),2023,annuel,ensemble,Ensemble,,43689.0,points de vente,valeur_T4,principal,,A,,
mm_points_de_vente,AR1 (ARCEP),2023,annuel,ensemble,Ensemble,,43755.75,points de vente,moyenne_4T,sensibilite,,A,,
mm_points_de_vente,AR1 (ARCEP),2024,annuel,ensemble,Ensemble,,49916.0,points de vente,valeur_T4,principal,,A,,
mm_points_de_vente,AR1 (ARCEP),2024,annuel,ensemble,Ensemble,,47178.0,points de vente,moyenne_4T,sensibilite,,A,,
mm_points_de_vente,AR1 (ARCEP),2025,annuel,ensemble,Ensemble,,59855.0,points de vente,valeur_T4,principal,,A,,
mm_points_de_vente,AR1 (ARCEP),2025,annuel,ensemble,Ensemble,,55248.0,points de vente,moyenne_4T,sensibilite,,A,,
mm_points_de_vente,AR1 (ARCEP),2026S1,semestriel,ensemble,Ensemble,,62848.5,points de vente,moyenne_trimestres,principal,,A,,année incomplète : T1 et T2 seulement
mm_points_de_vente,AR1 (ARCEP),2020T2,trimestriel,ensemble,Ensemble,,25516.0,points de vente,publie,principal,,A,,publication 2021T2
mm_points_de_vente,AR1 (ARCEP),2020T3,trimestriel,ensemble,Ensemble,,27980.0,points de vente,publie,principal,,A,,publication 2021T3
mm_points_de_vente,AR1 (ARCEP),2020T4,trimestriel,ensemble,Ensemble,,24289.0,points de vente,publie,principal,,A,,publication 2021T3
mm_points_de_vente,AR1 (ARCEP),2021T1,trimestriel,ensemble,Ensemble,,25470.0,points de vente,publie,principal,,A,,publication 2022T1
mm_points_de_vente,AR1 (ARCEP),2021T2,trimestriel,ensemble,Ensemble,,28126.0,points de vente,publie,principal,,A,,publication 2022T2 ; révisée (13.52 %)
mm_points_de_vente,AR1 (ARCEP),2021T3,trimestriel,ensemble,Ensemble,,30560.0,points de vente,publie,principal,,A,,publication 2022T3
mm_points_de_vente,AR1 (ARCEP),2021T4,trimestriel,ensemble,Ensemble,,33924.0,points de vente,publie,principal,,A,,publication 2022T4
mm_points_de_vente,AR1 (ARCEP),2022T1,trimestriel,ensemble,Ensemble,,34878.0,points de vente,publie,principal,,A,,publication 2023T1
mm_points_de_vente,AR1 (ARCEP),2022T2,trimestriel,ensemble,Ensemble,,36825.0,points de vente,publie,principal,,A,,publication 2023T2
mm_points_de_vente,AR1 (ARCEP),2022T3,trimestriel,ensemble,Ensemble,,38459.0,points de vente,publie,principal,,A,,publication 2023T3
mm_points_de_vente,AR1 (ARCEP),2022T4,trimestriel,ensemble,Ensemble,,38019.0,points de vente,publie,principal,,A,,publication 2023T4
mm_points_de_vente,AR1 (ARCEP),2023T1,trimestriel,ensemble,Ensemble,,42367.0,points de vente,publie,principal,,A,,publication 2024T1
mm_points_de_vente,AR1 (ARCEP),2023T2,trimestriel,ensemble,Ensemble,,43780.0,points de vente,publie,principal,,A,,publication 2024T2
mm_points_de_vente,AR1 (ARCEP),2023T3,trimestriel,ensemble,Ensemble,,45187.0,points de vente,publie,principal,,A,,publication 2024T3
mm_points_de_vente,AR1 (ARCEP),2023T4,trimestriel,ensemble,Ensemble,,43689.0,points de vente,publie,principal,,A,,publication 2024T4
mm_points_de_vente,AR1 (ARCEP),2024T1,trimestriel,ensemble,Ensemble,,45178.0,points de vente,publie,principal,,A,,publication 2025T1
mm_points_de_vente,AR1 (ARCEP),2024T2,trimestriel,ensemble,Ensemble,,45994.0,points de vente,publie,principal,,A,,publication 2025T2
mm_points_de_vente,AR1 (ARCEP),2024T3,trimestriel,ensemble,Ensemble,,47624.0,points de vente,publie,principal,,A,,publication 2025T3
mm_points_de_vente,AR1 (ARCEP),2024T4,trimestriel,ensemble,Ensemble,,49916.0,points de vente,publie,principal,,A,,publication 2025T4
mm_points_de_vente,AR1 (ARCEP),2025T1,trimestriel,ensemble,Ensemble,,50937.0,points de vente,publie,principal,,A,,publication 2026T1
mm_points_de_vente,AR1 (ARCEP),2025T2,trimestriel,ensemble,Ensemble,,53978.0,points de vente,publie,principal,,A,,publication 2026T2
mm_points_de_vente,AR1 (ARCEP),2025T3,trimestriel,ensemble,Ensemble,,56222.0,points de vente,publie,principal,,A,,publication 2026T2
mm_points_de_vente,AR1 (ARCEP),2025T4,trimestriel,ensemble,Ensemble,,59855.0,points de vente,publie,principal,,A,,publication 2026T2
mm_points_de_vente,AR1 (ARCEP),2026T1,trimestriel,ensemble,Ensemble,,61157.0,points de vente,publie,principal,,A,,publication 2026T2
mm_points_de_vente,AR1 (ARCEP),2026T2,trimestriel,ensemble,Ensemble,,64540.0,points de vente,publie,principal,,A,,publication 2026T2
mm_points_de_vente,AR1 (ARCEP),2020,annuel,moov,Moov Africa (Atlantique Telecom),,11722.0,points de vente,valeur_T4,principal,,A,,
mm_points_de_vente,AR1 (ARCEP),2021,annuel,moov,Moov Africa (Atlantique Telecom),,15165.0,points de vente,valeur_T4,principal,,A,,
mm_points_de_vente,AR1 (ARCEP),2021,annuel,moov,Moov Africa (Atlantique Telecom),,13509.25,points de vente,moyenne_4T,sensibilite,,A,,
mm_points_de_vente,AR1 (ARCEP),2022,annuel,moov,Moov Africa (Atlantique Telecom),,16620.0,points de vente,valeur_T4,principal,,A,,
mm_points_de_vente,AR1 (ARCEP),2022,annuel,moov,Moov Africa (Atlantique Telecom),,15866.0,points de vente,moyenne_4T,sensibilite,,A,,
mm_points_de_vente,AR1 (ARCEP),2023,annuel,moov,Moov Africa (Atlantique Telecom),,17704.0,points de vente,valeur_T4,principal,,A,,
mm_points_de_vente,AR1 (ARCEP),2023,annuel,moov,Moov Africa (Atlantique Telecom),,17043.0,points de vente,moyenne_4T,sensibilite,,A,,
mm_points_de_vente,AR1 (ARCEP),2024,annuel,moov,Moov Africa (Atlantique Telecom),,20172.0,points de vente,valeur_T4,principal,,A,,
mm_points_de_vente,AR1 (ARCEP),2024,annuel,moov,Moov Africa (Atlantique Telecom),,18757.75,points de vente,moyenne_4T,sensibilite,,A,,
mm_points_de_vente,AR1 (ARCEP),2025,annuel,moov,Moov Africa (Atlantique Telecom),,26196.0,points de vente,valeur_T4,principal,,A,,
mm_points_de_vente,AR1 (ARCEP),2025,annuel,moov,Moov Africa (Atlantique Telecom),,23266.0,points de vente,moyenne_4T,sensibilite,,A,,
mm_points_de_vente,AR1 (ARCEP),2026S1,semestriel,moov,Moov Africa (Atlantique Telecom),,28274.0,points de vente,moyenne_trimestres,principal,,A,,année incomplète : T1 et T2 seulement
mm_points_de_vente,AR1 (ARCEP),2020T2,trimestriel,moov,Moov Africa (Atlantique Telecom),,10627.0,points de vente,publie,principal,,A,,publication 2021T2
mm_points_de_vente,AR1 (ARCEP),2020T3,trimestriel,moov,Moov Africa (Atlantique Telecom),,11264.0,points de vente,publie,principal,,A,,publication 2021T3
mm_points_de_vente,AR1 (ARCEP),2020T4,trimestriel,moov,Moov Africa (Atlantique Telecom),,11722.0,points de vente,publie,principal,,A,,publication 2021T3
mm_points_de_vente,AR1 (ARCEP),2021T1,trimestriel,moov,Moov Africa (Atlantique Telecom),,12183.0,points de vente,publie,principal,,A,,publication 2022T1
mm_points_de_vente,AR1 (ARCEP),2021T2,trimestriel,moov,Moov Africa (Atlantique Telecom),,12557.0,points de vente,publie,principal,,A,,publication 2022T2
mm_points_de_vente,AR1 (ARCEP),2021T3,trimestriel,moov,Moov Africa (Atlantique Telecom),,14132.0,points de vente,publie,principal,,A,,publication 2022T3
mm_points_de_vente,AR1 (ARCEP),2021T4,trimestriel,moov,Moov Africa (Atlantique Telecom),,15165.0,points de vente,publie,principal,,A,,publication 2022T4
mm_points_de_vente,AR1 (ARCEP),2022T1,trimestriel,moov,Moov Africa (Atlantique Telecom),,15342.0,points de vente,publie,principal,,A,,publication 2023T1
mm_points_de_vente,AR1 (ARCEP),2022T2,trimestriel,moov,Moov Africa (Atlantique Telecom),,15699.0,points de vente,publie,principal,,A,,publication 2023T2
mm_points_de_vente,AR1 (ARCEP),2022T3,trimestriel,moov,Moov Africa (Atlantique Telecom),,15803.0,points de vente,publie,principal,,A,,publication 2023T2
mm_points_de_vente,AR1 (ARCEP),2022T4,trimestriel,moov,Moov Africa (Atlantique Telecom),,16620.0,points de vente,publie,principal,,A,,publication 2023T4
mm_points_de_vente,AR1 (ARCEP),2023T1,trimestriel,moov,Moov Africa (Atlantique Telecom),,16662.0,points de vente,publie,principal,,A,,publication 2024T1
mm_points_de_vente,AR1 (ARCEP),2023T2,trimestriel,moov,Moov Africa (Atlantique Telecom),,16813.0,points de vente,publie,principal,,A,,publication 2024T2
mm_points_de_vente,AR1 (ARCEP),2023T3,trimestriel,moov,Moov Africa (Atlantique Telecom),,16993.0,points de vente,publie,principal,,A,,publication 2024T3
mm_points_de_vente,AR1 (ARCEP),2023T4,trimestriel,moov,Moov Africa (Atlantique Telecom),,17704.0,points de vente,publie,principal,,A,,publication 2024T4
mm_points_de_vente,AR1 (ARCEP),2024T1,trimestriel,moov,Moov Africa (Atlantique Telecom),,18175.0,points de vente,publie,principal,,A,,publication 2025T1
mm_points_de_vente,AR1 (ARCEP),2024T2,trimestriel,moov,Moov Africa (Atlantique Telecom),,18169.0,points de vente,publie,principal,,A,,publication 2025T2
mm_points_de_vente,AR1 (ARCEP),2024T3,trimestriel,moov,Moov Africa (Atlantique Telecom),,18515.0,points de vente,publie,principal,,A,,publication 2025T3
mm_points_de_vente,AR1 (ARCEP),2024T4,trimestriel,moov,Moov Africa (Atlantique Telecom),,20172.0,points de vente,publie,principal,,A,,publication 2025T4
mm_points_de_vente,AR1 (ARCEP),2025T1,trimestriel,moov,Moov Africa (Atlantique Telecom),,20578.0,points de vente,publie,principal,,A,,publication 2026T1
mm_points_de_vente,AR1 (ARCEP),2025T2,trimestriel,moov,Moov Africa (Atlantique Telecom),,22641.0,points de vente,publie,principal,,A,,publication 2026T2
mm_points_de_vente,AR1 (ARCEP),2025T3,trimestriel,moov,Moov Africa (Atlantique Telecom),,23649.0,points de vente,publie,principal,,A,,publication 2026T2
mm_points_de_vente,AR1 (ARCEP),2025T4,trimestriel,moov,Moov Africa (Atlantique Telecom),,26196.0,points de vente,publie,principal,,A,,publication 2026T2
mm_points_de_vente,AR1 (ARCEP),2026T1,trimestriel,moov,Moov Africa (Atlantique Telecom),,26999.0,points de vente,publie,principal,,A,,publication 2026T2
mm_points_de_vente,AR1 (ARCEP),2026T2,trimestriel,moov,Moov Africa (Atlantique Telecom),,29549.0,points de vente,publie,principal,,A,,publication 2026T2
mm_points_de_vente,AR1 (ARCEP),2020,annuel,togocom,Togocom (Togo Cellulaire),,12567.0,points de vente,valeur_T4,principal,,A,,
mm_points_de_vente,AR1 (ARCEP),2021,annuel,togocom,Togocom (Togo Cellulaire),,18759.0,points de vente,valeur_T4,principal,,A,,
mm_points_de_vente,AR1 (ARCEP),2021,annuel,togocom,Togocom (Togo Cellulaire),,16010.75,points de vente,moyenne_4T,sensibilite,,A,,
mm_points_de_vente,AR1 (ARCEP),2022,annuel,togocom,Togocom (Togo Cellulaire),,21399.0,points de vente,valeur_T4,principal,,A,,
mm_points_de_vente,AR1 (ARCEP),2022,annuel,togocom,Togocom (Togo Cellulaire),,21179.25,points de vente,moyenne_4T,sensibilite,,A,,
mm_points_de_vente,AR1 (ARCEP),2023,annuel,togocom,Togocom (Togo Cellulaire),,25985.0,points de vente,valeur_T4,principal,,A,,
mm_points_de_vente,AR1 (ARCEP),2023,annuel,togocom,Togocom (Togo Cellulaire),,26712.75,points de vente,moyenne_4T,sensibilite,,A,,
mm_points_de_vente,AR1 (ARCEP),2024,annuel,togocom,Togocom (Togo Cellulaire),,29744.0,points de vente,valeur_T4,principal,,A,,
mm_points_de_vente,AR1 (ARCEP),2024,annuel,togocom,Togocom (Togo Cellulaire),,28420.25,points de vente,moyenne_4T,sensibilite,,A,,
mm_points_de_vente,AR1 (ARCEP),2025,annuel,togocom,Togocom (Togo Cellulaire),,33659.0,points de vente,valeur_T4,principal,,A,,
mm_points_de_vente,AR1 (ARCEP),2025,annuel,togocom,Togocom (Togo Cellulaire),,31982.0,points de vente,moyenne_4T,sensibilite,,A,,
mm_points_de_vente,AR1 (ARCEP),2026S1,semestriel,togocom,Togocom (Togo Cellulaire),,34574.5,points de vente,moyenne_trimestres,principal,,A,,année incomplète : T1 et T2 seulement
mm_points_de_vente,AR1 (ARCEP),2020T2,trimestriel,togocom,Togocom (Togo Cellulaire),,14889.0,points de vente,publie,principal,,A,,publication 2021T2
mm_points_de_vente,AR1 (ARCEP),2020T3,trimestriel,togocom,Togocom (Togo Cellulaire),,16716.0,points de vente,publie,principal,,A,,publication 2021T3
mm_points_de_vente,AR1 (ARCEP),2020T4,trimestriel,togocom,Togocom (Togo Cellulaire),,12567.0,points de vente,publie,principal,,A,,publication 2021T3
mm_points_de_vente,AR1 (ARCEP),2021T1,trimestriel,togocom,Togocom (Togo Cellulaire),,13287.0,points de vente,publie,principal,,A,,publication 2022T1
mm_points_de_vente,AR1 (ARCEP),2021T2,trimestriel,togocom,Togocom (Togo Cellulaire),,15569.0,points de vente,publie,principal,,A,,publication 2022T2 ; révisée (24.42 %)
mm_points_de_vente,AR1 (ARCEP),2021T3,trimestriel,togocom,Togocom (Togo Cellulaire),,16428.0,points de vente,publie,principal,,A,,publication 2022T3
mm_points_de_vente,AR1 (ARCEP),2021T4,trimestriel,togocom,Togocom (Togo Cellulaire),,18759.0,points de vente,publie,principal,,A,,publication 2022T4
mm_points_de_vente,AR1 (ARCEP),2022T1,trimestriel,togocom,Togocom (Togo Cellulaire),,19536.0,points de vente,publie,principal,,A,,publication 2023T1
mm_points_de_vente,AR1 (ARCEP),2022T2,trimestriel,togocom,Togocom (Togo Cellulaire),,21126.0,points de vente,publie,principal,,A,,publication 2023T2
mm_points_de_vente,AR1 (ARCEP),2022T3,trimestriel,togocom,Togocom (Togo Cellulaire),,22656.0,points de vente,publie,principal,,A,,publication 2023T2
mm_points_de_vente,AR1 (ARCEP),2022T4,trimestriel,togocom,Togocom (Togo Cellulaire),,21399.0,points de vente,publie,principal,,A,,publication 2023T4
mm_points_de_vente,AR1 (ARCEP),2023T1,trimestriel,togocom,Togocom (Togo Cellulaire),,25705.0,points de vente,publie,principal,,A,,publication 2024T1
mm_points_de_vente,AR1 (ARCEP),2023T2,trimestriel,togocom,Togocom (Togo Cellulaire),,26967.0,points de vente,publie,principal,,A,,publication 2024T2
mm_points_de_vente,AR1 (ARCEP),2023T3,trimestriel,togocom,Togocom (Togo Cellulaire),,28194.0,points de vente,publie,principal,,A,,publication 2024T3
mm_points_de_vente,AR1 (ARCEP),2023T4,trimestriel,togocom,Togocom (Togo Cellulaire),,25985.0,points de vente,publie,principal,,A,,publication 2024T4
mm_points_de_vente,AR1 (ARCEP),2024T1,trimestriel,togocom,Togocom (Togo Cellulaire),,27003.0,points de vente,publie,principal,,A,,publication 2025T1
mm_points_de_vente,AR1 (ARCEP),2024T2,trimestriel,togocom,Togocom (Togo Cellulaire),,27825.0,points de vente,publie,principal,,A,,publication 2025T2
mm_points_de_vente,AR1 (ARCEP),2024T3,trimestriel,togocom,Togocom (Togo Cellulaire),,29109.0,points de vente,publie,principal,,A,,publication 2025T3
mm_points_de_vente,AR1 (ARCEP),2024T4,trimestriel,togocom,Togocom (Togo Cellulaire),,29744.0,points de vente,publie,principal,,A,,publication 2025T4
mm_points_de_vente,AR1 (ARCEP),2025T1,trimestriel,togocom,Togocom (Togo Cellulaire),,30359.0,points de vente,publie,principal,,A,,publication 2026T1
mm_points_de_vente,AR1 (ARCEP),2025T2,trimestriel,togocom,Togocom (Togo Cellulaire),,31337.0,points de vente,publie,principal,,A,,publication 2026T2
mm_points_de_vente,AR1 (ARCEP),2025T3,trimestriel,togocom,Togocom (Togo Cellulaire),,32573.0,points de vente,publie,principal,,A,,publication 2026T2
mm_points_de_vente,AR1 (ARCEP),2025T4,trimestriel,togocom,Togocom (Togo Cellulaire),,33659.0,points de vente,publie,principal,,A,,publication 2026T2
mm_points_de_vente,AR1 (ARCEP),2026T1,trimestriel,togocom,Togocom (Togo Cellulaire),,34158.0,points de vente,publie,principal,,A,,publication 2026T2
mm_points_de_vente,AR1 (ARCEP),2026T2,trimestriel,togocom,Togocom (Togo Cellulaire),,34991.0,points de vente,publie,principal,,A,,publication 2026T2
mm_valeur_transactions,"2b (INSEED, opendata)",2013,annuel,ensemble,Ensemble,,0.753989406,Md FCFA,publie,principal,,A,,
mm_valeur_transactions,"2b (INSEED, opendata)",2014,annuel,ensemble,Ensemble,,25.707380793,Md FCFA,publie,principal,,A,,
mm_valeur_transactions,"2b (INSEED, opendata)",2015,annuel,ensemble,Ensemble,,201.885030026,Md FCFA,publie,principal,,A,,
mm_valeur_transactions,"2b (INSEED, opendata)",2016,annuel,ensemble,Ensemble,,220.911171534,Md FCFA,publie,principal,,A,,
mm_valeur_transactions,"2b (INSEED, opendata)",2017,annuel,ensemble,Ensemble,,394.346476086,Md FCFA,publie,principal,,A,,
mm_valeur_transactions,"2b (INSEED, opendata)",2018,annuel,ensemble,Ensemble,,607.708042341,Md FCFA,publie,principal,,A,,
mm_valeur_transactions,"2b (INSEED, opendata)",2019,annuel,ensemble,Ensemble,,909.457589886,Md FCFA,publie,principal,,A,,
mm_valeur_transactions,"2b (INSEED, opendata)",2020,annuel,ensemble,Ensemble,,1446.357256964,Md FCFA,publie,principal,,A,,
mm_valeur_transactions,AR1 (ARCEP),2021,annuel,ensemble,Ensemble,,1948.399521314,Md FCFA,somme_4T,principal,,A,,
mm_valeur_transactions,"2b (INSEED, opendata)",2021,annuel,ensemble,Ensemble,,1948.399521854,Md FCFA,publie,principal,,A,,
mm_valeur_transactions,AR1 (ARCEP),2022,annuel,ensemble,Ensemble,,2868.126725727,Md FCFA,somme_4T,principal,,A,,
mm_valeur_transactions,"2b (INSEED, opendata)",2022,annuel,ensemble,Ensemble,,2865.735255082,Md FCFA,publie,principal,,A,,
mm_valeur_transactions,AR1 (ARCEP),2023,annuel,ensemble,Ensemble,,3530.0,Md FCFA,somme_4T,principal,,A,,
mm_valeur_transactions,AR1 (ARCEP),2024,annuel,ensemble,Ensemble,,4157.0,Md FCFA,somme_4T,principal,,A,,
mm_valeur_transactions,AR1 (ARCEP),2025,annuel,ensemble,Ensemble,,5481.0,Md FCFA,somme_4T,principal,,A,,
mm_valeur_transactions,AR1 (ARCEP),2026S1,semestriel,ensemble,Ensemble,,3812.0,Md FCFA,somme_trimestres,principal,,A,,année incomplète : T1 et T2 seulement
mm_valeur_transactions,AR1 (ARCEP),2020T2,trimestriel,ensemble,Ensemble,,340.93,Md FCFA,publie,principal,,A,,publication 2021T2
mm_valeur_transactions,AR1 (ARCEP),2020T3,trimestriel,ensemble,Ensemble,,377.841,Md FCFA,publie,principal,,A,,publication 2021T3
mm_valeur_transactions,AR1 (ARCEP),2020T4,trimestriel,ensemble,Ensemble,,451.686,Md FCFA,publie,principal,,A,,publication 2021T3
mm_valeur_transactions,AR1 (ARCEP),2021T1,trimestriel,ensemble,Ensemble,,428.492005599,Md FCFA,publie,principal,,A,,publication 2022T1
mm_valeur_transactions,AR1 (ARCEP),2021T2,trimestriel,ensemble,Ensemble,,462.102422756,Md FCFA,publie,principal,,A,,publication 2022T2
mm_valeur_transactions,AR1 (ARCEP),2021T3,trimestriel,ensemble,Ensemble,,485.947299125,Md FCFA,publie,principal,,A,,publication 2022T3
mm_valeur_transactions,AR1 (ARCEP),2021T4,trimestriel,ensemble,Ensemble,,571.857793834,Md FCFA,publie,principal,,A,,publication 2022T4
mm_valeur_transactions,AR1 (ARCEP),2022T1,trimestriel,ensemble,Ensemble,,602.810990218,Md FCFA,publie,principal,,A,,publication 2023T1
mm_valeur_transactions,AR1 (ARCEP),2022T2,trimestriel,ensemble,Ensemble,,662.315735509,Md FCFA,publie,principal,,A,,publication 2023T2
mm_valeur_transactions,AR1 (ARCEP),2022T3,trimestriel,ensemble,Ensemble,,735.0,Md FCFA,publie,principal,,A,,publication 2023T3
mm_valeur_transactions,AR1 (ARCEP),2022T4,trimestriel,ensemble,Ensemble,,868.0,Md FCFA,publie,principal,,A,,publication 2023T4
mm_valeur_transactions,AR1 (ARCEP),2023T1,trimestriel,ensemble,Ensemble,,887.0,Md FCFA,publie,principal,,A,,publication 2024T1
mm_valeur_transactions,AR1 (ARCEP),2023T2,trimestriel,ensemble,Ensemble,,868.0,Md FCFA,publie,principal,,A,,publication 2024T2
mm_valeur_transactions,AR1 (ARCEP),2023T3,trimestriel,ensemble,Ensemble,,879.0,Md FCFA,publie,principal,,A,,publication 2024T3
mm_valeur_transactions,AR1 (ARCEP),2023T4,trimestriel,ensemble,Ensemble,,896.0,Md FCFA,publie,principal,,A,,publication 2024T4
mm_valeur_transactions,AR1 (ARCEP),2024T1,trimestriel,ensemble,Ensemble,,917.0,Md FCFA,publie,principal,,A,,publication 2025T1
mm_valeur_transactions,AR1 (ARCEP),2024T2,trimestriel,ensemble,Ensemble,,985.0,Md FCFA,publie,principal,,A,,publication 2025T2
mm_valeur_transactions,AR1 (ARCEP),2024T3,trimestriel,ensemble,Ensemble,,1054.0,Md FCFA,publie,principal,,A,,publication 2025T3
mm_valeur_transactions,AR1 (ARCEP),2024T4,trimestriel,ensemble,Ensemble,,1201.0,Md FCFA,publie,principal,,A,,publication 2025T4
mm_valeur_transactions,AR1 (ARCEP),2025T1,trimestriel,ensemble,Ensemble,,1211.0,Md FCFA,publie,principal,,A,,publication 2026T1
mm_valeur_transactions,AR1 (ARCEP),2025T2,trimestriel,ensemble,Ensemble,,1300.0,Md FCFA,publie,principal,,A,,publication 2026T2
mm_valeur_transactions,AR1 (ARCEP),2025T3,trimestriel,ensemble,Ensemble,,1398.0,Md FCFA,publie,principal,,A,,publication 2026T2
mm_valeur_transactions,AR1 (ARCEP),2025T4,trimestriel,ensemble,Ensemble,,1572.0,Md FCFA,publie,principal,,A,,publication 2026T2
mm_valeur_transactions,AR1 (ARCEP),2026T1,trimestriel,ensemble,Ensemble,,1844.0,Md FCFA,publie,principal,,A,,publication 2026T2
mm_valeur_transactions,AR1 (ARCEP),2026T2,trimestriel,ensemble,Ensemble,,1968.0,Md FCFA,publie,principal,,A,,publication 2026T2
mm_valeur_transactions,AR1 (ARCEP),2021,annuel,moov,Moov Africa (Atlantique Telecom),,1137.1757907239999,Md FCFA,somme_4T,principal,,A,,
mm_valeur_transactions,AR1 (ARCEP),2022,annuel,moov,Moov Africa (Atlantique Telecom),,1247.578359062,Md FCFA,somme_4T,principal,,A,,
mm_valeur_transactions,AR1 (ARCEP),2023,annuel,moov,Moov Africa (Atlantique Telecom),,1183.0,Md FCFA,somme_4T,principal,,A,,
mm_valeur_transactions,AR1 (ARCEP),2024,annuel,moov,Moov Africa (Atlantique Telecom),,1314.0,Md FCFA,somme_4T,principal,,A,,
mm_valeur_transactions,AR1 (ARCEP),2025,annuel,moov,Moov Africa (Atlantique Telecom),,1641.0,Md FCFA,somme_4T,principal,,A,,
mm_valeur_transactions,AR1 (ARCEP),2026S1,semestriel,moov,Moov Africa (Atlantique Telecom),,1293.0,Md FCFA,somme_trimestres,principal,,A,,année incomplète : T1 et T2 seulement
mm_valeur_transactions,AR1 (ARCEP),2020T2,trimestriel,moov,Moov Africa (Atlantique Telecom),,205.598,Md FCFA,publie,principal,,A,,publication 2021T2
mm_valeur_transactions,AR1 (ARCEP),2020T3,trimestriel,moov,Moov Africa (Atlantique Telecom),,214.503,Md FCFA,publie,principal,,A,,publication 2021T3
mm_valeur_transactions,AR1 (ARCEP),2020T4,trimestriel,moov,Moov Africa (Atlantique Telecom),,283.965,Md FCFA,publie,principal,,A,,publication 2021T3
mm_valeur_transactions,AR1 (ARCEP),2021T1,trimestriel,moov,Moov Africa (Atlantique Telecom),,272.143909879,Md FCFA,publie,principal,,A,,publication 2022T1
mm_valeur_transactions,AR1 (ARCEP),2021T2,trimestriel,moov,Moov Africa (Atlantique Telecom),,277.255274763,Md FCFA,publie,principal,,A,,publication 2022T2
mm_valeur_transactions,AR1 (ARCEP),2021T3,trimestriel,moov,Moov Africa (Atlantique Telecom),,268.990930763,Md FCFA,publie,principal,,A,,publication 2022T3
mm_valeur_transactions,AR1 (ARCEP),2021T4,trimestriel,moov,Moov Africa (Atlantique Telecom),,318.785675319,Md FCFA,publie,principal,,A,,publication 2022T4
mm_valeur_transactions,AR1 (ARCEP),2022T1,trimestriel,moov,Moov Africa (Atlantique Telecom),,306.089054979,Md FCFA,publie,principal,,A,,publication 2023T1
mm_valeur_transactions,AR1 (ARCEP),2022T2,trimestriel,moov,Moov Africa (Atlantique Telecom),,303.489304083,Md FCFA,publie,principal,,A,,publication 2023T2
mm_valeur_transactions,AR1 (ARCEP),2022T3,trimestriel,moov,Moov Africa (Atlantique Telecom),,310.0,Md FCFA,publie,principal,,A,,publication 2023T3 ; révisée (0.09 %)
mm_valeur_transactions,AR1 (ARCEP),2022T4,trimestriel,moov,Moov Africa (Atlantique Telecom),,328.0,Md FCFA,publie,principal,,A,,publication 2023T4 ; révisée (0.14 %)
mm_valeur_transactions,AR1 (ARCEP),2023T1,trimestriel,moov,Moov Africa (Atlantique Telecom),,305.0,Md FCFA,publie,principal,,A,,publication 2024T1 ; révisée (0.13 %)
mm_valeur_transactions,AR1 (ARCEP),2023T2,trimestriel,moov,Moov Africa (Atlantique Telecom),,301.0,Md FCFA,publie,principal,,A,,publication 2024T2 ; révisée (0.08 %)
mm_valeur_transactions,AR1 (ARCEP),2023T3,trimestriel,moov,Moov Africa (Atlantique Telecom),,326.0,Md FCFA,publie,principal,,A,,publication 2024T3
mm_valeur_transactions,AR1 (ARCEP),2023T4,trimestriel,moov,Moov Africa (Atlantique Telecom),,251.0,Md FCFA,publie,principal,,A,,publication 2024T4
mm_valeur_transactions,AR1 (ARCEP),2024T1,trimestriel,moov,Moov Africa (Atlantique Telecom),,269.0,Md FCFA,publie,principal,,A,,publication 2025T1
mm_valeur_transactions,AR1 (ARCEP),2024T2,trimestriel,moov,Moov Africa (Atlantique Telecom),,291.0,Md FCFA,publie,principal,,A,,publication 2025T2
mm_valeur_transactions,AR1 (ARCEP),2024T3,trimestriel,moov,Moov Africa (Atlantique Telecom),,347.0,Md FCFA,publie,principal,,A,,publication 2025T3
mm_valeur_transactions,AR1 (ARCEP),2024T4,trimestriel,moov,Moov Africa (Atlantique Telecom),,407.0,Md FCFA,publie,principal,,A,,publication 2025T4
mm_valeur_transactions,AR1 (ARCEP),2025T1,trimestriel,moov,Moov Africa (Atlantique Telecom),,401.0,Md FCFA,publie,principal,,A,,publication 2026T1
mm_valeur_transactions,AR1 (ARCEP),2025T2,trimestriel,moov,Moov Africa (Atlantique Telecom),,413.0,Md FCFA,publie,principal,,A,,publication 2026T2
mm_valeur_transactions,AR1 (ARCEP),2025T3,trimestriel,moov,Moov Africa (Atlantique Telecom),,399.0,Md FCFA,publie,principal,,A,,publication 2026T2
mm_valeur_transactions,AR1 (ARCEP),2025T4,trimestriel,moov,Moov Africa (Atlantique Telecom),,428.0,Md FCFA,publie,principal,,A,,publication 2026T2
mm_valeur_transactions,AR1 (ARCEP),2026T1,trimestriel,moov,Moov Africa (Atlantique Telecom),,645.0,Md FCFA,publie,principal,,A,,publication 2026T2
mm_valeur_transactions,AR1 (ARCEP),2026T2,trimestriel,moov,Moov Africa (Atlantique Telecom),,648.0,Md FCFA,publie,principal,,A,,publication 2026T2
mm_valeur_transactions,AR1 (ARCEP),2021,annuel,togocom,Togocom (Togo Cellulaire),,811.2237305900001,Md FCFA,somme_4T,principal,,A,,
mm_valeur_transactions,AR1 (ARCEP),2022,annuel,togocom,Togocom (Togo Cellulaire),,1620.548366665,Md FCFA,somme_4T,principal,,A,,
mm_valeur_transactions,AR1 (ARCEP),2023,annuel,togocom,Togocom (Togo Cellulaire),,2346.0,Md FCFA,somme_4T,principal,,A,,
mm_valeur_transactions,AR1 (ARCEP),2024,annuel,togocom,Togocom (Togo Cellulaire),,2844.0,Md FCFA,somme_4T,principal,,A,,
mm_valeur_transactions,AR1 (ARCEP),2025,annuel,togocom,Togocom (Togo Cellulaire),,3839.0,Md FCFA,somme_4T,principal,,A,,
mm_valeur_transactions,AR1 (ARCEP),2026S1,semestriel,togocom,Togocom (Togo Cellulaire),,2519.0,Md FCFA,somme_trimestres,principal,,A,,année incomplète : T1 et T2 seulement
mm_valeur_transactions,AR1 (ARCEP),2020T2,trimestriel,togocom,Togocom (Togo Cellulaire),,135.332,Md FCFA,publie,principal,,A,,publication 2021T2
mm_valeur_transactions,AR1 (ARCEP),2020T3,trimestriel,togocom,Togocom (Togo Cellulaire),,163.338,Md FCFA,publie,principal,,A,,publication 2021T3
mm_valeur_transactions,AR1 (ARCEP),2020T4,trimestriel,togocom,Togocom (Togo Cellulaire),,167.721,Md FCFA,publie,principal,,A,,publication 2021T3
mm_valeur_transactions,AR1 (ARCEP),2021T1,trimestriel,togocom,Togocom (Togo Cellulaire),,156.34809572,Md FCFA,publie,principal,,A,,publication 2022T1
mm_valeur_transactions,AR1 (ARCEP),2021T2,trimestriel,togocom,Togocom (Togo Cellulaire),,184.847147993,Md FCFA,publie,principal,,A,,publication 2022T2
mm_valeur_transactions,AR1 (ARCEP),2021T3,trimestriel,togocom,Togocom (Togo Cellulaire),,216.956368362,Md FCFA,publie,principal,,A,,publication 2022T3
mm_valeur_transactions,AR1 (ARCEP),2021T4,trimestriel,togocom,Togocom (Togo Cellulaire),,253.072118515,Md FCFA,publie,principal,,A,,publication 2022T4
mm_valeur_transactions,AR1 (ARCEP),2022T1,trimestriel,togocom,Togocom (Togo Cellulaire),,296.721935239,Md FCFA,publie,principal,,A,,publication 2023T1
mm_valeur_transactions,AR1 (ARCEP),2022T2,trimestriel,togocom,Togocom (Togo Cellulaire),,358.826431426,Md FCFA,publie,principal,,A,,publication 2023T2
mm_valeur_transactions,AR1 (ARCEP),2022T3,trimestriel,togocom,Togocom (Togo Cellulaire),,425.0,Md FCFA,publie,principal,,A,,publication 2023T3
mm_valeur_transactions,AR1 (ARCEP),2022T4,trimestriel,togocom,Togocom (Togo Cellulaire),,540.0,Md FCFA,publie,principal,,A,,publication 2023T4
mm_valeur_transactions,AR1 (ARCEP),2023T1,trimestriel,togocom,Togocom (Togo Cellulaire),,582.0,Md FCFA,publie,principal,,A,,publication 2024T1
mm_valeur_transactions,AR1 (ARCEP),2023T2,trimestriel,togocom,Togocom (Togo Cellulaire),,567.0,Md FCFA,publie,principal,,A,,publication 2024T2
mm_valeur_transactions,AR1 (ARCEP),2023T3,trimestriel,togocom,Togocom (Togo Cellulaire),,552.0,Md FCFA,publie,principal,,A,,publication 2024T3
mm_valeur_transactions,AR1 (ARCEP),2023T4,trimestriel,togocom,Togocom (Togo Cellulaire),,645.0,Md FCFA,publie,principal,,A,,publication 2024T4
mm_valeur_transactions,AR1 (ARCEP),2024T1,trimestriel,togocom,Togocom (Togo Cellulaire),,649.0,Md FCFA,publie,principal,,A,,publication 2025T1
mm_valeur_transactions,AR1 (ARCEP),2024T2,trimestriel,togocom,Togocom (Togo Cellulaire),,694.0,Md FCFA,publie,principal,,A,,publication 2025T2
mm_valeur_transactions,AR1 (ARCEP),2024T3,trimestriel,togocom,Togocom (Togo Cellulaire),,707.0,Md FCFA,publie,principal,,A,,publication 2025T3
mm_valeur_transactions,AR1 (ARCEP),2024T4,trimestriel,togocom,Togocom (Togo Cellulaire),,794.0,Md FCFA,publie,principal,,A,,publication 2025T4
mm_valeur_transactions,AR1 (ARCEP),2025T1,trimestriel,togocom,Togocom (Togo Cellulaire),,810.0,Md FCFA,publie,principal,,A,,publication 2026T1
mm_valeur_transactions,AR1 (ARCEP),2025T2,trimestriel,togocom,Togocom (Togo Cellulaire),,887.0,Md FCFA,publie,principal,,A,,publication 2026T2
mm_valeur_transactions,AR1 (ARCEP),2025T3,trimestriel,togocom,Togocom (Togo Cellulaire),,999.0,Md FCFA,publie,principal,,A,,publication 2026T2
mm_valeur_transactions,AR1 (ARCEP),2025T4,trimestriel,togocom,Togocom (Togo Cellulaire),,1143.0,Md FCFA,publie,principal,,A,,publication 2026T2
mm_valeur_transactions,AR1 (ARCEP),2026T1,trimestriel,togocom,Togocom (Togo Cellulaire),,1199.0,Md FCFA,publie,principal,,A,,publication 2026T2
mm_valeur_transactions,AR1 (ARCEP),2026T2,trimestriel,togocom,Togocom (Togo Cellulaire),,1320.0,Md FCFA,publie,principal,,A,,publication 2026T2
part_marche_telephonie_mobile,"D3 (INSEED, opendata)",2013,annuel,moov,Moov Africa (Atlantique Telecom),,45.43,%,publie,principal,,C,,
part_marche_telephonie_mobile,"D3 (INSEED, opendata)",2014,annuel,moov,Moov Africa (Atlantique Telecom),,45.52,%,publie,principal,,C,,
part_marche_telephonie_mobile,"D3 (INSEED, opendata)",2015,annuel,moov,Moov Africa (Atlantique Telecom),,45.97,%,publie,principal,,C,,
part_marche_telephonie_mobile,"D3 (INSEED, opendata)",2016,annuel,moov,Moov Africa (Atlantique Telecom),,46.02,%,publie,principal,,C,,
part_marche_telephonie_mobile,"D3 (INSEED, opendata)",2017,annuel,moov,Moov Africa (Atlantique Telecom),,48.48,%,publie,principal,,C,,
part_marche_telephonie_mobile,"D3 (INSEED, opendata)",2018,annuel,moov,Moov Africa (Atlantique Telecom),,55.41,%,publie,principal,,C,,
part_marche_telephonie_mobile,"D3 (INSEED, opendata)",2019,annuel,moov,Moov Africa (Atlantique Telecom),,48.56,%,publie,principal,,C,,valeur 2019 d'origine inconnue
part_marche_telephonie_mobile,"D3 (INSEED, opendata)",2013,annuel,togocom,Togocom (Togo Cellulaire),,54.57,%,publie,principal,,C,,
part_marche_telephonie_mobile,"D3 (INSEED, opendata)",2014,annuel,togocom,Togocom (Togo Cellulaire),,54.48,%,publie,principal,,C,,
part_marche_telephonie_mobile,"D3 (INSEED, opendata)",2015,annuel,togocom,Togocom (Togo Cellulaire),,54.03,%,publie,principal,,C,,
part_marche_telephonie_mobile,"D3 (INSEED, opendata)",2016,annuel,togocom,Togocom (Togo Cellulaire),,53.98,%,publie,principal,,C,,
part_marche_telephonie_mobile,"D3 (INSEED, opendata)",2017,annuel,togocom,Togocom (Togo Cellulaire),,51.52,%,publie,principal,,C,,
part_marche_telephonie_mobile,"D3 (INSEED, opendata)",2018,annuel,togocom,Togocom (Togo Cellulaire),,44.59,%,publie,principal,,C,,
part_marche_telephonie_mobile,"D3 (INSEED, opendata)",2019,annuel,togocom,Togocom (Togo Cellulaire),,51.44,%,publie,principal,,C,,valeur 2019 d'origine inconnue
population_15ans_plus,"IN1 (INSEED, projections)",2011,annuel,ensemble,Ensemble,,3576000.0,habitants,publie,principal,,C,IN1,
population_15ans_plus,"IN1 (INSEED, projections)",2012,annuel,ensemble,Ensemble,,3676000.0,habitants,publie,principal,,C,IN1,
population_15ans_plus,"IN1 (INSEED, projections)",2013,annuel,ensemble,Ensemble,,3780000.0,habitants,publie,principal,,C,IN1,
population_15ans_plus,"IN1 (INSEED, projections)",2014,annuel,ensemble,Ensemble,,3887000.0,habitants,publie,principal,,C,IN1,
population_15ans_plus,"IN1 (INSEED, projections)",2015,annuel,ensemble,Ensemble,,4007000.0,habitants,publie,principal,,C,IN1,
population_15ans_plus,"IN1 (INSEED, projections)",2016,annuel,ensemble,Ensemble,,4139000.0,habitants,publie,principal,,C,IN1,
population_15ans_plus,"IN1 (INSEED, projections)",2017,annuel,ensemble,Ensemble,,4278000.0,habitants,publie,principal,,C,IN1,
population_15ans_plus,"IN1 (INSEED, projections)",2018,annuel,ensemble,Ensemble,,4425000.0,habitants,publie,principal,,C,IN1,
population_15ans_plus,"IN1 (INSEED, projections)",2019,annuel,ensemble,Ensemble,,4577000.0,habitants,publie,principal,,C,IN1,
population_15ans_plus,"IN1 (INSEED, projections)",2020,annuel,ensemble,Ensemble,,4736000.0,habitants,publie,principal,,C,IN1,
population_15ans_plus,"IN1 (INSEED, projections)",2021,annuel,ensemble,Ensemble,,4890000.0,habitants,publie,principal,,C,IN1,
population_15ans_plus,"IN1 (INSEED, projections)",2022,annuel,ensemble,Ensemble,,5032000.0,habitants,publie,principal,,C,IN1,
population_15ans_plus,"IN1 (INSEED, projections)",2023,annuel,ensemble,Ensemble,,5168000.0,habitants,publie,principal,,C,IN1,
population_15ans_plus,"IN1 (INSEED, projections)",2024,annuel,ensemble,Ensemble,,5304000.0,habitants,publie,principal,,C,IN1,
population_15ans_plus,"IN1 (INSEED, projections)",2025,annuel,ensemble,Ensemble,,5440000.0,habitants,publie,principal,,C,IN1,
population_15ans_plus,"IN1 (INSEED, projections)",2026,annuel,ensemble,Ensemble,,5577000.0,habitants,publie,principal,,C,IN1,
population_15ans_plus,"IN1 (INSEED, projections)",2027,annuel,ensemble,Ensemble,,5721000.0,habitants,publie,principal,,C,IN1,
population_15ans_plus,"IN1 (INSEED, projections)",2028,annuel,ensemble,Ensemble,,5871000.0,habitants,publie,principal,,C,IN1,
population_15ans_plus,"IN1 (INSEED, projections)",2029,annuel,ensemble,Ensemble,,6028000.0,habitants,publie,principal,,C,IN1,
population_15ans_plus,"IN1 (INSEED, projections)",2030,annuel,ensemble,Ensemble,,6183000.0,habitants,publie,principal,,C,IN1,
population_15ans_plus,"IN1 (INSEED, projections)",2031,annuel,ensemble,Ensemble,,6346000.0,habitants,publie,principal,,C,IN1,
population_totale,"IN1 (INSEED, projections)",2011,annuel,ensemble,Ensemble,,6202000.0,habitants,publie,principal,,C,IN1,
population_totale,"IN1 (INSEED, projections)",2012,annuel,ensemble,Ensemble,,6353000.0,habitants,publie,principal,,C,IN1,
population_totale,"IN1 (INSEED, projections)",2013,annuel,ensemble,Ensemble,,6509000.0,habitants,publie,principal,,C,IN1,
population_totale,"IN1 (INSEED, projections)",2014,annuel,ensemble,Ensemble,,6669000.0,habitants,publie,principal,,C,IN1,
population_totale,"IN1 (INSEED, projections)",2015,annuel,ensemble,Ensemble,,6835000.0,habitants,publie,principal,,C,IN1,
population_totale,"IN1 (INSEED, projections)",2016,annuel,ensemble,Ensemble,,7006000.0,habitants,publie,principal,,C,IN1,
population_totale,"IN1 (INSEED, projections)",2017,annuel,ensemble,Ensemble,,7178000.0,habitants,publie,principal,,C,IN1,
population_totale,"IN1 (INSEED, projections)",2018,annuel,ensemble,Ensemble,,7352000.0,habitants,publie,principal,,C,IN1,
population_totale,"IN1 (INSEED, projections)",2019,annuel,ensemble,Ensemble,,7528000.0,habitants,publie,principal,,C,IN1,
population_totale,"IN1 (INSEED, projections)",2020,annuel,ensemble,Ensemble,,7706000.0,habitants,publie,principal,,C,IN1,
population_totale,"IN1 (INSEED, projections)",2021,annuel,ensemble,Ensemble,,7886000.0,habitants,publie,principal,,C,IN1,
population_totale,"IN1 (INSEED, projections)",2022,annuel,ensemble,Ensemble,,8068000.0,habitants,publie,principal,,C,IN1,
population_totale,"IN1 (INSEED, projections)",2023,annuel,ensemble,Ensemble,,8251000.0,habitants,publie,principal,,C,IN1,
population_totale,"IN1 (INSEED, projections)",2024,annuel,ensemble,Ensemble,,8437000.0,habitants,publie,principal,,C,IN1,
population_totale,"IN1 (INSEED, projections)",2025,annuel,ensemble,Ensemble,,8624000.0,habitants,publie,principal,,C,IN1,
population_totale,"IN1 (INSEED, projections)",2026,annuel,ensemble,Ensemble,,8812000.0,habitants,publie,principal,,C,IN1,
population_totale,"IN1 (INSEED, projections)",2027,annuel,ensemble,Ensemble,,9002000.0,habitants,publie,principal,,C,IN1,
population_totale,"IN1 (INSEED, projections)",2028,annuel,ensemble,Ensemble,,9192000.0,habitants,publie,principal,,C,IN1,
population_totale,"IN1 (INSEED, projections)",2029,annuel,ensemble,Ensemble,,9384000.0,habitants,publie,principal,,C,IN1,
population_totale,"IN1 (INSEED, projections)",2030,annuel,ensemble,Ensemble,,9575000.0,habitants,publie,principal,,C,IN1,
population_totale,"IN1 (INSEED, projections)",2031,annuel,ensemble,Ensemble,,9767000.0,habitants,publie,principal,,C,IN1,
teledensite_fixe,"2b (INSEED, opendata)",2010,annuel,ensemble,Ensemble,,3.41819902748356,pour 100 habitants,publie,principal,,C,INSEED (implicite),
teledensite_fixe,"2b (INSEED, opendata)",2011,annuel,ensemble,Ensemble,,3.68322814768066,pour 100 habitants,publie,principal,,C,INSEED (implicite),
teledensite_fixe,"2b (INSEED, opendata)",2012,annuel,ensemble,Ensemble,,4.058573409336,pour 100 habitants,publie,principal,,C,INSEED (implicite),
teledensite_fixe,"2b (INSEED, opendata)",2013,annuel,ensemble,Ensemble,,5.4786853188929,pour 100 habitants,publie,principal,,C,INSEED (implicite),
teledensite_fixe,"2b (INSEED, opendata)",2014,annuel,ensemble,Ensemble,,5.15080041122044,pour 100 habitants,publie,principal,,C,INSEED (implicite),
teledensite_fixe,"2b (INSEED, opendata)",2015,annuel,ensemble,Ensemble,,3.59297390306854,pour 100 habitants,publie,principal,,C,INSEED (implicite),
teledensite_fixe,"2b (INSEED, opendata)",2016,annuel,ensemble,Ensemble,,2.63219935601288,pour 100 habitants,publie,principal,,C,INSEED (implicite),
teledensite_fixe,"2b (INSEED, opendata)",2017,annuel,ensemble,Ensemble,,2.54527682843472,pour 100 habitants,publie,principal,,C,INSEED (implicite),
teledensite_fixe,"2b (INSEED, opendata)",2018,annuel,ensemble,Ensemble,,0.506599462365591,pour 100 habitants,publie,principal,,C,INSEED (implicite),
teledensite_fixe,"2b (INSEED, opendata)",2019,annuel,ensemble,Ensemble,,0.572469476171721,pour 100 habitants,publie,principal,,C,INSEED (implicite),
teledensite_fixe,"2b (INSEED, opendata)",2020,annuel,ensemble,Ensemble,,0.596446895844023,pour 100 habitants,publie,principal,,C,INSEED (implicite),
teledensite_fixe,"2b (INSEED, opendata)",2021,annuel,ensemble,Ensemble,,0.682825623668046,pour 100 habitants,publie,principal,,C,INSEED (implicite),
teledensite_fixe,"2b (INSEED, opendata)",2022,annuel,ensemble,Ensemble,,0.810487507995184,pour 100 habitants,publie,principal,,C,INSEED (implicite),
teledensite_mobile,"2b (INSEED, opendata)",2010,annuel,ensemble,Ensemble,,33.0203814958598,pour 100 habitants,publie,principal,,C,INSEED (implicite),
teledensite_mobile,"2b (INSEED, opendata)",2011,annuel,ensemble,Ensemble,,39.8258283370148,pour 100 habitants,publie,principal,,C,INSEED (implicite),
teledensite_mobile,"2b (INSEED, opendata)",2012,annuel,ensemble,Ensemble,,47.9493606532121,pour 100 habitants,publie,principal,,C,INSEED (implicite),
teledensite_mobile,"2b (INSEED, opendata)",2013,annuel,ensemble,Ensemble,,55.8650421179302,pour 100 habitants,publie,principal,,C,INSEED (implicite),
teledensite_mobile,"2b (INSEED, opendata)",2014,annuel,ensemble,Ensemble,,61.9578058452049,pour 100 habitants,publie,principal,,C,INSEED (implicite),
teledensite_mobile,"2b (INSEED, opendata)",2015,annuel,ensemble,Ensemble,,62.1220533409808,pour 100 habitants,publie,principal,,C,INSEED (implicite),
teledensite_mobile,"2b (INSEED, opendata)",2016,annuel,ensemble,Ensemble,,62.4295954080918,pour 100 habitants,publie,principal,,C,INSEED (implicite),
teledensite_mobile,"2b (INSEED, opendata)",2017,annuel,ensemble,Ensemble,,64.1200820232399,pour 100 habitants,publie,principal,,C,INSEED (implicite),
teledensite_mobile,"2b (INSEED, opendata)",2018,annuel,ensemble,Ensemble,,67.9443279569892,pour 100 habitants,publie,principal,,C,INSEED (implicite),
teledensite_mobile,"2b (INSEED, opendata)",2019,annuel,ensemble,Ensemble,,72.7158592621767,pour 100 habitants,publie,principal,,C,INSEED (implicite),
teledensite_mobile,"2b (INSEED, opendata)",2020,annuel,ensemble,Ensemble,,74.4838506926629,pour 100 habitants,publie,principal,,C,INSEED (implicite),
teledensite_mobile,"2b (INSEED, opendata)",2021,annuel,ensemble,Ensemble,,78.4102920897581,pour 100 habitants,publie,principal,,C,INSEED (implicite),
teledensite_mobile,"2b (INSEED, opendata)",2022,annuel,ensemble,Ensemble,,81.0837332057892,pour 100 habitants,publie,principal,,C,INSEED (implicite),
usage_internet_pct_population,"D1 / 1b (Banque mondiale, API)",1990,annuel,ensemble,Ensemble,,0.0,% de la population,publie,principal,,C,Banque mondiale (implicite),estimation UIT
usage_internet_pct_population,"D1 / 1b (Banque mondiale, API)",1991,annuel,ensemble,Ensemble,,0.0,% de la population,publie,principal,,C,Banque mondiale (implicite),estimation UIT
usage_internet_pct_population,"D1 / 1b (Banque mondiale, API)",1992,annuel,ensemble,Ensemble,,0.0,% de la population,publie,principal,,C,Banque mondiale (implicite),estimation UIT
usage_internet_pct_population,"D1 / 1b (Banque mondiale, API)",1993,annuel,ensemble,Ensemble,,0.0,% de la population,publie,principal,,C,Banque mondiale (implicite),estimation UIT
usage_internet_pct_population,"D1 / 1b (Banque mondiale, API)",1994,annuel,ensemble,Ensemble,,0.0,% de la population,publie,principal,,C,Banque mondiale (implicite),estimation UIT
usage_internet_pct_population,"D1 / 1b (Banque mondiale, API)",1995,annuel,ensemble,Ensemble,,0.0,% de la population,publie,principal,,C,Banque mondiale (implicite),estimation UIT
usage_internet_pct_population,"D1 / 1b (Banque mondiale, API)",1996,annuel,ensemble,Ensemble,,0.0109,% de la population,publie,principal,,C,Banque mondiale (implicite),estimation UIT
usage_internet_pct_population,"D1 / 1b (Banque mondiale, API)",1997,annuel,ensemble,Ensemble,,0.211,% de la population,publie,principal,,C,Banque mondiale (implicite),estimation UIT
usage_internet_pct_population,"D1 / 1b (Banque mondiale, API)",1998,annuel,ensemble,Ensemble,,0.306,% de la population,publie,principal,,C,Banque mondiale (implicite),estimation UIT
usage_internet_pct_population,"D1 / 1b (Banque mondiale, API)",1999,annuel,ensemble,Ensemble,,0.59,% de la population,publie,principal,,C,Banque mondiale (implicite),estimation UIT
usage_internet_pct_population,"D1 / 1b (Banque mondiale, API)",2000,annuel,ensemble,Ensemble,,0.8,% de la population,publie,principal,,C,Banque mondiale (implicite),estimation UIT
usage_internet_pct_population,"D1 / 1b (Banque mondiale, API)",2001,annuel,ensemble,Ensemble,,0.9,% de la population,publie,principal,,C,Banque mondiale (implicite),estimation UIT
usage_internet_pct_population,"D1 / 1b (Banque mondiale, API)",2002,annuel,ensemble,Ensemble,,1.0,% de la population,publie,principal,,C,Banque mondiale (implicite),estimation UIT
usage_internet_pct_population,"D1 / 1b (Banque mondiale, API)",2003,annuel,ensemble,Ensemble,,1.2,% de la population,publie,principal,,C,Banque mondiale (implicite),estimation UIT
usage_internet_pct_population,"D1 / 1b (Banque mondiale, API)",2004,annuel,ensemble,Ensemble,,1.5,% de la population,publie,principal,,C,Banque mondiale (implicite),estimation UIT
usage_internet_pct_population,"D1 / 1b (Banque mondiale, API)",2005,annuel,ensemble,Ensemble,,1.799999952,% de la population,publie,principal,,C,Banque mondiale (implicite),estimation UIT
usage_internet_pct_population,"D1 / 1b (Banque mondiale, API)",2006,annuel,ensemble,Ensemble,,2.0,% de la population,publie,principal,,C,Banque mondiale (implicite),estimation UIT
usage_internet_pct_population,"D1 / 1b (Banque mondiale, API)",2007,annuel,ensemble,Ensemble,,2.200000048,% de la population,publie,principal,,C,Banque mondiale (implicite),estimation UIT
usage_internet_pct_population,"D1 / 1b (Banque mondiale, API)",2008,annuel,ensemble,Ensemble,,2.400000095,% de la population,publie,principal,,C,Banque mondiale (implicite),estimation UIT
usage_internet_pct_population,"D1 / 1b (Banque mondiale, API)",2009,annuel,ensemble,Ensemble,,2.599999905,% de la population,publie,principal,,C,Banque mondiale (implicite),estimation UIT
usage_internet_pct_population,"D1 / 1b (Banque mondiale, API)",2010,annuel,ensemble,Ensemble,,3.0,% de la population,publie,principal,,C,Banque mondiale (implicite),estimation UIT
usage_internet_pct_population,"D1 / 1b (Banque mondiale, API)",2011,annuel,ensemble,Ensemble,,3.5,% de la population,publie,principal,,C,Banque mondiale (implicite),estimation UIT
usage_internet_pct_population,"D1 / 1b (Banque mondiale, API)",2012,annuel,ensemble,Ensemble,,4.0,% de la population,publie,principal,,C,Banque mondiale (implicite),estimation UIT
usage_internet_pct_population,"D1 / 1b (Banque mondiale, API)",2013,annuel,ensemble,Ensemble,,4.5,% de la population,publie,principal,,C,Banque mondiale (implicite),estimation UIT
usage_internet_pct_population,"D1 / 1b (Banque mondiale, API)",2014,annuel,ensemble,Ensemble,,5.699999809,% de la population,publie,principal,,C,Banque mondiale (implicite),estimation UIT
usage_internet_pct_population,"D1 / 1b (Banque mondiale, API)",2015,annuel,ensemble,Ensemble,,7.119999886,% de la population,publie,principal,,C,Banque mondiale (implicite),estimation UIT
usage_internet_pct_population,"D1 / 1b (Banque mondiale, API)",2016,annuel,ensemble,Ensemble,,11.31000042,% de la population,publie,principal,,C,Banque mondiale (implicite),estimation UIT
usage_internet_pct_population,"D1 / 1b (Banque mondiale, API)",2017,annuel,ensemble,Ensemble,,12.3602249692905,% de la population,publie,principal,,C,Banque mondiale (implicite),INSEED (enquête)
usage_internet_pct_population,"D1 / 1b (Banque mondiale, API)",2018,annuel,ensemble,Ensemble,,15.5,% de la population,publie,principal,,C,Banque mondiale (implicite),estimation UIT
usage_internet_pct_population,"D1 / 1b (Banque mondiale, API)",2019,annuel,ensemble,Ensemble,,20.72730064,% de la population,publie,principal,,C,Banque mondiale (implicite),estimation UIT
usage_internet_pct_population,"D1 / 1b (Banque mondiale, API)",2020,annuel,ensemble,Ensemble,,29.02370071,% de la population,publie,principal,,C,Banque mondiale (implicite),estimation UIT
usage_internet_pct_population,"D1 / 1b (Banque mondiale, API)",2021,annuel,ensemble,Ensemble,,30.33839989,% de la population,publie,principal,,C,Banque mondiale (implicite),estimation UIT
usage_internet_pct_population,"D1 / 1b (Banque mondiale, API)",2022,annuel,ensemble,Ensemble,,35.60749817,% de la population,publie,principal,,C,Banque mondiale (implicite),estimation UIT
usage_internet_pct_population,"D1 / 1b (Banque mondiale, API)",2023,annuel,ensemble,Ensemble,,37.57020187,% de la population,publie,principal,,C,Banque mondiale (implicite),estimation UIT
usage_internet_pct_population,"D1 / 1b (Banque mondiale, API)",2024,annuel,ensemble,Ensemble,,39.48320007,% de la population,publie,principal,,C,Banque mondiale (implicite),estimation UIT
