indicateur,operateur,operateur_libelle,technologie,trimestre,valeur,unite,numero_source,n_publications,revise,ecart_revision_pct,conflit_meme_numero,rupture,niveau_preuve,source,libelle_source
abonnes_data_mobile,ensemble,Ensemble,haut_debit,2017T1,1601393.0,abonnés,2018T1,1,0,0.0,0,,A,"AR1 (ARCEP, observatoire trimestriel)",Total abonnés mobile Internet haut débit
abonnes_data_mobile,ensemble,Ensemble,haut_debit,2017T2,1729446.0,abonnés,2018T2,2,0,0.0,0,,A,"AR1 (ARCEP, observatoire trimestriel)",Total abonnés mobile Internet haut débit
abonnes_data_mobile,ensemble,Ensemble,haut_debit,2017T3,2011848.0,abonnés,2018T2,2,0,0.0,0,,A,"AR1 (ARCEP, observatoire trimestriel)",Total abonnés mobile Internet haut débit
abonnes_data_mobile,ensemble,Ensemble,haut_debit,2017T4,2015072.0,abonnés,2018T2,2,0,0.0,0,,A,"AR1 (ARCEP, observatoire trimestriel)",Total abonnés mobile Internet haut débit
abonnes_data_mobile,ensemble,Ensemble,haut_debit,2018T1,2138922.0,abonnés,2018T2,2,0,0.0,0,,A,"AR1 (ARCEP, observatoire trimestriel)",Total abonnés mobile Internet haut débit
abonnes_data_mobile,ensemble,Ensemble,haut_debit,2018T2,2271782.0,abonnés,2019T2,2,0,0.0,0,,A,"AR1 (ARCEP, observatoire trimestriel)",Total abonnés mobile Internet haut débit
abonnes_data_mobile,ensemble,Ensemble,haut_debit,2018T3,2482748.0,abonnés,2019T3,2,0,0.0,0,,A,"AR1 (ARCEP, observatoire trimestriel)",Total abonnés mobile Internet haut débit
abonnes_data_mobile,ensemble,Ensemble,haut_debit,2018T4,2524282.0,abonnés,2019T4,3,0,0.0,0,,A,"AR1 (ARCEP, observatoire trimestriel)",Total abonnés mobile Internet haut débit
abonnes_data_mobile,ensemble,Ensemble,haut_debit,2019T1,2719130.0,abonnés,2020T1,4,0,0.0,0,,A,"AR1 (ARCEP, observatoire trimestriel)",Total abonnés mobile Internet haut débit
abonnes_data_mobile,ensemble,Ensemble,haut_debit,2019T2,2972541.0,abonnés,2020T2,5,0,0.0,0,,A,"AR1 (ARCEP, observatoire trimestriel)",Total abonnés mobile Internet haut débit
abonnes_data_mobile,ensemble,Ensemble,haut_debit,2019T3,3199706.0,abonnés,2020T3,5,0,0.0,0,,A,"AR1 (ARCEP, observatoire trimestriel)",Total abonnés mobile Internet haut débit
abonnes_data_mobile,ensemble,Ensemble,haut_debit,2019T4,3322213.0,abonnés,2020T4,5,0,0.0,0,,A,"AR1 (ARCEP, observatoire trimestriel)",Total abonnés mobile Internet haut débit
abonnes_data_mobile,ensemble,Ensemble,haut_debit,2020T1,2496488.0,abonnés,2021T1,5,0,0.0,0,"S6 : reclassement 3G / 4G de Togocel, non documenté ; aucune évolution par technologie calculée à travers",A,"AR1 (ARCEP, observatoire trimestriel)",Total abonnés mobile Internet haut débit
abonnes_data_mobile,ensemble,Ensemble,haut_debit,2020T2,2663993.0,abonnés,2021T2,5,0,0.0,0,,A,"AR1 (ARCEP, observatoire trimestriel)",Total abonnés mobile Internet haut débit
abonnes_data_mobile,ensemble,Ensemble,haut_debit,2020T3,2793135.0,abonnés,2021T3,5,0,0.0,0,,A,"AR1 (ARCEP, observatoire trimestriel)",Total abonnés mobile Internet haut débit
abonnes_data_mobile,ensemble,Ensemble,haut_debit,2020T4,3079412.0,abonnés,2021T4,5,0,0.0,0,,A,"AR1 (ARCEP, observatoire trimestriel)",Total abonnés mobile Internet haut débit
abonnes_data_mobile,ensemble,Ensemble,haut_debit,2021T1,2611038.0,abonnés,2022T1,5,1,8.28,0,,A,"AR1 (ARCEP, observatoire trimestriel)",Total abonnés mobile Internet haut débit
abonnes_data_mobile,ensemble,Ensemble,haut_debit,2021T2,2648914.0,abonnés,2022T2,5,1,3.97,0,,A,"AR1 (ARCEP, observatoire trimestriel)",Total abonnés mobile Internet haut débit
abonnes_data_mobile,ensemble,Ensemble,haut_debit,2021T3,2795471.0,abonnés,2022T3,5,1,8.22,0,,A,"AR1 (ARCEP, observatoire trimestriel)",Total abonnés mobile Internet haut débit
abonnes_data_mobile,ensemble,Ensemble,haut_debit,2021T4,2961688.0,abonnés,2022T4,5,1,13.84,0,,A,"AR1 (ARCEP, observatoire trimestriel)",Total abonnés mobile Internet haut débit
abonnes_data_mobile,ensemble,Ensemble,haut_debit,2022T1,3040602.0,abonnés,2023T1,5,0,0.0,0,,A,"AR1 (ARCEP, observatoire trimestriel)",Total abonnés mobile Internet haut débit
abonnes_data_mobile,ensemble,Ensemble,haut_debit,2022T2,3103546.0,abonnés,2023T2,5,0,0.0,0,,A,"AR1 (ARCEP, observatoire trimestriel)",Total abonnés mobile Internet haut débit
abonnes_data_mobile,ensemble,Ensemble,haut_debit,2022T3,3252259.0,abonnés,2023T2,4,0,0.0,0,,A,"AR1 (ARCEP, observatoire trimestriel)",Total abonnés mobile Internet haut débit
abonnes_data_mobile,ensemble,Ensemble,haut_debit,2022T4,3362423.0,abonnés,2023T2,3,0,0.0,0,,A,"AR1 (ARCEP, observatoire trimestriel)",Total abonnés mobile Internet haut débit
abonnes_data_mobile,ensemble,Ensemble,haut_debit,2023T1,3420074.0,abonnés,2024T1,3,0,0.0,0,,A,"AR1 (ARCEP, observatoire trimestriel)",Total abonnés mobile Internet haut débit
abonnes_data_mobile,ensemble,Ensemble,haut_debit,2023T2,3435876.0,abonnés,2024T2,3,0,0.0,0,,A,"AR1 (ARCEP, observatoire trimestriel)",Total abonnés mobile Internet haut débit
abonnes_data_mobile,ensemble,Ensemble,haut_debit,2023T3,3785270.0,abonnés,2024T3,3,0,0.0,0,,A,"AR1 (ARCEP, observatoire trimestriel)",Total abonnés mobile Internet haut débit
abonnes_data_mobile,ensemble,Ensemble,haut_debit,2023T4,3867977.0,abonnés,2024T4,4,0,0.0,0,,A,"AR1 (ARCEP, observatoire trimestriel)",Total abonnés mobile Internet haut débit
abonnes_data_mobile,ensemble,Ensemble,haut_debit,2024T1,4060400.0,abonnés,2025T1,5,0,0.0,0,,A,"AR1 (ARCEP, observatoire trimestriel)",Total abonnés data mobile haut débit
abonnes_data_mobile,ensemble,Ensemble,haut_debit,2024T2,4085557.0,abonnés,2025T2,5,0,0.0,0,,A,"AR1 (ARCEP, observatoire trimestriel)",Total abonnés data mobile haut débit
abonnes_data_mobile,ensemble,Ensemble,haut_debit,2024T3,4229857.0,abonnés,2025T3,5,0,0.0,0,,A,"AR1 (ARCEP, observatoire trimestriel)",Total abonnés data mobile haut débit
abonnes_data_mobile,ensemble,Ensemble,haut_debit,2024T4,4310286.0,abonnés,2025T4,5,0,0.0,0,,A,"AR1 (ARCEP, observatoire trimestriel)",Total abonnés data mobile haut débit
abonnes_data_mobile,ensemble,Ensemble,haut_debit,2025T1,4516429.0,abonnés,2026T1,5,0,0.0,0,,A,"AR1 (ARCEP, observatoire trimestriel)",Total abonnés data mobile haut débit
abonnes_data_mobile,ensemble,Ensemble,haut_debit,2025T2,4671514.0,abonnés,2026T2,5,0,0.0,0,,A,"AR1 (ARCEP, observatoire trimestriel)",Total abonnés data mobile haut débit (3G/4G/5G)
abonnes_data_mobile,ensemble,Ensemble,haut_debit,2025T3,4927608.0,abonnés,2026T2,4,0,0.0,0,,A,"AR1 (ARCEP, observatoire trimestriel)",Total abonnés data mobile haut débit (3G/4G/5G)
abonnes_data_mobile,ensemble,Ensemble,haut_debit,2025T4,5156648.0,abonnés,2026T2,3,0,0.0,0,,A,"AR1 (ARCEP, observatoire trimestriel)",Total abonnés data mobile haut débit (3G/4G/5G)
abonnes_data_mobile,ensemble,Ensemble,haut_debit,2026T1,5464688.0,abonnés,2026T2,2,0,0.0,0,,A,"AR1 (ARCEP, observatoire trimestriel)",Total abonnés data mobile haut débit (3G/4G/5G)
abonnes_data_mobile,ensemble,Ensemble,haut_debit,2026T2,5707226.0,abonnés,2026T2,1,0,0.0,0,,A,"AR1 (ARCEP, observatoire trimestriel)",Total abonnés data mobile haut débit (3G/4G/5G)
abonnes_data_mobile,ensemble,Ensemble,total,2017T1,1943729.0,abonnés,2018T1,1,0,0.0,0,,A,"AR1 (ARCEP, observatoire trimestriel)",Total abonnés mobile Internet
abonnes_data_mobile,ensemble,Ensemble,total,2017T2,2052042.0,abonnés,2018T2,2,0,0.0,0,,A,"AR1 (ARCEP, observatoire trimestriel)",Total abonnés mobile Internet
abonnes_data_mobile,ensemble,Ensemble,total,2017T3,2567721.0,abonnés,2018T2,2,0,0.0,0,,A,"AR1 (ARCEP, observatoire trimestriel)",Total abonnés mobile Internet
abonnes_data_mobile,ensemble,Ensemble,total,2017T4,2604463.0,abonnés,2018T2,2,0,0.0,0,,A,"AR1 (ARCEP, observatoire trimestriel)",Total abonnés mobile Internet
abonnes_data_mobile,ensemble,Ensemble,total,2018T1,2824967.0,abonnés,2018T2,2,0,0.0,0,,A,"AR1 (ARCEP, observatoire trimestriel)",Total abonnés mobile Internet
abonnes_data_mobile,ensemble,Ensemble,total,2018T2,3040731.0,abonnés,2019T2,2,0,0.0,0,,A,"AR1 (ARCEP, observatoire trimestriel)",Total data mobile toute technologie
abonnes_data_mobile,ensemble,Ensemble,total,2018T3,3479385.0,abonnés,2019T3,2,0,0.0,0,,A,"AR1 (ARCEP, observatoire trimestriel)",Total data mobile toute technologie
abonnes_data_mobile,ensemble,Ensemble,total,2018T4,3660055.0,abonnés,2019T4,3,0,0.0,0,,A,"AR1 (ARCEP, observatoire trimestriel)",Total data mobile toute technologie
abonnes_data_mobile,ensemble,Ensemble,total,2019T1,3979525.0,abonnés,2020T1,4,0,0.0,0,,A,"AR1 (ARCEP, observatoire trimestriel)",Total data mobile toute technologie
abonnes_data_mobile,ensemble,Ensemble,total,2019T2,4274493.0,abonnés,2020T2,5,0,0.0,0,,A,"AR1 (ARCEP, observatoire trimestriel)",Total data mobile toute technologie
abonnes_data_mobile,ensemble,Ensemble,total,2019T3,4538716.0,abonnés,2020T3,5,0,0.0,0,,A,"AR1 (ARCEP, observatoire trimestriel)",Total data mobile toute technologie
abonnes_data_mobile,ensemble,Ensemble,total,2019T4,4671179.0,abonnés,2020T4,5,0,0.0,0,,A,"AR1 (ARCEP, observatoire trimestriel)",Total data mobile toutes technologies
abonnes_data_mobile,ensemble,Ensemble,total,2020T1,4362555.0,abonnés,2021T1,5,0,0.0,0,"S6 : reclassement 3G / 4G de Togocel, non documenté ; aucune évolution par technologie calculée à travers",A,"AR1 (ARCEP, observatoire trimestriel)",Total data mobile toute technologie
abonnes_data_mobile,ensemble,Ensemble,total,2020T2,4492632.0,abonnés,2021T2,5,0,0.0,0,,A,"AR1 (ARCEP, observatoire trimestriel)",Total data mobile toute technologie
abonnes_data_mobile,ensemble,Ensemble,total,2020T3,4604643.0,abonnés,2021T3,5,0,0.0,0,,A,"AR1 (ARCEP, observatoire trimestriel)",Total data mobile toute technologie
abonnes_data_mobile,ensemble,Ensemble,total,2020T4,4891899.0,abonnés,2021T3,4,0,0.0,0,,A,"AR1 (ARCEP, observatoire trimestriel)",Total data mobile toute technologie
abonnes_data_mobile,ensemble,Ensemble,total,2021T1,4544856.0,abonnés,2022T1,4,1,21.46,0,,A,"AR1 (ARCEP, observatoire trimestriel)",Total data mobile toute technologie
abonnes_data_mobile,ensemble,Ensemble,total,2021T2,4516964.0,abonnés,2022T2,4,1,15.53,0,,A,"AR1 (ARCEP, observatoire trimestriel)",Total data mobile toute technologie
abonnes_data_mobile,ensemble,Ensemble,total,2021T3,4531380.0,abonnés,2022T3,4,1,23.64,0,,A,"AR1 (ARCEP, observatoire trimestriel)",Total data mobile toute technologie
abonnes_data_mobile,ensemble,Ensemble,total,2021T4,4651596.0,abonnés,2022T4,4,0,0.0,0,,A,"AR1 (ARCEP, observatoire trimestriel)",Total data mobile toute technologie
abonnes_data_mobile,ensemble,Ensemble,total,2022T1,4695211.0,abonnés,2023T1,5,0,0.0,0,,A,"AR1 (ARCEP, observatoire trimestriel)",Total data mobile toute technologie
abonnes_data_mobile,ensemble,Ensemble,total,2022T2,4730534.0,abonnés,2023T2,5,0,0.0,0,,A,"AR1 (ARCEP, observatoire trimestriel)",Total data mobile toute technologie
abonnes_data_mobile,ensemble,Ensemble,total,2022T3,4838961.0,abonnés,2023T2,4,0,0.0,0,,A,"AR1 (ARCEP, observatoire trimestriel)",Total data mobile toute technologie
abonnes_data_mobile,ensemble,Ensemble,total,2022T4,4870282.0,abonnés,2023T2,3,0,0.0,0,,A,"AR1 (ARCEP, observatoire trimestriel)",Total data mobile toute technologie
abonnes_data_mobile,ensemble,Ensemble,total,2023T1,4854906.0,abonnés,2024T1,3,0,0.0,0,,A,"AR1 (ARCEP, observatoire trimestriel)",Total data mobile toute technologie
abonnes_data_mobile,ensemble,Ensemble,total,2023T2,4680228.0,abonnés,2024T2,3,0,0.0,0,,A,"AR1 (ARCEP, observatoire trimestriel)",Total data mobile toute technologie
abonnes_data_mobile,ensemble,Ensemble,total,2023T3,5302625.0,abonnés,2024T3,3,0,0.0,0,,A,"AR1 (ARCEP, observatoire trimestriel)",Total data mobile toute technologie
abonnes_data_mobile,ensemble,Ensemble,total,2023T4,5281504.0,abonnés,2024T4,4,0,0.0,0,,A,"AR1 (ARCEP, observatoire trimestriel)",Total data mobile toute technologie
abonnes_data_mobile,ensemble,Ensemble,total,2024T1,5565766.0,abonnés,2025T1,5,0,0.0,0,,A,"AR1 (ARCEP, observatoire trimestriel)",Total abonnés data mobile 2G/3G/4G
abonnes_data_mobile,ensemble,Ensemble,total,2024T2,5615321.0,abonnés,2025T2,5,0,0.0,0,,A,"AR1 (ARCEP, observatoire trimestriel)",Total abonnés data mobile 2G/3G/4G
abonnes_data_mobile,ensemble,Ensemble,total,2024T3,5686151.0,abonnés,2025T3,5,0,0.0,0,,A,"AR1 (ARCEP, observatoire trimestriel)",Total abonnés data mobile 2G/3G/4G
abonnes_data_mobile,ensemble,Ensemble,total,2024T4,5624336.0,abonnés,2025T4,5,0,0.0,0,,A,"AR1 (ARCEP, observatoire trimestriel)",Total abonnés data mobile 2G/3G/4G
abonnes_data_mobile,ensemble,Ensemble,total,2025T1,5899539.0,abonnés,2026T1,5,0,0.0,0,,A,"AR1 (ARCEP, observatoire trimestriel)",Total abonnés data mobile 2G/3G/4G
abonnes_data_mobile,ensemble,Ensemble,total,2025T2,6040937.0,abonnés,2026T2,5,0,0.0,0,,A,"AR1 (ARCEP, observatoire trimestriel)",Total abonnés data mobile 2G/3G/4G/5G
abonnes_data_mobile,ensemble,Ensemble,total,2025T3,6218838.0,abonnés,2026T2,4,0,0.0,0,,A,"AR1 (ARCEP, observatoire trimestriel)",Total abonnés data mobile 2G/3G/4G/5G
abonnes_data_mobile,ensemble,Ensemble,total,2025T4,6346056.0,abonnés,2026T2,3,0,0.0,0,,A,"AR1 (ARCEP, observatoire trimestriel)",Total abonnés data mobile 2G/3G/4G/5G
abonnes_data_mobile,ensemble,Ensemble,total,2026T1,6652523.0,abonnés,2026T2,2,0,0.0,0,,A,"AR1 (ARCEP, observatoire trimestriel)",Total abonnés data mobile 2G/3G/4G/5G
abonnes_data_mobile,ensemble,Ensemble,total,2026T2,6982197.0,abonnés,2026T2,1,0,0.0,0,,A,"AR1 (ARCEP, observatoire trimestriel)",Total abonnés data mobile 2G/3G/4G/5G
abonnes_data_mobile,moov,Moov Africa (Atlantique Telecom),2G,2017T1,327798.0,abonnés,2018T1,1,0,0.0,0,,A,"AR1 (ARCEP, observatoire trimestriel)",Abonnées GPRS/EDGE Moov Togo
abonnes_data_mobile,moov,Moov Africa (Atlantique Telecom),2G,2017T2,309047.0,abonnés,2018T2,2,0,0.0,0,,A,"AR1 (ARCEP, observatoire trimestriel)",Abonnées GPRS/EDGE Moov Togo
abonnes_data_mobile,moov,Moov Africa (Atlantique Telecom),2G,2017T3,542911.0,abonnés,2018T3,3,0,0.0,0,,A,"AR1 (ARCEP, observatoire trimestriel)",Abonnées GPRS/EDGE Moov Togo
abonnes_data_mobile,moov,Moov Africa (Atlantique Telecom),2G,2017T4,577380.0,abonnés,2018T4,4,0,0.0,0,,A,"AR1 (ARCEP, observatoire trimestriel)",Abonnées GPRS/EDGE Moov Togo
abonnes_data_mobile,moov,Moov Africa (Atlantique Telecom),2G,2018T1,674207.0,abonnés,2019T1,5,0,0.0,0,,A,"AR1 (ARCEP, observatoire trimestriel)",Abonnées GPRS/EDGE Moov Togo
abonnes_data_mobile,moov,Moov Africa (Atlantique Telecom),2G,2018T2,756615.0,abonnés,2019T2,5,0,0.0,0,,A,"AR1 (ARCEP, observatoire trimestriel)",Abonnées GPRS/EDGE Moov Togo
abonnes_data_mobile,moov,Moov Africa (Atlantique Telecom),2G,2018T3,967063.0,abonnés,2019T3,5,0,0.0,0,,A,"AR1 (ARCEP, observatoire trimestriel)",Abonnées GPRS/EDGE Moov Togo
abonnes_data_mobile,moov,Moov Africa (Atlantique Telecom),2G,2018T4,1106284.0,abonnés,2019T4,5,0,0.0,0,,A,"AR1 (ARCEP, observatoire trimestriel)",Abonnées GPRS/EDGE Moov Togo
abonnes_data_mobile,moov,Moov Africa (Atlantique Telecom),2G,2019T1,1233020.0,abonnés,2020T1,5,0,0.0,0,,A,"AR1 (ARCEP, observatoire trimestriel)",Abonnées GPRS/EDGE Moov Togo
abonnes_data_mobile,moov,Moov Africa (Atlantique Telecom),2G,2019T2,1280498.0,abonnés,2020T2,5,0,0.0,0,,A,"AR1 (ARCEP, observatoire trimestriel)",Abonnés GPRS/EDGE Moov Togo
abonnes_data_mobile,moov,Moov Africa (Atlantique Telecom),2G,2019T3,1318419.0,abonnés,2020T3,5,0,0.0,0,,A,"AR1 (ARCEP, observatoire trimestriel)",Abonnés GPRS/EDGE Moov Togo
abonnes_data_mobile,moov,Moov Africa (Atlantique Telecom),2G,2019T4,1328472.0,abonnés,2020T4,5,0,0.0,0,,A,"AR1 (ARCEP, observatoire trimestriel)",Abonnés GPRS/EDGE Moov Togo
abonnes_data_mobile,moov,Moov Africa (Atlantique Telecom),2G,2020T1,1865558.0,abonnés,2021T1,5,0,0.0,0,"S6 : reclassement 3G / 4G de Togocel, non documenté ; aucune évolution par technologie calculée à travers",A,"AR1 (ARCEP, observatoire trimestriel)",Abonnées GPRS/EDGE Moov Togo
abonnes_data_mobile,moov,Moov Africa (Atlantique Telecom),2G,2020T2,1828079.0,abonnés,2021T2,5,0,0.0,0,,A,"AR1 (ARCEP, observatoire trimestriel)",Abonnées GPRS/EDGE Moov Togo
abonnes_data_mobile,moov,Moov Africa (Atlantique Telecom),2G,2020T3,1810921.0,abonnés,2021T3,5,0,0.0,0,,A,"AR1 (ARCEP, observatoire trimestriel)",Abonnées GPRS/EDGE Moov Togo
abonnes_data_mobile,moov,Moov Africa (Atlantique Telecom),2G,2020T4,1811504.0,abonnés,2021T4,5,0,0.0,0,,A,"AR1 (ARCEP, observatoire trimestriel)",Abonnées GPRS/EDGE Moov Togo
abonnes_data_mobile,moov,Moov Africa (Atlantique Telecom),2G,2021T1,1046832.0,abonnés,2022T1,5,1,72.52,0,,A,"AR1 (ARCEP, observatoire trimestriel)",Abonnées GPRS/EDGE Moov Togo
abonnes_data_mobile,moov,Moov Africa (Atlantique Telecom),2G,2021T2,999661.0,abonnés,2022T2,5,1,59.64,0,,A,"AR1 (ARCEP, observatoire trimestriel)",Abonnées GPRS/EDGE Moov Togo
abonnes_data_mobile,moov,Moov Africa (Atlantique Telecom),2G,2021T3,894430.0,abonnés,2022T3,5,1,94.08,0,,A,"AR1 (ARCEP, observatoire trimestriel)",Abonnées GPRS/EDGE Moov Togo
abonnes_data_mobile,moov,Moov Africa (Atlantique Telecom),2G,2021T4,815345.0,abonnés,2022T4,5,1,103.58,0,,A,"AR1 (ARCEP, observatoire trimestriel)",Abonnées GPRS/EDGE Moov Togo
abonnes_data_mobile,moov,Moov Africa (Atlantique Telecom),2G,2022T1,782515.0,abonnés,2023T1,5,0,0.0,0,,A,"AR1 (ARCEP, observatoire trimestriel)",Abonnées GPRS/EDGE Moov Togo
abonnes_data_mobile,moov,Moov Africa (Atlantique Telecom),2G,2022T2,796363.0,abonnés,2023T2,5,0,0.0,0,,A,"AR1 (ARCEP, observatoire trimestriel)",Abonnées GPRS/EDGE Moov Togo
abonnes_data_mobile,moov,Moov Africa (Atlantique Telecom),2G,2022T3,719721.0,abonnés,2023T2,4,0,0.0,0,,A,"AR1 (ARCEP, observatoire trimestriel)",Abonnées GPRS/EDGE Moov Togo
abonnes_data_mobile,moov,Moov Africa (Atlantique Telecom),2G,2022T4,663279.0,abonnés,2023T2,3,0,0.0,0,,A,"AR1 (ARCEP, observatoire trimestriel)",Abonnées GPRS/EDGE Moov Togo
abonnes_data_mobile,moov,Moov Africa (Atlantique Telecom),2G,2023T1,669970.0,abonnés,2024T1,3,0,0.0,0,,A,"AR1 (ARCEP, observatoire trimestriel)",Abonnées GPRS/EDGE Moov Togo
abonnes_data_mobile,moov,Moov Africa (Atlantique Telecom),2G,2023T2,723713.0,abonnés,2024T2,3,0,0.0,0,,A,"AR1 (ARCEP, observatoire trimestriel)",Abonnées GPRS/EDGE Moov Togo
abonnes_data_mobile,moov,Moov Africa (Atlantique Telecom),2G,2023T3,638062.0,abonnés,2024T3,3,0,0.0,0,,A,"AR1 (ARCEP, observatoire trimestriel)",Abonnées GPRS/EDGE Moov Togo
abonnes_data_mobile,moov,Moov Africa (Atlantique Telecom),2G,2023T4,574359.0,abonnés,2024T4,4,0,0.0,0,,A,"AR1 (ARCEP, observatoire trimestriel)",Abonnées GPRS/EDGE Moov Togo
abonnes_data_mobile,moov,Moov Africa (Atlantique Telecom),2G,2024T1,631873.0,abonnés,2025T1,5,0,0.0,0,,A,"AR1 (ARCEP, observatoire trimestriel)",Abonnés GPRS/EDGE Moov Africa Togo
abonnes_data_mobile,moov,Moov Africa (Atlantique Telecom),2G,2024T2,648598.0,abonnés,2025T2,5,0,0.0,0,,A,"AR1 (ARCEP, observatoire trimestriel)",Abonnés GPRS/EDGE Moov Africa Togo
abonnes_data_mobile,moov,Moov Africa (Atlantique Telecom),2G,2024T3,635995.0,abonnés,2025T3,5,0,0.0,0,,A,"AR1 (ARCEP, observatoire trimestriel)",Abonnés GPRS/EDGE Moov Africa Togo
abonnes_data_mobile,moov,Moov Africa (Atlantique Telecom),2G,2024T4,610075.0,abonnés,2025T4,5,0,0.0,0,,A,"AR1 (ARCEP, observatoire trimestriel)",Abonnés GPRS/EDGE Moov Africa Togo
abonnes_data_mobile,moov,Moov Africa (Atlantique Telecom),2G,2025T1,603589.0,abonnés,2026T1,5,0,0.0,0,,A,"AR1 (ARCEP, observatoire trimestriel)",Abonnés GPRS/EDGE Moov Africa Togo
abonnes_data_mobile,moov,Moov Africa (Atlantique Telecom),2G,2025T2,595573.0,abonnés,2026T2,5,0,0.0,0,,A,"AR1 (ARCEP, observatoire trimestriel)",Abonnés GPRS/EDGE Moov Africa Togo
abonnes_data_mobile,moov,Moov Africa (Atlantique Telecom),2G,2025T3,572702.0,abonnés,2026T2,4,0,0.0,0,,A,"AR1 (ARCEP, observatoire trimestriel)",Abonnés GPRS/EDGE Moov Africa Togo
abonnes_data_mobile,moov,Moov Africa (Atlantique Telecom),2G,2025T4,535821.0,abonnés,2026T2,3,0,0.0,0,,A,"AR1 (ARCEP, observatoire trimestriel)",Abonnés GPRS/EDGE Moov Africa Togo
abonnes_data_mobile,moov,Moov Africa (Atlantique Telecom),2G,2026T1,526944.0,abonnés,2026T2,2,0,0.0,0,,A,"AR1 (ARCEP, observatoire trimestriel)",Abonnés GPRS/EDGE Moov Africa Togo
abonnes_data_mobile,moov,Moov Africa (Atlantique Telecom),2G,2026T2,516120.0,abonnés,2026T2,1,0,0.0,0,,A,"AR1 (ARCEP, observatoire trimestriel)",Abonnés GPRS/EDGE Moov Africa Togo
abonnes_data_mobile,moov,Moov Africa (Atlantique Telecom),3G,2020T1,928692.0,abonnés,2021T1,5,0,0.0,0,"S6 : reclassement 3G / 4G de Togocel, non documenté ; aucune évolution par technologie calculée à travers",A,"AR1 (ARCEP, observatoire trimestriel)",Nombre de clients 3G de Moov Togo
abonnes_data_mobile,moov,Moov Africa (Atlantique Telecom),3G,2020T2,937618.0,abonnés,2021T2,5,0,0.0,0,,A,"AR1 (ARCEP, observatoire trimestriel)",Nombre de clients 3G de Moov Togo
abonnes_data_mobile,moov,Moov Africa (Atlantique Telecom),3G,2020T3,970537.0,abonnés,2021T3,5,0,0.0,0,,A,"AR1 (ARCEP, observatoire trimestriel)",Nombre de clients 3G de Moov Togo
abonnes_data_mobile,moov,Moov Africa (Atlantique Telecom),3G,2020T4,1040934.0,abonnés,2021T3,4,0,0.0,0,,A,"AR1 (ARCEP, observatoire trimestriel)",Nombre de clients 3G de Moov Togo
abonnes_data_mobile,moov,Moov Africa (Atlantique Telecom),3G,2021T1,906015.0,abonnés,2022T1,4,1,20.07,0,,A,"AR1 (ARCEP, observatoire trimestriel)",Nombre de clients 3G de Moov Togo
abonnes_data_mobile,moov,Moov Africa (Atlantique Telecom),3G,2021T2,897480.0,abonnés,2022T2,4,1,9.61,0,,A,"AR1 (ARCEP, observatoire trimestriel)",Nombre de clients 3G de Moov Togo
abonnes_data_mobile,moov,Moov Africa (Atlantique Telecom),3G,2021T3,927460.0,abonnés,2022T3,4,1,20.84,0,,A,"AR1 (ARCEP, observatoire trimestriel)",Nombre de clients 3G de Moov Togo
abonnes_data_mobile,moov,Moov Africa (Atlantique Telecom),3G,2021T4,802978.0,abonnés,2022T4,4,0,0.0,0,,A,"AR1 (ARCEP, observatoire trimestriel)",Nombre de clients 3G de Moov Togo
abonnes_data_mobile,moov,Moov Africa (Atlantique Telecom),3G,2022T1,796225.0,abonnés,2023T1,5,0,0.0,0,,A,"AR1 (ARCEP, observatoire trimestriel)",Nombre de clients 3G de Moov Togo
abonnes_data_mobile,moov,Moov Africa (Atlantique Telecom),3G,2022T2,804478.0,abonnés,2023T2,5,0,0.0,0,,A,"AR1 (ARCEP, observatoire trimestriel)",Nombre de clients 3G de Moov Togo
abonnes_data_mobile,moov,Moov Africa (Atlantique Telecom),3G,2022T3,792472.0,abonnés,2023T2,4,0,0.0,0,,A,"AR1 (ARCEP, observatoire trimestriel)",Nombre de clients 3G de Moov Togo
abonnes_data_mobile,moov,Moov Africa (Atlantique Telecom),3G,2022T4,778554.0,abonnés,2023T2,3,0,0.0,0,,A,"AR1 (ARCEP, observatoire trimestriel)",Nombre de clients 3G de Moov Togo
abonnes_data_mobile,moov,Moov Africa (Atlantique Telecom),3G,2023T1,772717.0,abonnés,2024T1,3,0,0.0,0,,A,"AR1 (ARCEP, observatoire trimestriel)",Nombre de clients 3G de Moov Togo
abonnes_data_mobile,moov,Moov Africa (Atlantique Telecom),3G,2023T2,766745.0,abonnés,2024T2,3,0,0.0,0,,A,"AR1 (ARCEP, observatoire trimestriel)",Nombre de clients 3G de Moov Togo
abonnes_data_mobile,moov,Moov Africa (Atlantique Telecom),3G,2023T3,741449.0,abonnés,2024T3,3,0,0.0,0,,A,"AR1 (ARCEP, observatoire trimestriel)",Nombre de clients 3G de Moov Togo
abonnes_data_mobile,moov,Moov Africa (Atlantique Telecom),3G,2023T4,695195.0,abonnés,2024T4,4,0,0.0,0,,A,"AR1 (ARCEP, observatoire trimestriel)",Nombre de clients 3G de Moov Togo
abonnes_data_mobile,moov,Moov Africa (Atlantique Telecom),3G,2024T1,686825.0,abonnés,2025T1,5,0,0.0,0,,A,"AR1 (ARCEP, observatoire trimestriel)",Abonnés 3G Moov Africa Togo
abonnes_data_mobile,moov,Moov Africa (Atlantique Telecom),3G,2024T2,640269.0,abonnés,2025T2,5,0,0.0,0,,A,"AR1 (ARCEP, observatoire trimestriel)",Abonnés 3G Moov Africa Togo
abonnes_data_mobile,moov,Moov Africa (Atlantique Telecom),3G,2024T3,611992.0,abonnés,2025T3,5,0,0.0,0,,A,"AR1 (ARCEP, observatoire trimestriel)",Abonnés 3G Moov Africa Togo
abonnes_data_mobile,moov,Moov Africa (Atlantique Telecom),3G,2024T4,577812.0,abonnés,2025T4,5,0,0.0,0,,A,"AR1 (ARCEP, observatoire trimestriel)",Abonnés 3G Moov Africa Togo
abonnes_data_mobile,moov,Moov Africa (Atlantique Telecom),3G,2025T1,558275.0,abonnés,2026T1,5,0,0.0,0,,A,"AR1 (ARCEP, observatoire trimestriel)",Abonnés 3G Moov Africa Togo
abonnes_data_mobile,moov,Moov Africa (Atlantique Telecom),3G,2025T2,545217.0,abonnés,2026T2,5,0,0.0,0,,A,"AR1 (ARCEP, observatoire trimestriel)",Abonnés 3G Moov Africa Togo
abonnes_data_mobile,moov,Moov Africa (Atlantique Telecom),3G,2025T3,530359.0,abonnés,2026T2,4,0,0.0,0,,A,"AR1 (ARCEP, observatoire trimestriel)",Abonnés 3G Moov Africa Togo
abonnes_data_mobile,moov,Moov Africa (Atlantique Telecom),3G,2025T4,504391.0,abonnés,2026T2,3,0,0.0,0,,A,"AR1 (ARCEP, observatoire trimestriel)",Abonnés 3G Moov Africa Togo
abonnes_data_mobile,moov,Moov Africa (Atlantique Telecom),3G,2026T1,478266.0,abonnés,2026T2,2,0,0.0,0,,A,"AR1 (ARCEP, observatoire trimestriel)",Abonnés 3G Moov Africa Togo
abonnes_data_mobile,moov,Moov Africa (Atlantique Telecom),3G,2026T2,463629.0,abonnés,2026T2,1,0,0.0,0,,A,"AR1 (ARCEP, observatoire trimestriel)",Abonnés 3G Moov Africa Togo
abonnes_data_mobile,moov,Moov Africa (Atlantique Telecom),3G+4G,2017T1,323105.0,abonnés,2018T1,1,0,0.0,0,3G et 4G de Moov réunies jusqu'au T4 2019,A,"AR1 (ARCEP, observatoire trimestriel)",Nombre de clients 3G Moov Togo
abonnes_data_mobile,moov,Moov Africa (Atlantique Telecom),3G+4G,2017T2,339622.0,abonnés,2018T2,2,0,0.0,0,3G et 4G de Moov réunies jusqu'au T4 2019,A,"AR1 (ARCEP, observatoire trimestriel)",Nombre de clients 3G Moov Togo
abonnes_data_mobile,moov,Moov Africa (Atlantique Telecom),3G+4G,2017T3,466942.0,abonnés,2018T2,2,0,0.0,0,3G et 4G de Moov réunies jusqu'au T4 2019,A,"AR1 (ARCEP, observatoire trimestriel)",Nombre de clients 3G Moov Togo
abonnes_data_mobile,moov,Moov Africa (Atlantique Telecom),3G+4G,2017T4,404251.0,abonnés,2018T4,3,0,0.0,0,3G et 4G de Moov réunies jusqu'au T4 2019,A,"AR1 (ARCEP, observatoire trimestriel)",Nombre de clients et 4G Moov Togo
abonnes_data_mobile,moov,Moov Africa (Atlantique Telecom),3G+4G,2018T1,429912.0,abonnés,2019T1,4,0,0.0,0,3G et 4G de Moov réunies jusqu'au T4 2019,A,"AR1 (ARCEP, observatoire trimestriel)",Nombre de clients et 4G Moov Togo
abonnes_data_mobile,moov,Moov Africa (Atlantique Telecom),3G+4G,2018T2,441440.0,abonnés,2019T2,4,0,0.0,0,3G et 4G de Moov réunies jusqu'au T4 2019,A,"AR1 (ARCEP, observatoire trimestriel)",Nombre de clients 3G et 4G de Moov Togo
abonnes_data_mobile,moov,Moov Africa (Atlantique Telecom),3G+4G,2018T3,480462.0,abonnés,2019T3,4,0,0.0,0,3G et 4G de Moov réunies jusqu'au T4 2019,A,"AR1 (ARCEP, observatoire trimestriel)",Nombre de clients 3G et 4G de Moov Togo
abonnes_data_mobile,moov,Moov Africa (Atlantique Telecom),3G+4G,2018T4,467873.0,abonnés,2019T4,5,0,0.0,0,3G et 4G de Moov réunies jusqu'au T4 2019,A,"AR1 (ARCEP, observatoire trimestriel)",Nombre de clients 3G et 4G de Moov Togo
abonnes_data_mobile,moov,Moov Africa (Atlantique Telecom),3G+4G,2019T1,481960.0,abonnés,2020T1,5,0,0.0,0,3G et 4G de Moov réunies jusqu'au T4 2019,A,"AR1 (ARCEP, observatoire trimestriel)",Nombre de clients 3G de Moov Togo
abonnes_data_mobile,moov,Moov Africa (Atlantique Telecom),3G+4G,2019T2,534003.0,abonnés,2020T2,5,0,0.0,0,3G et 4G de Moov réunies jusqu'au T4 2019,A,"AR1 (ARCEP, observatoire trimestriel)",Nombre de clients 3G de Moov Togo
abonnes_data_mobile,moov,Moov Africa (Atlantique Telecom),3G+4G,2019T3,618056.0,abonnés,2020T3,5,0,0.0,0,3G et 4G de Moov réunies jusqu'au T4 2019,A,"AR1 (ARCEP, observatoire trimestriel)",Nombre de clients 3G de Moov Togo
abonnes_data_mobile,moov,Moov Africa (Atlantique Telecom),3G+4G,2019T4,633580.0,abonnés,2020T4,5,0,0.0,0,3G et 4G de Moov réunies jusqu'au T4 2019,A,"AR1 (ARCEP, observatoire trimestriel)",Nombre de clients 3G de Moov Togo
abonnes_data_mobile,moov,Moov Africa (Atlantique Telecom),4G,2020T1,99013.0,abonnés,2021T1,5,0,0.0,0,"S6 : reclassement 3G / 4G de Togocel, non documenté ; aucune évolution par technologie calculée à travers",A,"AR1 (ARCEP, observatoire trimestriel)",Nombre de clients 4G Moov Togo
abonnes_data_mobile,moov,Moov Africa (Atlantique Telecom),4G,2020T2,110203.0,abonnés,2021T2,5,0,0.0,0,,A,"AR1 (ARCEP, observatoire trimestriel)",Nombre de clients 4G Moov Togo
abonnes_data_mobile,moov,Moov Africa (Atlantique Telecom),4G,2020T3,127088.0,abonnés,2021T3,5,0,0.0,0,,A,"AR1 (ARCEP, observatoire trimestriel)",Nombre de clients 4G Moov Togo
abonnes_data_mobile,moov,Moov Africa (Atlantique Telecom),4G,2020T4,134053.0,abonnés,2021T3,4,0,0.0,0,,A,"AR1 (ARCEP, observatoire trimestriel)",Nombre de clients 4G Moov Togo
abonnes_data_mobile,moov,Moov Africa (Atlantique Telecom),4G,2021T1,115338.0,abonnés,2022T1,4,1,29.89,0,,A,"AR1 (ARCEP, observatoire trimestriel)",Nombre de clients 4G Moov Togo
abonnes_data_mobile,moov,Moov Africa (Atlantique Telecom),4G,2021T2,125426.0,abonnés,2022T2,4,1,15.16,0,,A,"AR1 (ARCEP, observatoire trimestriel)",Nombre de clients 4G Moov Togo
abonnes_data_mobile,moov,Moov Africa (Atlantique Telecom),4G,2021T3,137988.0,abonnés,2022T3,4,1,26.41,0,,A,"AR1 (ARCEP, observatoire trimestriel)",Nombre de clients 4G Moov Togo
abonnes_data_mobile,moov,Moov Africa (Atlantique Telecom),4G,2021T4,323370.0,abonnés,2022T4,4,0,0.0,0,,A,"AR1 (ARCEP, observatoire trimestriel)",Nombre de clients 4G Moov Togo
abonnes_data_mobile,moov,Moov Africa (Atlantique Telecom),4G,2022T1,338737.0,abonnés,2023T1,5,0,0.0,0,,A,"AR1 (ARCEP, observatoire trimestriel)",Nombre de clients 4G Moov Togo
abonnes_data_mobile,moov,Moov Africa (Atlantique Telecom),4G,2022T2,367520.0,abonnés,2023T2,5,0,0.0,0,,A,"AR1 (ARCEP, observatoire trimestriel)",Nombre de clients 4G Moov Togo
abonnes_data_mobile,moov,Moov Africa (Atlantique Telecom),4G,2022T3,439540.0,abonnés,2023T2,4,0,0.0,0,,A,"AR1 (ARCEP, observatoire trimestriel)",Nombre de clients 4G Moov Togo
abonnes_data_mobile,moov,Moov Africa (Atlantique Telecom),4G,2022T4,492800.0,abonnés,2023T2,3,0,0.0,0,,A,"AR1 (ARCEP, observatoire trimestriel)",Nombre de clients 4G Moov Togo
abonnes_data_mobile,moov,Moov Africa (Atlantique Telecom),4G,2023T1,548971.0,abonnés,2024T1,3,0,0.0,0,,A,"AR1 (ARCEP, observatoire trimestriel)",Nombre de clients 4G Moov Togo
abonnes_data_mobile,moov,Moov Africa (Atlantique Telecom),4G,2023T2,595275.0,abonnés,2024T2,3,0,0.0,0,,A,"AR1 (ARCEP, observatoire trimestriel)",Nombre de clients 4G Moov Togo
abonnes_data_mobile,moov,Moov Africa (Atlantique Telecom),4G,2023T3,662202.0,abonnés,2024T3,3,0,0.0,0,,A,"AR1 (ARCEP, observatoire trimestriel)",Nombre de clients 4G Moov Togo
abonnes_data_mobile,moov,Moov Africa (Atlantique Telecom),4G,2023T4,680171.0,abonnés,2024T4,4,0,0.0,0,,A,"AR1 (ARCEP, observatoire trimestriel)",Nombre de clients 4G Moov Togo
abonnes_data_mobile,moov,Moov Africa (Atlantique Telecom),4G,2024T1,769918.0,abonnés,2025T1,5,0,0.0,0,,A,"AR1 (ARCEP, observatoire trimestriel)",Abonnés 4G Moov Africa Togo
abonnes_data_mobile,moov,Moov Africa (Atlantique Telecom),4G,2024T2,792741.0,abonnés,2025T2,5,0,0.0,0,,A,"AR1 (ARCEP, observatoire trimestriel)",Abonnés 4G Moov Africa Togo
abonnes_data_mobile,moov,Moov Africa (Atlantique Telecom),4G,2024T3,871877.0,abonnés,2025T3,5,0,0.0,0,,A,"AR1 (ARCEP, observatoire trimestriel)",Abonnés 4G Moov Africa Togo
abonnes_data_mobile,moov,Moov Africa (Atlantique Telecom),4G,2024T4,922905.0,abonnés,2025T4,5,0,0.0,0,,A,"AR1 (ARCEP, observatoire trimestriel)",Abonnés 4G Moov Africa Togo
abonnes_data_mobile,moov,Moov Africa (Atlantique Telecom),4G,2025T1,984781.0,abonnés,2026T1,5,0,0.0,0,,A,"AR1 (ARCEP, observatoire trimestriel)",Abonnés 4G Moov Africa Togo
abonnes_data_mobile,moov,Moov Africa (Atlantique Telecom),4G,2025T2,1047789.0,abonnés,2026T2,5,0,0.0,0,,A,"AR1 (ARCEP, observatoire trimestriel)",Abonnés 4G Moov Africa Togo
abonnes_data_mobile,moov,Moov Africa (Atlantique Telecom),4G,2025T3,1144953.0,abonnés,2026T2,4,0,0.0,0,,A,"AR1 (ARCEP, observatoire trimestriel)",Abonnés 4G Moov Africa Togo
abonnes_data_mobile,moov,Moov Africa (Atlantique Telecom),4G,2025T4,1215948.0,abonnés,2026T2,3,0,0.0,0,,A,"AR1 (ARCEP, observatoire trimestriel)",Abonnés 4G Moov Africa Togo
abonnes_data_mobile,moov,Moov Africa (Atlantique Telecom),4G,2026T1,1439578.0,abonnés,2026T2,2,0,0.0,0,,A,"AR1 (ARCEP, observatoire trimestriel)",Abonnés 4G Moov Africa Togo
abonnes_data_mobile,moov,Moov Africa (Atlantique Telecom),4G,2026T2,1502518.0,abonnés,2026T2,1,0,0.0,0,,A,"AR1 (ARCEP, observatoire trimestriel)",Abonnés 4G Moov Africa Togo
abonnes_data_mobile,moov,Moov Africa (Atlantique Telecom),total,2017T4,981631.0,abonnés,2018T4,1,0,0.0,0,,A,"AR1 (ARCEP, observatoire trimestriel)",Total Moov Togo
abonnes_data_mobile,moov,Moov Africa (Atlantique Telecom),total,2018T1,1104119.0,abonnés,2019T1,2,0,0.0,0,,A,"AR1 (ARCEP, observatoire trimestriel)",Total Moov Togo
abonnes_data_mobile,moov,Moov Africa (Atlantique Telecom),total,2018T2,1198055.0,abonnés,2019T2,3,0,0.0,0,,A,"AR1 (ARCEP, observatoire trimestriel)",Total Moov Togo
abonnes_data_mobile,moov,Moov Africa (Atlantique Telecom),total,2018T3,1447525.0,abonnés,2019T3,4,0,0.0,0,,A,"AR1 (ARCEP, observatoire trimestriel)",Total Moov Togo
abonnes_data_mobile,moov,Moov Africa (Atlantique Telecom),total,2018T4,1574157.0,abonnés,2019T4,5,0,0.0,0,,A,"AR1 (ARCEP, observatoire trimestriel)",Total Moov Togo
abonnes_data_mobile,moov,Moov Africa (Atlantique Telecom),total,2019T1,1714980.0,abonnés,2020T1,5,0,0.0,0,,A,"AR1 (ARCEP, observatoire trimestriel)",Total Moov Togo
abonnes_data_mobile,moov,Moov Africa (Atlantique Telecom),total,2019T2,1814501.0,abonnés,2020T2,5,0,0.0,0,,A,"AR1 (ARCEP, observatoire trimestriel)",Total Moov Togo
abonnes_data_mobile,moov,Moov Africa (Atlantique Telecom),total,2019T3,1936475.0,abonnés,2020T3,5,0,0.0,0,,A,"AR1 (ARCEP, observatoire trimestriel)",Total Moov Togo
abonnes_data_mobile,moov,Moov Africa (Atlantique Telecom),total,2019T4,1962052.0,abonnés,2020T4,5,0,0.0,0,,A,"AR1 (ARCEP, observatoire trimestriel)",Total Moov Togo
abonnes_data_mobile,moov,Moov Africa (Atlantique Telecom),total,2020T1,2893263.0,abonnés,2021T1,5,0,0.0,0,"S6 : reclassement 3G / 4G de Togocel, non documenté ; aucune évolution par technologie calculée à travers",A,"AR1 (ARCEP, observatoire trimestriel)",Total Moov Togo
abonnes_data_mobile,moov,Moov Africa (Atlantique Telecom),total,2020T2,2875900.0,abonnés,2021T2,5,0,0.0,0,,A,"AR1 (ARCEP, observatoire trimestriel)",Total Moov Togo
abonnes_data_mobile,moov,Moov Africa (Atlantique Telecom),total,2020T3,2908546.0,abonnés,2021T3,5,0,0.0,0,,A,"AR1 (ARCEP, observatoire trimestriel)",Total Moov Togo
abonnes_data_mobile,moov,Moov Africa (Atlantique Telecom),total,2020T4,2986491.0,abonnés,2021T3,4,0,0.0,0,,A,"AR1 (ARCEP, observatoire trimestriel)",Total Moov Togo
abonnes_data_mobile,moov,Moov Africa (Atlantique Telecom),total,2021T1,2068185.0,abonnés,2022T1,4,1,47.16,0,,A,"AR1 (ARCEP, observatoire trimestriel)",Total Moov Togo
abonnes_data_mobile,moov,Moov Africa (Atlantique Telecom),total,2021T2,2022567.0,abonnés,2022T2,4,1,34.68,0,,A,"AR1 (ARCEP, observatoire trimestriel)",Total Moov Togo
abonnes_data_mobile,moov,Moov Africa (Atlantique Telecom),total,2021T3,1959878.0,abonnés,2022T3,4,1,54.65,0,,A,"AR1 (ARCEP, observatoire trimestriel)",Total Moov Togo
abonnes_data_mobile,moov,Moov Africa (Atlantique Telecom),total,2021T4,1941693.0,abonnés,2022T4,4,0,0.0,0,,A,"AR1 (ARCEP, observatoire trimestriel)",Total Moov Togo
abonnes_data_mobile,moov,Moov Africa (Atlantique Telecom),total,2022T1,1917477.0,abonnés,2023T1,5,0,0.0,0,,A,"AR1 (ARCEP, observatoire trimestriel)",Total Moov Togo
abonnes_data_mobile,moov,Moov Africa (Atlantique Telecom),total,2022T2,1968361.0,abonnés,2023T2,5,0,0.0,0,,A,"AR1 (ARCEP, observatoire trimestriel)",Total Moov Togo
abonnes_data_mobile,moov,Moov Africa (Atlantique Telecom),total,2022T3,1951733.0,abonnés,2023T2,4,0,0.0,0,,A,"AR1 (ARCEP, observatoire trimestriel)",Total Moov Togo
abonnes_data_mobile,moov,Moov Africa (Atlantique Telecom),total,2022T4,1934633.0,abonnés,2023T2,3,0,0.0,0,,A,"AR1 (ARCEP, observatoire trimestriel)",Total Moov Togo
abonnes_data_mobile,moov,Moov Africa (Atlantique Telecom),total,2023T1,1991658.0,abonnés,2024T1,3,0,0.0,0,,A,"AR1 (ARCEP, observatoire trimestriel)",Total Moov Togo
abonnes_data_mobile,moov,Moov Africa (Atlantique Telecom),total,2023T2,2085733.0,abonnés,2024T2,3,0,0.0,0,,A,"AR1 (ARCEP, observatoire trimestriel)",Total Moov Togo
abonnes_data_mobile,moov,Moov Africa (Atlantique Telecom),total,2023T3,2041713.0,abonnés,2024T3,3,0,0.0,0,,A,"AR1 (ARCEP, observatoire trimestriel)",Total Moov Togo
abonnes_data_mobile,moov,Moov Africa (Atlantique Telecom),total,2023T4,1949725.0,abonnés,2024T4,4,0,0.0,0,,A,"AR1 (ARCEP, observatoire trimestriel)",Total Moov Togo
abonnes_data_mobile,moov,Moov Africa (Atlantique Telecom),total,2024T1,2088616.0,abonnés,2025T1,5,0,0.0,0,,A,"AR1 (ARCEP, observatoire trimestriel)",Total Moov Africa Togo
abonnes_data_mobile,moov,Moov Africa (Atlantique Telecom),total,2024T2,2081608.0,abonnés,2025T2,5,0,0.0,0,,A,"AR1 (ARCEP, observatoire trimestriel)",Total Moov Africa Togo
abonnes_data_mobile,moov,Moov Africa (Atlantique Telecom),total,2024T3,2119864.0,abonnés,2025T3,5,0,0.0,0,,A,"AR1 (ARCEP, observatoire trimestriel)",Total Moov Africa Togo
abonnes_data_mobile,moov,Moov Africa (Atlantique Telecom),total,2024T4,2110792.0,abonnés,2025T4,5,0,0.0,0,,A,"AR1 (ARCEP, observatoire trimestriel)",Total Moov Africa Togo
abonnes_data_mobile,moov,Moov Africa (Atlantique Telecom),total,2025T1,2146645.0,abonnés,2026T1,5,0,0.0,0,,A,"AR1 (ARCEP, observatoire trimestriel)",Total Moov Africa Togo
abonnes_data_mobile,moov,Moov Africa (Atlantique Telecom),total,2025T2,2188579.0,abonnés,2026T2,5,0,0.0,0,,A,"AR1 (ARCEP, observatoire trimestriel)",Total Moov Africa Togo
abonnes_data_mobile,moov,Moov Africa (Atlantique Telecom),total,2025T3,2248014.0,abonnés,2026T2,4,0,0.0,0,,A,"AR1 (ARCEP, observatoire trimestriel)",Total Moov Africa Togo
abonnes_data_mobile,moov,Moov Africa (Atlantique Telecom),total,2025T4,2256160.0,abonnés,2026T2,3,0,0.0,0,,A,"AR1 (ARCEP, observatoire trimestriel)",Total Moov Africa Togo
abonnes_data_mobile,moov,Moov Africa (Atlantique Telecom),total,2026T1,2444788.0,abonnés,2026T2,2,0,0.0,0,,A,"AR1 (ARCEP, observatoire trimestriel)",Total Moov Africa Togo
abonnes_data_mobile,moov,Moov Africa (Atlantique Telecom),total,2026T2,2482267.0,abonnés,2026T2,1,0,0.0,0,,A,"AR1 (ARCEP, observatoire trimestriel)",Total Moov Africa Togo
abonnes_data_mobile,togocom,Togocom (Togo Cellulaire),2G,2017T1,14538.0,abonnés,2018T1,1,0,0.0,0,,A,"AR1 (ARCEP, observatoire trimestriel)",Abonnées GPRS/EDGE Togo Cellulaire
abonnes_data_mobile,togocom,Togocom (Togo Cellulaire),2G,2017T2,13549.0,abonnés,2018T2,2,0,0.0,0,,A,"AR1 (ARCEP, observatoire trimestriel)",Abonnées GPRS/EDGE Togo Cellulaire
abonnes_data_mobile,togocom,Togocom (Togo Cellulaire),2G,2017T3,12962.0,abonnés,2018T3,3,0,0.0,0,,A,"AR1 (ARCEP, observatoire trimestriel)",Abonnées GPRS/EDGE Togo Cellulaire
abonnes_data_mobile,togocom,Togocom (Togo Cellulaire),2G,2017T4,12011.0,abonnés,2018T4,4,0,0.0,0,,A,"AR1 (ARCEP, observatoire trimestriel)",Abonnées GPRS/EDGE Togo Cellulaire
abonnes_data_mobile,togocom,Togocom (Togo Cellulaire),2G,2018T1,11838.0,abonnés,2019T1,5,0,0.0,0,,A,"AR1 (ARCEP, observatoire trimestriel)",Abonnées GPRS/EDGE Togo Cellulaire
abonnes_data_mobile,togocom,Togocom (Togo Cellulaire),2G,2018T2,12334.0,abonnés,2019T2,5,0,0.0,0,,A,"AR1 (ARCEP, observatoire trimestriel)",Abonnées GPRS/EDGE Togo Cellulaire
abonnes_data_mobile,togocom,Togocom (Togo Cellulaire),2G,2018T3,29574.0,abonnés,2019T3,5,0,0.0,0,,A,"AR1 (ARCEP, observatoire trimestriel)",Abonnées GPRS/EDGE Togo Cellulaire
abonnes_data_mobile,togocom,Togocom (Togo Cellulaire),2G,2018T4,29489.0,abonnés,2019T4,5,0,0.0,0,,A,"AR1 (ARCEP, observatoire trimestriel)",Abonnées GPRS/EDGE Togo Cellulaire
abonnes_data_mobile,togocom,Togocom (Togo Cellulaire),2G,2019T1,27375.0,abonnés,2020T1,5,0,0.0,0,,A,"AR1 (ARCEP, observatoire trimestriel)",Abonnées GPRS/EDGE Togo Cellulaire
abonnes_data_mobile,togocom,Togocom (Togo Cellulaire),2G,2019T2,21454.0,abonnés,2020T2,5,0,0.0,0,,A,"AR1 (ARCEP, observatoire trimestriel)",Abonnés GPRS/EDGE Togo Cellulaire
abonnes_data_mobile,togocom,Togocom (Togo Cellulaire),2G,2019T3,20591.0,abonnés,2020T3,5,0,0.0,0,,A,"AR1 (ARCEP, observatoire trimestriel)",Abonnés GPRS/EDGE Togo Cellulaire
abonnes_data_mobile,togocom,Togocom (Togo Cellulaire),2G,2019T4,20494.0,abonnés,2020T4,5,0,0.0,0,,A,"AR1 (ARCEP, observatoire trimestriel)",Abonnés GPRS/EDGE Togo Cellulaire
abonnes_data_mobile,togocom,Togocom (Togo Cellulaire),2G,2020T1,509.0,abonnés,2021T1,5,0,0.0,0,"S6 : reclassement 3G / 4G de Togocel, non documenté ; aucune évolution par technologie calculée à travers",A,"AR1 (ARCEP, observatoire trimestriel)",Abonnées GPRS/EDGE Togo Cellulaire
abonnes_data_mobile,togocom,Togocom (Togo Cellulaire),2G,2020T2,560.0,abonnés,2021T2,5,0,0.0,0,,A,"AR1 (ARCEP, observatoire trimestriel)",Abonnées GPRS/EDGE Togo Cellulaire
abonnes_data_mobile,togocom,Togocom (Togo Cellulaire),2G,2020T3,587.0,abonnés,2021T3,5,0,0.0,0,,A,"AR1 (ARCEP, observatoire trimestriel)",Abonnées GPRS/EDGE Togo Cellulaire
abonnes_data_mobile,togocom,Togocom (Togo Cellulaire),2G,2020T4,983.0,abonnés,2021T4,5,0,0.0,0,,A,"AR1 (ARCEP, observatoire trimestriel)",Abonnées GPRS/EDGE Togo Cellulaire
abonnes_data_mobile,togocom,Togocom (Togo Cellulaire),2G,2021T1,886986.0,abonnés,2022T1,5,0,0.0,0,,A,"AR1 (ARCEP, observatoire trimestriel)",Abonnées GPRS/EDGE Togo Cellulaire
abonnes_data_mobile,togocom,Togocom (Togo Cellulaire),2G,2021T2,868389.0,abonnés,2022T2,5,0,0.0,0,,A,"AR1 (ARCEP, observatoire trimestriel)",Abonnées GPRS/EDGE Togo Cellulaire
abonnes_data_mobile,togocom,Togocom (Togo Cellulaire),2G,2021T3,841479.0,abonnés,2022T3,5,0,0.0,0,,A,"AR1 (ARCEP, observatoire trimestriel)",Abonnées GPRS/EDGE Togo Cellulaire
abonnes_data_mobile,togocom,Togocom (Togo Cellulaire),2G,2021T4,874563.0,abonnés,2022T4,5,0,0.0,0,,A,"AR1 (ARCEP, observatoire trimestriel)",Abonnées GPRS/EDGE Togo Cellulaire
abonnes_data_mobile,togocom,Togocom (Togo Cellulaire),2G,2022T1,872094.0,abonnés,2023T1,5,0,0.0,0,,A,"AR1 (ARCEP, observatoire trimestriel)",Abonnées GPRS/EDGE Togo Cellulaire
abonnes_data_mobile,togocom,Togocom (Togo Cellulaire),2G,2022T2,830625.0,abonnés,2023T2,5,0,0.0,0,,A,"AR1 (ARCEP, observatoire trimestriel)",Abonnées GPRS/EDGE Togo Cellulaire
abonnes_data_mobile,togocom,Togocom (Togo Cellulaire),2G,2022T3,866981.0,abonnés,2023T2,4,0,0.0,0,,A,"AR1 (ARCEP, observatoire trimestriel)",Abonnées GPRS/EDGE Togo Cellulaire
abonnes_data_mobile,togocom,Togocom (Togo Cellulaire),2G,2022T4,844580.0,abonnés,2023T2,3,0,0.0,0,,A,"AR1 (ARCEP, observatoire trimestriel)",Abonnées GPRS/EDGE Togo Cellulaire
abonnes_data_mobile,togocom,Togocom (Togo Cellulaire),2G,2023T1,764862.0,abonnés,2024T1,3,0,0.0,0,,A,"AR1 (ARCEP, observatoire trimestriel)",Abonnées GPRS/EDGE Togo Cellulaire
abonnes_data_mobile,togocom,Togocom (Togo Cellulaire),2G,2023T2,520639.0,abonnés,2024T2,3,0,0.0,0,,A,"AR1 (ARCEP, observatoire trimestriel)",Abonnées GPRS/EDGE Togo Cellulaire
abonnes_data_mobile,togocom,Togocom (Togo Cellulaire),2G,2023T3,879293.0,abonnés,2024T3,3,0,0.0,0,,A,"AR1 (ARCEP, observatoire trimestriel)",Abonnées GPRS/EDGE Togo Cellulaire
abonnes_data_mobile,togocom,Togocom (Togo Cellulaire),2G,2023T4,839168.0,abonnés,2024T4,4,0,0.0,0,,A,"AR1 (ARCEP, observatoire trimestriel)",Abonnées GPRS/EDGE Togo Cellulaire
abonnes_data_mobile,togocom,Togocom (Togo Cellulaire),2G,2024T1,873493.0,abonnés,2025T1,5,0,0.0,0,,A,"AR1 (ARCEP, observatoire trimestriel)",Abonnés GPRS/EDGE YAS Togo
abonnes_data_mobile,togocom,Togocom (Togo Cellulaire),2G,2024T2,881166.0,abonnés,2025T2,5,0,0.0,0,,A,"AR1 (ARCEP, observatoire trimestriel)",Abonnés GPRS/EDGE YAS Togo
abonnes_data_mobile,togocom,Togocom (Togo Cellulaire),2G,2024T3,820299.0,abonnés,2025T3,5,0,0.0,0,,A,"AR1 (ARCEP, observatoire trimestriel)",Abonnés GPRS/EDGE YAS Togo
abonnes_data_mobile,togocom,Togocom (Togo Cellulaire),2G,2024T4,703975.0,abonnés,2025T4,5,0,0.0,0,,A,"AR1 (ARCEP, observatoire trimestriel)",Abonnés GPRS/EDGE YAS Togo
abonnes_data_mobile,togocom,Togocom (Togo Cellulaire),2G,2025T1,779521.0,abonnés,2026T1,5,0,0.0,0,,A,"AR1 (ARCEP, observatoire trimestriel)",Abonnés GPRS/EDGE YAS Togo
abonnes_data_mobile,togocom,Togocom (Togo Cellulaire),2G,2025T2,773850.0,abonnés,2026T2,5,0,0.0,0,,A,"AR1 (ARCEP, observatoire trimestriel)",Abonnés GPRS/EDGE YAS Togo
abonnes_data_mobile,togocom,Togocom (Togo Cellulaire),2G,2025T3,718528.0,abonnés,2026T2,4,0,0.0,0,,A,"AR1 (ARCEP, observatoire trimestriel)",Abonnés GPRS/EDGE YAS Togo
abonnes_data_mobile,togocom,Togocom (Togo Cellulaire),2G,2025T4,653587.0,abonnés,2026T2,3,0,0.0,0,,A,"AR1 (ARCEP, observatoire trimestriel)",Abonnés GPRS/EDGE YAS Togo
abonnes_data_mobile,togocom,Togocom (Togo Cellulaire),2G,2026T1,660891.0,abonnés,2026T2,2,0,0.0,0,,A,"AR1 (ARCEP, observatoire trimestriel)",Abonnés GPRS/EDGE YAS Togo
abonnes_data_mobile,togocom,Togocom (Togo Cellulaire),2G,2026T2,758851.0,abonnés,2026T2,1,0,0.0,0,,A,"AR1 (ARCEP, observatoire trimestriel)",Abonnés GPRS/EDGE YAS Togo
abonnes_data_mobile,togocom,Togocom (Togo Cellulaire),3G,2017T1,1278288.0,abonnés,2018T1,1,0,0.0,0,,A,"AR1 (ARCEP, observatoire trimestriel)",Nombre de clients 3G Togocel
abonnes_data_mobile,togocom,Togocom (Togo Cellulaire),3G,2017T2,1389824.0,abonnés,2018T2,2,0,0.0,0,,A,"AR1 (ARCEP, observatoire trimestriel)",Nombre de clients 3G Togocel
abonnes_data_mobile,togocom,Togocom (Togo Cellulaire),3G,2017T3,1544906.0,abonnés,2018T2,2,0,0.0,0,,A,"AR1 (ARCEP, observatoire trimestriel)",Nombre de clients 3G Togocel
abonnes_data_mobile,togocom,Togocom (Togo Cellulaire),3G,2017T4,1610821.0,abonnés,2018T4,3,0,0.0,0,,A,"AR1 (ARCEP, observatoire trimestriel)",Nombre de clients 3G Togocel
abonnes_data_mobile,togocom,Togocom (Togo Cellulaire),3G,2018T1,1709010.0,abonnés,2019T1,4,0,0.0,0,,A,"AR1 (ARCEP, observatoire trimestriel)",Nombre de clients 3G Togocel
abonnes_data_mobile,togocom,Togocom (Togo Cellulaire),3G,2018T2,1830342.0,abonnés,2019T2,4,0,0.0,0,,A,"AR1 (ARCEP, observatoire trimestriel)",Nombre de clients 3G Togocel
abonnes_data_mobile,togocom,Togocom (Togo Cellulaire),3G,2018T3,1953487.0,abonnés,2019T3,4,0,0.0,0,,A,"AR1 (ARCEP, observatoire trimestriel)",Nombre de clients 3G Togocel
abonnes_data_mobile,togocom,Togocom (Togo Cellulaire),3G,2018T4,1932767.0,abonnés,2019T4,5,0,0.0,0,,A,"AR1 (ARCEP, observatoire trimestriel)",Nombre de clients 3G Togocel
abonnes_data_mobile,togocom,Togocom (Togo Cellulaire),3G,2019T1,2022394.0,abonnés,2020T1,5,0,0.0,0,,A,"AR1 (ARCEP, observatoire trimestriel)",Nombre de clients 3G Togocel
abonnes_data_mobile,togocom,Togocom (Togo Cellulaire),3G,2019T2,2145591.0,abonnés,2020T2,5,0,0.0,0,,A,"AR1 (ARCEP, observatoire trimestriel)",Nombre de clients 3G Togocel
abonnes_data_mobile,togocom,Togocom (Togo Cellulaire),3G,2019T3,2243318.0,abonnés,2020T3,5,0,0.0,0,,A,"AR1 (ARCEP, observatoire trimestriel)",Nombre de clients 3G Togocel
abonnes_data_mobile,togocom,Togocom (Togo Cellulaire),3G,2019T4,2373589.0,abonnés,2020T4,5,0,0.0,0,,A,"AR1 (ARCEP, observatoire trimestriel)",Nombre de clients 3G Togocel
abonnes_data_mobile,togocom,Togocom (Togo Cellulaire),3G,2020T1,1057232.0,abonnés,2021T1,5,0,0.0,0,"S6 : reclassement 3G / 4G de Togocel, non documenté ; aucune évolution par technologie calculée à travers",A,"AR1 (ARCEP, observatoire trimestriel)",Nombre de clients 3G Togocel
abonnes_data_mobile,togocom,Togocom (Togo Cellulaire),3G,2020T2,1163323.0,abonnés,2021T2,5,0,0.0,0,,A,"AR1 (ARCEP, observatoire trimestriel)",Nombre de clients 3G Togocel
abonnes_data_mobile,togocom,Togocom (Togo Cellulaire),3G,2020T3,1220430.0,abonnés,2021T3,5,0,0.0,0,,A,"AR1 (ARCEP, observatoire trimestriel)",Nombre de clients 3G Togocel
abonnes_data_mobile,togocom,Togocom (Togo Cellulaire),3G,2020T4,994215.0,abonnés,2021T3,4,0,0.0,0,,A,"AR1 (ARCEP, observatoire trimestriel)",Nombre de clients 3G Togocel
abonnes_data_mobile,togocom,Togocom (Togo Cellulaire),3G,2021T1,1264099.0,abonnés,2022T1,4,0,0.0,0,,A,"AR1 (ARCEP, observatoire trimestriel)",Nombre de clients 3G Togocel
abonnes_data_mobile,togocom,Togocom (Togo Cellulaire),3G,2021T2,1234373.0,abonnés,2022T2,4,0,0.0,0,,A,"AR1 (ARCEP, observatoire trimestriel)",Nombre de clients 3G Togocel
abonnes_data_mobile,togocom,Togocom (Togo Cellulaire),3G,2021T3,1259360.0,abonnés,2022T3,4,0,0.0,0,,A,"AR1 (ARCEP, observatoire trimestriel)",Nombre de clients 3G Togocel
abonnes_data_mobile,togocom,Togocom (Togo Cellulaire),3G,2021T4,1285597.0,abonnés,2022T4,4,0,0.0,0,,A,"AR1 (ARCEP, observatoire trimestriel)",Nombre de clients 3G Togocel
abonnes_data_mobile,togocom,Togocom (Togo Cellulaire),3G,2022T1,1297552.0,abonnés,2023T1,5,0,0.0,0,,A,"AR1 (ARCEP, observatoire trimestriel)",Nombre de clients 3G Togocel
abonnes_data_mobile,togocom,Togocom (Togo Cellulaire),3G,2022T2,1279955.0,abonnés,2023T2,5,0,0.0,0,,A,"AR1 (ARCEP, observatoire trimestriel)",Nombre de clients 3G Togocel
abonnes_data_mobile,togocom,Togocom (Togo Cellulaire),3G,2022T3,1290646.0,abonnés,2023T2,4,0,0.0,0,,A,"AR1 (ARCEP, observatoire trimestriel)",Nombre de clients 3G Togocel
abonnes_data_mobile,togocom,Togocom (Togo Cellulaire),3G,2022T4,1290057.0,abonnés,2023T2,3,0,0.0,0,,A,"AR1 (ARCEP, observatoire trimestriel)",Nombre de clients 3G Togocel
abonnes_data_mobile,togocom,Togocom (Togo Cellulaire),3G,2023T1,1245179.0,abonnés,2024T1,3,0,0.0,0,,A,"AR1 (ARCEP, observatoire trimestriel)",Nombre de clients 3G Togocel
abonnes_data_mobile,togocom,Togocom (Togo Cellulaire),3G,2023T2,1155224.0,abonnés,2024T2,3,0,0.0,0,,A,"AR1 (ARCEP, observatoire trimestriel)",Nombre de clients 3G Togocel
abonnes_data_mobile,togocom,Togocom (Togo Cellulaire),3G,2023T3,1268888.0,abonnés,2024T3,3,0,0.0,0,,A,"AR1 (ARCEP, observatoire trimestriel)",Nombre de clients 3G Togocel
abonnes_data_mobile,togocom,Togocom (Togo Cellulaire),3G,2023T4,1252594.0,abonnés,2024T4,4,0,0.0,0,,A,"AR1 (ARCEP, observatoire trimestriel)",Nombre de clients 3G Togocel
abonnes_data_mobile,togocom,Togocom (Togo Cellulaire),3G,2024T1,1218053.0,abonnés,2025T1,5,0,0.0,0,,A,"AR1 (ARCEP, observatoire trimestriel)",Abonnés 3G YAS Togo
abonnes_data_mobile,togocom,Togocom (Togo Cellulaire),3G,2024T2,1165527.0,abonnés,2025T2,5,0,0.0,0,,A,"AR1 (ARCEP, observatoire trimestriel)",Abonnés 3G YAS Togo
abonnes_data_mobile,togocom,Togocom (Togo Cellulaire),3G,2024T3,1135946.0,abonnés,2025T3,5,0,0.0,0,,A,"AR1 (ARCEP, observatoire trimestriel)",Abonnés 3G YAS Togo
abonnes_data_mobile,togocom,Togocom (Togo Cellulaire),3G,2024T4,1097201.0,abonnés,2025T4,5,0,0.0,0,,A,"AR1 (ARCEP, observatoire trimestriel)",Abonnés 3G YAS Togo
abonnes_data_mobile,togocom,Togocom (Togo Cellulaire),3G,2025T1,1095090.0,abonnés,2026T1,5,0,0.0,0,,A,"AR1 (ARCEP, observatoire trimestriel)",Abonnés 3G YAS Togo
abonnes_data_mobile,togocom,Togocom (Togo Cellulaire),3G,2025T2,1081106.0,abonnés,2026T2,5,0,0.0,0,,A,"AR1 (ARCEP, observatoire trimestriel)",Abonnés 3G YAS Togo
abonnes_data_mobile,togocom,Togocom (Togo Cellulaire),3G,2025T3,1071158.0,abonnés,2026T2,4,0,0.0,0,,A,"AR1 (ARCEP, observatoire trimestriel)",Abonnés 3G YAS Togo
abonnes_data_mobile,togocom,Togocom (Togo Cellulaire),3G,2025T4,1041418.0,abonnés,2026T2,3,0,0.0,0,,A,"AR1 (ARCEP, observatoire trimestriel)",Abonnés 3G YAS Togo
abonnes_data_mobile,togocom,Togocom (Togo Cellulaire),3G,2026T1,1009193.0,abonnés,2026T2,2,0,0.0,0,,A,"AR1 (ARCEP, observatoire trimestriel)",Abonnés 3G YAS Togo
abonnes_data_mobile,togocom,Togocom (Togo Cellulaire),3G,2026T2,994699.0,abonnés,2026T2,1,0,0.0,0,,A,"AR1 (ARCEP, observatoire trimestriel)",Abonnés 3G YAS Togo
abonnes_data_mobile,togocom,Togocom (Togo Cellulaire),4G,2018T3,48799.0,abonnés,2019T3,4,0,0.0,0,,A,"AR1 (ARCEP, observatoire trimestriel)",Nombre de clients 4G Togocel
abonnes_data_mobile,togocom,Togocom (Togo Cellulaire),4G,2018T4,123642.0,abonnés,2019T4,5,0,0.0,0,,A,"AR1 (ARCEP, observatoire trimestriel)",Nombre de clients 4G Togocel
abonnes_data_mobile,togocom,Togocom (Togo Cellulaire),4G,2019T1,214776.0,abonnés,2020T1,5,0,0.0,0,,A,"AR1 (ARCEP, observatoire trimestriel)",Nombre de clients 4G Togocel
abonnes_data_mobile,togocom,Togocom (Togo Cellulaire),4G,2019T2,292947.0,abonnés,2020T2,5,0,0.0,0,,A,"AR1 (ARCEP, observatoire trimestriel)",Nombre de clients 4G Togocel
abonnes_data_mobile,togocom,Togocom (Togo Cellulaire),4G,2019T3,338332.0,abonnés,2020T3,5,0,0.0,0,,A,"AR1 (ARCEP, observatoire trimestriel)",Nombre de clients 4G Togocel
abonnes_data_mobile,togocom,Togocom (Togo Cellulaire),4G,2019T4,315044.0,abonnés,2020T4,5,0,0.0,0,,A,"AR1 (ARCEP, observatoire trimestriel)",Nombre de clients 4G Togocel
abonnes_data_mobile,togocom,Togocom (Togo Cellulaire),4G,2020T1,411551.0,abonnés,2021T1,5,0,0.0,0,"S6 : reclassement 3G / 4G de Togocel, non documenté ; aucune évolution par technologie calculée à travers",A,"AR1 (ARCEP, observatoire trimestriel)",Nombre de clients 4G Togocel
abonnes_data_mobile,togocom,Togocom (Togo Cellulaire),4G,2020T2,452849.0,abonnés,2021T2,5,0,0.0,0,,A,"AR1 (ARCEP, observatoire trimestriel)",Nombre de clients 4G Togocel
abonnes_data_mobile,togocom,Togocom (Togo Cellulaire),4G,2020T3,475080.0,abonnés,2021T3,5,0,0.0,0,,A,"AR1 (ARCEP, observatoire trimestriel)",Nombre de clients 4G Togocel
abonnes_data_mobile,togocom,Togocom (Togo Cellulaire),4G,2020T4,910210.0,abonnés,2021T3,4,0,0.0,0,,A,"AR1 (ARCEP, observatoire trimestriel)",Nombre de clients 4G Togocel
abonnes_data_mobile,togocom,Togocom (Togo Cellulaire),4G,2021T1,325586.0,abonnés,2022T1,4,0,0.0,0,,A,"AR1 (ARCEP, observatoire trimestriel)",Nombre de clients 4G Togocel
abonnes_data_mobile,togocom,Togocom (Togo Cellulaire),4G,2021T2,391635.0,abonnés,2022T2,4,0,0.0,0,,A,"AR1 (ARCEP, observatoire trimestriel)",Nombre de clients 4G Togocel
abonnes_data_mobile,togocom,Togocom (Togo Cellulaire),4G,2021T3,470663.0,abonnés,2022T3,4,0,0.0,0,,A,"AR1 (ARCEP, observatoire trimestriel)",Nombre de clients 4G Togocel
abonnes_data_mobile,togocom,Togocom (Togo Cellulaire),4G,2021T4,549743.0,abonnés,2022T4,4,0,0.0,0,,A,"AR1 (ARCEP, observatoire trimestriel)",Nombre de clients 4G Togocel
abonnes_data_mobile,togocom,Togocom (Togo Cellulaire),4G,2022T1,608088.0,abonnés,2023T1,5,0,0.0,0,,A,"AR1 (ARCEP, observatoire trimestriel)",Nombre de clients 4G Togocel
abonnes_data_mobile,togocom,Togocom (Togo Cellulaire),4G,2022T2,651593.0,abonnés,2023T2,5,0,0.0,0,,A,"AR1 (ARCEP, observatoire trimestriel)",Nombre de clients 4G Togocel
abonnes_data_mobile,togocom,Togocom (Togo Cellulaire),4G,2022T3,729601.0,abonnés,2023T2,4,0,0.0,0,,A,"AR1 (ARCEP, observatoire trimestriel)",Nombre de clients 4G Togocel
abonnes_data_mobile,togocom,Togocom (Togo Cellulaire),4G,2022T4,801012.0,abonnés,2023T2,3,0,0.0,0,,A,"AR1 (ARCEP, observatoire trimestriel)",Nombre de clients 4G Togocel
abonnes_data_mobile,togocom,Togocom (Togo Cellulaire),4G,2023T1,853207.0,abonnés,2024T1,3,0,0.0,0,,A,"AR1 (ARCEP, observatoire trimestriel)",Nombre de clients 4G Togocel
abonnes_data_mobile,togocom,Togocom (Togo Cellulaire),4G,2023T2,918632.0,abonnés,2024T2,3,0,0.0,0,,A,"AR1 (ARCEP, observatoire trimestriel)",Nombre de clients 4G Togocel
abonnes_data_mobile,togocom,Togocom (Togo Cellulaire),4G,2023T3,1112731.0,abonnés,2024T3,3,0,0.0,0,,A,"AR1 (ARCEP, observatoire trimestriel)",Nombre de clients 4G Togocel
abonnes_data_mobile,togocom,Togocom (Togo Cellulaire),4G,2023T4,1240017.0,abonnés,2024T4,4,0,0.0,0,,A,"AR1 (ARCEP, observatoire trimestriel)",Nombre de clients 4G Togocel
abonnes_data_mobile,togocom,Togocom (Togo Cellulaire),4G,2024T1,1385604.0,abonnés,2025T1,5,0,0.0,0,,A,"AR1 (ARCEP, observatoire trimestriel)",Abonnés 4G YAS Togo
abonnes_data_mobile,togocom,Togocom (Togo Cellulaire),4G,2024T2,1487020.0,abonnés,2025T2,5,0,0.0,0,,A,"AR1 (ARCEP, observatoire trimestriel)",Abonnés 4G YAS Togo
abonnes_data_mobile,togocom,Togocom (Togo Cellulaire),4G,2024T3,1610042.0,abonnés,2025T3,5,0,0.0,0,,A,"AR1 (ARCEP, observatoire trimestriel)",Abonnés 4G YAS Togo
abonnes_data_mobile,togocom,Togocom (Togo Cellulaire),4G,2024T4,1712368.0,abonnés,2025T4,5,0,0.0,0,,A,"AR1 (ARCEP, observatoire trimestriel)",Abonnés 4G YAS Togo
abonnes_data_mobile,togocom,Togocom (Togo Cellulaire),4G,2025T1,1878283.0,abonnés,2026T1,5,0,0.0,0,,A,"AR1 (ARCEP, observatoire trimestriel)",Abonnés 4G YAS Togo
abonnes_data_mobile,togocom,Togocom (Togo Cellulaire),4G,2025T2,1997402.0,abonnés,2026T2,5,0,0.0,0,,A,"AR1 (ARCEP, observatoire trimestriel)",Abonnés 4G YAS Togo
abonnes_data_mobile,togocom,Togocom (Togo Cellulaire),4G,2025T3,2181138.0,abonnés,2026T2,4,0,0.0,0,,A,"AR1 (ARCEP, observatoire trimestriel)",Abonnés 4G YAS Togo
abonnes_data_mobile,togocom,Togocom (Togo Cellulaire),4G,2025T4,2394891.0,abonnés,2026T2,3,0,0.0,0,,A,"AR1 (ARCEP, observatoire trimestriel)",Abonnés 4G YAS Togo
abonnes_data_mobile,togocom,Togocom (Togo Cellulaire),4G,2026T1,2537651.0,abonnés,2026T2,2,0,0.0,0,,A,"AR1 (ARCEP, observatoire trimestriel)",Abonnés 4G YAS Togo
abonnes_data_mobile,togocom,Togocom (Togo Cellulaire),4G,2026T2,2742429.0,abonnés,2026T2,1,0,0.0,0,,A,"AR1 (ARCEP, observatoire trimestriel)",Abonnés 4G YAS Togo
abonnes_data_mobile,togocom,Togocom (Togo Cellulaire),5G,2026T2,3951.0,abonnés,2026T2,1,0,0.0,0,,A,"AR1 (ARCEP, observatoire trimestriel)",Abonnés 5G YAS Togo
abonnes_data_mobile,togocom,Togocom (Togo Cellulaire),total,2017T4,1622832.0,abonnés,2018T4,1,0,0.0,0,,A,"AR1 (ARCEP, observatoire trimestriel)",Total Togocel
abonnes_data_mobile,togocom,Togocom (Togo Cellulaire),total,2018T1,1720848.0,abonnés,2019T1,2,0,0.0,0,,A,"AR1 (ARCEP, observatoire trimestriel)",Total Togocel
abonnes_data_mobile,togocom,Togocom (Togo Cellulaire),total,2018T2,1842676.0,abonnés,2019T2,3,0,0.0,0,,A,"AR1 (ARCEP, observatoire trimestriel)",Total Togocel
abonnes_data_mobile,togocom,Togocom (Togo Cellulaire),total,2018T3,2031860.0,abonnés,2019T3,4,0,0.0,0,,A,"AR1 (ARCEP, observatoire trimestriel)",Total Togocel
abonnes_data_mobile,togocom,Togocom (Togo Cellulaire),total,2018T4,2085898.0,abonnés,2019T4,5,0,0.0,0,,A,"AR1 (ARCEP, observatoire trimestriel)",Total Togocel
abonnes_data_mobile,togocom,Togocom (Togo Cellulaire),total,2019T1,2264545.0,abonnés,2020T1,5,0,0.0,0,,A,"AR1 (ARCEP, observatoire trimestriel)",Total Togocel
abonnes_data_mobile,togocom,Togocom (Togo Cellulaire),total,2019T2,2459992.0,abonnés,2020T2,5,0,0.0,0,,A,"AR1 (ARCEP, observatoire trimestriel)",Total Togocel
abonnes_data_mobile,togocom,Togocom (Togo Cellulaire),total,2019T3,2602241.0,abonnés,2020T3,5,0,0.0,0,,A,"AR1 (ARCEP, observatoire trimestriel)",Total Togocel
abonnes_data_mobile,togocom,Togocom (Togo Cellulaire),total,2019T4,2709127.0,abonnés,2020T4,5,0,0.0,0,,A,"AR1 (ARCEP, observatoire trimestriel)",Total Togocel
abonnes_data_mobile,togocom,Togocom (Togo Cellulaire),total,2020T1,1469292.0,abonnés,2021T1,5,0,0.0,0,"S6 : reclassement 3G / 4G de Togocel, non documenté ; aucune évolution par technologie calculée à travers",A,"AR1 (ARCEP, observatoire trimestriel)",Total Togocel
abonnes_data_mobile,togocom,Togocom (Togo Cellulaire),total,2020T2,1616732.0,abonnés,2021T2,5,0,0.0,0,,A,"AR1 (ARCEP, observatoire trimestriel)",Total Togocel
abonnes_data_mobile,togocom,Togocom (Togo Cellulaire),total,2020T3,1696097.0,abonnés,2021T3,5,0,0.0,0,,A,"AR1 (ARCEP, observatoire trimestriel)",Total Togocel
abonnes_data_mobile,togocom,Togocom (Togo Cellulaire),total,2020T4,1905408.0,abonnés,2021T3,4,0,0.0,0,,A,"AR1 (ARCEP, observatoire trimestriel)",Total Togocel
abonnes_data_mobile,togocom,Togocom (Togo Cellulaire),total,2021T1,2476671.0,abonnés,2022T1,4,0,0.0,0,,A,"AR1 (ARCEP, observatoire trimestriel)",Total Togocel
abonnes_data_mobile,togocom,Togocom (Togo Cellulaire),total,2021T2,2494397.0,abonnés,2022T2,4,0,0.0,0,,A,"AR1 (ARCEP, observatoire trimestriel)",Total Togocel
abonnes_data_mobile,togocom,Togocom (Togo Cellulaire),total,2021T3,2571502.0,abonnés,2022T3,4,0,0.0,0,,A,"AR1 (ARCEP, observatoire trimestriel)",Total Togocel
abonnes_data_mobile,togocom,Togocom (Togo Cellulaire),total,2021T4,2709903.0,abonnés,2022T4,4,0,0.0,0,,A,"AR1 (ARCEP, observatoire trimestriel)",Total Togocel
abonnes_data_mobile,togocom,Togocom (Togo Cellulaire),total,2022T1,2777734.0,abonnés,2023T1,5,0,0.0,0,,A,"AR1 (ARCEP, observatoire trimestriel)",Total Togocel
abonnes_data_mobile,togocom,Togocom (Togo Cellulaire),total,2022T2,2762173.0,abonnés,2023T2,5,0,0.0,0,,A,"AR1 (ARCEP, observatoire trimestriel)",Total Togocel
abonnes_data_mobile,togocom,Togocom (Togo Cellulaire),total,2022T3,2887228.0,abonnés,2023T2,4,0,0.0,0,,A,"AR1 (ARCEP, observatoire trimestriel)",Total Togocel
abonnes_data_mobile,togocom,Togocom (Togo Cellulaire),total,2022T4,2935649.0,abonnés,2023T2,3,0,0.0,0,,A,"AR1 (ARCEP, observatoire trimestriel)",Total Togocel
abonnes_data_mobile,togocom,Togocom (Togo Cellulaire),total,2023T1,2863248.0,abonnés,2024T1,3,0,0.0,0,,A,"AR1 (ARCEP, observatoire trimestriel)",Total Togocel
abonnes_data_mobile,togocom,Togocom (Togo Cellulaire),total,2023T2,2594495.0,abonnés,2024T2,3,0,0.0,0,,A,"AR1 (ARCEP, observatoire trimestriel)",Total Togocel
abonnes_data_mobile,togocom,Togocom (Togo Cellulaire),total,2023T3,3260912.0,abonnés,2024T3,3,0,0.0,0,,A,"AR1 (ARCEP, observatoire trimestriel)",Total Togocel
abonnes_data_mobile,togocom,Togocom (Togo Cellulaire),total,2023T4,3331779.0,abonnés,2024T4,4,0,0.0,0,,A,"AR1 (ARCEP, observatoire trimestriel)",Total Togocel
abonnes_data_mobile,togocom,Togocom (Togo Cellulaire),total,2024T1,3477150.0,abonnés,2025T1,5,0,0.0,0,,A,"AR1 (ARCEP, observatoire trimestriel)",Total YAS Togo
abonnes_data_mobile,togocom,Togocom (Togo Cellulaire),total,2024T2,3533713.0,abonnés,2025T2,5,0,0.0,0,,A,"AR1 (ARCEP, observatoire trimestriel)",Total YAS Togo
abonnes_data_mobile,togocom,Togocom (Togo Cellulaire),total,2024T3,3566287.0,abonnés,2025T3,5,0,0.0,0,,A,"AR1 (ARCEP, observatoire trimestriel)",Total YAS Togo
abonnes_data_mobile,togocom,Togocom (Togo Cellulaire),total,2024T4,3513544.0,abonnés,2025T4,5,0,0.0,0,,A,"AR1 (ARCEP, observatoire trimestriel)",Total YAS Togo
abonnes_data_mobile,togocom,Togocom (Togo Cellulaire),total,2025T1,3752894.0,abonnés,2026T1,5,0,0.0,0,,A,"AR1 (ARCEP, observatoire trimestriel)",Total YAS Togo
abonnes_data_mobile,togocom,Togocom (Togo Cellulaire),total,2025T2,3852358.0,abonnés,2026T2,5,0,0.0,0,,A,"AR1 (ARCEP, observatoire trimestriel)",Total YAS Togo
abonnes_data_mobile,togocom,Togocom (Togo Cellulaire),total,2025T3,3970824.0,abonnés,2026T2,4,0,0.0,0,,A,"AR1 (ARCEP, observatoire trimestriel)",Total YAS Togo
abonnes_data_mobile,togocom,Togocom (Togo Cellulaire),total,2025T4,4089896.0,abonnés,2026T2,3,0,0.0,0,,A,"AR1 (ARCEP, observatoire trimestriel)",Total YAS Togo
abonnes_data_mobile,togocom,Togocom (Togo Cellulaire),total,2026T1,4207735.0,abonnés,2026T2,2,0,0.0,0,,A,"AR1 (ARCEP, observatoire trimestriel)",Total YAS Togo
abonnes_data_mobile,togocom,Togocom (Togo Cellulaire),total,2026T2,4499930.0,abonnés,2026T2,1,0,0.0,0,,A,"AR1 (ARCEP, observatoire trimestriel)",Total YAS Togo
abonnes_ftth,ensemble,Ensemble,FTTH,2024T1,104155.0,abonnés,2025T1,1,0,0.0,0,,A,"AR1 (ARCEP, observatoire trimestriel)",Total Abonnés FTTH
abonnes_ftth,ensemble,Ensemble,FTTH,2024T2,111756.0,abonnés,2025T2,2,0,0.0,0,,A,"AR1 (ARCEP, observatoire trimestriel)",Total abonnés FTTH
abonnes_ftth,ensemble,Ensemble,FTTH,2024T3,117923.0,abonnés,2025T3,3,0,0.0,0,,A,"AR1 (ARCEP, observatoire trimestriel)",Total abonnés FTTH
abonnes_ftth,ensemble,Ensemble,FTTH,2024T4,128462.0,abonnés,2025T4,4,0,0.0,0,,A,"AR1 (ARCEP, observatoire trimestriel)",Total abonnés FTTH
abonnes_ftth,ensemble,Ensemble,FTTH,2025T1,127744.0,abonnés,2026T1,5,0,0.0,0,,A,"AR1 (ARCEP, observatoire trimestriel)",Total abonnés FTTH
abonnes_ftth,ensemble,Ensemble,FTTH,2025T2,132014.0,abonnés,2026T2,5,0,0.0,0,,A,"AR1 (ARCEP, observatoire trimestriel)",Total abonnés FTTH
abonnes_ftth,ensemble,Ensemble,FTTH,2025T3,132711.0,abonnés,2026T2,4,0,0.0,0,,A,"AR1 (ARCEP, observatoire trimestriel)",Total abonnés FTTH
abonnes_ftth,ensemble,Ensemble,FTTH,2025T4,150427.0,abonnés,2026T2,3,0,0.0,0,,A,"AR1 (ARCEP, observatoire trimestriel)",Total abonnés FTTH
abonnes_ftth,ensemble,Ensemble,FTTH,2026T1,145344.0,abonnés,2026T2,2,0,0.0,0,,A,"AR1 (ARCEP, observatoire trimestriel)",Total abonnés FTTH
abonnes_ftth,ensemble,Ensemble,FTTH,2026T2,153499.0,abonnés,2026T2,1,0,0.0,0,,A,"AR1 (ARCEP, observatoire trimestriel)",Total abonnés FTTH
abonnes_ftth,gva,GVA Togo,FTTH,2024T1,64871.0,abonnés,2025T1,1,0,0.0,0,,A,"AR1 (ARCEP, observatoire trimestriel)",GVA Togo
abonnes_ftth,gva,GVA Togo,FTTH,2024T2,69473.0,abonnés,2025T2,2,0,0.0,0,,A,"AR1 (ARCEP, observatoire trimestriel)",GVA Togo
abonnes_ftth,gva,GVA Togo,FTTH,2024T3,70896.0,abonnés,2025T3,3,0,0.0,0,,A,"AR1 (ARCEP, observatoire trimestriel)",GVA Togo
abonnes_ftth,gva,GVA Togo,FTTH,2024T4,78892.0,abonnés,2025T4,4,0,0.0,0,,A,"AR1 (ARCEP, observatoire trimestriel)",GVA Togo
abonnes_ftth,gva,GVA Togo,FTTH,2025T1,75409.0,abonnés,2026T1,5,0,0.0,0,,A,"AR1 (ARCEP, observatoire trimestriel)",GVA Togo
abonnes_ftth,gva,GVA Togo,FTTH,2025T2,79409.0,abonnés,2026T2,5,0,0.0,0,,A,"AR1 (ARCEP, observatoire trimestriel)",GVA Togo
abonnes_ftth,gva,GVA Togo,FTTH,2025T3,77052.0,abonnés,2026T2,4,0,0.0,0,,A,"AR1 (ARCEP, observatoire trimestriel)",GVA Togo
abonnes_ftth,gva,GVA Togo,FTTH,2025T4,88976.0,abonnés,2026T2,3,0,0.0,0,,A,"AR1 (ARCEP, observatoire trimestriel)",GVA Togo
abonnes_ftth,gva,GVA Togo,FTTH,2026T1,81105.0,abonnés,2026T2,2,0,0.0,0,,A,"AR1 (ARCEP, observatoire trimestriel)",GVA Togo
abonnes_ftth,gva,GVA Togo,FTTH,2026T2,88440.0,abonnés,2026T2,1,0,0.0,0,,A,"AR1 (ARCEP, observatoire trimestriel)",GVA Togo
abonnes_ftth,togo_telecom,"Togo Telecom (YAS, fixe)",FTTH,2024T1,39284.0,abonnés,2025T1,1,0,0.0,0,,A,"AR1 (ARCEP, observatoire trimestriel)",YAS Togo
abonnes_ftth,togo_telecom,"Togo Telecom (YAS, fixe)",FTTH,2024T2,42283.0,abonnés,2025T2,2,0,0.0,0,,A,"AR1 (ARCEP, observatoire trimestriel)",YAS Togo
abonnes_ftth,togo_telecom,"Togo Telecom (YAS, fixe)",FTTH,2024T3,47027.0,abonnés,2025T3,3,0,0.0,0,,A,"AR1 (ARCEP, observatoire trimestriel)",YAS Togo
abonnes_ftth,togo_telecom,"Togo Telecom (YAS, fixe)",FTTH,2024T4,49570.0,abonnés,2025T4,4,0,0.0,0,,A,"AR1 (ARCEP, observatoire trimestriel)",YAS Togo
abonnes_ftth,togo_telecom,"Togo Telecom (YAS, fixe)",FTTH,2025T1,52335.0,abonnés,2026T1,5,0,0.0,0,,A,"AR1 (ARCEP, observatoire trimestriel)",YAS Togo
abonnes_ftth,togo_telecom,"Togo Telecom (YAS, fixe)",FTTH,2025T2,52605.0,abonnés,2026T2,5,0,0.0,0,,A,"AR1 (ARCEP, observatoire trimestriel)",YAS Togo
abonnes_ftth,togo_telecom,"Togo Telecom (YAS, fixe)",FTTH,2025T3,55659.0,abonnés,2026T2,4,0,0.0,0,,A,"AR1 (ARCEP, observatoire trimestriel)",YAS Togo
abonnes_ftth,togo_telecom,"Togo Telecom (YAS, fixe)",FTTH,2025T4,61451.0,abonnés,2026T2,3,0,0.0,0,,A,"AR1 (ARCEP, observatoire trimestriel)",YAS Togo
abonnes_ftth,togo_telecom,"Togo Telecom (YAS, fixe)",FTTH,2026T1,64239.0,abonnés,2026T2,2,0,0.0,0,,A,"AR1 (ARCEP, observatoire trimestriel)",YAS Togo
abonnes_ftth,togo_telecom,"Togo Telecom (YAS, fixe)",FTTH,2026T2,65059.0,abonnés,2026T2,1,0,0.0,0,,A,"AR1 (ARCEP, observatoire trimestriel)",YAS Togo
abonnes_internet_fixe,cafe,CAFE Informatique,total,2017T1,4260.0,abonnés,2018T1,1,0,0.0,0,,A,"AR1 (ARCEP, observatoire trimestriel)",Abonnés de CAFE Informatique
abonnes_internet_fixe,cafe,CAFE Informatique,total,2017T2,4373.0,abonnés,2018T2,2,0,0.0,0,,A,"AR1 (ARCEP, observatoire trimestriel)",Abonnés de CAFE Informatique
abonnes_internet_fixe,cafe,CAFE Informatique,total,2017T3,4539.0,abonnés,2018T3,3,0,0.0,0,,A,"AR1 (ARCEP, observatoire trimestriel)",Abonnés de CAFE Informatique
abonnes_internet_fixe,cafe,CAFE Informatique,total,2017T4,4793.0,abonnés,2018T4,4,0,0.0,0,,A,"AR1 (ARCEP, observatoire trimestriel)",Abonnés de CAFE Informatique
abonnes_internet_fixe,cafe,CAFE Informatique,total,2018T1,5061.0,abonnés,2019T1,5,0,0.0,0,,A,"AR1 (ARCEP, observatoire trimestriel)",Abonnés de CAFE Informatique
abonnes_internet_fixe,cafe,CAFE Informatique,total,2018T2,5233.0,abonnés,2019T2,5,0,0.0,0,,A,"AR1 (ARCEP, observatoire trimestriel)",Abonnés de CAFE Informatique
abonnes_internet_fixe,cafe,CAFE Informatique,total,2018T3,5462.0,abonnés,2019T3,5,0,0.0,0,,A,"AR1 (ARCEP, observatoire trimestriel)",Abonnés de CAFE Informatique
abonnes_internet_fixe,cafe,CAFE Informatique,total,2018T4,5619.0,abonnés,2019T4,5,0,0.0,0,,A,"AR1 (ARCEP, observatoire trimestriel)",Abonnés de CAFE Informatique
abonnes_internet_fixe,cafe,CAFE Informatique,total,2019T1,5621.0,abonnés,2020T1,5,0,0.0,0,,A,"AR1 (ARCEP, observatoire trimestriel)",CAFE Informatique
abonnes_internet_fixe,cafe,CAFE Informatique,total,2019T2,5695.0,abonnés,2020T2,5,0,0.0,0,,A,"AR1 (ARCEP, observatoire trimestriel)",CAFE Informatique
abonnes_internet_fixe,cafe,CAFE Informatique,total,2019T3,5363.0,abonnés,2020T3,5,0,0.0,0,,A,"AR1 (ARCEP, observatoire trimestriel)",CAFE Informatique
abonnes_internet_fixe,cafe,CAFE Informatique,total,2019T4,2334.0,abonnés,2020T4,5,0,0.0,0,,A,"AR1 (ARCEP, observatoire trimestriel)",CAFE Informatique
abonnes_internet_fixe,cafe,CAFE Informatique,total,2020T1,2168.0,abonnés,2021T1,5,0,0.0,0,,A,"AR1 (ARCEP, observatoire trimestriel)",Abonnés de CAFE Informatique
abonnes_internet_fixe,cafe,CAFE Informatique,total,2020T2,1838.0,abonnés,2021T2,5,0,0.0,0,,A,"AR1 (ARCEP, observatoire trimestriel)",Abonnés de CAFE Informatique
abonnes_internet_fixe,cafe,CAFE Informatique,total,2020T3,1856.0,abonnés,2021T3,5,0,0.0,0,,A,"AR1 (ARCEP, observatoire trimestriel)",Abonnés de CAFE Informatique
abonnes_internet_fixe,cafe,CAFE Informatique,total,2020T4,1768.0,abonnés,2021T4,5,0,0.0,0,,A,"AR1 (ARCEP, observatoire trimestriel)",Abonnés de CAFE Informatique
abonnes_internet_fixe,cafe,CAFE Informatique,total,2021T1,1936.0,abonnés,2022T1,5,0,0.0,0,,A,"AR1 (ARCEP, observatoire trimestriel)",Abonnés de CAFE Informatique
abonnes_internet_fixe,cafe,CAFE Informatique,total,2021T2,2091.0,abonnés,2022T2,5,0,0.0,0,,A,"AR1 (ARCEP, observatoire trimestriel)",Abonnés de CAFE Informatique
abonnes_internet_fixe,cafe,CAFE Informatique,total,2021T3,2026.0,abonnés,2022T3,5,0,0.0,0,,A,"AR1 (ARCEP, observatoire trimestriel)",Abonnés de CAFE Informatique
abonnes_internet_fixe,cafe,CAFE Informatique,total,2021T4,1921.0,abonnés,2022T4,5,0,0.0,0,,A,"AR1 (ARCEP, observatoire trimestriel)",Abonnés de CAFE Informatique
abonnes_internet_fixe,cafe,CAFE Informatique,total,2022T1,1923.0,abonnés,2023T1,5,0,0.0,0,,A,"AR1 (ARCEP, observatoire trimestriel)",Abonnés de CAFE Informatique
abonnes_internet_fixe,cafe,CAFE Informatique,total,2022T2,1690.0,abonnés,2023T2,5,0,0.0,0,,A,"AR1 (ARCEP, observatoire trimestriel)",Abonnés de CAFE Informatique
abonnes_internet_fixe,cafe,CAFE Informatique,total,2022T3,1608.0,abonnés,2023T2,4,0,0.0,0,,A,"AR1 (ARCEP, observatoire trimestriel)",Abonnés de CAFE Informatique
abonnes_internet_fixe,cafe,CAFE Informatique,total,2022T4,1527.0,abonnés,2023T2,3,0,0.0,0,,A,"AR1 (ARCEP, observatoire trimestriel)",Abonnés de CAFE Informatique
abonnes_internet_fixe,cafe,CAFE Informatique,total,2023T1,1434.0,abonnés,2024T1,3,0,0.0,0,,A,"AR1 (ARCEP, observatoire trimestriel)",Abonnés de CAFE Informatique
abonnes_internet_fixe,cafe,CAFE Informatique,total,2023T2,1356.0,abonnés,2024T2,3,0,0.0,0,,A,"AR1 (ARCEP, observatoire trimestriel)",Abonnés de CAFE Informatique
abonnes_internet_fixe,cafe,CAFE Informatique,total,2023T3,1362.0,abonnés,2024T3,3,0,0.0,0,,A,"AR1 (ARCEP, observatoire trimestriel)",Abonnés de CAFE Informatique
abonnes_internet_fixe,cafe,CAFE Informatique,total,2023T4,1270.0,abonnés,2024T4,4,0,0.0,0,,A,"AR1 (ARCEP, observatoire trimestriel)",Abonnés de CAFE Informatique
abonnes_internet_fixe,cafe,CAFE Informatique,total,2024T1,1139.0,abonnés,2025T1,5,0,0.0,0,,A,"AR1 (ARCEP, observatoire trimestriel)",Abonnés CAFE Informatique & Télécommunications
abonnes_internet_fixe,cafe,CAFE Informatique,total,2024T2,1051.0,abonnés,2025T2,5,0,0.0,0,,A,"AR1 (ARCEP, observatoire trimestriel)",Informatique &
abonnes_internet_fixe,cafe,CAFE Informatique,total,2024T3,1111.0,abonnés,2025T3,5,0,0.0,0,,A,"AR1 (ARCEP, observatoire trimestriel)",Informatique &
abonnes_internet_fixe,cafe,CAFE Informatique,total,2024T4,1097.0,abonnés,2025T4,5,0,0.0,0,,A,"AR1 (ARCEP, observatoire trimestriel)",Informatique &
abonnes_internet_fixe,cafe,CAFE Informatique,total,2025T1,955.0,abonnés,2026T1,5,0,0.0,0,,A,"AR1 (ARCEP, observatoire trimestriel)",Informatique &
abonnes_internet_fixe,cafe,CAFE Informatique,total,2025T2,1099.0,abonnés,2026T2,5,0,0.0,0,,A,"AR1 (ARCEP, observatoire trimestriel)",Informatique &
abonnes_internet_fixe,cafe,CAFE Informatique,total,2025T3,690.0,abonnés,2026T2,4,0,0.0,0,,A,"AR1 (ARCEP, observatoire trimestriel)",Informatique &
abonnes_internet_fixe,cafe,CAFE Informatique,total,2025T4,636.0,abonnés,2026T2,3,0,0.0,0,,A,"AR1 (ARCEP, observatoire trimestriel)",Informatique &
abonnes_internet_fixe,ensemble,Ensemble,total,2017T1,49117.0,abonnés,2018T1,1,0,0.0,0,,A,"AR1 (ARCEP, observatoire trimestriel)",Total Abonnés Internet fixe
abonnes_internet_fixe,ensemble,Ensemble,total,2017T2,46239.0,abonnés,2018T2,2,0,0.0,0,,A,"AR1 (ARCEP, observatoire trimestriel)",Total Abonnés internet fixe
abonnes_internet_fixe,ensemble,Ensemble,total,2017T3,48378.0,abonnés,2018T3,3,0,0.0,0,,A,"AR1 (ARCEP, observatoire trimestriel)",Total Abonnés internet fixe
abonnes_internet_fixe,ensemble,Ensemble,total,2017T4,50550.0,abonnés,2018T4,4,0,0.0,0,,A,"AR1 (ARCEP, observatoire trimestriel)",Total Abonnés internet fixe
abonnes_internet_fixe,ensemble,Ensemble,total,2018T1,42633.0,abonnés,2019T1,5,0,0.0,0,,A,"AR1 (ARCEP, observatoire trimestriel)",Total Abonnés internet fixe
abonnes_internet_fixe,ensemble,Ensemble,total,2018T2,18767.0,abonnés,2019T2,5,0,0.0,0,,A,"AR1 (ARCEP, observatoire trimestriel)",Total Abonnés Internet fixe
abonnes_internet_fixe,ensemble,Ensemble,total,2018T3,22031.0,abonnés,2019T3,5,0,0.0,0,,A,"AR1 (ARCEP, observatoire trimestriel)",Total Abonnés Internet fixe
abonnes_internet_fixe,ensemble,Ensemble,total,2018T4,26166.0,abonnés,2019T4,5,1,4.51,0,,A,"AR1 (ARCEP, observatoire trimestriel)",Total Abonnés Internet fixe
abonnes_internet_fixe,ensemble,Ensemble,total,2019T1,29327.0,abonnés,2020T1,5,1,5.73,0,,A,"AR1 (ARCEP, observatoire trimestriel)",Total Abonnés Internet fixe
abonnes_internet_fixe,ensemble,Ensemble,total,2019T2,28101.0,abonnés,2020T2,5,0,0.0,0,,A,"AR1 (ARCEP, observatoire trimestriel)",Total Abonnés Internet fixe
abonnes_internet_fixe,ensemble,Ensemble,total,2019T3,31052.0,abonnés,2020T3,5,0,0.0,0,,A,"AR1 (ARCEP, observatoire trimestriel)",Total Abonnés Internet fixe
abonnes_internet_fixe,ensemble,Ensemble,total,2019T4,31899.0,abonnés,2020T4,5,0,0.0,0,,A,"AR1 (ARCEP, observatoire trimestriel)",Total Abonnés Internet fixe
abonnes_internet_fixe,ensemble,Ensemble,total,2020T1,36724.0,abonnés,2021T1,5,1,8.31,0,,A,"AR1 (ARCEP, observatoire trimestriel)",Total Abonnés Internet fixe
abonnes_internet_fixe,ensemble,Ensemble,total,2020T2,41776.0,abonnés,2021T2,5,0,0.0,0,,A,"AR1 (ARCEP, observatoire trimestriel)",Total Abonnés Internet fixe
abonnes_internet_fixe,ensemble,Ensemble,total,2020T3,47543.0,abonnés,2021T3,5,0,0.0,0,,A,"AR1 (ARCEP, observatoire trimestriel)",Total Abonnés Internet fixe
abonnes_internet_fixe,ensemble,Ensemble,total,2020T4,52707.0,abonnés,2021T4,5,0,0.0,0,,A,"AR1 (ARCEP, observatoire trimestriel)",Total Abonnés Internet fixe
abonnes_internet_fixe,ensemble,Ensemble,total,2021T1,61689.0,abonnés,2022T1,5,1,3.87,0,,A,"AR1 (ARCEP, observatoire trimestriel)",Total Abonnés Internet fixe
abonnes_internet_fixe,ensemble,Ensemble,total,2021T2,54091.0,abonnés,2022T2,5,0,0.01,0,,A,"AR1 (ARCEP, observatoire trimestriel)",Total Abonnés Internet fixe
abonnes_internet_fixe,ensemble,Ensemble,total,2021T3,59863.0,abonnés,2022T3,5,0,0.0,0,,A,"AR1 (ARCEP, observatoire trimestriel)",Total Abonnés Internet fixe
abonnes_internet_fixe,ensemble,Ensemble,total,2021T4,69384.0,abonnés,2022T4,5,0,0.0,0,,A,"AR1 (ARCEP, observatoire trimestriel)",Total Abonnés Internet fixe
abonnes_internet_fixe,ensemble,Ensemble,total,2022T1,72978.0,abonnés,2023T1,5,0,0.0,0,,A,"AR1 (ARCEP, observatoire trimestriel)",Total Abonnés Internet fixe
abonnes_internet_fixe,ensemble,Ensemble,total,2022T2,78533.0,abonnés,2023T2,5,0,0.0,0,,A,"AR1 (ARCEP, observatoire trimestriel)",Total Abonnés Internet fixe
abonnes_internet_fixe,ensemble,Ensemble,total,2022T3,84464.0,abonnés,2023T2,4,0,0.0,0,,A,"AR1 (ARCEP, observatoire trimestriel)",Total Abonnés Internet fixe
abonnes_internet_fixe,ensemble,Ensemble,total,2022T4,94226.0,abonnés,2023T2,3,0,0.0,0,,A,"AR1 (ARCEP, observatoire trimestriel)",Total Abonnés Internet fixe
abonnes_internet_fixe,ensemble,Ensemble,total,2023T1,99301.0,abonnés,2024T1,3,0,0.0,0,,A,"AR1 (ARCEP, observatoire trimestriel)",Total Abonnés Internet fixe
abonnes_internet_fixe,ensemble,Ensemble,total,2023T2,98711.0,abonnés,2024T2,3,0,0.0,0,,A,"AR1 (ARCEP, observatoire trimestriel)",Total Abonnés Internet fixe
abonnes_internet_fixe,ensemble,Ensemble,total,2023T3,106302.0,abonnés,2024T3,3,0,0.0,0,,A,"AR1 (ARCEP, observatoire trimestriel)",Total Abonnés Internet fixe
abonnes_internet_fixe,ensemble,Ensemble,total,2023T4,114231.0,abonnés,2024T4,4,0,0.0,0,,A,"AR1 (ARCEP, observatoire trimestriel)",Total Abonnés Internet fixe
abonnes_internet_fixe,ensemble,Ensemble,total,2024T1,110345.0,abonnés,2025T1,5,0,0.0,0,,A,"AR1 (ARCEP, observatoire trimestriel)",Total Abonnés Internet fixe
abonnes_internet_fixe,ensemble,Ensemble,total,2024T2,117715.0,abonnés,2025T2,5,0,0.0,0,,A,"AR1 (ARCEP, observatoire trimestriel)",Total Abonnés Internet fixe
abonnes_internet_fixe,ensemble,Ensemble,total,2024T3,124137.0,abonnés,2025T3,5,0,0.0,0,,A,"AR1 (ARCEP, observatoire trimestriel)",Total Abonnés Internet fixe
abonnes_internet_fixe,ensemble,Ensemble,total,2024T4,134677.0,abonnés,2025T4,5,0,0.0,0,,A,"AR1 (ARCEP, observatoire trimestriel)",Total Abonnés Internet fixe
abonnes_internet_fixe,ensemble,Ensemble,total,2025T1,133952.0,abonnés,2026T1,5,0,0.0,0,,A,"AR1 (ARCEP, observatoire trimestriel)",Total Abonnés Internet fixe
abonnes_internet_fixe,ensemble,Ensemble,total,2025T2,138369.0,abonnés,2026T2,5,0,0.0,0,,A,"AR1 (ARCEP, observatoire trimestriel)",Total Abonnés Internet fixe
abonnes_internet_fixe,ensemble,Ensemble,total,2025T3,138672.0,abonnés,2026T2,4,0,0.0,0,,A,"AR1 (ARCEP, observatoire trimestriel)",Total Abonnés Internet fixe
abonnes_internet_fixe,ensemble,Ensemble,total,2025T4,154237.0,abonnés,2026T2,3,0,0.0,0,,A,"AR1 (ARCEP, observatoire trimestriel)",Total Abonnés Internet fixe
abonnes_internet_fixe,ensemble,Ensemble,total,2026T1,148560.0,abonnés,2026T2,2,0,0.0,0,,A,"AR1 (ARCEP, observatoire trimestriel)",Total Abonnés Internet fixe
abonnes_internet_fixe,ensemble,Ensemble,total,2026T2,155708.0,abonnés,2026T2,1,0,0.0,0,,A,"AR1 (ARCEP, observatoire trimestriel)",Total Abonnés Internet fixe
abonnes_internet_fixe,gva,GVA Togo,total,2018T4,1180.0,abonnés,2019T4,3,0,0.0,0,,A,"AR1 (ARCEP, observatoire trimestriel)",GVA
abonnes_internet_fixe,gva,GVA Togo,total,2019T1,1680.0,abonnés,2020T1,4,0,0.0,0,,A,"AR1 (ARCEP, observatoire trimestriel)",GVA Togo
abonnes_internet_fixe,gva,GVA Togo,total,2019T2,2100.0,abonnés,2020T2,5,0,0.0,0,,A,"AR1 (ARCEP, observatoire trimestriel)",GVA Togo
abonnes_internet_fixe,gva,GVA Togo,total,2019T3,3928.0,abonnés,2020T3,5,0,0.0,0,,A,"AR1 (ARCEP, observatoire trimestriel)",GVA Togo
abonnes_internet_fixe,gva,GVA Togo,total,2019T4,5945.0,abonnés,2020T4,5,0,0.0,0,,A,"AR1 (ARCEP, observatoire trimestriel)",GVA Togo
abonnes_internet_fixe,gva,GVA Togo,total,2020T1,8998.0,abonnés,2021T1,5,0,0.0,0,,A,"AR1 (ARCEP, observatoire trimestriel)",Abonnés de GVA
abonnes_internet_fixe,gva,GVA Togo,total,2020T2,12390.0,abonnés,2021T2,5,0,0.0,0,,A,"AR1 (ARCEP, observatoire trimestriel)",Abonnés de GVA
abonnes_internet_fixe,gva,GVA Togo,total,2020T3,14918.0,abonnés,2021T3,5,0,0.0,0,,A,"AR1 (ARCEP, observatoire trimestriel)",Abonnés de GVA
abonnes_internet_fixe,gva,GVA Togo,total,2020T4,18270.0,abonnés,2021T4,5,0,0.0,0,,A,"AR1 (ARCEP, observatoire trimestriel)",Abonnés de GVA
abonnes_internet_fixe,gva,GVA Togo,total,2021T1,23203.0,abonnés,2022T1,5,1,10.28,0,,A,"AR1 (ARCEP, observatoire trimestriel)",Abonnés de GVA
abonnes_internet_fixe,gva,GVA Togo,total,2021T2,25588.0,abonnés,2022T2,5,0,0.0,0,,A,"AR1 (ARCEP, observatoire trimestriel)",Abonnés de GVA
abonnes_internet_fixe,gva,GVA Togo,total,2021T3,29433.0,abonnés,2022T3,5,0,0.0,0,,A,"AR1 (ARCEP, observatoire trimestriel)",Abonnés de GVA
abonnes_internet_fixe,gva,GVA Togo,total,2021T4,36050.0,abonnés,2022T4,5,0,0.0,0,,A,"AR1 (ARCEP, observatoire trimestriel)",Abonnés de GVA
abonnes_internet_fixe,gva,GVA Togo,total,2022T1,36977.0,abonnés,2023T1,5,0,0.0,0,,A,"AR1 (ARCEP, observatoire trimestriel)",Abonnés de GVA
abonnes_internet_fixe,gva,GVA Togo,total,2022T2,41192.0,abonnés,2023T2,5,0,0.0,0,,A,"AR1 (ARCEP, observatoire trimestriel)",Abonnés de GVA
abonnes_internet_fixe,gva,GVA Togo,total,2022T3,44677.0,abonnés,2023T2,4,0,0.0,0,,A,"AR1 (ARCEP, observatoire trimestriel)",Abonnés de GVA
abonnes_internet_fixe,gva,GVA Togo,total,2022T4,50623.0,abonnés,2023T2,3,0,0.0,0,,A,"AR1 (ARCEP, observatoire trimestriel)",Abonnés de GVA
abonnes_internet_fixe,gva,GVA Togo,total,2023T1,52700.0,abonnés,2024T1,3,0,0.0,0,,A,"AR1 (ARCEP, observatoire trimestriel)",Abonnés de GVA
abonnes_internet_fixe,gva,GVA Togo,total,2023T2,52131.0,abonnés,2024T2,3,0,0.0,0,,A,"AR1 (ARCEP, observatoire trimestriel)",Abonnés de GVA
abonnes_internet_fixe,gva,GVA Togo,total,2023T3,57776.0,abonnés,2024T3,3,0,0.0,0,,A,"AR1 (ARCEP, observatoire trimestriel)",Abonnés de GVA
abonnes_internet_fixe,gva,GVA Togo,total,2023T4,67247.0,abonnés,2024T4,4,0,0.0,0,,A,"AR1 (ARCEP, observatoire trimestriel)",Abonnés de GVA
abonnes_internet_fixe,gva,GVA Togo,total,2024T1,64871.0,abonnés,2025T1,5,0,0.0,0,,A,"AR1 (ARCEP, observatoire trimestriel)",Abonnés GVA Togo
abonnes_internet_fixe,gva,GVA Togo,total,2024T2,69473.0,abonnés,2025T2,5,0,0.0,0,,A,"AR1 (ARCEP, observatoire trimestriel)",Abonnés GVA Togo
abonnes_internet_fixe,gva,GVA Togo,total,2024T3,70896.0,abonnés,2025T3,5,0,0.0,0,,A,"AR1 (ARCEP, observatoire trimestriel)",Abonnés GVA Togo
abonnes_internet_fixe,gva,GVA Togo,total,2024T4,78892.0,abonnés,2025T4,5,0,0.0,0,,A,"AR1 (ARCEP, observatoire trimestriel)",Abonnés GVA Togo
abonnes_internet_fixe,gva,GVA Togo,total,2025T1,75409.0,abonnés,2026T1,5,0,0.0,0,,A,"AR1 (ARCEP, observatoire trimestriel)",Abonnés GVA Togo
abonnes_internet_fixe,gva,GVA Togo,total,2025T2,79409.0,abonnés,2026T2,5,0,0.0,0,,A,"AR1 (ARCEP, observatoire trimestriel)",Abonnés GVA Togo
abonnes_internet_fixe,gva,GVA Togo,total,2025T3,77052.0,abonnés,2026T2,4,0,0.0,0,,A,"AR1 (ARCEP, observatoire trimestriel)",Abonnés GVA Togo
abonnes_internet_fixe,gva,GVA Togo,total,2025T4,88976.0,abonnés,2026T2,3,0,0.0,0,,A,"AR1 (ARCEP, observatoire trimestriel)",Abonnés GVA Togo
abonnes_internet_fixe,gva,GVA Togo,total,2026T1,81105.0,abonnés,2026T2,2,0,0.0,0,,A,"AR1 (ARCEP, observatoire trimestriel)",Abonnés GVA Togo
abonnes_internet_fixe,gva,GVA Togo,total,2026T2,88440.0,abonnés,2026T2,1,0,0.0,0,,A,"AR1 (ARCEP, observatoire trimestriel)",Abonnés GVA Togo
abonnes_internet_fixe,teolis,TEOLIS,total,2018T2,14.0,abonnés,2019T2,2,0,0.0,0,,A,"AR1 (ARCEP, observatoire trimestriel)",Abonnés de Téolis
abonnes_internet_fixe,teolis,TEOLIS,total,2018T3,16.0,abonnés,2019T3,3,0,0.0,0,,A,"AR1 (ARCEP, observatoire trimestriel)",Abonnés de Téolis
abonnes_internet_fixe,teolis,TEOLIS,total,2018T4,17.0,abonnés,2019T4,4,0,0.0,0,,A,"AR1 (ARCEP, observatoire trimestriel)",Abonnés de Téolis
abonnes_internet_fixe,teolis,TEOLIS,total,2019T1,36.0,abonnés,2020T1,5,0,0.0,0,,A,"AR1 (ARCEP, observatoire trimestriel)",Téolis
abonnes_internet_fixe,teolis,TEOLIS,total,2019T2,68.0,abonnés,2020T2,5,0,0.0,0,,A,"AR1 (ARCEP, observatoire trimestriel)",TEOLIS
abonnes_internet_fixe,teolis,TEOLIS,total,2019T3,134.0,abonnés,2020T3,5,0,0.0,0,,A,"AR1 (ARCEP, observatoire trimestriel)",TEOLIS
abonnes_internet_fixe,teolis,TEOLIS,total,2019T4,154.0,abonnés,2020T4,5,0,0.0,0,,A,"AR1 (ARCEP, observatoire trimestriel)",TEOLIS
abonnes_internet_fixe,teolis,TEOLIS,total,2020T1,169.0,abonnés,2021T1,5,0,0.0,0,,A,"AR1 (ARCEP, observatoire trimestriel)",Abonnés de Téolis
abonnes_internet_fixe,teolis,TEOLIS,total,2020T2,203.0,abonnés,2021T2,5,0,0.0,0,,A,"AR1 (ARCEP, observatoire trimestriel)",Abonnés de Téolis
abonnes_internet_fixe,teolis,TEOLIS,total,2020T3,228.0,abonnés,2021T3,5,0,0.0,0,,A,"AR1 (ARCEP, observatoire trimestriel)",Abonnés de Téolis
abonnes_internet_fixe,teolis,TEOLIS,total,2020T4,254.0,abonnés,2021T4,5,0,0.0,0,,A,"AR1 (ARCEP, observatoire trimestriel)",Abonnés de Téolis
abonnes_internet_fixe,teolis,TEOLIS,total,2021T1,250.0,abonnés,2022T1,5,0,0.0,0,,A,"AR1 (ARCEP, observatoire trimestriel)",Abonnés de Téolis
abonnes_internet_fixe,teolis,TEOLIS,total,2021T2,258.0,abonnés,2022T2,5,1,3.1,0,,A,"AR1 (ARCEP, observatoire trimestriel)",Abonnés de Téolis
abonnes_internet_fixe,teolis,TEOLIS,total,2021T3,275.0,abonnés,2022T3,5,0,0.0,0,,A,"AR1 (ARCEP, observatoire trimestriel)",Abonnés de Téolis
abonnes_internet_fixe,teolis,TEOLIS,total,2021T4,510.0,abonnés,2022T4,5,0,0.0,0,,A,"AR1 (ARCEP, observatoire trimestriel)",Abonnés de Téolis
abonnes_internet_fixe,teolis,TEOLIS,total,2022T1,531.0,abonnés,2023T1,5,0,0.0,0,,A,"AR1 (ARCEP, observatoire trimestriel)",Abonnés de Téolis
abonnes_internet_fixe,teolis,TEOLIS,total,2022T2,564.0,abonnés,2023T2,5,0,0.0,0,,A,"AR1 (ARCEP, observatoire trimestriel)",Abonnés de Téolis
abonnes_internet_fixe,teolis,TEOLIS,total,2022T3,573.0,abonnés,2023T2,4,0,0.0,0,,A,"AR1 (ARCEP, observatoire trimestriel)",Abonnés de Téolis
abonnes_internet_fixe,teolis,TEOLIS,total,2022T4,584.0,abonnés,2023T2,3,0,0.0,0,,A,"AR1 (ARCEP, observatoire trimestriel)",Abonnés de Téolis
abonnes_internet_fixe,teolis,TEOLIS,total,2023T1,597.0,abonnés,2024T1,3,0,0.0,0,,A,"AR1 (ARCEP, observatoire trimestriel)",Abonnés de Téolis
abonnes_internet_fixe,teolis,TEOLIS,total,2023T2,604.0,abonnés,2024T2,3,0,0.0,0,,A,"AR1 (ARCEP, observatoire trimestriel)",Abonnés de Téolis
abonnes_internet_fixe,teolis,TEOLIS,total,2023T3,618.0,abonnés,2024T3,3,0,0.0,0,,A,"AR1 (ARCEP, observatoire trimestriel)",Abonnés de Téolis
abonnes_internet_fixe,teolis,TEOLIS,total,2023T4,633.0,abonnés,2024T4,4,0,0.0,0,,A,"AR1 (ARCEP, observatoire trimestriel)",Abonnés de Téolis
abonnes_internet_fixe,teolis,TEOLIS,total,2024T1,647.0,abonnés,2025T1,5,0,0.0,0,,A,"AR1 (ARCEP, observatoire trimestriel)",Abonnés TEOLIS SA
abonnes_internet_fixe,teolis,TEOLIS,total,2024T2,655.0,abonnés,2025T2,5,0,0.0,0,,A,"AR1 (ARCEP, observatoire trimestriel)",Abonnés TEOLIS SA
abonnes_internet_fixe,teolis,TEOLIS,total,2024T3,659.0,abonnés,2025T3,5,0,0.0,0,,A,"AR1 (ARCEP, observatoire trimestriel)",Abonnés TEOLIS SA
abonnes_internet_fixe,teolis,TEOLIS,total,2024T4,667.0,abonnés,2025T4,5,0,0.0,0,,A,"AR1 (ARCEP, observatoire trimestriel)",Abonnés TEOLIS SA
abonnes_internet_fixe,teolis,TEOLIS,total,2025T1,783.0,abonnés,2026T1,5,0,0.0,0,,A,"AR1 (ARCEP, observatoire trimestriel)",Abonnés TEOLIS SA
abonnes_internet_fixe,teolis,TEOLIS,total,2025T2,788.0,abonnés,2026T2,5,0,0.0,0,,A,"AR1 (ARCEP, observatoire trimestriel)",Abonnés TEOLIS SA
abonnes_internet_fixe,teolis,TEOLIS,total,2025T3,793.0,abonnés,2026T2,4,0,0.0,0,,A,"AR1 (ARCEP, observatoire trimestriel)",Abonnés TEOLIS SA
abonnes_internet_fixe,teolis,TEOLIS,total,2025T4,797.0,abonnés,2026T2,3,0,0.0,0,,A,"AR1 (ARCEP, observatoire trimestriel)",Abonnés TEOLIS SA
abonnes_internet_fixe,teolis,TEOLIS,total,2026T1,797.0,abonnés,2026T2,2,0,0.0,0,,A,"AR1 (ARCEP, observatoire trimestriel)",Abonnés TEOLIS SA
abonnes_internet_fixe,teolis,TEOLIS,total,2026T2,512.0,abonnés,2026T2,1,0,0.0,0,,A,"AR1 (ARCEP, observatoire trimestriel)",Abonnés TEOLIS SA
abonnes_internet_fixe,togo_telecom,"Togo Telecom (YAS, fixe)",total,2017T1,44857.0,abonnés,2018T1,1,0,0.0,0,,A,"AR1 (ARCEP, observatoire trimestriel)",Abonnés de Togo Telecom
abonnes_internet_fixe,togo_telecom,"Togo Telecom (YAS, fixe)",total,2017T2,41866.0,abonnés,2018T2,2,0,0.0,0,,A,"AR1 (ARCEP, observatoire trimestriel)",Abonnés de Togo Telecom
abonnes_internet_fixe,togo_telecom,"Togo Telecom (YAS, fixe)",total,2017T3,43839.0,abonnés,2018T3,3,0,0.0,0,,A,"AR1 (ARCEP, observatoire trimestriel)",Abonnés de Togo Telecom
abonnes_internet_fixe,togo_telecom,"Togo Telecom (YAS, fixe)",total,2017T4,45757.0,abonnés,2018T4,4,0,0.0,0,,A,"AR1 (ARCEP, observatoire trimestriel)",Abonnés de Togo Telecom
abonnes_internet_fixe,togo_telecom,"Togo Telecom (YAS, fixe)",total,2018T1,37572.0,abonnés,2019T1,5,0,0.0,0,,A,"AR1 (ARCEP, observatoire trimestriel)",Abonnés de Togo Telecom
abonnes_internet_fixe,togo_telecom,"Togo Telecom (YAS, fixe)",total,2018T2,13520.0,abonnés,2019T2,5,0,0.0,0,,A,"AR1 (ARCEP, observatoire trimestriel)",Abonnés Internet de Togo Telecom
abonnes_internet_fixe,togo_telecom,"Togo Telecom (YAS, fixe)",total,2018T3,16553.0,abonnés,2019T3,5,0,0.0,0,,A,"AR1 (ARCEP, observatoire trimestriel)",Abonnés Internet de Togo Telecom
abonnes_internet_fixe,togo_telecom,"Togo Telecom (YAS, fixe)",total,2018T4,19350.0,abonnés,2019T4,5,0,0.0,0,,A,"AR1 (ARCEP, observatoire trimestriel)",Abonnés Internet de Togo Telecom
abonnes_internet_fixe,togo_telecom,"Togo Telecom (YAS, fixe)",total,2019T1,21990.0,abonnés,2020T1,5,0,0.0,0,,A,"AR1 (ARCEP, observatoire trimestriel)",Togo Telecom
abonnes_internet_fixe,togo_telecom,"Togo Telecom (YAS, fixe)",total,2019T2,20238.0,abonnés,2020T2,5,0,0.0,0,,A,"AR1 (ARCEP, observatoire trimestriel)",Togo Telecom
abonnes_internet_fixe,togo_telecom,"Togo Telecom (YAS, fixe)",total,2019T3,21627.0,abonnés,2020T3,5,0,0.0,0,,A,"AR1 (ARCEP, observatoire trimestriel)",Togo Telecom
abonnes_internet_fixe,togo_telecom,"Togo Telecom (YAS, fixe)",total,2019T4,23466.0,abonnés,2020T4,5,0,0.0,0,,A,"AR1 (ARCEP, observatoire trimestriel)",Togo Telecom
abonnes_internet_fixe,togo_telecom,"Togo Telecom (YAS, fixe)",total,2020T1,25389.0,abonnés,2021T1,5,0,0.0,0,,A,"AR1 (ARCEP, observatoire trimestriel)",Abonnés de Togo Telecom
abonnes_internet_fixe,togo_telecom,"Togo Telecom (YAS, fixe)",total,2020T2,27345.0,abonnés,2021T2,5,0,0.0,0,,A,"AR1 (ARCEP, observatoire trimestriel)",Abonnés de Togo Telecom
abonnes_internet_fixe,togo_telecom,"Togo Telecom (YAS, fixe)",total,2020T3,30541.0,abonnés,2021T3,5,0,0.0,0,,A,"AR1 (ARCEP, observatoire trimestriel)",Abonnés de Togo Telecom
abonnes_internet_fixe,togo_telecom,"Togo Telecom (YAS, fixe)",total,2020T4,32415.0,abonnés,2021T4,5,0,0.0,0,,A,"AR1 (ARCEP, observatoire trimestriel)",Abonnés internet de Togo Telecom
abonnes_internet_fixe,togo_telecom,"Togo Telecom (YAS, fixe)",total,2021T1,36300.0,abonnés,2022T1,5,0,0.0,0,,A,"AR1 (ARCEP, observatoire trimestriel)",Abonnés internet de Togo Telecom
abonnes_internet_fixe,togo_telecom,"Togo Telecom (YAS, fixe)",total,2021T2,26154.0,abonnés,2022T2,5,0,0.0,0,,A,"AR1 (ARCEP, observatoire trimestriel)",Abonnés internet de Togo Telecom
abonnes_internet_fixe,togo_telecom,"Togo Telecom (YAS, fixe)",total,2021T3,28129.0,abonnés,2022T3,5,0,0.0,0,,A,"AR1 (ARCEP, observatoire trimestriel)",Abonnés internet de Togo Telecom
abonnes_internet_fixe,togo_telecom,"Togo Telecom (YAS, fixe)",total,2021T4,30903.0,abonnés,2022T4,5,0,0.0,0,,A,"AR1 (ARCEP, observatoire trimestriel)",Abonnés internet de Togo Telecom
abonnes_internet_fixe,togo_telecom,"Togo Telecom (YAS, fixe)",total,2022T1,33547.0,abonnés,2023T1,5,0,0.0,0,,A,"AR1 (ARCEP, observatoire trimestriel)",Abonnés internet de Togo Telecom
abonnes_internet_fixe,togo_telecom,"Togo Telecom (YAS, fixe)",total,2022T2,35087.0,abonnés,2023T2,5,0,0.0,0,,A,"AR1 (ARCEP, observatoire trimestriel)",Abonnés internet de Togo Telecom
abonnes_internet_fixe,togo_telecom,"Togo Telecom (YAS, fixe)",total,2022T3,37606.0,abonnés,2023T2,4,0,0.0,0,,A,"AR1 (ARCEP, observatoire trimestriel)",Abonnés internet de Togo Telecom
abonnes_internet_fixe,togo_telecom,"Togo Telecom (YAS, fixe)",total,2022T4,41492.0,abonnés,2023T2,3,0,0.0,0,,A,"AR1 (ARCEP, observatoire trimestriel)",Abonnés internet de Togo Telecom
abonnes_internet_fixe,togo_telecom,"Togo Telecom (YAS, fixe)",total,2023T1,44570.0,abonnés,2024T1,3,0,0.0,0,,A,"AR1 (ARCEP, observatoire trimestriel)",Abonnés internet de Togo Telecom
abonnes_internet_fixe,togo_telecom,"Togo Telecom (YAS, fixe)",total,2023T2,44620.0,abonnés,2024T2,3,0,0.0,0,,A,"AR1 (ARCEP, observatoire trimestriel)",Abonnés internet de Togo Telecom
abonnes_internet_fixe,togo_telecom,"Togo Telecom (YAS, fixe)",total,2023T3,46546.0,abonnés,2024T3,3,0,0.0,0,,A,"AR1 (ARCEP, observatoire trimestriel)",Abonnés internet de Togo Telecom
abonnes_internet_fixe,togo_telecom,"Togo Telecom (YAS, fixe)",total,2023T4,45081.0,abonnés,2024T4,4,0,0.0,0,,A,"AR1 (ARCEP, observatoire trimestriel)",Abonnés internet de Togo Telecom
abonnes_internet_fixe,togo_telecom,"Togo Telecom (YAS, fixe)",total,2024T1,43688.0,abonnés,2025T1,5,0,0.0,0,,A,"AR1 (ARCEP, observatoire trimestriel)",Abonnés YAS Togo
abonnes_internet_fixe,togo_telecom,"Togo Telecom (YAS, fixe)",total,2024T2,46536.0,abonnés,2025T2,5,0,0.0,0,,A,"AR1 (ARCEP, observatoire trimestriel)",Abonnés YAS Togo
abonnes_internet_fixe,togo_telecom,"Togo Telecom (YAS, fixe)",total,2024T3,51471.0,abonnés,2025T3,5,0,0.0,0,,A,"AR1 (ARCEP, observatoire trimestriel)",Abonnés YAS Togo
abonnes_internet_fixe,togo_telecom,"Togo Telecom (YAS, fixe)",total,2024T4,54021.0,abonnés,2025T4,5,0,0.0,0,,A,"AR1 (ARCEP, observatoire trimestriel)",Abonnés YAS Togo
abonnes_internet_fixe,togo_telecom,"Togo Telecom (YAS, fixe)",total,2025T1,56805.0,abonnés,2026T1,5,0,0.0,0,,A,"AR1 (ARCEP, observatoire trimestriel)",Abonnés YAS Togo
abonnes_internet_fixe,togo_telecom,"Togo Telecom (YAS, fixe)",total,2025T2,57073.0,abonnés,2026T2,5,0,0.0,0,,A,"AR1 (ARCEP, observatoire trimestriel)",Abonnés YAS Togo
abonnes_internet_fixe,togo_telecom,"Togo Telecom (YAS, fixe)",total,2025T3,60137.0,abonnés,2026T2,4,0,0.0,0,,A,"AR1 (ARCEP, observatoire trimestriel)",Abonnés YAS Togo
abonnes_internet_fixe,togo_telecom,"Togo Telecom (YAS, fixe)",total,2025T4,63828.0,abonnés,2026T2,3,0,0.0,0,,A,"AR1 (ARCEP, observatoire trimestriel)",Abonnés YAS Togo
abonnes_internet_fixe,togo_telecom,"Togo Telecom (YAS, fixe)",total,2026T1,66658.0,abonnés,2026T2,2,0,0.0,0,,A,"AR1 (ARCEP, observatoire trimestriel)",Abonnés YAS Togo
abonnes_internet_fixe,togo_telecom,"Togo Telecom (YAS, fixe)",total,2026T2,66756.0,abonnés,2026T2,1,0,0.0,0,,A,"AR1 (ARCEP, observatoire trimestriel)",Abonnés YAS Togo
abonnes_internet_fixe_acces,togo_telecom,"Togo Telecom (YAS, fixe)",ADSL,2017T1,9030.0,abonnés,2018T1,1,0,0.0,0,,A,"AR1 (ARCEP, observatoire trimestriel)",ADSL
abonnes_internet_fixe_acces,togo_telecom,"Togo Telecom (YAS, fixe)",ADSL,2017T2,8966.0,abonnés,2018T2,2,0,0.0,0,,A,"AR1 (ARCEP, observatoire trimestriel)",ADSL
abonnes_internet_fixe_acces,togo_telecom,"Togo Telecom (YAS, fixe)",ADSL,2017T3,9737.0,abonnés,2018T3,3,0,0.0,0,,A,"AR1 (ARCEP, observatoire trimestriel)",ADSL
abonnes_internet_fixe_acces,togo_telecom,"Togo Telecom (YAS, fixe)",ADSL,2017T4,10536.0,abonnés,2018T4,4,0,0.0,0,,A,"AR1 (ARCEP, observatoire trimestriel)",ADSL
abonnes_internet_fixe_acces,togo_telecom,"Togo Telecom (YAS, fixe)",ADSL,2018T1,10145.0,abonnés,2019T1,5,0,0.0,0,,A,"AR1 (ARCEP, observatoire trimestriel)",ADSL
abonnes_internet_fixe_acces,togo_telecom,"Togo Telecom (YAS, fixe)",ADSL,2018T2,11414.0,abonnés,2019T2,5,0,0.0,0,,A,"AR1 (ARCEP, observatoire trimestriel)",ADSL
abonnes_internet_fixe_acces,togo_telecom,"Togo Telecom (YAS, fixe)",ADSL,2018T3,13288.0,abonnés,2019T3,5,0,0.0,0,,A,"AR1 (ARCEP, observatoire trimestriel)",ADSL
abonnes_internet_fixe_acces,togo_telecom,"Togo Telecom (YAS, fixe)",ADSL,2018T4,14957.0,abonnés,2019T4,5,0,0.0,0,,A,"AR1 (ARCEP, observatoire trimestriel)",ADSL
abonnes_internet_fixe_acces,togo_telecom,"Togo Telecom (YAS, fixe)",ADSL,2019T1,16182.0,abonnés,2020T1,5,0,0.0,0,,A,"AR1 (ARCEP, observatoire trimestriel)",ADSL
abonnes_internet_fixe_acces,togo_telecom,"Togo Telecom (YAS, fixe)",ADSL,2019T2,13793.0,abonnés,2020T2,5,0,0.0,0,,A,"AR1 (ARCEP, observatoire trimestriel)",ADSL
abonnes_internet_fixe_acces,togo_telecom,"Togo Telecom (YAS, fixe)",ADSL,2019T3,14653.0,abonnés,2020T3,5,0,0.0,0,,A,"AR1 (ARCEP, observatoire trimestriel)",ADSL
abonnes_internet_fixe_acces,togo_telecom,"Togo Telecom (YAS, fixe)",ADSL,2019T4,14332.0,abonnés,2020T4,5,0,0.0,0,,A,"AR1 (ARCEP, observatoire trimestriel)",ADSL
abonnes_internet_fixe_acces,togo_telecom,"Togo Telecom (YAS, fixe)",ADSL,2020T1,16437.0,abonnés,2021T1,5,0,0.0,0,,A,"AR1 (ARCEP, observatoire trimestriel)",ADSL
abonnes_internet_fixe_acces,togo_telecom,"Togo Telecom (YAS, fixe)",ADSL,2020T2,17280.0,abonnés,2021T2,5,0,0.0,0,,A,"AR1 (ARCEP, observatoire trimestriel)",ADSL
abonnes_internet_fixe_acces,togo_telecom,"Togo Telecom (YAS, fixe)",ADSL,2020T3,18881.0,abonnés,2021T3,5,0,0.0,0,,A,"AR1 (ARCEP, observatoire trimestriel)",ADSL
abonnes_internet_fixe_acces,togo_telecom,"Togo Telecom (YAS, fixe)",ADSL,2020T4,19373.0,abonnés,2021T3,4,0,0.0,0,,A,"AR1 (ARCEP, observatoire trimestriel)",ADSL
abonnes_internet_fixe_acces,togo_telecom,"Togo Telecom (YAS, fixe)",ADSL,2021T1,20111.0,abonnés,2021T3,3,0,0.0,0,,A,"AR1 (ARCEP, observatoire trimestriel)",ADSL
abonnes_internet_fixe_acces,togo_telecom,"Togo Telecom (YAS, fixe)",ADSL,2021T2,13881.0,abonnés,2021T3,2,0,0.0,0,,A,"AR1 (ARCEP, observatoire trimestriel)",ADSL
abonnes_internet_fixe_acces,togo_telecom,"Togo Telecom (YAS, fixe)",ADSL,2021T3,11172.0,abonnés,2021T3,1,0,0.0,0,,A,"AR1 (ARCEP, observatoire trimestriel)",ADSL
abonnes_internet_fixe_acces,togo_telecom,"Togo Telecom (YAS, fixe)",Evdo,2017T1,35210.0,abonnés,2018T1,1,0,0.0,0,,A,"AR1 (ARCEP, observatoire trimestriel)",Ev-Do
abonnes_internet_fixe_acces,togo_telecom,"Togo Telecom (YAS, fixe)",Evdo,2017T2,32272.0,abonnés,2018T2,2,0,0.0,0,,A,"AR1 (ARCEP, observatoire trimestriel)",Ev-Do
abonnes_internet_fixe_acces,togo_telecom,"Togo Telecom (YAS, fixe)",Evdo,2017T3,33244.0,abonnés,2018T3,3,0,0.0,0,,A,"AR1 (ARCEP, observatoire trimestriel)",Ev-Do
abonnes_internet_fixe_acces,togo_telecom,"Togo Telecom (YAS, fixe)",Evdo,2017T4,33928.0,abonnés,2018T4,4,0,0.0,0,,A,"AR1 (ARCEP, observatoire trimestriel)",Ev-Do
abonnes_internet_fixe_acces,togo_telecom,"Togo Telecom (YAS, fixe)",Evdo,2018T1,25679.0,abonnés,2019T1,5,0,0.0,0,,A,"AR1 (ARCEP, observatoire trimestriel)",Ev-Do
abonnes_internet_fixe_acces,togo_telecom,"Togo Telecom (YAS, fixe)",Evdo,2018T2,0.0,abonnés,2019T1,4,1,inf,0,,A,"AR1 (ARCEP, observatoire trimestriel)",Ev-Do
abonnes_internet_fixe_acces,togo_telecom,"Togo Telecom (YAS, fixe)",Evdo,2018T3,0.0,abonnés,2019T1,3,0,,0,,A,"AR1 (ARCEP, observatoire trimestriel)",Ev-Do
abonnes_internet_fixe_acces,togo_telecom,"Togo Telecom (YAS, fixe)",Evdo,2018T4,0.0,abonnés,2019T1,2,0,,0,,A,"AR1 (ARCEP, observatoire trimestriel)",Ev-Do
abonnes_internet_fixe_acces,togo_telecom,"Togo Telecom (YAS, fixe)",Evdo,2019T1,0.0,abonnés,2019T1,1,0,,0,,A,"AR1 (ARCEP, observatoire trimestriel)",Ev-Do
abonnes_internet_fixe_acces,togo_telecom,"Togo Telecom (YAS, fixe)",FTTH,2017T1,0.0,abonnés,2018T1,1,0,,0,,A,"AR1 (ARCEP, observatoire trimestriel)",FTTH
abonnes_internet_fixe_acces,togo_telecom,"Togo Telecom (YAS, fixe)",FTTH,2017T2,0.0,abonnés,2018T2,2,0,,0,,A,"AR1 (ARCEP, observatoire trimestriel)",FTTH
abonnes_internet_fixe_acces,togo_telecom,"Togo Telecom (YAS, fixe)",FTTH,2017T3,0.0,abonnés,2018T3,3,0,,0,,A,"AR1 (ARCEP, observatoire trimestriel)",FTTH
abonnes_internet_fixe_acces,togo_telecom,"Togo Telecom (YAS, fixe)",FTTH,2017T4,92.0,abonnés,2018T4,4,0,0.0,0,,A,"AR1 (ARCEP, observatoire trimestriel)",FTTH
abonnes_internet_fixe_acces,togo_telecom,"Togo Telecom (YAS, fixe)",FTTH,2018T1,113.0,abonnés,2019T1,5,0,0.0,0,,A,"AR1 (ARCEP, observatoire trimestriel)",FTTH
abonnes_internet_fixe_acces,togo_telecom,"Togo Telecom (YAS, fixe)",FTTH,2018T2,375.0,abonnés,2019T2,5,0,0.0,0,,A,"AR1 (ARCEP, observatoire trimestriel)",FTTH
abonnes_internet_fixe_acces,togo_telecom,"Togo Telecom (YAS, fixe)",FTTH,2018T3,1035.0,abonnés,2019T3,5,0,0.0,0,,A,"AR1 (ARCEP, observatoire trimestriel)",FTTH
abonnes_internet_fixe_acces,togo_telecom,"Togo Telecom (YAS, fixe)",FTTH,2018T4,2068.0,abonnés,2019T4,5,0,0.0,0,,A,"AR1 (ARCEP, observatoire trimestriel)",FTTH
abonnes_internet_fixe_acces,togo_telecom,"Togo Telecom (YAS, fixe)",FTTH,2019T1,3498.0,abonnés,2020T1,5,0,0.0,0,,A,"AR1 (ARCEP, observatoire trimestriel)",FTTH
abonnes_internet_fixe_acces,togo_telecom,"Togo Telecom (YAS, fixe)",FTTH,2019T2,4028.0,abonnés,2020T2,5,0,0.0,0,,A,"AR1 (ARCEP, observatoire trimestriel)",FTTH
abonnes_internet_fixe_acces,togo_telecom,"Togo Telecom (YAS, fixe)",FTTH,2019T3,4952.0,abonnés,2020T3,5,0,0.0,0,,A,"AR1 (ARCEP, observatoire trimestriel)",FTTH
abonnes_internet_fixe_acces,togo_telecom,"Togo Telecom (YAS, fixe)",FTTH,2019T4,7146.0,abonnés,2020T4,5,0,0.0,0,,A,"AR1 (ARCEP, observatoire trimestriel)",FTTH
abonnes_internet_fixe_acces,togo_telecom,"Togo Telecom (YAS, fixe)",FTTH,2020T1,6976.0,abonnés,2021T1,5,0,0.0,0,,A,"AR1 (ARCEP, observatoire trimestriel)",FTTH
abonnes_internet_fixe_acces,togo_telecom,"Togo Telecom (YAS, fixe)",FTTH,2020T2,8076.0,abonnés,2021T2,5,1,20.1,0,,A,"AR1 (ARCEP, observatoire trimestriel)",FTTH
abonnes_internet_fixe_acces,togo_telecom,"Togo Telecom (YAS, fixe)",FTTH,2020T3,9699.0,abonnés,2021T3,5,0,0.0,0,,A,"AR1 (ARCEP, observatoire trimestriel)",FTTH
abonnes_internet_fixe_acces,togo_telecom,"Togo Telecom (YAS, fixe)",FTTH,2020T4,11124.0,abonnés,2021T3,4,0,0.0,0,,A,"AR1 (ARCEP, observatoire trimestriel)",FTTH
abonnes_internet_fixe_acces,togo_telecom,"Togo Telecom (YAS, fixe)",FTTH,2021T1,14304.0,abonnés,2021T3,3,0,0.0,0,,A,"AR1 (ARCEP, observatoire trimestriel)",FTTH
abonnes_internet_fixe_acces,togo_telecom,"Togo Telecom (YAS, fixe)",FTTH,2021T2,11820.0,abonnés,2021T3,2,0,0.0,0,,A,"AR1 (ARCEP, observatoire trimestriel)",FTTH
abonnes_internet_fixe_acces,togo_telecom,"Togo Telecom (YAS, fixe)",FTTH,2021T3,16484.0,abonnés,2021T3,1,0,0.0,0,,A,"AR1 (ARCEP, observatoire trimestriel)",FTTH
abonnes_internet_fixe_acces,togo_telecom,"Togo Telecom (YAS, fixe)",LS,2017T1,117.0,abonnés,2018T1,1,0,0.0,0,,A,"AR1 (ARCEP, observatoire trimestriel)",LS Internet
abonnes_internet_fixe_acces,togo_telecom,"Togo Telecom (YAS, fixe)",LS,2017T2,113.0,abonnés,2018T2,2,0,0.0,0,,A,"AR1 (ARCEP, observatoire trimestriel)",LS Internet
abonnes_internet_fixe_acces,togo_telecom,"Togo Telecom (YAS, fixe)",LS,2017T3,124.0,abonnés,2018T3,3,0,0.0,0,,A,"AR1 (ARCEP, observatoire trimestriel)",LS Internet
abonnes_internet_fixe_acces,togo_telecom,"Togo Telecom (YAS, fixe)",LS,2017T4,133.0,abonnés,2018T4,4,0,0.0,0,,A,"AR1 (ARCEP, observatoire trimestriel)",LS Internet
abonnes_internet_fixe_acces,togo_telecom,"Togo Telecom (YAS, fixe)",LS,2018T1,133.0,abonnés,2019T1,5,0,0.0,0,,A,"AR1 (ARCEP, observatoire trimestriel)",LS Internet
abonnes_internet_fixe_acces,togo_telecom,"Togo Telecom (YAS, fixe)",LS,2018T2,141.0,abonnés,2019T2,5,0,0.0,0,,A,"AR1 (ARCEP, observatoire trimestriel)",LS Internet
abonnes_internet_fixe_acces,togo_telecom,"Togo Telecom (YAS, fixe)",LS,2018T3,148.0,abonnés,2019T3,5,0,0.0,0,,A,"AR1 (ARCEP, observatoire trimestriel)",LS Internet
abonnes_internet_fixe_acces,togo_telecom,"Togo Telecom (YAS, fixe)",LS,2018T4,158.0,abonnés,2019T4,5,0,0.0,0,,A,"AR1 (ARCEP, observatoire trimestriel)",LS Internet
abonnes_internet_fixe_acces,togo_telecom,"Togo Telecom (YAS, fixe)",LS,2019T1,156.0,abonnés,2020T1,5,0,0.0,0,,A,"AR1 (ARCEP, observatoire trimestriel)",LS Internet
abonnes_internet_fixe_acces,togo_telecom,"Togo Telecom (YAS, fixe)",LS,2019T2,167.0,abonnés,2020T2,5,0,0.0,0,,A,"AR1 (ARCEP, observatoire trimestriel)",LS Internet
abonnes_internet_fixe_acces,togo_telecom,"Togo Telecom (YAS, fixe)",LS,2019T3,175.0,abonnés,2020T3,5,0,0.0,0,,A,"AR1 (ARCEP, observatoire trimestriel)",LS Internet
abonnes_internet_fixe_acces,togo_telecom,"Togo Telecom (YAS, fixe)",LS,2019T4,183.0,abonnés,2020T4,5,0,0.0,0,,A,"AR1 (ARCEP, observatoire trimestriel)",LS Internet
abonnes_internet_fixe_acces,togo_telecom,"Togo Telecom (YAS, fixe)",LS,2020T1,201.0,abonnés,2021T1,5,0,0.0,0,,A,"AR1 (ARCEP, observatoire trimestriel)",LS Internet
abonnes_internet_fixe_acces,togo_telecom,"Togo Telecom (YAS, fixe)",LS,2020T2,242.0,abonnés,2021T2,5,0,0.0,0,,A,"AR1 (ARCEP, observatoire trimestriel)",LS Internet
abonnes_internet_fixe_acces,togo_telecom,"Togo Telecom (YAS, fixe)",LS,2020T3,254.0,abonnés,2021T3,5,0,0.0,0,,A,"AR1 (ARCEP, observatoire trimestriel)",LS Internet
abonnes_internet_fixe_acces,togo_telecom,"Togo Telecom (YAS, fixe)",LS,2020T4,260.0,abonnés,2021T3,4,0,0.0,0,,A,"AR1 (ARCEP, observatoire trimestriel)",LS Internet
abonnes_internet_fixe_acces,togo_telecom,"Togo Telecom (YAS, fixe)",LS,2021T1,268.0,abonnés,2021T3,3,0,0.0,0,,A,"AR1 (ARCEP, observatoire trimestriel)",LS Internet
abonnes_internet_fixe_acces,togo_telecom,"Togo Telecom (YAS, fixe)",LS,2021T2,261.0,abonnés,2021T3,2,0,0.0,0,,A,"AR1 (ARCEP, observatoire trimestriel)",LS Internet
abonnes_internet_fixe_acces,togo_telecom,"Togo Telecom (YAS, fixe)",LS,2021T3,287.0,abonnés,2021T3,1,0,0.0,0,,A,"AR1 (ARCEP, observatoire trimestriel)",LS Internet
abonnes_internet_fixe_acces,togo_telecom,"Togo Telecom (YAS, fixe)",Wimax,2017T1,500.0,abonnés,2018T1,1,0,0.0,0,,A,"AR1 (ARCEP, observatoire trimestriel)",Wimax
abonnes_internet_fixe_acces,togo_telecom,"Togo Telecom (YAS, fixe)",Wimax,2017T2,515.0,abonnés,2018T2,2,0,0.0,0,,A,"AR1 (ARCEP, observatoire trimestriel)",Wimax
abonnes_internet_fixe_acces,togo_telecom,"Togo Telecom (YAS, fixe)",Wimax,2017T3,734.0,abonnés,2018T3,3,0,0.0,0,,A,"AR1 (ARCEP, observatoire trimestriel)",Wimax
abonnes_internet_fixe_acces,togo_telecom,"Togo Telecom (YAS, fixe)",Wimax,2017T4,1068.0,abonnés,2018T4,4,0,0.0,0,,A,"AR1 (ARCEP, observatoire trimestriel)",Wimax
abonnes_internet_fixe_acces,togo_telecom,"Togo Telecom (YAS, fixe)",Wimax,2018T1,1502.0,abonnés,2019T1,5,0,0.0,0,,A,"AR1 (ARCEP, observatoire trimestriel)",Wimax
abonnes_internet_fixe_acces,togo_telecom,"Togo Telecom (YAS, fixe)",Wimax,2018T2,1590.0,abonnés,2019T2,5,0,0.0,0,,A,"AR1 (ARCEP, observatoire trimestriel)",Wimax
abonnes_internet_fixe_acces,togo_telecom,"Togo Telecom (YAS, fixe)",Wimax,2018T3,2082.0,abonnés,2019T3,5,0,0.0,0,,A,"AR1 (ARCEP, observatoire trimestriel)",Wimax
abonnes_internet_fixe_acces,togo_telecom,"Togo Telecom (YAS, fixe)",Wimax,2018T4,2167.0,abonnés,2019T4,5,0,0.0,0,,A,"AR1 (ARCEP, observatoire trimestriel)",Wimax
abonnes_internet_fixe_acces,togo_telecom,"Togo Telecom (YAS, fixe)",Wimax,2019T1,2154.0,abonnés,2020T1,5,0,0.0,0,,A,"AR1 (ARCEP, observatoire trimestriel)",Wimax
abonnes_internet_fixe_acces,togo_telecom,"Togo Telecom (YAS, fixe)",Wimax,2019T2,2250.0,abonnés,2020T2,5,0,0.0,0,,A,"AR1 (ARCEP, observatoire trimestriel)",Wimax
abonnes_internet_fixe_acces,togo_telecom,"Togo Telecom (YAS, fixe)",Wimax,2019T3,1847.0,abonnés,2020T3,5,0,0.0,0,,A,"AR1 (ARCEP, observatoire trimestriel)",Wimax
abonnes_internet_fixe_acces,togo_telecom,"Togo Telecom (YAS, fixe)",Wimax,2019T4,1805.0,abonnés,2020T4,5,0,0.0,0,,A,"AR1 (ARCEP, observatoire trimestriel)",Wimax
abonnes_internet_fixe_acces,togo_telecom,"Togo Telecom (YAS, fixe)",Wimax,2020T1,1775.0,abonnés,2021T1,5,0,0.0,0,,A,"AR1 (ARCEP, observatoire trimestriel)",Wimax
abonnes_internet_fixe_acces,togo_telecom,"Togo Telecom (YAS, fixe)",Wimax,2020T2,1747.0,abonnés,2021T2,5,0,0.0,0,,A,"AR1 (ARCEP, observatoire trimestriel)",Wimax
abonnes_internet_fixe_acces,togo_telecom,"Togo Telecom (YAS, fixe)",Wimax,2020T3,1707.0,abonnés,2021T3,5,0,0.0,0,,A,"AR1 (ARCEP, observatoire trimestriel)",Wimax
abonnes_internet_fixe_acces,togo_telecom,"Togo Telecom (YAS, fixe)",Wimax,2020T4,1658.0,abonnés,2021T3,4,0,0.0,0,,A,"AR1 (ARCEP, observatoire trimestriel)",Wimax
abonnes_internet_fixe_acces,togo_telecom,"Togo Telecom (YAS, fixe)",Wimax,2021T1,1617.0,abonnés,2021T3,3,0,0.0,0,,A,"AR1 (ARCEP, observatoire trimestriel)",Wimax
abonnes_internet_fixe_acces,togo_telecom,"Togo Telecom (YAS, fixe)",Wimax,2021T2,192.0,abonnés,2021T3,2,0,0.0,0,,A,"AR1 (ARCEP, observatoire trimestriel)",Wimax
abonnes_internet_fixe_acces,togo_telecom,"Togo Telecom (YAS, fixe)",Wimax,2021T3,186.0,abonnés,2021T3,1,0,0.0,0,,A,"AR1 (ARCEP, observatoire trimestriel)",Wimax
abonnes_internet_fixe_acces,togo_telecom,"Togo Telecom (YAS, fixe)",total,2017T1,44857.0,abonnés,2018T1,1,0,0.0,0,,A,"AR1 (ARCEP, observatoire trimestriel)",Total Abonnés Internet Togo Telecom
abonnes_internet_fixe_acces,togo_telecom,"Togo Telecom (YAS, fixe)",total,2017T2,41866.0,abonnés,2018T1,1,0,0.0,0,,A,"AR1 (ARCEP, observatoire trimestriel)",Total Abonnés Internet Togo Telecom
abonnes_internet_fixe_acces,togo_telecom,"Togo Telecom (YAS, fixe)",total,2017T3,43839.0,abonnés,2018T3,2,0,0.0,0,,A,"AR1 (ARCEP, observatoire trimestriel)",Total Abonnés internet de Togo Telecom
abonnes_internet_fixe_acces,togo_telecom,"Togo Telecom (YAS, fixe)",total,2017T4,45757.0,abonnés,2018T4,3,0,0.0,0,,A,"AR1 (ARCEP, observatoire trimestriel)",Total Abonnés internet de Togo Telecom
abonnes_internet_fixe_acces,togo_telecom,"Togo Telecom (YAS, fixe)",total,2018T1,37572.0,abonnés,2019T1,4,0,0.0,0,,A,"AR1 (ARCEP, observatoire trimestriel)",Total Abonnés internet de Togo Telecom
abonnes_internet_fixe_acces,togo_telecom,"Togo Telecom (YAS, fixe)",total,2018T2,13520.0,abonnés,2019T2,4,0,0.0,0,,A,"AR1 (ARCEP, observatoire trimestriel)",Total Abonnés internet de Togo Telecom
abonnes_internet_fixe_acces,togo_telecom,"Togo Telecom (YAS, fixe)",total,2018T3,16553.0,abonnés,2019T3,5,0,0.0,0,,A,"AR1 (ARCEP, observatoire trimestriel)",Total Abonnés internet de Togo Telecom
abonnes_internet_fixe_acces,togo_telecom,"Togo Telecom (YAS, fixe)",total,2018T4,19350.0,abonnés,2019T4,5,0,0.0,0,,A,"AR1 (ARCEP, observatoire trimestriel)",Total Abonnés internet de Togo Telecom
abonnes_internet_fixe_acces,togo_telecom,"Togo Telecom (YAS, fixe)",total,2019T1,21990.0,abonnés,2020T1,5,0,0.0,0,,A,"AR1 (ARCEP, observatoire trimestriel)",Total Abonnés internet de Togo Telecom
abonnes_internet_fixe_acces,togo_telecom,"Togo Telecom (YAS, fixe)",total,2019T2,20238.0,abonnés,2020T2,5,0,0.0,0,,A,"AR1 (ARCEP, observatoire trimestriel)",Total Abonnés Internet de Togo Telecom
abonnes_internet_fixe_acces,togo_telecom,"Togo Telecom (YAS, fixe)",total,2019T3,21627.0,abonnés,2020T3,5,0,0.0,0,,A,"AR1 (ARCEP, observatoire trimestriel)",Total Abonnés Togo Telecom
abonnes_internet_fixe_acces,togo_telecom,"Togo Telecom (YAS, fixe)",total,2019T4,23466.0,abonnés,2020T4,5,0,0.0,0,,A,"AR1 (ARCEP, observatoire trimestriel)",Total Abonnés internet de Togo Telecom
abonnes_internet_fixe_acces,togo_telecom,"Togo Telecom (YAS, fixe)",total,2020T1,25389.0,abonnés,2021T1,5,0,0.0,0,,A,"AR1 (ARCEP, observatoire trimestriel)",Total Abonnés internet de Togo Telecom
abonnes_internet_fixe_acces,togo_telecom,"Togo Telecom (YAS, fixe)",total,2020T2,27345.0,abonnés,2021T2,5,1,11.69,0,,A,"AR1 (ARCEP, observatoire trimestriel)",Total Abonnés internet de Togo Telecom
abonnes_internet_fixe_acces,togo_telecom,"Togo Telecom (YAS, fixe)",total,2020T3,30541.0,abonnés,2021T3,5,0,0.0,0,,A,"AR1 (ARCEP, observatoire trimestriel)",Total Abonnés internet de Togo Telecom
abonnes_internet_fixe_acces,togo_telecom,"Togo Telecom (YAS, fixe)",total,2020T4,32415.0,abonnés,2021T3,4,0,0.0,0,,A,"AR1 (ARCEP, observatoire trimestriel)",Total Abonnés internet de Togo Telecom
abonnes_internet_fixe_acces,togo_telecom,"Togo Telecom (YAS, fixe)",total,2021T1,36300.0,abonnés,2021T3,3,0,0.0,0,,A,"AR1 (ARCEP, observatoire trimestriel)",Total Abonnés internet de Togo Telecom
abonnes_internet_fixe_acces,togo_telecom,"Togo Telecom (YAS, fixe)",total,2021T2,26154.0,abonnés,2021T3,2,0,0.0,0,,A,"AR1 (ARCEP, observatoire trimestriel)",Total Abonnés internet de Togo Telecom
abonnes_internet_fixe_acces,togo_telecom,"Togo Telecom (YAS, fixe)",total,2021T3,28129.0,abonnés,2021T3,1,0,0.0,0,,A,"AR1 (ARCEP, observatoire trimestriel)",Total Abonnés internet de Togo Telecom
abonnes_telephonie_fixe,ensemble,Ensemble,total,2017T1,33928.0,abonnés,2018T1,1,0,0.0,0,,A,"AR1 (ARCEP, observatoire trimestriel)",Total abonnés Fixe
abonnes_telephonie_fixe,ensemble,Ensemble,total,2017T2,32308.0,abonnés,2018T2,2,0,0.0,0,,A,"AR1 (ARCEP, observatoire trimestriel)",Total abonnés Fixe
abonnes_telephonie_fixe,ensemble,Ensemble,total,2017T3,33996.0,abonnés,2018T3,3,0,0.0,0,,A,"AR1 (ARCEP, observatoire trimestriel)",Total abonnés Fixe
abonnes_telephonie_fixe,ensemble,Ensemble,total,2017T4,36111.0,abonnés,2018T4,4,0,0.0,0,,A,"AR1 (ARCEP, observatoire trimestriel)",Total abonnés Fixe
abonnes_telephonie_fixe,ensemble,Ensemble,total,2018T1,33784.0,abonnés,2019T1,5,0,0.0,0,,A,"AR1 (ARCEP, observatoire trimestriel)",Total abonnés Fixe
abonnes_telephonie_fixe,ensemble,Ensemble,total,2018T2,34450.0,abonnés,2019T2,5,0,0.0,0,,A,"AR1 (ARCEP, observatoire trimestriel)",Total abonnés Fixe
abonnes_telephonie_fixe,ensemble,Ensemble,total,2018T3,36069.0,abonnés,2019T3,5,0,0.0,0,,A,"AR1 (ARCEP, observatoire trimestriel)",Total abonnés Fixe
abonnes_telephonie_fixe,ensemble,Ensemble,total,2018T4,37691.0,abonnés,2019T4,5,0,0.0,0,,A,"AR1 (ARCEP, observatoire trimestriel)",Total abonnés Fixe
abonnes_telephonie_fixe,ensemble,Ensemble,total,2019T1,39127.0,abonnés,2020T1,5,0,0.0,0,,A,"AR1 (ARCEP, observatoire trimestriel)",Total abonnés Fixe
abonnes_telephonie_fixe,ensemble,Ensemble,total,2019T2,40639.0,abonnés,2020T2,5,0,0.0,0,,A,"AR1 (ARCEP, observatoire trimestriel)",Total abonnés Fixe
abonnes_telephonie_fixe,ensemble,Ensemble,total,2019T3,41738.0,abonnés,2020T3,5,0,0.0,0,,A,"AR1 (ARCEP, observatoire trimestriel)",Total abonnés Fixe
abonnes_telephonie_fixe,ensemble,Ensemble,total,2019T4,43608.0,abonnés,2020T4,5,0,0.0,0,,A,"AR1 (ARCEP, observatoire trimestriel)",Total abonnés Fixe
abonnes_telephonie_fixe,ensemble,Ensemble,total,2020T1,44443.0,abonnés,2021T1,5,0,0.0,0,,A,"AR1 (ARCEP, observatoire trimestriel)",Total abonnés Fixe
abonnes_telephonie_fixe,ensemble,Ensemble,total,2020T2,42312.0,abonnés,2021T2,4,0,0.0,0,,A,"AR1 (ARCEP, observatoire trimestriel)",Total abonnés Fixe
abonnes_telephonie_fixe,ensemble,Ensemble,total,2020T3,43929.0,abonnés,2021T3,5,0,0.0,0,,A,"AR1 (ARCEP, observatoire trimestriel)",Total abonnés Fixe
abonnes_telephonie_fixe,ensemble,Ensemble,total,2020T4,46499.0,abonnés,2021T4,5,0,0.0,0,,A,"AR1 (ARCEP, observatoire trimestriel)",Total abonnés Fixe
abonnes_telephonie_fixe,ensemble,Ensemble,total,2021T1,50195.0,abonnés,2022T1,5,0,0.0,0,,A,"AR1 (ARCEP, observatoire trimestriel)",Total abonnés Fixe
abonnes_telephonie_fixe,ensemble,Ensemble,total,2021T2,47715.0,abonnés,2022T2,5,0,0.0,0,,A,"AR1 (ARCEP, observatoire trimestriel)",Total abonnés Fixe
abonnes_telephonie_fixe,ensemble,Ensemble,total,2021T3,50659.0,abonnés,2022T3,5,0,0.0,0,,A,"AR1 (ARCEP, observatoire trimestriel)",Total abonnés Fixe
abonnes_telephonie_fixe,ensemble,Ensemble,total,2021T4,55278.0,abonnés,2022T4,5,0,0.0,0,,A,"AR1 (ARCEP, observatoire trimestriel)",Total abonnés Fixe
abonnes_telephonie_fixe,ensemble,Ensemble,total,2022T1,58466.0,abonnés,2023T1,5,0,0.0,0,,A,"AR1 (ARCEP, observatoire trimestriel)",Total abonnés Fixe
abonnes_telephonie_fixe,ensemble,Ensemble,total,2022T2,59670.0,abonnés,2023T2,5,0,0.0,0,,A,"AR1 (ARCEP, observatoire trimestriel)",Total abonnés Fixe
abonnes_telephonie_fixe,ensemble,Ensemble,total,2022T3,61629.0,abonnés,2023T2,4,0,0.0,0,,A,"AR1 (ARCEP, observatoire trimestriel)",Total abonnés Fixe
abonnes_telephonie_fixe,ensemble,Ensemble,total,2022T4,65613.0,abonnés,2023T2,3,0,0.0,0,,A,"AR1 (ARCEP, observatoire trimestriel)",Total abonnés Fixe
abonnes_telephonie_fixe,ensemble,Ensemble,total,2023T1,66561.0,abonnés,2024T1,3,0,0.0,0,,A,"AR1 (ARCEP, observatoire trimestriel)",Total abonnés Fixe**
abonnes_telephonie_fixe,ensemble,Ensemble,total,2023T2,66761.0,abonnés,2024T2,3,0,0.0,0,,A,"AR1 (ARCEP, observatoire trimestriel)",Total abonnés Fixe**
abonnes_telephonie_fixe,ensemble,Ensemble,total,2023T3,66180.0,abonnés,2024T3,3,0,0.0,0,,A,"AR1 (ARCEP, observatoire trimestriel)",Total abonnés Fixe**
abonnes_telephonie_fixe,ensemble,Ensemble,total,2023T4,70692.0,abonnés,2024T4,4,0,0.0,0,,A,"AR1 (ARCEP, observatoire trimestriel)",Total abonnés Fixe**
abonnes_telephonie_fixe,ensemble,Ensemble,total,2024T1,68587.0,abonnés,2025T1,5,0,0.0,0,,A,"AR1 (ARCEP, observatoire trimestriel)",Total abonnés téléphonie fixe**
abonnes_telephonie_fixe,ensemble,Ensemble,total,2024T2,70905.0,abonnés,2025T2,5,0,0.0,0,,A,"AR1 (ARCEP, observatoire trimestriel)",Total abonnés téléphonie fixe**
abonnes_telephonie_fixe,ensemble,Ensemble,total,2024T3,76273.0,abonnés,2025T3,5,0,0.0,0,,A,"AR1 (ARCEP, observatoire trimestriel)",Total abonnés téléphonie fixe**
abonnes_telephonie_fixe,ensemble,Ensemble,total,2024T4,78576.0,abonnés,2025T4,5,0,0.0,0,,A,"AR1 (ARCEP, observatoire trimestriel)",Total abonnés téléphonie fixe**
abonnes_telephonie_fixe,ensemble,Ensemble,total,2025T1,80641.0,abonnés,2026T1,5,0,0.0,0,,A,"AR1 (ARCEP, observatoire trimestriel)",Total abonnés téléphonie fixe**
abonnes_telephonie_fixe,ensemble,Ensemble,total,2025T2,81006.0,abonnés,2026T2,5,0,0.0,0,,A,"AR1 (ARCEP, observatoire trimestriel)",Total abonnés téléphonie fixe**
abonnes_telephonie_fixe,ensemble,Ensemble,total,2025T3,84050.0,abonnés,2026T2,4,0,0.0,0,,A,"AR1 (ARCEP, observatoire trimestriel)",Total abonnés téléphonie fixe**
abonnes_telephonie_fixe,ensemble,Ensemble,total,2025T4,79174.0,abonnés,2026T2,3,0,0.0,0,,A,"AR1 (ARCEP, observatoire trimestriel)",Total abonnés téléphonie fixe**
abonnes_telephonie_fixe,ensemble,Ensemble,total,2026T1,81955.0,abonnés,2026T2,2,0,0.0,0,,A,"AR1 (ARCEP, observatoire trimestriel)",Total abonnés téléphonie fixe**
abonnes_telephonie_fixe,ensemble,Ensemble,total,2026T2,79741.0,abonnés,2026T2,1,0,0.0,0,,A,"AR1 (ARCEP, observatoire trimestriel)",Total abonnés téléphonie fixe**
abonnes_telephonie_mobile,ensemble,Ensemble,postpaid,2017T1,21651.0,abonnés,2018T1,1,0,0.0,0,,A,"AR1 (ARCEP, observatoire trimestriel)",Postpaid
abonnes_telephonie_mobile,ensemble,Ensemble,postpaid,2017T2,21511.0,abonnés,2018T2,2,0,0.0,0,,A,"AR1 (ARCEP, observatoire trimestriel)",Postpaid
abonnes_telephonie_mobile,ensemble,Ensemble,postpaid,2017T3,22037.0,abonnés,2018T3,3,0,0.0,0,,A,"AR1 (ARCEP, observatoire trimestriel)",Postpaid
abonnes_telephonie_mobile,ensemble,Ensemble,postpaid,2017T4,20582.0,abonnés,2018T4,4,0,0.0,0,,A,"AR1 (ARCEP, observatoire trimestriel)",Postpaid
abonnes_telephonie_mobile,ensemble,Ensemble,postpaid,2018T1,21950.0,abonnés,2019T1,5,0,0.0,0,,A,"AR1 (ARCEP, observatoire trimestriel)",Postpaid
abonnes_telephonie_mobile,ensemble,Ensemble,postpaid,2018T2,22525.0,abonnés,2019T2,5,0,0.0,0,,A,"AR1 (ARCEP, observatoire trimestriel)",Postpaid
abonnes_telephonie_mobile,ensemble,Ensemble,postpaid,2018T3,23464.0,abonnés,2019T3,5,0,0.0,0,,A,"AR1 (ARCEP, observatoire trimestriel)",Postpaid
abonnes_telephonie_mobile,ensemble,Ensemble,postpaid,2018T4,23802.0,abonnés,2019T4,5,0,0.0,0,,A,"AR1 (ARCEP, observatoire trimestriel)",Postpaid
abonnes_telephonie_mobile,ensemble,Ensemble,postpaid,2019T1,24562.0,abonnés,2020T1,5,0,0.0,0,,A,"AR1 (ARCEP, observatoire trimestriel)",Postpaid
abonnes_telephonie_mobile,ensemble,Ensemble,postpaid,2019T2,26899.0,abonnés,2020T2,5,0,0.0,0,,A,"AR1 (ARCEP, observatoire trimestriel)",Postpaid
abonnes_telephonie_mobile,ensemble,Ensemble,postpaid,2019T3,28851.0,abonnés,2020T3,5,0,0.0,0,,A,"AR1 (ARCEP, observatoire trimestriel)",Postpaid
abonnes_telephonie_mobile,ensemble,Ensemble,postpaid,2019T4,29329.0,abonnés,2020T4,5,0,0.0,0,,A,"AR1 (ARCEP, observatoire trimestriel)",Postpaid
abonnes_telephonie_mobile,ensemble,Ensemble,postpaid,2020T1,31544.0,abonnés,2021T1,5,0,0.0,0,,A,"AR1 (ARCEP, observatoire trimestriel)",Postpaid
abonnes_telephonie_mobile,ensemble,Ensemble,postpaid,2020T2,31994.0,abonnés,2021T2,5,0,0.0,0,,A,"AR1 (ARCEP, observatoire trimestriel)",Postpaid
abonnes_telephonie_mobile,ensemble,Ensemble,postpaid,2020T3,33114.0,abonnés,2021T3,5,0,0.0,0,,A,"AR1 (ARCEP, observatoire trimestriel)",Postpaid
abonnes_telephonie_mobile,ensemble,Ensemble,postpaid,2020T4,35516.0,abonnés,2021T4,5,0,0.0,0,,A,"AR1 (ARCEP, observatoire trimestriel)",Postpaid
abonnes_telephonie_mobile,ensemble,Ensemble,postpaid,2021T1,36696.0,abonnés,2022T1,5,1,15.72,0,,A,"AR1 (ARCEP, observatoire trimestriel)",Postpaid
abonnes_telephonie_mobile,ensemble,Ensemble,postpaid,2021T2,38685.0,abonnés,2022T2,5,1,12.22,0,,A,"AR1 (ARCEP, observatoire trimestriel)",Postpaid
abonnes_telephonie_mobile,ensemble,Ensemble,postpaid,2021T3,39459.0,abonnés,2022T3,5,1,12.52,0,,A,"AR1 (ARCEP, observatoire trimestriel)",Postpaid
abonnes_telephonie_mobile,ensemble,Ensemble,postpaid,2021T4,42430.0,abonnés,2022T4,5,1,11.72,0,,A,"AR1 (ARCEP, observatoire trimestriel)",Postpaid
abonnes_telephonie_mobile,ensemble,Ensemble,postpaid,2022T1,44116.0,abonnés,2023T1,5,0,0.0,0,,A,"AR1 (ARCEP, observatoire trimestriel)",Postpaid
abonnes_telephonie_mobile,ensemble,Ensemble,postpaid,2022T2,45783.0,abonnés,2023T2,5,0,0.0,0,,A,"AR1 (ARCEP, observatoire trimestriel)",Postpaid
abonnes_telephonie_mobile,ensemble,Ensemble,postpaid,2022T3,47206.0,abonnés,2023T2,4,0,0.0,0,,A,"AR1 (ARCEP, observatoire trimestriel)",Postpaid
abonnes_telephonie_mobile,ensemble,Ensemble,postpaid,2022T4,47207.0,abonnés,2023T2,3,0,0.0,0,,A,"AR1 (ARCEP, observatoire trimestriel)",Postpaid
abonnes_telephonie_mobile,ensemble,Ensemble,postpaid,2023T1,48840.0,abonnés,2024T1,3,0,0.0,0,,A,"AR1 (ARCEP, observatoire trimestriel)",Postpaid
abonnes_telephonie_mobile,ensemble,Ensemble,postpaid,2023T2,49801.0,abonnés,2024T2,3,0,0.0,0,,A,"AR1 (ARCEP, observatoire trimestriel)",Postpaid
abonnes_telephonie_mobile,ensemble,Ensemble,postpaid,2023T3,53264.0,abonnés,2024T3,3,0,0.0,0,,A,"AR1 (ARCEP, observatoire trimestriel)",Postpaid
abonnes_telephonie_mobile,ensemble,Ensemble,postpaid,2023T4,56005.0,abonnés,2024T4,4,0,0.0,0,,A,"AR1 (ARCEP, observatoire trimestriel)",Postpaid
abonnes_telephonie_mobile,ensemble,Ensemble,postpaid,2024T1,59217.0,abonnés,2025T1,5,0,0.0,0,,A,"AR1 (ARCEP, observatoire trimestriel)",Postpaid
abonnes_telephonie_mobile,ensemble,Ensemble,postpaid,2024T2,64543.0,abonnés,2025T2,5,0,0.0,0,,A,"AR1 (ARCEP, observatoire trimestriel)",Postpaid
abonnes_telephonie_mobile,ensemble,Ensemble,postpaid,2024T3,66856.0,abonnés,2025T3,5,0,0.0,0,,A,"AR1 (ARCEP, observatoire trimestriel)",Postpaid
abonnes_telephonie_mobile,ensemble,Ensemble,postpaid,2024T4,69882.0,abonnés,2025T4,5,0,0.0,0,,A,"AR1 (ARCEP, observatoire trimestriel)",Postpaid
abonnes_telephonie_mobile,ensemble,Ensemble,postpaid,2025T1,68358.0,abonnés,2026T1,5,0,0.0,0,,A,"AR1 (ARCEP, observatoire trimestriel)",Postpaid
abonnes_telephonie_mobile,ensemble,Ensemble,postpaid,2025T2,69607.0,abonnés,2026T2,5,0,0.0,0,,A,"AR1 (ARCEP, observatoire trimestriel)",Postpaid
abonnes_telephonie_mobile,ensemble,Ensemble,postpaid,2025T3,69198.0,abonnés,2026T2,4,0,0.0,0,,A,"AR1 (ARCEP, observatoire trimestriel)",Postpaid
abonnes_telephonie_mobile,ensemble,Ensemble,postpaid,2025T4,69985.0,abonnés,2026T2,3,0,0.0,0,,A,"AR1 (ARCEP, observatoire trimestriel)",Postpaid
abonnes_telephonie_mobile,ensemble,Ensemble,postpaid,2026T1,71280.0,abonnés,2026T2,2,0,0.0,0,,A,"AR1 (ARCEP, observatoire trimestriel)",Postpaid
abonnes_telephonie_mobile,ensemble,Ensemble,postpaid,2026T2,74907.0,abonnés,2026T2,1,0,0.0,0,,A,"AR1 (ARCEP, observatoire trimestriel)",Postpaid
abonnes_telephonie_mobile,ensemble,Ensemble,prepaid,2017T1,5501915.0,abonnés,2018T1,1,0,0.0,0,,A,"AR1 (ARCEP, observatoire trimestriel)",Prepaid
abonnes_telephonie_mobile,ensemble,Ensemble,prepaid,2017T2,5689620.0,abonnés,2018T2,2,0,0.0,0,,A,"AR1 (ARCEP, observatoire trimestriel)",Prepaid
abonnes_telephonie_mobile,ensemble,Ensemble,prepaid,2017T3,5903923.0,abonnés,2018T3,3,0,0.0,0,,A,"AR1 (ARCEP, observatoire trimestriel)",Prepaid
abonnes_telephonie_mobile,ensemble,Ensemble,prepaid,2017T4,6049323.0,abonnés,2018T4,4,0,0.0,0,,A,"AR1 (ARCEP, observatoire trimestriel)",Prepaid
abonnes_telephonie_mobile,ensemble,Ensemble,prepaid,2018T1,5606288.0,abonnés,2019T1,5,0,0.0,0,,A,"AR1 (ARCEP, observatoire trimestriel)",Prepaid
abonnes_telephonie_mobile,ensemble,Ensemble,prepaid,2018T2,5764433.0,abonnés,2019T2,5,1,45.54,0,,A,"AR1 (ARCEP, observatoire trimestriel)",Prepaid
abonnes_telephonie_mobile,ensemble,Ensemble,prepaid,2018T3,5927382.0,abonnés,2019T3,5,0,0.0,0,,A,"AR1 (ARCEP, observatoire trimestriel)",Prepaid
abonnes_telephonie_mobile,ensemble,Ensemble,prepaid,2018T4,6120705.0,abonnés,2019T4,5,0,0.0,0,,A,"AR1 (ARCEP, observatoire trimestriel)",Prepaid
abonnes_telephonie_mobile,ensemble,Ensemble,prepaid,2019T1,6168849.0,abonnés,2020T1,5,0,0.0,0,,A,"AR1 (ARCEP, observatoire trimestriel)",Prepaid
abonnes_telephonie_mobile,ensemble,Ensemble,prepaid,2019T2,6556887.0,abonnés,2020T2,5,0,0.0,0,,A,"AR1 (ARCEP, observatoire trimestriel)",Prepaid
abonnes_telephonie_mobile,ensemble,Ensemble,prepaid,2019T3,6725767.0,abonnés,2020T3,5,0,0.0,0,,A,"AR1 (ARCEP, observatoire trimestriel)",Prepaid
abonnes_telephonie_mobile,ensemble,Ensemble,prepaid,2019T4,6209854.0,abonnés,2020T4,5,0,0.0,0,,A,"AR1 (ARCEP, observatoire trimestriel)",Prepaid
abonnes_telephonie_mobile,ensemble,Ensemble,prepaid,2020T1,5821578.0,abonnés,2021T1,5,0,0.0,0,,A,"AR1 (ARCEP, observatoire trimestriel)",Prepaid
abonnes_telephonie_mobile,ensemble,Ensemble,prepaid,2020T2,5807061.0,abonnés,2021T2,5,0,0.0,0,,A,"AR1 (ARCEP, observatoire trimestriel)",Prepaid
abonnes_telephonie_mobile,ensemble,Ensemble,prepaid,2020T3,6070314.0,abonnés,2021T3,5,0,0.0,0,,A,"AR1 (ARCEP, observatoire trimestriel)",Prepaid
abonnes_telephonie_mobile,ensemble,Ensemble,prepaid,2020T4,6480994.0,abonnés,2021T4,5,0,0.0,0,,A,"AR1 (ARCEP, observatoire trimestriel)",Prepaid
abonnes_telephonie_mobile,ensemble,Ensemble,prepaid,2021T1,6381751.0,abonnés,2022T1,5,1,2.5,0,,A,"AR1 (ARCEP, observatoire trimestriel)",Prepaid
abonnes_telephonie_mobile,ensemble,Ensemble,prepaid,2021T2,6263529.0,abonnés,2022T2,5,1,2.83,0,,A,"AR1 (ARCEP, observatoire trimestriel)",Prepaid
abonnes_telephonie_mobile,ensemble,Ensemble,prepaid,2021T3,6256100.0,abonnés,2022T3,5,1,3.07,0,,A,"AR1 (ARCEP, observatoire trimestriel)",Prepaid
abonnes_telephonie_mobile,ensemble,Ensemble,prepaid,2021T4,6212262.0,abonnés,2022T4,5,1,3.59,0,,A,"AR1 (ARCEP, observatoire trimestriel)",Prepaid
abonnes_telephonie_mobile,ensemble,Ensemble,prepaid,2022T1,6215220.0,abonnés,2023T1,5,0,0.0,0,,A,"AR1 (ARCEP, observatoire trimestriel)",Prepaid
abonnes_telephonie_mobile,ensemble,Ensemble,prepaid,2022T2,6297134.0,abonnés,2023T2,5,0,0.0,0,,A,"AR1 (ARCEP, observatoire trimestriel)",Prepaid
abonnes_telephonie_mobile,ensemble,Ensemble,prepaid,2022T3,6449882.0,abonnés,2023T2,4,0,0.0,0,,A,"AR1 (ARCEP, observatoire trimestriel)",Prepaid
abonnes_telephonie_mobile,ensemble,Ensemble,prepaid,2022T4,6516925.0,abonnés,2023T2,3,0,0.0,0,,A,"AR1 (ARCEP, observatoire trimestriel)",Prepaid
abonnes_telephonie_mobile,ensemble,Ensemble,prepaid,2023T1,6633676.0,abonnés,2024T1,3,0,0.0,0,,A,"AR1 (ARCEP, observatoire trimestriel)",Prepaid
abonnes_telephonie_mobile,ensemble,Ensemble,prepaid,2023T2,6708722.0,abonnés,2024T2,3,0,0.0,0,,A,"AR1 (ARCEP, observatoire trimestriel)",Prepaid
abonnes_telephonie_mobile,ensemble,Ensemble,prepaid,2023T3,6888775.0,abonnés,2024T3,3,0,0.0,0,,A,"AR1 (ARCEP, observatoire trimestriel)",Prepaid
abonnes_telephonie_mobile,ensemble,Ensemble,prepaid,2023T4,6995815.0,abonnés,2024T4,4,0,0.0,0,,A,"AR1 (ARCEP, observatoire trimestriel)",Prepaid
abonnes_telephonie_mobile,ensemble,Ensemble,prepaid,2024T1,7235814.0,abonnés,2025T1,5,0,0.0,0,,A,"AR1 (ARCEP, observatoire trimestriel)",Prepaid
abonnes_telephonie_mobile,ensemble,Ensemble,prepaid,2024T2,7317598.0,abonnés,2025T2,5,0,0.0,0,,A,"AR1 (ARCEP, observatoire trimestriel)",Prepaid
abonnes_telephonie_mobile,ensemble,Ensemble,prepaid,2024T3,7363888.0,abonnés,2025T3,5,0,0.0,0,,A,"AR1 (ARCEP, observatoire trimestriel)",Prepaid
abonnes_telephonie_mobile,ensemble,Ensemble,prepaid,2024T4,7618767.0,abonnés,2025T4,5,0,0.0,0,,A,"AR1 (ARCEP, observatoire trimestriel)",Prepaid
abonnes_telephonie_mobile,ensemble,Ensemble,prepaid,2025T1,7920245.0,abonnés,2026T1,5,0,0.0,0,,A,"AR1 (ARCEP, observatoire trimestriel)",Prepaid
abonnes_telephonie_mobile,ensemble,Ensemble,prepaid,2025T2,8183720.0,abonnés,2026T2,5,0,0.0,0,,A,"AR1 (ARCEP, observatoire trimestriel)",Prepaid
abonnes_telephonie_mobile,ensemble,Ensemble,prepaid,2025T3,8628389.0,abonnés,2026T2,4,0,0.0,0,,A,"AR1 (ARCEP, observatoire trimestriel)",Prepaid
abonnes_telephonie_mobile,ensemble,Ensemble,prepaid,2025T4,9107596.0,abonnés,2026T2,3,0,0.0,0,,A,"AR1 (ARCEP, observatoire trimestriel)",Prepaid
abonnes_telephonie_mobile,ensemble,Ensemble,prepaid,2026T1,9876293.0,abonnés,2026T2,2,0,0.0,0,,A,"AR1 (ARCEP, observatoire trimestriel)",Prepaid
abonnes_telephonie_mobile,ensemble,Ensemble,prepaid,2026T2,10403906.0,abonnés,2026T2,1,0,0.0,0,,A,"AR1 (ARCEP, observatoire trimestriel)",Prepaid
abonnes_telephonie_mobile,ensemble,Ensemble,total,2017T1,5523566.0,abonnés,2018T1,1,0,0.0,0,,A,"AR1 (ARCEP, observatoire trimestriel)",Total abonnés mobiles
abonnes_telephonie_mobile,ensemble,Ensemble,total,2017T2,5711131.0,abonnés,2018T2,2,0,0.0,0,,A,"AR1 (ARCEP, observatoire trimestriel)",Total abonnés actifs
abonnes_telephonie_mobile,ensemble,Ensemble,total,2017T3,5925960.0,abonnés,2018T3,3,0,0.0,0,,A,"AR1 (ARCEP, observatoire trimestriel)",Total abonnés mobiles GSM
abonnes_telephonie_mobile,ensemble,Ensemble,total,2017T4,6069905.0,abonnés,2018T4,4,0,0.0,0,,A,"AR1 (ARCEP, observatoire trimestriel)",Total abonnés mobiles GSM
abonnes_telephonie_mobile,ensemble,Ensemble,total,2018T1,5628238.0,abonnés,2019T1,5,0,0.0,0,,A,"AR1 (ARCEP, observatoire trimestriel)",Total abonnés mobiles GSM
abonnes_telephonie_mobile,ensemble,Ensemble,total,2018T2,5786958.0,abonnés,2019T2,5,0,0.0,0,,A,"AR1 (ARCEP, observatoire trimestriel)",Total abonnés mobiles GSM
abonnes_telephonie_mobile,ensemble,Ensemble,total,2018T3,5950846.0,abonnés,2019T3,5,0,0.0,0,,A,"AR1 (ARCEP, observatoire trimestriel)",Total abonnés mobiles GSM
abonnes_telephonie_mobile,ensemble,Ensemble,total,2018T4,6144507.0,abonnés,2019T4,5,0,0.0,0,,A,"AR1 (ARCEP, observatoire trimestriel)",Total abonnés mobiles GSM
abonnes_telephonie_mobile,ensemble,Ensemble,total,2019T1,6193411.0,abonnés,2020T1,5,0,0.0,0,,A,"AR1 (ARCEP, observatoire trimestriel)",Total abonnés mobiles GSM
abonnes_telephonie_mobile,ensemble,Ensemble,total,2019T2,6583786.0,abonnés,2020T2,5,1,0.31,0,,A,"AR1 (ARCEP, observatoire trimestriel)",Total abonnés mobiles GSM
abonnes_telephonie_mobile,ensemble,Ensemble,total,2019T3,6754618.0,abonnés,2020T3,5,1,0.34,0,,A,"AR1 (ARCEP, observatoire trimestriel)",Total abonnés mobiles GSM
abonnes_telephonie_mobile,ensemble,Ensemble,total,2019T4,6239183.0,abonnés,2020T4,5,0,0.0,0,,A,"AR1 (ARCEP, observatoire trimestriel)",Total abonnés mobiles GSM
abonnes_telephonie_mobile,ensemble,Ensemble,total,2020T1,5853122.0,abonnés,2021T1,5,1,9.41,0,,A,"AR1 (ARCEP, observatoire trimestriel)",Total abonnés mobiles GSM
abonnes_telephonie_mobile,ensemble,Ensemble,total,2020T2,5839055.0,abonnés,2021T2,5,0,0.0,0,,A,"AR1 (ARCEP, observatoire trimestriel)",Total abonnés mobiles GSM
abonnes_telephonie_mobile,ensemble,Ensemble,total,2020T3,6103428.0,abonnés,2021T3,5,0,0.0,0,,A,"AR1 (ARCEP, observatoire trimestriel)",Total abonnés mobiles GSM
abonnes_telephonie_mobile,ensemble,Ensemble,total,2020T4,6516510.0,abonnés,2021T4,5,0,0.0,0,,A,"AR1 (ARCEP, observatoire trimestriel)",Total abonnés mobiles GSM
abonnes_telephonie_mobile,ensemble,Ensemble,total,2021T1,6418447.0,abonnés,2022T1,5,1,2.58,0,,A,"AR1 (ARCEP, observatoire trimestriel)",Total abonnés mobiles GSM
abonnes_telephonie_mobile,ensemble,Ensemble,total,2021T2,6302214.0,abonnés,2022T2,5,1,2.89,0,,A,"AR1 (ARCEP, observatoire trimestriel)",Total abonnés mobiles GSM
abonnes_telephonie_mobile,ensemble,Ensemble,total,2021T3,6295559.0,abonnés,2022T3,5,1,3.13,0,,A,"AR1 (ARCEP, observatoire trimestriel)",Total abonnés mobiles GSM
abonnes_telephonie_mobile,ensemble,Ensemble,total,2021T4,6254692.0,abonnés,2022T4,5,1,3.65,0,,A,"AR1 (ARCEP, observatoire trimestriel)",Total abonnés mobiles GSM
abonnes_telephonie_mobile,ensemble,Ensemble,total,2022T1,6259336.0,abonnés,2023T1,5,0,0.0,0,,A,"AR1 (ARCEP, observatoire trimestriel)",Total abonnés mobiles GSM
abonnes_telephonie_mobile,ensemble,Ensemble,total,2022T2,6342917.0,abonnés,2023T2,5,0,0.0,0,,A,"AR1 (ARCEP, observatoire trimestriel)",Total abonnés mobiles GSM
abonnes_telephonie_mobile,ensemble,Ensemble,total,2022T3,6497088.0,abonnés,2023T2,4,0,0.0,0,,A,"AR1 (ARCEP, observatoire trimestriel)",Total abonnés mobiles GSM
abonnes_telephonie_mobile,ensemble,Ensemble,total,2022T4,6564132.0,abonnés,2023T2,3,0,0.0,0,,A,"AR1 (ARCEP, observatoire trimestriel)",Total abonnés mobiles GSM
abonnes_telephonie_mobile,ensemble,Ensemble,total,2023T1,6682516.0,abonnés,2024T1,3,0,0.0,0,,A,"AR1 (ARCEP, observatoire trimestriel)",Total abonnés mobiles GSM
abonnes_telephonie_mobile,ensemble,Ensemble,total,2023T2,6758523.0,abonnés,2024T2,3,0,0.0,0,,A,"AR1 (ARCEP, observatoire trimestriel)",Total abonnés mobiles GSM
abonnes_telephonie_mobile,ensemble,Ensemble,total,2023T3,6942039.0,abonnés,2024T3,3,0,0.0,0,,A,"AR1 (ARCEP, observatoire trimestriel)",Total abonnés mobiles GSM
abonnes_telephonie_mobile,ensemble,Ensemble,total,2023T4,7051820.0,abonnés,2024T4,4,0,0.0,0,,A,"AR1 (ARCEP, observatoire trimestriel)",Total abonnés mobiles GSM
abonnes_telephonie_mobile,ensemble,Ensemble,total,2024T1,7295031.0,abonnés,2025T1,5,0,0.0,0,,A,"AR1 (ARCEP, observatoire trimestriel)",Total abonnés téléphonie mobile
abonnes_telephonie_mobile,ensemble,Ensemble,total,2024T2,7382141.0,abonnés,2025T2,5,0,0.0,0,,A,"AR1 (ARCEP, observatoire trimestriel)",Total abonnés téléphonie mobile
abonnes_telephonie_mobile,ensemble,Ensemble,total,2024T3,7430744.0,abonnés,2025T3,5,0,0.0,0,,A,"AR1 (ARCEP, observatoire trimestriel)",Total abonnés téléphonie mobile
abonnes_telephonie_mobile,ensemble,Ensemble,total,2024T4,7688649.0,abonnés,2025T4,5,0,0.0,0,,A,"AR1 (ARCEP, observatoire trimestriel)",Total abonnés téléphonie mobile
abonnes_telephonie_mobile,ensemble,Ensemble,total,2025T1,7988603.0,abonnés,2026T1,5,0,0.0,0,,A,"AR1 (ARCEP, observatoire trimestriel)",Total abonnés téléphonie mobile
abonnes_telephonie_mobile,ensemble,Ensemble,total,2025T2,8253327.0,abonnés,2026T2,5,0,0.0,0,,A,"AR1 (ARCEP, observatoire trimestriel)",Total abonnés téléphonie mobile
abonnes_telephonie_mobile,ensemble,Ensemble,total,2025T3,8697587.0,abonnés,2026T2,4,0,0.0,0,,A,"AR1 (ARCEP, observatoire trimestriel)",Total abonnés téléphonie mobile
abonnes_telephonie_mobile,ensemble,Ensemble,total,2025T4,9177581.0,abonnés,2026T2,3,0,0.0,0,,A,"AR1 (ARCEP, observatoire trimestriel)",Total abonnés téléphonie mobile
abonnes_telephonie_mobile,ensemble,Ensemble,total,2026T1,9947573.0,abonnés,2026T2,2,0,0.0,0,,A,"AR1 (ARCEP, observatoire trimestriel)",Total abonnés téléphonie mobile
abonnes_telephonie_mobile,ensemble,Ensemble,total,2026T2,10478813.0,abonnés,2026T2,1,0,0.0,0,,A,"AR1 (ARCEP, observatoire trimestriel)",Total abonnés téléphonie mobile
ca,cafe,CAFE Informatique,,2017T1,0.428,Md FCFA,2018T1,1,0,0.0,0,,A,"AR1 (ARCEP, observatoire trimestriel)",CAFE Informatique
ca,cafe,CAFE Informatique,,2017T2,0.425,Md FCFA,2018T2,2,0,0.0,0,,A,"AR1 (ARCEP, observatoire trimestriel)",CAFE Informatique
ca,cafe,CAFE Informatique,,2017T3,0.375,Md FCFA,2018T3,3,0,0.0,0,,A,"AR1 (ARCEP, observatoire trimestriel)",CA CAFE Informatique
ca,cafe,CAFE Informatique,,2017T4,0.47,Md FCFA,2018T4,4,0,0.0,0,,A,"AR1 (ARCEP, observatoire trimestriel)",CA CAFE Informatique
ca,cafe,CAFE Informatique,,2018T1,0.468,Md FCFA,2019T1,5,0,0.0,0,,A,"AR1 (ARCEP, observatoire trimestriel)",CA CAFE Informatique
ca,cafe,CAFE Informatique,,2018T2,0.389,Md FCFA,2019T2,5,0,0.0,0,,A,"AR1 (ARCEP, observatoire trimestriel)",CA CAFE Informatique
ca,cafe,CAFE Informatique,,2018T3,0.404,Md FCFA,2019T3,5,0,0.0,0,,A,"AR1 (ARCEP, observatoire trimestriel)",CA CAFE Informatique
ca,cafe,CAFE Informatique,,2018T4,0.359,Md FCFA,2019T4,5,0,0.0,0,,A,"AR1 (ARCEP, observatoire trimestriel)",CA CAFE Informatique
ca,cafe,CAFE Informatique,,2019T1,0.417,Md FCFA,2020T1,5,1,0.24,0,,A,"AR1 (ARCEP, observatoire trimestriel)",CAFE Informatique
ca,cafe,CAFE Informatique,,2019T2,0.293,Md FCFA,2020T2,5,0,0.0,0,,A,"AR1 (ARCEP, observatoire trimestriel)",CAFE Informatique
ca,cafe,CAFE Informatique,,2019T3,0.28675244,Md FCFA,2020T3,5,1,0.09,0,,A,"AR1 (ARCEP, observatoire trimestriel)",CAFE Informatique
ca,cafe,CAFE Informatique,,2019T4,0.341,Md FCFA,2020T4,5,1,0.13,0,,A,"AR1 (ARCEP, observatoire trimestriel)",CAFE Informatique
ca,cafe,CAFE Informatique,,2020T1,0.29,Md FCFA,2021T1,5,1,0.77,0,,A,"AR1 (ARCEP, observatoire trimestriel)",CAFE Informatique
ca,cafe,CAFE Informatique,,2020T2,0.26,Md FCFA,2021T2,5,0,0.04,0,,A,"AR1 (ARCEP, observatoire trimestriel)",CAFE Informatique
ca,cafe,CAFE Informatique,,2020T3,0.26,Md FCFA,2021T3,5,1,23.89,0,,A,"AR1 (ARCEP, observatoire trimestriel)",CAFE Informatique
ca,cafe,CAFE Informatique,,2020T4,0.23,Md FCFA,2021T4,5,1,1.3,0,,A,"AR1 (ARCEP, observatoire trimestriel)",CAFE Informatique
ca,cafe,CAFE Informatique,,2021T1,0.288,Md FCFA,2022T1,5,1,0.69,0,,A,"AR1 (ARCEP, observatoire trimestriel)",CAFE Informatique
ca,cafe,CAFE Informatique,,2021T2,0.224,Md FCFA,2022T2,5,1,1.79,0,,A,"AR1 (ARCEP, observatoire trimestriel)",CAFE Informatique
ca,cafe,CAFE Informatique,,2021T3,0.214,Md FCFA,2022T3,5,1,1.87,0,,A,"AR1 (ARCEP, observatoire trimestriel)",CAFE Informatique
ca,cafe,CAFE Informatique,,2021T4,0.219,Md FCFA,2022T4,5,1,0.46,0,,A,"AR1 (ARCEP, observatoire trimestriel)",CAFE Informatique
ca,cafe,CAFE Informatique,,2022T1,0.226,Md FCFA,2023T1,5,0,0.0,0,,A,"AR1 (ARCEP, observatoire trimestriel)",CAFE Informatique
ca,cafe,CAFE Informatique,,2022T2,0.251,Md FCFA,2023T2,5,0,0.0,0,,A,"AR1 (ARCEP, observatoire trimestriel)",CAFE Informatique
ca,cafe,CAFE Informatique,,2022T3,0.224,Md FCFA,2023T2,4,0,0.0,0,,A,"AR1 (ARCEP, observatoire trimestriel)",CAFE Informatique
ca,cafe,CAFE Informatique,,2022T4,0.156,Md FCFA,2023T2,3,0,0.0,0,,A,"AR1 (ARCEP, observatoire trimestriel)",CAFE Informatique
ca,cafe,CAFE Informatique,,2023T1,0.199,Md FCFA,2024T1,3,0,0.0,0,,A,"AR1 (ARCEP, observatoire trimestriel)",CAFE Informatique
ca,cafe,CAFE Informatique,,2023T2,0.17,Md FCFA,2024T2,3,0,0.0,0,,A,"AR1 (ARCEP, observatoire trimestriel)",CAFE Informatique
ca,cafe,CAFE Informatique,,2023T3,0.131,Md FCFA,2024T3,3,0,0.0,0,,A,"AR1 (ARCEP, observatoire trimestriel)",CAFE Informatique
ca,cafe,CAFE Informatique,,2023T4,0.125,Md FCFA,2024T4,4,0,0.0,0,,A,"AR1 (ARCEP, observatoire trimestriel)",CAFE Informatique
ca,cafe,CAFE Informatique,,2024T1,0.12,Md FCFA,2025T1,5,0,0.0,0,,A,"AR1 (ARCEP, observatoire trimestriel)",CAFE Informatique & Télécommunications
ca,cafe,CAFE Informatique,,2024T2,0.127,Md FCFA,2025T2,5,0,0.0,0,,A,"AR1 (ARCEP, observatoire trimestriel)",CAFE Informatique & Télécommunications
ca,cafe,CAFE Informatique,,2024T3,0.12,Md FCFA,2025T3,5,0,0.0,0,,A,"AR1 (ARCEP, observatoire trimestriel)",CAFE Informatique & Télécommunications
ca,cafe,CAFE Informatique,,2024T4,0.132,Md FCFA,2025T4,5,0,0.0,0,,A,"AR1 (ARCEP, observatoire trimestriel)",CAFE Informatique & Télécommunications
ca,cafe,CAFE Informatique,,2025T1,0.105,Md FCFA,2026T1,5,0,0.0,0,,A,"AR1 (ARCEP, observatoire trimestriel)",CAFE Informatique & Télécommunications
ca,cafe,CAFE Informatique,,2025T2,0.136,Md FCFA,2026T2,5,0,0.0,0,,A,"AR1 (ARCEP, observatoire trimestriel)",CAFE Informatique & Télécommunications
ca,cafe,CAFE Informatique,,2025T3,0.158,Md FCFA,2026T2,4,0,0.0,0,,A,"AR1 (ARCEP, observatoire trimestriel)",CAFE Informatique & Télécommunications
ca,cafe,CAFE Informatique,,2025T4,0.143,Md FCFA,2026T2,3,0,0.0,0,,A,"AR1 (ARCEP, observatoire trimestriel)",CAFE Informatique & Télécommunications
ca,gva,GVA Togo,,2018T4,0.241,Md FCFA,2019T4,1,0,0.0,0,,A,"AR1 (ARCEP, observatoire trimestriel)",GVA
ca,gva,GVA Togo,,2019T4,0.3,Md FCFA,2020T4,5,0,0.0,0,,A,"AR1 (ARCEP, observatoire trimestriel)",GVA
ca,gva,GVA Togo,,2020T1,0.63,Md FCFA,2021T1,5,1,0.79,0,,A,"AR1 (ARCEP, observatoire trimestriel)",GVA
ca,gva,GVA Togo,,2020T2,0.63,Md FCFA,2021T2,5,1,0.79,0,,A,"AR1 (ARCEP, observatoire trimestriel)",GVA
ca,gva,GVA Togo,,2020T3,0.99,Md FCFA,2021T3,5,1,21.21,0,,A,"AR1 (ARCEP, observatoire trimestriel)",GVA
ca,gva,GVA Togo,,2020T4,0.99,Md FCFA,2021T4,5,0,0.0,0,,A,"AR1 (ARCEP, observatoire trimestriel)",GVA
ca,gva,GVA Togo,,2021T1,1.43,Md FCFA,2021T4,4,0,0.0,0,,A,"AR1 (ARCEP, observatoire trimestriel)",GVA
ca,gva,GVA Togo,,2021T2,1.43,Md FCFA,2021T4,3,0,0.0,0,,A,"AR1 (ARCEP, observatoire trimestriel)",GVA
ca,gva,GVA Togo,,2021T3,1.43,Md FCFA,2021T4,2,0,0.0,0,,A,"AR1 (ARCEP, observatoire trimestriel)",GVA
ca,gva,GVA Togo,,2021T4,1.43,Md FCFA,2021T4,1,0,0.0,0,,A,"AR1 (ARCEP, observatoire trimestriel)",GVA
ca,gva,GVA Togo,,2023T2,2.43,Md FCFA,2024T2,1,0,0.0,0,,A,"AR1 (ARCEP, observatoire trimestriel)",GVA
ca,gva,GVA Togo,,2023T3,2.617,Md FCFA,2024T3,3,0,0.0,0,,A,"AR1 (ARCEP, observatoire trimestriel)",GVA
ca,gva,GVA Togo,,2023T4,2.792,Md FCFA,2024T4,4,0,0.0,0,,A,"AR1 (ARCEP, observatoire trimestriel)",GVA
ca,gva,GVA Togo,,2024T1,3.006,Md FCFA,2025T1,5,0,0.0,0,,A,"AR1 (ARCEP, observatoire trimestriel)",GVA Togo
ca,gva,GVA Togo,,2024T2,3.034,Md FCFA,2025T2,5,0,0.0,0,,A,"AR1 (ARCEP, observatoire trimestriel)",GVA Togo
ca,gva,GVA Togo,,2024T3,3.223,Md FCFA,2025T3,5,0,0.0,0,,A,"AR1 (ARCEP, observatoire trimestriel)",GVA Togo
ca,gva,GVA Togo,,2024T4,3.297,Md FCFA,2025T4,5,0,0.0,0,,A,"AR1 (ARCEP, observatoire trimestriel)",GVA Togo
ca,gva,GVA Togo,,2025T1,3.409,Md FCFA,2026T1,5,0,0.0,0,,A,"AR1 (ARCEP, observatoire trimestriel)",GVA Togo
ca,gva,GVA Togo,,2025T2,3.442,Md FCFA,2026T2,5,0,0.0,0,,A,"AR1 (ARCEP, observatoire trimestriel)",GVA Togo
ca,gva,GVA Togo,,2025T3,3.539,Md FCFA,2026T2,4,0,0.0,0,,A,"AR1 (ARCEP, observatoire trimestriel)",GVA Togo
ca,gva,GVA Togo,,2025T4,3.617,Md FCFA,2026T2,3,0,0.0,0,,A,"AR1 (ARCEP, observatoire trimestriel)",GVA Togo
ca,gva,GVA Togo,,2026T1,3.688,Md FCFA,2026T2,2,1,0.08,0,,A,"AR1 (ARCEP, observatoire trimestriel)",GVA Togo
ca,gva,GVA Togo,,2026T2,3.726,Md FCFA,2026T2,1,0,0.0,0,,A,"AR1 (ARCEP, observatoire trimestriel)",GVA Togo
ca,moov,Moov Africa (Atlantique Telecom),,2017T1,13.733,Md FCFA,2018T1,1,0,0.0,0,,A,"AR1 (ARCEP, observatoire trimestriel)",Atlantique Telecom
ca,moov,Moov Africa (Atlantique Telecom),,2017T2,13.893,Md FCFA,2018T2,2,0,0.0,0,,A,"AR1 (ARCEP, observatoire trimestriel)",Atlantique Telecom
ca,moov,Moov Africa (Atlantique Telecom),,2017T3,15.221,Md FCFA,2018T3,3,0,0.0,0,,A,"AR1 (ARCEP, observatoire trimestriel)",CA Atlantique Telecom
ca,moov,Moov Africa (Atlantique Telecom),,2017T4,15.189,Md FCFA,2018T4,4,0,0.0,0,,A,"AR1 (ARCEP, observatoire trimestriel)",CA Atlantique Telecom
ca,moov,Moov Africa (Atlantique Telecom),,2018T1,15.342,Md FCFA,2019T1,5,0,0.01,0,,A,"AR1 (ARCEP, observatoire trimestriel)",CA Atlantique Telecom
ca,moov,Moov Africa (Atlantique Telecom),,2018T2,14.081,Md FCFA,2019T2,5,0,0.0,0,,A,"AR1 (ARCEP, observatoire trimestriel)",CA Atlantique Telecom
ca,moov,Moov Africa (Atlantique Telecom),,2018T3,14.994,Md FCFA,2019T3,5,0,0.0,0,,A,"AR1 (ARCEP, observatoire trimestriel)",CA Atlantique Telecom
ca,moov,Moov Africa (Atlantique Telecom),,2018T4,14.878,Md FCFA,2019T4,5,0,0.0,0,,A,"AR1 (ARCEP, observatoire trimestriel)",CA Atlantique Telecom
ca,moov,Moov Africa (Atlantique Telecom),,2019T1,15.349,Md FCFA,2020T1,5,0,0.0,0,,A,"AR1 (ARCEP, observatoire trimestriel)",Atlantique Telecom
ca,moov,Moov Africa (Atlantique Telecom),,2019T2,14.488,Md FCFA,2020T2,5,0,0.0,0,,A,"AR1 (ARCEP, observatoire trimestriel)",Atlantique Telecom
ca,moov,Moov Africa (Atlantique Telecom),,2019T3,15.165709873,Md FCFA,2020T3,5,0,0.0,0,,A,"AR1 (ARCEP, observatoire trimestriel)",Atlantique Telecom
ca,moov,Moov Africa (Atlantique Telecom),,2019T4,14.377,Md FCFA,2020T4,5,0,0.0,0,,A,"AR1 (ARCEP, observatoire trimestriel)",Atlantique Telecom
ca,moov,Moov Africa (Atlantique Telecom),,2020T1,15.71,Md FCFA,2021T1,5,0,0.03,0,,A,"AR1 (ARCEP, observatoire trimestriel)",Moov Africa Togo
ca,moov,Moov Africa (Atlantique Telecom),,2020T2,14.77,Md FCFA,2021T2,5,0,0.01,0,,A,"AR1 (ARCEP, observatoire trimestriel)",Moov Africa Togo
ca,moov,Moov Africa (Atlantique Telecom),,2020T3,15.42,Md FCFA,2021T3,5,0,0.03,0,,A,"AR1 (ARCEP, observatoire trimestriel)",Moov Africa Togo
ca,moov,Moov Africa (Atlantique Telecom),,2020T4,17.1,Md FCFA,2021T4,5,0,0.02,0,,A,"AR1 (ARCEP, observatoire trimestriel)",Moov Africa Togo
ca,moov,Moov Africa (Atlantique Telecom),,2021T1,16.35,Md FCFA,2022T1,5,0,0.0,0,,A,"AR1 (ARCEP, observatoire trimestriel)",Moov Africa Togo
ca,moov,Moov Africa (Atlantique Telecom),,2021T2,15.48,Md FCFA,2022T2,5,0,0.0,0,,A,"AR1 (ARCEP, observatoire trimestriel)",Moov Africa Togo
ca,moov,Moov Africa (Atlantique Telecom),,2021T3,15.42,Md FCFA,2022T3,5,0,0.0,0,,A,"AR1 (ARCEP, observatoire trimestriel)",Moov Africa Togo
ca,moov,Moov Africa (Atlantique Telecom),,2021T4,15.83,Md FCFA,2022T4,5,0,0.0,0,,A,"AR1 (ARCEP, observatoire trimestriel)",Moov Africa Togo
ca,moov,Moov Africa (Atlantique Telecom),,2022T1,15.67,Md FCFA,2023T1,5,0,0.0,0,,A,"AR1 (ARCEP, observatoire trimestriel)",Moov Africa Togo
ca,moov,Moov Africa (Atlantique Telecom),,2022T2,14.69,Md FCFA,2023T2,5,0,0.0,0,,A,"AR1 (ARCEP, observatoire trimestriel)",Moov Africa Togo
ca,moov,Moov Africa (Atlantique Telecom),,2022T3,16.79,Md FCFA,2023T2,4,0,0.0,0,,A,"AR1 (ARCEP, observatoire trimestriel)",Moov Africa Togo
ca,moov,Moov Africa (Atlantique Telecom),,2022T4,15.71,Md FCFA,2023T2,3,0,0.0,0,,A,"AR1 (ARCEP, observatoire trimestriel)",Moov Africa Togo
ca,moov,Moov Africa (Atlantique Telecom),,2023T1,15.85,Md FCFA,2024T1,3,0,0.0,0,,A,"AR1 (ARCEP, observatoire trimestriel)",Moov Africa Togo
ca,moov,Moov Africa (Atlantique Telecom),,2023T2,15.53,Md FCFA,2024T2,3,0,0.0,0,,A,"AR1 (ARCEP, observatoire trimestriel)",Moov Africa Togo
ca,moov,Moov Africa (Atlantique Telecom),,2023T3,15.76,Md FCFA,2024T3,3,0,0.0,0,,A,"AR1 (ARCEP, observatoire trimestriel)",Moov Africa Togo
ca,moov,Moov Africa (Atlantique Telecom),,2023T4,15.89,Md FCFA,2024T4,4,0,0.0,0,,A,"AR1 (ARCEP, observatoire trimestriel)",Moov Africa Togo
ca,moov,Moov Africa (Atlantique Telecom),,2024T1,16.0,Md FCFA,2025T1,5,0,0.0,0,,A,"AR1 (ARCEP, observatoire trimestriel)",Moov Africa Togo
ca,moov,Moov Africa (Atlantique Telecom),,2024T2,15.6,Md FCFA,2025T2,5,0,0.0,0,,A,"AR1 (ARCEP, observatoire trimestriel)",Moov Africa Togo
ca,moov,Moov Africa (Atlantique Telecom),,2024T3,16.32,Md FCFA,2025T3,5,0,0.0,0,,A,"AR1 (ARCEP, observatoire trimestriel)",Moov Africa Togo
ca,moov,Moov Africa (Atlantique Telecom),,2024T4,17.54,Md FCFA,2025T4,5,0,0.0,0,,A,"AR1 (ARCEP, observatoire trimestriel)",Moov Africa Togo
ca,moov,Moov Africa (Atlantique Telecom),,2025T1,17.13,Md FCFA,2026T1,5,0,0.0,0,,A,"AR1 (ARCEP, observatoire trimestriel)",Moov Africa Togo
ca,moov,Moov Africa (Atlantique Telecom),,2025T2,17.32,Md FCFA,2026T2,5,0,0.0,0,,A,"AR1 (ARCEP, observatoire trimestriel)",Moov Africa Togo
ca,moov,Moov Africa (Atlantique Telecom),,2025T3,17.8,Md FCFA,2026T2,4,0,0.0,0,,A,"AR1 (ARCEP, observatoire trimestriel)",Moov Africa Togo
ca,moov,Moov Africa (Atlantique Telecom),,2025T4,18.72,Md FCFA,2026T2,3,0,0.0,0,,A,"AR1 (ARCEP, observatoire trimestriel)",Moov Africa Togo
ca,moov,Moov Africa (Atlantique Telecom),,2026T1,17.89,Md FCFA,2026T2,2,0,0.0,0,,A,"AR1 (ARCEP, observatoire trimestriel)",Moov Africa Togo
ca,moov,Moov Africa (Atlantique Telecom),,2026T2,17.73,Md FCFA,2026T2,1,0,0.0,0,,A,"AR1 (ARCEP, observatoire trimestriel)",Moov Africa Togo
ca,teolis,TEOLIS,,2018T1,0.009,Md FCFA,2019T1,3,0,0.0,0,,A,"AR1 (ARCEP, observatoire trimestriel)",TEOLIS
ca,teolis,TEOLIS,,2018T2,0.17,Md FCFA,2019T2,5,1,95.29,0,,A,"AR1 (ARCEP, observatoire trimestriel)",TEOLIS
ca,teolis,TEOLIS,,2018T3,0.024,Md FCFA,2019T3,5,1,75.0,0,,A,"AR1 (ARCEP, observatoire trimestriel)",TEOLIS
ca,teolis,TEOLIS,,2018T4,0.028,Md FCFA,2019T4,5,1,82.14,0,,A,"AR1 (ARCEP, observatoire trimestriel)",TEOLIS
ca,teolis,TEOLIS,,2019T1,0.03,Md FCFA,2020T1,5,0,0.0,0,,A,"AR1 (ARCEP, observatoire trimestriel)",TEOLIS
ca,teolis,TEOLIS,,2019T2,0.028,Md FCFA,2020T2,5,0,0.0,0,,A,"AR1 (ARCEP, observatoire trimestriel)",TEOLIS
ca,teolis,TEOLIS,,2019T3,0.036129571,Md FCFA,2020T3,5,1,0.36,0,,A,"AR1 (ARCEP, observatoire trimestriel)",TEOLIS
ca,teolis,TEOLIS,,2019T4,0.046,Md FCFA,2020T4,5,1,0.81,0,,A,"AR1 (ARCEP, observatoire trimestriel)",TEOLIS
ca,teolis,TEOLIS,,2020T1,0.02,Md FCFA,2021T1,5,1,20.0,0,,A,"AR1 (ARCEP, observatoire trimestriel)",TEOLIS
ca,teolis,TEOLIS,,2020T2,0.03,Md FCFA,2021T2,5,1,0.85,0,,A,"AR1 (ARCEP, observatoire trimestriel)",TEOLIS
ca,teolis,TEOLIS,,2020T3,0.03,Md FCFA,2021T3,5,1,16.67,0,,A,"AR1 (ARCEP, observatoire trimestriel)",TEOLIS
ca,teolis,TEOLIS,,2020T4,0.04,Md FCFA,2021T4,5,1,5.0,0,,A,"AR1 (ARCEP, observatoire trimestriel)",TEOLIS
ca,teolis,TEOLIS,,2021T1,0.024,Md FCFA,2022T1,5,1,16.67,0,,A,"AR1 (ARCEP, observatoire trimestriel)",TEOLIS
ca,teolis,TEOLIS,,2021T2,0.029,Md FCFA,2022T2,5,1,3.45,0,,A,"AR1 (ARCEP, observatoire trimestriel)",TEOLIS
ca,teolis,TEOLIS,,2021T3,0.029,Md FCFA,2022T3,5,1,3.45,0,,A,"AR1 (ARCEP, observatoire trimestriel)",TEOLIS
ca,teolis,TEOLIS,,2021T4,0.026,Md FCFA,2022T4,5,1,15.38,0,,A,"AR1 (ARCEP, observatoire trimestriel)",TEOLIS
ca,teolis,TEOLIS,,2022T1,0.042,Md FCFA,2023T1,5,0,0.0,0,,A,"AR1 (ARCEP, observatoire trimestriel)",TEOLIS
ca,teolis,TEOLIS,,2022T2,0.088,Md FCFA,2023T2,5,0,0.0,0,,A,"AR1 (ARCEP, observatoire trimestriel)",TEOLIS
ca,teolis,TEOLIS,,2022T3,0.051,Md FCFA,2023T2,4,0,0.0,0,,A,"AR1 (ARCEP, observatoire trimestriel)",TEOLIS
ca,teolis,TEOLIS,,2022T4,0.043,Md FCFA,2023T2,3,0,0.0,0,,A,"AR1 (ARCEP, observatoire trimestriel)",TEOLIS
ca,teolis,TEOLIS,,2023T1,0.048,Md FCFA,2024T1,3,0,0.0,0,,A,"AR1 (ARCEP, observatoire trimestriel)",TEOLIS
ca,teolis,TEOLIS,,2023T2,0.043,Md FCFA,2024T2,3,0,0.0,0,,A,"AR1 (ARCEP, observatoire trimestriel)",TEOLIS
ca,teolis,TEOLIS,,2023T3,0.048,Md FCFA,2024T3,3,0,0.0,0,,A,"AR1 (ARCEP, observatoire trimestriel)",TEOLIS
ca,teolis,TEOLIS,,2023T4,0.05,Md FCFA,2024T4,4,0,0.0,0,,A,"AR1 (ARCEP, observatoire trimestriel)",TEOLIS
ca,teolis,TEOLIS,,2024T1,0.061,Md FCFA,2025T1,5,0,0.0,0,,A,"AR1 (ARCEP, observatoire trimestriel)",TEOLIS SA
ca,teolis,TEOLIS,,2024T2,0.068,Md FCFA,2025T2,5,0,0.0,0,,A,"AR1 (ARCEP, observatoire trimestriel)",TEOLIS SA
ca,teolis,TEOLIS,,2024T3,0.063,Md FCFA,2025T3,5,0,0.0,0,,A,"AR1 (ARCEP, observatoire trimestriel)",TEOLIS SA
ca,teolis,TEOLIS,,2024T4,0.076,Md FCFA,2025T4,5,0,0.0,0,,A,"AR1 (ARCEP, observatoire trimestriel)",TEOLIS SA
ca,teolis,TEOLIS,,2025T1,0.078,Md FCFA,2026T1,5,0,0.0,0,,A,"AR1 (ARCEP, observatoire trimestriel)",TEOLIS SA
ca,teolis,TEOLIS,,2025T2,0.068,Md FCFA,2026T2,5,0,0.0,0,,A,"AR1 (ARCEP, observatoire trimestriel)",TEOLIS SA
ca,teolis,TEOLIS,,2025T3,0.066,Md FCFA,2026T2,4,0,0.0,0,,A,"AR1 (ARCEP, observatoire trimestriel)",TEOLIS SA
ca,teolis,TEOLIS,,2025T4,0.071,Md FCFA,2026T2,3,0,0.0,0,,A,"AR1 (ARCEP, observatoire trimestriel)",TEOLIS SA
ca,teolis,TEOLIS,,2026T1,0.073,Md FCFA,2026T2,2,0,0.0,0,,A,"AR1 (ARCEP, observatoire trimestriel)",TEOLIS SA
ca,teolis,TEOLIS,,2026T2,0.079,Md FCFA,2026T2,1,0,0.0,0,,A,"AR1 (ARCEP, observatoire trimestriel)",TEOLIS SA
ca,togo_telecom,"Togo Telecom (YAS, fixe)",,2017T1,7.869,Md FCFA,2018T1,1,0,0.0,0,,A,"AR1 (ARCEP, observatoire trimestriel)",Togo Telecom
ca,togo_telecom,"Togo Telecom (YAS, fixe)",,2017T2,13.134,Md FCFA,2018T2,2,0,0.0,0,,A,"AR1 (ARCEP, observatoire trimestriel)",Togo Telecom
ca,togo_telecom,"Togo Telecom (YAS, fixe)",,2017T3,9.834,Md FCFA,2018T3,3,0,0.0,0,,A,"AR1 (ARCEP, observatoire trimestriel)",CA Togo Telecom
ca,togo_telecom,"Togo Telecom (YAS, fixe)",,2017T4,9.949,Md FCFA,2018T4,4,0,0.0,0,,A,"AR1 (ARCEP, observatoire trimestriel)",CA Togo Telecom
ca,togo_telecom,"Togo Telecom (YAS, fixe)",,2018T1,9.141,Md FCFA,2019T1,5,0,0.0,0,,A,"AR1 (ARCEP, observatoire trimestriel)",CA Togo Telecom
ca,togo_telecom,"Togo Telecom (YAS, fixe)",,2018T2,8.339,Md FCFA,2019T2,5,0,0.0,0,,A,"AR1 (ARCEP, observatoire trimestriel)",CA Togo Telecom
ca,togo_telecom,"Togo Telecom (YAS, fixe)",,2018T3,8.091,Md FCFA,2019T3,5,0,0.0,0,,A,"AR1 (ARCEP, observatoire trimestriel)",CA Togo Telecom
ca,togo_telecom,"Togo Telecom (YAS, fixe)",,2018T4,8.172,Md FCFA,2019T4,5,0,0.0,0,,A,"AR1 (ARCEP, observatoire trimestriel)",CA Togo Telecom
ca,togo_telecom,"Togo Telecom (YAS, fixe)",,2019T1,5.599,Md FCFA,2020T1,5,0,0.0,0,,A,"AR1 (ARCEP, observatoire trimestriel)",Togo Telecom
ca,togo_telecom,"Togo Telecom (YAS, fixe)",,2019T2,11.376,Md FCFA,2020T2,5,0,0.01,0,,A,"AR1 (ARCEP, observatoire trimestriel)",Togo Telecom
ca,togo_telecom,"Togo Telecom (YAS, fixe)",,2019T3,5.636523549,Md FCFA,2020T3,5,0,0.01,0,,A,"AR1 (ARCEP, observatoire trimestriel)",Togo Telecom
ca,togo_telecom,"Togo Telecom (YAS, fixe)",,2019T4,5.668,Md FCFA,2020T4,5,0,0.0,0,,A,"AR1 (ARCEP, observatoire trimestriel)",Togo Telecom
ca,togo_telecom,"Togo Telecom (YAS, fixe)",,2020T1,5.73,Md FCFA,2021T1,5,0,0.01,0,,A,"AR1 (ARCEP, observatoire trimestriel)",Togo Telecom
ca,togo_telecom,"Togo Telecom (YAS, fixe)",,2020T2,5.16,Md FCFA,2021T2,5,1,0.1,0,,A,"AR1 (ARCEP, observatoire trimestriel)",Togo Telecom
ca,togo_telecom,"Togo Telecom (YAS, fixe)",,2020T3,7.54,Md FCFA,2021T3,5,0,0.05,0,,A,"AR1 (ARCEP, observatoire trimestriel)",Togo Telecom
ca,togo_telecom,"Togo Telecom (YAS, fixe)",,2020T4,7.65,Md FCFA,2021T4,5,0,0.0,0,,A,"AR1 (ARCEP, observatoire trimestriel)",Togo Telecom
ca,togo_telecom,"Togo Telecom (YAS, fixe)",,2021T1,8.6,Md FCFA,2022T1,5,0,0.0,0,,A,"AR1 (ARCEP, observatoire trimestriel)",Togo Telecom
ca,togo_telecom,"Togo Telecom (YAS, fixe)",,2021T2,8.34,Md FCFA,2022T2,5,0,0.0,0,,A,"AR1 (ARCEP, observatoire trimestriel)",Togo Telecom
ca,togo_telecom,"Togo Telecom (YAS, fixe)",,2021T3,8.56,Md FCFA,2022T3,5,0,0.0,0,,A,"AR1 (ARCEP, observatoire trimestriel)",Togo Telecom
ca,togo_telecom,"Togo Telecom (YAS, fixe)",,2021T4,7.78,Md FCFA,2022T4,5,0,0.0,0,,A,"AR1 (ARCEP, observatoire trimestriel)",Togo Telecom
ca,togo_telecom,"Togo Telecom (YAS, fixe)",,2022T1,9.14,Md FCFA,2023T1,5,0,0.0,0,,A,"AR1 (ARCEP, observatoire trimestriel)",Togo Telecom
ca,togo_telecom,"Togo Telecom (YAS, fixe)",,2022T2,9.02,Md FCFA,2023T2,5,0,0.0,0,,A,"AR1 (ARCEP, observatoire trimestriel)",Togo Telecom
ca,togo_telecom,"Togo Telecom (YAS, fixe)",,2022T3,8.6,Md FCFA,2023T2,4,0,0.0,0,,A,"AR1 (ARCEP, observatoire trimestriel)",Togo Telecom
ca,togo_telecom,"Togo Telecom (YAS, fixe)",,2022T4,8.76,Md FCFA,2023T2,3,0,0.0,0,,A,"AR1 (ARCEP, observatoire trimestriel)",Togo Telecom
ca,togo_telecom,"Togo Telecom (YAS, fixe)",,2023T1,9.07,Md FCFA,2024T1,3,0,0.0,0,,A,"AR1 (ARCEP, observatoire trimestriel)",Togo Telecom
ca,togo_telecom,"Togo Telecom (YAS, fixe)",,2023T2,8.7,Md FCFA,2024T2,3,0,0.0,0,,A,"AR1 (ARCEP, observatoire trimestriel)",Togo Telecom
ca,togo_telecom,"Togo Telecom (YAS, fixe)",,2023T3,6.46,Md FCFA,2024T3,3,0,0.0,0,,A,"AR1 (ARCEP, observatoire trimestriel)",Togo Telecom
ca,togo_telecom,"Togo Telecom (YAS, fixe)",,2023T4,8.79,Md FCFA,2024T4,4,0,0.0,0,,A,"AR1 (ARCEP, observatoire trimestriel)",Togo Telecom
ca,togo_telecom,"Togo Telecom (YAS, fixe)",,2024T1,8.71,Md FCFA,2025T1,5,0,0.0,0,,A,"AR1 (ARCEP, observatoire trimestriel)",Togo Telecom (YAS Togo)
ca,togo_telecom,"Togo Telecom (YAS, fixe)",,2024T2,9.72,Md FCFA,2025T1,4,0,0.0,0,,A,"AR1 (ARCEP, observatoire trimestriel)",Togo Telecom (YAS Togo)
ca,togo_telecom,"Togo Telecom (YAS, fixe)",,2024T3,9.84,Md FCFA,2025T3,4,0,0.0,0,,A,"AR1 (ARCEP, observatoire trimestriel)",Togo Telecom* (YAS Togo) dont:
ca,togo_telecom,"Togo Telecom (YAS, fixe)",,2024T4,10.81,Md FCFA,2025T4,4,0,0.0,0,,A,"AR1 (ARCEP, observatoire trimestriel)",Togo Telecom* (YAS Togo) dont:
ca,togo_telecom,"Togo Telecom (YAS, fixe)",,2025T1,9.46,Md FCFA,2026T1,4,0,0.0,0,,A,"AR1 (ARCEP, observatoire trimestriel)",Togo Telecom* (YAS Togo) dont:
ca,togo_telecom,"Togo Telecom (YAS, fixe)",,2025T2,5.53,Md FCFA,2026T2,4,0,0.0,0,périmètre du CA de Togo Telecom changé (voix et data fixes intégrées),A,"AR1 (ARCEP, observatoire trimestriel)",Togo Telecom* (YAS Togo) dont:
ca,togo_telecom,"Togo Telecom (YAS, fixe)",,2025T3,5.88,Md FCFA,2026T2,4,0,0.0,0,,A,"AR1 (ARCEP, observatoire trimestriel)",Togo Telecom* (YAS Togo) dont:
ca,togo_telecom,"Togo Telecom (YAS, fixe)",,2025T4,5.71,Md FCFA,2026T2,3,0,0.0,0,,A,"AR1 (ARCEP, observatoire trimestriel)",Togo Telecom* (YAS Togo) dont:
ca,togo_telecom,"Togo Telecom (YAS, fixe)",,2026T1,5.98,Md FCFA,2026T2,2,0,0.0,0,,A,"AR1 (ARCEP, observatoire trimestriel)",Togo Telecom* (YAS Togo) dont:
ca,togo_telecom,"Togo Telecom (YAS, fixe)",,2026T2,5.78,Md FCFA,2026T2,1,0,0.0,0,,A,"AR1 (ARCEP, observatoire trimestriel)",Togo Telecom* (YAS Togo) dont:
ca,togocom,Togocom (Togo Cellulaire),,2017T1,21.282,Md FCFA,2018T1,1,0,0.0,0,,A,"AR1 (ARCEP, observatoire trimestriel)",Togo Cellulaire
ca,togocom,Togocom (Togo Cellulaire),,2017T2,21.763,Md FCFA,2018T2,2,0,0.0,0,,A,"AR1 (ARCEP, observatoire trimestriel)",Togo Cellulaire
ca,togocom,Togocom (Togo Cellulaire),,2017T3,22.144,Md FCFA,2018T3,3,0,0.0,0,,A,"AR1 (ARCEP, observatoire trimestriel)",CA Togo Cellulaire
ca,togocom,Togocom (Togo Cellulaire),,2017T4,22.689,Md FCFA,2018T4,4,0,0.0,0,,A,"AR1 (ARCEP, observatoire trimestriel)",CA Togo Cellulaire
ca,togocom,Togocom (Togo Cellulaire),,2018T1,21.87,Md FCFA,2019T1,5,0,0.0,0,,A,"AR1 (ARCEP, observatoire trimestriel)",CA Togo Cellulaire
ca,togocom,Togocom (Togo Cellulaire),,2018T2,23.064,Md FCFA,2019T2,5,0,0.0,0,,A,"AR1 (ARCEP, observatoire trimestriel)",CA Togo Cellulaire
ca,togocom,Togocom (Togo Cellulaire),,2018T3,21.687,Md FCFA,2019T3,5,0,0.0,0,,A,"AR1 (ARCEP, observatoire trimestriel)",CA Togo Cellulaire
ca,togocom,Togocom (Togo Cellulaire),,2018T4,24.303,Md FCFA,2019T4,5,0,0.0,0,,A,"AR1 (ARCEP, observatoire trimestriel)",CA Togo Cellulaire
ca,togocom,Togocom (Togo Cellulaire),,2019T1,23.335,Md FCFA,2020T1,5,1,11.21,0,,A,"AR1 (ARCEP, observatoire trimestriel)",Togo Cellulaire
ca,togocom,Togocom (Togo Cellulaire),,2019T2,26.014,Md FCFA,2020T2,5,1,1.63,0,,A,"AR1 (ARCEP, observatoire trimestriel)",Togo Cellulaire
ca,togocom,Togocom (Togo Cellulaire),,2019T3,26.137004179,Md FCFA,2020T3,5,1,0.12,1,,A,"AR1 (ARCEP, observatoire trimestriel)",Togo Cellulaire
ca,togocom,Togocom (Togo Cellulaire),,2019T4,24.641,Md FCFA,2020T4,5,0,0.0,0,,A,"AR1 (ARCEP, observatoire trimestriel)",Togo Cellulaire
ca,togocom,Togocom (Togo Cellulaire),,2020T1,24.73,Md FCFA,2021T1,5,0,0.01,0,,A,"AR1 (ARCEP, observatoire trimestriel)",Togo Cellulaire
ca,togocom,Togocom (Togo Cellulaire),,2020T2,25.52,Md FCFA,2021T2,5,0,0.01,0,,A,"AR1 (ARCEP, observatoire trimestriel)",Togo Cellulaire
ca,togocom,Togocom (Togo Cellulaire),,2020T3,26.78,Md FCFA,2021T3,5,0,0.01,0,,A,"AR1 (ARCEP, observatoire trimestriel)",Togo Cellulaire
ca,togocom,Togocom (Togo Cellulaire),,2020T4,26.76,Md FCFA,2021T4,5,0,0.01,0,,A,"AR1 (ARCEP, observatoire trimestriel)",Togo Cellulaire
ca,togocom,Togocom (Togo Cellulaire),,2021T1,28.79,Md FCFA,2022T1,5,0,0.0,0,,A,"AR1 (ARCEP, observatoire trimestriel)",Togo Cellulaire
ca,togocom,Togocom (Togo Cellulaire),,2021T2,29.09,Md FCFA,2022T2,5,0,0.0,0,,A,"AR1 (ARCEP, observatoire trimestriel)",Togo Cellulaire
ca,togocom,Togocom (Togo Cellulaire),,2021T3,31.0,Md FCFA,2022T3,5,0,0.0,0,,A,"AR1 (ARCEP, observatoire trimestriel)",Togo Cellulaire
ca,togocom,Togocom (Togo Cellulaire),,2021T4,30.41,Md FCFA,2022T4,5,0,0.0,0,,A,"AR1 (ARCEP, observatoire trimestriel)",Togo Cellulaire
ca,togocom,Togocom (Togo Cellulaire),,2022T1,30.79,Md FCFA,2023T1,5,0,0.0,0,,A,"AR1 (ARCEP, observatoire trimestriel)",Togo Cellulaire
ca,togocom,Togocom (Togo Cellulaire),,2022T2,30.44,Md FCFA,2023T2,5,0,0.0,0,,A,"AR1 (ARCEP, observatoire trimestriel)",Togo Cellulaire
ca,togocom,Togocom (Togo Cellulaire),,2022T3,30.29,Md FCFA,2023T2,4,0,0.0,0,,A,"AR1 (ARCEP, observatoire trimestriel)",Togo Cellulaire
ca,togocom,Togocom (Togo Cellulaire),,2022T4,30.21,Md FCFA,2023T2,3,0,0.0,0,,A,"AR1 (ARCEP, observatoire trimestriel)",Togo Cellulaire
ca,togocom,Togocom (Togo Cellulaire),,2023T1,31.01,Md FCFA,2024T1,3,0,0.0,0,,A,"AR1 (ARCEP, observatoire trimestriel)",Togo Cellulaire
ca,togocom,Togocom (Togo Cellulaire),,2023T2,31.72,Md FCFA,2024T2,3,0,0.0,0,,A,"AR1 (ARCEP, observatoire trimestriel)",Togo Cellulaire
ca,togocom,Togocom (Togo Cellulaire),,2023T3,33.35,Md FCFA,2024T3,3,0,0.0,0,,A,"AR1 (ARCEP, observatoire trimestriel)",Togo Cellulaire
ca,togocom,Togocom (Togo Cellulaire),,2023T4,34.82,Md FCFA,2024T4,4,0,0.0,0,,A,"AR1 (ARCEP, observatoire trimestriel)",Togo Cellulaire
ca,togocom,Togocom (Togo Cellulaire),,2024T1,35.59,Md FCFA,2025T1,5,0,0.0,0,,A,"AR1 (ARCEP, observatoire trimestriel)",Togo Cellulaire (YAS Togo)
ca,togocom,Togocom (Togo Cellulaire),,2024T2,35.68,Md FCFA,2025T2,5,0,0.0,0,,A,"AR1 (ARCEP, observatoire trimestriel)",Togo Cellulaire (YAS Togo)
ca,togocom,Togocom (Togo Cellulaire),,2024T3,36.3,Md FCFA,2025T3,5,0,0.0,0,,A,"AR1 (ARCEP, observatoire trimestriel)",Togo Cellulaire (YAS Togo)
ca,togocom,Togocom (Togo Cellulaire),,2024T4,36.79,Md FCFA,2025T4,5,0,0.0,0,,A,"AR1 (ARCEP, observatoire trimestriel)",Togo Cellulaire (YAS Togo)
ca,togocom,Togocom (Togo Cellulaire),,2025T1,37.16,Md FCFA,2026T1,5,0,0.0,0,,A,"AR1 (ARCEP, observatoire trimestriel)",Togo Cellulaire (YAS Togo)
ca,togocom,Togocom (Togo Cellulaire),,2025T2,37.7,Md FCFA,2026T2,5,0,0.0,0,,A,"AR1 (ARCEP, observatoire trimestriel)",Togo Cellulaire (YAS Togo)
ca,togocom,Togocom (Togo Cellulaire),,2025T3,38.44,Md FCFA,2026T2,4,0,0.0,0,,A,"AR1 (ARCEP, observatoire trimestriel)",Togo Cellulaire (YAS Togo)
ca,togocom,Togocom (Togo Cellulaire),,2025T4,39.2,Md FCFA,2026T2,3,0,0.0,0,,A,"AR1 (ARCEP, observatoire trimestriel)",Togo Cellulaire (YAS Togo)
ca,togocom,Togocom (Togo Cellulaire),,2026T1,35.3,Md FCFA,2026T2,2,0,0.0,0,,A,"AR1 (ARCEP, observatoire trimestriel)",Togo Cellulaire (YAS Togo)
ca,togocom,Togocom (Togo Cellulaire),,2026T2,35.15,Md FCFA,2026T2,1,0,0.0,0,CA mobile money de YAS Togo non déclaré,A,"AR1 (ARCEP, observatoire trimestriel)",Togo Cellulaire (YAS Togo)
ca,total_fixe,Total fixe,,2017T1,8.298,Md FCFA,2018T1,1,0,0.0,0,,A,"AR1 (ARCEP, observatoire trimestriel)",Total Fixe
ca,total_fixe,Total fixe,,2017T2,13.559,Md FCFA,2018T2,2,0,0.0,0,,A,"AR1 (ARCEP, observatoire trimestriel)",Total Fixe
ca,total_fixe,Total fixe,,2017T3,10.209,Md FCFA,2018T2,2,0,0.0,0,,A,"AR1 (ARCEP, observatoire trimestriel)",Total Fixe
ca,total_fixe,Total fixe,,2017T4,10.42,Md FCFA,2018T4,3,0,0.0,0,,A,"AR1 (ARCEP, observatoire trimestriel)",CA Total Fixe
ca,total_fixe,Total fixe,,2018T1,9.618,Md FCFA,2019T1,4,1,0.09,0,périmètre : CA de GVA non inclus dans le total publié,A,"AR1 (ARCEP, observatoire trimestriel)",CA Total Fixe
ca,total_fixe,Total fixe,,2018T2,8.737,Md FCFA,2018T4,2,1,0.21,0,,A,"AR1 (ARCEP, observatoire trimestriel)",CA Total Fixe
ca,total_fixe,Total fixe,,2018T3,8.502,Md FCFA,2018T4,1,0,0.0,0,périmètre : CA de GVA non inclus dans le total publié,A,"AR1 (ARCEP, observatoire trimestriel)",CA Total Fixe
ca,total_fixe,Total fixe,,2018T4,8.56,Md FCFA,2018T4,1,0,0.0,0,périmètre : CA de GVA non inclus dans le total publié,A,"AR1 (ARCEP, observatoire trimestriel)",CA Total Fixe
ca,total_fixe,Total fixe,,2019T1,6.046,Md FCFA,2020T1,5,0,0.0,0,périmètre : CA de GVA non inclus dans le total publié,A,"AR1 (ARCEP, observatoire trimestriel)",Total Fixe
ca,total_fixe,Total fixe,,2019T2,11.697,Md FCFA,2020T2,5,0,0.0,0,périmètre : CA de GVA non inclus dans le total publié,A,"AR1 (ARCEP, observatoire trimestriel)",CA Total Fixe
ca,total_fixe,Total fixe,,2019T3,5.959,Md FCFA,2020T3,5,0,0.0,0,périmètre : CA de GVA non inclus dans le total publié,A,"AR1 (ARCEP, observatoire trimestriel)",CA Total Fixe
ca,total_fixe,Total fixe,,2019T4,6.355,Md FCFA,2020T4,5,0,0.0,0,,A,"AR1 (ARCEP, observatoire trimestriel)",CA Total Fixe
ca,total_fixe,Total fixe,,2020T1,6.67,Md FCFA,2021T1,5,1,4.93,0,,A,"AR1 (ARCEP, observatoire trimestriel)",CA Total Fixe
ca,total_fixe,Total fixe,,2020T2,6.08,Md FCFA,2021T2,5,0,0.0,0,,A,"AR1 (ARCEP, observatoire trimestriel)",CA Total Fixe
ca,total_fixe,Total fixe,,2020T3,8.82,Md FCFA,2021T3,5,1,3.1,0,,A,"AR1 (ARCEP, observatoire trimestriel)",CA Total Fixe
ca,total_fixe,Total fixe,,2020T4,8.91,Md FCFA,2021T4,5,0,0.02,0,,A,"AR1 (ARCEP, observatoire trimestriel)",CA Total Fixe
ca,total_fixe,Total fixe,,2021T1,8.91,Md FCFA,2022T1,5,1,16.05,0,périmètre : CA de GVA non inclus dans le total publié,A,"AR1 (ARCEP, observatoire trimestriel)",CA Total Fixe
ca,total_fixe,Total fixe,,2021T2,8.59,Md FCFA,2022T2,5,1,16.65,0,périmètre : CA de GVA non inclus dans le total publié,A,"AR1 (ARCEP, observatoire trimestriel)",CA Total Fixe
ca,total_fixe,Total fixe,,2021T3,8.81,Md FCFA,2022T3,5,1,16.23,0,périmètre : CA de GVA non inclus dans le total publié,A,"AR1 (ARCEP, observatoire trimestriel)",CA Total Fixe
ca,total_fixe,Total fixe,,2021T4,8.03,Md FCFA,2022T4,5,1,17.68,0,périmètre : CA de GVA non inclus dans le total publié,A,"AR1 (ARCEP, observatoire trimestriel)",CA Total Fixe
ca,total_fixe,Total fixe,,2022T1,9.41,Md FCFA,2023T1,5,0,0.0,0,périmètre : CA de GVA non inclus dans le total publié,A,"AR1 (ARCEP, observatoire trimestriel)",CA Total Fixe
ca,total_fixe,Total fixe,,2022T2,9.36,Md FCFA,2023T2,5,0,0.0,0,périmètre : CA de GVA non inclus dans le total publié,A,"AR1 (ARCEP, observatoire trimestriel)",CA Total Fixe
ca,total_fixe,Total fixe,,2022T3,8.87,Md FCFA,2023T2,4,0,0.0,0,périmètre : CA de GVA non inclus dans le total publié,A,"AR1 (ARCEP, observatoire trimestriel)",CA Total Fixe
ca,total_fixe,Total fixe,,2022T4,8.96,Md FCFA,2023T2,3,0,0.0,0,périmètre : CA de GVA non inclus dans le total publié,A,"AR1 (ARCEP, observatoire trimestriel)",CA Total Fixe
ca,total_fixe,Total fixe,,2023T1,9.32,Md FCFA,2024T1,3,0,0.0,0,périmètre : CA de GVA non inclus dans le total publié,A,"AR1 (ARCEP, observatoire trimestriel)",CA Total Fixe
ca,total_fixe,Total fixe,,2023T2,11.35,Md FCFA,2024T2,3,1,21.41,0,,A,"AR1 (ARCEP, observatoire trimestriel)",CA Total Fixe
ca,total_fixe,Total fixe,,2023T3,9.25,Md FCFA,2024T3,3,0,0.0,0,,A,"AR1 (ARCEP, observatoire trimestriel)",CA Total Fixe
ca,total_fixe,Total fixe,,2023T4,11.76,Md FCFA,2024T4,4,0,0.0,0,,A,"AR1 (ARCEP, observatoire trimestriel)",CA Total Fixe
ca,total_fixe,Total fixe,,2024T1,11.9,Md FCFA,2025T1,5,0,0.0,0,,A,"AR1 (ARCEP, observatoire trimestriel)",CA Total Fixe
ca,total_fixe,Total fixe,,2024T2,12.95,Md FCFA,2025T1,4,0,0.0,0,,A,"AR1 (ARCEP, observatoire trimestriel)",CA Total Fixe
ca,total_fixe,Total fixe,,2024T3,13.25,Md FCFA,2025T3,4,0,0.0,0,,A,"AR1 (ARCEP, observatoire trimestriel)",CA Total Fixe
ca,total_fixe,Total fixe,,2024T4,14.32,Md FCFA,2025T4,4,0,0.0,0,,A,"AR1 (ARCEP, observatoire trimestriel)",CA Total Fixe
ca,total_fixe,Total fixe,,2025T1,13.05,Md FCFA,2026T1,4,0,0.0,0,,A,"AR1 (ARCEP, observatoire trimestriel)",CA Total Fixe
ca,total_fixe,Total fixe,,2025T2,9.18,Md FCFA,2026T2,4,0,0.0,0,périmètre du CA de Togo Telecom changé (voix et data fixes intégrées),A,"AR1 (ARCEP, observatoire trimestriel)",CA Total Fixe
ca,total_fixe,Total fixe,,2025T3,9.64,Md FCFA,2026T2,4,0,0.0,0,,A,"AR1 (ARCEP, observatoire trimestriel)",CA Total Fixe
ca,total_fixe,Total fixe,,2025T4,9.54,Md FCFA,2026T2,3,0,0.0,0,,A,"AR1 (ARCEP, observatoire trimestriel)",CA Total Fixe
ca,total_fixe,Total fixe,,2026T1,9.74,Md FCFA,2026T2,2,0,0.0,0,,A,"AR1 (ARCEP, observatoire trimestriel)",CA Total Fixe
ca,total_fixe,Total fixe,,2026T2,9.59,Md FCFA,2026T2,1,0,0.0,0,,A,"AR1 (ARCEP, observatoire trimestriel)",CA Total Fixe
ca,total_mobile,Total mobile,,2017T1,35.015,Md FCFA,2018T1,1,0,0.0,0,,A,"AR1 (ARCEP, observatoire trimestriel)",Total Mobile
ca,total_mobile,Total mobile,,2017T2,35.656,Md FCFA,2018T2,2,0,0.0,0,,A,"AR1 (ARCEP, observatoire trimestriel)",Total Mobile
ca,total_mobile,Total mobile,,2017T3,37.365,Md FCFA,2018T2,2,0,0.0,0,,A,"AR1 (ARCEP, observatoire trimestriel)",Total Mobile
ca,total_mobile,Total mobile,,2017T4,37.878,Md FCFA,2018T4,3,0,0.0,0,,A,"AR1 (ARCEP, observatoire trimestriel)",CA Total Mobile
ca,total_mobile,Total mobile,,2018T1,37.211,Md FCFA,2019T1,4,0,0.0,0,,A,"AR1 (ARCEP, observatoire trimestriel)",CA Total Mobile
ca,total_mobile,Total mobile,,2018T2,37.145,Md FCFA,2019T2,4,0,0.0,0,,A,"AR1 (ARCEP, observatoire trimestriel)",CA Total Mobile
ca,total_mobile,Total mobile,,2018T3,36.681,Md FCFA,2019T3,4,0,0.0,0,,A,"AR1 (ARCEP, observatoire trimestriel)",CA Total Mobile
ca,total_mobile,Total mobile,,2018T4,39.181,Md FCFA,2019T4,5,0,0.0,0,,A,"AR1 (ARCEP, observatoire trimestriel)",CA Total Mobile
ca,total_mobile,Total mobile,,2019T1,38.684,Md FCFA,2020T1,5,1,6.76,0,,A,"AR1 (ARCEP, observatoire trimestriel)",Total Mobile
ca,total_mobile,Total mobile,,2019T2,40.502,Md FCFA,2020T2,5,1,1.05,0,,A,"AR1 (ARCEP, observatoire trimestriel)",CA Total Mobile
ca,total_mobile,Total mobile,,2019T3,41.302,Md FCFA,2020T3,5,1,0.08,0,,A,"AR1 (ARCEP, observatoire trimestriel)",CA Total Mobile
ca,total_mobile,Total mobile,,2019T4,39.018,Md FCFA,2020T4,5,0,0.0,0,,A,"AR1 (ARCEP, observatoire trimestriel)",CA Total Mobile
ca,total_mobile,Total mobile,,2020T1,40.43,Md FCFA,2021T1,5,0,0.01,0,,A,"AR1 (ARCEP, observatoire trimestriel)",CA Total Mobile
ca,total_mobile,Total mobile,,2020T2,40.29,Md FCFA,2021T2,5,0,0.0,0,,A,"AR1 (ARCEP, observatoire trimestriel)",CA Total Mobile
ca,total_mobile,Total mobile,,2020T3,42.19,Md FCFA,2021T3,5,0,0.01,0,,A,"AR1 (ARCEP, observatoire trimestriel)",CA Total Mobile
ca,total_mobile,Total mobile,,2020T4,43.85,Md FCFA,2021T4,5,0,0.01,0,,A,"AR1 (ARCEP, observatoire trimestriel)",CA Total Mobile
ca,total_mobile,Total mobile,,2021T1,45.14,Md FCFA,2022T1,5,0,0.0,0,,A,"AR1 (ARCEP, observatoire trimestriel)",CA Total Mobile
ca,total_mobile,Total mobile,,2021T2,44.58,Md FCFA,2022T2,5,0,0.0,0,,A,"AR1 (ARCEP, observatoire trimestriel)",CA Total Mobile
ca,total_mobile,Total mobile,,2021T3,46.42,Md FCFA,2022T3,5,0,0.0,0,,A,"AR1 (ARCEP, observatoire trimestriel)",CA Total Mobile
ca,total_mobile,Total mobile,,2021T4,46.24,Md FCFA,2022T4,5,0,0.0,0,,A,"AR1 (ARCEP, observatoire trimestriel)",CA Total Mobile
ca,total_mobile,Total mobile,,2022T1,46.46,Md FCFA,2023T1,5,0,0.0,0,,A,"AR1 (ARCEP, observatoire trimestriel)",CA Total Mobile
ca,total_mobile,Total mobile,,2022T2,45.13,Md FCFA,2023T2,5,0,0.0,0,,A,"AR1 (ARCEP, observatoire trimestriel)",CA Total Mobile
ca,total_mobile,Total mobile,,2022T3,47.09,Md FCFA,2023T2,4,0,0.0,0,,A,"AR1 (ARCEP, observatoire trimestriel)",CA Total Mobile
ca,total_mobile,Total mobile,,2022T4,45.92,Md FCFA,2023T2,3,0,0.0,0,,A,"AR1 (ARCEP, observatoire trimestriel)",CA Total Mobile
ca,total_mobile,Total mobile,,2023T1,46.86,Md FCFA,2024T1,3,0,0.0,0,,A,"AR1 (ARCEP, observatoire trimestriel)",CA Total Mobile
ca,total_mobile,Total mobile,,2023T2,47.25,Md FCFA,2024T2,3,0,0.0,0,,A,"AR1 (ARCEP, observatoire trimestriel)",CA Total Mobile
ca,total_mobile,Total mobile,,2023T3,49.1,Md FCFA,2024T3,3,0,0.0,0,,A,"AR1 (ARCEP, observatoire trimestriel)",CA Total Mobile
ca,total_mobile,Total mobile,,2023T4,50.71,Md FCFA,2024T4,4,0,0.0,0,,A,"AR1 (ARCEP, observatoire trimestriel)",CA Total Mobile
ca,total_mobile,Total mobile,,2024T1,51.59,Md FCFA,2025T1,5,0,0.0,0,,A,"AR1 (ARCEP, observatoire trimestriel)",CA Total Mobile
ca,total_mobile,Total mobile,,2024T2,51.28,Md FCFA,2025T2,5,0,0.0,0,,A,"AR1 (ARCEP, observatoire trimestriel)",CA Total Mobile
ca,total_mobile,Total mobile,,2024T3,52.62,Md FCFA,2025T3,5,0,0.0,0,,A,"AR1 (ARCEP, observatoire trimestriel)",CA Total Mobile
ca,total_mobile,Total mobile,,2024T4,54.33,Md FCFA,2025T4,5,0,0.0,0,,A,"AR1 (ARCEP, observatoire trimestriel)",CA Total Mobile
ca,total_mobile,Total mobile,,2025T1,54.29,Md FCFA,2026T1,5,0,0.0,0,,A,"AR1 (ARCEP, observatoire trimestriel)",CA Total Mobile
ca,total_mobile,Total mobile,,2025T2,55.01,Md FCFA,2026T2,5,0,0.0,0,,A,"AR1 (ARCEP, observatoire trimestriel)",CA Total Mobile
ca,total_mobile,Total mobile,,2025T3,56.24,Md FCFA,2026T2,4,0,0.0,0,,A,"AR1 (ARCEP, observatoire trimestriel)",CA Total Mobile
ca,total_mobile,Total mobile,,2025T4,57.92,Md FCFA,2026T2,3,0,0.0,0,,A,"AR1 (ARCEP, observatoire trimestriel)",CA Total Mobile
ca,total_mobile,Total mobile,,2026T1,53.19,Md FCFA,2026T2,2,0,0.0,0,,A,"AR1 (ARCEP, observatoire trimestriel)",CA Total Mobile
ca,total_mobile,Total mobile,,2026T2,52.88,Md FCFA,2026T2,1,0,0.0,0,CA mobile money de YAS Togo non déclaré,A,"AR1 (ARCEP, observatoire trimestriel)",CA Total Mobile
ca,total_secteur,Secteur,,2017T1,43.313,Md FCFA,2018T1,1,0,0.0,0,,A,"AR1 (ARCEP, observatoire trimestriel)",Total du Secteur
ca,total_secteur,Secteur,,2017T2,49.215,Md FCFA,2018T2,2,0,0.0,0,,A,"AR1 (ARCEP, observatoire trimestriel)",Total du Secteur
ca,total_secteur,Secteur,,2017T3,47.575,Md FCFA,2018T2,2,0,0.0,0,,A,"AR1 (ARCEP, observatoire trimestriel)",Total du Secteur
ca,total_secteur,Secteur,,2017T4,48.298,Md FCFA,2018T4,3,0,0.0,0,,A,"AR1 (ARCEP, observatoire trimestriel)",CA Total du Secteur
ca,total_secteur,Secteur,,2018T1,46.83,Md FCFA,2019T1,4,0,0.02,0,périmètre : CA de GVA non inclus dans le total publié,A,"AR1 (ARCEP, observatoire trimestriel)",CA Total du Secteur
ca,total_secteur,Secteur,,2018T2,45.882,Md FCFA,2018T4,2,0,0.04,0,,A,"AR1 (ARCEP, observatoire trimestriel)",CA Total du Secteur
ca,total_secteur,Secteur,,2018T3,45.183,Md FCFA,2018T4,1,0,0.0,0,périmètre : CA de GVA non inclus dans le total publié,A,"AR1 (ARCEP, observatoire trimestriel)",CA Total du Secteur
ca,total_secteur,Secteur,,2018T4,47.741,Md FCFA,2018T4,1,0,0.0,0,périmètre : CA de GVA non inclus dans le total publié,A,"AR1 (ARCEP, observatoire trimestriel)",CA Total du Secteur
ca,total_secteur,Secteur,,2019T1,44.73,Md FCFA,2020T1,5,1,5.85,0,périmètre : CA de GVA non inclus dans le total publié,A,"AR1 (ARCEP, observatoire trimestriel)",Total du Secteur
ca,total_secteur,Secteur,,2019T2,52.199,Md FCFA,2020T2,5,1,0.81,0,périmètre : CA de GVA non inclus dans le total publié,A,"AR1 (ARCEP, observatoire trimestriel)",CA Total du Secteur
ca,total_secteur,Secteur,,2019T3,47.262,Md FCFA,2020T3,5,1,0.07,0,périmètre : CA de GVA non inclus dans le total publié,A,"AR1 (ARCEP, observatoire trimestriel)",CA Total du Secteur
ca,total_secteur,Secteur,,2019T4,45.373,Md FCFA,2020T4,5,0,0.0,0,,A,"AR1 (ARCEP, observatoire trimestriel)",CA Total du Secteur
ca,total_secteur,Secteur,,2020T1,47.1,Md FCFA,2021T1,5,0,0.0,0,,A,"AR1 (ARCEP, observatoire trimestriel)",CA Total du Secteur
ca,total_secteur,Secteur,,2020T2,46.37,Md FCFA,2021T2,5,0,0.0,0,,A,"AR1 (ARCEP, observatoire trimestriel)",CA Total du Secteur
ca,total_secteur,Secteur,,2020T3,51.01,Md FCFA,2021T3,5,1,0.54,0,,A,"AR1 (ARCEP, observatoire trimestriel)",CA Total du Secteur
ca,total_secteur,Secteur,,2020T4,52.76,Md FCFA,2021T4,5,0,0.01,0,,A,"AR1 (ARCEP, observatoire trimestriel)",CA Total du Secteur
ca,total_secteur,Secteur,,2021T1,54.05,Md FCFA,2022T1,5,1,2.65,0,périmètre : CA de GVA non inclus dans le total publié,A,"AR1 (ARCEP, observatoire trimestriel)",CA Total du Secteur
ca,total_secteur,Secteur,,2021T2,53.17,Md FCFA,2022T2,5,1,2.69,0,périmètre : CA de GVA non inclus dans le total publié,A,"AR1 (ARCEP, observatoire trimestriel)",CA Total du Secteur
ca,total_secteur,Secteur,,2021T3,55.23,Md FCFA,2022T3,5,1,2.59,0,périmètre : CA de GVA non inclus dans le total publié,A,"AR1 (ARCEP, observatoire trimestriel)",CA Total du Secteur
ca,total_secteur,Secteur,,2021T4,54.27,Md FCFA,2022T4,5,1,2.63,0,périmètre : CA de GVA non inclus dans le total publié,A,"AR1 (ARCEP, observatoire trimestriel)",CA Total du Secteur
ca,total_secteur,Secteur,,2022T1,55.87,Md FCFA,2023T1,5,0,0.0,0,périmètre : CA de GVA non inclus dans le total publié,A,"AR1 (ARCEP, observatoire trimestriel)",CA Total du Secteur
ca,total_secteur,Secteur,,2022T2,54.48,Md FCFA,2023T2,5,0,0.0,0,périmètre : CA de GVA non inclus dans le total publié,A,"AR1 (ARCEP, observatoire trimestriel)",CA Total du Secteur
ca,total_secteur,Secteur,,2022T3,55.96,Md FCFA,2023T2,4,0,0.0,0,périmètre : CA de GVA non inclus dans le total publié,A,"AR1 (ARCEP, observatoire trimestriel)",CA Total du Secteur
ca,total_secteur,Secteur,,2022T4,54.88,Md FCFA,2023T2,3,0,0.0,0,périmètre : CA de GVA non inclus dans le total publié,A,"AR1 (ARCEP, observatoire trimestriel)",CA Total du Secteur
ca,total_secteur,Secteur,,2023T1,56.18,Md FCFA,2024T1,3,0,0.0,0,périmètre : CA de GVA non inclus dans le total publié,A,"AR1 (ARCEP, observatoire trimestriel)",CA Total du Secteur
ca,total_secteur,Secteur,,2023T2,58.6,Md FCFA,2024T2,3,1,4.15,0,,A,"AR1 (ARCEP, observatoire trimestriel)",CA Total du Secteur
ca,total_secteur,Secteur,,2023T3,58.36,Md FCFA,2024T3,3,0,0.0,0,,A,"AR1 (ARCEP, observatoire trimestriel)",CA Total du Secteur
ca,total_secteur,Secteur,,2023T4,62.46,Md FCFA,2024T4,4,0,0.0,0,,A,"AR1 (ARCEP, observatoire trimestriel)",CA Total du Secteur
ca,total_secteur,Secteur,,2024T1,63.49,Md FCFA,2025T1,5,0,0.0,0,,A,"AR1 (ARCEP, observatoire trimestriel)",CA Total du Secteur
ca,total_secteur,Secteur,,2024T2,64.23,Md FCFA,2025T1,4,0,0.0,0,,A,"AR1 (ARCEP, observatoire trimestriel)",CA Total du Secteur
ca,total_secteur,Secteur,,2024T3,65.87,Md FCFA,2025T3,4,0,0.0,0,,A,"AR1 (ARCEP, observatoire trimestriel)",CA Total du Secteur
ca,total_secteur,Secteur,,2024T4,68.65,Md FCFA,2025T4,4,0,0.0,0,,A,"AR1 (ARCEP, observatoire trimestriel)",CA Total du Secteur
ca,total_secteur,Secteur,,2025T1,67.34,Md FCFA,2026T1,4,0,0.0,0,,A,"AR1 (ARCEP, observatoire trimestriel)",CA Total du Secteur
ca,total_secteur,Secteur,,2025T2,64.19,Md FCFA,2026T2,4,0,0.0,0,périmètre du CA de Togo Telecom changé (voix et data fixes intégrées),A,"AR1 (ARCEP, observatoire trimestriel)",CA Total du Secteur
ca,total_secteur,Secteur,,2025T3,65.88,Md FCFA,2026T2,4,0,0.0,0,,A,"AR1 (ARCEP, observatoire trimestriel)",CA Total du Secteur
ca,total_secteur,Secteur,,2025T4,67.46,Md FCFA,2026T2,3,0,0.0,0,,A,"AR1 (ARCEP, observatoire trimestriel)",CA Total du Secteur
ca,total_secteur,Secteur,,2026T1,62.93,Md FCFA,2026T2,2,0,0.0,0,,A,"AR1 (ARCEP, observatoire trimestriel)",CA Total du Secteur
ca,total_secteur,Secteur,,2026T2,62.47,Md FCFA,2026T2,1,0,0.0,0,CA mobile money de YAS Togo non déclaré,A,"AR1 (ARCEP, observatoire trimestriel)",CA Total du Secteur
investissement,cafe,CAFE Informatique,,2017T1,0.02,Md FCFA,2018T1,1,0,0.0,0,,A,"AR1 (ARCEP, observatoire trimestriel)",CAFE Informatique
investissement,cafe,CAFE Informatique,,2017T2,0.022,Md FCFA,2018T2,2,0,0.0,0,,A,"AR1 (ARCEP, observatoire trimestriel)",CAFE Informatique
investissement,cafe,CAFE Informatique,,2017T3,0.015,Md FCFA,2018T3,3,0,0.0,0,,A,"AR1 (ARCEP, observatoire trimestriel)",CAFE Informatique
investissement,cafe,CAFE Informatique,,2017T4,0.018,Md FCFA,2018T4,4,0,0.0,0,,A,"AR1 (ARCEP, observatoire trimestriel)",CAFE Informatique
investissement,cafe,CAFE Informatique,,2018T1,0.035,Md FCFA,2019T1,5,0,0.0,0,,A,"AR1 (ARCEP, observatoire trimestriel)",CAFE Informatique
investissement,cafe,CAFE Informatique,,2018T2,0.056,Md FCFA,2019T2,5,1,1.79,0,,A,"AR1 (ARCEP, observatoire trimestriel)",CAFE Informatique
investissement,cafe,CAFE Informatique,,2018T3,0.028,Md FCFA,2019T3,5,0,0.0,0,,A,"AR1 (ARCEP, observatoire trimestriel)",CAFE Informatique
investissement,cafe,CAFE Informatique,,2018T4,0.026,Md FCFA,2019T4,5,0,0.0,0,,A,"AR1 (ARCEP, observatoire trimestriel)",CAFE Informatique
investissement,cafe,CAFE Informatique,,2019T1,0.024,Md FCFA,2020T1,5,1,12.5,0,,A,"AR1 (ARCEP, observatoire trimestriel)",CAFE Informatique
investissement,cafe,CAFE Informatique,,2019T2,0.028,Md FCFA,2020T2,5,0,0.0,0,,A,"AR1 (ARCEP, observatoire trimestriel)",CAFE Informatique
investissement,cafe,CAFE Informatique,,2019T3,0.04573562,Md FCFA,2020T3,5,1,0.58,0,,A,"AR1 (ARCEP, observatoire trimestriel)",CAFE Informatique
investissement,cafe,CAFE Informatique,,2019T4,0.044,Md FCFA,2020T4,5,1,0.39,0,,A,"AR1 (ARCEP, observatoire trimestriel)",CAFE Informatique
investissement,cafe,CAFE Informatique,,2020T1,0.065,Md FCFA,2021T1,5,1,0.39,0,,A,"AR1 (ARCEP, observatoire trimestriel)",CAFE Informatique
investissement,cafe,CAFE Informatique,,2020T2,0.039,Md FCFA,2021T2,5,1,0.71,0,,A,"AR1 (ARCEP, observatoire trimestriel)",CAFE Informatique
investissement,cafe,CAFE Informatique,,2020T3,0.041,Md FCFA,2021T3,5,1,0.53,0,,A,"AR1 (ARCEP, observatoire trimestriel)",CAFE Informatique
investissement,cafe,CAFE Informatique,,2020T4,0.033,Md FCFA,2021T4,5,0,0.0,0,,A,"AR1 (ARCEP, observatoire trimestriel)",CAFE Informatique
investissement,cafe,CAFE Informatique,,2021T1,0.0,Md FCFA,2022T1,5,0,,0,,A,"AR1 (ARCEP, observatoire trimestriel)",CAFE Informatique
investissement,cafe,CAFE Informatique,,2021T2,0.0,Md FCFA,2022T2,5,0,,0,,A,"AR1 (ARCEP, observatoire trimestriel)",CAFE Informatique
investissement,cafe,CAFE Informatique,,2021T3,0.048,Md FCFA,2022T3,5,1,100.0,0,,A,"AR1 (ARCEP, observatoire trimestriel)",CAFE Informatique
investissement,cafe,CAFE Informatique,,2021T4,0.027,Md FCFA,2022T4,5,0,0.0,0,,A,"AR1 (ARCEP, observatoire trimestriel)",CAFE Informatique
investissement,cafe,CAFE Informatique,,2022T1,0.0,Md FCFA,2023T1,5,0,,0,,A,"AR1 (ARCEP, observatoire trimestriel)",CAFE Informatique
investissement,cafe,CAFE Informatique,,2022T2,0.02,Md FCFA,2023T2,5,0,0.0,0,,A,"AR1 (ARCEP, observatoire trimestriel)",CAFE Informatique
investissement,cafe,CAFE Informatique,,2022T3,0.048,Md FCFA,2023T2,4,0,0.0,0,,A,"AR1 (ARCEP, observatoire trimestriel)",CAFE Informatique
investissement,cafe,CAFE Informatique,,2022T4,0.044,Md FCFA,2023T2,3,0,0.0,0,,A,"AR1 (ARCEP, observatoire trimestriel)",CAFE Informatique
investissement,cafe,CAFE Informatique,,2023T1,0.012,Md FCFA,2024T1,3,0,0.0,0,,A,"AR1 (ARCEP, observatoire trimestriel)",CAFE Informatique
investissement,cafe,CAFE Informatique,,2023T2,0.007,Md FCFA,2024T2,3,0,0.0,0,,A,"AR1 (ARCEP, observatoire trimestriel)",CAFE Informatique
investissement,cafe,CAFE Informatique,,2023T3,0.005,Md FCFA,2024T3,3,0,0.0,0,,A,"AR1 (ARCEP, observatoire trimestriel)",CAFE Informatique
investissement,cafe,CAFE Informatique,,2023T4,0.007,Md FCFA,2024T4,4,0,0.0,0,,A,"AR1 (ARCEP, observatoire trimestriel)",CAFE Informatique
investissement,cafe,CAFE Informatique,,2024T1,0.011,Md FCFA,2025T1,5,0,0.0,0,,A,"AR1 (ARCEP, observatoire trimestriel)",CAFE Informatique & Télécommunications
investissement,cafe,CAFE Informatique,,2024T2,0.003,Md FCFA,2025T2,5,0,0.0,0,,A,"AR1 (ARCEP, observatoire trimestriel)",CAFE Informatique & Télécommunications
investissement,cafe,CAFE Informatique,,2024T3,0.002,Md FCFA,2025T3,5,0,0.0,0,,A,"AR1 (ARCEP, observatoire trimestriel)",CAFE Informatique & Télécommunications
investissement,cafe,CAFE Informatique,,2024T4,0.009,Md FCFA,2025T4,5,0,0.0,0,,A,"AR1 (ARCEP, observatoire trimestriel)",CAFE Informatique & Télécommunications
investissement,cafe,CAFE Informatique,,2025T1,0.013,Md FCFA,2026T1,5,0,0.0,0,,A,"AR1 (ARCEP, observatoire trimestriel)",CAFE Informatique & Télécommunications
investissement,cafe,CAFE Informatique,,2025T2,0.014,Md FCFA,2026T2,5,0,0.0,0,,A,"AR1 (ARCEP, observatoire trimestriel)",CAFE Informatique & Télécommunications
investissement,cafe,CAFE Informatique,,2025T3,0.009,Md FCFA,2026T2,4,0,0.0,0,,A,"AR1 (ARCEP, observatoire trimestriel)",CAFE Informatique & Télécommunications
investissement,cafe,CAFE Informatique,,2025T4,0.011,Md FCFA,2026T2,3,0,0.0,0,,A,"AR1 (ARCEP, observatoire trimestriel)",CAFE Informatique & Télécommunications
investissement,cafe,CAFE Informatique,,2026T1,0.0,Md FCFA,2026T1,1,0,,0,,A,"AR1 (ARCEP, observatoire trimestriel)",CAFE Informatique & Télécommunications
investissement,gva,GVA Togo,,2020T2,0.0,Md FCFA,2021T2,1,0,,0,,A,"AR1 (ARCEP, observatoire trimestriel)",GVA
investissement,gva,GVA Togo,,2020T3,0.0,Md FCFA,2021T3,2,0,,0,,A,"AR1 (ARCEP, observatoire trimestriel)",GVA
investissement,gva,GVA Togo,,2020T4,0.0,Md FCFA,2021T4,3,0,,0,,A,"AR1 (ARCEP, observatoire trimestriel)",GVA
investissement,gva,GVA Togo,,2021T1,1.087,Md FCFA,2021T4,4,0,0.0,0,,A,"AR1 (ARCEP, observatoire trimestriel)",GVA
investissement,gva,GVA Togo,,2021T2,1.087,Md FCFA,2021T4,3,0,0.0,0,,A,"AR1 (ARCEP, observatoire trimestriel)",GVA
investissement,gva,GVA Togo,,2021T3,1.087,Md FCFA,2021T4,2,0,0.0,0,,A,"AR1 (ARCEP, observatoire trimestriel)",GVA
investissement,gva,GVA Togo,,2021T4,1.087,Md FCFA,2021T4,1,0,0.0,0,,A,"AR1 (ARCEP, observatoire trimestriel)",GVA
investissement,gva,GVA Togo,,2023T2,0.717,Md FCFA,2024T2,1,0,0.0,0,,A,"AR1 (ARCEP, observatoire trimestriel)",GVA
investissement,gva,GVA Togo,,2023T3,1.715,Md FCFA,2024T3,3,0,0.0,0,,A,"AR1 (ARCEP, observatoire trimestriel)",GVA
investissement,gva,GVA Togo,,2023T4,1.998,Md FCFA,2024T4,4,0,0.0,0,,A,"AR1 (ARCEP, observatoire trimestriel)",GVA
investissement,gva,GVA Togo,,2024T1,0.92,Md FCFA,2025T1,5,0,0.0,0,,A,"AR1 (ARCEP, observatoire trimestriel)",GVA Togo
investissement,gva,GVA Togo,,2024T2,1.015,Md FCFA,2025T2,5,0,0.0,0,,A,"AR1 (ARCEP, observatoire trimestriel)",GVA Togo
investissement,gva,GVA Togo,,2024T3,0.868,Md FCFA,2025T3,5,0,0.0,0,,A,"AR1 (ARCEP, observatoire trimestriel)",GVA Togo
investissement,gva,GVA Togo,,2024T4,1.029,Md FCFA,2025T4,5,0,0.0,0,,A,"AR1 (ARCEP, observatoire trimestriel)",GVA Togo
investissement,gva,GVA Togo,,2025T1,0.495,Md FCFA,2026T1,5,0,0.0,0,,A,"AR1 (ARCEP, observatoire trimestriel)",GVA Togo
investissement,gva,GVA Togo,,2025T2,1.001,Md FCFA,2026T2,5,0,0.0,0,,A,"AR1 (ARCEP, observatoire trimestriel)",GVA Togo
investissement,gva,GVA Togo,,2025T3,1.015,Md FCFA,2026T2,4,0,0.0,0,,A,"AR1 (ARCEP, observatoire trimestriel)",GVA Togo
investissement,gva,GVA Togo,,2025T4,1.095,Md FCFA,2026T2,3,0,0.0,0,,A,"AR1 (ARCEP, observatoire trimestriel)",GVA Togo
investissement,gva,GVA Togo,,2026T1,0.518,Md FCFA,2026T2,2,0,0.0,0,,A,"AR1 (ARCEP, observatoire trimestriel)",GVA Togo
investissement,gva,GVA Togo,,2026T2,0.621,Md FCFA,2026T2,1,0,0.0,0,,A,"AR1 (ARCEP, observatoire trimestriel)",GVA Togo
investissement,moov,Moov Africa (Atlantique Telecom),,2017T1,0.551,Md FCFA,2018T1,1,0,0.0,0,,A,"AR1 (ARCEP, observatoire trimestriel)",Atlantique Telecom
investissement,moov,Moov Africa (Atlantique Telecom),,2017T2,3.19,Md FCFA,2018T2,2,0,0.0,0,,A,"AR1 (ARCEP, observatoire trimestriel)",Atlantique Telecom
investissement,moov,Moov Africa (Atlantique Telecom),,2017T3,8.724,Md FCFA,2018T3,3,0,0.0,0,,A,"AR1 (ARCEP, observatoire trimestriel)",Atlantique Telecom
investissement,moov,Moov Africa (Atlantique Telecom),,2017T4,17.13,Md FCFA,2018T4,4,0,0.0,0,,A,"AR1 (ARCEP, observatoire trimestriel)",Atlantique Telecom
investissement,moov,Moov Africa (Atlantique Telecom),,2018T1,3.419,Md FCFA,2019T1,5,0,0.0,0,,A,"AR1 (ARCEP, observatoire trimestriel)",Atlantique Telecom
investissement,moov,Moov Africa (Atlantique Telecom),,2018T2,30.866,Md FCFA,2019T2,5,0,0.0,0,,A,"AR1 (ARCEP, observatoire trimestriel)",Atlantique Telecom
investissement,moov,Moov Africa (Atlantique Telecom),,2018T3,4.017,Md FCFA,2019T3,5,0,0.0,0,,A,"AR1 (ARCEP, observatoire trimestriel)",Atlantique Telecom
investissement,moov,Moov Africa (Atlantique Telecom),,2018T4,5.511,Md FCFA,2019T4,5,0,0.0,0,,A,"AR1 (ARCEP, observatoire trimestriel)",Atlantique Telecom
investissement,moov,Moov Africa (Atlantique Telecom),,2019T1,9.711,Md FCFA,2020T1,5,0,0.0,0,,A,"AR1 (ARCEP, observatoire trimestriel)",Atlantique Telecom
investissement,moov,Moov Africa (Atlantique Telecom),,2019T2,6.536,Md FCFA,2020T2,5,0,0.0,0,,A,"AR1 (ARCEP, observatoire trimestriel)",Atlantique Telecom
investissement,moov,Moov Africa (Atlantique Telecom),,2019T3,0.249972476,Md FCFA,2020T3,5,0,0.01,0,,A,"AR1 (ARCEP, observatoire trimestriel)",Atlantique Telecom
investissement,moov,Moov Africa (Atlantique Telecom),,2019T4,5.369,Md FCFA,2020T4,5,0,0.0,0,,A,"AR1 (ARCEP, observatoire trimestriel)",Atlantique Telecom
investissement,moov,Moov Africa (Atlantique Telecom),,2020T1,1.357,Md FCFA,2021T1,5,0,0.0,0,,A,"AR1 (ARCEP, observatoire trimestriel)",Moov Africa Togo
investissement,moov,Moov Africa (Atlantique Telecom),,2020T2,1.424,Md FCFA,2021T2,5,0,0.03,0,,A,"AR1 (ARCEP, observatoire trimestriel)",Moov Africa Togo
investissement,moov,Moov Africa (Atlantique Telecom),,2020T3,2.249,Md FCFA,2021T3,5,0,0.0,0,,A,"AR1 (ARCEP, observatoire trimestriel)",Moov Africa Togo
investissement,moov,Moov Africa (Atlantique Telecom),,2020T4,3.63,Md FCFA,2021T4,5,0,0.0,0,,A,"AR1 (ARCEP, observatoire trimestriel)",Moov Africa Togo
investissement,moov,Moov Africa (Atlantique Telecom),,2021T1,0.08,Md FCFA,2022T1,5,0,0.0,0,,A,"AR1 (ARCEP, observatoire trimestriel)",Moov Africa Togo
investissement,moov,Moov Africa (Atlantique Telecom),,2021T2,4.159,Md FCFA,2022T2,5,0,0.0,0,,A,"AR1 (ARCEP, observatoire trimestriel)",Moov Africa Togo
investissement,moov,Moov Africa (Atlantique Telecom),,2021T3,13.648,Md FCFA,2022T3,5,0,0.0,0,,A,"AR1 (ARCEP, observatoire trimestriel)",Moov Africa Togo
investissement,moov,Moov Africa (Atlantique Telecom),,2021T4,17.326,Md FCFA,2022T4,5,0,0.0,0,,A,"AR1 (ARCEP, observatoire trimestriel)",Moov Africa Togo
investissement,moov,Moov Africa (Atlantique Telecom),,2022T1,0.731,Md FCFA,2023T1,5,0,0.0,0,,A,"AR1 (ARCEP, observatoire trimestriel)",Moov Africa Togo
investissement,moov,Moov Africa (Atlantique Telecom),,2022T2,6.707,Md FCFA,2023T2,5,0,0.0,0,,A,"AR1 (ARCEP, observatoire trimestriel)",Moov Africa Togo
investissement,moov,Moov Africa (Atlantique Telecom),,2022T3,5.666,Md FCFA,2023T2,4,0,0.0,0,,A,"AR1 (ARCEP, observatoire trimestriel)",Moov Africa Togo
investissement,moov,Moov Africa (Atlantique Telecom),,2022T4,5.277,Md FCFA,2023T2,3,0,0.0,0,,A,"AR1 (ARCEP, observatoire trimestriel)",Moov Africa Togo
investissement,moov,Moov Africa (Atlantique Telecom),,2023T1,3.24,Md FCFA,2024T1,3,0,0.0,0,,A,"AR1 (ARCEP, observatoire trimestriel)",Moov Africa Togo
investissement,moov,Moov Africa (Atlantique Telecom),,2023T2,2.305,Md FCFA,2024T2,3,0,0.0,0,,A,"AR1 (ARCEP, observatoire trimestriel)",Moov Africa Togo
investissement,moov,Moov Africa (Atlantique Telecom),,2023T3,4.461,Md FCFA,2024T3,3,0,0.0,0,,A,"AR1 (ARCEP, observatoire trimestriel)",Moov Africa Togo
investissement,moov,Moov Africa (Atlantique Telecom),,2023T4,7.584,Md FCFA,2024T4,4,0,0.0,0,,A,"AR1 (ARCEP, observatoire trimestriel)",Moov Africa Togo
investissement,moov,Moov Africa (Atlantique Telecom),,2024T1,2.584,Md FCFA,2025T1,5,0,0.0,0,,A,"AR1 (ARCEP, observatoire trimestriel)",Moov Africa Togo
investissement,moov,Moov Africa (Atlantique Telecom),,2024T2,1.923,Md FCFA,2025T2,5,0,0.0,0,,A,"AR1 (ARCEP, observatoire trimestriel)",Moov Africa Togo
investissement,moov,Moov Africa (Atlantique Telecom),,2024T3,3.376,Md FCFA,2025T3,5,0,0.0,0,,A,"AR1 (ARCEP, observatoire trimestriel)",Moov Africa Togo
investissement,moov,Moov Africa (Atlantique Telecom),,2024T4,10.046,Md FCFA,2025T4,5,0,0.0,0,,A,"AR1 (ARCEP, observatoire trimestriel)",Moov Africa Togo
investissement,moov,Moov Africa (Atlantique Telecom),,2025T1,1.148,Md FCFA,2026T1,5,0,0.0,0,,A,"AR1 (ARCEP, observatoire trimestriel)",Moov Africa Togo
investissement,moov,Moov Africa (Atlantique Telecom),,2025T2,1.094,Md FCFA,2026T2,5,0,0.0,0,,A,"AR1 (ARCEP, observatoire trimestriel)",Moov Africa Togo
investissement,moov,Moov Africa (Atlantique Telecom),,2025T3,4.391,Md FCFA,2026T2,4,0,0.0,0,,A,"AR1 (ARCEP, observatoire trimestriel)",Moov Africa Togo
investissement,moov,Moov Africa (Atlantique Telecom),,2025T4,7.156,Md FCFA,2026T2,3,0,0.0,0,,A,"AR1 (ARCEP, observatoire trimestriel)",Moov Africa Togo
investissement,moov,Moov Africa (Atlantique Telecom),,2026T1,1.109,Md FCFA,2026T2,2,0,0.0,0,,A,"AR1 (ARCEP, observatoire trimestriel)",Moov Africa Togo
investissement,moov,Moov Africa (Atlantique Telecom),,2026T2,1.362,Md FCFA,2026T2,1,0,0.0,0,,A,"AR1 (ARCEP, observatoire trimestriel)",Moov Africa Togo
investissement,teolis,TEOLIS,,2018T2,0.384,Md FCFA,2019T2,5,0,0.0,0,,A,"AR1 (ARCEP, observatoire trimestriel)",TEOLIS
investissement,teolis,TEOLIS,,2018T3,0.019,Md FCFA,2019T3,5,0,0.0,0,,A,"AR1 (ARCEP, observatoire trimestriel)",TEOLIS
investissement,teolis,TEOLIS,,2018T4,0.038,Md FCFA,2019T4,5,0,0.0,0,,A,"AR1 (ARCEP, observatoire trimestriel)",TEOLIS
investissement,teolis,TEOLIS,,2019T1,0.047,Md FCFA,2020T1,5,0,0.0,0,,A,"AR1 (ARCEP, observatoire trimestriel)",TEOLIS
investissement,teolis,TEOLIS,,2019T2,0.32,Md FCFA,2020T2,5,0,0.0,0,,A,"AR1 (ARCEP, observatoire trimestriel)",TEOLIS
investissement,teolis,TEOLIS,,2019T3,0.084019689,Md FCFA,2020T3,5,0,0.02,0,,A,"AR1 (ARCEP, observatoire trimestriel)",TEOLIS
investissement,teolis,TEOLIS,,2019T4,0.061,Md FCFA,2020T4,5,1,0.52,0,,A,"AR1 (ARCEP, observatoire trimestriel)",TEOLIS
investissement,teolis,TEOLIS,,2020T1,0.057,Md FCFA,2021T1,5,1,0.22,0,,A,"AR1 (ARCEP, observatoire trimestriel)",TEOLIS
investissement,teolis,TEOLIS,,2020T2,0.05,Md FCFA,2021T2,5,1,0.79,0,,A,"AR1 (ARCEP, observatoire trimestriel)",TEOLIS
investissement,teolis,TEOLIS,,2020T3,0.048,Md FCFA,2021T3,5,1,0.5,0,,A,"AR1 (ARCEP, observatoire trimestriel)",TEOLIS
investissement,teolis,TEOLIS,,2020T4,0.045,Md FCFA,2021T4,5,0,0.0,0,,A,"AR1 (ARCEP, observatoire trimestriel)",TEOLIS
investissement,teolis,TEOLIS,,2021T1,0.057,Md FCFA,2022T1,5,0,0.0,0,,A,"AR1 (ARCEP, observatoire trimestriel)",TEOLIS
investissement,teolis,TEOLIS,,2021T2,0.045,Md FCFA,2022T2,5,0,0.0,0,,A,"AR1 (ARCEP, observatoire trimestriel)",TEOLIS
investissement,teolis,TEOLIS,,2021T3,0.034,Md FCFA,2022T3,5,0,0.0,0,,A,"AR1 (ARCEP, observatoire trimestriel)",TEOLIS
investissement,teolis,TEOLIS,,2021T4,0.033,Md FCFA,2022T4,5,0,0.0,0,,A,"AR1 (ARCEP, observatoire trimestriel)",TEOLIS
investissement,teolis,TEOLIS,,2022T1,0.046,Md FCFA,2023T1,5,0,0.0,0,,A,"AR1 (ARCEP, observatoire trimestriel)",TEOLIS
investissement,teolis,TEOLIS,,2022T2,0.091,Md FCFA,2023T2,5,0,0.0,0,,A,"AR1 (ARCEP, observatoire trimestriel)",TEOLIS
investissement,teolis,TEOLIS,,2022T3,0.063,Md FCFA,2023T2,4,0,0.0,0,,A,"AR1 (ARCEP, observatoire trimestriel)",TEOLIS
investissement,teolis,TEOLIS,,2022T4,0.046,Md FCFA,2023T2,3,0,0.0,0,,A,"AR1 (ARCEP, observatoire trimestriel)",TEOLIS
investissement,teolis,TEOLIS,,2023T1,0.044,Md FCFA,2024T1,3,0,0.0,0,,A,"AR1 (ARCEP, observatoire trimestriel)",TEOLIS
investissement,teolis,TEOLIS,,2023T2,0.063,Md FCFA,2024T2,3,0,0.0,0,,A,"AR1 (ARCEP, observatoire trimestriel)",TEOLIS
investissement,teolis,TEOLIS,,2023T3,0.026,Md FCFA,2024T3,3,0,0.0,0,,A,"AR1 (ARCEP, observatoire trimestriel)",TEOLIS
investissement,teolis,TEOLIS,,2023T4,0.151,Md FCFA,2024T4,4,0,0.0,0,,A,"AR1 (ARCEP, observatoire trimestriel)",TEOLIS
investissement,teolis,TEOLIS,,2024T1,0.052,Md FCFA,2025T1,5,0,0.0,0,,A,"AR1 (ARCEP, observatoire trimestriel)",TEOLIS SA
investissement,teolis,TEOLIS,,2024T2,0.054,Md FCFA,2025T2,5,0,0.0,0,,A,"AR1 (ARCEP, observatoire trimestriel)",TEOLIS SA
investissement,teolis,TEOLIS,,2024T3,0.045,Md FCFA,2025T3,5,0,0.0,0,,A,"AR1 (ARCEP, observatoire trimestriel)",TEOLIS SA
investissement,teolis,TEOLIS,,2024T4,0.086,Md FCFA,2025T4,5,0,0.0,0,,A,"AR1 (ARCEP, observatoire trimestriel)",TEOLIS SA
investissement,teolis,TEOLIS,,2025T1,0.082,Md FCFA,2026T1,5,0,0.0,0,,A,"AR1 (ARCEP, observatoire trimestriel)",TEOLIS SA
investissement,teolis,TEOLIS,,2025T2,0.059,Md FCFA,2026T2,5,0,0.0,0,,A,"AR1 (ARCEP, observatoire trimestriel)",TEOLIS SA
investissement,teolis,TEOLIS,,2025T3,0.081,Md FCFA,2026T2,4,0,0.0,0,,A,"AR1 (ARCEP, observatoire trimestriel)",TEOLIS SA
investissement,teolis,TEOLIS,,2025T4,0.057,Md FCFA,2026T2,3,0,0.0,0,,A,"AR1 (ARCEP, observatoire trimestriel)",TEOLIS SA
investissement,teolis,TEOLIS,,2026T1,0.06,Md FCFA,2026T2,2,0,0.0,0,,A,"AR1 (ARCEP, observatoire trimestriel)",TEOLIS SA
investissement,teolis,TEOLIS,,2026T2,0.044,Md FCFA,2026T2,1,0,0.0,0,,A,"AR1 (ARCEP, observatoire trimestriel)",TEOLIS SA
investissement,togo_telecom,"Togo Telecom (YAS, fixe)",,2017T1,0.584,Md FCFA,2018T1,1,0,0.0,0,,A,"AR1 (ARCEP, observatoire trimestriel)",Togo Telecom
investissement,togo_telecom,"Togo Telecom (YAS, fixe)",,2017T2,0.529,Md FCFA,2018T2,2,0,0.0,0,,A,"AR1 (ARCEP, observatoire trimestriel)",Togo Telecom
investissement,togo_telecom,"Togo Telecom (YAS, fixe)",,2017T3,0.457,Md FCFA,2018T3,3,0,0.0,0,,A,"AR1 (ARCEP, observatoire trimestriel)",TOGO TELECOM
investissement,togo_telecom,"Togo Telecom (YAS, fixe)",,2017T4,0.993,Md FCFA,2018T4,4,0,0.0,0,,A,"AR1 (ARCEP, observatoire trimestriel)",TOGO TELECOM
investissement,togo_telecom,"Togo Telecom (YAS, fixe)",,2018T1,0.628,Md FCFA,2019T1,5,0,0.0,0,,A,"AR1 (ARCEP, observatoire trimestriel)",TOGO TELECOM
investissement,togo_telecom,"Togo Telecom (YAS, fixe)",,2018T2,0.768,Md FCFA,2019T2,5,0,0.0,0,,A,"AR1 (ARCEP, observatoire trimestriel)",TOGO TELECOM
investissement,togo_telecom,"Togo Telecom (YAS, fixe)",,2018T3,0.512,Md FCFA,2019T3,5,0,0.0,0,,A,"AR1 (ARCEP, observatoire trimestriel)",TOGO TELECOM
investissement,togo_telecom,"Togo Telecom (YAS, fixe)",,2018T4,0.198,Md FCFA,2019T4,5,0,0.0,0,,A,"AR1 (ARCEP, observatoire trimestriel)",TOGO TELECOM
investissement,togo_telecom,"Togo Telecom (YAS, fixe)",,2019T1,0.193,Md FCFA,2020T1,5,0,0.0,0,,A,"AR1 (ARCEP, observatoire trimestriel)",TOGO TELECOM
investissement,togo_telecom,"Togo Telecom (YAS, fixe)",,2019T2,0.763,Md FCFA,2020T2,5,0,0.0,0,,A,"AR1 (ARCEP, observatoire trimestriel)",TOGO TELECOM
investissement,togo_telecom,"Togo Telecom (YAS, fixe)",,2019T3,1.102746223,Md FCFA,2020T3,5,1,0.07,0,,A,"AR1 (ARCEP, observatoire trimestriel)",TOGO TELECOM
investissement,togo_telecom,"Togo Telecom (YAS, fixe)",,2019T4,0.773,Md FCFA,2020T4,5,0,0.03,0,,A,"AR1 (ARCEP, observatoire trimestriel)",TOGO TELECOM
investissement,togo_telecom,"Togo Telecom (YAS, fixe)",,2020T1,0.028,Md FCFA,2021T1,5,1,0.09,0,,A,"AR1 (ARCEP, observatoire trimestriel)",TOGO TELECOM
investissement,togo_telecom,"Togo Telecom (YAS, fixe)",,2020T2,0.918,Md FCFA,2021T2,5,0,0.04,0,,A,"AR1 (ARCEP, observatoire trimestriel)",TOGO TELECOM
investissement,togo_telecom,"Togo Telecom (YAS, fixe)",,2020T3,6.846,Md FCFA,2021T3,5,0,0.0,0,,A,"AR1 (ARCEP, observatoire trimestriel)",TOGO TELECOM
investissement,togo_telecom,"Togo Telecom (YAS, fixe)",,2020T4,2.088,Md FCFA,2021T4,5,0,0.0,0,,A,"AR1 (ARCEP, observatoire trimestriel)",TOGO TELECOM
investissement,togo_telecom,"Togo Telecom (YAS, fixe)",,2021T1,0.539,Md FCFA,2022T1,5,0,0.0,0,,A,"AR1 (ARCEP, observatoire trimestriel)",TOGO TELECOM
investissement,togo_telecom,"Togo Telecom (YAS, fixe)",,2021T2,1.224,Md FCFA,2022T2,5,0,0.0,0,,A,"AR1 (ARCEP, observatoire trimestriel)",TOGO TELECOM
investissement,togo_telecom,"Togo Telecom (YAS, fixe)",,2021T3,1.133,Md FCFA,2022T3,5,0,0.0,0,,A,"AR1 (ARCEP, observatoire trimestriel)",TOGO TELECOM
investissement,togo_telecom,"Togo Telecom (YAS, fixe)",,2021T4,4.117,Md FCFA,2022T4,5,0,0.0,0,,A,"AR1 (ARCEP, observatoire trimestriel)",TOGO TELECOM
investissement,togo_telecom,"Togo Telecom (YAS, fixe)",,2022T1,1.22,Md FCFA,2023T1,5,0,0.0,0,,A,"AR1 (ARCEP, observatoire trimestriel)",TOGO TELECOM
investissement,togo_telecom,"Togo Telecom (YAS, fixe)",,2022T2,1.492,Md FCFA,2023T2,5,0,0.0,0,,A,"AR1 (ARCEP, observatoire trimestriel)",TOGO TELECOM
investissement,togo_telecom,"Togo Telecom (YAS, fixe)",,2022T3,9.413,Md FCFA,2023T2,4,0,0.0,0,,A,"AR1 (ARCEP, observatoire trimestriel)",TOGO TELECOM
investissement,togo_telecom,"Togo Telecom (YAS, fixe)",,2022T4,3.707,Md FCFA,2023T2,3,0,0.0,0,,A,"AR1 (ARCEP, observatoire trimestriel)",TOGO TELECOM
investissement,togo_telecom,"Togo Telecom (YAS, fixe)",,2023T1,1.332,Md FCFA,2024T1,3,0,0.0,0,,A,"AR1 (ARCEP, observatoire trimestriel)",TOGO TELECOM
investissement,togo_telecom,"Togo Telecom (YAS, fixe)",,2023T2,3.468,Md FCFA,2024T2,3,1,91.38,0,,A,"AR1 (ARCEP, observatoire trimestriel)",TOGO TELECOM**
investissement,togo_telecom,"Togo Telecom (YAS, fixe)",,2023T3,3.964,Md FCFA,2024T3,3,1,64.68,0,,A,"AR1 (ARCEP, observatoire trimestriel)",TOGO TELECOM**
investissement,togo_telecom,"Togo Telecom (YAS, fixe)",,2023T4,4.068,Md FCFA,2024T4,4,1,56.59,0,,A,"AR1 (ARCEP, observatoire trimestriel)",TOGO TELECOM**
investissement,togo_telecom,"Togo Telecom (YAS, fixe)",,2024T1,1.426,Md FCFA,2025T1,5,1,13.96,0,,A,"AR1 (ARCEP, observatoire trimestriel)",TOGO Telecom (YAS Togo)**
investissement,togo_telecom,"Togo Telecom (YAS, fixe)",,2024T2,2.351,Md FCFA,2025T2,5,0,0.0,0,,A,"AR1 (ARCEP, observatoire trimestriel)",TOGO Telecom (YAS Togo)**
investissement,togo_telecom,"Togo Telecom (YAS, fixe)",,2024T3,2.224,Md FCFA,2025T3,5,0,0.0,0,,A,"AR1 (ARCEP, observatoire trimestriel)",TOGO Telecom (YAS Togo)**
investissement,togo_telecom,"Togo Telecom (YAS, fixe)",,2024T4,2.705,Md FCFA,2025T4,5,0,0.0,0,,A,"AR1 (ARCEP, observatoire trimestriel)",Togo Telecom (YAS Togo) **
investissement,togo_telecom,"Togo Telecom (YAS, fixe)",,2025T1,1.365,Md FCFA,2026T1,5,0,0.0,0,,A,"AR1 (ARCEP, observatoire trimestriel)",TOGO Telecom (YAS Togo)**
investissement,togo_telecom,"Togo Telecom (YAS, fixe)",,2025T2,1.369,Md FCFA,2026T2,5,0,0.0,0,,A,"AR1 (ARCEP, observatoire trimestriel)",TOGO Telecom (YAS Togo)**
investissement,togo_telecom,"Togo Telecom (YAS, fixe)",,2025T3,1.202,Md FCFA,2026T2,4,0,0.0,0,,A,"AR1 (ARCEP, observatoire trimestriel)",TOGO Telecom (YAS Togo)**
investissement,togo_telecom,"Togo Telecom (YAS, fixe)",,2025T4,0.993,Md FCFA,2026T2,3,0,0.0,0,,A,"AR1 (ARCEP, observatoire trimestriel)",TOGO Telecom (YAS Togo)**
investissement,togo_telecom,"Togo Telecom (YAS, fixe)",,2026T1,1.335,Md FCFA,2026T2,2,0,0.0,0,,A,"AR1 (ARCEP, observatoire trimestriel)",TOGO Telecom (YAS Togo)**
investissement,togo_telecom,"Togo Telecom (YAS, fixe)",,2026T2,1.277,Md FCFA,2026T2,1,0,0.0,0,,A,"AR1 (ARCEP, observatoire trimestriel)",TOGO Telecom (YAS Togo)**
investissement,togocom,Togocom (Togo Cellulaire),,2017T1,0.501,Md FCFA,2018T1,1,0,0.0,0,,A,"AR1 (ARCEP, observatoire trimestriel)",Togo Cellulaire
investissement,togocom,Togocom (Togo Cellulaire),,2017T2,2.558,Md FCFA,2018T2,2,0,0.0,0,,A,"AR1 (ARCEP, observatoire trimestriel)",Togo Cellulaire
investissement,togocom,Togocom (Togo Cellulaire),,2017T3,1.307,Md FCFA,2018T3,3,0,0.0,0,,A,"AR1 (ARCEP, observatoire trimestriel)",Togo Cellulaire
investissement,togocom,Togocom (Togo Cellulaire),,2017T4,13.41,Md FCFA,2018T4,4,0,0.0,0,,A,"AR1 (ARCEP, observatoire trimestriel)",Togo Cellulaire
investissement,togocom,Togocom (Togo Cellulaire),,2018T1,1.858,Md FCFA,2019T1,5,0,0.0,0,,A,"AR1 (ARCEP, observatoire trimestriel)",Togo Cellulaire
investissement,togocom,Togocom (Togo Cellulaire),,2018T2,1.951,Md FCFA,2019T2,5,1,95.23,0,,A,"AR1 (ARCEP, observatoire trimestriel)",Togo Cellulaire
investissement,togocom,Togocom (Togo Cellulaire),,2018T3,2.251,Md FCFA,2019T3,5,0,0.0,0,,A,"AR1 (ARCEP, observatoire trimestriel)",Togo Cellulaire
investissement,togocom,Togocom (Togo Cellulaire),,2018T4,15.975,Md FCFA,2019T4,5,0,0.0,0,,A,"AR1 (ARCEP, observatoire trimestriel)",Togo Cellulaire
investissement,togocom,Togocom (Togo Cellulaire),,2019T1,4.225,Md FCFA,2020T1,5,0,0.0,0,,A,"AR1 (ARCEP, observatoire trimestriel)",Togo Cellulaire
investissement,togocom,Togocom (Togo Cellulaire),,2019T2,5.774,Md FCFA,2020T2,5,0,0.0,0,,A,"AR1 (ARCEP, observatoire trimestriel)",Togo Cellulaire
investissement,togocom,Togocom (Togo Cellulaire),,2019T3,6.430694,Md FCFA,2020T3,5,0,0.0,0,,A,"AR1 (ARCEP, observatoire trimestriel)",Togo Cellulaire
investissement,togocom,Togocom (Togo Cellulaire),,2019T4,6.733,Md FCFA,2020T4,5,0,0.0,0,,A,"AR1 (ARCEP, observatoire trimestriel)",Togo Cellulaire
investissement,togocom,Togocom (Togo Cellulaire),,2020T1,0.428,Md FCFA,2021T1,5,0,0.02,0,,A,"AR1 (ARCEP, observatoire trimestriel)",Togo Cellulaire
investissement,togocom,Togocom (Togo Cellulaire),,2020T2,4.887,Md FCFA,2021T2,5,0,0.0,0,,A,"AR1 (ARCEP, observatoire trimestriel)",Togo Cellulaire
investissement,togocom,Togocom (Togo Cellulaire),,2020T3,9.745,Md FCFA,2021T3,5,0,0.0,0,,A,"AR1 (ARCEP, observatoire trimestriel)",Togo Cellulaire
investissement,togocom,Togocom (Togo Cellulaire),,2020T4,5.682,Md FCFA,2021T4,5,0,0.0,0,,A,"AR1 (ARCEP, observatoire trimestriel)",Togo Cellulaire
investissement,togocom,Togocom (Togo Cellulaire),,2021T1,1.669,Md FCFA,2022T1,5,0,0.0,0,,A,"AR1 (ARCEP, observatoire trimestriel)",Togo Cellulaire
investissement,togocom,Togocom (Togo Cellulaire),,2021T2,0.889,Md FCFA,2022T2,5,0,0.0,0,,A,"AR1 (ARCEP, observatoire trimestriel)",Togo Cellulaire
investissement,togocom,Togocom (Togo Cellulaire),,2021T3,6.503,Md FCFA,2022T3,5,0,0.0,0,,A,"AR1 (ARCEP, observatoire trimestriel)",Togo Cellulaire
investissement,togocom,Togocom (Togo Cellulaire),,2021T4,2.28,Md FCFA,2022T4,5,0,0.0,0,,A,"AR1 (ARCEP, observatoire trimestriel)",Togo Cellulaire
investissement,togocom,Togocom (Togo Cellulaire),,2022T1,6.024,Md FCFA,2023T1,5,0,0.0,0,,A,"AR1 (ARCEP, observatoire trimestriel)",Togo Cellulaire
investissement,togocom,Togocom (Togo Cellulaire),,2022T2,4.778,Md FCFA,2023T2,5,0,0.0,0,,A,"AR1 (ARCEP, observatoire trimestriel)",Togo Cellulaire
investissement,togocom,Togocom (Togo Cellulaire),,2022T3,10.044,Md FCFA,2023T2,4,0,0.0,0,,A,"AR1 (ARCEP, observatoire trimestriel)",Togo Cellulaire
investissement,togocom,Togocom (Togo Cellulaire),,2022T4,9.534,Md FCFA,2023T2,3,0,0.0,0,,A,"AR1 (ARCEP, observatoire trimestriel)",Togo Cellulaire
investissement,togocom,Togocom (Togo Cellulaire),,2023T1,4.28,Md FCFA,2024T1,3,0,0.0,0,,A,"AR1 (ARCEP, observatoire trimestriel)",Togo Cellulaire
investissement,togocom,Togocom (Togo Cellulaire),,2023T2,4.51,Md FCFA,2024T2,3,1,46.59,0,,A,"AR1 (ARCEP, observatoire trimestriel)",Togo Cellulaire**
investissement,togocom,Togocom (Togo Cellulaire),,2023T3,13.736,Md FCFA,2024T3,3,1,41.98,0,,A,"AR1 (ARCEP, observatoire trimestriel)",Togo Cellulaire**
investissement,togocom,Togocom (Togo Cellulaire),,2023T4,17.91,Md FCFA,2024T4,4,1,38.91,0,,A,"AR1 (ARCEP, observatoire trimestriel)",Togo Cellulaire**
investissement,togocom,Togocom (Togo Cellulaire),,2024T1,3.181,Md FCFA,2025T1,5,1,6.44,0,,A,"AR1 (ARCEP, observatoire trimestriel)",Togo Cellulaire (YAS Togo)**
investissement,togocom,Togocom (Togo Cellulaire),,2024T2,4.855,Md FCFA,2025T2,5,0,0.0,0,,A,"AR1 (ARCEP, observatoire trimestriel)",Togo Cellulaire (YAS Togo)**
investissement,togocom,Togocom (Togo Cellulaire),,2024T3,7.276,Md FCFA,2025T3,5,0,0.0,0,,A,"AR1 (ARCEP, observatoire trimestriel)",Togo Cellulaire (YAS Togo)**
investissement,togocom,Togocom (Togo Cellulaire),,2024T4,4.696,Md FCFA,2025T4,5,0,0.0,0,,A,"AR1 (ARCEP, observatoire trimestriel)",Togo Cellulaire (YAS Togo)**
investissement,togocom,Togocom (Togo Cellulaire),,2025T1,1.689,Md FCFA,2026T1,5,0,0.0,0,,A,"AR1 (ARCEP, observatoire trimestriel)",Togo Cellulaire (YAS Togo)**
investissement,togocom,Togocom (Togo Cellulaire),,2025T2,3.159,Md FCFA,2026T2,5,0,0.0,0,,A,"AR1 (ARCEP, observatoire trimestriel)",Togo Cellulaire (YAS Togo)**
investissement,togocom,Togocom (Togo Cellulaire),,2025T3,1.281,Md FCFA,2026T2,4,0,0.0,0,,A,"AR1 (ARCEP, observatoire trimestriel)",Togo Cellulaire (YAS Togo)**
investissement,togocom,Togocom (Togo Cellulaire),,2025T4,14.33,Md FCFA,2026T2,3,0,0.0,0,,A,"AR1 (ARCEP, observatoire trimestriel)",Togo Cellulaire (YAS Togo)**
investissement,togocom,Togocom (Togo Cellulaire),,2026T1,12.159,Md FCFA,2026T2,2,0,0.0,0,,A,"AR1 (ARCEP, observatoire trimestriel)",Togo Cellulaire (YAS Togo)**
investissement,togocom,Togocom (Togo Cellulaire),,2026T2,11.887,Md FCFA,2026T2,1,0,0.0,0,,A,"AR1 (ARCEP, observatoire trimestriel)",Togo Cellulaire (YAS Togo)**
investissement,total_fixe,Total fixe,,2017T1,0.604,Md FCFA,2018T1,1,0,0.0,0,,A,"AR1 (ARCEP, observatoire trimestriel)",Total Fixe
investissement,total_fixe,Total fixe,,2017T2,0.551,Md FCFA,2018T2,2,0,0.0,0,,A,"AR1 (ARCEP, observatoire trimestriel)",Total Fixe
investissement,total_fixe,Total fixe,,2017T3,0.472,Md FCFA,2018T3,3,0,0.0,0,,A,"AR1 (ARCEP, observatoire trimestriel)",Invest. Total Fixe
investissement,total_fixe,Total fixe,,2017T4,1.011,Md FCFA,2018T4,4,0,0.0,0,,A,"AR1 (ARCEP, observatoire trimestriel)",Invest. Total Fixe
investissement,total_fixe,Total fixe,,2018T1,0.664,Md FCFA,2019T1,5,0,0.0,0,,A,"AR1 (ARCEP, observatoire trimestriel)",Invest. Total Fixe
investissement,total_fixe,Total fixe,,2018T2,1.207,Md FCFA,2019T2,5,0,0.0,0,,A,"AR1 (ARCEP, observatoire trimestriel)",Invest. Total Fixe
investissement,total_fixe,Total fixe,,2018T3,0.558,Md FCFA,2019T3,5,0,0.0,0,,A,"AR1 (ARCEP, observatoire trimestriel)",Invest. Total Fixe
investissement,total_fixe,Total fixe,,2018T4,0.262,Md FCFA,2019T4,5,0,0.0,0,,A,"AR1 (ARCEP, observatoire trimestriel)",Invest. Total Fixe
investissement,total_fixe,Total fixe,,2019T1,0.263,Md FCFA,2020T1,5,1,1.14,0,,A,"AR1 (ARCEP, observatoire trimestriel)",Total Fixe
investissement,total_fixe,Total fixe,,2019T2,1.111,Md FCFA,2020T2,5,0,0.0,0,,A,"AR1 (ARCEP, observatoire trimestriel)",Total Fixe
investissement,total_fixe,Total fixe,,2019T3,1.232,Md FCFA,2020T3,5,0,0.0,0,,A,"AR1 (ARCEP, observatoire trimestriel)",Invest. Total Fixe
investissement,total_fixe,Total fixe,,2019T4,0.878,Md FCFA,2020T4,5,0,0.0,0,,A,"AR1 (ARCEP, observatoire trimestriel)",Invest. Total Fixe
investissement,total_fixe,Total fixe,,2020T1,0.15,Md FCFA,2021T1,5,0,0.0,0,,A,"AR1 (ARCEP, observatoire trimestriel)",Invest. Total Fixe
investissement,total_fixe,Total fixe,,2020T2,1.01,Md FCFA,2021T2,5,1,0.3,0,,A,"AR1 (ARCEP, observatoire trimestriel)",Invest. Total Fixe
investissement,total_fixe,Total fixe,,2020T3,6.94,Md FCFA,2021T3,5,1,0.07,0,,A,"AR1 (ARCEP, observatoire trimestriel)",Invest. Total Fixe
investissement,total_fixe,Total fixe,,2020T4,2.17,Md FCFA,2021T4,5,1,0.18,0,,A,"AR1 (ARCEP, observatoire trimestriel)",Invest. Total Fixe
investissement,total_fixe,Total fixe,,2021T1,0.6,Md FCFA,2022T1,5,1,180.0,0,,A,"AR1 (ARCEP, observatoire trimestriel)",Invest. Total Fixe
investissement,total_fixe,Total fixe,,2021T2,1.27,Md FCFA,2022T2,5,1,85.83,0,,A,"AR1 (ARCEP, observatoire trimestriel)",Invest. Total Fixe
investissement,total_fixe,Total fixe,,2021T3,1.22,Md FCFA,2022T3,5,1,84.43,0,,A,"AR1 (ARCEP, observatoire trimestriel)",Invest. Total Fixe
investissement,total_fixe,Total fixe,,2021T4,4.18,Md FCFA,2022T4,5,1,25.84,0,,A,"AR1 (ARCEP, observatoire trimestriel)",Invest. Total Fixe
investissement,total_fixe,Total fixe,,2022T1,1.27,Md FCFA,2023T1,5,0,0.0,0,,A,"AR1 (ARCEP, observatoire trimestriel)",Invest. Total Fixe
investissement,total_fixe,Total fixe,,2022T2,1.6,Md FCFA,2023T2,5,0,0.0,0,,A,"AR1 (ARCEP, observatoire trimestriel)",Invest. Total Fixe
investissement,total_fixe,Total fixe,,2022T3,9.52,Md FCFA,2023T2,4,0,0.0,0,,A,"AR1 (ARCEP, observatoire trimestriel)",Invest. Total Fixe
investissement,total_fixe,Total fixe,,2022T4,3.8,Md FCFA,2023T2,3,0,0.0,0,,A,"AR1 (ARCEP, observatoire trimestriel)",Invest. Total Fixe
investissement,total_fixe,Total fixe,,2023T1,1.39,Md FCFA,2024T1,3,0,0.0,0,,A,"AR1 (ARCEP, observatoire trimestriel)",Invest. Total Fixe
investissement,total_fixe,Total fixe,,2023T2,4.25,Md FCFA,2024T2,3,1,91.29,0,,A,"AR1 (ARCEP, observatoire trimestriel)",Invest. Total Fixe
investissement,total_fixe,Total fixe,,2023T3,5.71,Md FCFA,2024T3,3,1,45.01,0,,A,"AR1 (ARCEP, observatoire trimestriel)",Invest. Total Fixe
investissement,total_fixe,Total fixe,,2023T4,6.22,Md FCFA,2024T4,4,1,37.14,0,,A,"AR1 (ARCEP, observatoire trimestriel)",Invest. Total Fixe
investissement,total_fixe,Total fixe,,2024T1,2.41,Md FCFA,2025T1,5,1,8.3,0,,A,"AR1 (ARCEP, observatoire trimestriel)",Invest. Total Fixe
investissement,total_fixe,Total fixe,,2024T2,3.42,Md FCFA,2025T2,5,0,0.0,0,,A,"AR1 (ARCEP, observatoire trimestriel)",Invest. Total Fixe
investissement,total_fixe,Total fixe,,2024T3,3.14,Md FCFA,2025T3,5,0,0.0,0,,A,"AR1 (ARCEP, observatoire trimestriel)",Invest. Total Fixe
investissement,total_fixe,Total fixe,,2024T4,3.83,Md FCFA,2025T4,5,0,0.0,0,,A,"AR1 (ARCEP, observatoire trimestriel)",Invest. Total Fixe
investissement,total_fixe,Total fixe,,2025T1,1.96,Md FCFA,2026T1,5,0,0.0,0,,A,"AR1 (ARCEP, observatoire trimestriel)",Invest. Total Fixe
investissement,total_fixe,Total fixe,,2025T2,2.44,Md FCFA,2026T2,5,0,0.0,0,,A,"AR1 (ARCEP, observatoire trimestriel)",Invest. Total Fixe
investissement,total_fixe,Total fixe,,2025T3,2.31,Md FCFA,2026T2,4,0,0.0,0,,A,"AR1 (ARCEP, observatoire trimestriel)",Invest. Total Fixe
investissement,total_fixe,Total fixe,,2025T4,2.16,Md FCFA,2026T2,3,0,0.0,0,,A,"AR1 (ARCEP, observatoire trimestriel)",Invest. Total Fixe
investissement,total_fixe,Total fixe,,2026T1,1.91,Md FCFA,2026T2,2,0,0.0,0,,A,"AR1 (ARCEP, observatoire trimestriel)",Invest. Total Fixe
investissement,total_fixe,Total fixe,,2026T2,1.94,Md FCFA,2026T2,1,0,0.0,0,,A,"AR1 (ARCEP, observatoire trimestriel)",Invest. Total Fixe
investissement,total_mobile,Total mobile,,2017T1,1.053,Md FCFA,2018T1,1,0,0.0,0,,A,"AR1 (ARCEP, observatoire trimestriel)",Total Mobile
investissement,total_mobile,Total mobile,,2017T2,5.748,Md FCFA,2018T2,2,0,0.0,0,,A,"AR1 (ARCEP, observatoire trimestriel)",Total Mobile
investissement,total_mobile,Total mobile,,2017T3,10.032,Md FCFA,2018T3,3,0,0.0,0,,A,"AR1 (ARCEP, observatoire trimestriel)",Invest. Total Mobile
investissement,total_mobile,Total mobile,,2017T4,30.54,Md FCFA,2018T4,4,0,0.0,0,,A,"AR1 (ARCEP, observatoire trimestriel)",Invest. Total Mobile
investissement,total_mobile,Total mobile,,2018T1,5.277,Md FCFA,2019T1,5,0,0.0,0,,A,"AR1 (ARCEP, observatoire trimestriel)",Invest. Total Mobile
investissement,total_mobile,Total mobile,,2018T2,32.817,Md FCFA,2019T2,5,1,5.66,0,,A,"AR1 (ARCEP, observatoire trimestriel)",Invest. Total Mobile
investissement,total_mobile,Total mobile,,2018T3,6.268,Md FCFA,2019T3,5,0,0.0,0,,A,"AR1 (ARCEP, observatoire trimestriel)",Invest. Total Mobile
investissement,total_mobile,Total mobile,,2018T4,21.487,Md FCFA,2019T4,5,0,0.0,0,,A,"AR1 (ARCEP, observatoire trimestriel)",Invest. Total Mobile
investissement,total_mobile,Total mobile,,2019T1,13.937,Md FCFA,2020T1,5,0,0.0,0,,A,"AR1 (ARCEP, observatoire trimestriel)",Total Mobile
investissement,total_mobile,Total mobile,,2019T2,12.31,Md FCFA,2020T2,5,0,0.0,0,,A,"AR1 (ARCEP, observatoire trimestriel)",Total Mobile
investissement,total_mobile,Total mobile,,2019T3,6.681,Md FCFA,2020T3,5,0,0.0,0,,A,"AR1 (ARCEP, observatoire trimestriel)",Invest. Total Mobile
investissement,total_mobile,Total mobile,,2019T4,12.102,Md FCFA,2020T4,5,0,0.0,0,,A,"AR1 (ARCEP, observatoire trimestriel)",Invest. Total Mobile
investissement,total_mobile,Total mobile,,2020T1,1.785,Md FCFA,2021T1,5,0,0.0,0,,A,"AR1 (ARCEP, observatoire trimestriel)",Invest. Total Mobile
investissement,total_mobile,Total mobile,,2020T2,6.311,Md FCFA,2021T2,5,0,0.0,0,,A,"AR1 (ARCEP, observatoire trimestriel)",Invest. Total Mobile
investissement,total_mobile,Total mobile,,2020T3,11.994,Md FCFA,2021T3,5,0,0.0,0,,A,"AR1 (ARCEP, observatoire trimestriel)",Invest. Total Mobile
investissement,total_mobile,Total mobile,,2020T4,9.312,Md FCFA,2021T4,5,0,0.0,0,,A,"AR1 (ARCEP, observatoire trimestriel)",Invest. Total Mobile
investissement,total_mobile,Total mobile,,2021T1,1.749,Md FCFA,2022T1,5,0,0.0,0,,A,"AR1 (ARCEP, observatoire trimestriel)",Invest. Total Mobile
investissement,total_mobile,Total mobile,,2021T2,5.048,Md FCFA,2022T2,5,0,0.0,0,,A,"AR1 (ARCEP, observatoire trimestriel)",Invest. Total Mobile
investissement,total_mobile,Total mobile,,2021T3,20.151,Md FCFA,2022T3,5,0,0.0,0,,A,"AR1 (ARCEP, observatoire trimestriel)",Invest. Total Mobile
investissement,total_mobile,Total mobile,,2021T4,19.605,Md FCFA,2022T4,5,0,0.0,0,,A,"AR1 (ARCEP, observatoire trimestriel)",Invest. Total Mobile
investissement,total_mobile,Total mobile,,2022T1,6.755,Md FCFA,2023T1,5,0,0.0,0,,A,"AR1 (ARCEP, observatoire trimestriel)",Invest. Total Mobile
investissement,total_mobile,Total mobile,,2022T2,11.485,Md FCFA,2023T2,5,0,0.0,0,,A,"AR1 (ARCEP, observatoire trimestriel)",Invest. Total Mobile
investissement,total_mobile,Total mobile,,2022T3,15.71,Md FCFA,2023T2,4,0,0.0,0,,A,"AR1 (ARCEP, observatoire trimestriel)",Invest. Total Mobile
investissement,total_mobile,Total mobile,,2022T4,14.811,Md FCFA,2023T2,3,0,0.0,0,,A,"AR1 (ARCEP, observatoire trimestriel)",Invest. Total Mobile
investissement,total_mobile,Total mobile,,2023T1,7.52,Md FCFA,2024T1,3,0,0.0,0,,A,"AR1 (ARCEP, observatoire trimestriel)",Invest. Total Mobile
investissement,total_mobile,Total mobile,,2023T2,6.815,Md FCFA,2024T2,3,1,30.83,0,,A,"AR1 (ARCEP, observatoire trimestriel)",Invest. Total Mobile
investissement,total_mobile,Total mobile,,2023T3,18.196,Md FCFA,2024T3,3,1,31.68,0,,A,"AR1 (ARCEP, observatoire trimestriel)",Invest. Total Mobile
investissement,total_mobile,Total mobile,,2023T4,25.494,Md FCFA,2024T4,4,1,27.34,0,,A,"AR1 (ARCEP, observatoire trimestriel)",Invest. Total Mobile
investissement,total_mobile,Total mobile,,2024T1,5.765,Md FCFA,2025T1,5,1,3.56,0,,A,"AR1 (ARCEP, observatoire trimestriel)",Invest. Total Mobile
investissement,total_mobile,Total mobile,,2024T2,6.778,Md FCFA,2025T2,5,0,0.0,0,,A,"AR1 (ARCEP, observatoire trimestriel)",Invest. Total Mobile
investissement,total_mobile,Total mobile,,2024T3,10.651,Md FCFA,2025T3,5,0,0.0,0,,A,"AR1 (ARCEP, observatoire trimestriel)",Invest. Total Mobile
investissement,total_mobile,Total mobile,,2024T4,14.742,Md FCFA,2025T4,5,0,0.0,0,,A,"AR1 (ARCEP, observatoire trimestriel)",Invest. Total Mobile
investissement,total_mobile,Total mobile,,2025T1,2.837,Md FCFA,2026T1,5,0,0.0,0,,A,"AR1 (ARCEP, observatoire trimestriel)",Invest. Total Mobile
investissement,total_mobile,Total mobile,,2025T2,4.252,Md FCFA,2026T2,5,0,0.0,0,,A,"AR1 (ARCEP, observatoire trimestriel)",Invest. Total Mobile
investissement,total_mobile,Total mobile,,2025T3,5.672,Md FCFA,2026T2,4,0,0.0,0,,A,"AR1 (ARCEP, observatoire trimestriel)",Invest. Total Mobile
investissement,total_mobile,Total mobile,,2025T4,21.486,Md FCFA,2026T2,3,0,0.0,0,,A,"AR1 (ARCEP, observatoire trimestriel)",Invest. Total Mobile
investissement,total_mobile,Total mobile,,2026T1,13.268,Md FCFA,2026T2,2,0,0.0,0,,A,"AR1 (ARCEP, observatoire trimestriel)",Invest. Total Mobile
investissement,total_mobile,Total mobile,,2026T2,13.249,Md FCFA,2026T2,1,0,0.0,0,,A,"AR1 (ARCEP, observatoire trimestriel)",Invest. Total Mobile
investissement,total_secteur,Secteur,,2017T1,1.656,Md FCFA,2018T1,1,0,0.0,0,,A,"AR1 (ARCEP, observatoire trimestriel)",Total du secteur
investissement,total_secteur,Secteur,,2017T2,6.299,Md FCFA,2018T1,1,0,0.0,0,,A,"AR1 (ARCEP, observatoire trimestriel)",Total du secteur
investissement,total_secteur,Secteur,,2017T3,10.504,Md FCFA,2018T3,2,1,99900.0,0,,A,"AR1 (ARCEP, observatoire trimestriel)",Invest. Total du secteur
investissement,total_secteur,Secteur,,2017T4,31.551,Md FCFA,2018T4,3,1,99900.0,0,,A,"AR1 (ARCEP, observatoire trimestriel)",Invest. Total du secteur
investissement,total_secteur,Secteur,,2018T1,5.941,Md FCFA,2019T1,4,1,99900.0,0,,A,"AR1 (ARCEP, observatoire trimestriel)",Invest. Total du secteur
investissement,total_secteur,Secteur,,2018T2,34.025,Md FCFA,2019T2,4,0,0.0,0,,A,"AR1 (ARCEP, observatoire trimestriel)",Invest. Total du secteur
investissement,total_secteur,Secteur,,2018T3,6.827,Md FCFA,2019T3,5,0,0.0,0,,A,"AR1 (ARCEP, observatoire trimestriel)",Invest. Total du secteur
investissement,total_secteur,Secteur,,2018T4,21.748,Md FCFA,2019T4,5,0,0.0,0,,A,"AR1 (ARCEP, observatoire trimestriel)",Invest. Total du secteur
investissement,total_secteur,Secteur,,2019T1,14.2,Md FCFA,2020T1,5,0,0.02,0,,A,"AR1 (ARCEP, observatoire trimestriel)",Total du secteur
investissement,total_secteur,Secteur,,2019T2,13.421,Md FCFA,2020T2,5,0,0.0,0,,A,"AR1 (ARCEP, observatoire trimestriel)",Total du secteur
investissement,total_secteur,Secteur,,2019T3,7.913,Md FCFA,2020T3,5,0,0.0,0,,A,"AR1 (ARCEP, observatoire trimestriel)",Invest. Total du secteur
investissement,total_secteur,Secteur,,2019T4,12.981,Md FCFA,2020T4,5,0,0.0,0,,A,"AR1 (ARCEP, observatoire trimestriel)",Invest. Total du secteur
investissement,total_secteur,Secteur,,2020T1,1.935,Md FCFA,2021T1,5,0,0.0,0,,A,"AR1 (ARCEP, observatoire trimestriel)",Invest. Total du secteur
investissement,total_secteur,Secteur,,2020T2,7.318,Md FCFA,2021T1,4,0,0.0,0,,A,"AR1 (ARCEP, observatoire trimestriel)",Invest. Total du secteur
investissement,total_secteur,Secteur,,2020T3,18.93,Md FCFA,2021T1,3,0,0.0,0,,A,"AR1 (ARCEP, observatoire trimestriel)",Invest. Total du secteur
investissement,total_secteur,Secteur,,2020T4,11.478,Md FCFA,2021T4,3,0,0.0,0,,A,"AR1 (ARCEP, observatoire trimestriel)",Invest. Total du secteur
investissement,total_secteur,Secteur,,2021T1,2.345,Md FCFA,2022T1,3,1,46.31,0,,A,"AR1 (ARCEP, observatoire trimestriel)",Invest. Total du secteur
investissement,total_secteur,Secteur,,2021T2,6.316,Md FCFA,2022T2,3,1,17.21,0,,A,"AR1 (ARCEP, observatoire trimestriel)",Invest. Total du secteur
investissement,total_secteur,Secteur,,2021T3,21.366,Md FCFA,2022T3,4,1,4.86,0,,A,"AR1 (ARCEP, observatoire trimestriel)",Invest. Total du secteur
investissement,total_secteur,Secteur,,2021T4,23.782,Md FCFA,2022T4,5,1,4.57,0,,A,"AR1 (ARCEP, observatoire trimestriel)",Invest. Total du secteur
investissement,total_secteur,Secteur,,2022T1,8.022,Md FCFA,2023T1,5,0,0.0,0,,A,"AR1 (ARCEP, observatoire trimestriel)",Invest. Total du secteur
investissement,total_secteur,Secteur,,2022T2,13.088,Md FCFA,2023T2,5,0,0.0,0,,A,"AR1 (ARCEP, observatoire trimestriel)",Invest. Total du secteur
investissement,total_secteur,Secteur,,2022T3,25.234,Md FCFA,2023T2,4,0,0.0,0,,A,"AR1 (ARCEP, observatoire trimestriel)",Invest. Total du secteur
investissement,total_secteur,Secteur,,2022T4,18.608,Md FCFA,2023T2,3,0,0.0,0,,A,"AR1 (ARCEP, observatoire trimestriel)",Invest. Total du secteur
investissement,total_secteur,Secteur,,2023T1,8.907,Md FCFA,2024T1,3,0,0.0,0,,A,"AR1 (ARCEP, observatoire trimestriel)",Invest. Total du secteur
investissement,total_secteur,Secteur,,2023T2,11.069,Md FCFA,2024T2,3,1,54.08,0,,A,"AR1 (ARCEP, observatoire trimestriel)",Invest. Total du secteur
investissement,total_secteur,Secteur,,2023T3,23.905,Md FCFA,2024T3,3,1,34.84,0,,A,"AR1 (ARCEP, observatoire trimestriel)",Invest. Total du secteur
investissement,total_secteur,Secteur,,2023T4,31.718,Md FCFA,2024T4,4,1,14.72,0,,A,"AR1 (ARCEP, observatoire trimestriel)",Invest. Total du secteur
investissement,total_secteur,Secteur,,2024T1,8.173,Md FCFA,2025T1,5,1,0.06,0,,A,"AR1 (ARCEP, observatoire trimestriel)",Invest. Total du secteur
investissement,total_secteur,Secteur,,2024T2,10.202,Md FCFA,2025T2,5,0,0.0,0,,A,"AR1 (ARCEP, observatoire trimestriel)",Invest. Total du secteur
investissement,total_secteur,Secteur,,2024T3,13.791,Md FCFA,2025T3,5,0,0.0,0,,A,"AR1 (ARCEP, observatoire trimestriel)",Invest. Total du secteur
investissement,total_secteur,Secteur,,2024T4,18.571,Md FCFA,2025T4,5,0,0.0,0,,A,"AR1 (ARCEP, observatoire trimestriel)",Invest. Total du secteur
investissement,total_secteur,Secteur,,2025T1,4.792,Md FCFA,2026T1,5,0,0.0,0,,A,"AR1 (ARCEP, observatoire trimestriel)",Invest. Total du secteur
investissement,total_secteur,Secteur,,2025T2,6.696,Md FCFA,2026T2,5,0,0.0,0,,A,"AR1 (ARCEP, observatoire trimestriel)",Invest. Total du secteur
investissement,total_secteur,Secteur,,2025T3,7.979,Md FCFA,2026T2,4,0,0.0,0,,A,"AR1 (ARCEP, observatoire trimestriel)",Invest. Total du secteur
investissement,total_secteur,Secteur,,2025T4,23.643,Md FCFA,2026T2,3,0,0.0,0,,A,"AR1 (ARCEP, observatoire trimestriel)",Invest. Total du secteur
investissement,total_secteur,Secteur,,2026T1,15.181,Md FCFA,2026T2,2,0,0.0,0,,A,"AR1 (ARCEP, observatoire trimestriel)",Invest. Total du secteur
investissement,total_secteur,Secteur,,2026T2,15.191,Md FCFA,2026T2,1,0,0.0,0,,A,"AR1 (ARCEP, observatoire trimestriel)",Invest. Total du secteur
mm_comptes,ensemble,Ensemble,,2020T3,4545347.0,comptes,2021T3,1,0,0.0,0,,A,"AR1 (ARCEP, observatoire trimestriel)",Total Abonnés Mobile Money
mm_comptes,ensemble,Ensemble,,2020T4,4282560.0,comptes,2021T3,1,0,0.0,0,,A,"AR1 (ARCEP, observatoire trimestriel)",Total Abonnés Mobile Money
mm_comptes,ensemble,Ensemble,,2021T1,2451172.0,comptes,2022T1,2,1,83.43,0,"révision de l'ARCEP (comptes Moov du T1 2021 : 3,35 M puis 1,31 M) ; T3-T4 2020 sur l'ancienne base, non comparables",A,"AR1 (ARCEP, observatoire trimestriel)",Total Abonnés Mobile Money
mm_comptes,ensemble,Ensemble,,2021T2,2402295.0,comptes,2022T2,3,1,93.63,0,,A,"AR1 (ARCEP, observatoire trimestriel)",Total Abonnés Mobile Money
mm_comptes,ensemble,Ensemble,,2021T3,2526489.0,comptes,2022T3,4,1,93.93,0,,A,"AR1 (ARCEP, observatoire trimestriel)",Total Abonnés Mobile Money
mm_comptes,ensemble,Ensemble,,2021T4,2608297.0,comptes,2022T4,4,0,0.0,0,,A,"AR1 (ARCEP, observatoire trimestriel)",Total Abonnés Mobile Money
mm_comptes,ensemble,Ensemble,,2022T1,2625788.0,comptes,2023T1,5,0,0.0,0,,A,"AR1 (ARCEP, observatoire trimestriel)",Total Abonnés Mobile Money
mm_comptes,ensemble,Ensemble,,2022T2,2727205.0,comptes,2023T2,5,0,0.0,0,,A,"AR1 (ARCEP, observatoire trimestriel)",Total Abonnés Mobile Money
mm_comptes,ensemble,Ensemble,,2022T3,2866191.0,comptes,2023T3,5,0,0.0,0,,A,"AR1 (ARCEP, observatoire trimestriel)",Total Abonnés Mobile Money
mm_comptes,ensemble,Ensemble,,2022T4,3005048.0,comptes,2023T4,5,0,0.0,0,,A,"AR1 (ARCEP, observatoire trimestriel)",Total Abonnés Mobile Money
mm_comptes,ensemble,Ensemble,,2023T1,3109666.0,comptes,2024T1,5,0,0.0,0,,A,"AR1 (ARCEP, observatoire trimestriel)",Total Abonnés Mobile Money
mm_comptes,ensemble,Ensemble,,2023T2,3187588.0,comptes,2024T2,5,0,0.0,0,,A,"AR1 (ARCEP, observatoire trimestriel)",Total Abonnés Mobile Money
mm_comptes,ensemble,Ensemble,,2023T3,3301983.0,comptes,2024T3,5,0,0.0,0,,A,"AR1 (ARCEP, observatoire trimestriel)",Total Abonnés Mobile Money
mm_comptes,ensemble,Ensemble,,2023T4,3399669.0,comptes,2024T4,5,0,0.0,0,,A,"AR1 (ARCEP, observatoire trimestriel)",Total Abonnés Mobile Money
mm_comptes,ensemble,Ensemble,,2024T1,3553872.0,comptes,2025T1,5,0,0.0,0,,A,"AR1 (ARCEP, observatoire trimestriel)",Total Abonnés Mobile Money
mm_comptes,ensemble,Ensemble,,2024T2,3834033.0,comptes,2025T2,5,0,0.0,0,,A,"AR1 (ARCEP, observatoire trimestriel)",Total Abonnés Mobile Money
mm_comptes,ensemble,Ensemble,,2024T3,4090690.0,comptes,2025T3,5,0,0.0,0,,A,"AR1 (ARCEP, observatoire trimestriel)",Total Abonnés Mobile Money
mm_comptes,ensemble,Ensemble,,2024T4,4270959.0,comptes,2025T4,5,0,0.0,0,,A,"AR1 (ARCEP, observatoire trimestriel)",Total Abonnés Mobile Money
mm_comptes,ensemble,Ensemble,,2025T1,4479384.0,comptes,2026T1,5,0,0.0,0,,A,"AR1 (ARCEP, observatoire trimestriel)",Total Comptes mobile money
mm_comptes,ensemble,Ensemble,,2025T2,4564881.0,comptes,2026T2,5,0,0.0,0,,A,"AR1 (ARCEP, observatoire trimestriel)",Total Comptes de mobile money
mm_comptes,ensemble,Ensemble,,2025T3,4957338.0,comptes,2026T2,4,0,0.0,0,,A,"AR1 (ARCEP, observatoire trimestriel)",Total Comptes de mobile money
mm_comptes,ensemble,Ensemble,,2025T4,5104779.0,comptes,2026T2,3,0,0.0,0,,A,"AR1 (ARCEP, observatoire trimestriel)",Total Comptes de mobile money
mm_comptes,ensemble,Ensemble,,2026T1,5201299.0,comptes,2026T2,2,0,0.0,0,,A,"AR1 (ARCEP, observatoire trimestriel)",Total Comptes de mobile money
mm_comptes,ensemble,Ensemble,,2026T2,5543749.0,comptes,2026T2,1,0,0.0,0,,A,"AR1 (ARCEP, observatoire trimestriel)",Total Comptes de mobile money
mm_comptes,moov,Moov Africa (Atlantique Telecom),,2020T3,3486736.0,comptes,2021T3,1,0,0.0,0,,A,"AR1 (ARCEP, observatoire trimestriel)",Abonnés Mobile Money de MAT
mm_comptes,moov,Moov Africa (Atlantique Telecom),,2020T4,3200539.0,comptes,2021T3,1,0,0.0,0,,A,"AR1 (ARCEP, observatoire trimestriel)",Abonnés Mobile Money de MAT
mm_comptes,moov,Moov Africa (Atlantique Telecom),,2021T1,1309132.0,comptes,2022T1,2,1,156.22,0,"révision de l'ARCEP (comptes Moov du T1 2021 : 3,35 M puis 1,31 M) ; T3-T4 2020 sur l'ancienne base, non comparables",A,"AR1 (ARCEP, observatoire trimestriel)",Moov Africa Togo
mm_comptes,moov,Moov Africa (Atlantique Telecom),,2021T2,1232549.0,comptes,2022T2,3,1,182.49,0,,A,"AR1 (ARCEP, observatoire trimestriel)",Moov Africa Togo
mm_comptes,moov,Moov Africa (Atlantique Telecom),,2021T3,1236987.0,comptes,2022T3,4,1,191.85,0,,A,"AR1 (ARCEP, observatoire trimestriel)",Moov Africa Togo
mm_comptes,moov,Moov Africa (Atlantique Telecom),,2021T4,1267682.0,comptes,2022T4,4,0,0.0,0,,A,"AR1 (ARCEP, observatoire trimestriel)",Moov Africa Togo
mm_comptes,moov,Moov Africa (Atlantique Telecom),,2022T1,1231422.0,comptes,2023T1,5,0,0.0,0,,A,"AR1 (ARCEP, observatoire trimestriel)",Moov Africa Togo
mm_comptes,moov,Moov Africa (Atlantique Telecom),,2022T2,1261452.0,comptes,2023T2,5,0,0.0,0,,A,"AR1 (ARCEP, observatoire trimestriel)",Moov Africa Togo
mm_comptes,moov,Moov Africa (Atlantique Telecom),,2022T3,1296877.0,comptes,2023T3,5,0,0.0,1,,A,"AR1 (ARCEP, observatoire trimestriel)",Moov Africa Togo
mm_comptes,moov,Moov Africa (Atlantique Telecom),,2022T4,1308703.0,comptes,2023T4,5,0,0.0,0,,A,"AR1 (ARCEP, observatoire trimestriel)",Moov Africa Togo
mm_comptes,moov,Moov Africa (Atlantique Telecom),,2023T1,1284037.0,comptes,2024T1,5,0,0.0,0,,A,"AR1 (ARCEP, observatoire trimestriel)",Moov Africa Togo
mm_comptes,moov,Moov Africa (Atlantique Telecom),,2023T2,1283110.0,comptes,2024T2,5,0,0.0,0,,A,"AR1 (ARCEP, observatoire trimestriel)",Moov Africa Togo
mm_comptes,moov,Moov Africa (Atlantique Telecom),,2023T3,1334816.0,comptes,2024T3,5,0,0.0,0,,A,"AR1 (ARCEP, observatoire trimestriel)",Moov Africa Togo
mm_comptes,moov,Moov Africa (Atlantique Telecom),,2023T4,1298463.0,comptes,2024T4,5,0,0.0,0,,A,"AR1 (ARCEP, observatoire trimestriel)",Moov Africa Togo
mm_comptes,moov,Moov Africa (Atlantique Telecom),,2024T1,1398546.0,comptes,2025T1,5,0,0.0,0,,A,"AR1 (ARCEP, observatoire trimestriel)",Flooz (Moov Africa Togo)
mm_comptes,moov,Moov Africa (Atlantique Telecom),,2024T2,1501085.0,comptes,2025T2,5,0,0.0,0,,A,"AR1 (ARCEP, observatoire trimestriel)",Flooz (Moov Africa Togo)
mm_comptes,moov,Moov Africa (Atlantique Telecom),,2024T3,1640020.0,comptes,2025T3,5,0,0.0,0,,A,"AR1 (ARCEP, observatoire trimestriel)",Flooz (Moov Africa Togo)
mm_comptes,moov,Moov Africa (Atlantique Telecom),,2024T4,1684829.0,comptes,2025T4,5,0,0.0,0,,A,"AR1 (ARCEP, observatoire trimestriel)",Flooz (Moov Africa Togo)
mm_comptes,moov,Moov Africa (Atlantique Telecom),,2025T1,1815982.0,comptes,2026T1,5,0,0.0,0,,A,"AR1 (ARCEP, observatoire trimestriel)",Flooz (Moov Africa Togo)
mm_comptes,moov,Moov Africa (Atlantique Telecom),,2025T2,1820654.0,comptes,2026T2,5,0,0.0,0,,A,"AR1 (ARCEP, observatoire trimestriel)",Flooz (Moov Africa Togo)
mm_comptes,moov,Moov Africa (Atlantique Telecom),,2025T3,2066401.0,comptes,2026T2,4,0,0.0,0,,A,"AR1 (ARCEP, observatoire trimestriel)",Flooz (Moov Africa Togo)
mm_comptes,moov,Moov Africa (Atlantique Telecom),,2025T4,2075541.0,comptes,2026T2,3,0,0.0,0,,A,"AR1 (ARCEP, observatoire trimestriel)",Flooz (Moov Africa Togo)
mm_comptes,moov,Moov Africa (Atlantique Telecom),,2026T1,2150011.0,comptes,2026T2,2,0,0.0,0,,A,"AR1 (ARCEP, observatoire trimestriel)",Flooz (Moov Africa Togo)
mm_comptes,moov,Moov Africa (Atlantique Telecom),,2026T2,2425368.0,comptes,2026T2,1,0,0.0,0,,A,"AR1 (ARCEP, observatoire trimestriel)",Flooz (Moov Africa Togo)
mm_comptes,togocom,Togocom (Togo Cellulaire),,2020T3,1058611.0,comptes,2021T3,1,0,0.0,0,,A,"AR1 (ARCEP, observatoire trimestriel)",Abonnés Mobile Money de TGC
mm_comptes,togocom,Togocom (Togo Cellulaire),,2020T4,1082021.0,comptes,2021T3,1,0,0.0,0,,A,"AR1 (ARCEP, observatoire trimestriel)",Abonnés Mobile Money de TGC
mm_comptes,togocom,Togocom (Togo Cellulaire),,2021T1,1142040.0,comptes,2022T1,2,0,0.0,0,"révision de l'ARCEP (comptes Moov du T1 2021 : 3,35 M puis 1,31 M) ; T3-T4 2020 sur l'ancienne base, non comparables",A,"AR1 (ARCEP, observatoire trimestriel)",Togo Cellulaire
mm_comptes,togocom,Togocom (Togo Cellulaire),,2021T2,1169746.0,comptes,2022T2,3,0,0.0,0,,A,"AR1 (ARCEP, observatoire trimestriel)",Togo Cellulaire
mm_comptes,togocom,Togocom (Togo Cellulaire),,2021T3,1289502.0,comptes,2022T3,4,0,0.0,0,,A,"AR1 (ARCEP, observatoire trimestriel)",Togo Cellulaire
mm_comptes,togocom,Togocom (Togo Cellulaire),,2021T4,1340615.0,comptes,2022T4,4,0,0.0,0,,A,"AR1 (ARCEP, observatoire trimestriel)",Togo Cellulaire
mm_comptes,togocom,Togocom (Togo Cellulaire),,2022T1,1394366.0,comptes,2023T1,5,0,0.0,0,,A,"AR1 (ARCEP, observatoire trimestriel)",Togo Cellulaire
mm_comptes,togocom,Togocom (Togo Cellulaire),,2022T2,1465753.0,comptes,2023T2,5,0,0.0,0,,A,"AR1 (ARCEP, observatoire trimestriel)",Togo Cellulaire
mm_comptes,togocom,Togocom (Togo Cellulaire),,2022T3,1569314.0,comptes,2023T3,5,0,0.0,1,,A,"AR1 (ARCEP, observatoire trimestriel)",Togo Cellulaire
mm_comptes,togocom,Togocom (Togo Cellulaire),,2022T4,1696345.0,comptes,2023T4,5,0,0.0,0,,A,"AR1 (ARCEP, observatoire trimestriel)",Togo Cellulaire
mm_comptes,togocom,Togocom (Togo Cellulaire),,2023T1,1825629.0,comptes,2024T1,5,0,0.0,0,,A,"AR1 (ARCEP, observatoire trimestriel)",Togo Cellulaire
mm_comptes,togocom,Togocom (Togo Cellulaire),,2023T2,1904478.0,comptes,2024T2,5,0,0.0,0,,A,"AR1 (ARCEP, observatoire trimestriel)",Togo Cellulaire
mm_comptes,togocom,Togocom (Togo Cellulaire),,2023T3,1967167.0,comptes,2024T3,5,0,0.0,0,,A,"AR1 (ARCEP, observatoire trimestriel)",Togo Cellulaire
mm_comptes,togocom,Togocom (Togo Cellulaire),,2023T4,2101206.0,comptes,2024T4,5,0,0.0,0,,A,"AR1 (ARCEP, observatoire trimestriel)",Togo Cellulaire
mm_comptes,togocom,Togocom (Togo Cellulaire),,2024T1,2155326.0,comptes,2025T1,5,0,0.0,0,,A,"AR1 (ARCEP, observatoire trimestriel)",Mixx (YAS Togo)
mm_comptes,togocom,Togocom (Togo Cellulaire),,2024T2,2332948.0,comptes,2025T2,5,0,0.0,0,,A,"AR1 (ARCEP, observatoire trimestriel)",Mixx (YAS Togo)
mm_comptes,togocom,Togocom (Togo Cellulaire),,2024T3,2450670.0,comptes,2025T3,5,0,0.0,0,,A,"AR1 (ARCEP, observatoire trimestriel)",Mixx (YAS Togo)
mm_comptes,togocom,Togocom (Togo Cellulaire),,2024T4,2586130.0,comptes,2025T4,5,0,0.0,0,,A,"AR1 (ARCEP, observatoire trimestriel)",Mixx (YAS Togo)
mm_comptes,togocom,Togocom (Togo Cellulaire),,2025T1,2663402.0,comptes,2026T1,5,0,0.0,0,,A,"AR1 (ARCEP, observatoire trimestriel)",Mixx (YAS Togo)
mm_comptes,togocom,Togocom (Togo Cellulaire),,2025T2,2744227.0,comptes,2026T2,5,0,0.0,0,,A,"AR1 (ARCEP, observatoire trimestriel)",Mixx (YAS Togo)
mm_comptes,togocom,Togocom (Togo Cellulaire),,2025T3,2890937.0,comptes,2026T2,4,0,0.0,0,,A,"AR1 (ARCEP, observatoire trimestriel)",Mixx (YAS Togo)
mm_comptes,togocom,Togocom (Togo Cellulaire),,2025T4,3029238.0,comptes,2026T2,3,0,0.0,0,,A,"AR1 (ARCEP, observatoire trimestriel)",Mixx (YAS Togo)
mm_comptes,togocom,Togocom (Togo Cellulaire),,2026T1,3051288.0,comptes,2026T2,2,0,0.0,0,,A,"AR1 (ARCEP, observatoire trimestriel)",Mixx (YAS Togo)
mm_comptes,togocom,Togocom (Togo Cellulaire),,2026T2,3118381.0,comptes,2026T2,1,0,0.0,0,,A,"AR1 (ARCEP, observatoire trimestriel)",Mixx (YAS Togo)
mm_nombre_transactions,ensemble,Ensemble,,2020T2,35.378013,millions,2021T2,1,0,0.0,0,,A,"AR1 (ARCEP, observatoire trimestriel)",Nombre Total de transactions
mm_nombre_transactions,ensemble,Ensemble,,2020T3,36.551981,millions,2021T3,2,0,0.0,0,,A,"AR1 (ARCEP, observatoire trimestriel)",Nombre Total de transactions
mm_nombre_transactions,ensemble,Ensemble,,2020T4,40.36434,millions,2021T3,2,0,0.0,0,,A,"AR1 (ARCEP, observatoire trimestriel)",Nombre Total de transactions
mm_nombre_transactions,ensemble,Ensemble,,2021T1,40.640641,millions,2022T1,3,0,0.0,0,,A,"AR1 (ARCEP, observatoire trimestriel)",Volume Total des transactions
mm_nombre_transactions,ensemble,Ensemble,,2021T2,43.46557,millions,2022T2,4,0,0.0,0,,A,"AR1 (ARCEP, observatoire trimestriel)",Volume Total des transactions
mm_nombre_transactions,ensemble,Ensemble,,2021T3,46.146993,millions,2022T3,4,0,0.0,0,,A,"AR1 (ARCEP, observatoire trimestriel)",Volume Total des transactions
mm_nombre_transactions,ensemble,Ensemble,,2021T4,50.244924,millions,2022T4,4,0,0.0,0,,A,"AR1 (ARCEP, observatoire trimestriel)",Volume Total des transactions
mm_nombre_transactions,ensemble,Ensemble,,2022T1,51.687783,millions,2023T1,5,0,0.0,0,,A,"AR1 (ARCEP, observatoire trimestriel)",Volume Total des transactions
mm_nombre_transactions,ensemble,Ensemble,,2022T2,56.879164,millions,2023T2,5,0,0.0,0,,A,"AR1 (ARCEP, observatoire trimestriel)",Volume Total des transactions
mm_nombre_transactions,ensemble,Ensemble,,2022T3,61.788661,millions,2023T2,4,0,0.0,0,,A,"AR1 (ARCEP, observatoire trimestriel)",Volume Total des transactions
mm_nombre_transactions,ensemble,Ensemble,,2022T4,70.29083,millions,2023T4,4,0,0.0,0,,A,"AR1 (ARCEP, observatoire trimestriel)",Volume Total des transactions
mm_nombre_transactions,ensemble,Ensemble,,2023T1,72.0,millions,2024T1,4,1,0.61,0,,A,"AR1 (ARCEP, observatoire trimestriel)",Volume Total des transactions
mm_nombre_transactions,ensemble,Ensemble,,2023T2,76.0,millions,2024T2,4,1,0.62,0,,A,"AR1 (ARCEP, observatoire trimestriel)",Volume Total des transactions
mm_nombre_transactions,ensemble,Ensemble,,2023T3,79.0,millions,2024T3,4,1,0.34,0,,A,"AR1 (ARCEP, observatoire trimestriel)",Volume Total des transactions
mm_nombre_transactions,ensemble,Ensemble,,2023T4,82.0,millions,2024T4,5,1,0.21,0,,A,"AR1 (ARCEP, observatoire trimestriel)",Volume Total des transactions
mm_nombre_transactions,ensemble,Ensemble,,2024T1,85.0,millions,2025T1,5,0,0.0,0,,A,"AR1 (ARCEP, observatoire trimestriel)",Volume total des transactions
mm_nombre_transactions,ensemble,Ensemble,,2024T2,93.0,millions,2025T2,5,0,0.0,0,,A,"AR1 (ARCEP, observatoire trimestriel)",Volume total des transactions
mm_nombre_transactions,ensemble,Ensemble,,2024T3,101.0,millions,2025T3,5,0,0.0,0,,A,"AR1 (ARCEP, observatoire trimestriel)",Volume total des transactions
mm_nombre_transactions,ensemble,Ensemble,,2024T4,110.0,millions,2025T4,5,0,0.0,0,,A,"AR1 (ARCEP, observatoire trimestriel)",Volume total des transactions
mm_nombre_transactions,ensemble,Ensemble,,2025T1,111.0,millions,2026T1,5,0,0.0,0,,A,"AR1 (ARCEP, observatoire trimestriel)",Volume total des transactions
mm_nombre_transactions,ensemble,Ensemble,,2025T2,117.0,millions,2026T2,5,0,0.0,0,,A,"AR1 (ARCEP, observatoire trimestriel)",Volume total des transactions
mm_nombre_transactions,ensemble,Ensemble,,2025T3,127.0,millions,2026T2,4,0,0.0,0,,A,"AR1 (ARCEP, observatoire trimestriel)",Volume total des transactions
mm_nombre_transactions,ensemble,Ensemble,,2025T4,138.0,millions,2026T2,3,0,0.0,0,,A,"AR1 (ARCEP, observatoire trimestriel)",Volume total des transactions
mm_nombre_transactions,ensemble,Ensemble,,2026T1,141.0,millions,2026T2,2,0,0.0,0,,A,"AR1 (ARCEP, observatoire trimestriel)",Volume total des transactions
mm_nombre_transactions,ensemble,Ensemble,,2026T2,179.0,millions,2026T2,1,0,0.0,0,,A,"AR1 (ARCEP, observatoire trimestriel)",Volume total des transactions
mm_nombre_transactions,moov,Moov Africa (Atlantique Telecom),,2020T2,18.835428,millions,2021T2,1,0,0.0,0,,A,"AR1 (ARCEP, observatoire trimestriel)",Nombre de transactions MAT
mm_nombre_transactions,moov,Moov Africa (Atlantique Telecom),,2020T3,18.244992,millions,2021T3,2,0,0.0,0,,A,"AR1 (ARCEP, observatoire trimestriel)",Nombre de transactions MAT
mm_nombre_transactions,moov,Moov Africa (Atlantique Telecom),,2020T4,21.844118,millions,2021T3,2,0,0.0,0,,A,"AR1 (ARCEP, observatoire trimestriel)",Nombre de transactions MAT
mm_nombre_transactions,moov,Moov Africa (Atlantique Telecom),,2021T1,21.2623,millions,2022T1,3,0,0.0,0,,A,"AR1 (ARCEP, observatoire trimestriel)",Moov Africa Togo
mm_nombre_transactions,moov,Moov Africa (Atlantique Telecom),,2021T2,21.955992,millions,2022T2,4,0,0.0,0,,A,"AR1 (ARCEP, observatoire trimestriel)",Moov Africa Togo
mm_nombre_transactions,moov,Moov Africa (Atlantique Telecom),,2021T3,21.13607,millions,2022T3,4,0,0.0,0,,A,"AR1 (ARCEP, observatoire trimestriel)",Moov Africa Togo
mm_nombre_transactions,moov,Moov Africa (Atlantique Telecom),,2021T4,22.915247,millions,2022T4,4,0,0.0,0,,A,"AR1 (ARCEP, observatoire trimestriel)",Moov Africa Togo
mm_nombre_transactions,moov,Moov Africa (Atlantique Telecom),,2022T1,22.337282,millions,2023T1,5,0,0.0,0,,A,"AR1 (ARCEP, observatoire trimestriel)",Moov Africa Togo
mm_nombre_transactions,moov,Moov Africa (Atlantique Telecom),,2022T2,22.856102,millions,2023T2,5,0,0.0,0,,A,"AR1 (ARCEP, observatoire trimestriel)",Moov Africa Togo
mm_nombre_transactions,moov,Moov Africa (Atlantique Telecom),,2022T3,22.884758,millions,2023T2,4,0,0.0,0,,A,"AR1 (ARCEP, observatoire trimestriel)",Moov Africa Togo
mm_nombre_transactions,moov,Moov Africa (Atlantique Telecom),,2022T4,23.575065,millions,2023T4,4,0,0.0,0,,A,"AR1 (ARCEP, observatoire trimestriel)",Moov Africa Togo
mm_nombre_transactions,moov,Moov Africa (Atlantique Telecom),,2023T1,22.0,millions,2024T1,4,1,0.65,0,,A,"AR1 (ARCEP, observatoire trimestriel)",Moov Africa Togo
mm_nombre_transactions,moov,Moov Africa (Atlantique Telecom),,2023T2,23.0,millions,2024T2,4,1,2.0,0,,A,"AR1 (ARCEP, observatoire trimestriel)",Moov Africa Togo
mm_nombre_transactions,moov,Moov Africa (Atlantique Telecom),,2023T3,25.0,millions,2024T3,4,1,0.76,0,,A,"AR1 (ARCEP, observatoire trimestriel)",Moov Africa Togo
mm_nombre_transactions,moov,Moov Africa (Atlantique Telecom),,2023T4,21.0,millions,2024T4,5,1,0.71,0,,A,"AR1 (ARCEP, observatoire trimestriel)",Moov Africa Togo
mm_nombre_transactions,moov,Moov Africa (Atlantique Telecom),,2024T1,22.0,millions,2025T1,5,0,0.0,0,,A,"AR1 (ARCEP, observatoire trimestriel)",Flooz (Moov Africa Togo)
mm_nombre_transactions,moov,Moov Africa (Atlantique Telecom),,2024T2,25.0,millions,2025T2,5,0,0.0,0,,A,"AR1 (ARCEP, observatoire trimestriel)",Flooz (Moov Africa Togo)
mm_nombre_transactions,moov,Moov Africa (Atlantique Telecom),,2024T3,29.0,millions,2025T3,5,0,0.0,0,,A,"AR1 (ARCEP, observatoire trimestriel)",Flooz (Moov Africa Togo)
mm_nombre_transactions,moov,Moov Africa (Atlantique Telecom),,2024T4,31.0,millions,2025T4,5,0,0.0,0,,A,"AR1 (ARCEP, observatoire trimestriel)",Flooz (Moov Africa Togo)
mm_nombre_transactions,moov,Moov Africa (Atlantique Telecom),,2025T1,32.0,millions,2026T1,5,0,0.0,0,,A,"AR1 (ARCEP, observatoire trimestriel)",Flooz (Moov Africa Togo)
mm_nombre_transactions,moov,Moov Africa (Atlantique Telecom),,2025T2,34.0,millions,2026T2,5,0,0.0,0,,A,"AR1 (ARCEP, observatoire trimestriel)",Flooz (Moov Africa Togo)
mm_nombre_transactions,moov,Moov Africa (Atlantique Telecom),,2025T3,34.0,millions,2026T2,4,0,0.0,0,,A,"AR1 (ARCEP, observatoire trimestriel)",Flooz (Moov Africa Togo)
mm_nombre_transactions,moov,Moov Africa (Atlantique Telecom),,2025T4,35.0,millions,2026T2,3,0,0.0,0,,A,"AR1 (ARCEP, observatoire trimestriel)",Flooz (Moov Africa Togo)
mm_nombre_transactions,moov,Moov Africa (Atlantique Telecom),,2026T1,35.0,millions,2026T2,2,0,0.0,0,,A,"AR1 (ARCEP, observatoire trimestriel)",Flooz (Moov Africa Togo)
mm_nombre_transactions,moov,Moov Africa (Atlantique Telecom),,2026T2,38.0,millions,2026T2,1,0,0.0,0,,A,"AR1 (ARCEP, observatoire trimestriel)",Flooz (Moov Africa Togo)
mm_nombre_transactions,togocom,Togocom (Togo Cellulaire),,2020T2,16.542585,millions,2021T2,1,0,0.0,0,,A,"AR1 (ARCEP, observatoire trimestriel)",Nombre de transactions TGC
mm_nombre_transactions,togocom,Togocom (Togo Cellulaire),,2020T3,18.306989,millions,2021T3,2,0,0.0,0,,A,"AR1 (ARCEP, observatoire trimestriel)",Nombre de transactions TGC
mm_nombre_transactions,togocom,Togocom (Togo Cellulaire),,2020T4,18.520222,millions,2021T3,2,0,0.0,0,,A,"AR1 (ARCEP, observatoire trimestriel)",Nombre de transactions TGC
mm_nombre_transactions,togocom,Togocom (Togo Cellulaire),,2021T1,19.378341,millions,2022T1,3,0,0.0,0,,A,"AR1 (ARCEP, observatoire trimestriel)",Togo Cellulaire
mm_nombre_transactions,togocom,Togocom (Togo Cellulaire),,2021T2,21.509578,millions,2022T2,4,0,0.0,0,,A,"AR1 (ARCEP, observatoire trimestriel)",Togo Cellulaire
mm_nombre_transactions,togocom,Togocom (Togo Cellulaire),,2021T3,25.010923,millions,2022T3,4,0,0.0,0,,A,"AR1 (ARCEP, observatoire trimestriel)",Togo Cellulaire
mm_nombre_transactions,togocom,Togocom (Togo Cellulaire),,2021T4,27.329677,millions,2022T4,4,0,0.0,0,,A,"AR1 (ARCEP, observatoire trimestriel)",Togo Cellulaire
mm_nombre_transactions,togocom,Togocom (Togo Cellulaire),,2022T1,29.350501,millions,2023T1,5,0,0.0,0,,A,"AR1 (ARCEP, observatoire trimestriel)",Togo Cellulaire
mm_nombre_transactions,togocom,Togocom (Togo Cellulaire),,2022T2,34.023062,millions,2023T2,5,0,0.0,0,,A,"AR1 (ARCEP, observatoire trimestriel)",Togo Cellulaire
mm_nombre_transactions,togocom,Togocom (Togo Cellulaire),,2022T3,38.903903,millions,2023T2,4,0,0.0,0,,A,"AR1 (ARCEP, observatoire trimestriel)",Togo Cellulaire
mm_nombre_transactions,togocom,Togocom (Togo Cellulaire),,2022T4,46.715765,millions,2023T4,4,0,0.0,0,,A,"AR1 (ARCEP, observatoire trimestriel)",Togo Cellulaire
mm_nombre_transactions,togocom,Togocom (Togo Cellulaire),,2023T1,51.0,millions,2024T1,4,1,0.82,0,,A,"AR1 (ARCEP, observatoire trimestriel)",Togo Cellulaire
mm_nombre_transactions,togocom,Togocom (Togo Cellulaire),,2023T2,53.0,millions,2024T2,4,0,0.03,0,,A,"AR1 (ARCEP, observatoire trimestriel)",Togo Cellulaire
mm_nombre_transactions,togocom,Togocom (Togo Cellulaire),,2023T3,54.0,millions,2024T3,4,1,0.14,0,,A,"AR1 (ARCEP, observatoire trimestriel)",Togo Cellulaire
mm_nombre_transactions,togocom,Togocom (Togo Cellulaire),,2023T4,61.0,millions,2024T4,5,1,0.52,0,,A,"AR1 (ARCEP, observatoire trimestriel)",Togo Cellulaire
mm_nombre_transactions,togocom,Togocom (Togo Cellulaire),,2024T1,63.0,millions,2025T1,5,0,0.0,0,,A,"AR1 (ARCEP, observatoire trimestriel)",Mixx (YAS Togo)
mm_nombre_transactions,togocom,Togocom (Togo Cellulaire),,2024T2,68.0,millions,2025T2,5,0,0.0,0,,A,"AR1 (ARCEP, observatoire trimestriel)",Mixx (YAS Togo)
mm_nombre_transactions,togocom,Togocom (Togo Cellulaire),,2024T3,72.0,millions,2025T3,5,0,0.0,0,,A,"AR1 (ARCEP, observatoire trimestriel)",Mixx (YAS Togo)
mm_nombre_transactions,togocom,Togocom (Togo Cellulaire),,2024T4,79.0,millions,2025T4,5,0,0.0,0,,A,"AR1 (ARCEP, observatoire trimestriel)",Mixx (YAS Togo)
mm_nombre_transactions,togocom,Togocom (Togo Cellulaire),,2025T1,79.0,millions,2026T1,5,0,0.0,0,,A,"AR1 (ARCEP, observatoire trimestriel)",Mixx (YAS Togo)
mm_nombre_transactions,togocom,Togocom (Togo Cellulaire),,2025T2,84.0,millions,2026T2,5,0,0.0,0,,A,"AR1 (ARCEP, observatoire trimestriel)",Mixx (YAS Togo)
mm_nombre_transactions,togocom,Togocom (Togo Cellulaire),,2025T3,93.0,millions,2026T2,4,0,0.0,0,,A,"AR1 (ARCEP, observatoire trimestriel)",Mixx (YAS Togo)
mm_nombre_transactions,togocom,Togocom (Togo Cellulaire),,2025T4,103.0,millions,2026T2,3,0,0.0,0,,A,"AR1 (ARCEP, observatoire trimestriel)",Mixx (YAS Togo)
mm_nombre_transactions,togocom,Togocom (Togo Cellulaire),,2026T1,106.0,millions,2026T2,2,0,0.0,0,,A,"AR1 (ARCEP, observatoire trimestriel)",Mixx (YAS Togo)
mm_nombre_transactions,togocom,Togocom (Togo Cellulaire),,2026T2,141.0,millions,2026T2,1,0,0.0,0,,A,"AR1 (ARCEP, observatoire trimestriel)",Mixx (YAS Togo)
mm_points_de_vente,ensemble,Ensemble,,2020T2,25516.0,points de vente,2021T2,1,0,0.0,0,,A,"AR1 (ARCEP, observatoire trimestriel)",Total Point de service Mobile Money
mm_points_de_vente,ensemble,Ensemble,,2020T3,27980.0,points de vente,2021T3,2,0,0.0,0,,A,"AR1 (ARCEP, observatoire trimestriel)",Total Point de service Mobile Money
mm_points_de_vente,ensemble,Ensemble,,2020T4,24289.0,points de vente,2021T3,2,0,0.0,0,,A,"AR1 (ARCEP, observatoire trimestriel)",Total Point de service Mobile Money
mm_points_de_vente,ensemble,Ensemble,,2021T1,25470.0,points de vente,2022T1,3,0,0.0,0,,A,"AR1 (ARCEP, observatoire trimestriel)",Total PDV Mobile Money
mm_points_de_vente,ensemble,Ensemble,,2021T2,28126.0,points de vente,2022T2,4,1,13.52,0,,A,"AR1 (ARCEP, observatoire trimestriel)",Total PDV Mobile Money
mm_points_de_vente,ensemble,Ensemble,,2021T3,30560.0,points de vente,2022T3,4,0,0.0,0,,A,"AR1 (ARCEP, observatoire trimestriel)",Total PDV Mobile Money
mm_points_de_vente,ensemble,Ensemble,,2021T4,33924.0,points de vente,2022T4,4,0,0.0,0,,A,"AR1 (ARCEP, observatoire trimestriel)",Total PDV Mobile Money
mm_points_de_vente,ensemble,Ensemble,,2022T1,34878.0,points de vente,2023T1,5,0,0.0,0,,A,"AR1 (ARCEP, observatoire trimestriel)",Total PDV Mobile Money
mm_points_de_vente,ensemble,Ensemble,,2022T2,36825.0,points de vente,2023T2,5,0,0.0,0,,A,"AR1 (ARCEP, observatoire trimestriel)",Total PDV Mobile Money
mm_points_de_vente,ensemble,Ensemble,,2022T3,38459.0,points de vente,2023T3,5,0,0.0,0,,A,"AR1 (ARCEP, observatoire trimestriel)",Total PDV Mobile Money
mm_points_de_vente,ensemble,Ensemble,,2022T4,38019.0,points de vente,2023T4,5,0,0.0,0,,A,"AR1 (ARCEP, observatoire trimestriel)",Total PDV Mobile Money
mm_points_de_vente,ensemble,Ensemble,,2023T1,42367.0,points de vente,2024T1,5,0,0.0,0,,A,"AR1 (ARCEP, observatoire trimestriel)",Total PDV Mobile Money
mm_points_de_vente,ensemble,Ensemble,,2023T2,43780.0,points de vente,2024T2,5,0,0.0,0,,A,"AR1 (ARCEP, observatoire trimestriel)",Total PDV Mobile Money
mm_points_de_vente,ensemble,Ensemble,,2023T3,45187.0,points de vente,2024T3,5,0,0.0,0,,A,"AR1 (ARCEP, observatoire trimestriel)",Total PDV Mobile Money
mm_points_de_vente,ensemble,Ensemble,,2023T4,43689.0,points de vente,2024T4,5,0,0.0,0,,A,"AR1 (ARCEP, observatoire trimestriel)",Total PDV Mobile Money
mm_points_de_vente,ensemble,Ensemble,,2024T1,45178.0,points de vente,2025T1,5,0,0.0,0,,A,"AR1 (ARCEP, observatoire trimestriel)",Total PDV Mobile Money
mm_points_de_vente,ensemble,Ensemble,,2024T2,45994.0,points de vente,2025T2,5,0,0.0,0,,A,"AR1 (ARCEP, observatoire trimestriel)",Total PDV Mobile Money
mm_points_de_vente,ensemble,Ensemble,,2024T3,47624.0,points de vente,2025T3,5,0,0.0,0,,A,"AR1 (ARCEP, observatoire trimestriel)",Total PDV Mobile Money
mm_points_de_vente,ensemble,Ensemble,,2024T4,49916.0,points de vente,2025T4,5,0,0.0,0,,A,"AR1 (ARCEP, observatoire trimestriel)",Total points de vente
mm_points_de_vente,ensemble,Ensemble,,2025T1,50937.0,points de vente,2026T1,5,0,0.0,0,,A,"AR1 (ARCEP, observatoire trimestriel)",Total PDV Mobile Money
mm_points_de_vente,ensemble,Ensemble,,2025T2,53978.0,points de vente,2026T2,5,0,0.0,0,,A,"AR1 (ARCEP, observatoire trimestriel)",Total PDV Mobile Money
mm_points_de_vente,ensemble,Ensemble,,2025T3,56222.0,points de vente,2026T2,4,0,0.0,0,,A,"AR1 (ARCEP, observatoire trimestriel)",Total PDV Mobile Money
mm_points_de_vente,ensemble,Ensemble,,2025T4,59855.0,points de vente,2026T2,3,0,0.0,0,,A,"AR1 (ARCEP, observatoire trimestriel)",Total PDV Mobile Money
mm_points_de_vente,ensemble,Ensemble,,2026T1,61157.0,points de vente,2026T2,2,0,0.0,0,,A,"AR1 (ARCEP, observatoire trimestriel)",Total PDV Mobile Money
mm_points_de_vente,ensemble,Ensemble,,2026T2,64540.0,points de vente,2026T2,1,0,0.0,0,,A,"AR1 (ARCEP, observatoire trimestriel)",Total PDV Mobile Money
mm_points_de_vente,moov,Moov Africa (Atlantique Telecom),,2020T2,10627.0,points de vente,2021T2,1,0,0.0,0,,A,"AR1 (ARCEP, observatoire trimestriel)",Point de service Mobile Money de MAT
mm_points_de_vente,moov,Moov Africa (Atlantique Telecom),,2020T3,11264.0,points de vente,2021T3,2,0,0.0,0,,A,"AR1 (ARCEP, observatoire trimestriel)",Point de service Mobile Money de MAT
mm_points_de_vente,moov,Moov Africa (Atlantique Telecom),,2020T4,11722.0,points de vente,2021T3,2,0,0.0,0,,A,"AR1 (ARCEP, observatoire trimestriel)",Point de service Mobile Money de MAT
mm_points_de_vente,moov,Moov Africa (Atlantique Telecom),,2021T1,12183.0,points de vente,2022T1,3,0,0.0,0,,A,"AR1 (ARCEP, observatoire trimestriel)",Moov Africa Togo
mm_points_de_vente,moov,Moov Africa (Atlantique Telecom),,2021T2,12557.0,points de vente,2022T2,4,0,0.0,0,,A,"AR1 (ARCEP, observatoire trimestriel)",Moov Africa Togo
mm_points_de_vente,moov,Moov Africa (Atlantique Telecom),,2021T3,14132.0,points de vente,2022T3,4,0,0.0,0,,A,"AR1 (ARCEP, observatoire trimestriel)",Moov Africa Togo
mm_points_de_vente,moov,Moov Africa (Atlantique Telecom),,2021T4,15165.0,points de vente,2022T4,4,0,0.0,0,,A,"AR1 (ARCEP, observatoire trimestriel)",Moov Africa Togo
mm_points_de_vente,moov,Moov Africa (Atlantique Telecom),,2022T1,15342.0,points de vente,2023T1,5,0,0.0,0,,A,"AR1 (ARCEP, observatoire trimestriel)",Moov Africa Togo
mm_points_de_vente,moov,Moov Africa (Atlantique Telecom),,2022T2,15699.0,points de vente,2023T2,5,0,0.0,0,,A,"AR1 (ARCEP, observatoire trimestriel)",Moov Africa Togo
mm_points_de_vente,moov,Moov Africa (Atlantique Telecom),,2022T3,15803.0,points de vente,2023T2,4,0,0.0,0,,A,"AR1 (ARCEP, observatoire trimestriel)",Moov Africa Togo
mm_points_de_vente,moov,Moov Africa (Atlantique Telecom),,2022T4,16620.0,points de vente,2023T4,4,0,0.0,0,,A,"AR1 (ARCEP, observatoire trimestriel)",Moov Africa Togo
mm_points_de_vente,moov,Moov Africa (Atlantique Telecom),,2023T1,16662.0,points de vente,2024T1,4,0,0.0,0,,A,"AR1 (ARCEP, observatoire trimestriel)",Moov Africa Togo
mm_points_de_vente,moov,Moov Africa (Atlantique Telecom),,2023T2,16813.0,points de vente,2024T2,4,0,0.0,0,,A,"AR1 (ARCEP, observatoire trimestriel)",Moov Africa Togo
mm_points_de_vente,moov,Moov Africa (Atlantique Telecom),,2023T3,16993.0,points de vente,2024T3,4,0,0.0,0,,A,"AR1 (ARCEP, observatoire trimestriel)",Moov Africa Togo
mm_points_de_vente,moov,Moov Africa (Atlantique Telecom),,2023T4,17704.0,points de vente,2024T4,5,0,0.0,0,,A,"AR1 (ARCEP, observatoire trimestriel)",Moov Africa Togo
mm_points_de_vente,moov,Moov Africa (Atlantique Telecom),,2024T1,18175.0,points de vente,2025T1,5,0,0.0,0,,A,"AR1 (ARCEP, observatoire trimestriel)",Flooz (Moov Africa Togo)
mm_points_de_vente,moov,Moov Africa (Atlantique Telecom),,2024T2,18169.0,points de vente,2025T2,5,0,0.0,0,,A,"AR1 (ARCEP, observatoire trimestriel)",Flooz (Moov Africa Togo)
mm_points_de_vente,moov,Moov Africa (Atlantique Telecom),,2024T3,18515.0,points de vente,2025T3,5,0,0.0,0,,A,"AR1 (ARCEP, observatoire trimestriel)",Flooz (Moov Africa Togo)
mm_points_de_vente,moov,Moov Africa (Atlantique Telecom),,2024T4,20172.0,points de vente,2025T4,4,0,0.0,0,,A,"AR1 (ARCEP, observatoire trimestriel)",Flooz (Moov Africa Togo)
mm_points_de_vente,moov,Moov Africa (Atlantique Telecom),,2025T1,20578.0,points de vente,2026T1,5,0,0.0,0,,A,"AR1 (ARCEP, observatoire trimestriel)",Flooz (Moov Africa Togo)
mm_points_de_vente,moov,Moov Africa (Atlantique Telecom),,2025T2,22641.0,points de vente,2026T2,5,0,0.0,0,,A,"AR1 (ARCEP, observatoire trimestriel)",Flooz (Moov Africa Togo)
mm_points_de_vente,moov,Moov Africa (Atlantique Telecom),,2025T3,23649.0,points de vente,2026T2,4,0,0.0,0,,A,"AR1 (ARCEP, observatoire trimestriel)",Flooz (Moov Africa Togo)
mm_points_de_vente,moov,Moov Africa (Atlantique Telecom),,2025T4,26196.0,points de vente,2026T2,3,0,0.0,0,,A,"AR1 (ARCEP, observatoire trimestriel)",Flooz (Moov Africa Togo)
mm_points_de_vente,moov,Moov Africa (Atlantique Telecom),,2026T1,26999.0,points de vente,2026T2,2,0,0.0,0,,A,"AR1 (ARCEP, observatoire trimestriel)",Flooz (Moov Africa Togo)
mm_points_de_vente,moov,Moov Africa (Atlantique Telecom),,2026T2,29549.0,points de vente,2026T2,1,0,0.0,0,,A,"AR1 (ARCEP, observatoire trimestriel)",Flooz (Moov Africa Togo)
mm_points_de_vente,togocom,Togocom (Togo Cellulaire),,2020T2,14889.0,points de vente,2021T2,1,0,0.0,0,,A,"AR1 (ARCEP, observatoire trimestriel)",Point de service Mobile Money de TGC
mm_points_de_vente,togocom,Togocom (Togo Cellulaire),,2020T3,16716.0,points de vente,2021T3,2,0,0.0,0,,A,"AR1 (ARCEP, observatoire trimestriel)",Point de service Mobile Money de TGC
mm_points_de_vente,togocom,Togocom (Togo Cellulaire),,2020T4,12567.0,points de vente,2021T3,2,0,0.0,0,,A,"AR1 (ARCEP, observatoire trimestriel)",Point de service Mobile Money de TGC
mm_points_de_vente,togocom,Togocom (Togo Cellulaire),,2021T1,13287.0,points de vente,2022T1,3,0,0.0,0,,A,"AR1 (ARCEP, observatoire trimestriel)",Togo Cellulaire
mm_points_de_vente,togocom,Togocom (Togo Cellulaire),,2021T2,15569.0,points de vente,2022T2,4,1,24.42,0,,A,"AR1 (ARCEP, observatoire trimestriel)",Togo Cellulaire
mm_points_de_vente,togocom,Togocom (Togo Cellulaire),,2021T3,16428.0,points de vente,2022T3,4,0,0.0,0,,A,"AR1 (ARCEP, observatoire trimestriel)",Togo Cellulaire
mm_points_de_vente,togocom,Togocom (Togo Cellulaire),,2021T4,18759.0,points de vente,2022T4,4,0,0.0,0,,A,"AR1 (ARCEP, observatoire trimestriel)",Togo Cellulaire
mm_points_de_vente,togocom,Togocom (Togo Cellulaire),,2022T1,19536.0,points de vente,2023T1,5,0,0.0,0,,A,"AR1 (ARCEP, observatoire trimestriel)",Togo Cellulaire
mm_points_de_vente,togocom,Togocom (Togo Cellulaire),,2022T2,21126.0,points de vente,2023T2,5,0,0.0,0,,A,"AR1 (ARCEP, observatoire trimestriel)",Togo Cellulaire
mm_points_de_vente,togocom,Togocom (Togo Cellulaire),,2022T3,22656.0,points de vente,2023T2,4,0,0.0,0,,A,"AR1 (ARCEP, observatoire trimestriel)",Togo Cellulaire
mm_points_de_vente,togocom,Togocom (Togo Cellulaire),,2022T4,21399.0,points de vente,2023T4,4,0,0.0,0,,A,"AR1 (ARCEP, observatoire trimestriel)",Togo Cellulaire * Points de vente
mm_points_de_vente,togocom,Togocom (Togo Cellulaire),,2023T1,25705.0,points de vente,2024T1,4,0,0.0,0,,A,"AR1 (ARCEP, observatoire trimestriel)",Togo Cellulaire
mm_points_de_vente,togocom,Togocom (Togo Cellulaire),,2023T2,26967.0,points de vente,2024T2,4,0,0.0,0,,A,"AR1 (ARCEP, observatoire trimestriel)",Togo Cellulaire
mm_points_de_vente,togocom,Togocom (Togo Cellulaire),,2023T3,28194.0,points de vente,2024T3,4,0,0.0,0,,A,"AR1 (ARCEP, observatoire trimestriel)",Togo Cellulaire
mm_points_de_vente,togocom,Togocom (Togo Cellulaire),,2023T4,25985.0,points de vente,2024T4,5,0,0.0,0,,A,"AR1 (ARCEP, observatoire trimestriel)",Togo Cellulaire
mm_points_de_vente,togocom,Togocom (Togo Cellulaire),,2024T1,27003.0,points de vente,2025T1,5,0,0.0,0,,A,"AR1 (ARCEP, observatoire trimestriel)",Mixx (YAS Togo)
mm_points_de_vente,togocom,Togocom (Togo Cellulaire),,2024T2,27825.0,points de vente,2025T2,5,0,0.0,0,,A,"AR1 (ARCEP, observatoire trimestriel)",Mixx (YAS Togo)
mm_points_de_vente,togocom,Togocom (Togo Cellulaire),,2024T3,29109.0,points de vente,2025T3,5,0,0.0,0,,A,"AR1 (ARCEP, observatoire trimestriel)",Mixx (YAS Togo)
mm_points_de_vente,togocom,Togocom (Togo Cellulaire),,2024T4,29744.0,points de vente,2025T4,5,0,0.0,0,,A,"AR1 (ARCEP, observatoire trimestriel)",Mixx (YAS Togo)
mm_points_de_vente,togocom,Togocom (Togo Cellulaire),,2025T1,30359.0,points de vente,2026T1,5,0,0.0,0,,A,"AR1 (ARCEP, observatoire trimestriel)",Mixx (YAS Togo)
mm_points_de_vente,togocom,Togocom (Togo Cellulaire),,2025T2,31337.0,points de vente,2026T2,5,0,0.0,0,,A,"AR1 (ARCEP, observatoire trimestriel)",Mixx (YAS Togo)
mm_points_de_vente,togocom,Togocom (Togo Cellulaire),,2025T3,32573.0,points de vente,2026T2,4,0,0.0,0,,A,"AR1 (ARCEP, observatoire trimestriel)",Mixx (YAS Togo)
mm_points_de_vente,togocom,Togocom (Togo Cellulaire),,2025T4,33659.0,points de vente,2026T2,3,0,0.0,0,,A,"AR1 (ARCEP, observatoire trimestriel)",Mixx (YAS Togo)
mm_points_de_vente,togocom,Togocom (Togo Cellulaire),,2026T1,34158.0,points de vente,2026T2,2,0,0.0,0,,A,"AR1 (ARCEP, observatoire trimestriel)",Mixx (YAS Togo)
mm_points_de_vente,togocom,Togocom (Togo Cellulaire),,2026T2,34991.0,points de vente,2026T2,1,0,0.0,0,,A,"AR1 (ARCEP, observatoire trimestriel)",Mixx (YAS Togo)
mm_valeur_transactions,ensemble,Ensemble,,2020T2,340.93,Md FCFA,2021T2,1,0,0.0,0,,A,"AR1 (ARCEP, observatoire trimestriel)",Valeur Total des transactions
mm_valeur_transactions,ensemble,Ensemble,,2020T3,377.841,Md FCFA,2021T3,2,0,0.0,0,,A,"AR1 (ARCEP, observatoire trimestriel)",Valeur Total des transactions
mm_valeur_transactions,ensemble,Ensemble,,2020T4,451.686,Md FCFA,2021T3,2,0,0.0,0,,A,"AR1 (ARCEP, observatoire trimestriel)",Valeur Total des transactions
mm_valeur_transactions,ensemble,Ensemble,,2021T1,428.492005599,Md FCFA,2022T1,3,0,0.0,0,,A,"AR1 (ARCEP, observatoire trimestriel)",Valeur Total des transactions
mm_valeur_transactions,ensemble,Ensemble,,2021T2,462.102422756,Md FCFA,2022T2,4,0,0.0,0,,A,"AR1 (ARCEP, observatoire trimestriel)",Valeur Total des transactions
mm_valeur_transactions,ensemble,Ensemble,,2021T3,485.947299125,Md FCFA,2022T3,3,0,0.0,0,,A,"AR1 (ARCEP, observatoire trimestriel)",Valeur Total des transactions
mm_valeur_transactions,ensemble,Ensemble,,2021T4,571.857793834,Md FCFA,2022T4,3,0,0.0,0,,A,"AR1 (ARCEP, observatoire trimestriel)",Valeur Total des transactions
mm_valeur_transactions,ensemble,Ensemble,,2022T1,602.810990218,Md FCFA,2023T1,4,0,0.0,0,,A,"AR1 (ARCEP, observatoire trimestriel)",Valeur Total des transactions
mm_valeur_transactions,ensemble,Ensemble,,2022T2,662.315735509,Md FCFA,2023T2,4,0,0.0,0,,A,"AR1 (ARCEP, observatoire trimestriel)",Valeur Total des transactions
mm_valeur_transactions,ensemble,Ensemble,,2022T3,735.0,Md FCFA,2023T3,4,0,0.02,1,,A,"AR1 (ARCEP, observatoire trimestriel)",Valeur total des transactions
mm_valeur_transactions,ensemble,Ensemble,,2022T4,868.0,Md FCFA,2023T4,4,0,0.05,0,,A,"AR1 (ARCEP, observatoire trimestriel)",Valeur Total des transactions
mm_valeur_transactions,ensemble,Ensemble,,2023T1,887.0,Md FCFA,2024T1,5,0,0.03,0,,A,"AR1 (ARCEP, observatoire trimestriel)",Valeur Total des transactions
mm_valeur_transactions,ensemble,Ensemble,,2023T2,868.0,Md FCFA,2024T2,5,0,0.0,0,,A,"AR1 (ARCEP, observatoire trimestriel)",Valeur Total des transactions
mm_valeur_transactions,ensemble,Ensemble,,2023T3,879.0,Md FCFA,2024T3,5,0,0.0,0,,A,"AR1 (ARCEP, observatoire trimestriel)",Valeur Total des transactions
mm_valeur_transactions,ensemble,Ensemble,,2023T4,896.0,Md FCFA,2024T4,5,0,0.0,0,,A,"AR1 (ARCEP, observatoire trimestriel)",Valeur Total des transactions
mm_valeur_transactions,ensemble,Ensemble,,2024T1,917.0,Md FCFA,2025T1,5,0,0.0,0,,A,"AR1 (ARCEP, observatoire trimestriel)",Valeur totale des transactions
mm_valeur_transactions,ensemble,Ensemble,,2024T2,985.0,Md FCFA,2025T2,5,0,0.0,0,,A,"AR1 (ARCEP, observatoire trimestriel)",Valeur totale des transactions
mm_valeur_transactions,ensemble,Ensemble,,2024T3,1054.0,Md FCFA,2025T3,5,0,0.0,0,,A,"AR1 (ARCEP, observatoire trimestriel)",Valeur totale des transactions
mm_valeur_transactions,ensemble,Ensemble,,2024T4,1201.0,Md FCFA,2025T4,5,0,0.0,0,,A,"AR1 (ARCEP, observatoire trimestriel)",Valeur totale des transactions
mm_valeur_transactions,ensemble,Ensemble,,2025T1,1211.0,Md FCFA,2026T1,5,0,0.0,0,,A,"AR1 (ARCEP, observatoire trimestriel)",Valeur totale des transactions
mm_valeur_transactions,ensemble,Ensemble,,2025T2,1300.0,Md FCFA,2026T2,5,0,0.0,0,,A,"AR1 (ARCEP, observatoire trimestriel)",Valeur totale des transactions
mm_valeur_transactions,ensemble,Ensemble,,2025T3,1398.0,Md FCFA,2026T2,4,0,0.0,0,,A,"AR1 (ARCEP, observatoire trimestriel)",Valeur totale des transactions
mm_valeur_transactions,ensemble,Ensemble,,2025T4,1572.0,Md FCFA,2026T2,3,0,0.0,0,,A,"AR1 (ARCEP, observatoire trimestriel)",Valeur totale des transactions
mm_valeur_transactions,ensemble,Ensemble,,2026T1,1844.0,Md FCFA,2026T2,2,0,0.0,0,,A,"AR1 (ARCEP, observatoire trimestriel)",Valeur totale des transactions
mm_valeur_transactions,ensemble,Ensemble,,2026T2,1968.0,Md FCFA,2026T2,1,0,0.0,0,,A,"AR1 (ARCEP, observatoire trimestriel)",Valeur totale des transactions
mm_valeur_transactions,moov,Moov Africa (Atlantique Telecom),,2020T2,205.598,Md FCFA,2021T2,1,0,0.0,0,,A,"AR1 (ARCEP, observatoire trimestriel)",Valeur des transactions MAT
mm_valeur_transactions,moov,Moov Africa (Atlantique Telecom),,2020T3,214.503,Md FCFA,2021T3,2,0,0.0,0,,A,"AR1 (ARCEP, observatoire trimestriel)",Valeur des transactions MAT
mm_valeur_transactions,moov,Moov Africa (Atlantique Telecom),,2020T4,283.965,Md FCFA,2021T3,2,0,0.0,0,,A,"AR1 (ARCEP, observatoire trimestriel)",Valeur des transactions MAT
mm_valeur_transactions,moov,Moov Africa (Atlantique Telecom),,2021T1,272.143909879,Md FCFA,2022T1,3,0,0.0,0,,A,"AR1 (ARCEP, observatoire trimestriel)",Moov Africa Togo
mm_valeur_transactions,moov,Moov Africa (Atlantique Telecom),,2021T2,277.255274763,Md FCFA,2022T2,4,0,0.0,0,,A,"AR1 (ARCEP, observatoire trimestriel)",Moov Africa Togo
mm_valeur_transactions,moov,Moov Africa (Atlantique Telecom),,2021T3,268.990930763,Md FCFA,2022T3,4,0,0.0,0,,A,"AR1 (ARCEP, observatoire trimestriel)",Moov Africa Togo
mm_valeur_transactions,moov,Moov Africa (Atlantique Telecom),,2021T4,318.785675319,Md FCFA,2022T4,4,0,0.0,0,,A,"AR1 (ARCEP, observatoire trimestriel)",Moov Africa Togo
mm_valeur_transactions,moov,Moov Africa (Atlantique Telecom),,2022T1,306.089054979,Md FCFA,2023T1,5,0,0.0,0,,A,"AR1 (ARCEP, observatoire trimestriel)",Moov Africa Togo
mm_valeur_transactions,moov,Moov Africa (Atlantique Telecom),,2022T2,303.489304083,Md FCFA,2023T2,5,0,0.0,0,,A,"AR1 (ARCEP, observatoire trimestriel)",Moov Africa Togo
mm_valeur_transactions,moov,Moov Africa (Atlantique Telecom),,2022T3,310.0,Md FCFA,2023T3,5,1,0.09,1,,A,"AR1 (ARCEP, observatoire trimestriel)",Moov Africa Togo
mm_valeur_transactions,moov,Moov Africa (Atlantique Telecom),,2022T4,328.0,Md FCFA,2023T4,5,1,0.14,0,,A,"AR1 (ARCEP, observatoire trimestriel)",Moov Africa Togo
mm_valeur_transactions,moov,Moov Africa (Atlantique Telecom),,2023T1,305.0,Md FCFA,2024T1,5,1,0.13,0,,A,"AR1 (ARCEP, observatoire trimestriel)",Moov Africa Togo
mm_valeur_transactions,moov,Moov Africa (Atlantique Telecom),,2023T2,301.0,Md FCFA,2024T2,5,1,0.08,0,,A,"AR1 (ARCEP, observatoire trimestriel)",Moov Africa Togo
mm_valeur_transactions,moov,Moov Africa (Atlantique Telecom),,2023T3,326.0,Md FCFA,2024T3,5,0,0.0,0,,A,"AR1 (ARCEP, observatoire trimestriel)",Moov Africa Togo
mm_valeur_transactions,moov,Moov Africa (Atlantique Telecom),,2023T4,251.0,Md FCFA,2024T4,5,0,0.0,0,,A,"AR1 (ARCEP, observatoire trimestriel)",Moov Africa Togo
mm_valeur_transactions,moov,Moov Africa (Atlantique Telecom),,2024T1,269.0,Md FCFA,2025T1,5,0,0.0,0,,A,"AR1 (ARCEP, observatoire trimestriel)",Flooz (Moov Africa Togo)
mm_valeur_transactions,moov,Moov Africa (Atlantique Telecom),,2024T2,291.0,Md FCFA,2025T2,5,0,0.0,0,,A,"AR1 (ARCEP, observatoire trimestriel)",Flooz (Moov Africa Togo)
mm_valeur_transactions,moov,Moov Africa (Atlantique Telecom),,2024T3,347.0,Md FCFA,2025T3,5,0,0.0,0,,A,"AR1 (ARCEP, observatoire trimestriel)",Flooz (Moov Africa Togo)
mm_valeur_transactions,moov,Moov Africa (Atlantique Telecom),,2024T4,407.0,Md FCFA,2025T4,5,0,0.0,0,,A,"AR1 (ARCEP, observatoire trimestriel)",Flooz (Moov Africa Togo)
mm_valeur_transactions,moov,Moov Africa (Atlantique Telecom),,2025T1,401.0,Md FCFA,2026T1,5,0,0.0,0,,A,"AR1 (ARCEP, observatoire trimestriel)",Flooz (Moov Africa Togo)
mm_valeur_transactions,moov,Moov Africa (Atlantique Telecom),,2025T2,413.0,Md FCFA,2026T2,5,0,0.0,0,,A,"AR1 (ARCEP, observatoire trimestriel)",Flooz (Moov Africa Togo)
mm_valeur_transactions,moov,Moov Africa (Atlantique Telecom),,2025T3,399.0,Md FCFA,2026T2,4,0,0.0,0,,A,"AR1 (ARCEP, observatoire trimestriel)",Flooz (Moov Africa Togo)
mm_valeur_transactions,moov,Moov Africa (Atlantique Telecom),,2025T4,428.0,Md FCFA,2026T2,3,0,0.0,0,,A,"AR1 (ARCEP, observatoire trimestriel)",Flooz (Moov Africa Togo)
mm_valeur_transactions,moov,Moov Africa (Atlantique Telecom),,2026T1,645.0,Md FCFA,2026T2,2,0,0.0,0,,A,"AR1 (ARCEP, observatoire trimestriel)",Flooz (Moov Africa Togo)
mm_valeur_transactions,moov,Moov Africa (Atlantique Telecom),,2026T2,648.0,Md FCFA,2026T2,1,0,0.0,0,,A,"AR1 (ARCEP, observatoire trimestriel)",Flooz (Moov Africa Togo)
mm_valeur_transactions,togocom,Togocom (Togo Cellulaire),,2020T2,135.332,Md FCFA,2021T2,1,0,0.0,0,,A,"AR1 (ARCEP, observatoire trimestriel)",Valeur des transactions TGC
mm_valeur_transactions,togocom,Togocom (Togo Cellulaire),,2020T3,163.338,Md FCFA,2021T3,2,0,0.0,0,,A,"AR1 (ARCEP, observatoire trimestriel)",Valeur des transactions TGC
mm_valeur_transactions,togocom,Togocom (Togo Cellulaire),,2020T4,167.721,Md FCFA,2021T3,2,0,0.0,0,,A,"AR1 (ARCEP, observatoire trimestriel)",Valeur des transactions TGC
mm_valeur_transactions,togocom,Togocom (Togo Cellulaire),,2021T1,156.34809572,Md FCFA,2022T1,3,0,0.0,0,,A,"AR1 (ARCEP, observatoire trimestriel)",Togo Cellulaire
mm_valeur_transactions,togocom,Togocom (Togo Cellulaire),,2021T2,184.847147993,Md FCFA,2022T2,4,0,0.0,0,,A,"AR1 (ARCEP, observatoire trimestriel)",Togo Cellulaire
mm_valeur_transactions,togocom,Togocom (Togo Cellulaire),,2021T3,216.956368362,Md FCFA,2022T3,4,0,0.0,0,,A,"AR1 (ARCEP, observatoire trimestriel)",Togo Cellulaire
mm_valeur_transactions,togocom,Togocom (Togo Cellulaire),,2021T4,253.072118515,Md FCFA,2022T4,4,0,0.0,0,,A,"AR1 (ARCEP, observatoire trimestriel)",Togo Cellulaire
mm_valeur_transactions,togocom,Togocom (Togo Cellulaire),,2022T1,296.721935239,Md FCFA,2023T1,5,0,0.0,0,,A,"AR1 (ARCEP, observatoire trimestriel)",Togo Cellulaire
mm_valeur_transactions,togocom,Togocom (Togo Cellulaire),,2022T2,358.826431426,Md FCFA,2023T2,5,0,0.0,0,,A,"AR1 (ARCEP, observatoire trimestriel)",Togo Cellulaire
mm_valeur_transactions,togocom,Togocom (Togo Cellulaire),,2022T3,425.0,Md FCFA,2023T3,5,0,0.04,1,,A,"AR1 (ARCEP, observatoire trimestriel)",Togo Cellulaire
mm_valeur_transactions,togocom,Togocom (Togo Cellulaire),,2022T4,540.0,Md FCFA,2023T4,5,0,0.02,0,,A,"AR1 (ARCEP, observatoire trimestriel)",Togo Cellulaire
mm_valeur_transactions,togocom,Togocom (Togo Cellulaire),,2023T1,582.0,Md FCFA,2024T1,5,0,0.02,0,,A,"AR1 (ARCEP, observatoire trimestriel)",Togo Cellulaire
mm_valeur_transactions,togocom,Togocom (Togo Cellulaire),,2023T2,567.0,Md FCFA,2024T2,5,0,0.04,0,,A,"AR1 (ARCEP, observatoire trimestriel)",Togo Cellulaire
mm_valeur_transactions,togocom,Togocom (Togo Cellulaire),,2023T3,552.0,Md FCFA,2024T3,5,0,0.0,0,,A,"AR1 (ARCEP, observatoire trimestriel)",Togo Cellulaire
mm_valeur_transactions,togocom,Togocom (Togo Cellulaire),,2023T4,645.0,Md FCFA,2024T4,5,0,0.0,0,,A,"AR1 (ARCEP, observatoire trimestriel)",Togo Cellulaire
mm_valeur_transactions,togocom,Togocom (Togo Cellulaire),,2024T1,649.0,Md FCFA,2025T1,5,0,0.0,0,,A,"AR1 (ARCEP, observatoire trimestriel)",Mixx (YAS Togo)
mm_valeur_transactions,togocom,Togocom (Togo Cellulaire),,2024T2,694.0,Md FCFA,2025T2,5,0,0.0,0,,A,"AR1 (ARCEP, observatoire trimestriel)",Mixx (YAS Togo)
mm_valeur_transactions,togocom,Togocom (Togo Cellulaire),,2024T3,707.0,Md FCFA,2025T3,5,0,0.0,0,,A,"AR1 (ARCEP, observatoire trimestriel)",Mixx (YAS Togo)
mm_valeur_transactions,togocom,Togocom (Togo Cellulaire),,2024T4,794.0,Md FCFA,2025T4,5,0,0.0,0,,A,"AR1 (ARCEP, observatoire trimestriel)",Mixx (YAS Togo)
mm_valeur_transactions,togocom,Togocom (Togo Cellulaire),,2025T1,810.0,Md FCFA,2026T1,5,0,0.0,0,,A,"AR1 (ARCEP, observatoire trimestriel)",Mixx (YAS Togo)
mm_valeur_transactions,togocom,Togocom (Togo Cellulaire),,2025T2,887.0,Md FCFA,2026T2,5,0,0.0,0,,A,"AR1 (ARCEP, observatoire trimestriel)",Mixx (YAS Togo)
mm_valeur_transactions,togocom,Togocom (Togo Cellulaire),,2025T3,999.0,Md FCFA,2026T2,4,0,0.0,0,,A,"AR1 (ARCEP, observatoire trimestriel)",Mixx (YAS Togo)
mm_valeur_transactions,togocom,Togocom (Togo Cellulaire),,2025T4,1143.0,Md FCFA,2026T2,3,0,0.0,0,,A,"AR1 (ARCEP, observatoire trimestriel)",Mixx (YAS Togo)
mm_valeur_transactions,togocom,Togocom (Togo Cellulaire),,2026T1,1199.0,Md FCFA,2026T2,2,0,0.0,0,,A,"AR1 (ARCEP, observatoire trimestriel)",Mixx (YAS Togo)
mm_valeur_transactions,togocom,Togocom (Togo Cellulaire),,2026T2,1320.0,Md FCFA,2026T2,1,0,0.0,0,,A,"AR1 (ARCEP, observatoire trimestriel)",Mixx (YAS Togo)
