"indicateur","libellé","Unit","Date","Value"
"Produits alimentaires et boissons non alcoolisées","Produits alimentaires et boissons non alcoolisées","Pourcentage","2010M1","110.929907902573"
"Produits alimentaires et boissons non alcoolisées","Produits alimentaires et boissons non alcoolisées","Pourcentage","2010M2","109.541931939358"
"Produits alimentaires et boissons non alcoolisées","Produits alimentaires et boissons non alcoolisées","Pourcentage","2010M3","110.770526712566"
"Produits alimentaires et boissons non alcoolisées","Produits alimentaires et boissons non alcoolisées","Pourcentage","2010M4","112.43336211174"
"Produits alimentaires et boissons non alcoolisées","Produits alimentaires et boissons non alcoolisées","Pourcentage","2010M5","107.112097970449"
"Produits alimentaires et boissons non alcoolisées","Produits alimentaires et boissons non alcoolisées","Pourcentage","2010M6","110.555535566024"
"Produits alimentaires et boissons non alcoolisées","Produits alimentaires et boissons non alcoolisées","Pourcentage","2010M7","111.79798489554"
"Produits alimentaires et boissons non alcoolisées","Produits alimentaires et boissons non alcoolisées","Pourcentage","2010M8","111.171423354844"
"Produits alimentaires et boissons non alcoolisées","Produits alimentaires et boissons non alcoolisées","Pourcentage","2010M9","103.645455550502"
"Produits alimentaires et boissons non alcoolisées","Produits alimentaires et boissons non alcoolisées","Pourcentage","2010M10","104.989119730428"
"Produits alimentaires et boissons non alcoolisées","Produits alimentaires et boissons non alcoolisées","Pourcentage","2010M11","106.009735870894"
"Produits alimentaires et boissons non alcoolisées","Produits alimentaires et boissons non alcoolisées","Pourcentage","2010M12","110.631895700078"
"Produits alimentaires et boissons non alcoolisées","Produits alimentaires et boissons non alcoolisées","Pourcentage","2011M1","114.494705645349"
"Produits alimentaires et boissons non alcoolisées","Produits alimentaires et boissons non alcoolisées","Pourcentage","2011M2","109.196678710434"
"Produits alimentaires et boissons non alcoolisées","Produits alimentaires et boissons non alcoolisées","Pourcentage","2011M3","110.188719687282"
"Produits alimentaires et boissons non alcoolisées","Produits alimentaires et boissons non alcoolisées","Pourcentage","2011M4","111.218836674937"
"Produits alimentaires et boissons non alcoolisées","Produits alimentaires et boissons non alcoolisées","Pourcentage","2011M5","112.209693294688"
"Produits alimentaires et boissons non alcoolisées","Produits alimentaires et boissons non alcoolisées","Pourcentage","2011M6","115.12894904627"
"Produits alimentaires et boissons non alcoolisées","Produits alimentaires et boissons non alcoolisées","Pourcentage","2011M7","113.032779761336"
"Produits alimentaires et boissons non alcoolisées","Produits alimentaires et boissons non alcoolisées","Pourcentage","2011M8","110.518913559234"
"Produits alimentaires et boissons non alcoolisées","Produits alimentaires et boissons non alcoolisées","Pourcentage","2011M9","108.497099907956"
"Produits alimentaires et boissons non alcoolisées","Produits alimentaires et boissons non alcoolisées","Pourcentage","2011M10","103.899002488495"
"Produits alimentaires et boissons non alcoolisées","Produits alimentaires et boissons non alcoolisées","Pourcentage","2011M11","106.20392292619"
"Produits alimentaires et boissons non alcoolisées","Produits alimentaires et boissons non alcoolisées","Pourcentage","2011M12","110.222189417299"
"Produits alimentaires et boissons non alcoolisées","Produits alimentaires et boissons non alcoolisées","Pourcentage","2012M1","112.835755738496"
"Produits alimentaires et boissons non alcoolisées","Produits alimentaires et boissons non alcoolisées","Pourcentage","2012M2","111.604045634099"
"Produits alimentaires et boissons non alcoolisées","Produits alimentaires et boissons non alcoolisées","Pourcentage","2012M3","111.131370443341"
"Produits alimentaires et boissons non alcoolisées","Produits alimentaires et boissons non alcoolisées","Pourcentage","2012M4","114.007074540738"
"Produits alimentaires et boissons non alcoolisées","Produits alimentaires et boissons non alcoolisées","Pourcentage","2012M5","118.237811178813"
"Produits alimentaires et boissons non alcoolisées","Produits alimentaires et boissons non alcoolisées","Pourcentage","2012M6","116.644376866388"
"Produits alimentaires et boissons non alcoolisées","Produits alimentaires et boissons non alcoolisées","Pourcentage","2012M7","117.372511565305"
"Produits alimentaires et boissons non alcoolisées","Produits alimentaires et boissons non alcoolisées","Pourcentage","2012M8","114.994021269671"
"Produits alimentaires et boissons non alcoolisées","Produits alimentaires et boissons non alcoolisées","Pourcentage","2012M9","112.687429797521"
"Produits alimentaires et boissons non alcoolisées","Produits alimentaires et boissons non alcoolisées","Pourcentage","2012M10","111.246094868051"
"Produits alimentaires et boissons non alcoolisées","Produits alimentaires et boissons non alcoolisées","Pourcentage","2012M11","112.923833547391"
"Produits alimentaires et boissons non alcoolisées","Produits alimentaires et boissons non alcoolisées","Pourcentage","2012M12","115.810560902837"
"Produits alimentaires et boissons non alcoolisées","Produits alimentaires et boissons non alcoolisées","Pourcentage","2013M1","118.3"
"Produits alimentaires et boissons non alcoolisées","Produits alimentaires et boissons non alcoolisées","Pourcentage","2013M2","117.3"
"Produits alimentaires et boissons non alcoolisées","Produits alimentaires et boissons non alcoolisées","Pourcentage","2013M3","117.3"
"Produits alimentaires et boissons non alcoolisées","Produits alimentaires et boissons non alcoolisées","Pourcentage","2013M4","117.2"
"Produits alimentaires et boissons non alcoolisées","Produits alimentaires et boissons non alcoolisées","Pourcentage","2013M5","119.1"
"Produits alimentaires et boissons non alcoolisées","Produits alimentaires et boissons non alcoolisées","Pourcentage","2013M6","117.84"
"Produits alimentaires et boissons non alcoolisées","Produits alimentaires et boissons non alcoolisées","Pourcentage","2013M7","115.87"
"Produits alimentaires et boissons non alcoolisées","Produits alimentaires et boissons non alcoolisées","Pourcentage","2013M8","113"
"Produits alimentaires et boissons non alcoolisées","Produits alimentaires et boissons non alcoolisées","Pourcentage","2013M9","113.18"
"Produits alimentaires et boissons non alcoolisées","Produits alimentaires et boissons non alcoolisées","Pourcentage","2013M10","109.38"
"Produits alimentaires et boissons non alcoolisées","Produits alimentaires et boissons non alcoolisées","Pourcentage","2013M11","110.38"
"Produits alimentaires et boissons non alcoolisées","Produits alimentaires et boissons non alcoolisées","Pourcentage","2013M12","109.16"
"Produits alimentaires et boissons non alcoolisées","Produits alimentaires et boissons non alcoolisées","Pourcentage","2014M1","107.08"
"Produits alimentaires et boissons non alcoolisées","Produits alimentaires et boissons non alcoolisées","Pourcentage","2014M2","108.98"
"Produits alimentaires et boissons non alcoolisées","Produits alimentaires et boissons non alcoolisées","Pourcentage","2014M3","109.72"
"Produits alimentaires et boissons non alcoolisées","Produits alimentaires et boissons non alcoolisées","Pourcentage","2014M4","112.88"
"Produits alimentaires et boissons non alcoolisées","Produits alimentaires et boissons non alcoolisées","Pourcentage","2014M5","113.8"
"Produits alimentaires et boissons non alcoolisées","Produits alimentaires et boissons non alcoolisées","Pourcentage","2014M6","113.66"
"Produits alimentaires et boissons non alcoolisées","Produits alimentaires et boissons non alcoolisées","Pourcentage","2014M7","113.44"
"Produits alimentaires et boissons non alcoolisées","Produits alimentaires et boissons non alcoolisées","Pourcentage","2014M8","109.03"
"Produits alimentaires et boissons non alcoolisées","Produits alimentaires et boissons non alcoolisées","Pourcentage","2014M9","104.61"
"Produits alimentaires et boissons non alcoolisées","Produits alimentaires et boissons non alcoolisées","Pourcentage","2014M10","107.64"
"Produits alimentaires et boissons non alcoolisées","Produits alimentaires et boissons non alcoolisées","Pourcentage","2014M11","106.47"
"Produits alimentaires et boissons non alcoolisées","Produits alimentaires et boissons non alcoolisées","Pourcentage","2014M12","110.78"
"Produits alimentaires et boissons non alcoolisées","Produits alimentaires et boissons non alcoolisées","Pourcentage","2015M1","114.52"
"Produits alimentaires et boissons non alcoolisées","Produits alimentaires et boissons non alcoolisées","Pourcentage","2015M2","114.76"
"Produits alimentaires et boissons non alcoolisées","Produits alimentaires et boissons non alcoolisées","Pourcentage","2015M3","113.02"
"Produits alimentaires et boissons non alcoolisées","Produits alimentaires et boissons non alcoolisées","Pourcentage","2015M4","112.98"
"Produits alimentaires et boissons non alcoolisées","Produits alimentaires et boissons non alcoolisées","Pourcentage","2015M5","118.56"
"Produits alimentaires et boissons non alcoolisées","Produits alimentaires et boissons non alcoolisées","Pourcentage","2015M6","119.17"
"Produits alimentaires et boissons non alcoolisées","Produits alimentaires et boissons non alcoolisées","Pourcentage","2015M7","118.43"
"Produits alimentaires et boissons non alcoolisées","Produits alimentaires et boissons non alcoolisées","Pourcentage","2015M8","119.76"
"Produits alimentaires et boissons non alcoolisées","Produits alimentaires et boissons non alcoolisées","Pourcentage","2015M9","116.19"
"Produits alimentaires et boissons non alcoolisées","Produits alimentaires et boissons non alcoolisées","Pourcentage","2015M10","114.44"
"Produits alimentaires et boissons non alcoolisées","Produits alimentaires et boissons non alcoolisées","Pourcentage","2015M11","116.11"
"Produits alimentaires et boissons non alcoolisées","Produits alimentaires et boissons non alcoolisées","Pourcentage","2015M12","117.6"
"Produits alimentaires et boissons non alcoolisées","Produits alimentaires et boissons non alcoolisées","Pourcentage","2016M1","120.67"
"Produits alimentaires et boissons non alcoolisées","Produits alimentaires et boissons non alcoolisées","Pourcentage","2016M2","119.03"
"Produits alimentaires et boissons non alcoolisées","Produits alimentaires et boissons non alcoolisées","Pourcentage","2016M3","116.98"
"Produits alimentaires et boissons non alcoolisées","Produits alimentaires et boissons non alcoolisées","Pourcentage","2016M4","121.58"
"Produits alimentaires et boissons non alcoolisées","Produits alimentaires et boissons non alcoolisées","Pourcentage","2016M5","128.29"
"Produits alimentaires et boissons non alcoolisées","Produits alimentaires et boissons non alcoolisées","Pourcentage","2016M6","129.14"
"Produits alimentaires et boissons non alcoolisées","Produits alimentaires et boissons non alcoolisées","Pourcentage","2016M7","129.23"
"Produits alimentaires et boissons non alcoolisées","Produits alimentaires et boissons non alcoolisées","Pourcentage","2016M8","116.11"
"Produits alimentaires et boissons non alcoolisées","Produits alimentaires et boissons non alcoolisées","Pourcentage","2016M9","113.83"
"Produits alimentaires et boissons non alcoolisées","Produits alimentaires et boissons non alcoolisées","Pourcentage","2016M10","111.34"
"Produits alimentaires et boissons non alcoolisées","Produits alimentaires et boissons non alcoolisées","Pourcentage","2016M11","116.75"
"Produits alimentaires et boissons non alcoolisées","Produits alimentaires et boissons non alcoolisées","Pourcentage","2016M12","116.57"
"Produits alimentaires et boissons non alcoolisées","Produits alimentaires et boissons non alcoolisées","Pourcentage","2017M1","106.56"
"Produits alimentaires et boissons non alcoolisées","Produits alimentaires et boissons non alcoolisées","Pourcentage","2017M2","105.06"
"Produits alimentaires et boissons non alcoolisées","Produits alimentaires et boissons non alcoolisées","Pourcentage","2017M3","106.81"
"Produits alimentaires et boissons non alcoolisées","Produits alimentaires et boissons non alcoolisées","Pourcentage","2017M4","109.36"
"Produits alimentaires et boissons non alcoolisées","Produits alimentaires et boissons non alcoolisées","Pourcentage","2017M5","112.55"
"Produits alimentaires et boissons non alcoolisées","Produits alimentaires et boissons non alcoolisées","Pourcentage","2017M6","115.09"
"Produits alimentaires et boissons non alcoolisées","Produits alimentaires et boissons non alcoolisées","Pourcentage","2017M7","111.15"
"Produits alimentaires et boissons non alcoolisées","Produits alimentaires et boissons non alcoolisées","Pourcentage","2017M8","109.47"
"Produits alimentaires et boissons non alcoolisées","Produits alimentaires et boissons non alcoolisées","Pourcentage","2017M9","104.97"
"Produits alimentaires et boissons non alcoolisées","Produits alimentaires et boissons non alcoolisées","Pourcentage","2017M10","103.43"
"Produits alimentaires et boissons non alcoolisées","Produits alimentaires et boissons non alcoolisées","Pourcentage","2017M11","104.01"
"Produits alimentaires et boissons non alcoolisées","Produits alimentaires et boissons non alcoolisées","Pourcentage","2017M12","104.98"
"Produits alimentaires et boissons non alcoolisées","Produits alimentaires et boissons non alcoolisées","Pourcentage","2018M1","105.44"
"Produits alimentaires et boissons non alcoolisées","Produits alimentaires et boissons non alcoolisées","Pourcentage","2018M2","105.78"
"Produits alimentaires et boissons non alcoolisées","Produits alimentaires et boissons non alcoolisées","Pourcentage","2018M3","105.38"
"Produits alimentaires et boissons non alcoolisées","Produits alimentaires et boissons non alcoolisées","Pourcentage","2018M4","110.88"
"Produits alimentaires et boissons non alcoolisées","Produits alimentaires et boissons non alcoolisées","Pourcentage","2018M5","115.74"
"Produits alimentaires et boissons non alcoolisées","Produits alimentaires et boissons non alcoolisées","Pourcentage","2018M6","112.51"
"Produits alimentaires et boissons non alcoolisées","Produits alimentaires et boissons non alcoolisées","Pourcentage","2018M7","111.29"
"Produits alimentaires et boissons non alcoolisées","Produits alimentaires et boissons non alcoolisées","Pourcentage","2018M8","108.8"
"Produits alimentaires et boissons non alcoolisées","Produits alimentaires et boissons non alcoolisées","Pourcentage","2018M9","104.25"
"Produits alimentaires et boissons non alcoolisées","Produits alimentaires et boissons non alcoolisées","Pourcentage","2018M10","103.17"
"Produits alimentaires et boissons non alcoolisées","Produits alimentaires et boissons non alcoolisées","Pourcentage","2018M11","105.99"
"Produits alimentaires et boissons non alcoolisées","Produits alimentaires et boissons non alcoolisées","Pourcentage","2018M12","108.03"
"Produits alimentaires et boissons non alcoolisées","Produits alimentaires et boissons non alcoolisées","Pourcentage","2019M1","109.62"
"Produits alimentaires et boissons non alcoolisées","Produits alimentaires et boissons non alcoolisées","Pourcentage","2019M2","108.73"
"Produits alimentaires et boissons non alcoolisées","Produits alimentaires et boissons non alcoolisées","Pourcentage","2019M3","108.16"
"Produits alimentaires et boissons non alcoolisées","Produits alimentaires et boissons non alcoolisées","Pourcentage","2019M4","108.52"
"Produits alimentaires et boissons non alcoolisées","Produits alimentaires et boissons non alcoolisées","Pourcentage","2019M5","112.6"
"Produits alimentaires et boissons non alcoolisées","Produits alimentaires et boissons non alcoolisées","Pourcentage","2019M6","114.64"
"Produits alimentaires et boissons non alcoolisées","Produits alimentaires et boissons non alcoolisées","Pourcentage","2019M7","110.15"
"Produits alimentaires et boissons non alcoolisées","Produits alimentaires et boissons non alcoolisées","Pourcentage","2019M8","105.14"
"Produits alimentaires et boissons non alcoolisées","Produits alimentaires et boissons non alcoolisées","Pourcentage","2019M9","102.81"
"Produits alimentaires et boissons non alcoolisées","Produits alimentaires et boissons non alcoolisées","Pourcentage","2019M10","102.04"
"Produits alimentaires et boissons non alcoolisées","Produits alimentaires et boissons non alcoolisées","Pourcentage","2019M11","103.62"
"Produits alimentaires et boissons non alcoolisées","Produits alimentaires et boissons non alcoolisées","Pourcentage","2019M12","104.57"
"Produits alimentaires et boissons non alcoolisées","Produits alimentaires et boissons non alcoolisées","Pourcentage","2020M1","107.79"
"Produits alimentaires et boissons non alcoolisées","Produits alimentaires et boissons non alcoolisées","Pourcentage","2020M2","107.86"
"Produits alimentaires et boissons non alcoolisées","Produits alimentaires et boissons non alcoolisées","Pourcentage","2020M3","109.81"
"Produits alimentaires et boissons non alcoolisées","Produits alimentaires et boissons non alcoolisées","Pourcentage","2020M4","113.47"
"Produits alimentaires et boissons non alcoolisées","Produits alimentaires et boissons non alcoolisées","Pourcentage","2020M5","114.35"
"Produits alimentaires et boissons non alcoolisées","Produits alimentaires et boissons non alcoolisées","Pourcentage","2020M6","113.69"
"Produits alimentaires et boissons non alcoolisées","Produits alimentaires et boissons non alcoolisées","Pourcentage","2020M7","113.88"
"Produits alimentaires et boissons non alcoolisées","Produits alimentaires et boissons non alcoolisées","Pourcentage","2020M8","111.51"
"Produits alimentaires et boissons non alcoolisées","Produits alimentaires et boissons non alcoolisées","Pourcentage","2020M9","110.22"
"Produits alimentaires et boissons non alcoolisées","Produits alimentaires et boissons non alcoolisées","Pourcentage","2020M10","109"
"Produits alimentaires et boissons non alcoolisées","Produits alimentaires et boissons non alcoolisées","Pourcentage","2020M11","110.13"
"Produits alimentaires et boissons non alcoolisées","Produits alimentaires et boissons non alcoolisées","Pourcentage","2020M12","112.38"
"Produits alimentaires et boissons non alcoolisées","Produits alimentaires et boissons non alcoolisées","Pourcentage","2021M1","113.08"
"Produits alimentaires et boissons non alcoolisées","Produits alimentaires et boissons non alcoolisées","Pourcentage","2021M2","113.06"
"Produits alimentaires et boissons non alcoolisées","Produits alimentaires et boissons non alcoolisées","Pourcentage","2021M3","111.09"
"Produits alimentaires et boissons non alcoolisées","Produits alimentaires et boissons non alcoolisées","Pourcentage","2021M4","119.61"
"Produits alimentaires et boissons non alcoolisées","Produits alimentaires et boissons non alcoolisées","Pourcentage","2021M5","123.04"
"Produits alimentaires et boissons non alcoolisées","Produits alimentaires et boissons non alcoolisées","Pourcentage","2021M6","127.24"
"Produits alimentaires et boissons non alcoolisées","Produits alimentaires et boissons non alcoolisées","Pourcentage","2021M7","130.39"
"Produits alimentaires et boissons non alcoolisées","Produits alimentaires et boissons non alcoolisées","Pourcentage","2021M8","128.29"
"Produits alimentaires et boissons non alcoolisées","Produits alimentaires et boissons non alcoolisées","Pourcentage","2021M9","124"
"Produits alimentaires et boissons non alcoolisées","Produits alimentaires et boissons non alcoolisées","Pourcentage","2021M10","123.67"
"Produits alimentaires et boissons non alcoolisées","Produits alimentaires et boissons non alcoolisées","Pourcentage","2021M11","123.23"
"Produits alimentaires et boissons non alcoolisées","Produits alimentaires et boissons non alcoolisées","Pourcentage","2021M12","129.13"
"Produits alimentaires et boissons non alcoolisées","Produits alimentaires et boissons non alcoolisées","Pourcentage","2022M1","132.05"
"Produits alimentaires et boissons non alcoolisées","Produits alimentaires et boissons non alcoolisées","Pourcentage","2022M2","133.31"
"Produits alimentaires et boissons non alcoolisées","Produits alimentaires et boissons non alcoolisées","Pourcentage","2022M3","132.29"
"Produits alimentaires et boissons non alcoolisées","Produits alimentaires et boissons non alcoolisées","Pourcentage","2022M4","135.85"
"Produits alimentaires et boissons non alcoolisées","Produits alimentaires et boissons non alcoolisées","Pourcentage","2022M5","139.84"
"Produits alimentaires et boissons non alcoolisées","Produits alimentaires et boissons non alcoolisées","Pourcentage","2022M6","140.19"
"Produits alimentaires et boissons non alcoolisées","Produits alimentaires et boissons non alcoolisées","Pourcentage","2022M7","140.36"
"Produits alimentaires et boissons non alcoolisées","Produits alimentaires et boissons non alcoolisées","Pourcentage","2022M8","137.47"
"Produits alimentaires et boissons non alcoolisées","Produits alimentaires et boissons non alcoolisées","Pourcentage","2022M9","134.64"
"Produits alimentaires et boissons non alcoolisées","Produits alimentaires et boissons non alcoolisées","Pourcentage","2022M10","131.21"
"Produits alimentaires et boissons non alcoolisées","Produits alimentaires et boissons non alcoolisées","Pourcentage","2022M11","134.35"
"Produits alimentaires et boissons non alcoolisées","Produits alimentaires et boissons non alcoolisées","Pourcentage","2022M12","137.81"
"Produits alimentaires et boissons non alcoolisées","Tabac et stupéfiants","Pourcentage","2010M1","108.925068782976"
"Produits alimentaires et boissons non alcoolisées","Tabac et stupéfiants","Pourcentage","2010M2","105.278961033385"
"Produits alimentaires et boissons non alcoolisées","Tabac et stupéfiants","Pourcentage","2010M3","107.717667715704"
"Produits alimentaires et boissons non alcoolisées","Tabac et stupéfiants","Pourcentage","2010M4","107.794812830528"
"Produits alimentaires et boissons non alcoolisées","Tabac et stupéfiants","Pourcentage","2010M5","106.715960461859"
"Produits alimentaires et boissons non alcoolisées","Tabac et stupéfiants","Pourcentage","2010M6","107.196507319802"
"Produits alimentaires et boissons non alcoolisées","Tabac et stupéfiants","Pourcentage","2010M7","111.254402849033"
"Produits alimentaires et boissons non alcoolisées","Tabac et stupéfiants","Pourcentage","2010M8","116.027981171767"
"Produits alimentaires et boissons non alcoolisées","Tabac et stupéfiants","Pourcentage","2010M9","113.353591415786"
"Produits alimentaires et boissons non alcoolisées","Tabac et stupéfiants","Pourcentage","2010M10","112.062465362242"
"Produits alimentaires et boissons non alcoolisées","Tabac et stupéfiants","Pourcentage","2010M11","109.660755137848"
"Produits alimentaires et boissons non alcoolisées","Tabac et stupéfiants","Pourcentage","2010M12","110.797889347451"
"Produits alimentaires et boissons non alcoolisées","Tabac et stupéfiants","Pourcentage","2011M1","108.945239317145"
"Produits alimentaires et boissons non alcoolisées","Tabac et stupéfiants","Pourcentage","2011M2","108.515401530021"
"Produits alimentaires et boissons non alcoolisées","Tabac et stupéfiants","Pourcentage","2011M3","107.460704388036"
"Produits alimentaires et boissons non alcoolisées","Tabac et stupéfiants","Pourcentage","2011M4","108.046159093255"
"Produits alimentaires et boissons non alcoolisées","Tabac et stupéfiants","Pourcentage","2011M5","108.069900007938"
"Produits alimentaires et boissons non alcoolisées","Tabac et stupéfiants","Pourcentage","2011M6","107.710294215306"
"Produits alimentaires et boissons non alcoolisées","Tabac et stupéfiants","Pourcentage","2011M7","106.391868153284"
"Produits alimentaires et boissons non alcoolisées","Tabac et stupéfiants","Pourcentage","2011M8","105.466418994584"
"Produits alimentaires et boissons non alcoolisées","Tabac et stupéfiants","Pourcentage","2011M9","106.662564363951"
"Produits alimentaires et boissons non alcoolisées","Tabac et stupéfiants","Pourcentage","2011M10","106.730765973382"
"Produits alimentaires et boissons non alcoolisées","Tabac et stupéfiants","Pourcentage","2011M11","106.527796263975"
"Produits alimentaires et boissons non alcoolisées","Tabac et stupéfiants","Pourcentage","2011M12","106.182319634293"
"Produits alimentaires et boissons non alcoolisées","Tabac et stupéfiants","Pourcentage","2012M1","106.681590494332"
"Produits alimentaires et boissons non alcoolisées","Tabac et stupéfiants","Pourcentage","2012M2","107.178192119329"
"Produits alimentaires et boissons non alcoolisées","Tabac et stupéfiants","Pourcentage","2012M3","107.138529194733"
"Produits alimentaires et boissons non alcoolisées","Tabac et stupéfiants","Pourcentage","2012M4","107.331573595165"
"Produits alimentaires et boissons non alcoolisées","Tabac et stupéfiants","Pourcentage","2012M5","107.75988368431"
"Produits alimentaires et boissons non alcoolisées","Tabac et stupéfiants","Pourcentage","2012M6","107.159877133637"
"Produits alimentaires et boissons non alcoolisées","Tabac et stupéfiants","Pourcentage","2012M7","106.633301077899"
"Produits alimentaires et boissons non alcoolisées","Tabac et stupéfiants","Pourcentage","2012M8","107.081776512146"
"Produits alimentaires et boissons non alcoolisées","Tabac et stupéfiants","Pourcentage","2012M9","109.003339893285"
"Produits alimentaires et boissons non alcoolisées","Tabac et stupéfiants","Pourcentage","2012M10","109.628151457669"
"Produits alimentaires et boissons non alcoolisées","Tabac et stupéfiants","Pourcentage","2012M11","110.255513699109"
"Produits alimentaires et boissons non alcoolisées","Tabac et stupéfiants","Pourcentage","2012M12","107.408540529566"
"Produits alimentaires et boissons non alcoolisées","Tabac et stupéfiants","Pourcentage","2013M1","107.37"
"Produits alimentaires et boissons non alcoolisées","Tabac et stupéfiants","Pourcentage","2013M2","107.28"
"Produits alimentaires et boissons non alcoolisées","Tabac et stupéfiants","Pourcentage","2013M3","109.8"
"Produits alimentaires et boissons non alcoolisées","Tabac et stupéfiants","Pourcentage","2013M4","107.6"
"Produits alimentaires et boissons non alcoolisées","Tabac et stupéfiants","Pourcentage","2013M5","110.48"
"Produits alimentaires et boissons non alcoolisées","Tabac et stupéfiants","Pourcentage","2013M6","112.55"
"Produits alimentaires et boissons non alcoolisées","Tabac et stupéfiants","Pourcentage","2013M7","109.36"
"Produits alimentaires et boissons non alcoolisées","Tabac et stupéfiants","Pourcentage","2013M8","115.31"
"Produits alimentaires et boissons non alcoolisées","Tabac et stupéfiants","Pourcentage","2013M9","106.94"
"Produits alimentaires et boissons non alcoolisées","Tabac et stupéfiants","Pourcentage","2013M10","111.24"
"Produits alimentaires et boissons non alcoolisées","Tabac et stupéfiants","Pourcentage","2013M11","108.9"
"Produits alimentaires et boissons non alcoolisées","Tabac et stupéfiants","Pourcentage","2013M12","109.14"
"Produits alimentaires et boissons non alcoolisées","Tabac et stupéfiants","Pourcentage","2014M1","110.02"
"Produits alimentaires et boissons non alcoolisées","Tabac et stupéfiants","Pourcentage","2014M2","109.6"
"Produits alimentaires et boissons non alcoolisées","Tabac et stupéfiants","Pourcentage","2014M3","109.89"
"Produits alimentaires et boissons non alcoolisées","Tabac et stupéfiants","Pourcentage","2014M4","112.62"
"Produits alimentaires et boissons non alcoolisées","Tabac et stupéfiants","Pourcentage","2014M5","108.75"
"Produits alimentaires et boissons non alcoolisées","Tabac et stupéfiants","Pourcentage","2014M6","110.46"
"Produits alimentaires et boissons non alcoolisées","Tabac et stupéfiants","Pourcentage","2014M7","109.09"
"Produits alimentaires et boissons non alcoolisées","Tabac et stupéfiants","Pourcentage","2014M8","112.35"
"Produits alimentaires et boissons non alcoolisées","Tabac et stupéfiants","Pourcentage","2014M9","108.32"
"Produits alimentaires et boissons non alcoolisées","Tabac et stupéfiants","Pourcentage","2014M10","109.43"
"Produits alimentaires et boissons non alcoolisées","Tabac et stupéfiants","Pourcentage","2014M11","110.82"
"Produits alimentaires et boissons non alcoolisées","Tabac et stupéfiants","Pourcentage","2014M12","110.18"
"Produits alimentaires et boissons non alcoolisées","Tabac et stupéfiants","Pourcentage","2015M1","110.39"
"Produits alimentaires et boissons non alcoolisées","Tabac et stupéfiants","Pourcentage","2015M2","109.81"
"Produits alimentaires et boissons non alcoolisées","Tabac et stupéfiants","Pourcentage","2015M3","107.56"
"Produits alimentaires et boissons non alcoolisées","Tabac et stupéfiants","Pourcentage","2015M4","111.2"
"Produits alimentaires et boissons non alcoolisées","Tabac et stupéfiants","Pourcentage","2015M5","110.39"
"Produits alimentaires et boissons non alcoolisées","Tabac et stupéfiants","Pourcentage","2015M6","112.34"
"Produits alimentaires et boissons non alcoolisées","Tabac et stupéfiants","Pourcentage","2015M7","112.99"
"Produits alimentaires et boissons non alcoolisées","Tabac et stupéfiants","Pourcentage","2015M8","112.17"
"Produits alimentaires et boissons non alcoolisées","Tabac et stupéfiants","Pourcentage","2015M9","111.47"
"Produits alimentaires et boissons non alcoolisées","Tabac et stupéfiants","Pourcentage","2015M10","111.95"
"Produits alimentaires et boissons non alcoolisées","Tabac et stupéfiants","Pourcentage","2015M11","111.62"
"Produits alimentaires et boissons non alcoolisées","Tabac et stupéfiants","Pourcentage","2015M12","112.13"
"Produits alimentaires et boissons non alcoolisées","Tabac et stupéfiants","Pourcentage","2016M1","113.24"
"Produits alimentaires et boissons non alcoolisées","Tabac et stupéfiants","Pourcentage","2016M2","115.46"
"Produits alimentaires et boissons non alcoolisées","Tabac et stupéfiants","Pourcentage","2016M3","112.92"
"Produits alimentaires et boissons non alcoolisées","Tabac et stupéfiants","Pourcentage","2016M4","114.58"
"Produits alimentaires et boissons non alcoolisées","Tabac et stupéfiants","Pourcentage","2016M5","112.27"
"Produits alimentaires et boissons non alcoolisées","Tabac et stupéfiants","Pourcentage","2016M6","113.79"
"Produits alimentaires et boissons non alcoolisées","Tabac et stupéfiants","Pourcentage","2016M7","114.07"
"Produits alimentaires et boissons non alcoolisées","Tabac et stupéfiants","Pourcentage","2016M8","113.81"
"Produits alimentaires et boissons non alcoolisées","Tabac et stupéfiants","Pourcentage","2016M9","112.85"
"Produits alimentaires et boissons non alcoolisées","Tabac et stupéfiants","Pourcentage","2016M10","112.5"
"Produits alimentaires et boissons non alcoolisées","Tabac et stupéfiants","Pourcentage","2016M11","112.06"
"Produits alimentaires et boissons non alcoolisées","Tabac et stupéfiants","Pourcentage","2016M12","112.37"
"Produits alimentaires et boissons non alcoolisées","Tabac et stupéfiants","Pourcentage","2017M1","99.74"
"Produits alimentaires et boissons non alcoolisées","Tabac et stupéfiants","Pourcentage","2017M2","100.49"
"Produits alimentaires et boissons non alcoolisées","Tabac et stupéfiants","Pourcentage","2017M3","97.84"
"Produits alimentaires et boissons non alcoolisées","Tabac et stupéfiants","Pourcentage","2017M4","100.27"
"Produits alimentaires et boissons non alcoolisées","Tabac et stupéfiants","Pourcentage","2017M5","95.41"
"Produits alimentaires et boissons non alcoolisées","Tabac et stupéfiants","Pourcentage","2017M6","97.7"
"Produits alimentaires et boissons non alcoolisées","Tabac et stupéfiants","Pourcentage","2017M7","98.45"
"Produits alimentaires et boissons non alcoolisées","Tabac et stupéfiants","Pourcentage","2017M8","101.47"
"Produits alimentaires et boissons non alcoolisées","Tabac et stupéfiants","Pourcentage","2017M9","103.69"
"Produits alimentaires et boissons non alcoolisées","Tabac et stupéfiants","Pourcentage","2017M10","101.69"
"Produits alimentaires et boissons non alcoolisées","Tabac et stupéfiants","Pourcentage","2017M11","100.57"
"Produits alimentaires et boissons non alcoolisées","Tabac et stupéfiants","Pourcentage","2017M12","101.28"
"Produits alimentaires et boissons non alcoolisées","Tabac et stupéfiants","Pourcentage","2018M1","102.24"
"Produits alimentaires et boissons non alcoolisées","Tabac et stupéfiants","Pourcentage","2018M2","101.82"
"Produits alimentaires et boissons non alcoolisées","Tabac et stupéfiants","Pourcentage","2018M3","99.47"
"Produits alimentaires et boissons non alcoolisées","Tabac et stupéfiants","Pourcentage","2018M4","97.8"
"Produits alimentaires et boissons non alcoolisées","Tabac et stupéfiants","Pourcentage","2018M5","97.25"
"Produits alimentaires et boissons non alcoolisées","Tabac et stupéfiants","Pourcentage","2018M6","99.84"
"Produits alimentaires et boissons non alcoolisées","Tabac et stupéfiants","Pourcentage","2018M7","98.87"
"Produits alimentaires et boissons non alcoolisées","Tabac et stupéfiants","Pourcentage","2018M8","98.96"
"Produits alimentaires et boissons non alcoolisées","Tabac et stupéfiants","Pourcentage","2018M9","103.06"
"Produits alimentaires et boissons non alcoolisées","Tabac et stupéfiants","Pourcentage","2018M10","103.57"
"Produits alimentaires et boissons non alcoolisées","Tabac et stupéfiants","Pourcentage","2018M11","103.04"
"Produits alimentaires et boissons non alcoolisées","Tabac et stupéfiants","Pourcentage","2018M12","100.44"
"Produits alimentaires et boissons non alcoolisées","Tabac et stupéfiants","Pourcentage","2019M1","100.89"
"Produits alimentaires et boissons non alcoolisées","Tabac et stupéfiants","Pourcentage","2019M2","99.19"
"Produits alimentaires et boissons non alcoolisées","Tabac et stupéfiants","Pourcentage","2019M3","98.36"
"Produits alimentaires et boissons non alcoolisées","Tabac et stupéfiants","Pourcentage","2019M4","100.07"
"Produits alimentaires et boissons non alcoolisées","Tabac et stupéfiants","Pourcentage","2019M5","103.58"
"Produits alimentaires et boissons non alcoolisées","Tabac et stupéfiants","Pourcentage","2019M6","103.06"
"Produits alimentaires et boissons non alcoolisées","Tabac et stupéfiants","Pourcentage","2019M7","103.94"
"Produits alimentaires et boissons non alcoolisées","Tabac et stupéfiants","Pourcentage","2019M8","102.9"
"Produits alimentaires et boissons non alcoolisées","Tabac et stupéfiants","Pourcentage","2019M9","102.9"
"Produits alimentaires et boissons non alcoolisées","Tabac et stupéfiants","Pourcentage","2019M10","102.42"
"Produits alimentaires et boissons non alcoolisées","Tabac et stupéfiants","Pourcentage","2019M11","102.07"
"Produits alimentaires et boissons non alcoolisées","Tabac et stupéfiants","Pourcentage","2019M12","102.65"
"Produits alimentaires et boissons non alcoolisées","Tabac et stupéfiants","Pourcentage","2020M1","105.33"
"Produits alimentaires et boissons non alcoolisées","Tabac et stupéfiants","Pourcentage","2020M2","103.52"
"Produits alimentaires et boissons non alcoolisées","Tabac et stupéfiants","Pourcentage","2020M3","105.66"
"Produits alimentaires et boissons non alcoolisées","Tabac et stupéfiants","Pourcentage","2020M4","103.56"
"Produits alimentaires et boissons non alcoolisées","Tabac et stupéfiants","Pourcentage","2020M5","103.7"
"Produits alimentaires et boissons non alcoolisées","Tabac et stupéfiants","Pourcentage","2020M6","105.97"
"Produits alimentaires et boissons non alcoolisées","Tabac et stupéfiants","Pourcentage","2020M7","105.73"
"Produits alimentaires et boissons non alcoolisées","Tabac et stupéfiants","Pourcentage","2020M8","106.78"
"Produits alimentaires et boissons non alcoolisées","Tabac et stupéfiants","Pourcentage","2020M9","108.71"
"Produits alimentaires et boissons non alcoolisées","Tabac et stupéfiants","Pourcentage","2020M10","109.78"
"Produits alimentaires et boissons non alcoolisées","Tabac et stupéfiants","Pourcentage","2020M11","108.92"
"Produits alimentaires et boissons non alcoolisées","Tabac et stupéfiants","Pourcentage","2020M12","109.86"
"Produits alimentaires et boissons non alcoolisées","Tabac et stupéfiants","Pourcentage","2021M1","107.41"
"Produits alimentaires et boissons non alcoolisées","Tabac et stupéfiants","Pourcentage","2021M2","109.67"
"Produits alimentaires et boissons non alcoolisées","Tabac et stupéfiants","Pourcentage","2021M3","107.04"
"Produits alimentaires et boissons non alcoolisées","Tabac et stupéfiants","Pourcentage","2021M4","106"
"Produits alimentaires et boissons non alcoolisées","Tabac et stupéfiants","Pourcentage","2021M5","104.72"
"Produits alimentaires et boissons non alcoolisées","Tabac et stupéfiants","Pourcentage","2021M6","108.72"
"Produits alimentaires et boissons non alcoolisées","Tabac et stupéfiants","Pourcentage","2021M7","108.84"
"Produits alimentaires et boissons non alcoolisées","Tabac et stupéfiants","Pourcentage","2021M8","111.1"
"Produits alimentaires et boissons non alcoolisées","Tabac et stupéfiants","Pourcentage","2021M9","109.2"
"Produits alimentaires et boissons non alcoolisées","Tabac et stupéfiants","Pourcentage","2021M10","110.05"
"Produits alimentaires et boissons non alcoolisées","Tabac et stupéfiants","Pourcentage","2021M11","105.86"
"Produits alimentaires et boissons non alcoolisées","Tabac et stupéfiants","Pourcentage","2021M12","108.95"
"Produits alimentaires et boissons non alcoolisées","Tabac et stupéfiants","Pourcentage","2022M1","108.52"
"Produits alimentaires et boissons non alcoolisées","Tabac et stupéfiants","Pourcentage","2022M2","110.63"
"Produits alimentaires et boissons non alcoolisées","Tabac et stupéfiants","Pourcentage","2022M3","110.79"
"Produits alimentaires et boissons non alcoolisées","Tabac et stupéfiants","Pourcentage","2022M4","109.22"
"Produits alimentaires et boissons non alcoolisées","Tabac et stupéfiants","Pourcentage","2022M5","112.58"
"Produits alimentaires et boissons non alcoolisées","Tabac et stupéfiants","Pourcentage","2022M6","111.4"
"Produits alimentaires et boissons non alcoolisées","Tabac et stupéfiants","Pourcentage","2022M7","112.55"
"Produits alimentaires et boissons non alcoolisées","Tabac et stupéfiants","Pourcentage","2022M8","114.32"
"Produits alimentaires et boissons non alcoolisées","Tabac et stupéfiants","Pourcentage","2022M9","119.55"
"Produits alimentaires et boissons non alcoolisées","Tabac et stupéfiants","Pourcentage","2022M10","116.78"
"Produits alimentaires et boissons non alcoolisées","Tabac et stupéfiants","Pourcentage","2022M11","116.89"
"Produits alimentaires et boissons non alcoolisées","Tabac et stupéfiants","Pourcentage","2022M12","117.26"
"Produits alimentaires et boissons non alcoolisées","Articles d'habillement et chaussures","Pourcentage","2010M1","100.409131092111"
"Produits alimentaires et boissons non alcoolisées","Articles d'habillement et chaussures","Pourcentage","2010M2","100.504497055514"
"Produits alimentaires et boissons non alcoolisées","Articles d'habillement et chaussures","Pourcentage","2010M3","100.220482535006"
"Produits alimentaires et boissons non alcoolisées","Articles d'habillement et chaussures","Pourcentage","2010M4","100.19227936797"
"Produits alimentaires et boissons non alcoolisées","Articles d'habillement et chaussures","Pourcentage","2010M5","99.8848628550389"
"Produits alimentaires et boissons non alcoolisées","Articles d'habillement et chaussures","Pourcentage","2010M6","99.9845816732209"
"Produits alimentaires et boissons non alcoolisées","Articles d'habillement et chaussures","Pourcentage","2010M7","100.017062535778"
"Produits alimentaires et boissons non alcoolisées","Articles d'habillement et chaussures","Pourcentage","2010M8","99.710135935222"
"Produits alimentaires et boissons non alcoolisées","Articles d'habillement et chaussures","Pourcentage","2010M9","99.6600586031581"
"Produits alimentaires et boissons non alcoolisées","Articles d'habillement et chaussures","Pourcentage","2010M10","99.6867782119405"
"Produits alimentaires et boissons non alcoolisées","Articles d'habillement et chaussures","Pourcentage","2010M11","99.7235254993206"
"Produits alimentaires et boissons non alcoolisées","Articles d'habillement et chaussures","Pourcentage","2010M12","100.369740083239"
"Produits alimentaires et boissons non alcoolisées","Articles d'habillement et chaussures","Pourcentage","2011M1","101.099153648042"
"Produits alimentaires et boissons non alcoolisées","Articles d'habillement et chaussures","Pourcentage","2011M2","101.322031508899"
"Produits alimentaires et boissons non alcoolisées","Articles d'habillement et chaussures","Pourcentage","2011M3","101.395089799428"
"Produits alimentaires et boissons non alcoolisées","Articles d'habillement et chaussures","Pourcentage","2011M4","101.114871368264"
"Produits alimentaires et boissons non alcoolisées","Articles d'habillement et chaussures","Pourcentage","2011M5","101.232899977983"
"Produits alimentaires et boissons non alcoolisées","Articles d'habillement et chaussures","Pourcentage","2011M6","101.584519565913"
"Produits alimentaires et boissons non alcoolisées","Articles d'habillement et chaussures","Pourcentage","2011M7","101.486936410278"
"Produits alimentaires et boissons non alcoolisées","Articles d'habillement et chaussures","Pourcentage","2011M8","101.606335594414"
"Produits alimentaires et boissons non alcoolisées","Articles d'habillement et chaussures","Pourcentage","2011M9","101.643459905008"
"Produits alimentaires et boissons non alcoolisées","Articles d'habillement et chaussures","Pourcentage","2011M10","101.990237610006"
"Produits alimentaires et boissons non alcoolisées","Articles d'habillement et chaussures","Pourcentage","2011M11","102.275842273708"
"Produits alimentaires et boissons non alcoolisées","Articles d'habillement et chaussures","Pourcentage","2011M12","102.540108218304"
"Produits alimentaires et boissons non alcoolisées","Articles d'habillement et chaussures","Pourcentage","2012M1","102.571233960142"
"Produits alimentaires et boissons non alcoolisées","Articles d'habillement et chaussures","Pourcentage","2012M2","102.93548713064"
"Produits alimentaires et boissons non alcoolisées","Articles d'habillement et chaussures","Pourcentage","2012M3","102.241381714346"
"Produits alimentaires et boissons non alcoolisées","Articles d'habillement et chaussures","Pourcentage","2012M4","102.249194522589"
"Produits alimentaires et boissons non alcoolisées","Articles d'habillement et chaussures","Pourcentage","2012M5","102.265763343906"
"Produits alimentaires et boissons non alcoolisées","Articles d'habillement et chaussures","Pourcentage","2012M6","102.286285503947"
"Produits alimentaires et boissons non alcoolisées","Articles d'habillement et chaussures","Pourcentage","2012M7","102.258490120086"
"Produits alimentaires et boissons non alcoolisées","Articles d'habillement et chaussures","Pourcentage","2012M8","102.511976418328"
"Produits alimentaires et boissons non alcoolisées","Articles d'habillement et chaussures","Pourcentage","2012M9","102.692864225888"
"Produits alimentaires et boissons non alcoolisées","Articles d'habillement et chaussures","Pourcentage","2012M10","102.817773381642"
"Produits alimentaires et boissons non alcoolisées","Articles d'habillement et chaussures","Pourcentage","2012M11","102.416399459077"
"Produits alimentaires et boissons non alcoolisées","Articles d'habillement et chaussures","Pourcentage","2012M12","102.531028034841"
"Produits alimentaires et boissons non alcoolisées","Articles d'habillement et chaussures","Pourcentage","2013M1","104.08"
"Produits alimentaires et boissons non alcoolisées","Articles d'habillement et chaussures","Pourcentage","2013M2","103.89"
"Produits alimentaires et boissons non alcoolisées","Articles d'habillement et chaussures","Pourcentage","2013M3","105"
"Produits alimentaires et boissons non alcoolisées","Articles d'habillement et chaussures","Pourcentage","2013M4","104.5"
"Produits alimentaires et boissons non alcoolisées","Articles d'habillement et chaussures","Pourcentage","2013M5","104.36"
"Produits alimentaires et boissons non alcoolisées","Articles d'habillement et chaussures","Pourcentage","2013M6","104.36"
"Produits alimentaires et boissons non alcoolisées","Articles d'habillement et chaussures","Pourcentage","2013M7","103.81"
"Produits alimentaires et boissons non alcoolisées","Articles d'habillement et chaussures","Pourcentage","2013M8","103.84"
"Produits alimentaires et boissons non alcoolisées","Articles d'habillement et chaussures","Pourcentage","2013M9","103.71"
"Produits alimentaires et boissons non alcoolisées","Articles d'habillement et chaussures","Pourcentage","2013M10","103.81"
"Produits alimentaires et boissons non alcoolisées","Articles d'habillement et chaussures","Pourcentage","2013M11","104.07"
"Produits alimentaires et boissons non alcoolisées","Articles d'habillement et chaussures","Pourcentage","2013M12","104.52"
"Produits alimentaires et boissons non alcoolisées","Articles d'habillement et chaussures","Pourcentage","2014M1","104.71"
"Produits alimentaires et boissons non alcoolisées","Articles d'habillement et chaussures","Pourcentage","2014M2","104.68"
"Produits alimentaires et boissons non alcoolisées","Articles d'habillement et chaussures","Pourcentage","2014M3","104.65"
"Produits alimentaires et boissons non alcoolisées","Articles d'habillement et chaussures","Pourcentage","2014M4","104.69"
"Produits alimentaires et boissons non alcoolisées","Articles d'habillement et chaussures","Pourcentage","2014M5","104.67"
"Produits alimentaires et boissons non alcoolisées","Articles d'habillement et chaussures","Pourcentage","2014M6","104.67"
"Produits alimentaires et boissons non alcoolisées","Articles d'habillement et chaussures","Pourcentage","2014M7","104.67"
"Produits alimentaires et boissons non alcoolisées","Articles d'habillement et chaussures","Pourcentage","2014M8","104.44"
"Produits alimentaires et boissons non alcoolisées","Articles d'habillement et chaussures","Pourcentage","2014M9","104.66"
"Produits alimentaires et boissons non alcoolisées","Articles d'habillement et chaussures","Pourcentage","2014M10","104.66"
"Produits alimentaires et boissons non alcoolisées","Articles d'habillement et chaussures","Pourcentage","2014M11","104.66"
"Produits alimentaires et boissons non alcoolisées","Articles d'habillement et chaussures","Pourcentage","2014M12","105.05"
"Produits alimentaires et boissons non alcoolisées","Articles d'habillement et chaussures","Pourcentage","2015M1","105.2"
"Produits alimentaires et boissons non alcoolisées","Articles d'habillement et chaussures","Pourcentage","2015M2","105.22"
"Produits alimentaires et boissons non alcoolisées","Articles d'habillement et chaussures","Pourcentage","2015M3","105.34"
"Produits alimentaires et boissons non alcoolisées","Articles d'habillement et chaussures","Pourcentage","2015M4","105.34"
"Produits alimentaires et boissons non alcoolisées","Articles d'habillement et chaussures","Pourcentage","2015M5","105.93"
"Produits alimentaires et boissons non alcoolisées","Articles d'habillement et chaussures","Pourcentage","2015M6","105.93"
"Produits alimentaires et boissons non alcoolisées","Articles d'habillement et chaussures","Pourcentage","2015M7","105.94"
"Produits alimentaires et boissons non alcoolisées","Articles d'habillement et chaussures","Pourcentage","2015M8","105.93"
"Produits alimentaires et boissons non alcoolisées","Articles d'habillement et chaussures","Pourcentage","2015M9","105.98"
"Produits alimentaires et boissons non alcoolisées","Articles d'habillement et chaussures","Pourcentage","2015M10","105.98"
"Produits alimentaires et boissons non alcoolisées","Articles d'habillement et chaussures","Pourcentage","2015M11","105.98"
"Produits alimentaires et boissons non alcoolisées","Articles d'habillement et chaussures","Pourcentage","2015M12","106.23"
"Produits alimentaires et boissons non alcoolisées","Articles d'habillement et chaussures","Pourcentage","2016M1","106"
"Produits alimentaires et boissons non alcoolisées","Articles d'habillement et chaussures","Pourcentage","2016M2","106"
"Produits alimentaires et boissons non alcoolisées","Articles d'habillement et chaussures","Pourcentage","2016M3","108.16"
"Produits alimentaires et boissons non alcoolisées","Articles d'habillement et chaussures","Pourcentage","2016M4","109.04"
"Produits alimentaires et boissons non alcoolisées","Articles d'habillement et chaussures","Pourcentage","2016M5","109.54"
"Produits alimentaires et boissons non alcoolisées","Articles d'habillement et chaussures","Pourcentage","2016M6","109.55"
"Produits alimentaires et boissons non alcoolisées","Articles d'habillement et chaussures","Pourcentage","2016M7","109.56"
"Produits alimentaires et boissons non alcoolisées","Articles d'habillement et chaussures","Pourcentage","2016M8","109.54"
"Produits alimentaires et boissons non alcoolisées","Articles d'habillement et chaussures","Pourcentage","2016M9","109.51"
"Produits alimentaires et boissons non alcoolisées","Articles d'habillement et chaussures","Pourcentage","2016M10","109.49"
"Produits alimentaires et boissons non alcoolisées","Articles d'habillement et chaussures","Pourcentage","2016M11","109.93"
"Produits alimentaires et boissons non alcoolisées","Articles d'habillement et chaussures","Pourcentage","2016M12","110.19"
"Produits alimentaires et boissons non alcoolisées","Articles d'habillement et chaussures","Pourcentage","2017M1","106.61"
"Produits alimentaires et boissons non alcoolisées","Articles d'habillement et chaussures","Pourcentage","2017M2","106.71"
"Produits alimentaires et boissons non alcoolisées","Articles d'habillement et chaussures","Pourcentage","2017M3","106.69"
"Produits alimentaires et boissons non alcoolisées","Articles d'habillement et chaussures","Pourcentage","2017M4","106.68"
"Produits alimentaires et boissons non alcoolisées","Articles d'habillement et chaussures","Pourcentage","2017M5","106.66"
"Produits alimentaires et boissons non alcoolisées","Articles d'habillement et chaussures","Pourcentage","2017M6","106.73"
"Produits alimentaires et boissons non alcoolisées","Articles d'habillement et chaussures","Pourcentage","2017M7","106.77"
"Produits alimentaires et boissons non alcoolisées","Articles d'habillement et chaussures","Pourcentage","2017M8","107.17"
"Produits alimentaires et boissons non alcoolisées","Articles d'habillement et chaussures","Pourcentage","2017M9","107.76"
"Produits alimentaires et boissons non alcoolisées","Articles d'habillement et chaussures","Pourcentage","2017M10","105.16"
"Produits alimentaires et boissons non alcoolisées","Articles d'habillement et chaussures","Pourcentage","2017M11","107.36"
"Produits alimentaires et boissons non alcoolisées","Articles d'habillement et chaussures","Pourcentage","2017M12","107.85"
"Produits alimentaires et boissons non alcoolisées","Articles d'habillement et chaussures","Pourcentage","2018M1","106.17"
"Produits alimentaires et boissons non alcoolisées","Articles d'habillement et chaussures","Pourcentage","2018M2","105.96"
"Produits alimentaires et boissons non alcoolisées","Articles d'habillement et chaussures","Pourcentage","2018M3","105.99"
"Produits alimentaires et boissons non alcoolisées","Articles d'habillement et chaussures","Pourcentage","2018M4","105.89"
"Produits alimentaires et boissons non alcoolisées","Articles d'habillement et chaussures","Pourcentage","2018M5","106.11"
"Produits alimentaires et boissons non alcoolisées","Articles d'habillement et chaussures","Pourcentage","2018M6","105.19"
"Produits alimentaires et boissons non alcoolisées","Articles d'habillement et chaussures","Pourcentage","2018M7","103.4"
"Produits alimentaires et boissons non alcoolisées","Articles d'habillement et chaussures","Pourcentage","2018M8","103.83"
"Produits alimentaires et boissons non alcoolisées","Articles d'habillement et chaussures","Pourcentage","2018M9","104.09"
"Produits alimentaires et boissons non alcoolisées","Articles d'habillement et chaussures","Pourcentage","2018M10","104.35"
"Produits alimentaires et boissons non alcoolisées","Articles d'habillement et chaussures","Pourcentage","2018M11","104.39"
"Produits alimentaires et boissons non alcoolisées","Articles d'habillement et chaussures","Pourcentage","2018M12","104.29"
"Produits alimentaires et boissons non alcoolisées","Articles d'habillement et chaussures","Pourcentage","2019M1","104.19"
"Produits alimentaires et boissons non alcoolisées","Articles d'habillement et chaussures","Pourcentage","2019M2","104.46"
"Produits alimentaires et boissons non alcoolisées","Articles d'habillement et chaussures","Pourcentage","2019M3","104.86"
"Produits alimentaires et boissons non alcoolisées","Articles d'habillement et chaussures","Pourcentage","2019M4","105.18"
"Produits alimentaires et boissons non alcoolisées","Articles d'habillement et chaussures","Pourcentage","2019M5","104.5"
"Produits alimentaires et boissons non alcoolisées","Articles d'habillement et chaussures","Pourcentage","2019M6","105.88"
"Produits alimentaires et boissons non alcoolisées","Articles d'habillement et chaussures","Pourcentage","2019M7","105.81"
"Produits alimentaires et boissons non alcoolisées","Articles d'habillement et chaussures","Pourcentage","2019M8","105.86"
"Produits alimentaires et boissons non alcoolisées","Articles d'habillement et chaussures","Pourcentage","2019M9","105.95"
"Produits alimentaires et boissons non alcoolisées","Articles d'habillement et chaussures","Pourcentage","2019M10","105.98"
"Produits alimentaires et boissons non alcoolisées","Articles d'habillement et chaussures","Pourcentage","2019M11","105.93"
"Produits alimentaires et boissons non alcoolisées","Articles d'habillement et chaussures","Pourcentage","2019M12","105.9"
"Produits alimentaires et boissons non alcoolisées","Articles d'habillement et chaussures","Pourcentage","2020M1","105.94"
"Produits alimentaires et boissons non alcoolisées","Articles d'habillement et chaussures","Pourcentage","2020M2","105.94"
"Produits alimentaires et boissons non alcoolisées","Articles d'habillement et chaussures","Pourcentage","2020M3","106.17"
"Produits alimentaires et boissons non alcoolisées","Articles d'habillement et chaussures","Pourcentage","2020M4","106.64"
"Produits alimentaires et boissons non alcoolisées","Articles d'habillement et chaussures","Pourcentage","2020M5","106.76"
"Produits alimentaires et boissons non alcoolisées","Articles d'habillement et chaussures","Pourcentage","2020M6","107.14"
"Produits alimentaires et boissons non alcoolisées","Articles d'habillement et chaussures","Pourcentage","2020M7","107.48"
"Produits alimentaires et boissons non alcoolisées","Articles d'habillement et chaussures","Pourcentage","2020M8","107.5"
"Produits alimentaires et boissons non alcoolisées","Articles d'habillement et chaussures","Pourcentage","2020M9","107.75"
"Produits alimentaires et boissons non alcoolisées","Articles d'habillement et chaussures","Pourcentage","2020M10","107.86"
"Produits alimentaires et boissons non alcoolisées","Articles d'habillement et chaussures","Pourcentage","2020M11","107.88"
"Produits alimentaires et boissons non alcoolisées","Articles d'habillement et chaussures","Pourcentage","2020M12","107.76"
"Produits alimentaires et boissons non alcoolisées","Articles d'habillement et chaussures","Pourcentage","2021M1","107.54"
"Produits alimentaires et boissons non alcoolisées","Articles d'habillement et chaussures","Pourcentage","2021M2","107.45"
"Produits alimentaires et boissons non alcoolisées","Articles d'habillement et chaussures","Pourcentage","2021M3","107.56"
"Produits alimentaires et boissons non alcoolisées","Articles d'habillement et chaussures","Pourcentage","2021M4","107.53"
"Produits alimentaires et boissons non alcoolisées","Articles d'habillement et chaussures","Pourcentage","2021M5","107.65"
"Produits alimentaires et boissons non alcoolisées","Articles d'habillement et chaussures","Pourcentage","2021M6","107.42"
"Produits alimentaires et boissons non alcoolisées","Articles d'habillement et chaussures","Pourcentage","2021M7","107.54"
"Produits alimentaires et boissons non alcoolisées","Articles d'habillement et chaussures","Pourcentage","2021M8","107.55"
"Produits alimentaires et boissons non alcoolisées","Articles d'habillement et chaussures","Pourcentage","2021M9","107.84"
"Produits alimentaires et boissons non alcoolisées","Articles d'habillement et chaussures","Pourcentage","2021M10","107.95"
"Produits alimentaires et boissons non alcoolisées","Articles d'habillement et chaussures","Pourcentage","2021M11","107.97"
"Produits alimentaires et boissons non alcoolisées","Articles d'habillement et chaussures","Pourcentage","2021M12","108.24"
"Produits alimentaires et boissons non alcoolisées","Articles d'habillement et chaussures","Pourcentage","2022M1","110.85"
"Produits alimentaires et boissons non alcoolisées","Articles d'habillement et chaussures","Pourcentage","2022M2","111.03"
"Produits alimentaires et boissons non alcoolisées","Articles d'habillement et chaussures","Pourcentage","2022M3","111.21"
"Produits alimentaires et boissons non alcoolisées","Articles d'habillement et chaussures","Pourcentage","2022M4","111.7"
"Produits alimentaires et boissons non alcoolisées","Articles d'habillement et chaussures","Pourcentage","2022M5","111.79"
"Produits alimentaires et boissons non alcoolisées","Articles d'habillement et chaussures","Pourcentage","2022M6","112.41"
"Produits alimentaires et boissons non alcoolisées","Articles d'habillement et chaussures","Pourcentage","2022M7","113.42"
"Produits alimentaires et boissons non alcoolisées","Articles d'habillement et chaussures","Pourcentage","2022M8","114.28"
"Produits alimentaires et boissons non alcoolisées","Articles d'habillement et chaussures","Pourcentage","2022M9","115.11"
"Produits alimentaires et boissons non alcoolisées","Articles d'habillement et chaussures","Pourcentage","2022M10","115.71"
"Produits alimentaires et boissons non alcoolisées","Articles d'habillement et chaussures","Pourcentage","2022M11","116.6"
"Produits alimentaires et boissons non alcoolisées","Articles d'habillement et chaussures","Pourcentage","2022M12","117.01"
"Produits alimentaires et boissons non alcoolisées","Logement, eau, gaz, électricité et autres combustibles","Pourcentage","2010M1","101.113762652918"
"Produits alimentaires et boissons non alcoolisées","Logement, eau, gaz, électricité et autres combustibles","Pourcentage","2010M2","102.963563275628"
"Produits alimentaires et boissons non alcoolisées","Logement, eau, gaz, électricité et autres combustibles","Pourcentage","2010M3","102.290874602912"
"Produits alimentaires et boissons non alcoolisées","Logement, eau, gaz, électricité et autres combustibles","Pourcentage","2010M4","102.617614535055"
"Produits alimentaires et boissons non alcoolisées","Logement, eau, gaz, électricité et autres combustibles","Pourcentage","2010M5","100.619039229833"
"Produits alimentaires et boissons non alcoolisées","Logement, eau, gaz, électricité et autres combustibles","Pourcentage","2010M6","100.805716574852"
"Produits alimentaires et boissons non alcoolisées","Logement, eau, gaz, électricité et autres combustibles","Pourcentage","2010M7","102.613785010873"
"Produits alimentaires et boissons non alcoolisées","Logement, eau, gaz, électricité et autres combustibles","Pourcentage","2010M8","102.354728458009"
"Produits alimentaires et boissons non alcoolisées","Logement, eau, gaz, électricité et autres combustibles","Pourcentage","2010M9","102.03687464603"
"Produits alimentaires et boissons non alcoolisées","Logement, eau, gaz, électricité et autres combustibles","Pourcentage","2010M10","103.194886862839"
"Produits alimentaires et boissons non alcoolisées","Logement, eau, gaz, électricité et autres combustibles","Pourcentage","2010M11","104.751039009259"
"Produits alimentaires et boissons non alcoolisées","Logement, eau, gaz, électricité et autres combustibles","Pourcentage","2010M12","108.863179550766"
"Produits alimentaires et boissons non alcoolisées","Logement, eau, gaz, électricité et autres combustibles","Pourcentage","2011M1","109.094291023582"
"Produits alimentaires et boissons non alcoolisées","Logement, eau, gaz, électricité et autres combustibles","Pourcentage","2011M2","105.500632437572"
"Produits alimentaires et boissons non alcoolisées","Logement, eau, gaz, électricité et autres combustibles","Pourcentage","2011M3","106.668758334084"
"Produits alimentaires et boissons non alcoolisées","Logement, eau, gaz, électricité et autres combustibles","Pourcentage","2011M4","111.964567865651"
"Produits alimentaires et boissons non alcoolisées","Logement, eau, gaz, électricité et autres combustibles","Pourcentage","2011M5","109.84531935689"
"Produits alimentaires et boissons non alcoolisées","Logement, eau, gaz, électricité et autres combustibles","Pourcentage","2011M6","107.733568791048"
"Produits alimentaires et boissons non alcoolisées","Logement, eau, gaz, électricité et autres combustibles","Pourcentage","2011M7","106.893108077224"
"Produits alimentaires et boissons non alcoolisées","Logement, eau, gaz, électricité et autres combustibles","Pourcentage","2011M8","107.579158244298"
"Produits alimentaires et boissons non alcoolisées","Logement, eau, gaz, électricité et autres combustibles","Pourcentage","2011M9","108.422396265098"
"Produits alimentaires et boissons non alcoolisées","Logement, eau, gaz, électricité et autres combustibles","Pourcentage","2011M10","108.264718712238"
"Produits alimentaires et boissons non alcoolisées","Logement, eau, gaz, électricité et autres combustibles","Pourcentage","2011M11","109.706588631967"
"Produits alimentaires et boissons non alcoolisées","Logement, eau, gaz, électricité et autres combustibles","Pourcentage","2011M12","113.974154144626"
"Produits alimentaires et boissons non alcoolisées","Logement, eau, gaz, électricité et autres combustibles","Pourcentage","2012M1","113.765241338765"
"Produits alimentaires et boissons non alcoolisées","Logement, eau, gaz, électricité et autres combustibles","Pourcentage","2012M2","115.38094639398"
"Produits alimentaires et boissons non alcoolisées","Logement, eau, gaz, électricité et autres combustibles","Pourcentage","2012M3","114.588180973004"
"Produits alimentaires et boissons non alcoolisées","Logement, eau, gaz, électricité et autres combustibles","Pourcentage","2012M4","114.103696697025"
"Produits alimentaires et boissons non alcoolisées","Logement, eau, gaz, électricité et autres combustibles","Pourcentage","2012M5","112.738674196119"
"Produits alimentaires et boissons non alcoolisées","Logement, eau, gaz, électricité et autres combustibles","Pourcentage","2012M6","113.327640724909"
"Produits alimentaires et boissons non alcoolisées","Logement, eau, gaz, électricité et autres combustibles","Pourcentage","2012M7","112.351875906879"
"Produits alimentaires et boissons non alcoolisées","Logement, eau, gaz, électricité et autres combustibles","Pourcentage","2012M8","114.265707398614"
"Produits alimentaires et boissons non alcoolisées","Logement, eau, gaz, électricité et autres combustibles","Pourcentage","2012M9","117.212671749674"
"Produits alimentaires et boissons non alcoolisées","Logement, eau, gaz, électricité et autres combustibles","Pourcentage","2012M10","118.714252228724"
"Produits alimentaires et boissons non alcoolisées","Logement, eau, gaz, électricité et autres combustibles","Pourcentage","2012M11","119.035963390334"
"Produits alimentaires et boissons non alcoolisées","Logement, eau, gaz, électricité et autres combustibles","Pourcentage","2012M12","118.586129770222"
"Produits alimentaires et boissons non alcoolisées","Logement, eau, gaz, électricité et autres combustibles","Pourcentage","2013M1","118.5"
"Produits alimentaires et boissons non alcoolisées","Logement, eau, gaz, électricité et autres combustibles","Pourcentage","2013M2","118.22"
"Produits alimentaires et boissons non alcoolisées","Logement, eau, gaz, électricité et autres combustibles","Pourcentage","2013M3","118.7"
"Produits alimentaires et boissons non alcoolisées","Logement, eau, gaz, électricité et autres combustibles","Pourcentage","2013M4","117.8"
"Produits alimentaires et boissons non alcoolisées","Logement, eau, gaz, électricité et autres combustibles","Pourcentage","2013M5","116.07"
"Produits alimentaires et boissons non alcoolisées","Logement, eau, gaz, électricité et autres combustibles","Pourcentage","2013M6","117.14"
"Produits alimentaires et boissons non alcoolisées","Logement, eau, gaz, électricité et autres combustibles","Pourcentage","2013M7","117.44"
"Produits alimentaires et boissons non alcoolisées","Logement, eau, gaz, électricité et autres combustibles","Pourcentage","2013M8","117.43"
"Produits alimentaires et boissons non alcoolisées","Logement, eau, gaz, électricité et autres combustibles","Pourcentage","2013M9","116.96"
"Produits alimentaires et boissons non alcoolisées","Logement, eau, gaz, électricité et autres combustibles","Pourcentage","2013M10","117.69"
"Produits alimentaires et boissons non alcoolisées","Logement, eau, gaz, électricité et autres combustibles","Pourcentage","2013M11","117.84"
"Produits alimentaires et boissons non alcoolisées","Logement, eau, gaz, électricité et autres combustibles","Pourcentage","2013M12","118.17"
"Produits alimentaires et boissons non alcoolisées","Logement, eau, gaz, électricité et autres combustibles","Pourcentage","2014M1","119.98"
"Produits alimentaires et boissons non alcoolisées","Logement, eau, gaz, électricité et autres combustibles","Pourcentage","2014M2","121.13"
"Produits alimentaires et boissons non alcoolisées","Logement, eau, gaz, électricité et autres combustibles","Pourcentage","2014M3","121"
"Produits alimentaires et boissons non alcoolisées","Logement, eau, gaz, électricité et autres combustibles","Pourcentage","2014M4","122.19"
"Produits alimentaires et boissons non alcoolisées","Logement, eau, gaz, électricité et autres combustibles","Pourcentage","2014M5","121.82"
"Produits alimentaires et boissons non alcoolisées","Logement, eau, gaz, électricité et autres combustibles","Pourcentage","2014M6","119.93"
"Produits alimentaires et boissons non alcoolisées","Logement, eau, gaz, électricité et autres combustibles","Pourcentage","2014M7","120.7"
"Produits alimentaires et boissons non alcoolisées","Logement, eau, gaz, électricité et autres combustibles","Pourcentage","2014M8","119.56"
"Produits alimentaires et boissons non alcoolisées","Logement, eau, gaz, électricité et autres combustibles","Pourcentage","2014M9","120.22"
"Produits alimentaires et boissons non alcoolisées","Logement, eau, gaz, électricité et autres combustibles","Pourcentage","2014M10","121.32"
"Produits alimentaires et boissons non alcoolisées","Logement, eau, gaz, électricité et autres combustibles","Pourcentage","2014M11","122.25"
"Produits alimentaires et boissons non alcoolisées","Logement, eau, gaz, électricité et autres combustibles","Pourcentage","2014M12","121.64"
"Produits alimentaires et boissons non alcoolisées","Logement, eau, gaz, électricité et autres combustibles","Pourcentage","2015M1","123.14"
"Produits alimentaires et boissons non alcoolisées","Logement, eau, gaz, électricité et autres combustibles","Pourcentage","2015M2","122.08"
"Produits alimentaires et boissons non alcoolisées","Logement, eau, gaz, électricité et autres combustibles","Pourcentage","2015M3","122.71"
"Produits alimentaires et boissons non alcoolisées","Logement, eau, gaz, électricité et autres combustibles","Pourcentage","2015M4","122.64"
"Produits alimentaires et boissons non alcoolisées","Logement, eau, gaz, électricité et autres combustibles","Pourcentage","2015M5","121.93"
"Produits alimentaires et boissons non alcoolisées","Logement, eau, gaz, électricité et autres combustibles","Pourcentage","2015M6","121.11"
"Produits alimentaires et boissons non alcoolisées","Logement, eau, gaz, électricité et autres combustibles","Pourcentage","2015M7","122.78"
"Produits alimentaires et boissons non alcoolisées","Logement, eau, gaz, électricité et autres combustibles","Pourcentage","2015M8","122.44"
"Produits alimentaires et boissons non alcoolisées","Logement, eau, gaz, électricité et autres combustibles","Pourcentage","2015M9","122.97"
"Produits alimentaires et boissons non alcoolisées","Logement, eau, gaz, électricité et autres combustibles","Pourcentage","2015M10","122.52"
"Produits alimentaires et boissons non alcoolisées","Logement, eau, gaz, électricité et autres combustibles","Pourcentage","2015M11","122.7"
"Produits alimentaires et boissons non alcoolisées","Logement, eau, gaz, électricité et autres combustibles","Pourcentage","2015M12","121.52"
"Produits alimentaires et boissons non alcoolisées","Logement, eau, gaz, électricité et autres combustibles","Pourcentage","2016M1","126.25"
"Produits alimentaires et boissons non alcoolisées","Logement, eau, gaz, électricité et autres combustibles","Pourcentage","2016M2","122.41"
"Produits alimentaires et boissons non alcoolisées","Logement, eau, gaz, électricité et autres combustibles","Pourcentage","2016M3","121.12"
"Produits alimentaires et boissons non alcoolisées","Logement, eau, gaz, électricité et autres combustibles","Pourcentage","2016M4","122"
"Produits alimentaires et boissons non alcoolisées","Logement, eau, gaz, électricité et autres combustibles","Pourcentage","2016M5","121.27"
"Produits alimentaires et boissons non alcoolisées","Logement, eau, gaz, électricité et autres combustibles","Pourcentage","2016M6","122.44"
"Produits alimentaires et boissons non alcoolisées","Logement, eau, gaz, électricité et autres combustibles","Pourcentage","2016M7","121.23"
"Produits alimentaires et boissons non alcoolisées","Logement, eau, gaz, électricité et autres combustibles","Pourcentage","2016M8","120.58"
"Produits alimentaires et boissons non alcoolisées","Logement, eau, gaz, électricité et autres combustibles","Pourcentage","2016M9","121.21"
"Produits alimentaires et boissons non alcoolisées","Logement, eau, gaz, électricité et autres combustibles","Pourcentage","2016M10","122.41"
"Produits alimentaires et boissons non alcoolisées","Logement, eau, gaz, électricité et autres combustibles","Pourcentage","2016M11","123.05"
"Produits alimentaires et boissons non alcoolisées","Logement, eau, gaz, électricité et autres combustibles","Pourcentage","2016M12","131.2"
"Produits alimentaires et boissons non alcoolisées","Logement, eau, gaz, électricité et autres combustibles","Pourcentage","2017M1","98.01"
"Produits alimentaires et boissons non alcoolisées","Logement, eau, gaz, électricité et autres combustibles","Pourcentage","2017M2","98.96"
"Produits alimentaires et boissons non alcoolisées","Logement, eau, gaz, électricité et autres combustibles","Pourcentage","2017M3","98.71"
"Produits alimentaires et boissons non alcoolisées","Logement, eau, gaz, électricité et autres combustibles","Pourcentage","2017M4","97.36"
"Produits alimentaires et boissons non alcoolisées","Logement, eau, gaz, électricité et autres combustibles","Pourcentage","2017M5","98.54"
"Produits alimentaires et boissons non alcoolisées","Logement, eau, gaz, électricité et autres combustibles","Pourcentage","2017M6","97.01"
"Produits alimentaires et boissons non alcoolisées","Logement, eau, gaz, électricité et autres combustibles","Pourcentage","2017M7","97.32"
"Produits alimentaires et boissons non alcoolisées","Logement, eau, gaz, électricité et autres combustibles","Pourcentage","2017M8","97.97"
"Produits alimentaires et boissons non alcoolisées","Logement, eau, gaz, électricité et autres combustibles","Pourcentage","2017M9","98.81"
"Produits alimentaires et boissons non alcoolisées","Logement, eau, gaz, électricité et autres combustibles","Pourcentage","2017M10","99.39"
"Produits alimentaires et boissons non alcoolisées","Logement, eau, gaz, électricité et autres combustibles","Pourcentage","2017M11","99.61"
"Produits alimentaires et boissons non alcoolisées","Logement, eau, gaz, électricité et autres combustibles","Pourcentage","2017M12","100.34"
"Produits alimentaires et boissons non alcoolisées","Logement, eau, gaz, électricité et autres combustibles","Pourcentage","2018M1","98.47"
"Produits alimentaires et boissons non alcoolisées","Logement, eau, gaz, électricité et autres combustibles","Pourcentage","2018M2","97.69"
"Produits alimentaires et boissons non alcoolisées","Logement, eau, gaz, électricité et autres combustibles","Pourcentage","2018M3","98.44"
"Produits alimentaires et boissons non alcoolisées","Logement, eau, gaz, électricité et autres combustibles","Pourcentage","2018M4","97.59"
"Produits alimentaires et boissons non alcoolisées","Logement, eau, gaz, électricité et autres combustibles","Pourcentage","2018M5","97.03"
"Produits alimentaires et boissons non alcoolisées","Logement, eau, gaz, électricité et autres combustibles","Pourcentage","2018M6","97.33"
"Produits alimentaires et boissons non alcoolisées","Logement, eau, gaz, électricité et autres combustibles","Pourcentage","2018M7","97.48"
"Produits alimentaires et boissons non alcoolisées","Logement, eau, gaz, électricité et autres combustibles","Pourcentage","2018M8","97.48"
"Produits alimentaires et boissons non alcoolisées","Logement, eau, gaz, électricité et autres combustibles","Pourcentage","2018M9","97.74"
"Produits alimentaires et boissons non alcoolisées","Logement, eau, gaz, électricité et autres combustibles","Pourcentage","2018M10","97.64"
"Produits alimentaires et boissons non alcoolisées","Logement, eau, gaz, électricité et autres combustibles","Pourcentage","2018M11","98.34"
"Produits alimentaires et boissons non alcoolisées","Logement, eau, gaz, électricité et autres combustibles","Pourcentage","2018M12","99.23"
"Produits alimentaires et boissons non alcoolisées","Logement, eau, gaz, électricité et autres combustibles","Pourcentage","2019M1","99.66"
"Produits alimentaires et boissons non alcoolisées","Logement, eau, gaz, électricité et autres combustibles","Pourcentage","2019M2","99.08"
"Produits alimentaires et boissons non alcoolisées","Logement, eau, gaz, électricité et autres combustibles","Pourcentage","2019M3","98.99"
"Produits alimentaires et boissons non alcoolisées","Logement, eau, gaz, électricité et autres combustibles","Pourcentage","2019M4","98.24"
"Produits alimentaires et boissons non alcoolisées","Logement, eau, gaz, électricité et autres combustibles","Pourcentage","2019M5","97.96"
"Produits alimentaires et boissons non alcoolisées","Logement, eau, gaz, électricité et autres combustibles","Pourcentage","2019M6","97.17"
"Produits alimentaires et boissons non alcoolisées","Logement, eau, gaz, électricité et autres combustibles","Pourcentage","2019M7","97.3"
"Produits alimentaires et boissons non alcoolisées","Logement, eau, gaz, électricité et autres combustibles","Pourcentage","2019M8","98.04"
"Produits alimentaires et boissons non alcoolisées","Logement, eau, gaz, électricité et autres combustibles","Pourcentage","2019M9","99.01"
"Produits alimentaires et boissons non alcoolisées","Logement, eau, gaz, électricité et autres combustibles","Pourcentage","2019M10","98.39"
"Produits alimentaires et boissons non alcoolisées","Logement, eau, gaz, électricité et autres combustibles","Pourcentage","2019M11","99.45"
"Produits alimentaires et boissons non alcoolisées","Logement, eau, gaz, électricité et autres combustibles","Pourcentage","2019M12","100.5"
"Produits alimentaires et boissons non alcoolisées","Logement, eau, gaz, électricité et autres combustibles","Pourcentage","2020M1","103.12"
"Produits alimentaires et boissons non alcoolisées","Logement, eau, gaz, électricité et autres combustibles","Pourcentage","2020M2","102.32"
"Produits alimentaires et boissons non alcoolisées","Logement, eau, gaz, électricité et autres combustibles","Pourcentage","2020M3","101.24"
"Produits alimentaires et boissons non alcoolisées","Logement, eau, gaz, électricité et autres combustibles","Pourcentage","2020M4","99.27"
"Produits alimentaires et boissons non alcoolisées","Logement, eau, gaz, électricité et autres combustibles","Pourcentage","2020M5","96.75"
"Produits alimentaires et boissons non alcoolisées","Logement, eau, gaz, électricité et autres combustibles","Pourcentage","2020M6","96.06"
"Produits alimentaires et boissons non alcoolisées","Logement, eau, gaz, électricité et autres combustibles","Pourcentage","2020M7","98.43"
"Produits alimentaires et boissons non alcoolisées","Logement, eau, gaz, électricité et autres combustibles","Pourcentage","2020M8","97.97"
"Produits alimentaires et boissons non alcoolisées","Logement, eau, gaz, électricité et autres combustibles","Pourcentage","2020M9","98.83"
"Produits alimentaires et boissons non alcoolisées","Logement, eau, gaz, électricité et autres combustibles","Pourcentage","2020M10","99.13"
"Produits alimentaires et boissons non alcoolisées","Logement, eau, gaz, électricité et autres combustibles","Pourcentage","2020M11","99.48"
"Produits alimentaires et boissons non alcoolisées","Logement, eau, gaz, électricité et autres combustibles","Pourcentage","2020M12","101.35"
"Produits alimentaires et boissons non alcoolisées","Logement, eau, gaz, électricité et autres combustibles","Pourcentage","2021M1","100.35"
"Produits alimentaires et boissons non alcoolisées","Logement, eau, gaz, électricité et autres combustibles","Pourcentage","2021M2","100.88"
"Produits alimentaires et boissons non alcoolisées","Logement, eau, gaz, électricité et autres combustibles","Pourcentage","2021M3","99.85"
"Produits alimentaires et boissons non alcoolisées","Logement, eau, gaz, électricité et autres combustibles","Pourcentage","2021M4","100.35"
"Produits alimentaires et boissons non alcoolisées","Logement, eau, gaz, électricité et autres combustibles","Pourcentage","2021M5","99.95"
"Produits alimentaires et boissons non alcoolisées","Logement, eau, gaz, électricité et autres combustibles","Pourcentage","2021M6","99.72"
"Produits alimentaires et boissons non alcoolisées","Logement, eau, gaz, électricité et autres combustibles","Pourcentage","2021M7","100.04"
"Produits alimentaires et boissons non alcoolisées","Logement, eau, gaz, électricité et autres combustibles","Pourcentage","2021M8","98.39"
"Produits alimentaires et boissons non alcoolisées","Logement, eau, gaz, électricité et autres combustibles","Pourcentage","2021M9","100.15"
"Produits alimentaires et boissons non alcoolisées","Logement, eau, gaz, électricité et autres combustibles","Pourcentage","2021M10","100.41"
"Produits alimentaires et boissons non alcoolisées","Logement, eau, gaz, électricité et autres combustibles","Pourcentage","2021M11","101.26"
"Produits alimentaires et boissons non alcoolisées","Logement, eau, gaz, électricité et autres combustibles","Pourcentage","2021M12","103.21"
"Produits alimentaires et boissons non alcoolisées","Logement, eau, gaz, électricité et autres combustibles","Pourcentage","2022M1","105.1"
"Produits alimentaires et boissons non alcoolisées","Logement, eau, gaz, électricité et autres combustibles","Pourcentage","2022M2","108.82"
"Produits alimentaires et boissons non alcoolisées","Logement, eau, gaz, électricité et autres combustibles","Pourcentage","2022M3","106.66"
"Produits alimentaires et boissons non alcoolisées","Logement, eau, gaz, électricité et autres combustibles","Pourcentage","2022M4","106.39"
"Produits alimentaires et boissons non alcoolisées","Logement, eau, gaz, électricité et autres combustibles","Pourcentage","2022M5","105.01"
"Produits alimentaires et boissons non alcoolisées","Logement, eau, gaz, électricité et autres combustibles","Pourcentage","2022M6","107.02"
"Produits alimentaires et boissons non alcoolisées","Logement, eau, gaz, électricité et autres combustibles","Pourcentage","2022M7","105.77"
"Produits alimentaires et boissons non alcoolisées","Logement, eau, gaz, électricité et autres combustibles","Pourcentage","2022M8","109.64"
"Produits alimentaires et boissons non alcoolisées","Logement, eau, gaz, électricité et autres combustibles","Pourcentage","2022M9","111.13"
"Produits alimentaires et boissons non alcoolisées","Logement, eau, gaz, électricité et autres combustibles","Pourcentage","2022M10","111.84"
"Produits alimentaires et boissons non alcoolisées","Logement, eau, gaz, électricité et autres combustibles","Pourcentage","2022M11","114.27"
"Produits alimentaires et boissons non alcoolisées","Logement, eau, gaz, électricité et autres combustibles","Pourcentage","2022M12","112.55"
"Produits alimentaires et boissons non alcoolisées","Meubles, articles de ménage et entretien courant du foyer","Pourcentage","2010M1","101.129180225155"
"Produits alimentaires et boissons non alcoolisées","Meubles, articles de ménage et entretien courant du foyer","Pourcentage","2010M2","101.145259428323"
"Produits alimentaires et boissons non alcoolisées","Meubles, articles de ménage et entretien courant du foyer","Pourcentage","2010M3","100.922554251972"
"Produits alimentaires et boissons non alcoolisées","Meubles, articles de ménage et entretien courant du foyer","Pourcentage","2010M4","100.873542169373"
"Produits alimentaires et boissons non alcoolisées","Meubles, articles de ménage et entretien courant du foyer","Pourcentage","2010M5","100.815244094929"
"Produits alimentaires et boissons non alcoolisées","Meubles, articles de ménage et entretien courant du foyer","Pourcentage","2010M6","100.992150022521"
"Produits alimentaires et boissons non alcoolisées","Meubles, articles de ménage et entretien courant du foyer","Pourcentage","2010M7","102.125389898719"
"Produits alimentaires et boissons non alcoolisées","Meubles, articles de ménage et entretien courant du foyer","Pourcentage","2010M8","102.838768471725"
"Produits alimentaires et boissons non alcoolisées","Meubles, articles de ménage et entretien courant du foyer","Pourcentage","2010M9","102.388023346059"
"Produits alimentaires et boissons non alcoolisées","Meubles, articles de ménage et entretien courant du foyer","Pourcentage","2010M10","102.312745030982"
"Produits alimentaires et boissons non alcoolisées","Meubles, articles de ménage et entretien courant du foyer","Pourcentage","2010M11","102.234720378782"
"Produits alimentaires et boissons non alcoolisées","Meubles, articles de ménage et entretien courant du foyer","Pourcentage","2010M12","103.408332410715"
"Produits alimentaires et boissons non alcoolisées","Meubles, articles de ménage et entretien courant du foyer","Pourcentage","2011M1","105.301733118788"
"Produits alimentaires et boissons non alcoolisées","Meubles, articles de ménage et entretien courant du foyer","Pourcentage","2011M2","105.440390667733"
"Produits alimentaires et boissons non alcoolisées","Meubles, articles de ménage et entretien courant du foyer","Pourcentage","2011M3","106.315028803372"
"Produits alimentaires et boissons non alcoolisées","Meubles, articles de ménage et entretien courant du foyer","Pourcentage","2011M4","106.902254599009"
"Produits alimentaires et boissons non alcoolisées","Meubles, articles de ménage et entretien courant du foyer","Pourcentage","2011M5","106.669367393204"
"Produits alimentaires et boissons non alcoolisées","Meubles, articles de ménage et entretien courant du foyer","Pourcentage","2011M6","106.765920405309"
"Produits alimentaires et boissons non alcoolisées","Meubles, articles de ménage et entretien courant du foyer","Pourcentage","2011M7","107.61123612052"
"Produits alimentaires et boissons non alcoolisées","Meubles, articles de ménage et entretien courant du foyer","Pourcentage","2011M8","107.533948101738"
"Produits alimentaires et boissons non alcoolisées","Meubles, articles de ménage et entretien courant du foyer","Pourcentage","2011M9","107.804053120829"
"Produits alimentaires et boissons non alcoolisées","Meubles, articles de ménage et entretien courant du foyer","Pourcentage","2011M10","107.811188357102"
"Produits alimentaires et boissons non alcoolisées","Meubles, articles de ménage et entretien courant du foyer","Pourcentage","2011M11","107.783993263899"
"Produits alimentaires et boissons non alcoolisées","Meubles, articles de ménage et entretien courant du foyer","Pourcentage","2011M12","107.757495696248"
"Produits alimentaires et boissons non alcoolisées","Meubles, articles de ménage et entretien courant du foyer","Pourcentage","2012M1","107.723117498248"
"Produits alimentaires et boissons non alcoolisées","Meubles, articles de ménage et entretien courant du foyer","Pourcentage","2012M2","107.80809695282"
"Produits alimentaires et boissons non alcoolisées","Meubles, articles de ménage et entretien courant du foyer","Pourcentage","2012M3","107.910871564461"
"Produits alimentaires et boissons non alcoolisées","Meubles, articles de ménage et entretien courant du foyer","Pourcentage","2012M4","108.064217154952"
"Produits alimentaires et boissons non alcoolisées","Meubles, articles de ménage et entretien courant du foyer","Pourcentage","2012M5","108.127972668774"
"Produits alimentaires et boissons non alcoolisées","Meubles, articles de ménage et entretien courant du foyer","Pourcentage","2012M6","107.996655432652"
"Produits alimentaires et boissons non alcoolisées","Meubles, articles de ménage et entretien courant du foyer","Pourcentage","2012M7","108.146382058991"
"Produits alimentaires et boissons non alcoolisées","Meubles, articles de ménage et entretien courant du foyer","Pourcentage","2012M8","108.524122152206"
"Produits alimentaires et boissons non alcoolisées","Meubles, articles de ménage et entretien courant du foyer","Pourcentage","2012M9","108.41723804111"
"Produits alimentaires et boissons non alcoolisées","Meubles, articles de ménage et entretien courant du foyer","Pourcentage","2012M10","108.778132471016"
"Produits alimentaires et boissons non alcoolisées","Meubles, articles de ménage et entretien courant du foyer","Pourcentage","2012M11","108.916363542861"
"Produits alimentaires et boissons non alcoolisées","Meubles, articles de ménage et entretien courant du foyer","Pourcentage","2012M12","108.971182543372"
"Produits alimentaires et boissons non alcoolisées","Meubles, articles de ménage et entretien courant du foyer","Pourcentage","2013M1","108.94"
"Produits alimentaires et boissons non alcoolisées","Meubles, articles de ménage et entretien courant du foyer","Pourcentage","2013M2","109.17"
"Produits alimentaires et boissons non alcoolisées","Meubles, articles de ménage et entretien courant du foyer","Pourcentage","2013M3","109.3"
"Produits alimentaires et boissons non alcoolisées","Meubles, articles de ménage et entretien courant du foyer","Pourcentage","2013M4","109.5"
"Produits alimentaires et boissons non alcoolisées","Meubles, articles de ménage et entretien courant du foyer","Pourcentage","2013M5","109.45"
"Produits alimentaires et boissons non alcoolisées","Meubles, articles de ménage et entretien courant du foyer","Pourcentage","2013M6","109.82"
"Produits alimentaires et boissons non alcoolisées","Meubles, articles de ménage et entretien courant du foyer","Pourcentage","2013M7","110.06"
"Produits alimentaires et boissons non alcoolisées","Meubles, articles de ménage et entretien courant du foyer","Pourcentage","2013M8","110.38"
"Produits alimentaires et boissons non alcoolisées","Meubles, articles de ménage et entretien courant du foyer","Pourcentage","2013M9","110.72"
"Produits alimentaires et boissons non alcoolisées","Meubles, articles de ménage et entretien courant du foyer","Pourcentage","2013M10","111.09"
"Produits alimentaires et boissons non alcoolisées","Meubles, articles de ménage et entretien courant du foyer","Pourcentage","2013M11","111.22"
"Produits alimentaires et boissons non alcoolisées","Meubles, articles de ménage et entretien courant du foyer","Pourcentage","2013M12","111.36"
"Produits alimentaires et boissons non alcoolisées","Meubles, articles de ménage et entretien courant du foyer","Pourcentage","2014M1","111.77"
"Produits alimentaires et boissons non alcoolisées","Meubles, articles de ménage et entretien courant du foyer","Pourcentage","2014M2","111.92"
"Produits alimentaires et boissons non alcoolisées","Meubles, articles de ménage et entretien courant du foyer","Pourcentage","2014M3","111.87"
"Produits alimentaires et boissons non alcoolisées","Meubles, articles de ménage et entretien courant du foyer","Pourcentage","2014M4","111.74"
"Produits alimentaires et boissons non alcoolisées","Meubles, articles de ménage et entretien courant du foyer","Pourcentage","2014M5","111.61"
"Produits alimentaires et boissons non alcoolisées","Meubles, articles de ménage et entretien courant du foyer","Pourcentage","2014M6","111.95"
"Produits alimentaires et boissons non alcoolisées","Meubles, articles de ménage et entretien courant du foyer","Pourcentage","2014M7","111.93"
"Produits alimentaires et boissons non alcoolisées","Meubles, articles de ménage et entretien courant du foyer","Pourcentage","2014M8","111.86"
"Produits alimentaires et boissons non alcoolisées","Meubles, articles de ménage et entretien courant du foyer","Pourcentage","2014M9","111.85"
"Produits alimentaires et boissons non alcoolisées","Meubles, articles de ménage et entretien courant du foyer","Pourcentage","2014M10","112.22"
"Produits alimentaires et boissons non alcoolisées","Meubles, articles de ménage et entretien courant du foyer","Pourcentage","2014M11","112.02"
"Produits alimentaires et boissons non alcoolisées","Meubles, articles de ménage et entretien courant du foyer","Pourcentage","2014M12","111.9"
"Produits alimentaires et boissons non alcoolisées","Meubles, articles de ménage et entretien courant du foyer","Pourcentage","2015M1","111.65"
"Produits alimentaires et boissons non alcoolisées","Meubles, articles de ménage et entretien courant du foyer","Pourcentage","2015M2","112.01"
"Produits alimentaires et boissons non alcoolisées","Meubles, articles de ménage et entretien courant du foyer","Pourcentage","2015M3","112.06"
"Produits alimentaires et boissons non alcoolisées","Meubles, articles de ménage et entretien courant du foyer","Pourcentage","2015M4","112.13"
"Produits alimentaires et boissons non alcoolisées","Meubles, articles de ménage et entretien courant du foyer","Pourcentage","2015M5","112.76"
"Produits alimentaires et boissons non alcoolisées","Meubles, articles de ménage et entretien courant du foyer","Pourcentage","2015M6","112.76"
"Produits alimentaires et boissons non alcoolisées","Meubles, articles de ménage et entretien courant du foyer","Pourcentage","2015M7","112.8"
"Produits alimentaires et boissons non alcoolisées","Meubles, articles de ménage et entretien courant du foyer","Pourcentage","2015M8","113.08"
"Produits alimentaires et boissons non alcoolisées","Meubles, articles de ménage et entretien courant du foyer","Pourcentage","2015M9","112.92"
"Produits alimentaires et boissons non alcoolisées","Meubles, articles de ménage et entretien courant du foyer","Pourcentage","2015M10","113.05"
"Produits alimentaires et boissons non alcoolisées","Meubles, articles de ménage et entretien courant du foyer","Pourcentage","2015M11","114.04"
"Produits alimentaires et boissons non alcoolisées","Meubles, articles de ménage et entretien courant du foyer","Pourcentage","2015M12","113.09"
"Produits alimentaires et boissons non alcoolisées","Meubles, articles de ménage et entretien courant du foyer","Pourcentage","2016M1","112.87"
"Produits alimentaires et boissons non alcoolisées","Meubles, articles de ménage et entretien courant du foyer","Pourcentage","2016M2","113.12"
"Produits alimentaires et boissons non alcoolisées","Meubles, articles de ménage et entretien courant du foyer","Pourcentage","2016M3","113.14"
"Produits alimentaires et boissons non alcoolisées","Meubles, articles de ménage et entretien courant du foyer","Pourcentage","2016M4","113.3"
"Produits alimentaires et boissons non alcoolisées","Meubles, articles de ménage et entretien courant du foyer","Pourcentage","2016M5","113.08"
"Produits alimentaires et boissons non alcoolisées","Meubles, articles de ménage et entretien courant du foyer","Pourcentage","2016M6","113.28"
"Produits alimentaires et boissons non alcoolisées","Meubles, articles de ménage et entretien courant du foyer","Pourcentage","2016M7","113.28"
"Produits alimentaires et boissons non alcoolisées","Meubles, articles de ménage et entretien courant du foyer","Pourcentage","2016M8","113.38"
"Produits alimentaires et boissons non alcoolisées","Meubles, articles de ménage et entretien courant du foyer","Pourcentage","2016M9","113.66"
"Produits alimentaires et boissons non alcoolisées","Meubles, articles de ménage et entretien courant du foyer","Pourcentage","2016M10","113.72"
"Produits alimentaires et boissons non alcoolisées","Meubles, articles de ménage et entretien courant du foyer","Pourcentage","2016M11","113.72"
"Produits alimentaires et boissons non alcoolisées","Meubles, articles de ménage et entretien courant du foyer","Pourcentage","2016M12","114.06"
"Produits alimentaires et boissons non alcoolisées","Meubles, articles de ménage et entretien courant du foyer","Pourcentage","2017M1","104.27"
"Produits alimentaires et boissons non alcoolisées","Meubles, articles de ménage et entretien courant du foyer","Pourcentage","2017M2","104.18"
"Produits alimentaires et boissons non alcoolisées","Meubles, articles de ménage et entretien courant du foyer","Pourcentage","2017M3","103.95"
"Produits alimentaires et boissons non alcoolisées","Meubles, articles de ménage et entretien courant du foyer","Pourcentage","2017M4","103.65"
"Produits alimentaires et boissons non alcoolisées","Meubles, articles de ménage et entretien courant du foyer","Pourcentage","2017M5","103.92"
"Produits alimentaires et boissons non alcoolisées","Meubles, articles de ménage et entretien courant du foyer","Pourcentage","2017M6","104.54"
"Produits alimentaires et boissons non alcoolisées","Meubles, articles de ménage et entretien courant du foyer","Pourcentage","2017M7","104.11"
"Produits alimentaires et boissons non alcoolisées","Meubles, articles de ménage et entretien courant du foyer","Pourcentage","2017M8","104.45"
"Produits alimentaires et boissons non alcoolisées","Meubles, articles de ménage et entretien courant du foyer","Pourcentage","2017M9","104.52"
"Produits alimentaires et boissons non alcoolisées","Meubles, articles de ménage et entretien courant du foyer","Pourcentage","2017M10","104.55"
"Produits alimentaires et boissons non alcoolisées","Meubles, articles de ménage et entretien courant du foyer","Pourcentage","2017M11","103.95"
"Produits alimentaires et boissons non alcoolisées","Meubles, articles de ménage et entretien courant du foyer","Pourcentage","2017M12","107.64"
"Produits alimentaires et boissons non alcoolisées","Meubles, articles de ménage et entretien courant du foyer","Pourcentage","2018M1","104.6"
"Produits alimentaires et boissons non alcoolisées","Meubles, articles de ménage et entretien courant du foyer","Pourcentage","2018M2","104.37"
"Produits alimentaires et boissons non alcoolisées","Meubles, articles de ménage et entretien courant du foyer","Pourcentage","2018M3","104.06"
"Produits alimentaires et boissons non alcoolisées","Meubles, articles de ménage et entretien courant du foyer","Pourcentage","2018M4","105.06"
"Produits alimentaires et boissons non alcoolisées","Meubles, articles de ménage et entretien courant du foyer","Pourcentage","2018M5","105.42"
"Produits alimentaires et boissons non alcoolisées","Meubles, articles de ménage et entretien courant du foyer","Pourcentage","2018M6","106.15"
"Produits alimentaires et boissons non alcoolisées","Meubles, articles de ménage et entretien courant du foyer","Pourcentage","2018M7","105.29"
"Produits alimentaires et boissons non alcoolisées","Meubles, articles de ménage et entretien courant du foyer","Pourcentage","2018M8","105.41"
"Produits alimentaires et boissons non alcoolisées","Meubles, articles de ménage et entretien courant du foyer","Pourcentage","2018M9","105.21"
"Produits alimentaires et boissons non alcoolisées","Meubles, articles de ménage et entretien courant du foyer","Pourcentage","2018M10","105.01"
"Produits alimentaires et boissons non alcoolisées","Meubles, articles de ménage et entretien courant du foyer","Pourcentage","2018M11","105.86"
"Produits alimentaires et boissons non alcoolisées","Meubles, articles de ménage et entretien courant du foyer","Pourcentage","2018M12","105.73"
"Produits alimentaires et boissons non alcoolisées","Meubles, articles de ménage et entretien courant du foyer","Pourcentage","2019M1","107.8"
"Produits alimentaires et boissons non alcoolisées","Meubles, articles de ménage et entretien courant du foyer","Pourcentage","2019M2","107.56"
"Produits alimentaires et boissons non alcoolisées","Meubles, articles de ménage et entretien courant du foyer","Pourcentage","2019M3","107.51"
"Produits alimentaires et boissons non alcoolisées","Meubles, articles de ménage et entretien courant du foyer","Pourcentage","2019M4","107.76"
"Produits alimentaires et boissons non alcoolisées","Meubles, articles de ménage et entretien courant du foyer","Pourcentage","2019M5","107.54"
"Produits alimentaires et boissons non alcoolisées","Meubles, articles de ménage et entretien courant du foyer","Pourcentage","2019M6","109.53"
"Produits alimentaires et boissons non alcoolisées","Meubles, articles de ménage et entretien courant du foyer","Pourcentage","2019M7","109.49"
"Produits alimentaires et boissons non alcoolisées","Meubles, articles de ménage et entretien courant du foyer","Pourcentage","2019M8","109.48"
"Produits alimentaires et boissons non alcoolisées","Meubles, articles de ménage et entretien courant du foyer","Pourcentage","2019M9","109.46"
"Produits alimentaires et boissons non alcoolisées","Meubles, articles de ménage et entretien courant du foyer","Pourcentage","2019M10","109.04"
"Produits alimentaires et boissons non alcoolisées","Meubles, articles de ménage et entretien courant du foyer","Pourcentage","2019M11","109.37"
"Produits alimentaires et boissons non alcoolisées","Meubles, articles de ménage et entretien courant du foyer","Pourcentage","2019M12","109.4"
"Produits alimentaires et boissons non alcoolisées","Meubles, articles de ménage et entretien courant du foyer","Pourcentage","2020M1","109.23"
"Produits alimentaires et boissons non alcoolisées","Meubles, articles de ménage et entretien courant du foyer","Pourcentage","2020M2","108.8"
"Produits alimentaires et boissons non alcoolisées","Meubles, articles de ménage et entretien courant du foyer","Pourcentage","2020M3","109.13"
"Produits alimentaires et boissons non alcoolisées","Meubles, articles de ménage et entretien courant du foyer","Pourcentage","2020M4","109.62"
"Produits alimentaires et boissons non alcoolisées","Meubles, articles de ménage et entretien courant du foyer","Pourcentage","2020M5","109.41"
"Produits alimentaires et boissons non alcoolisées","Meubles, articles de ménage et entretien courant du foyer","Pourcentage","2020M6","109.67"
"Produits alimentaires et boissons non alcoolisées","Meubles, articles de ménage et entretien courant du foyer","Pourcentage","2020M7","109.84"
"Produits alimentaires et boissons non alcoolisées","Meubles, articles de ménage et entretien courant du foyer","Pourcentage","2020M8","109.77"
"Produits alimentaires et boissons non alcoolisées","Meubles, articles de ménage et entretien courant du foyer","Pourcentage","2020M9","109.88"
"Produits alimentaires et boissons non alcoolisées","Meubles, articles de ménage et entretien courant du foyer","Pourcentage","2020M10","110.07"
"Produits alimentaires et boissons non alcoolisées","Meubles, articles de ménage et entretien courant du foyer","Pourcentage","2020M11","109.74"
"Produits alimentaires et boissons non alcoolisées","Meubles, articles de ménage et entretien courant du foyer","Pourcentage","2020M12","110.1"
"Produits alimentaires et boissons non alcoolisées","Meubles, articles de ménage et entretien courant du foyer","Pourcentage","2021M1","110.55"
"Produits alimentaires et boissons non alcoolisées","Meubles, articles de ménage et entretien courant du foyer","Pourcentage","2021M2","110.67"
"Produits alimentaires et boissons non alcoolisées","Meubles, articles de ménage et entretien courant du foyer","Pourcentage","2021M3","110.95"
"Produits alimentaires et boissons non alcoolisées","Meubles, articles de ménage et entretien courant du foyer","Pourcentage","2021M4","110.92"
"Produits alimentaires et boissons non alcoolisées","Meubles, articles de ménage et entretien courant du foyer","Pourcentage","2021M5","111.28"
"Produits alimentaires et boissons non alcoolisées","Meubles, articles de ménage et entretien courant du foyer","Pourcentage","2021M6","111.32"
"Produits alimentaires et boissons non alcoolisées","Meubles, articles de ménage et entretien courant du foyer","Pourcentage","2021M7","111.41"
"Produits alimentaires et boissons non alcoolisées","Meubles, articles de ménage et entretien courant du foyer","Pourcentage","2021M8","111.34"
"Produits alimentaires et boissons non alcoolisées","Meubles, articles de ménage et entretien courant du foyer","Pourcentage","2021M9","111.35"
"Produits alimentaires et boissons non alcoolisées","Meubles, articles de ménage et entretien courant du foyer","Pourcentage","2021M10","111.4"
"Produits alimentaires et boissons non alcoolisées","Meubles, articles de ménage et entretien courant du foyer","Pourcentage","2021M11","111.49"
"Produits alimentaires et boissons non alcoolisées","Meubles, articles de ménage et entretien courant du foyer","Pourcentage","2021M12","111.52"
"Produits alimentaires et boissons non alcoolisées","Meubles, articles de ménage et entretien courant du foyer","Pourcentage","2022M1","112.81"
"Produits alimentaires et boissons non alcoolisées","Meubles, articles de ménage et entretien courant du foyer","Pourcentage","2022M2","113.75"
"Produits alimentaires et boissons non alcoolisées","Meubles, articles de ménage et entretien courant du foyer","Pourcentage","2022M3","114.06"
"Produits alimentaires et boissons non alcoolisées","Meubles, articles de ménage et entretien courant du foyer","Pourcentage","2022M4","115.1"
"Produits alimentaires et boissons non alcoolisées","Meubles, articles de ménage et entretien courant du foyer","Pourcentage","2022M5","115.97"
"Produits alimentaires et boissons non alcoolisées","Meubles, articles de ménage et entretien courant du foyer","Pourcentage","2022M6","117.19"
"Produits alimentaires et boissons non alcoolisées","Meubles, articles de ménage et entretien courant du foyer","Pourcentage","2022M7","118.11"
"Produits alimentaires et boissons non alcoolisées","Meubles, articles de ménage et entretien courant du foyer","Pourcentage","2022M8","119.38"
"Produits alimentaires et boissons non alcoolisées","Meubles, articles de ménage et entretien courant du foyer","Pourcentage","2022M9","120.33"
"Produits alimentaires et boissons non alcoolisées","Meubles, articles de ménage et entretien courant du foyer","Pourcentage","2022M10","121"
"Produits alimentaires et boissons non alcoolisées","Meubles, articles de ménage et entretien courant du foyer","Pourcentage","2022M11","121.28"
"Produits alimentaires et boissons non alcoolisées","Meubles, articles de ménage et entretien courant du foyer","Pourcentage","2022M12","121.66"
"Produits alimentaires et boissons non alcoolisées","Santé","Pourcentage","2010M1","102.309113286647"
"Produits alimentaires et boissons non alcoolisées","Santé","Pourcentage","2010M2","102.661975794641"
"Produits alimentaires et boissons non alcoolisées","Santé","Pourcentage","2010M3","102.364632312141"
"Produits alimentaires et boissons non alcoolisées","Santé","Pourcentage","2010M4","102.31064802478"
"Produits alimentaires et boissons non alcoolisées","Santé","Pourcentage","2010M5","102.210272499669"
"Produits alimentaires et boissons non alcoolisées","Santé","Pourcentage","2010M6","101.83388816345"
"Produits alimentaires et boissons non alcoolisées","Santé","Pourcentage","2010M7","101.98219067109"
"Produits alimentaires et boissons non alcoolisées","Santé","Pourcentage","2010M8","101.116906704865"
"Produits alimentaires et boissons non alcoolisées","Santé","Pourcentage","2010M9","101.556893655313"
"Produits alimentaires et boissons non alcoolisées","Santé","Pourcentage","2010M10","101.915107760807"
"Produits alimentaires et boissons non alcoolisées","Santé","Pourcentage","2010M11","101.759726539244"
"Produits alimentaires et boissons non alcoolisées","Santé","Pourcentage","2010M12","105.871612524735"
"Produits alimentaires et boissons non alcoolisées","Santé","Pourcentage","2011M1","105.150861199503"
"Produits alimentaires et boissons non alcoolisées","Santé","Pourcentage","2011M2","104.87192366042"
"Produits alimentaires et boissons non alcoolisées","Santé","Pourcentage","2011M3","106.419732870977"
"Produits alimentaires et boissons non alcoolisées","Santé","Pourcentage","2011M4","107.285926774509"
"Produits alimentaires et boissons non alcoolisées","Santé","Pourcentage","2011M5","106.850421212658"
"Produits alimentaires et boissons non alcoolisées","Santé","Pourcentage","2011M6","107.44753683938"
"Produits alimentaires et boissons non alcoolisées","Santé","Pourcentage","2011M7","106.102385409079"
"Produits alimentaires et boissons non alcoolisées","Santé","Pourcentage","2011M8","105.544192721936"
"Produits alimentaires et boissons non alcoolisées","Santé","Pourcentage","2011M9","105.066889254424"
"Produits alimentaires et boissons non alcoolisées","Santé","Pourcentage","2011M10","104.956219662279"
"Produits alimentaires et boissons non alcoolisées","Santé","Pourcentage","2011M11","105.354107809055"
"Produits alimentaires et boissons non alcoolisées","Santé","Pourcentage","2011M12","105.277481122317"
"Produits alimentaires et boissons non alcoolisées","Santé","Pourcentage","2012M1","105.054869516139"
"Produits alimentaires et boissons non alcoolisées","Santé","Pourcentage","2012M2","106.019167198057"
"Produits alimentaires et boissons non alcoolisées","Santé","Pourcentage","2012M3","106.887223622155"
"Produits alimentaires et boissons non alcoolisées","Santé","Pourcentage","2012M4","105.78358856906"
"Produits alimentaires et boissons non alcoolisées","Santé","Pourcentage","2012M5","105.706381766417"
"Produits alimentaires et boissons non alcoolisées","Santé","Pourcentage","2012M6","105.08830512057"
"Produits alimentaires et boissons non alcoolisées","Santé","Pourcentage","2012M7","102.831931469996"
"Produits alimentaires et boissons non alcoolisées","Santé","Pourcentage","2012M8","102.791275697003"
"Produits alimentaires et boissons non alcoolisées","Santé","Pourcentage","2012M9","102.797192151894"
"Produits alimentaires et boissons non alcoolisées","Santé","Pourcentage","2012M10","102.196297907325"
"Produits alimentaires et boissons non alcoolisées","Santé","Pourcentage","2012M11","102.436978624989"
"Produits alimentaires et boissons non alcoolisées","Santé","Pourcentage","2012M12","102.108226352421"
"Produits alimentaires et boissons non alcoolisées","Santé","Pourcentage","2013M1","102.8"
"Produits alimentaires et boissons non alcoolisées","Santé","Pourcentage","2013M2","101.27"
"Produits alimentaires et boissons non alcoolisées","Santé","Pourcentage","2013M3","103.8"
"Produits alimentaires et boissons non alcoolisées","Santé","Pourcentage","2013M4","101.9"
"Produits alimentaires et boissons non alcoolisées","Santé","Pourcentage","2013M5","102.62"
"Produits alimentaires et boissons non alcoolisées","Santé","Pourcentage","2013M6","102.34"
"Produits alimentaires et boissons non alcoolisées","Santé","Pourcentage","2013M7","102.4"
"Produits alimentaires et boissons non alcoolisées","Santé","Pourcentage","2013M8","102.32"
"Produits alimentaires et boissons non alcoolisées","Santé","Pourcentage","2013M9","102.69"
"Produits alimentaires et boissons non alcoolisées","Santé","Pourcentage","2013M10","102.4"
"Produits alimentaires et boissons non alcoolisées","Santé","Pourcentage","2013M11","102.5"
"Produits alimentaires et boissons non alcoolisées","Santé","Pourcentage","2013M12","102.52"
"Produits alimentaires et boissons non alcoolisées","Santé","Pourcentage","2014M1","101.6"
"Produits alimentaires et boissons non alcoolisées","Santé","Pourcentage","2014M2","102.05"
"Produits alimentaires et boissons non alcoolisées","Santé","Pourcentage","2014M3","102.57"
"Produits alimentaires et boissons non alcoolisées","Santé","Pourcentage","2014M4","102.13"
"Produits alimentaires et boissons non alcoolisées","Santé","Pourcentage","2014M5","101.89"
"Produits alimentaires et boissons non alcoolisées","Santé","Pourcentage","2014M6","102.99"
"Produits alimentaires et boissons non alcoolisées","Santé","Pourcentage","2014M7","102"
"Produits alimentaires et boissons non alcoolisées","Santé","Pourcentage","2014M8","101.93"
"Produits alimentaires et boissons non alcoolisées","Santé","Pourcentage","2014M9","101.87"
"Produits alimentaires et boissons non alcoolisées","Santé","Pourcentage","2014M10","102.64"
"Produits alimentaires et boissons non alcoolisées","Santé","Pourcentage","2014M11","102.27"
"Produits alimentaires et boissons non alcoolisées","Santé","Pourcentage","2014M12","103.09"
"Produits alimentaires et boissons non alcoolisées","Santé","Pourcentage","2015M1","103.16"
"Produits alimentaires et boissons non alcoolisées","Santé","Pourcentage","2015M2","102.91"
"Produits alimentaires et boissons non alcoolisées","Santé","Pourcentage","2015M3","104.28"
"Produits alimentaires et boissons non alcoolisées","Santé","Pourcentage","2015M4","103.48"
"Produits alimentaires et boissons non alcoolisées","Santé","Pourcentage","2015M5","102.84"
"Produits alimentaires et boissons non alcoolisées","Santé","Pourcentage","2015M6","103.27"
"Produits alimentaires et boissons non alcoolisées","Santé","Pourcentage","2015M7","109.12"
"Produits alimentaires et boissons non alcoolisées","Santé","Pourcentage","2015M8","103.21"
"Produits alimentaires et boissons non alcoolisées","Santé","Pourcentage","2015M9","102.87"
"Produits alimentaires et boissons non alcoolisées","Santé","Pourcentage","2015M10","101.51"
"Produits alimentaires et boissons non alcoolisées","Santé","Pourcentage","2015M11","101.63"
"Produits alimentaires et boissons non alcoolisées","Santé","Pourcentage","2015M12","101.28"
"Produits alimentaires et boissons non alcoolisées","Santé","Pourcentage","2016M1","103.01"
"Produits alimentaires et boissons non alcoolisées","Santé","Pourcentage","2016M2","103.08"
"Produits alimentaires et boissons non alcoolisées","Santé","Pourcentage","2016M3","102.98"
"Produits alimentaires et boissons non alcoolisées","Santé","Pourcentage","2016M4","103.15"
"Produits alimentaires et boissons non alcoolisées","Santé","Pourcentage","2016M5","103.46"
"Produits alimentaires et boissons non alcoolisées","Santé","Pourcentage","2016M6","103.37"
"Produits alimentaires et boissons non alcoolisées","Santé","Pourcentage","2016M7","103.14"
"Produits alimentaires et boissons non alcoolisées","Santé","Pourcentage","2016M8","101.62"
"Produits alimentaires et boissons non alcoolisées","Santé","Pourcentage","2016M9","102.95"
"Produits alimentaires et boissons non alcoolisées","Santé","Pourcentage","2016M10","103.16"
"Produits alimentaires et boissons non alcoolisées","Santé","Pourcentage","2016M11","102.31"
"Produits alimentaires et boissons non alcoolisées","Santé","Pourcentage","2016M12","102.87"
"Produits alimentaires et boissons non alcoolisées","Santé","Pourcentage","2017M1","96.87"
"Produits alimentaires et boissons non alcoolisées","Santé","Pourcentage","2017M2","96.93"
"Produits alimentaires et boissons non alcoolisées","Santé","Pourcentage","2017M3","96.81"
"Produits alimentaires et boissons non alcoolisées","Santé","Pourcentage","2017M4","96.23"
"Produits alimentaires et boissons non alcoolisées","Santé","Pourcentage","2017M5","96.43"
"Produits alimentaires et boissons non alcoolisées","Santé","Pourcentage","2017M6","96.1"
"Produits alimentaires et boissons non alcoolisées","Santé","Pourcentage","2017M7","96.15"
"Produits alimentaires et boissons non alcoolisées","Santé","Pourcentage","2017M8","96.24"
"Produits alimentaires et boissons non alcoolisées","Santé","Pourcentage","2017M9","96.08"
"Produits alimentaires et boissons non alcoolisées","Santé","Pourcentage","2017M10","96.28"
"Produits alimentaires et boissons non alcoolisées","Santé","Pourcentage","2017M11","96.15"
"Produits alimentaires et boissons non alcoolisées","Santé","Pourcentage","2017M12","95.89"
"Produits alimentaires et boissons non alcoolisées","Santé","Pourcentage","2018M1","96.25"
"Produits alimentaires et boissons non alcoolisées","Santé","Pourcentage","2018M2","96.41"
"Produits alimentaires et boissons non alcoolisées","Santé","Pourcentage","2018M3","96.34"
"Produits alimentaires et boissons non alcoolisées","Santé","Pourcentage","2018M4","100.14"
"Produits alimentaires et boissons non alcoolisées","Santé","Pourcentage","2018M5","100.13"
"Produits alimentaires et boissons non alcoolisées","Santé","Pourcentage","2018M6","101.37"
"Produits alimentaires et boissons non alcoolisées","Santé","Pourcentage","2018M7","101.15"
"Produits alimentaires et boissons non alcoolisées","Santé","Pourcentage","2018M8","101.49"
"Produits alimentaires et boissons non alcoolisées","Santé","Pourcentage","2018M9","101.71"
"Produits alimentaires et boissons non alcoolisées","Santé","Pourcentage","2018M10","101.69"
"Produits alimentaires et boissons non alcoolisées","Santé","Pourcentage","2018M11","101.24"
"Produits alimentaires et boissons non alcoolisées","Santé","Pourcentage","2018M12","101.43"
"Produits alimentaires et boissons non alcoolisées","Santé","Pourcentage","2019M1","102.17"
"Produits alimentaires et boissons non alcoolisées","Santé","Pourcentage","2019M2","102.12"
"Produits alimentaires et boissons non alcoolisées","Santé","Pourcentage","2019M3","102.71"
"Produits alimentaires et boissons non alcoolisées","Santé","Pourcentage","2019M4","102.82"
"Produits alimentaires et boissons non alcoolisées","Santé","Pourcentage","2019M5","102.74"
"Produits alimentaires et boissons non alcoolisées","Santé","Pourcentage","2019M6","102.83"
"Produits alimentaires et boissons non alcoolisées","Santé","Pourcentage","2019M7","102.63"
"Produits alimentaires et boissons non alcoolisées","Santé","Pourcentage","2019M8","102.48"
"Produits alimentaires et boissons non alcoolisées","Santé","Pourcentage","2019M9","102.52"
"Produits alimentaires et boissons non alcoolisées","Santé","Pourcentage","2019M10","102.66"
"Produits alimentaires et boissons non alcoolisées","Santé","Pourcentage","2019M11","102.63"
"Produits alimentaires et boissons non alcoolisées","Santé","Pourcentage","2019M12","102.77"
"Produits alimentaires et boissons non alcoolisées","Santé","Pourcentage","2020M1","104.07"
"Produits alimentaires et boissons non alcoolisées","Santé","Pourcentage","2020M2","103.91"
"Produits alimentaires et boissons non alcoolisées","Santé","Pourcentage","2020M3","103.97"
"Produits alimentaires et boissons non alcoolisées","Santé","Pourcentage","2020M4","104.32"
"Produits alimentaires et boissons non alcoolisées","Santé","Pourcentage","2020M5","104.98"
"Produits alimentaires et boissons non alcoolisées","Santé","Pourcentage","2020M6","103.88"
"Produits alimentaires et boissons non alcoolisées","Santé","Pourcentage","2020M7","102.96"
"Produits alimentaires et boissons non alcoolisées","Santé","Pourcentage","2020M8","103.09"
"Produits alimentaires et boissons non alcoolisées","Santé","Pourcentage","2020M9","103.45"
"Produits alimentaires et boissons non alcoolisées","Santé","Pourcentage","2020M10","102.81"
"Produits alimentaires et boissons non alcoolisées","Santé","Pourcentage","2020M11","102.96"
"Produits alimentaires et boissons non alcoolisées","Santé","Pourcentage","2020M12","103.17"
"Produits alimentaires et boissons non alcoolisées","Santé","Pourcentage","2021M1","103.69"
"Produits alimentaires et boissons non alcoolisées","Santé","Pourcentage","2021M2","103.67"
"Produits alimentaires et boissons non alcoolisées","Santé","Pourcentage","2021M3","102.85"
"Produits alimentaires et boissons non alcoolisées","Santé","Pourcentage","2021M4","103.42"
"Produits alimentaires et boissons non alcoolisées","Santé","Pourcentage","2021M5","103.57"
"Produits alimentaires et boissons non alcoolisées","Santé","Pourcentage","2021M6","103.23"
"Produits alimentaires et boissons non alcoolisées","Santé","Pourcentage","2021M7","103.11"
"Produits alimentaires et boissons non alcoolisées","Santé","Pourcentage","2021M8","104.23"
"Produits alimentaires et boissons non alcoolisées","Santé","Pourcentage","2021M9","103.13"
"Produits alimentaires et boissons non alcoolisées","Santé","Pourcentage","2021M10","103.62"
"Produits alimentaires et boissons non alcoolisées","Santé","Pourcentage","2021M11","103.7"
"Produits alimentaires et boissons non alcoolisées","Santé","Pourcentage","2021M12","103.39"
"Produits alimentaires et boissons non alcoolisées","Santé","Pourcentage","2022M1","103.11"
"Produits alimentaires et boissons non alcoolisées","Santé","Pourcentage","2022M2","103.64"
"Produits alimentaires et boissons non alcoolisées","Santé","Pourcentage","2022M3","103.81"
"Produits alimentaires et boissons non alcoolisées","Santé","Pourcentage","2022M4","104.16"
"Produits alimentaires et boissons non alcoolisées","Santé","Pourcentage","2022M5","104.46"
"Produits alimentaires et boissons non alcoolisées","Santé","Pourcentage","2022M6","104.03"
"Produits alimentaires et boissons non alcoolisées","Santé","Pourcentage","2022M7","104"
"Produits alimentaires et boissons non alcoolisées","Santé","Pourcentage","2022M8","104.47"
"Produits alimentaires et boissons non alcoolisées","Santé","Pourcentage","2022M9","104.21"
"Produits alimentaires et boissons non alcoolisées","Santé","Pourcentage","2022M10","104.23"
"Produits alimentaires et boissons non alcoolisées","Santé","Pourcentage","2022M11","104.04"
"Produits alimentaires et boissons non alcoolisées","Santé","Pourcentage","2022M12","104.2"
"Produits alimentaires et boissons non alcoolisées","Transports","Pourcentage","2010M1","100.271824797123"
"Produits alimentaires et boissons non alcoolisées","Transports","Pourcentage","2010M2","100.133053532327"
"Produits alimentaires et boissons non alcoolisées","Transports","Pourcentage","2010M3","100.134622690121"
"Produits alimentaires et boissons non alcoolisées","Transports","Pourcentage","2010M4","100.616219980575"
"Produits alimentaires et boissons non alcoolisées","Transports","Pourcentage","2010M5","100.442628609264"
"Produits alimentaires et boissons non alcoolisées","Transports","Pourcentage","2010M6","104.218029316833"
"Produits alimentaires et boissons non alcoolisées","Transports","Pourcentage","2010M7","112.931852515763"
"Produits alimentaires et boissons non alcoolisées","Transports","Pourcentage","2010M8","114.874029733914"
"Produits alimentaires et boissons non alcoolisées","Transports","Pourcentage","2010M9","114.756093160045"
"Produits alimentaires et boissons non alcoolisées","Transports","Pourcentage","2010M10","114.737691933741"
"Produits alimentaires et boissons non alcoolisées","Transports","Pourcentage","2010M11","114.679505647296"
"Produits alimentaires et boissons non alcoolisées","Transports","Pourcentage","2010M12","114.738403259496"
"Produits alimentaires et boissons non alcoolisées","Transports","Pourcentage","2011M1","110.381632777853"
"Produits alimentaires et boissons non alcoolisées","Transports","Pourcentage","2011M2","110.865762960641"
"Produits alimentaires et boissons non alcoolisées","Transports","Pourcentage","2011M3","110.708722737553"
"Produits alimentaires et boissons non alcoolisées","Transports","Pourcentage","2011M4","111.032031094362"
"Produits alimentaires et boissons non alcoolisées","Transports","Pourcentage","2011M5","111.140150261924"
"Produits alimentaires et boissons non alcoolisées","Transports","Pourcentage","2011M6","112.450773006728"
"Produits alimentaires et boissons non alcoolisées","Transports","Pourcentage","2011M7","113.968344645145"
"Produits alimentaires et boissons non alcoolisées","Transports","Pourcentage","2011M8","115.6955875059"
"Produits alimentaires et boissons non alcoolisées","Transports","Pourcentage","2011M9","115.637228560659"
"Produits alimentaires et boissons non alcoolisées","Transports","Pourcentage","2011M10","116.183709389644"
"Produits alimentaires et boissons non alcoolisées","Transports","Pourcentage","2011M11","115.726161714657"
"Produits alimentaires et boissons non alcoolisées","Transports","Pourcentage","2011M12","115.759574612187"
"Produits alimentaires et boissons non alcoolisées","Transports","Pourcentage","2012M1","118.022858967777"
"Produits alimentaires et boissons non alcoolisées","Transports","Pourcentage","2012M2","118.50918671036"
"Produits alimentaires et boissons non alcoolisées","Transports","Pourcentage","2012M3","118.243208097432"
"Produits alimentaires et boissons non alcoolisées","Transports","Pourcentage","2012M4","118.253996372603"
"Produits alimentaires et boissons non alcoolisées","Transports","Pourcentage","2012M5","118.301053615213"
"Produits alimentaires et boissons non alcoolisées","Transports","Pourcentage","2012M6","118.328989306535"
"Produits alimentaires et boissons non alcoolisées","Transports","Pourcentage","2012M7","118.228661517212"
"Produits alimentaires et boissons non alcoolisées","Transports","Pourcentage","2012M8","118.13339794976"
"Produits alimentaires et boissons non alcoolisées","Transports","Pourcentage","2012M9","118.304781847652"
"Produits alimentaires et boissons non alcoolisées","Transports","Pourcentage","2012M10","120.721618113963"
"Produits alimentaires et boissons non alcoolisées","Transports","Pourcentage","2012M11","120.762365951624"
"Produits alimentaires et boissons non alcoolisées","Transports","Pourcentage","2012M12","120.894037979018"
"Produits alimentaires et boissons non alcoolisées","Transports","Pourcentage","2013M1","117.86"
"Produits alimentaires et boissons non alcoolisées","Transports","Pourcentage","2013M2","117.88"
"Produits alimentaires et boissons non alcoolisées","Transports","Pourcentage","2013M3","118"
"Produits alimentaires et boissons non alcoolisées","Transports","Pourcentage","2013M4","117.9"
"Produits alimentaires et boissons non alcoolisées","Transports","Pourcentage","2013M5","118.02"
"Produits alimentaires et boissons non alcoolisées","Transports","Pourcentage","2013M6","118.02"
"Produits alimentaires et boissons non alcoolisées","Transports","Pourcentage","2013M7","118.01"
"Produits alimentaires et boissons non alcoolisées","Transports","Pourcentage","2013M8","118.34"
"Produits alimentaires et boissons non alcoolisées","Transports","Pourcentage","2013M9","118.38"
"Produits alimentaires et boissons non alcoolisées","Transports","Pourcentage","2013M10","118.42"
"Produits alimentaires et boissons non alcoolisées","Transports","Pourcentage","2013M11","118.49"
"Produits alimentaires et boissons non alcoolisées","Transports","Pourcentage","2013M12","118.39"
"Produits alimentaires et boissons non alcoolisées","Transports","Pourcentage","2014M1","120"
"Produits alimentaires et boissons non alcoolisées","Transports","Pourcentage","2014M2","123.45"
"Produits alimentaires et boissons non alcoolisées","Transports","Pourcentage","2014M3","123.67"
"Produits alimentaires et boissons non alcoolisées","Transports","Pourcentage","2014M4","123.47"
"Produits alimentaires et boissons non alcoolisées","Transports","Pourcentage","2014M5","123.47"
"Produits alimentaires et boissons non alcoolisées","Transports","Pourcentage","2014M6","123.39"
"Produits alimentaires et boissons non alcoolisées","Transports","Pourcentage","2014M7","123.4"
"Produits alimentaires et boissons non alcoolisées","Transports","Pourcentage","2014M8","123.33"
"Produits alimentaires et boissons non alcoolisées","Transports","Pourcentage","2014M9","123.44"
"Produits alimentaires et boissons non alcoolisées","Transports","Pourcentage","2014M10","123.7"
"Produits alimentaires et boissons non alcoolisées","Transports","Pourcentage","2014M11","123.67"
"Produits alimentaires et boissons non alcoolisées","Transports","Pourcentage","2014M12","122.91"
"Produits alimentaires et boissons non alcoolisées","Transports","Pourcentage","2015M1","121.18"
"Produits alimentaires et boissons non alcoolisées","Transports","Pourcentage","2015M2","119.42"
"Produits alimentaires et boissons non alcoolisées","Transports","Pourcentage","2015M3","119.32"
"Produits alimentaires et boissons non alcoolisées","Transports","Pourcentage","2015M4","119.39"
"Produits alimentaires et boissons non alcoolisées","Transports","Pourcentage","2015M5","119.37"
"Produits alimentaires et boissons non alcoolisées","Transports","Pourcentage","2015M6","119.57"
"Produits alimentaires et boissons non alcoolisées","Transports","Pourcentage","2015M7","120.21"
"Produits alimentaires et boissons non alcoolisées","Transports","Pourcentage","2015M8","120.21"
"Produits alimentaires et boissons non alcoolisées","Transports","Pourcentage","2015M9","120.03"
"Produits alimentaires et boissons non alcoolisées","Transports","Pourcentage","2015M10","120.16"
"Produits alimentaires et boissons non alcoolisées","Transports","Pourcentage","2015M11","120.03"
"Produits alimentaires et boissons non alcoolisées","Transports","Pourcentage","2015M12","119.56"
"Produits alimentaires et boissons non alcoolisées","Transports","Pourcentage","2016M1","116.98"
"Produits alimentaires et boissons non alcoolisées","Transports","Pourcentage","2016M2","116.85"
"Produits alimentaires et boissons non alcoolisées","Transports","Pourcentage","2016M3","116.37"
"Produits alimentaires et boissons non alcoolisées","Transports","Pourcentage","2016M4","114.82"
"Produits alimentaires et boissons non alcoolisées","Transports","Pourcentage","2016M5","113.39"
"Produits alimentaires et boissons non alcoolisées","Transports","Pourcentage","2016M6","112.09"
"Produits alimentaires et boissons non alcoolisées","Transports","Pourcentage","2016M7","111.93"
"Produits alimentaires et boissons non alcoolisées","Transports","Pourcentage","2016M8","111.34"
"Produits alimentaires et boissons non alcoolisées","Transports","Pourcentage","2016M9","111.21"
"Produits alimentaires et boissons non alcoolisées","Transports","Pourcentage","2016M10","111.14"
"Produits alimentaires et boissons non alcoolisées","Transports","Pourcentage","2016M11","111.07"
"Produits alimentaires et boissons non alcoolisées","Transports","Pourcentage","2016M12","111.11"
"Produits alimentaires et boissons non alcoolisées","Transports","Pourcentage","2017M1","88.45"
"Produits alimentaires et boissons non alcoolisées","Transports","Pourcentage","2017M2","90.38"
"Produits alimentaires et boissons non alcoolisées","Transports","Pourcentage","2017M3","92.63"
"Produits alimentaires et boissons non alcoolisées","Transports","Pourcentage","2017M4","92.65"
"Produits alimentaires et boissons non alcoolisées","Transports","Pourcentage","2017M5","93.9"
"Produits alimentaires et boissons non alcoolisées","Transports","Pourcentage","2017M6","92.61"
"Produits alimentaires et boissons non alcoolisées","Transports","Pourcentage","2017M7","92.52"
"Produits alimentaires et boissons non alcoolisées","Transports","Pourcentage","2017M8","92.46"
"Produits alimentaires et boissons non alcoolisées","Transports","Pourcentage","2017M9","92.31"
"Produits alimentaires et boissons non alcoolisées","Transports","Pourcentage","2017M10","91.23"
"Produits alimentaires et boissons non alcoolisées","Transports","Pourcentage","2017M11","91.27"
"Produits alimentaires et boissons non alcoolisées","Transports","Pourcentage","2017M12","91.25"
"Produits alimentaires et boissons non alcoolisées","Transports","Pourcentage","2018M1","91.94"
"Produits alimentaires et boissons non alcoolisées","Transports","Pourcentage","2018M2","91.83"
"Produits alimentaires et boissons non alcoolisées","Transports","Pourcentage","2018M3","91.73"
"Produits alimentaires et boissons non alcoolisées","Transports","Pourcentage","2018M4","91.81"
"Produits alimentaires et boissons non alcoolisées","Transports","Pourcentage","2018M5","91.84"
"Produits alimentaires et boissons non alcoolisées","Transports","Pourcentage","2018M6","92.61"
"Produits alimentaires et boissons non alcoolisées","Transports","Pourcentage","2018M7","92.41"
"Produits alimentaires et boissons non alcoolisées","Transports","Pourcentage","2018M8","92.78"
"Produits alimentaires et boissons non alcoolisées","Transports","Pourcentage","2018M9","94.95"
"Produits alimentaires et boissons non alcoolisées","Transports","Pourcentage","2018M10","95.39"
"Produits alimentaires et boissons non alcoolisées","Transports","Pourcentage","2018M11","95.44"
"Produits alimentaires et boissons non alcoolisées","Transports","Pourcentage","2018M12","95.36"
"Produits alimentaires et boissons non alcoolisées","Transports","Pourcentage","2019M1","95.54"
"Produits alimentaires et boissons non alcoolisées","Transports","Pourcentage","2019M2","95.64"
"Produits alimentaires et boissons non alcoolisées","Transports","Pourcentage","2019M3","96.03"
"Produits alimentaires et boissons non alcoolisées","Transports","Pourcentage","2019M4","96.62"
"Produits alimentaires et boissons non alcoolisées","Transports","Pourcentage","2019M5","96.64"
"Produits alimentaires et boissons non alcoolisées","Transports","Pourcentage","2019M6","96.65"
"Produits alimentaires et boissons non alcoolisées","Transports","Pourcentage","2019M7","96.83"
"Produits alimentaires et boissons non alcoolisées","Transports","Pourcentage","2019M8","97.15"
"Produits alimentaires et boissons non alcoolisées","Transports","Pourcentage","2019M9","97.87"
"Produits alimentaires et boissons non alcoolisées","Transports","Pourcentage","2019M10","97.6"
"Produits alimentaires et boissons non alcoolisées","Transports","Pourcentage","2019M11","96.86"
"Produits alimentaires et boissons non alcoolisées","Transports","Pourcentage","2019M12","97.41"
"Produits alimentaires et boissons non alcoolisées","Transports","Pourcentage","2020M1","97.08"
"Produits alimentaires et boissons non alcoolisées","Transports","Pourcentage","2020M2","96.9"
"Produits alimentaires et boissons non alcoolisées","Transports","Pourcentage","2020M3","96.94"
"Produits alimentaires et boissons non alcoolisées","Transports","Pourcentage","2020M4","95.1"
"Produits alimentaires et boissons non alcoolisées","Transports","Pourcentage","2020M5","94.58"
"Produits alimentaires et boissons non alcoolisées","Transports","Pourcentage","2020M6","90.88"
"Produits alimentaires et boissons non alcoolisées","Transports","Pourcentage","2020M7","90.49"
"Produits alimentaires et boissons non alcoolisées","Transports","Pourcentage","2020M8","90.38"
"Produits alimentaires et boissons non alcoolisées","Transports","Pourcentage","2020M9","90.4"
"Produits alimentaires et boissons non alcoolisées","Transports","Pourcentage","2020M10","90.43"
"Produits alimentaires et boissons non alcoolisées","Transports","Pourcentage","2020M11","90.34"
"Produits alimentaires et boissons non alcoolisées","Transports","Pourcentage","2020M12","90.32"
"Produits alimentaires et boissons non alcoolisées","Transports","Pourcentage","2021M1","90.32"
"Produits alimentaires et boissons non alcoolisées","Transports","Pourcentage","2021M2","90.66"
"Produits alimentaires et boissons non alcoolisées","Transports","Pourcentage","2021M3","90.77"
"Produits alimentaires et boissons non alcoolisées","Transports","Pourcentage","2021M4","90.77"
"Produits alimentaires et boissons non alcoolisées","Transports","Pourcentage","2021M5","90.79"
"Produits alimentaires et boissons non alcoolisées","Transports","Pourcentage","2021M6","93.89"
"Produits alimentaires et boissons non alcoolisées","Transports","Pourcentage","2021M7","95.22"
"Produits alimentaires et boissons non alcoolisées","Transports","Pourcentage","2021M8","95.21"
"Produits alimentaires et boissons non alcoolisées","Transports","Pourcentage","2021M9","95.21"
"Produits alimentaires et boissons non alcoolisées","Transports","Pourcentage","2021M10","95.18"
"Produits alimentaires et boissons non alcoolisées","Transports","Pourcentage","2021M11","95.25"
"Produits alimentaires et boissons non alcoolisées","Transports","Pourcentage","2021M12","95.17"
"Produits alimentaires et boissons non alcoolisées","Transports","Pourcentage","2022M1","95.52"
"Produits alimentaires et boissons non alcoolisées","Transports","Pourcentage","2022M2","95.99"
"Produits alimentaires et boissons non alcoolisées","Transports","Pourcentage","2022M3","96.63"
"Produits alimentaires et boissons non alcoolisées","Transports","Pourcentage","2022M4","100.74"
"Produits alimentaires et boissons non alcoolisées","Transports","Pourcentage","2022M5","102.29"
"Produits alimentaires et boissons non alcoolisées","Transports","Pourcentage","2022M6","102.99"
"Produits alimentaires et boissons non alcoolisées","Transports","Pourcentage","2022M7","106.48"
"Produits alimentaires et boissons non alcoolisées","Transports","Pourcentage","2022M8","111.64"
"Produits alimentaires et boissons non alcoolisées","Transports","Pourcentage","2022M9","111.65"
"Produits alimentaires et boissons non alcoolisées","Transports","Pourcentage","2022M10","112.1"
"Produits alimentaires et boissons non alcoolisées","Transports","Pourcentage","2022M11","112.09"
"Produits alimentaires et boissons non alcoolisées","Transports","Pourcentage","2022M12","112.63"
"Produits alimentaires et boissons non alcoolisées","Communication","Pourcentage","2010M1","99.4454343528721"
"Produits alimentaires et boissons non alcoolisées","Communication","Pourcentage","2010M2","99.4454343528721"
"Produits alimentaires et boissons non alcoolisées","Communication","Pourcentage","2010M3","99.3522409979693"
"Produits alimentaires et boissons non alcoolisées","Communication","Pourcentage","2010M4","99.3522409979693"
"Produits alimentaires et boissons non alcoolisées","Communication","Pourcentage","2010M5","99.4328671733684"
"Produits alimentaires et boissons non alcoolisées","Communication","Pourcentage","2010M6","99.3234122994315"
"Produits alimentaires et boissons non alcoolisées","Communication","Pourcentage","2010M7","99.2388223589831"
"Produits alimentaires et boissons non alcoolisées","Communication","Pourcentage","2010M8","99.2388223589831"
"Produits alimentaires et boissons non alcoolisées","Communication","Pourcentage","2010M9","99.2388223589831"
"Produits alimentaires et boissons non alcoolisées","Communication","Pourcentage","2010M10","99.2388223589831"
"Produits alimentaires et boissons non alcoolisées","Communication","Pourcentage","2010M11","99.281227344448"
"Produits alimentaires et boissons non alcoolisées","Communication","Pourcentage","2010M12","99.3604309214041"
"Produits alimentaires et boissons non alcoolisées","Communication","Pourcentage","2011M1","106.219007796534"
"Produits alimentaires et boissons non alcoolisées","Communication","Pourcentage","2011M2","107.303382810915"
"Produits alimentaires et boissons non alcoolisées","Communication","Pourcentage","2011M3","107.303382810915"
"Produits alimentaires et boissons non alcoolisées","Communication","Pourcentage","2011M4","107.312435557209"
"Produits alimentaires et boissons non alcoolisées","Communication","Pourcentage","2011M5","100.902112834608"
"Produits alimentaires et boissons non alcoolisées","Communication","Pourcentage","2011M6","100.902112834608"
"Produits alimentaires et boissons non alcoolisées","Communication","Pourcentage","2011M7","100.851628126183"
"Produits alimentaires et boissons non alcoolisées","Communication","Pourcentage","2011M8","100.78905038768"
"Produits alimentaires et boissons non alcoolisées","Communication","Pourcentage","2011M9","100.828049910495"
"Produits alimentaires et boissons non alcoolisées","Communication","Pourcentage","2011M10","100.828049910495"
"Produits alimentaires et boissons non alcoolisées","Communication","Pourcentage","2011M11","100.807404147263"
"Produits alimentaires et boissons non alcoolisées","Communication","Pourcentage","2011M12","100.807404147263"
"Produits alimentaires et boissons non alcoolisées","Communication","Pourcentage","2012M1","100.899326152531"
"Produits alimentaires et boissons non alcoolisées","Communication","Pourcentage","2012M2","100.78037205911"
"Produits alimentaires et boissons non alcoolisées","Communication","Pourcentage","2012M3","100.78037205911"
"Produits alimentaires et boissons non alcoolisées","Communication","Pourcentage","2012M4","100.707868330739"
"Produits alimentaires et boissons non alcoolisées","Communication","Pourcentage","2012M5","97.0147832051408"
"Produits alimentaires et boissons non alcoolisées","Communication","Pourcentage","2012M6","96.909027551639"
"Produits alimentaires et boissons non alcoolisées","Communication","Pourcentage","2012M7","96.909027551639"
"Produits alimentaires et boissons non alcoolisées","Communication","Pourcentage","2012M8","96.8301120453126"
"Produits alimentaires et boissons non alcoolisées","Communication","Pourcentage","2012M9","96.8301120453126"
"Produits alimentaires et boissons non alcoolisées","Communication","Pourcentage","2012M10","96.8245099313754"
"Produits alimentaires et boissons non alcoolisées","Communication","Pourcentage","2012M11","96.8218315505455"
"Produits alimentaires et boissons non alcoolisées","Communication","Pourcentage","2012M12","96.8218315505455"
"Produits alimentaires et boissons non alcoolisées","Communication","Pourcentage","2013M1","103.47"
"Produits alimentaires et boissons non alcoolisées","Communication","Pourcentage","2013M2","102.33"
"Produits alimentaires et boissons non alcoolisées","Communication","Pourcentage","2013M3","101.3"
"Produits alimentaires et boissons non alcoolisées","Communication","Pourcentage","2013M4","101"
"Produits alimentaires et boissons non alcoolisées","Communication","Pourcentage","2013M5","100.97"
"Produits alimentaires et boissons non alcoolisées","Communication","Pourcentage","2013M6","100.97"
"Produits alimentaires et boissons non alcoolisées","Communication","Pourcentage","2013M7","100.95"
"Produits alimentaires et boissons non alcoolisées","Communication","Pourcentage","2013M8","100.95"
"Produits alimentaires et boissons non alcoolisées","Communication","Pourcentage","2013M9","100.81"
"Produits alimentaires et boissons non alcoolisées","Communication","Pourcentage","2013M10","100.81"
"Produits alimentaires et boissons non alcoolisées","Communication","Pourcentage","2013M11","100.81"
"Produits alimentaires et boissons non alcoolisées","Communication","Pourcentage","2013M12","100.81"
"Produits alimentaires et boissons non alcoolisées","Communication","Pourcentage","2014M1","100.55"
"Produits alimentaires et boissons non alcoolisées","Communication","Pourcentage","2014M2","100.48"
"Produits alimentaires et boissons non alcoolisées","Communication","Pourcentage","2014M3","100.49"
"Produits alimentaires et boissons non alcoolisées","Communication","Pourcentage","2014M4","100.49"
"Produits alimentaires et boissons non alcoolisées","Communication","Pourcentage","2014M5","100.49"
"Produits alimentaires et boissons non alcoolisées","Communication","Pourcentage","2014M6","100.49"
"Produits alimentaires et boissons non alcoolisées","Communication","Pourcentage","2014M7","100.49"
"Produits alimentaires et boissons non alcoolisées","Communication","Pourcentage","2014M8","100.49"
"Produits alimentaires et boissons non alcoolisées","Communication","Pourcentage","2014M9","100.49"
"Produits alimentaires et boissons non alcoolisées","Communication","Pourcentage","2014M10","100.48"
"Produits alimentaires et boissons non alcoolisées","Communication","Pourcentage","2014M11","100.48"
"Produits alimentaires et boissons non alcoolisées","Communication","Pourcentage","2014M12","100.41"
"Produits alimentaires et boissons non alcoolisées","Communication","Pourcentage","2015M1","100.42"
"Produits alimentaires et boissons non alcoolisées","Communication","Pourcentage","2015M2","100.42"
"Produits alimentaires et boissons non alcoolisées","Communication","Pourcentage","2015M3","100.42"
"Produits alimentaires et boissons non alcoolisées","Communication","Pourcentage","2015M4","100.42"
"Produits alimentaires et boissons non alcoolisées","Communication","Pourcentage","2015M5","100.42"
"Produits alimentaires et boissons non alcoolisées","Communication","Pourcentage","2015M6","100.42"
"Produits alimentaires et boissons non alcoolisées","Communication","Pourcentage","2015M7","100.42"
"Produits alimentaires et boissons non alcoolisées","Communication","Pourcentage","2015M8","100.21"
"Produits alimentaires et boissons non alcoolisées","Communication","Pourcentage","2015M9","100.42"
"Produits alimentaires et boissons non alcoolisées","Communication","Pourcentage","2015M10","100.42"
"Produits alimentaires et boissons non alcoolisées","Communication","Pourcentage","2015M11","100.53"
"Produits alimentaires et boissons non alcoolisées","Communication","Pourcentage","2015M12","100.53"
"Produits alimentaires et boissons non alcoolisées","Communication","Pourcentage","2016M1","100.53"
"Produits alimentaires et boissons non alcoolisées","Communication","Pourcentage","2016M2","100.53"
"Produits alimentaires et boissons non alcoolisées","Communication","Pourcentage","2016M3","100.53"
"Produits alimentaires et boissons non alcoolisées","Communication","Pourcentage","2016M4","100.53"
"Produits alimentaires et boissons non alcoolisées","Communication","Pourcentage","2016M5","97.07"
"Produits alimentaires et boissons non alcoolisées","Communication","Pourcentage","2016M6","97.29"
"Produits alimentaires et boissons non alcoolisées","Communication","Pourcentage","2016M7","97.03"
"Produits alimentaires et boissons non alcoolisées","Communication","Pourcentage","2016M8","97.03"
"Produits alimentaires et boissons non alcoolisées","Communication","Pourcentage","2016M9","96.86"
"Produits alimentaires et boissons non alcoolisées","Communication","Pourcentage","2016M10","97.07"
"Produits alimentaires et boissons non alcoolisées","Communication","Pourcentage","2016M11","97.29"
"Produits alimentaires et boissons non alcoolisées","Communication","Pourcentage","2016M12","96.91"
"Produits alimentaires et boissons non alcoolisées","Communication","Pourcentage","2017M1","93.2"
"Produits alimentaires et boissons non alcoolisées","Communication","Pourcentage","2017M2","93.37"
"Produits alimentaires et boissons non alcoolisées","Communication","Pourcentage","2017M3","93.33"
"Produits alimentaires et boissons non alcoolisées","Communication","Pourcentage","2017M4","92.53"
"Produits alimentaires et boissons non alcoolisées","Communication","Pourcentage","2017M5","92.82"
"Produits alimentaires et boissons non alcoolisées","Communication","Pourcentage","2017M6","92.79"
"Produits alimentaires et boissons non alcoolisées","Communication","Pourcentage","2017M7","92.72"
"Produits alimentaires et boissons non alcoolisées","Communication","Pourcentage","2017M8","92.87"
"Produits alimentaires et boissons non alcoolisées","Communication","Pourcentage","2017M9","93.13"
"Produits alimentaires et boissons non alcoolisées","Communication","Pourcentage","2017M10","93.07"
"Produits alimentaires et boissons non alcoolisées","Communication","Pourcentage","2017M11","93.07"
"Produits alimentaires et boissons non alcoolisées","Communication","Pourcentage","2017M12","92.65"
"Produits alimentaires et boissons non alcoolisées","Communication","Pourcentage","2018M1","93"
"Produits alimentaires et boissons non alcoolisées","Communication","Pourcentage","2018M2","93.12"
"Produits alimentaires et boissons non alcoolisées","Communication","Pourcentage","2018M3","93.16"
"Produits alimentaires et boissons non alcoolisées","Communication","Pourcentage","2018M4","94.58"
"Produits alimentaires et boissons non alcoolisées","Communication","Pourcentage","2018M5","94.71"
"Produits alimentaires et boissons non alcoolisées","Communication","Pourcentage","2018M6","94.64"
"Produits alimentaires et boissons non alcoolisées","Communication","Pourcentage","2018M7","94.64"
"Produits alimentaires et boissons non alcoolisées","Communication","Pourcentage","2018M8","94.91"
"Produits alimentaires et boissons non alcoolisées","Communication","Pourcentage","2018M9","93.85"
"Produits alimentaires et boissons non alcoolisées","Communication","Pourcentage","2018M10","95.48"
"Produits alimentaires et boissons non alcoolisées","Communication","Pourcentage","2018M11","94.19"
"Produits alimentaires et boissons non alcoolisées","Communication","Pourcentage","2018M12","94.21"
"Produits alimentaires et boissons non alcoolisées","Communication","Pourcentage","2019M1","95.32"
"Produits alimentaires et boissons non alcoolisées","Communication","Pourcentage","2019M2","94.37"
"Produits alimentaires et boissons non alcoolisées","Communication","Pourcentage","2019M3","94.29"
"Produits alimentaires et boissons non alcoolisées","Communication","Pourcentage","2019M4","89.99"
"Produits alimentaires et boissons non alcoolisées","Communication","Pourcentage","2019M5","89.99"
"Produits alimentaires et boissons non alcoolisées","Communication","Pourcentage","2019M6","89.96"
"Produits alimentaires et boissons non alcoolisées","Communication","Pourcentage","2019M7","92.63"
"Produits alimentaires et boissons non alcoolisées","Communication","Pourcentage","2019M8","89.96"
"Produits alimentaires et boissons non alcoolisées","Communication","Pourcentage","2019M9","89.62"
"Produits alimentaires et boissons non alcoolisées","Communication","Pourcentage","2019M10","89.76"
"Produits alimentaires et boissons non alcoolisées","Communication","Pourcentage","2019M11","96.46"
"Produits alimentaires et boissons non alcoolisées","Communication","Pourcentage","2019M12","88.36"
"Produits alimentaires et boissons non alcoolisées","Communication","Pourcentage","2020M1","96.46"
"Produits alimentaires et boissons non alcoolisées","Communication","Pourcentage","2020M2","96.55"
"Produits alimentaires et boissons non alcoolisées","Communication","Pourcentage","2020M3","96.62"
"Produits alimentaires et boissons non alcoolisées","Communication","Pourcentage","2020M4","92.17"
"Produits alimentaires et boissons non alcoolisées","Communication","Pourcentage","2020M5","93.84"
"Produits alimentaires et boissons non alcoolisées","Communication","Pourcentage","2020M6","91.95"
"Produits alimentaires et boissons non alcoolisées","Communication","Pourcentage","2020M7","96.53"
"Produits alimentaires et boissons non alcoolisées","Communication","Pourcentage","2020M8","96.35"
"Produits alimentaires et boissons non alcoolisées","Communication","Pourcentage","2020M9","95.92"
"Produits alimentaires et boissons non alcoolisées","Communication","Pourcentage","2020M10","95.93"
"Produits alimentaires et boissons non alcoolisées","Communication","Pourcentage","2020M11","96.74"
"Produits alimentaires et boissons non alcoolisées","Communication","Pourcentage","2020M12","101.75"
"Produits alimentaires et boissons non alcoolisées","Communication","Pourcentage","2021M1","101.79"
"Produits alimentaires et boissons non alcoolisées","Communication","Pourcentage","2021M2","101.78"
"Produits alimentaires et boissons non alcoolisées","Communication","Pourcentage","2021M3","101.79"
"Produits alimentaires et boissons non alcoolisées","Communication","Pourcentage","2021M4","101.78"
"Produits alimentaires et boissons non alcoolisées","Communication","Pourcentage","2021M5","101.77"
"Produits alimentaires et boissons non alcoolisées","Communication","Pourcentage","2021M6","101.8"
"Produits alimentaires et boissons non alcoolisées","Communication","Pourcentage","2021M7","101.82"
"Produits alimentaires et boissons non alcoolisées","Communication","Pourcentage","2021M8","101.84"
"Produits alimentaires et boissons non alcoolisées","Communication","Pourcentage","2021M9","101.85"
"Produits alimentaires et boissons non alcoolisées","Communication","Pourcentage","2021M10","101.84"
"Produits alimentaires et boissons non alcoolisées","Communication","Pourcentage","2021M11","101.84"
"Produits alimentaires et boissons non alcoolisées","Communication","Pourcentage","2021M12","101.84"
"Produits alimentaires et boissons non alcoolisées","Communication","Pourcentage","2022M1","101.78"
"Produits alimentaires et boissons non alcoolisées","Communication","Pourcentage","2022M2","101.81"
"Produits alimentaires et boissons non alcoolisées","Communication","Pourcentage","2022M3","101.73"
"Produits alimentaires et boissons non alcoolisées","Communication","Pourcentage","2022M4","101.65"
"Produits alimentaires et boissons non alcoolisées","Communication","Pourcentage","2022M5","101.62"
"Produits alimentaires et boissons non alcoolisées","Communication","Pourcentage","2022M6","101.6"
"Produits alimentaires et boissons non alcoolisées","Communication","Pourcentage","2022M7","101.61"
"Produits alimentaires et boissons non alcoolisées","Communication","Pourcentage","2022M8","101.61"
"Produits alimentaires et boissons non alcoolisées","Communication","Pourcentage","2022M9","101.58"
"Produits alimentaires et boissons non alcoolisées","Communication","Pourcentage","2022M10","101.69"
"Produits alimentaires et boissons non alcoolisées","Communication","Pourcentage","2022M11","101.58"
"Produits alimentaires et boissons non alcoolisées","Communication","Pourcentage","2022M12","101.57"
"Produits alimentaires et boissons non alcoolisées","Loisirs et culture","Pourcentage","2010M1","98.8968805202667"
"Produits alimentaires et boissons non alcoolisées","Loisirs et culture","Pourcentage","2010M2","99.0908738074604"
"Produits alimentaires et boissons non alcoolisées","Loisirs et culture","Pourcentage","2010M3","98.7065848277072"
"Produits alimentaires et boissons non alcoolisées","Loisirs et culture","Pourcentage","2010M4","98.9341325538657"
"Produits alimentaires et boissons non alcoolisées","Loisirs et culture","Pourcentage","2010M5","98.8637965084616"
"Produits alimentaires et boissons non alcoolisées","Loisirs et culture","Pourcentage","2010M6","98.8842573586713"
"Produits alimentaires et boissons non alcoolisées","Loisirs et culture","Pourcentage","2010M7","98.8866095959989"
"Produits alimentaires et boissons non alcoolisées","Loisirs et culture","Pourcentage","2010M8","98.8578427492703"
"Produits alimentaires et boissons non alcoolisées","Loisirs et culture","Pourcentage","2010M9","98.6050212810302"
"Produits alimentaires et boissons non alcoolisées","Loisirs et culture","Pourcentage","2010M10","98.5370781601159"
"Produits alimentaires et boissons non alcoolisées","Loisirs et culture","Pourcentage","2010M11","98.5327970010047"
"Produits alimentaires et boissons non alcoolisées","Loisirs et culture","Pourcentage","2010M12","101.896542439412"
"Produits alimentaires et boissons non alcoolisées","Loisirs et culture","Pourcentage","2011M1","102.077264348064"
"Produits alimentaires et boissons non alcoolisées","Loisirs et culture","Pourcentage","2011M2","102.272186880419"
"Produits alimentaires et boissons non alcoolisées","Loisirs et culture","Pourcentage","2011M3","102.52668301389"
"Produits alimentaires et boissons non alcoolisées","Loisirs et culture","Pourcentage","2011M4","102.197820242717"
"Produits alimentaires et boissons non alcoolisées","Loisirs et culture","Pourcentage","2011M5","101.754856613752"
"Produits alimentaires et boissons non alcoolisées","Loisirs et culture","Pourcentage","2011M6","101.712886952746"
"Produits alimentaires et boissons non alcoolisées","Loisirs et culture","Pourcentage","2011M7","101.624417828862"
"Produits alimentaires et boissons non alcoolisées","Loisirs et culture","Pourcentage","2011M8","101.590104568913"
"Produits alimentaires et boissons non alcoolisées","Loisirs et culture","Pourcentage","2011M9","101.628742835893"
"Produits alimentaires et boissons non alcoolisées","Loisirs et culture","Pourcentage","2011M10","101.570462985947"
"Produits alimentaires et boissons non alcoolisées","Loisirs et culture","Pourcentage","2011M11","101.646156173067"
"Produits alimentaires et boissons non alcoolisées","Loisirs et culture","Pourcentage","2011M12","101.646156173067"
"Produits alimentaires et boissons non alcoolisées","Loisirs et culture","Pourcentage","2012M1","101.897181745702"
"Produits alimentaires et boissons non alcoolisées","Loisirs et culture","Pourcentage","2012M2","102.034383248182"
"Produits alimentaires et boissons non alcoolisées","Loisirs et culture","Pourcentage","2012M3","102.091537882848"
"Produits alimentaires et boissons non alcoolisées","Loisirs et culture","Pourcentage","2012M4","102.074058664716"
"Produits alimentaires et boissons non alcoolisées","Loisirs et culture","Pourcentage","2012M5","102.056064561557"
"Produits alimentaires et boissons non alcoolisées","Loisirs et culture","Pourcentage","2012M6","102.062404771117"
"Produits alimentaires et boissons non alcoolisées","Loisirs et culture","Pourcentage","2012M7","102.118426603162"
"Produits alimentaires et boissons non alcoolisées","Loisirs et culture","Pourcentage","2012M8","102.160228569602"
"Produits alimentaires et boissons non alcoolisées","Loisirs et culture","Pourcentage","2012M9","102.176578147501"
"Produits alimentaires et boissons non alcoolisées","Loisirs et culture","Pourcentage","2012M10","102.106539595527"
"Produits alimentaires et boissons non alcoolisées","Loisirs et culture","Pourcentage","2012M11","102.191754953771"
"Produits alimentaires et boissons non alcoolisées","Loisirs et culture","Pourcentage","2012M12","102.058181712359"
"Produits alimentaires et boissons non alcoolisées","Loisirs et culture","Pourcentage","2013M1","100.24"
"Produits alimentaires et boissons non alcoolisées","Loisirs et culture","Pourcentage","2013M2","101.05"
"Produits alimentaires et boissons non alcoolisées","Loisirs et culture","Pourcentage","2013M3","100.1"
"Produits alimentaires et boissons non alcoolisées","Loisirs et culture","Pourcentage","2013M4","100"
"Produits alimentaires et boissons non alcoolisées","Loisirs et culture","Pourcentage","2013M5","99.85"
"Produits alimentaires et boissons non alcoolisées","Loisirs et culture","Pourcentage","2013M6","100.03"
"Produits alimentaires et boissons non alcoolisées","Loisirs et culture","Pourcentage","2013M7","99.78"
"Produits alimentaires et boissons non alcoolisées","Loisirs et culture","Pourcentage","2013M8","100.8"
"Produits alimentaires et boissons non alcoolisées","Loisirs et culture","Pourcentage","2013M9","100.01"
"Produits alimentaires et boissons non alcoolisées","Loisirs et culture","Pourcentage","2013M10","99.87"
"Produits alimentaires et boissons non alcoolisées","Loisirs et culture","Pourcentage","2013M11","99.87"
"Produits alimentaires et boissons non alcoolisées","Loisirs et culture","Pourcentage","2013M12","99.6"
"Produits alimentaires et boissons non alcoolisées","Loisirs et culture","Pourcentage","2014M1","99.42"
"Produits alimentaires et boissons non alcoolisées","Loisirs et culture","Pourcentage","2014M2","99.22"
"Produits alimentaires et boissons non alcoolisées","Loisirs et culture","Pourcentage","2014M3","99.3"
"Produits alimentaires et boissons non alcoolisées","Loisirs et culture","Pourcentage","2014M4","99.2"
"Produits alimentaires et boissons non alcoolisées","Loisirs et culture","Pourcentage","2014M5","99.19"
"Produits alimentaires et boissons non alcoolisées","Loisirs et culture","Pourcentage","2014M6","99.26"
"Produits alimentaires et boissons non alcoolisées","Loisirs et culture","Pourcentage","2014M7","99.25"
"Produits alimentaires et boissons non alcoolisées","Loisirs et culture","Pourcentage","2014M8","99.25"
"Produits alimentaires et boissons non alcoolisées","Loisirs et culture","Pourcentage","2014M9","99.4"
"Produits alimentaires et boissons non alcoolisées","Loisirs et culture","Pourcentage","2014M10","99.23"
"Produits alimentaires et boissons non alcoolisées","Loisirs et culture","Pourcentage","2014M11","99.21"
"Produits alimentaires et boissons non alcoolisées","Loisirs et culture","Pourcentage","2014M12","99.24"
"Produits alimentaires et boissons non alcoolisées","Loisirs et culture","Pourcentage","2015M1","98.59"
"Produits alimentaires et boissons non alcoolisées","Loisirs et culture","Pourcentage","2015M2","98.63"
"Produits alimentaires et boissons non alcoolisées","Loisirs et culture","Pourcentage","2015M3","98.68"
"Produits alimentaires et boissons non alcoolisées","Loisirs et culture","Pourcentage","2015M4","98.68"
"Produits alimentaires et boissons non alcoolisées","Loisirs et culture","Pourcentage","2015M5","98.68"
"Produits alimentaires et boissons non alcoolisées","Loisirs et culture","Pourcentage","2015M6","98.7"
"Produits alimentaires et boissons non alcoolisées","Loisirs et culture","Pourcentage","2015M7","98.7"
"Produits alimentaires et boissons non alcoolisées","Loisirs et culture","Pourcentage","2015M8","98.84"
"Produits alimentaires et boissons non alcoolisées","Loisirs et culture","Pourcentage","2015M9","98.97"
"Produits alimentaires et boissons non alcoolisées","Loisirs et culture","Pourcentage","2015M10","98.97"
"Produits alimentaires et boissons non alcoolisées","Loisirs et culture","Pourcentage","2015M11","98.97"
"Produits alimentaires et boissons non alcoolisées","Loisirs et culture","Pourcentage","2015M12","98.9"
"Produits alimentaires et boissons non alcoolisées","Loisirs et culture","Pourcentage","2016M1","99.07"
"Produits alimentaires et boissons non alcoolisées","Loisirs et culture","Pourcentage","2016M2","98.89"
"Produits alimentaires et boissons non alcoolisées","Loisirs et culture","Pourcentage","2016M3","98.91"
"Produits alimentaires et boissons non alcoolisées","Loisirs et culture","Pourcentage","2016M4","98.89"
"Produits alimentaires et boissons non alcoolisées","Loisirs et culture","Pourcentage","2016M5","98.92"
"Produits alimentaires et boissons non alcoolisées","Loisirs et culture","Pourcentage","2016M6","98.91"
"Produits alimentaires et boissons non alcoolisées","Loisirs et culture","Pourcentage","2016M7","99.21"
"Produits alimentaires et boissons non alcoolisées","Loisirs et culture","Pourcentage","2016M8","99.17"
"Produits alimentaires et boissons non alcoolisées","Loisirs et culture","Pourcentage","2016M9","99.18"
"Produits alimentaires et boissons non alcoolisées","Loisirs et culture","Pourcentage","2016M10","99.18"
"Produits alimentaires et boissons non alcoolisées","Loisirs et culture","Pourcentage","2016M11","98.99"
"Produits alimentaires et boissons non alcoolisées","Loisirs et culture","Pourcentage","2016M12","99.01"
"Produits alimentaires et boissons non alcoolisées","Loisirs et culture","Pourcentage","2017M1","103.16"
"Produits alimentaires et boissons non alcoolisées","Loisirs et culture","Pourcentage","2017M2","103.16"
"Produits alimentaires et boissons non alcoolisées","Loisirs et culture","Pourcentage","2017M3","103.2"
"Produits alimentaires et boissons non alcoolisées","Loisirs et culture","Pourcentage","2017M4","103.23"
"Produits alimentaires et boissons non alcoolisées","Loisirs et culture","Pourcentage","2017M5","103.23"
"Produits alimentaires et boissons non alcoolisées","Loisirs et culture","Pourcentage","2017M6","103.23"
"Produits alimentaires et boissons non alcoolisées","Loisirs et culture","Pourcentage","2017M7","103.27"
"Produits alimentaires et boissons non alcoolisées","Loisirs et culture","Pourcentage","2017M8","103.28"
"Produits alimentaires et boissons non alcoolisées","Loisirs et culture","Pourcentage","2017M9","103.36"
"Produits alimentaires et boissons non alcoolisées","Loisirs et culture","Pourcentage","2017M10","103.39"
"Produits alimentaires et boissons non alcoolisées","Loisirs et culture","Pourcentage","2017M11","103.38"
"Produits alimentaires et boissons non alcoolisées","Loisirs et culture","Pourcentage","2017M12","103.37"
"Produits alimentaires et boissons non alcoolisées","Loisirs et culture","Pourcentage","2018M1","101.79"
"Produits alimentaires et boissons non alcoolisées","Loisirs et culture","Pourcentage","2018M2","101.99"
"Produits alimentaires et boissons non alcoolisées","Loisirs et culture","Pourcentage","2018M3","101.96"
"Produits alimentaires et boissons non alcoolisées","Loisirs et culture","Pourcentage","2018M4","102.65"
"Produits alimentaires et boissons non alcoolisées","Loisirs et culture","Pourcentage","2018M5","102.7"
"Produits alimentaires et boissons non alcoolisées","Loisirs et culture","Pourcentage","2018M6","102.69"
"Produits alimentaires et boissons non alcoolisées","Loisirs et culture","Pourcentage","2018M7","102.25"
"Produits alimentaires et boissons non alcoolisées","Loisirs et culture","Pourcentage","2018M8","102.25"
"Produits alimentaires et boissons non alcoolisées","Loisirs et culture","Pourcentage","2018M9","102.04"
"Produits alimentaires et boissons non alcoolisées","Loisirs et culture","Pourcentage","2018M10","102.14"
"Produits alimentaires et boissons non alcoolisées","Loisirs et culture","Pourcentage","2018M11","102.14"
"Produits alimentaires et boissons non alcoolisées","Loisirs et culture","Pourcentage","2018M12","102.16"
"Produits alimentaires et boissons non alcoolisées","Loisirs et culture","Pourcentage","2019M1","101.86"
"Produits alimentaires et boissons non alcoolisées","Loisirs et culture","Pourcentage","2019M2","101.87"
"Produits alimentaires et boissons non alcoolisées","Loisirs et culture","Pourcentage","2019M3","101.87"
"Produits alimentaires et boissons non alcoolisées","Loisirs et culture","Pourcentage","2019M4","101.79"
"Produits alimentaires et boissons non alcoolisées","Loisirs et culture","Pourcentage","2019M5","101.83"
"Produits alimentaires et boissons non alcoolisées","Loisirs et culture","Pourcentage","2019M6","101.93"
"Produits alimentaires et boissons non alcoolisées","Loisirs et culture","Pourcentage","2019M7","101.87"
"Produits alimentaires et boissons non alcoolisées","Loisirs et culture","Pourcentage","2019M8","101.86"
"Produits alimentaires et boissons non alcoolisées","Loisirs et culture","Pourcentage","2019M9","102.6"
"Produits alimentaires et boissons non alcoolisées","Loisirs et culture","Pourcentage","2019M10","102.39"
"Produits alimentaires et boissons non alcoolisées","Loisirs et culture","Pourcentage","2019M11","102.53"
"Produits alimentaires et boissons non alcoolisées","Loisirs et culture","Pourcentage","2019M12","102.55"
"Produits alimentaires et boissons non alcoolisées","Loisirs et culture","Pourcentage","2020M1","102.51"
"Produits alimentaires et boissons non alcoolisées","Loisirs et culture","Pourcentage","2020M2","102.67"
"Produits alimentaires et boissons non alcoolisées","Loisirs et culture","Pourcentage","2020M3","102.78"
"Produits alimentaires et boissons non alcoolisées","Loisirs et culture","Pourcentage","2020M4","102.39"
"Produits alimentaires et boissons non alcoolisées","Loisirs et culture","Pourcentage","2020M5","102.3"
"Produits alimentaires et boissons non alcoolisées","Loisirs et culture","Pourcentage","2020M6","102.41"
"Produits alimentaires et boissons non alcoolisées","Loisirs et culture","Pourcentage","2020M7","102.45"
"Produits alimentaires et boissons non alcoolisées","Loisirs et culture","Pourcentage","2020M8","102.61"
"Produits alimentaires et boissons non alcoolisées","Loisirs et culture","Pourcentage","2020M9","102.65"
"Produits alimentaires et boissons non alcoolisées","Loisirs et culture","Pourcentage","2020M10","102.65"
"Produits alimentaires et boissons non alcoolisées","Loisirs et culture","Pourcentage","2020M11","102.54"
"Produits alimentaires et boissons non alcoolisées","Loisirs et culture","Pourcentage","2020M12","102.51"
"Produits alimentaires et boissons non alcoolisées","Loisirs et culture","Pourcentage","2021M1","102.13"
"Produits alimentaires et boissons non alcoolisées","Loisirs et culture","Pourcentage","2021M2","101.78"
"Produits alimentaires et boissons non alcoolisées","Loisirs et culture","Pourcentage","2021M3","103.97"
"Produits alimentaires et boissons non alcoolisées","Loisirs et culture","Pourcentage","2021M4","104.02"
"Produits alimentaires et boissons non alcoolisées","Loisirs et culture","Pourcentage","2021M5","104.12"
"Produits alimentaires et boissons non alcoolisées","Loisirs et culture","Pourcentage","2021M6","103.98"
"Produits alimentaires et boissons non alcoolisées","Loisirs et culture","Pourcentage","2021M7","104.14"
"Produits alimentaires et boissons non alcoolisées","Loisirs et culture","Pourcentage","2021M8","104.4"
"Produits alimentaires et boissons non alcoolisées","Loisirs et culture","Pourcentage","2021M9","104.67"
"Produits alimentaires et boissons non alcoolisées","Loisirs et culture","Pourcentage","2021M10","104.79"
"Produits alimentaires et boissons non alcoolisées","Loisirs et culture","Pourcentage","2021M11","104.84"
"Produits alimentaires et boissons non alcoolisées","Loisirs et culture","Pourcentage","2021M12","104.82"
"Produits alimentaires et boissons non alcoolisées","Loisirs et culture","Pourcentage","2022M1","107.2"
"Produits alimentaires et boissons non alcoolisées","Loisirs et culture","Pourcentage","2022M2","111.75"
"Produits alimentaires et boissons non alcoolisées","Loisirs et culture","Pourcentage","2022M3","111.78"
"Produits alimentaires et boissons non alcoolisées","Loisirs et culture","Pourcentage","2022M4","112.38"
"Produits alimentaires et boissons non alcoolisées","Loisirs et culture","Pourcentage","2022M5","112.39"
"Produits alimentaires et boissons non alcoolisées","Loisirs et culture","Pourcentage","2022M6","112.85"
"Produits alimentaires et boissons non alcoolisées","Loisirs et culture","Pourcentage","2022M7","112.87"
"Produits alimentaires et boissons non alcoolisées","Loisirs et culture","Pourcentage","2022M8","113.22"
"Produits alimentaires et boissons non alcoolisées","Loisirs et culture","Pourcentage","2022M9","113.5"
"Produits alimentaires et boissons non alcoolisées","Loisirs et culture","Pourcentage","2022M10","113.62"
"Produits alimentaires et boissons non alcoolisées","Loisirs et culture","Pourcentage","2022M11","113.68"
"Produits alimentaires et boissons non alcoolisées","Loisirs et culture","Pourcentage","2022M12","114.7"
"Produits alimentaires et boissons non alcoolisées","Enseignement","Pourcentage","2010M1","103.029768521962"
"Produits alimentaires et boissons non alcoolisées","Enseignement","Pourcentage","2010M2","102.93675799016"
"Produits alimentaires et boissons non alcoolisées","Enseignement","Pourcentage","2010M3","102.923427384472"
"Produits alimentaires et boissons non alcoolisées","Enseignement","Pourcentage","2010M4","102.923427384472"
"Produits alimentaires et boissons non alcoolisées","Enseignement","Pourcentage","2010M5","103.647060020304"
"Produits alimentaires et boissons non alcoolisées","Enseignement","Pourcentage","2010M6","103.600404766966"
"Produits alimentaires et boissons non alcoolisées","Enseignement","Pourcentage","2010M7","103.600404766966"
"Produits alimentaires et boissons non alcoolisées","Enseignement","Pourcentage","2010M8","103.600404766966"
"Produits alimentaires et boissons non alcoolisées","Enseignement","Pourcentage","2010M9","103.154527449132"
"Produits alimentaires et boissons non alcoolisées","Enseignement","Pourcentage","2010M10","104.03419251279"
"Produits alimentaires et boissons non alcoolisées","Enseignement","Pourcentage","2010M11","104.03419251279"
"Produits alimentaires et boissons non alcoolisées","Enseignement","Pourcentage","2010M12","105.688707652746"
"Produits alimentaires et boissons non alcoolisées","Enseignement","Pourcentage","2011M1","104.455396394472"
"Produits alimentaires et boissons non alcoolisées","Enseignement","Pourcentage","2011M2","104.131898386014"
"Produits alimentaires et boissons non alcoolisées","Enseignement","Pourcentage","2011M3","104.131898386014"
"Produits alimentaires et boissons non alcoolisées","Enseignement","Pourcentage","2011M4","104.131898386014"
"Produits alimentaires et boissons non alcoolisées","Enseignement","Pourcentage","2011M5","104.131898386014"
"Produits alimentaires et boissons non alcoolisées","Enseignement","Pourcentage","2011M6","104.131898386014"
"Produits alimentaires et boissons non alcoolisées","Enseignement","Pourcentage","2011M7","104.455396394472"
"Produits alimentaires et boissons non alcoolisées","Enseignement","Pourcentage","2011M8","104.455396394472"
"Produits alimentaires et boissons non alcoolisées","Enseignement","Pourcentage","2011M9","104.455396394472"
"Produits alimentaires et boissons non alcoolisées","Enseignement","Pourcentage","2011M10","105.693952683032"
"Produits alimentaires et boissons non alcoolisées","Enseignement","Pourcentage","2011M11","106.022228392253"
"Produits alimentaires et boissons non alcoolisées","Enseignement","Pourcentage","2011M12","106.022228392253"
"Produits alimentaires et boissons non alcoolisées","Enseignement","Pourcentage","2012M1","106.061314878876"
"Produits alimentaires et boissons non alcoolisées","Enseignement","Pourcentage","2012M2","106.061314878876"
"Produits alimentaires et boissons non alcoolisées","Enseignement","Pourcentage","2012M3","106.061314878876"
"Produits alimentaires et boissons non alcoolisées","Enseignement","Pourcentage","2012M4","106.015771483907"
"Produits alimentaires et boissons non alcoolisées","Enseignement","Pourcentage","2012M5","106.015771483907"
"Produits alimentaires et boissons non alcoolisées","Enseignement","Pourcentage","2012M6","106.015771483907"
"Produits alimentaires et boissons non alcoolisées","Enseignement","Pourcentage","2012M7","106.015771483907"
"Produits alimentaires et boissons non alcoolisées","Enseignement","Pourcentage","2012M8","106.015771483907"
"Produits alimentaires et boissons non alcoolisées","Enseignement","Pourcentage","2012M9","107.039737584956"
"Produits alimentaires et boissons non alcoolisées","Enseignement","Pourcentage","2012M10","109.122805275821"
"Produits alimentaires et boissons non alcoolisées","Enseignement","Pourcentage","2012M11","111.153945192356"
"Produits alimentaires et boissons non alcoolisées","Enseignement","Pourcentage","2012M12","111.153945192356"
"Produits alimentaires et boissons non alcoolisées","Enseignement","Pourcentage","2013M1","108.9"
"Produits alimentaires et boissons non alcoolisées","Enseignement","Pourcentage","2013M2","111.32"
"Produits alimentaires et boissons non alcoolisées","Enseignement","Pourcentage","2013M3","111.3"
"Produits alimentaires et boissons non alcoolisées","Enseignement","Pourcentage","2013M4","111.3"
"Produits alimentaires et boissons non alcoolisées","Enseignement","Pourcentage","2013M5","111.32"
"Produits alimentaires et boissons non alcoolisées","Enseignement","Pourcentage","2013M6","111.32"
"Produits alimentaires et boissons non alcoolisées","Enseignement","Pourcentage","2013M7","111.32"
"Produits alimentaires et boissons non alcoolisées","Enseignement","Pourcentage","2013M8","111.32"
"Produits alimentaires et boissons non alcoolisées","Enseignement","Pourcentage","2013M9","111.32"
"Produits alimentaires et boissons non alcoolisées","Enseignement","Pourcentage","2013M10","113.26"
"Produits alimentaires et boissons non alcoolisées","Enseignement","Pourcentage","2013M11","113.31"
"Produits alimentaires et boissons non alcoolisées","Enseignement","Pourcentage","2013M12","113.31"
"Produits alimentaires et boissons non alcoolisées","Enseignement","Pourcentage","2014M1","113.69"
"Produits alimentaires et boissons non alcoolisées","Enseignement","Pourcentage","2014M2","113.91"
"Produits alimentaires et boissons non alcoolisées","Enseignement","Pourcentage","2014M3","113.91"
"Produits alimentaires et boissons non alcoolisées","Enseignement","Pourcentage","2014M4","113.92"
"Produits alimentaires et boissons non alcoolisées","Enseignement","Pourcentage","2014M5","113.92"
"Produits alimentaires et boissons non alcoolisées","Enseignement","Pourcentage","2014M6","113.64"
"Produits alimentaires et boissons non alcoolisées","Enseignement","Pourcentage","2014M7","113.92"
"Produits alimentaires et boissons non alcoolisées","Enseignement","Pourcentage","2014M8","113.92"
"Produits alimentaires et boissons non alcoolisées","Enseignement","Pourcentage","2014M9","114.63"
"Produits alimentaires et boissons non alcoolisées","Enseignement","Pourcentage","2014M10","116.16"
"Produits alimentaires et boissons non alcoolisées","Enseignement","Pourcentage","2014M11","116.38"
"Produits alimentaires et boissons non alcoolisées","Enseignement","Pourcentage","2014M12","116.16"
"Produits alimentaires et boissons non alcoolisées","Enseignement","Pourcentage","2015M1","116.17"
"Produits alimentaires et boissons non alcoolisées","Enseignement","Pourcentage","2015M2","116.17"
"Produits alimentaires et boissons non alcoolisées","Enseignement","Pourcentage","2015M3","116.17"
"Produits alimentaires et boissons non alcoolisées","Enseignement","Pourcentage","2015M4","116.17"
"Produits alimentaires et boissons non alcoolisées","Enseignement","Pourcentage","2015M5","116.17"
"Produits alimentaires et boissons non alcoolisées","Enseignement","Pourcentage","2015M6","116.17"
"Produits alimentaires et boissons non alcoolisées","Enseignement","Pourcentage","2015M7","116.17"
"Produits alimentaires et boissons non alcoolisées","Enseignement","Pourcentage","2015M8","116.17"
"Produits alimentaires et boissons non alcoolisées","Enseignement","Pourcentage","2015M9","116.17"
"Produits alimentaires et boissons non alcoolisées","Enseignement","Pourcentage","2015M10","116.63"
"Produits alimentaires et boissons non alcoolisées","Enseignement","Pourcentage","2015M11","116.63"
"Produits alimentaires et boissons non alcoolisées","Enseignement","Pourcentage","2015M12","116.63"
"Produits alimentaires et boissons non alcoolisées","Enseignement","Pourcentage","2016M1","116.63"
"Produits alimentaires et boissons non alcoolisées","Enseignement","Pourcentage","2016M2","116.66"
"Produits alimentaires et boissons non alcoolisées","Enseignement","Pourcentage","2016M3","116.66"
"Produits alimentaires et boissons non alcoolisées","Enseignement","Pourcentage","2016M4","116.66"
"Produits alimentaires et boissons non alcoolisées","Enseignement","Pourcentage","2016M5","116.66"
"Produits alimentaires et boissons non alcoolisées","Enseignement","Pourcentage","2016M6","116.66"
"Produits alimentaires et boissons non alcoolisées","Enseignement","Pourcentage","2016M7","116.66"
"Produits alimentaires et boissons non alcoolisées","Enseignement","Pourcentage","2016M8","116.66"
"Produits alimentaires et boissons non alcoolisées","Enseignement","Pourcentage","2016M9","116.66"
"Produits alimentaires et boissons non alcoolisées","Enseignement","Pourcentage","2016M10","116.66"
"Produits alimentaires et boissons non alcoolisées","Enseignement","Pourcentage","2016M11","116.68"
"Produits alimentaires et boissons non alcoolisées","Enseignement","Pourcentage","2016M12","116.68"
"Produits alimentaires et boissons non alcoolisées","Enseignement","Pourcentage","2017M1","100.53"
"Produits alimentaires et boissons non alcoolisées","Enseignement","Pourcentage","2017M2","100.53"
"Produits alimentaires et boissons non alcoolisées","Enseignement","Pourcentage","2017M3","100.16"
"Produits alimentaires et boissons non alcoolisées","Enseignement","Pourcentage","2017M4","100.16"
"Produits alimentaires et boissons non alcoolisées","Enseignement","Pourcentage","2017M5","100.16"
"Produits alimentaires et boissons non alcoolisées","Enseignement","Pourcentage","2017M6","100.16"
"Produits alimentaires et boissons non alcoolisées","Enseignement","Pourcentage","2017M7","100.17"
"Produits alimentaires et boissons non alcoolisées","Enseignement","Pourcentage","2017M8","99.02"
"Produits alimentaires et boissons non alcoolisées","Enseignement","Pourcentage","2017M9","100.17"
"Produits alimentaires et boissons non alcoolisées","Enseignement","Pourcentage","2017M10","100.62"
"Produits alimentaires et boissons non alcoolisées","Enseignement","Pourcentage","2017M11","100.12"
"Produits alimentaires et boissons non alcoolisées","Enseignement","Pourcentage","2017M12","100.13"
"Produits alimentaires et boissons non alcoolisées","Enseignement","Pourcentage","2018M1","101.94"
"Produits alimentaires et boissons non alcoolisées","Enseignement","Pourcentage","2018M2","101.94"
"Produits alimentaires et boissons non alcoolisées","Enseignement","Pourcentage","2018M3","101.96"
"Produits alimentaires et boissons non alcoolisées","Enseignement","Pourcentage","2018M4","102.23"
"Produits alimentaires et boissons non alcoolisées","Enseignement","Pourcentage","2018M5","110.38"
"Produits alimentaires et boissons non alcoolisées","Enseignement","Pourcentage","2018M6","110.39"
"Produits alimentaires et boissons non alcoolisées","Enseignement","Pourcentage","2018M7","102.09"
"Produits alimentaires et boissons non alcoolisées","Enseignement","Pourcentage","2018M8","102.09"
"Produits alimentaires et boissons non alcoolisées","Enseignement","Pourcentage","2018M9","102.48"
"Produits alimentaires et boissons non alcoolisées","Enseignement","Pourcentage","2018M10","103.13"
"Produits alimentaires et boissons non alcoolisées","Enseignement","Pourcentage","2018M11","104.77"
"Produits alimentaires et boissons non alcoolisées","Enseignement","Pourcentage","2018M12","104.99"
"Produits alimentaires et boissons non alcoolisées","Enseignement","Pourcentage","2019M1","105.39"
"Produits alimentaires et boissons non alcoolisées","Enseignement","Pourcentage","2019M2","105.44"
"Produits alimentaires et boissons non alcoolisées","Enseignement","Pourcentage","2019M3","105.52"
"Produits alimentaires et boissons non alcoolisées","Enseignement","Pourcentage","2019M4","105.52"
"Produits alimentaires et boissons non alcoolisées","Enseignement","Pourcentage","2019M5","105.52"
"Produits alimentaires et boissons non alcoolisées","Enseignement","Pourcentage","2019M6","105.52"
"Produits alimentaires et boissons non alcoolisées","Enseignement","Pourcentage","2019M7","105.52"
"Produits alimentaires et boissons non alcoolisées","Enseignement","Pourcentage","2019M8","105.59"
"Produits alimentaires et boissons non alcoolisées","Enseignement","Pourcentage","2019M9","106.7"
"Produits alimentaires et boissons non alcoolisées","Enseignement","Pourcentage","2019M10","109.95"
"Produits alimentaires et boissons non alcoolisées","Enseignement","Pourcentage","2019M11","109.95"
"Produits alimentaires et boissons non alcoolisées","Enseignement","Pourcentage","2019M12","109.95"
"Produits alimentaires et boissons non alcoolisées","Enseignement","Pourcentage","2020M1","110.05"
"Produits alimentaires et boissons non alcoolisées","Enseignement","Pourcentage","2020M2","110.75"
"Produits alimentaires et boissons non alcoolisées","Enseignement","Pourcentage","2020M3","110.69"
"Produits alimentaires et boissons non alcoolisées","Enseignement","Pourcentage","2020M4","110.69"
"Produits alimentaires et boissons non alcoolisées","Enseignement","Pourcentage","2020M5","110.69"
"Produits alimentaires et boissons non alcoolisées","Enseignement","Pourcentage","2020M6","110.7"
"Produits alimentaires et boissons non alcoolisées","Enseignement","Pourcentage","2020M7","110.28"
"Produits alimentaires et boissons non alcoolisées","Enseignement","Pourcentage","2020M8","110.39"
"Produits alimentaires et boissons non alcoolisées","Enseignement","Pourcentage","2020M9","110.39"
"Produits alimentaires et boissons non alcoolisées","Enseignement","Pourcentage","2020M10","110.81"
"Produits alimentaires et boissons non alcoolisées","Enseignement","Pourcentage","2020M11","112.59"
"Produits alimentaires et boissons non alcoolisées","Enseignement","Pourcentage","2020M12","112.56"
"Produits alimentaires et boissons non alcoolisées","Enseignement","Pourcentage","2021M1","112.45"
"Produits alimentaires et boissons non alcoolisées","Enseignement","Pourcentage","2021M2","112.39"
"Produits alimentaires et boissons non alcoolisées","Enseignement","Pourcentage","2021M3","112.39"
"Produits alimentaires et boissons non alcoolisées","Enseignement","Pourcentage","2021M4","112.43"
"Produits alimentaires et boissons non alcoolisées","Enseignement","Pourcentage","2021M5","112.46"
"Produits alimentaires et boissons non alcoolisées","Enseignement","Pourcentage","2021M6","111.95"
"Produits alimentaires et boissons non alcoolisées","Enseignement","Pourcentage","2021M7","111.96"
"Produits alimentaires et boissons non alcoolisées","Enseignement","Pourcentage","2021M8","111.43"
"Produits alimentaires et boissons non alcoolisées","Enseignement","Pourcentage","2021M9","107.66"
"Produits alimentaires et boissons non alcoolisées","Enseignement","Pourcentage","2021M10","107.89"
"Produits alimentaires et boissons non alcoolisées","Enseignement","Pourcentage","2021M11","108.06"
"Produits alimentaires et boissons non alcoolisées","Enseignement","Pourcentage","2021M12","108.06"
"Produits alimentaires et boissons non alcoolisées","Enseignement","Pourcentage","2022M1","108.42"
"Produits alimentaires et boissons non alcoolisées","Enseignement","Pourcentage","2022M2","108.79"
"Produits alimentaires et boissons non alcoolisées","Enseignement","Pourcentage","2022M3","109.22"
"Produits alimentaires et boissons non alcoolisées","Enseignement","Pourcentage","2022M4","109.24"
"Produits alimentaires et boissons non alcoolisées","Enseignement","Pourcentage","2022M5","109.19"
"Produits alimentaires et boissons non alcoolisées","Enseignement","Pourcentage","2022M6","109.24"
"Produits alimentaires et boissons non alcoolisées","Enseignement","Pourcentage","2022M7","109.46"
"Produits alimentaires et boissons non alcoolisées","Enseignement","Pourcentage","2022M8","109.49"
"Produits alimentaires et boissons non alcoolisées","Enseignement","Pourcentage","2022M9","109.77"
"Produits alimentaires et boissons non alcoolisées","Enseignement","Pourcentage","2022M10","111.17"
"Produits alimentaires et boissons non alcoolisées","Enseignement","Pourcentage","2022M11","111.07"
"Produits alimentaires et boissons non alcoolisées","Enseignement","Pourcentage","2022M12","111.07"
"Produits alimentaires et boissons non alcoolisées","Restaurants et Hôtels","Pourcentage","2010M1","106.040312541193"
"Produits alimentaires et boissons non alcoolisées","Restaurants et Hôtels","Pourcentage","2010M2","106.083977345938"
"Produits alimentaires et boissons non alcoolisées","Restaurants et Hôtels","Pourcentage","2010M3","107.114018470287"
"Produits alimentaires et boissons non alcoolisées","Restaurants et Hôtels","Pourcentage","2010M4","107.242749194331"
"Produits alimentaires et boissons non alcoolisées","Restaurants et Hôtels","Pourcentage","2010M5","107.084439976469"
"Produits alimentaires et boissons non alcoolisées","Restaurants et Hôtels","Pourcentage","2010M6","107.084439976469"
"Produits alimentaires et boissons non alcoolisées","Restaurants et Hôtels","Pourcentage","2010M7","107.079203052848"
"Produits alimentaires et boissons non alcoolisées","Restaurants et Hôtels","Pourcentage","2010M8","105.950482648607"
"Produits alimentaires et boissons non alcoolisées","Restaurants et Hôtels","Pourcentage","2010M9","105.945245724987"
"Produits alimentaires et boissons non alcoolisées","Restaurants et Hôtels","Pourcentage","2010M10","105.945245724987"
"Produits alimentaires et boissons non alcoolisées","Restaurants et Hôtels","Pourcentage","2010M11","105.950482648607"
"Produits alimentaires et boissons non alcoolisées","Restaurants et Hôtels","Pourcentage","2010M12","112.349651083344"
"Produits alimentaires et boissons non alcoolisées","Restaurants et Hôtels","Pourcentage","2011M1","112.627593677886"
"Produits alimentaires et boissons non alcoolisées","Restaurants et Hôtels","Pourcentage","2011M2","112.885897668262"
"Produits alimentaires et boissons non alcoolisées","Restaurants et Hôtels","Pourcentage","2011M3","113.118475885628"
"Produits alimentaires et boissons non alcoolisées","Restaurants et Hôtels","Pourcentage","2011M4","113.118475885628"
"Produits alimentaires et boissons non alcoolisées","Restaurants et Hôtels","Pourcentage","2011M5","113.331142788853"
"Produits alimentaires et boissons non alcoolisées","Restaurants et Hôtels","Pourcentage","2011M6","113.673450862814"
"Produits alimentaires et boissons non alcoolisées","Restaurants et Hôtels","Pourcentage","2011M7","113.445912835941"
"Produits alimentaires et boissons non alcoolisées","Restaurants et Hôtels","Pourcentage","2011M8","113.445912835941"
"Produits alimentaires et boissons non alcoolisées","Restaurants et Hôtels","Pourcentage","2011M9","113.274525455614"
"Produits alimentaires et boissons non alcoolisées","Restaurants et Hôtels","Pourcentage","2011M10","113.274525455614"
"Produits alimentaires et boissons non alcoolisées","Restaurants et Hôtels","Pourcentage","2011M11","113.274525455614"
"Produits alimentaires et boissons non alcoolisées","Restaurants et Hôtels","Pourcentage","2011M12","113.274525455614"
"Produits alimentaires et boissons non alcoolisées","Restaurants et Hôtels","Pourcentage","2012M1","113.383191024787"
"Produits alimentaires et boissons non alcoolisées","Restaurants et Hôtels","Pourcentage","2012M2","113.854612760128"
"Produits alimentaires et boissons non alcoolisées","Restaurants et Hôtels","Pourcentage","2012M3","113.62792812739"
"Produits alimentaires et boissons non alcoolisées","Restaurants et Hôtels","Pourcentage","2012M4","114.247262536019"
"Produits alimentaires et boissons non alcoolisées","Restaurants et Hôtels","Pourcentage","2012M5","115.022399205258"
"Produits alimentaires et boissons non alcoolisées","Restaurants et Hôtels","Pourcentage","2012M6","115.022399205258"
"Produits alimentaires et boissons non alcoolisées","Restaurants et Hôtels","Pourcentage","2012M7","115.316195857064"
"Produits alimentaires et boissons non alcoolisées","Restaurants et Hôtels","Pourcentage","2012M8","115.316195857064"
"Produits alimentaires et boissons non alcoolisées","Restaurants et Hôtels","Pourcentage","2012M9","115.07636588966"
"Produits alimentaires et boissons non alcoolisées","Restaurants et Hôtels","Pourcentage","2012M10","115.210109734842"
"Produits alimentaires et boissons non alcoolisées","Restaurants et Hôtels","Pourcentage","2012M11","115.210109734842"
"Produits alimentaires et boissons non alcoolisées","Restaurants et Hôtels","Pourcentage","2012M12","115.210109734842"
"Produits alimentaires et boissons non alcoolisées","Restaurants et Hôtels","Pourcentage","2013M1","120.38"
"Produits alimentaires et boissons non alcoolisées","Restaurants et Hôtels","Pourcentage","2013M2","120.38"
"Produits alimentaires et boissons non alcoolisées","Restaurants et Hôtels","Pourcentage","2013M3","120.4"
"Produits alimentaires et boissons non alcoolisées","Restaurants et Hôtels","Pourcentage","2013M4","120.4"
"Produits alimentaires et boissons non alcoolisées","Restaurants et Hôtels","Pourcentage","2013M5","120.38"
"Produits alimentaires et boissons non alcoolisées","Restaurants et Hôtels","Pourcentage","2013M6","120.38"
"Produits alimentaires et boissons non alcoolisées","Restaurants et Hôtels","Pourcentage","2013M7","120.44"
"Produits alimentaires et boissons non alcoolisées","Restaurants et Hôtels","Pourcentage","2013M8","120.39"
"Produits alimentaires et boissons non alcoolisées","Restaurants et Hôtels","Pourcentage","2013M9","120.39"
"Produits alimentaires et boissons non alcoolisées","Restaurants et Hôtels","Pourcentage","2013M10","121.65"
"Produits alimentaires et boissons non alcoolisées","Restaurants et Hôtels","Pourcentage","2013M11","121.65"
"Produits alimentaires et boissons non alcoolisées","Restaurants et Hôtels","Pourcentage","2013M12","121.65"
"Produits alimentaires et boissons non alcoolisées","Restaurants et Hôtels","Pourcentage","2014M1","122.64"
"Produits alimentaires et boissons non alcoolisées","Restaurants et Hôtels","Pourcentage","2014M2","123.25"
"Produits alimentaires et boissons non alcoolisées","Restaurants et Hôtels","Pourcentage","2014M3","123.25"
"Produits alimentaires et boissons non alcoolisées","Restaurants et Hôtels","Pourcentage","2014M4","123.62"
"Produits alimentaires et boissons non alcoolisées","Restaurants et Hôtels","Pourcentage","2014M5","123.63"
"Produits alimentaires et boissons non alcoolisées","Restaurants et Hôtels","Pourcentage","2014M6","123.89"
"Produits alimentaires et boissons non alcoolisées","Restaurants et Hôtels","Pourcentage","2014M7","124.23"
"Produits alimentaires et boissons non alcoolisées","Restaurants et Hôtels","Pourcentage","2014M8","124.36"
"Produits alimentaires et boissons non alcoolisées","Restaurants et Hôtels","Pourcentage","2014M9","124.48"
"Produits alimentaires et boissons non alcoolisées","Restaurants et Hôtels","Pourcentage","2014M10","124.48"
"Produits alimentaires et boissons non alcoolisées","Restaurants et Hôtels","Pourcentage","2014M11","124.48"
"Produits alimentaires et boissons non alcoolisées","Restaurants et Hôtels","Pourcentage","2014M12","124.53"
"Produits alimentaires et boissons non alcoolisées","Restaurants et Hôtels","Pourcentage","2015M1","124.41"
"Produits alimentaires et boissons non alcoolisées","Restaurants et Hôtels","Pourcentage","2015M2","124.42"
"Produits alimentaires et boissons non alcoolisées","Restaurants et Hôtels","Pourcentage","2015M3","124.42"
"Produits alimentaires et boissons non alcoolisées","Restaurants et Hôtels","Pourcentage","2015M4","124.47"
"Produits alimentaires et boissons non alcoolisées","Restaurants et Hôtels","Pourcentage","2015M5","124.42"
"Produits alimentaires et boissons non alcoolisées","Restaurants et Hôtels","Pourcentage","2015M6","124.99"
"Produits alimentaires et boissons non alcoolisées","Restaurants et Hôtels","Pourcentage","2015M7","124.99"
"Produits alimentaires et boissons non alcoolisées","Restaurants et Hôtels","Pourcentage","2015M8","125.4"
"Produits alimentaires et boissons non alcoolisées","Restaurants et Hôtels","Pourcentage","2015M9","125.75"
"Produits alimentaires et boissons non alcoolisées","Restaurants et Hôtels","Pourcentage","2015M10","125.75"
"Produits alimentaires et boissons non alcoolisées","Restaurants et Hôtels","Pourcentage","2015M11","125.75"
"Produits alimentaires et boissons non alcoolisées","Restaurants et Hôtels","Pourcentage","2015M12","125.75"
"Produits alimentaires et boissons non alcoolisées","Restaurants et Hôtels","Pourcentage","2016M1","126.07"
"Produits alimentaires et boissons non alcoolisées","Restaurants et Hôtels","Pourcentage","2016M2","126.07"
"Produits alimentaires et boissons non alcoolisées","Restaurants et Hôtels","Pourcentage","2016M3","126.07"
"Produits alimentaires et boissons non alcoolisées","Restaurants et Hôtels","Pourcentage","2016M4","126.24"
"Produits alimentaires et boissons non alcoolisées","Restaurants et Hôtels","Pourcentage","2016M5","128.62"
"Produits alimentaires et boissons non alcoolisées","Restaurants et Hôtels","Pourcentage","2016M6","128.62"
"Produits alimentaires et boissons non alcoolisées","Restaurants et Hôtels","Pourcentage","2016M7","128.62"
"Produits alimentaires et boissons non alcoolisées","Restaurants et Hôtels","Pourcentage","2016M8","128.62"
"Produits alimentaires et boissons non alcoolisées","Restaurants et Hôtels","Pourcentage","2016M9","129.17"
"Produits alimentaires et boissons non alcoolisées","Restaurants et Hôtels","Pourcentage","2016M10","129.17"
"Produits alimentaires et boissons non alcoolisées","Restaurants et Hôtels","Pourcentage","2016M11","128.98"
"Produits alimentaires et boissons non alcoolisées","Restaurants et Hôtels","Pourcentage","2016M12","128.98"
"Produits alimentaires et boissons non alcoolisées","Restaurants et Hôtels","Pourcentage","2017M1","103.23"
"Produits alimentaires et boissons non alcoolisées","Restaurants et Hôtels","Pourcentage","2017M2","103.38"
"Produits alimentaires et boissons non alcoolisées","Restaurants et Hôtels","Pourcentage","2017M3","103.4"
"Produits alimentaires et boissons non alcoolisées","Restaurants et Hôtels","Pourcentage","2017M4","103.54"
"Produits alimentaires et boissons non alcoolisées","Restaurants et Hôtels","Pourcentage","2017M5","103.54"
"Produits alimentaires et boissons non alcoolisées","Restaurants et Hôtels","Pourcentage","2017M6","103.54"
"Produits alimentaires et boissons non alcoolisées","Restaurants et Hôtels","Pourcentage","2017M7","103.54"
"Produits alimentaires et boissons non alcoolisées","Restaurants et Hôtels","Pourcentage","2017M8","103.58"
"Produits alimentaires et boissons non alcoolisées","Restaurants et Hôtels","Pourcentage","2017M9","103.51"
"Produits alimentaires et boissons non alcoolisées","Restaurants et Hôtels","Pourcentage","2017M10","103.5"
"Produits alimentaires et boissons non alcoolisées","Restaurants et Hôtels","Pourcentage","2017M11","103.51"
"Produits alimentaires et boissons non alcoolisées","Restaurants et Hôtels","Pourcentage","2017M12","103.51"
"Produits alimentaires et boissons non alcoolisées","Restaurants et Hôtels","Pourcentage","2018M1","106.04"
"Produits alimentaires et boissons non alcoolisées","Restaurants et Hôtels","Pourcentage","2018M2","106"
"Produits alimentaires et boissons non alcoolisées","Restaurants et Hôtels","Pourcentage","2018M3","106"
"Produits alimentaires et boissons non alcoolisées","Restaurants et Hôtels","Pourcentage","2018M4","108.88"
"Produits alimentaires et boissons non alcoolisées","Restaurants et Hôtels","Pourcentage","2018M5","107.96"
"Produits alimentaires et boissons non alcoolisées","Restaurants et Hôtels","Pourcentage","2018M6","107.63"
"Produits alimentaires et boissons non alcoolisées","Restaurants et Hôtels","Pourcentage","2018M7","108.3"
"Produits alimentaires et boissons non alcoolisées","Restaurants et Hôtels","Pourcentage","2018M8","108.3"
"Produits alimentaires et boissons non alcoolisées","Restaurants et Hôtels","Pourcentage","2018M9","108.32"
"Produits alimentaires et boissons non alcoolisées","Restaurants et Hôtels","Pourcentage","2018M10","108.45"
"Produits alimentaires et boissons non alcoolisées","Restaurants et Hôtels","Pourcentage","2018M11","108.46"
"Produits alimentaires et boissons non alcoolisées","Restaurants et Hôtels","Pourcentage","2018M12","108.44"
"Produits alimentaires et boissons non alcoolisées","Restaurants et Hôtels","Pourcentage","2019M1","108.56"
"Produits alimentaires et boissons non alcoolisées","Restaurants et Hôtels","Pourcentage","2019M2","108.28"
"Produits alimentaires et boissons non alcoolisées","Restaurants et Hôtels","Pourcentage","2019M3","108.13"
"Produits alimentaires et boissons non alcoolisées","Restaurants et Hôtels","Pourcentage","2019M4","108.75"
"Produits alimentaires et boissons non alcoolisées","Restaurants et Hôtels","Pourcentage","2019M5","109.26"
"Produits alimentaires et boissons non alcoolisées","Restaurants et Hôtels","Pourcentage","2019M6","109.81"
"Produits alimentaires et boissons non alcoolisées","Restaurants et Hôtels","Pourcentage","2019M7","109.81"
"Produits alimentaires et boissons non alcoolisées","Restaurants et Hôtels","Pourcentage","2019M8","109.81"
"Produits alimentaires et boissons non alcoolisées","Restaurants et Hôtels","Pourcentage","2019M9","109.81"
"Produits alimentaires et boissons non alcoolisées","Restaurants et Hôtels","Pourcentage","2019M10","110.37"
"Produits alimentaires et boissons non alcoolisées","Restaurants et Hôtels","Pourcentage","2019M11","110.37"
"Produits alimentaires et boissons non alcoolisées","Restaurants et Hôtels","Pourcentage","2019M12","110.31"
"Produits alimentaires et boissons non alcoolisées","Restaurants et Hôtels","Pourcentage","2020M1","109.89"
"Produits alimentaires et boissons non alcoolisées","Restaurants et Hôtels","Pourcentage","2020M2","109.92"
"Produits alimentaires et boissons non alcoolisées","Restaurants et Hôtels","Pourcentage","2020M3","109.92"
"Produits alimentaires et boissons non alcoolisées","Restaurants et Hôtels","Pourcentage","2020M4","110.04"
"Produits alimentaires et boissons non alcoolisées","Restaurants et Hôtels","Pourcentage","2020M5","110.16"
"Produits alimentaires et boissons non alcoolisées","Restaurants et Hôtels","Pourcentage","2020M6","110.65"
"Produits alimentaires et boissons non alcoolisées","Restaurants et Hôtels","Pourcentage","2020M7","110.94"
"Produits alimentaires et boissons non alcoolisées","Restaurants et Hôtels","Pourcentage","2020M8","111.06"
"Produits alimentaires et boissons non alcoolisées","Restaurants et Hôtels","Pourcentage","2020M9","113.14"
"Produits alimentaires et boissons non alcoolisées","Restaurants et Hôtels","Pourcentage","2020M10","113.14"
"Produits alimentaires et boissons non alcoolisées","Restaurants et Hôtels","Pourcentage","2020M11","113.15"
"Produits alimentaires et boissons non alcoolisées","Restaurants et Hôtels","Pourcentage","2020M12","113.1"
"Produits alimentaires et boissons non alcoolisées","Restaurants et Hôtels","Pourcentage","2021M1","113.84"
"Produits alimentaires et boissons non alcoolisées","Restaurants et Hôtels","Pourcentage","2021M2","114.11"
"Produits alimentaires et boissons non alcoolisées","Restaurants et Hôtels","Pourcentage","2021M3","113.86"
"Produits alimentaires et boissons non alcoolisées","Restaurants et Hôtels","Pourcentage","2021M4","113.98"
"Produits alimentaires et boissons non alcoolisées","Restaurants et Hôtels","Pourcentage","2021M5","113.84"
"Produits alimentaires et boissons non alcoolisées","Restaurants et Hôtels","Pourcentage","2021M6","114.76"
"Produits alimentaires et boissons non alcoolisées","Restaurants et Hôtels","Pourcentage","2021M7","114.88"
"Produits alimentaires et boissons non alcoolisées","Restaurants et Hôtels","Pourcentage","2021M8","115.34"
"Produits alimentaires et boissons non alcoolisées","Restaurants et Hôtels","Pourcentage","2021M9","115.71"
"Produits alimentaires et boissons non alcoolisées","Restaurants et Hôtels","Pourcentage","2021M10","115.12"
"Produits alimentaires et boissons non alcoolisées","Restaurants et Hôtels","Pourcentage","2021M11","114.96"
"Produits alimentaires et boissons non alcoolisées","Restaurants et Hôtels","Pourcentage","2021M12","114.96"
"Produits alimentaires et boissons non alcoolisées","Restaurants et Hôtels","Pourcentage","2022M1","115.71"
"Produits alimentaires et boissons non alcoolisées","Restaurants et Hôtels","Pourcentage","2022M2","115.85"
"Produits alimentaires et boissons non alcoolisées","Restaurants et Hôtels","Pourcentage","2022M3","116.08"
"Produits alimentaires et boissons non alcoolisées","Restaurants et Hôtels","Pourcentage","2022M4","116.97"
"Produits alimentaires et boissons non alcoolisées","Restaurants et Hôtels","Pourcentage","2022M5","118.86"
"Produits alimentaires et boissons non alcoolisées","Restaurants et Hôtels","Pourcentage","2022M6","119.27"
"Produits alimentaires et boissons non alcoolisées","Restaurants et Hôtels","Pourcentage","2022M7","119.49"
"Produits alimentaires et boissons non alcoolisées","Restaurants et Hôtels","Pourcentage","2022M8","120.83"
"Produits alimentaires et boissons non alcoolisées","Restaurants et Hôtels","Pourcentage","2022M9","122.21"
"Produits alimentaires et boissons non alcoolisées","Restaurants et Hôtels","Pourcentage","2022M10","122.17"
"Produits alimentaires et boissons non alcoolisées","Restaurants et Hôtels","Pourcentage","2022M11","123.97"
"Produits alimentaires et boissons non alcoolisées","Restaurants et Hôtels","Pourcentage","2022M12","125.22"
"Produits alimentaires et boissons non alcoolisées","Biens et services divers","Pourcentage","2010M1","101.267055338986"
"Produits alimentaires et boissons non alcoolisées","Biens et services divers","Pourcentage","2010M2","101.229310122421"
"Produits alimentaires et boissons non alcoolisées","Biens et services divers","Pourcentage","2010M3","100.857694205033"
"Produits alimentaires et boissons non alcoolisées","Biens et services divers","Pourcentage","2010M4","100.640856961273"
"Produits alimentaires et boissons non alcoolisées","Biens et services divers","Pourcentage","2010M5","99.9841434037753"
"Produits alimentaires et boissons non alcoolisées","Biens et services divers","Pourcentage","2010M6","100.415678715767"
"Produits alimentaires et boissons non alcoolisées","Biens et services divers","Pourcentage","2010M7","99.3190580603626"
"Produits alimentaires et boissons non alcoolisées","Biens et services divers","Pourcentage","2010M8","99.3293132428961"
"Produits alimentaires et boissons non alcoolisées","Biens et services divers","Pourcentage","2010M9","99.1481034513033"
"Produits alimentaires et boissons non alcoolisées","Biens et services divers","Pourcentage","2010M10","99.6811372472933"
"Produits alimentaires et boissons non alcoolisées","Biens et services divers","Pourcentage","2010M11","99.4280554033862"
"Produits alimentaires et boissons non alcoolisées","Biens et services divers","Pourcentage","2010M12","99.5635753933522"
"Produits alimentaires et boissons non alcoolisées","Biens et services divers","Pourcentage","2011M1","100.113660605333"
"Produits alimentaires et boissons non alcoolisées","Biens et services divers","Pourcentage","2011M2","102.703382358683"
"Produits alimentaires et boissons non alcoolisées","Biens et services divers","Pourcentage","2011M3","104.403414125546"
"Produits alimentaires et boissons non alcoolisées","Biens et services divers","Pourcentage","2011M4","104.484999848299"
"Produits alimentaires et boissons non alcoolisées","Biens et services divers","Pourcentage","2011M5","105.119220999765"
"Produits alimentaires et boissons non alcoolisées","Biens et services divers","Pourcentage","2011M6","106.178348347"
"Produits alimentaires et boissons non alcoolisées","Biens et services divers","Pourcentage","2011M7","107.440158007993"
"Produits alimentaires et boissons non alcoolisées","Biens et services divers","Pourcentage","2011M8","108.585434381988"
"Produits alimentaires et boissons non alcoolisées","Biens et services divers","Pourcentage","2011M9","108.884158968558"
"Produits alimentaires et boissons non alcoolisées","Biens et services divers","Pourcentage","2011M10","108.360915148164"
"Produits alimentaires et boissons non alcoolisées","Biens et services divers","Pourcentage","2011M11","108.521227363017"
"Produits alimentaires et boissons non alcoolisées","Biens et services divers","Pourcentage","2011M12","108.281585264962"
"Produits alimentaires et boissons non alcoolisées","Biens et services divers","Pourcentage","2012M1","109.291221668532"
"Produits alimentaires et boissons non alcoolisées","Biens et services divers","Pourcentage","2012M2","110.060486041088"
"Produits alimentaires et boissons non alcoolisées","Biens et services divers","Pourcentage","2012M3","110.102183582958"
"Produits alimentaires et boissons non alcoolisées","Biens et services divers","Pourcentage","2012M4","110.341921809126"
"Produits alimentaires et boissons non alcoolisées","Biens et services divers","Pourcentage","2012M5","112.073476396308"
"Produits alimentaires et boissons non alcoolisées","Biens et services divers","Pourcentage","2012M6","111.445456466242"
"Produits alimentaires et boissons non alcoolisées","Biens et services divers","Pourcentage","2012M7","111.765832181717"
"Produits alimentaires et boissons non alcoolisées","Biens et services divers","Pourcentage","2012M8","111.668098967426"
"Produits alimentaires et boissons non alcoolisées","Biens et services divers","Pourcentage","2012M9","112.062249576914"
"Produits alimentaires et boissons non alcoolisées","Biens et services divers","Pourcentage","2012M10","111.787769982839"
"Produits alimentaires et boissons non alcoolisées","Biens et services divers","Pourcentage","2012M11","111.451318493314"
"Produits alimentaires et boissons non alcoolisées","Biens et services divers","Pourcentage","2012M12","112.56126108346"
"Produits alimentaires et boissons non alcoolisées","Biens et services divers","Pourcentage","2013M1","116.02"
"Produits alimentaires et boissons non alcoolisées","Biens et services divers","Pourcentage","2013M2","116.73"
"Produits alimentaires et boissons non alcoolisées","Biens et services divers","Pourcentage","2013M3","116.7"
"Produits alimentaires et boissons non alcoolisées","Biens et services divers","Pourcentage","2013M4","115.5"
"Produits alimentaires et boissons non alcoolisées","Biens et services divers","Pourcentage","2013M5","116.75"
"Produits alimentaires et boissons non alcoolisées","Biens et services divers","Pourcentage","2013M6","116.93"
"Produits alimentaires et boissons non alcoolisées","Biens et services divers","Pourcentage","2013M7","116.33"
"Produits alimentaires et boissons non alcoolisées","Biens et services divers","Pourcentage","2013M8","117.23"
"Produits alimentaires et boissons non alcoolisées","Biens et services divers","Pourcentage","2013M9","117.39"
"Produits alimentaires et boissons non alcoolisées","Biens et services divers","Pourcentage","2013M10","117.01"
"Produits alimentaires et boissons non alcoolisées","Biens et services divers","Pourcentage","2013M11","117.31"
"Produits alimentaires et boissons non alcoolisées","Biens et services divers","Pourcentage","2013M12","117.02"
"Produits alimentaires et boissons non alcoolisées","Biens et services divers","Pourcentage","2014M1","117.15"
"Produits alimentaires et boissons non alcoolisées","Biens et services divers","Pourcentage","2014M2","118.67"
"Produits alimentaires et boissons non alcoolisées","Biens et services divers","Pourcentage","2014M3","117.97"
"Produits alimentaires et boissons non alcoolisées","Biens et services divers","Pourcentage","2014M4","117.42"
"Produits alimentaires et boissons non alcoolisées","Biens et services divers","Pourcentage","2014M5","118.26"
"Produits alimentaires et boissons non alcoolisées","Biens et services divers","Pourcentage","2014M6","118.49"
"Produits alimentaires et boissons non alcoolisées","Biens et services divers","Pourcentage","2014M7","117.47"
"Produits alimentaires et boissons non alcoolisées","Biens et services divers","Pourcentage","2014M8","117.78"
"Produits alimentaires et boissons non alcoolisées","Biens et services divers","Pourcentage","2014M9","117.74"
"Produits alimentaires et boissons non alcoolisées","Biens et services divers","Pourcentage","2014M10","118.69"
"Produits alimentaires et boissons non alcoolisées","Biens et services divers","Pourcentage","2014M11","118.07"
"Produits alimentaires et boissons non alcoolisées","Biens et services divers","Pourcentage","2014M12","118.68"
"Produits alimentaires et boissons non alcoolisées","Biens et services divers","Pourcentage","2015M1","119.59"
"Produits alimentaires et boissons non alcoolisées","Biens et services divers","Pourcentage","2015M2","119.39"
"Produits alimentaires et boissons non alcoolisées","Biens et services divers","Pourcentage","2015M3","118.94"
"Produits alimentaires et boissons non alcoolisées","Biens et services divers","Pourcentage","2015M4","119.64"
"Produits alimentaires et boissons non alcoolisées","Biens et services divers","Pourcentage","2015M5","119.73"
"Produits alimentaires et boissons non alcoolisées","Biens et services divers","Pourcentage","2015M6","119.33"
"Produits alimentaires et boissons non alcoolisées","Biens et services divers","Pourcentage","2015M7","119.86"
"Produits alimentaires et boissons non alcoolisées","Biens et services divers","Pourcentage","2015M8","119.25"
"Produits alimentaires et boissons non alcoolisées","Biens et services divers","Pourcentage","2015M9","118.68"
"Produits alimentaires et boissons non alcoolisées","Biens et services divers","Pourcentage","2015M10","118.96"
"Produits alimentaires et boissons non alcoolisées","Biens et services divers","Pourcentage","2015M11","119.14"
"Produits alimentaires et boissons non alcoolisées","Biens et services divers","Pourcentage","2015M12","119.19"
"Produits alimentaires et boissons non alcoolisées","Biens et services divers","Pourcentage","2016M1","120.48"
"Produits alimentaires et boissons non alcoolisées","Biens et services divers","Pourcentage","2016M2","121.91"
"Produits alimentaires et boissons non alcoolisées","Biens et services divers","Pourcentage","2016M3","120.16"
"Produits alimentaires et boissons non alcoolisées","Biens et services divers","Pourcentage","2016M4","120.24"
"Produits alimentaires et boissons non alcoolisées","Biens et services divers","Pourcentage","2016M5","120.31"
"Produits alimentaires et boissons non alcoolisées","Biens et services divers","Pourcentage","2016M6","120.24"
"Produits alimentaires et boissons non alcoolisées","Biens et services divers","Pourcentage","2016M7","120.83"
"Produits alimentaires et boissons non alcoolisées","Biens et services divers","Pourcentage","2016M8","119.9"
"Produits alimentaires et boissons non alcoolisées","Biens et services divers","Pourcentage","2016M9","120.45"
"Produits alimentaires et boissons non alcoolisées","Biens et services divers","Pourcentage","2016M10","119.68"
"Produits alimentaires et boissons non alcoolisées","Biens et services divers","Pourcentage","2016M11","121.4"
"Produits alimentaires et boissons non alcoolisées","Biens et services divers","Pourcentage","2016M12","120.73"
"Produits alimentaires et boissons non alcoolisées","Biens et services divers","Pourcentage","2017M1","101.98"
"Produits alimentaires et boissons non alcoolisées","Biens et services divers","Pourcentage","2017M2","101.84"
"Produits alimentaires et boissons non alcoolisées","Biens et services divers","Pourcentage","2017M3","102.05"
"Produits alimentaires et boissons non alcoolisées","Biens et services divers","Pourcentage","2017M4","101.8"
"Produits alimentaires et boissons non alcoolisées","Biens et services divers","Pourcentage","2017M5","101.59"
"Produits alimentaires et boissons non alcoolisées","Biens et services divers","Pourcentage","2017M6","101.93"
"Produits alimentaires et boissons non alcoolisées","Biens et services divers","Pourcentage","2017M7","101.82"
"Produits alimentaires et boissons non alcoolisées","Biens et services divers","Pourcentage","2017M8","101.8"
"Produits alimentaires et boissons non alcoolisées","Biens et services divers","Pourcentage","2017M9","101.41"
"Produits alimentaires et boissons non alcoolisées","Biens et services divers","Pourcentage","2017M10","101.48"
"Produits alimentaires et boissons non alcoolisées","Biens et services divers","Pourcentage","2017M11","101.65"
"Produits alimentaires et boissons non alcoolisées","Biens et services divers","Pourcentage","2017M12","101.99"
"Produits alimentaires et boissons non alcoolisées","Biens et services divers","Pourcentage","2018M1","102.28"
"Produits alimentaires et boissons non alcoolisées","Biens et services divers","Pourcentage","2018M2","102.41"
"Produits alimentaires et boissons non alcoolisées","Biens et services divers","Pourcentage","2018M3","102.23"
"Produits alimentaires et boissons non alcoolisées","Biens et services divers","Pourcentage","2018M4","102.27"
"Produits alimentaires et boissons non alcoolisées","Biens et services divers","Pourcentage","2018M5","102.34"
"Produits alimentaires et boissons non alcoolisées","Biens et services divers","Pourcentage","2018M6","102.54"
"Produits alimentaires et boissons non alcoolisées","Biens et services divers","Pourcentage","2018M7","102.52"
"Produits alimentaires et boissons non alcoolisées","Biens et services divers","Pourcentage","2018M8","102.27"
"Produits alimentaires et boissons non alcoolisées","Biens et services divers","Pourcentage","2018M9","102.75"
"Produits alimentaires et boissons non alcoolisées","Biens et services divers","Pourcentage","2018M10","102.14"
"Produits alimentaires et boissons non alcoolisées","Biens et services divers","Pourcentage","2018M11","102.58"
"Produits alimentaires et boissons non alcoolisées","Biens et services divers","Pourcentage","2018M12","102.56"
"Produits alimentaires et boissons non alcoolisées","Biens et services divers","Pourcentage","2019M1","102.75"
"Produits alimentaires et boissons non alcoolisées","Biens et services divers","Pourcentage","2019M2","102.73"
"Produits alimentaires et boissons non alcoolisées","Biens et services divers","Pourcentage","2019M3","102.51"
"Produits alimentaires et boissons non alcoolisées","Biens et services divers","Pourcentage","2019M4","102.8"
"Produits alimentaires et boissons non alcoolisées","Biens et services divers","Pourcentage","2019M5","104.05"
"Produits alimentaires et boissons non alcoolisées","Biens et services divers","Pourcentage","2019M6","104.49"
"Produits alimentaires et boissons non alcoolisées","Biens et services divers","Pourcentage","2019M7","103.94"
"Produits alimentaires et boissons non alcoolisées","Biens et services divers","Pourcentage","2019M8","104.32"
"Produits alimentaires et boissons non alcoolisées","Biens et services divers","Pourcentage","2019M9","103.99"
"Produits alimentaires et boissons non alcoolisées","Biens et services divers","Pourcentage","2019M10","104.41"
"Produits alimentaires et boissons non alcoolisées","Biens et services divers","Pourcentage","2019M11","104.65"
"Produits alimentaires et boissons non alcoolisées","Biens et services divers","Pourcentage","2019M12","104.66"
"Produits alimentaires et boissons non alcoolisées","Biens et services divers","Pourcentage","2020M1","105.36"
"Produits alimentaires et boissons non alcoolisées","Biens et services divers","Pourcentage","2020M2","105.31"
"Produits alimentaires et boissons non alcoolisées","Biens et services divers","Pourcentage","2020M3","105.37"
"Produits alimentaires et boissons non alcoolisées","Biens et services divers","Pourcentage","2020M4","105.72"
"Produits alimentaires et boissons non alcoolisées","Biens et services divers","Pourcentage","2020M5","108.01"
"Produits alimentaires et boissons non alcoolisées","Biens et services divers","Pourcentage","2020M6","105.45"
"Produits alimentaires et boissons non alcoolisées","Biens et services divers","Pourcentage","2020M7","106.55"
"Produits alimentaires et boissons non alcoolisées","Biens et services divers","Pourcentage","2020M8","106.69"
"Produits alimentaires et boissons non alcoolisées","Biens et services divers","Pourcentage","2020M9","106.44"
"Produits alimentaires et boissons non alcoolisées","Biens et services divers","Pourcentage","2020M10","107.41"
"Produits alimentaires et boissons non alcoolisées","Biens et services divers","Pourcentage","2020M11","107.78"
"Produits alimentaires et boissons non alcoolisées","Biens et services divers","Pourcentage","2020M12","108.78"
"Produits alimentaires et boissons non alcoolisées","Biens et services divers","Pourcentage","2021M1","108.03"
"Produits alimentaires et boissons non alcoolisées","Biens et services divers","Pourcentage","2021M2","107.66"
"Produits alimentaires et boissons non alcoolisées","Biens et services divers","Pourcentage","2021M3","107.74"
"Produits alimentaires et boissons non alcoolisées","Biens et services divers","Pourcentage","2021M4","107.98"
"Produits alimentaires et boissons non alcoolisées","Biens et services divers","Pourcentage","2021M5","107.66"
"Produits alimentaires et boissons non alcoolisées","Biens et services divers","Pourcentage","2021M6","107.85"
"Produits alimentaires et boissons non alcoolisées","Biens et services divers","Pourcentage","2021M7","108.23"
"Produits alimentaires et boissons non alcoolisées","Biens et services divers","Pourcentage","2021M8","108"
"Produits alimentaires et boissons non alcoolisées","Biens et services divers","Pourcentage","2021M9","108.36"
"Produits alimentaires et boissons non alcoolisées","Biens et services divers","Pourcentage","2021M10","108.95"
"Produits alimentaires et boissons non alcoolisées","Biens et services divers","Pourcentage","2021M11","108.9"
"Produits alimentaires et boissons non alcoolisées","Biens et services divers","Pourcentage","2021M12","109.05"
"Produits alimentaires et boissons non alcoolisées","Biens et services divers","Pourcentage","2022M1","109.97"
"Produits alimentaires et boissons non alcoolisées","Biens et services divers","Pourcentage","2022M2","110.64"
"Produits alimentaires et boissons non alcoolisées","Biens et services divers","Pourcentage","2022M3","110.58"
"Produits alimentaires et boissons non alcoolisées","Biens et services divers","Pourcentage","2022M4","111.25"
"Produits alimentaires et boissons non alcoolisées","Biens et services divers","Pourcentage","2022M5","111.75"
"Produits alimentaires et boissons non alcoolisées","Biens et services divers","Pourcentage","2022M6","111.54"
"Produits alimentaires et boissons non alcoolisées","Biens et services divers","Pourcentage","2022M7","112.11"
"Produits alimentaires et boissons non alcoolisées","Biens et services divers","Pourcentage","2022M8","112.8"
"Produits alimentaires et boissons non alcoolisées","Biens et services divers","Pourcentage","2022M9","113.23"
"Produits alimentaires et boissons non alcoolisées","Biens et services divers","Pourcentage","2022M10","114.31"
"Produits alimentaires et boissons non alcoolisées","Biens et services divers","Pourcentage","2022M11","114.38"
"Produits alimentaires et boissons non alcoolisées","Biens et services divers","Pourcentage","2022M12","114.44"
