"indicateurs","Unit","Date","Value"
"Produits alimentaires et boissons non alcoolisées","Pourcentage","2014M1","107.08"
"Produits alimentaires et boissons non alcoolisées","Pourcentage","2014M2","108.98"
"Produits alimentaires et boissons non alcoolisées","Pourcentage","2014M3","109.72"
"Produits alimentaires et boissons non alcoolisées","Pourcentage","2014M4","112.88"
"Produits alimentaires et boissons non alcoolisées","Pourcentage","2014M5","113.8"
"Produits alimentaires et boissons non alcoolisées","Pourcentage","2014M6","113.66"
"Produits alimentaires et boissons non alcoolisées","Pourcentage","2014M7","113.44"
"Produits alimentaires et boissons non alcoolisées","Pourcentage","2014M8","109.03"
"Produits alimentaires et boissons non alcoolisées","Pourcentage","2014M9","104.61"
"Produits alimentaires et boissons non alcoolisées","Pourcentage","2014M10","107.64"
"Produits alimentaires et boissons non alcoolisées","Pourcentage","2014M11","106.47"
"Produits alimentaires et boissons non alcoolisées","Pourcentage","2014M12","110.78"
"Produits alimentaires et boissons non alcoolisées","Pourcentage","2015M1","114.52"
"Produits alimentaires et boissons non alcoolisées","Pourcentage","2015M2","114.76"
"Produits alimentaires et boissons non alcoolisées","Pourcentage","2015M3","113.02"
"Produits alimentaires et boissons non alcoolisées","Pourcentage","2015M4","112.98"
"Produits alimentaires et boissons non alcoolisées","Pourcentage","2015M5","118.56"
"Produits alimentaires et boissons non alcoolisées","Pourcentage","2015M6","119.17"
"Produits alimentaires et boissons non alcoolisées","Pourcentage","2015M7","118.43"
"Produits alimentaires et boissons non alcoolisées","Pourcentage","2015M8","119.76"
"Produits alimentaires et boissons non alcoolisées","Pourcentage","2015M9","116.19"
"Produits alimentaires et boissons non alcoolisées","Pourcentage","2015M10","114.44"
"Produits alimentaires et boissons non alcoolisées","Pourcentage","2015M11","116.11"
"Produits alimentaires et boissons non alcoolisées","Pourcentage","2015M12","117.6"
"Produits alimentaires et boissons non alcoolisées","Pourcentage","2016M1","120.67"
"Produits alimentaires et boissons non alcoolisées","Pourcentage","2016M2","119.03"
"Produits alimentaires et boissons non alcoolisées","Pourcentage","2016M3","116.98"
"Produits alimentaires et boissons non alcoolisées","Pourcentage","2016M4","121.58"
"Produits alimentaires et boissons non alcoolisées","Pourcentage","2016M5","128.29"
"Produits alimentaires et boissons non alcoolisées","Pourcentage","2016M6","129.14"
"Produits alimentaires et boissons non alcoolisées","Pourcentage","2016M7","129.23"
"Produits alimentaires et boissons non alcoolisées","Pourcentage","2016M8","116.11"
"Produits alimentaires et boissons non alcoolisées","Pourcentage","2016M9","113.83"
"Produits alimentaires et boissons non alcoolisées","Pourcentage","2016M10","111.34"
"Produits alimentaires et boissons non alcoolisées","Pourcentage","2016M11","116.75"
"Produits alimentaires et boissons non alcoolisées","Pourcentage","2016M12","116.57"
"Produits alimentaires et boissons non alcoolisées","Pourcentage","2017M1","106.56"
"Produits alimentaires et boissons non alcoolisées","Pourcentage","2017M2","105.06"
"Produits alimentaires et boissons non alcoolisées","Pourcentage","2017M3","106.81"
"Produits alimentaires et boissons non alcoolisées","Pourcentage","2017M4","109.36"
"Produits alimentaires et boissons non alcoolisées","Pourcentage","2017M5","112.55"
"Produits alimentaires et boissons non alcoolisées","Pourcentage","2017M6","115.09"
"Produits alimentaires et boissons non alcoolisées","Pourcentage","2017M7","111.15"
"Produits alimentaires et boissons non alcoolisées","Pourcentage","2017M8","109.47"
"Produits alimentaires et boissons non alcoolisées","Pourcentage","2017M9","104.97"
"Produits alimentaires et boissons non alcoolisées","Pourcentage","2017M10","103.43"
"Produits alimentaires et boissons non alcoolisées","Pourcentage","2017M11","104.01"
"Produits alimentaires et boissons non alcoolisées","Pourcentage","2017M12","104.98"
"Produits alimentaires et boissons non alcoolisées","Pourcentage","2018M1","105.44"
"Produits alimentaires et boissons non alcoolisées","Pourcentage","2018M2","105.78"
"Produits alimentaires et boissons non alcoolisées","Pourcentage","2018M3","105.38"
"Produits alimentaires et boissons non alcoolisées","Pourcentage","2018M4","110.88"
"Produits alimentaires et boissons non alcoolisées","Pourcentage","2018M5","115.74"
"Produits alimentaires et boissons non alcoolisées","Pourcentage","2018M6","112.51"
"Produits alimentaires et boissons non alcoolisées","Pourcentage","2018M7","111.29"
"Produits alimentaires et boissons non alcoolisées","Pourcentage","2018M8","108.8"
"Produits alimentaires et boissons non alcoolisées","Pourcentage","2018M9","104.25"
"Produits alimentaires et boissons non alcoolisées","Pourcentage","2018M10","103.17"
"Produits alimentaires et boissons non alcoolisées","Pourcentage","2018M11","105.99"
"Produits alimentaires et boissons non alcoolisées","Pourcentage","2018M12","108.03"
"Produits alimentaires et boissons non alcoolisées","Pourcentage","2019M1","109.62"
"Produits alimentaires et boissons non alcoolisées","Pourcentage","2019M2","108.73"
"Produits alimentaires et boissons non alcoolisées","Pourcentage","2019M3","108.16"
"Produits alimentaires et boissons non alcoolisées","Pourcentage","2019M4","108.52"
"Produits alimentaires et boissons non alcoolisées","Pourcentage","2019M5","112.6"
"Produits alimentaires et boissons non alcoolisées","Pourcentage","2019M6","114.64"
"Produits alimentaires et boissons non alcoolisées","Pourcentage","2019M7","110.15"
"Produits alimentaires et boissons non alcoolisées","Pourcentage","2019M8","105.14"
"Produits alimentaires et boissons non alcoolisées","Pourcentage","2019M9","102.81"
"Produits alimentaires et boissons non alcoolisées","Pourcentage","2019M10","102.04"
"Produits alimentaires et boissons non alcoolisées","Pourcentage","2019M11","103.62"
"Produits alimentaires et boissons non alcoolisées","Pourcentage","2019M12","104.57"
"Produits alimentaires et boissons non alcoolisées","Pourcentage","2020M1","107.79"
"Produits alimentaires et boissons non alcoolisées","Pourcentage","2020M2","107.86"
"Produits alimentaires et boissons non alcoolisées","Pourcentage","2020M3","109.81"
"Produits alimentaires et boissons non alcoolisées","Pourcentage","2020M4","113.47"
"Produits alimentaires et boissons non alcoolisées","Pourcentage","2020M5","114.35"
"Produits alimentaires et boissons non alcoolisées","Pourcentage","2020M6","113.69"
"Produits alimentaires et boissons non alcoolisées","Pourcentage","2020M7","113.88"
"Produits alimentaires et boissons non alcoolisées","Pourcentage","2020M8","111.51"
"Produits alimentaires et boissons non alcoolisées","Pourcentage","2020M9","110.22"
"Produits alimentaires et boissons non alcoolisées","Pourcentage","2020M10","109"
"Produits alimentaires et boissons non alcoolisées","Pourcentage","2020M11","110.13"
"Produits alimentaires et boissons non alcoolisées","Pourcentage","2020M12","112.38"
"Produits alimentaires et boissons non alcoolisées","Pourcentage","2021M1","113.08"
"Produits alimentaires et boissons non alcoolisées","Pourcentage","2021M2","113.06"
"Produits alimentaires et boissons non alcoolisées","Pourcentage","2021M3","111.09"
"Produits alimentaires et boissons non alcoolisées","Pourcentage","2021M4","119.61"
"Produits alimentaires et boissons non alcoolisées","Pourcentage","2021M5","123.04"
"Produits alimentaires et boissons non alcoolisées","Pourcentage","2021M6","127.24"
"Produits alimentaires et boissons non alcoolisées","Pourcentage","2021M7","130.39"
"Produits alimentaires et boissons non alcoolisées","Pourcentage","2021M8","128.29"
"Produits alimentaires et boissons non alcoolisées","Pourcentage","2021M9","124"
"Produits alimentaires et boissons non alcoolisées","Pourcentage","2021M10","123.67"
"Produits alimentaires et boissons non alcoolisées","Pourcentage","2021M11","123.23"
"Produits alimentaires et boissons non alcoolisées","Pourcentage","2021M12","129.13"
"Produits alimentaires et boissons non alcoolisées","Pourcentage","2022M1","132.05"
"Produits alimentaires et boissons non alcoolisées","Pourcentage","2022M2","133.31"
"Produits alimentaires et boissons non alcoolisées","Pourcentage","2022M3","132.29"
"Produits alimentaires et boissons non alcoolisées","Pourcentage","2022M4","135.85"
"Produits alimentaires et boissons non alcoolisées","Pourcentage","2022M5","139.84"
"Produits alimentaires et boissons non alcoolisées","Pourcentage","2022M6","140.19"
"Produits alimentaires et boissons non alcoolisées","Pourcentage","2022M7","140.36"
"Produits alimentaires et boissons non alcoolisées","Pourcentage","2022M8","137.47"
"Produits alimentaires et boissons non alcoolisées","Pourcentage","2022M9","134.64"
"Produits alimentaires et boissons non alcoolisées","Pourcentage","2022M10","131.21"
"Produits alimentaires et boissons non alcoolisées","Pourcentage","2022M11","134.35"
"Produits alimentaires et boissons non alcoolisées","Pourcentage","2022M12","137.81"
"Produits alimentaires et boissons non alcoolisées","Pourcentage","2023M1","139.42"
"Produits alimentaires et boissons non alcoolisées","Pourcentage","2023M2","135.37"
"Produits alimentaires et boissons non alcoolisées","Pourcentage","2023M3","137.14"
"Produits alimentaires et boissons non alcoolisées","Pourcentage","2023M4","142.24"
"Produits alimentaires et boissons non alcoolisées","Pourcentage","2023M5","142.75"
"Produits alimentaires et boissons non alcoolisées","Pourcentage","2023M6","144.92"
"Produits alimentaires et boissons non alcoolisées","Pourcentage","2023M7","148.2"
"Produits alimentaires et boissons non alcoolisées","Pourcentage","2023M8","140.29"
"Produits alimentaires et boissons non alcoolisées","Pourcentage","2023M9","136.92"
"Produits alimentaires et boissons non alcoolisées","Pourcentage","2023M10","138.27"
"Produits alimentaires et boissons non alcoolisées","Pourcentage","2023M11","138.94"
"Produits alimentaires et boissons non alcoolisées","Pourcentage","2023M12","137.81"
"Produits alimentaires et boissons non alcoolisées","Pourcentage","2024M1","139.94"
"Produits alimentaires et boissons non alcoolisées","Pourcentage","2024M2","141.3"
"Produits alimentaires et boissons non alcoolisées","Pourcentage","2024M3","140.5"
"Produits alimentaires et boissons non alcoolisées","Pourcentage","2024M4","147.98"
"Tabac et stupéfiants","Pourcentage","2014M1","110.02"
"Tabac et stupéfiants","Pourcentage","2014M2","109.6"
"Tabac et stupéfiants","Pourcentage","2014M3","109.89"
"Tabac et stupéfiants","Pourcentage","2014M4","112.62"
"Tabac et stupéfiants","Pourcentage","2014M5","108.75"
"Tabac et stupéfiants","Pourcentage","2014M6","110.46"
"Tabac et stupéfiants","Pourcentage","2014M7","109.09"
"Tabac et stupéfiants","Pourcentage","2014M8","112.35"
"Tabac et stupéfiants","Pourcentage","2014M9","108.32"
"Tabac et stupéfiants","Pourcentage","2014M10","109.43"
"Tabac et stupéfiants","Pourcentage","2014M11","110.82"
"Tabac et stupéfiants","Pourcentage","2014M12","110.18"
"Tabac et stupéfiants","Pourcentage","2015M1","110.39"
"Tabac et stupéfiants","Pourcentage","2015M2","109.81"
"Tabac et stupéfiants","Pourcentage","2015M3","107.56"
"Tabac et stupéfiants","Pourcentage","2015M4","111.2"
"Tabac et stupéfiants","Pourcentage","2015M5","110.39"
"Tabac et stupéfiants","Pourcentage","2015M6","112.34"
"Tabac et stupéfiants","Pourcentage","2015M7","112.99"
"Tabac et stupéfiants","Pourcentage","2015M8","112.17"
"Tabac et stupéfiants","Pourcentage","2015M9","111.47"
"Tabac et stupéfiants","Pourcentage","2015M10","111.95"
"Tabac et stupéfiants","Pourcentage","2015M11","111.62"
"Tabac et stupéfiants","Pourcentage","2015M12","112.13"
"Tabac et stupéfiants","Pourcentage","2016M1","113.24"
"Tabac et stupéfiants","Pourcentage","2016M2","115.46"
"Tabac et stupéfiants","Pourcentage","2016M3","112.92"
"Tabac et stupéfiants","Pourcentage","2016M4","114.58"
"Tabac et stupéfiants","Pourcentage","2016M5","112.27"
"Tabac et stupéfiants","Pourcentage","2016M6","113.79"
"Tabac et stupéfiants","Pourcentage","2016M7","114.07"
"Tabac et stupéfiants","Pourcentage","2016M8","113.81"
"Tabac et stupéfiants","Pourcentage","2016M9","112.85"
"Tabac et stupéfiants","Pourcentage","2016M10","112.5"
"Tabac et stupéfiants","Pourcentage","2016M11","112.06"
"Tabac et stupéfiants","Pourcentage","2016M12","112.37"
"Tabac et stupéfiants","Pourcentage","2017M1","99.74"
"Tabac et stupéfiants","Pourcentage","2017M2","100.49"
"Tabac et stupéfiants","Pourcentage","2017M3","97.84"
"Tabac et stupéfiants","Pourcentage","2017M4","100.27"
"Tabac et stupéfiants","Pourcentage","2017M5","95.41"
"Tabac et stupéfiants","Pourcentage","2017M6","97.7"
"Tabac et stupéfiants","Pourcentage","2017M7","98.45"
"Tabac et stupéfiants","Pourcentage","2017M8","101.47"
"Tabac et stupéfiants","Pourcentage","2017M9","103.69"
"Tabac et stupéfiants","Pourcentage","2017M10","101.69"
"Tabac et stupéfiants","Pourcentage","2017M11","100.57"
"Tabac et stupéfiants","Pourcentage","2017M12","101.28"
"Tabac et stupéfiants","Pourcentage","2018M1","102.24"
"Tabac et stupéfiants","Pourcentage","2018M2","101.82"
"Tabac et stupéfiants","Pourcentage","2018M3","99.47"
"Tabac et stupéfiants","Pourcentage","2018M4","97.8"
"Tabac et stupéfiants","Pourcentage","2018M5","97.25"
"Tabac et stupéfiants","Pourcentage","2018M6","99.84"
"Tabac et stupéfiants","Pourcentage","2018M7","98.87"
"Tabac et stupéfiants","Pourcentage","2018M8","98.96"
"Tabac et stupéfiants","Pourcentage","2018M9","103.06"
"Tabac et stupéfiants","Pourcentage","2018M10","103.57"
"Tabac et stupéfiants","Pourcentage","2018M11","103.04"
"Tabac et stupéfiants","Pourcentage","2018M12","100.44"
"Tabac et stupéfiants","Pourcentage","2019M1","100.89"
"Tabac et stupéfiants","Pourcentage","2019M2","99.19"
"Tabac et stupéfiants","Pourcentage","2019M3","98.36"
"Tabac et stupéfiants","Pourcentage","2019M4","100.07"
"Tabac et stupéfiants","Pourcentage","2019M5","103.58"
"Tabac et stupéfiants","Pourcentage","2019M6","103.06"
"Tabac et stupéfiants","Pourcentage","2019M7","103.94"
"Tabac et stupéfiants","Pourcentage","2019M8","102.9"
"Tabac et stupéfiants","Pourcentage","2019M9","102.9"
"Tabac et stupéfiants","Pourcentage","2019M10","102.42"
"Tabac et stupéfiants","Pourcentage","2019M11","102.07"
"Tabac et stupéfiants","Pourcentage","2019M12","102.65"
"Tabac et stupéfiants","Pourcentage","2020M1","105.33"
"Tabac et stupéfiants","Pourcentage","2020M2","103.52"
"Tabac et stupéfiants","Pourcentage","2020M3","105.66"
"Tabac et stupéfiants","Pourcentage","2020M4","103.56"
"Tabac et stupéfiants","Pourcentage","2020M5","103.7"
"Tabac et stupéfiants","Pourcentage","2020M6","105.97"
"Tabac et stupéfiants","Pourcentage","2020M7","105.73"
"Tabac et stupéfiants","Pourcentage","2020M8","106.78"
"Tabac et stupéfiants","Pourcentage","2020M9","108.71"
"Tabac et stupéfiants","Pourcentage","2020M10","109.78"
"Tabac et stupéfiants","Pourcentage","2020M11","108.92"
"Tabac et stupéfiants","Pourcentage","2020M12","109.86"
"Tabac et stupéfiants","Pourcentage","2021M1","107.41"
"Tabac et stupéfiants","Pourcentage","2021M2","109.67"
"Tabac et stupéfiants","Pourcentage","2021M3","107.04"
"Tabac et stupéfiants","Pourcentage","2021M4","106"
"Tabac et stupéfiants","Pourcentage","2021M5","104.72"
"Tabac et stupéfiants","Pourcentage","2021M6","108.72"
"Tabac et stupéfiants","Pourcentage","2021M7","108.84"
"Tabac et stupéfiants","Pourcentage","2021M8","111.1"
"Tabac et stupéfiants","Pourcentage","2021M9","109.2"
"Tabac et stupéfiants","Pourcentage","2021M10","110.05"
"Tabac et stupéfiants","Pourcentage","2021M11","105.86"
"Tabac et stupéfiants","Pourcentage","2021M12","108.95"
"Tabac et stupéfiants","Pourcentage","2022M1","108.52"
"Tabac et stupéfiants","Pourcentage","2022M2","110.63"
"Tabac et stupéfiants","Pourcentage","2022M3","110.79"
"Tabac et stupéfiants","Pourcentage","2022M4","109.22"
"Tabac et stupéfiants","Pourcentage","2022M5","112.58"
"Tabac et stupéfiants","Pourcentage","2022M6","111.4"
"Tabac et stupéfiants","Pourcentage","2022M7","112.55"
"Tabac et stupéfiants","Pourcentage","2022M8","114.32"
"Tabac et stupéfiants","Pourcentage","2022M9","119.55"
"Tabac et stupéfiants","Pourcentage","2022M10","116.78"
"Tabac et stupéfiants","Pourcentage","2022M11","116.89"
"Tabac et stupéfiants","Pourcentage","2022M12","117.26"
"Tabac et stupéfiants","Pourcentage","2023M1","116.17"
"Tabac et stupéfiants","Pourcentage","2023M2","118.84"
"Tabac et stupéfiants","Pourcentage","2023M3","117.76"
"Tabac et stupéfiants","Pourcentage","2023M4","118.91"
"Tabac et stupéfiants","Pourcentage","2023M5","117.98"
"Tabac et stupéfiants","Pourcentage","2023M6","120.12"
"Tabac et stupéfiants","Pourcentage","2023M7","116.53"
"Tabac et stupéfiants","Pourcentage","2023M8","113.44"
"Tabac et stupéfiants","Pourcentage","2023M9","118.67"
"Tabac et stupéfiants","Pourcentage","2023M10","116.32"
"Tabac et stupéfiants","Pourcentage","2023M11","118.35"
"Tabac et stupéfiants","Pourcentage","2023M12","117.26"
"Tabac et stupéfiants","Pourcentage","2024M1","116.42"
"Tabac et stupéfiants","Pourcentage","2024M2","117.6"
"Tabac et stupéfiants","Pourcentage","2024M3","115.62"
"Tabac et stupéfiants","Pourcentage","2024M4","119.83"
"Articles d'habillement et chaussures","Pourcentage","2014M1","104.71"
"Articles d'habillement et chaussures","Pourcentage","2014M2","104.68"
"Articles d'habillement et chaussures","Pourcentage","2014M3","104.65"
"Articles d'habillement et chaussures","Pourcentage","2014M4","104.69"
"Articles d'habillement et chaussures","Pourcentage","2014M5","104.67"
"Articles d'habillement et chaussures","Pourcentage","2014M6","104.67"
"Articles d'habillement et chaussures","Pourcentage","2014M7","104.67"
"Articles d'habillement et chaussures","Pourcentage","2014M8","104.44"
"Articles d'habillement et chaussures","Pourcentage","2014M9","104.66"
"Articles d'habillement et chaussures","Pourcentage","2014M10","104.66"
"Articles d'habillement et chaussures","Pourcentage","2014M11","104.66"
"Articles d'habillement et chaussures","Pourcentage","2014M12","105.05"
"Articles d'habillement et chaussures","Pourcentage","2015M1","105.2"
"Articles d'habillement et chaussures","Pourcentage","2015M2","105.22"
"Articles d'habillement et chaussures","Pourcentage","2015M3","105.34"
"Articles d'habillement et chaussures","Pourcentage","2015M4","105.34"
"Articles d'habillement et chaussures","Pourcentage","2015M5","105.93"
"Articles d'habillement et chaussures","Pourcentage","2015M6","105.93"
"Articles d'habillement et chaussures","Pourcentage","2015M7","105.94"
"Articles d'habillement et chaussures","Pourcentage","2015M8","105.93"
"Articles d'habillement et chaussures","Pourcentage","2015M9","105.98"
"Articles d'habillement et chaussures","Pourcentage","2015M10","105.98"
"Articles d'habillement et chaussures","Pourcentage","2015M11","105.98"
"Articles d'habillement et chaussures","Pourcentage","2015M12","106.23"
"Articles d'habillement et chaussures","Pourcentage","2016M1","106"
"Articles d'habillement et chaussures","Pourcentage","2016M2","106"
"Articles d'habillement et chaussures","Pourcentage","2016M3","108.16"
"Articles d'habillement et chaussures","Pourcentage","2016M4","109.04"
"Articles d'habillement et chaussures","Pourcentage","2016M5","109.54"
"Articles d'habillement et chaussures","Pourcentage","2016M6","109.55"
"Articles d'habillement et chaussures","Pourcentage","2016M7","109.56"
"Articles d'habillement et chaussures","Pourcentage","2016M8","109.54"
"Articles d'habillement et chaussures","Pourcentage","2016M9","109.51"
"Articles d'habillement et chaussures","Pourcentage","2016M10","109.49"
"Articles d'habillement et chaussures","Pourcentage","2016M11","109.93"
"Articles d'habillement et chaussures","Pourcentage","2016M12","110.19"
"Articles d'habillement et chaussures","Pourcentage","2017M1","106.61"
"Articles d'habillement et chaussures","Pourcentage","2017M2","106.71"
"Articles d'habillement et chaussures","Pourcentage","2017M3","106.69"
"Articles d'habillement et chaussures","Pourcentage","2017M4","106.68"
"Articles d'habillement et chaussures","Pourcentage","2017M5","106.66"
"Articles d'habillement et chaussures","Pourcentage","2017M6","106.73"
"Articles d'habillement et chaussures","Pourcentage","2017M7","106.77"
"Articles d'habillement et chaussures","Pourcentage","2017M8","107.17"
"Articles d'habillement et chaussures","Pourcentage","2017M9","107.76"
"Articles d'habillement et chaussures","Pourcentage","2017M10","105.16"
"Articles d'habillement et chaussures","Pourcentage","2017M11","107.36"
"Articles d'habillement et chaussures","Pourcentage","2017M12","107.85"
"Articles d'habillement et chaussures","Pourcentage","2018M1","106.17"
"Articles d'habillement et chaussures","Pourcentage","2018M2","105.96"
"Articles d'habillement et chaussures","Pourcentage","2018M3","105.99"
"Articles d'habillement et chaussures","Pourcentage","2018M4","105.89"
"Articles d'habillement et chaussures","Pourcentage","2018M5","106.11"
"Articles d'habillement et chaussures","Pourcentage","2018M6","105.19"
"Articles d'habillement et chaussures","Pourcentage","2018M7","103.4"
"Articles d'habillement et chaussures","Pourcentage","2018M8","103.83"
"Articles d'habillement et chaussures","Pourcentage","2018M9","104.09"
"Articles d'habillement et chaussures","Pourcentage","2018M10","104.35"
"Articles d'habillement et chaussures","Pourcentage","2018M11","104.39"
"Articles d'habillement et chaussures","Pourcentage","2018M12","104.29"
"Articles d'habillement et chaussures","Pourcentage","2019M1","104.19"
"Articles d'habillement et chaussures","Pourcentage","2019M2","104.46"
"Articles d'habillement et chaussures","Pourcentage","2019M3","104.86"
"Articles d'habillement et chaussures","Pourcentage","2019M4","105.18"
"Articles d'habillement et chaussures","Pourcentage","2019M5","104.5"
"Articles d'habillement et chaussures","Pourcentage","2019M6","105.88"
"Articles d'habillement et chaussures","Pourcentage","2019M7","105.81"
"Articles d'habillement et chaussures","Pourcentage","2019M8","105.86"
"Articles d'habillement et chaussures","Pourcentage","2019M9","105.95"
"Articles d'habillement et chaussures","Pourcentage","2019M10","105.98"
"Articles d'habillement et chaussures","Pourcentage","2019M11","105.93"
"Articles d'habillement et chaussures","Pourcentage","2019M12","105.9"
"Articles d'habillement et chaussures","Pourcentage","2020M1","105.94"
"Articles d'habillement et chaussures","Pourcentage","2020M2","105.94"
"Articles d'habillement et chaussures","Pourcentage","2020M3","106.17"
"Articles d'habillement et chaussures","Pourcentage","2020M4","106.64"
"Articles d'habillement et chaussures","Pourcentage","2020M5","106.76"
"Articles d'habillement et chaussures","Pourcentage","2020M6","107.14"
"Articles d'habillement et chaussures","Pourcentage","2020M7","107.48"
"Articles d'habillement et chaussures","Pourcentage","2020M8","107.5"
"Articles d'habillement et chaussures","Pourcentage","2020M9","107.75"
"Articles d'habillement et chaussures","Pourcentage","2020M10","107.86"
"Articles d'habillement et chaussures","Pourcentage","2020M11","107.88"
"Articles d'habillement et chaussures","Pourcentage","2020M12","107.76"
"Articles d'habillement et chaussures","Pourcentage","2021M1","107.54"
"Articles d'habillement et chaussures","Pourcentage","2021M2","107.45"
"Articles d'habillement et chaussures","Pourcentage","2021M3","107.56"
"Articles d'habillement et chaussures","Pourcentage","2021M4","107.53"
"Articles d'habillement et chaussures","Pourcentage","2021M5","107.65"
"Articles d'habillement et chaussures","Pourcentage","2021M6","107.42"
"Articles d'habillement et chaussures","Pourcentage","2021M7","107.54"
"Articles d'habillement et chaussures","Pourcentage","2021M8","107.55"
"Articles d'habillement et chaussures","Pourcentage","2021M9","107.84"
"Articles d'habillement et chaussures","Pourcentage","2021M10","107.95"
"Articles d'habillement et chaussures","Pourcentage","2021M11","107.97"
"Articles d'habillement et chaussures","Pourcentage","2021M12","108.24"
"Articles d'habillement et chaussures","Pourcentage","2022M1","110.85"
"Articles d'habillement et chaussures","Pourcentage","2022M2","111.03"
"Articles d'habillement et chaussures","Pourcentage","2022M3","111.21"
"Articles d'habillement et chaussures","Pourcentage","2022M4","111.7"
"Articles d'habillement et chaussures","Pourcentage","2022M5","111.79"
"Articles d'habillement et chaussures","Pourcentage","2022M6","112.41"
"Articles d'habillement et chaussures","Pourcentage","2022M7","113.42"
"Articles d'habillement et chaussures","Pourcentage","2022M8","114.28"
"Articles d'habillement et chaussures","Pourcentage","2022M9","115.11"
"Articles d'habillement et chaussures","Pourcentage","2022M10","115.71"
"Articles d'habillement et chaussures","Pourcentage","2022M11","116.6"
"Articles d'habillement et chaussures","Pourcentage","2022M12","117.01"
"Articles d'habillement et chaussures","Pourcentage","2023M1","118.45"
"Articles d'habillement et chaussures","Pourcentage","2023M2","118.8"
"Articles d'habillement et chaussures","Pourcentage","2023M3","119.13"
"Articles d'habillement et chaussures","Pourcentage","2023M4","119.65"
"Articles d'habillement et chaussures","Pourcentage","2023M5","119.76"
"Articles d'habillement et chaussures","Pourcentage","2023M6","119.93"
"Articles d'habillement et chaussures","Pourcentage","2023M7","120.05"
"Articles d'habillement et chaussures","Pourcentage","2023M8","120.25"
"Articles d'habillement et chaussures","Pourcentage","2023M9","120.86"
"Articles d'habillement et chaussures","Pourcentage","2023M10","120.9"
"Articles d'habillement et chaussures","Pourcentage","2023M11","121.5"
"Articles d'habillement et chaussures","Pourcentage","2023M12","117.01"
"Articles d'habillement et chaussures","Pourcentage","2024M1","122.43"
"Articles d'habillement et chaussures","Pourcentage","2024M2","122.6"
"Articles d'habillement et chaussures","Pourcentage","2024M3","122.64"
"Articles d'habillement et chaussures","Pourcentage","2024M4","122.71"
"Logement, eau, gaz, électricité et autres combustibles","Pourcentage","2014M1","119.98"
"Logement, eau, gaz, électricité et autres combustibles","Pourcentage","2014M2","121.13"
"Logement, eau, gaz, électricité et autres combustibles","Pourcentage","2014M3","121"
"Logement, eau, gaz, électricité et autres combustibles","Pourcentage","2014M4","122.19"
"Logement, eau, gaz, électricité et autres combustibles","Pourcentage","2014M5","121.82"
"Logement, eau, gaz, électricité et autres combustibles","Pourcentage","2014M6","119.93"
"Logement, eau, gaz, électricité et autres combustibles","Pourcentage","2014M7","120.7"
"Logement, eau, gaz, électricité et autres combustibles","Pourcentage","2014M8","119.56"
"Logement, eau, gaz, électricité et autres combustibles","Pourcentage","2014M9","120.22"
"Logement, eau, gaz, électricité et autres combustibles","Pourcentage","2014M10","121.32"
"Logement, eau, gaz, électricité et autres combustibles","Pourcentage","2014M11","122.25"
"Logement, eau, gaz, électricité et autres combustibles","Pourcentage","2014M12","121.64"
"Logement, eau, gaz, électricité et autres combustibles","Pourcentage","2015M1","123.14"
"Logement, eau, gaz, électricité et autres combustibles","Pourcentage","2015M2","122.08"
"Logement, eau, gaz, électricité et autres combustibles","Pourcentage","2015M3","122.71"
"Logement, eau, gaz, électricité et autres combustibles","Pourcentage","2015M4","122.64"
"Logement, eau, gaz, électricité et autres combustibles","Pourcentage","2015M5","121.93"
"Logement, eau, gaz, électricité et autres combustibles","Pourcentage","2015M6","121.11"
"Logement, eau, gaz, électricité et autres combustibles","Pourcentage","2015M7","122.78"
"Logement, eau, gaz, électricité et autres combustibles","Pourcentage","2015M8","122.44"
"Logement, eau, gaz, électricité et autres combustibles","Pourcentage","2015M9","122.97"
"Logement, eau, gaz, électricité et autres combustibles","Pourcentage","2015M10","122.52"
"Logement, eau, gaz, électricité et autres combustibles","Pourcentage","2015M11","122.7"
"Logement, eau, gaz, électricité et autres combustibles","Pourcentage","2015M12","121.52"
"Logement, eau, gaz, électricité et autres combustibles","Pourcentage","2016M1","126.25"
"Logement, eau, gaz, électricité et autres combustibles","Pourcentage","2016M2","122.41"
"Logement, eau, gaz, électricité et autres combustibles","Pourcentage","2016M3","121.12"
"Logement, eau, gaz, électricité et autres combustibles","Pourcentage","2016M4","122"
"Logement, eau, gaz, électricité et autres combustibles","Pourcentage","2016M5","121.27"
"Logement, eau, gaz, électricité et autres combustibles","Pourcentage","2016M6","122.44"
"Logement, eau, gaz, électricité et autres combustibles","Pourcentage","2016M7","121.23"
"Logement, eau, gaz, électricité et autres combustibles","Pourcentage","2016M8","120.58"
"Logement, eau, gaz, électricité et autres combustibles","Pourcentage","2016M9","121.21"
"Logement, eau, gaz, électricité et autres combustibles","Pourcentage","2016M10","122.41"
"Logement, eau, gaz, électricité et autres combustibles","Pourcentage","2016M11","123.05"
"Logement, eau, gaz, électricité et autres combustibles","Pourcentage","2016M12","131.2"
"Logement, eau, gaz, électricité et autres combustibles","Pourcentage","2017M1","98.01"
"Logement, eau, gaz, électricité et autres combustibles","Pourcentage","2017M2","98.96"
"Logement, eau, gaz, électricité et autres combustibles","Pourcentage","2017M3","98.71"
"Logement, eau, gaz, électricité et autres combustibles","Pourcentage","2017M4","97.36"
"Logement, eau, gaz, électricité et autres combustibles","Pourcentage","2017M5","98.54"
"Logement, eau, gaz, électricité et autres combustibles","Pourcentage","2017M6","97.01"
"Logement, eau, gaz, électricité et autres combustibles","Pourcentage","2017M7","97.32"
"Logement, eau, gaz, électricité et autres combustibles","Pourcentage","2017M8","97.97"
"Logement, eau, gaz, électricité et autres combustibles","Pourcentage","2017M9","98.81"
"Logement, eau, gaz, électricité et autres combustibles","Pourcentage","2017M10","99.39"
"Logement, eau, gaz, électricité et autres combustibles","Pourcentage","2017M11","99.61"
"Logement, eau, gaz, électricité et autres combustibles","Pourcentage","2017M12","100.34"
"Logement, eau, gaz, électricité et autres combustibles","Pourcentage","2018M1","98.47"
"Logement, eau, gaz, électricité et autres combustibles","Pourcentage","2018M2","97.69"
"Logement, eau, gaz, électricité et autres combustibles","Pourcentage","2018M3","98.44"
"Logement, eau, gaz, électricité et autres combustibles","Pourcentage","2018M4","97.59"
"Logement, eau, gaz, électricité et autres combustibles","Pourcentage","2018M5","97.03"
"Logement, eau, gaz, électricité et autres combustibles","Pourcentage","2018M6","97.33"
"Logement, eau, gaz, électricité et autres combustibles","Pourcentage","2018M7","97.48"
"Logement, eau, gaz, électricité et autres combustibles","Pourcentage","2018M8","97.48"
"Logement, eau, gaz, électricité et autres combustibles","Pourcentage","2018M9","97.74"
"Logement, eau, gaz, électricité et autres combustibles","Pourcentage","2018M10","97.64"
"Logement, eau, gaz, électricité et autres combustibles","Pourcentage","2018M11","98.34"
"Logement, eau, gaz, électricité et autres combustibles","Pourcentage","2018M12","99.23"
"Logement, eau, gaz, électricité et autres combustibles","Pourcentage","2019M1","99.66"
"Logement, eau, gaz, électricité et autres combustibles","Pourcentage","2019M2","99.08"
"Logement, eau, gaz, électricité et autres combustibles","Pourcentage","2019M3","98.99"
"Logement, eau, gaz, électricité et autres combustibles","Pourcentage","2019M4","98.24"
"Logement, eau, gaz, électricité et autres combustibles","Pourcentage","2019M5","97.96"
"Logement, eau, gaz, électricité et autres combustibles","Pourcentage","2019M6","97.17"
"Logement, eau, gaz, électricité et autres combustibles","Pourcentage","2019M7","97.3"
"Logement, eau, gaz, électricité et autres combustibles","Pourcentage","2019M8","98.04"
"Logement, eau, gaz, électricité et autres combustibles","Pourcentage","2019M9","99.01"
"Logement, eau, gaz, électricité et autres combustibles","Pourcentage","2019M10","98.39"
"Logement, eau, gaz, électricité et autres combustibles","Pourcentage","2019M11","99.45"
"Logement, eau, gaz, électricité et autres combustibles","Pourcentage","2019M12","100.5"
"Logement, eau, gaz, électricité et autres combustibles","Pourcentage","2020M1","103.12"
"Logement, eau, gaz, électricité et autres combustibles","Pourcentage","2020M2","102.32"
"Logement, eau, gaz, électricité et autres combustibles","Pourcentage","2020M3","101.24"
"Logement, eau, gaz, électricité et autres combustibles","Pourcentage","2020M4","99.27"
"Logement, eau, gaz, électricité et autres combustibles","Pourcentage","2020M5","96.75"
"Logement, eau, gaz, électricité et autres combustibles","Pourcentage","2020M6","96.06"
"Logement, eau, gaz, électricité et autres combustibles","Pourcentage","2020M7","98.43"
"Logement, eau, gaz, électricité et autres combustibles","Pourcentage","2020M8","97.97"
"Logement, eau, gaz, électricité et autres combustibles","Pourcentage","2020M9","98.83"
"Logement, eau, gaz, électricité et autres combustibles","Pourcentage","2020M10","99.13"
"Logement, eau, gaz, électricité et autres combustibles","Pourcentage","2020M11","99.48"
"Logement, eau, gaz, électricité et autres combustibles","Pourcentage","2020M12","101.35"
"Logement, eau, gaz, électricité et autres combustibles","Pourcentage","2021M1","100.35"
"Logement, eau, gaz, électricité et autres combustibles","Pourcentage","2021M2","100.88"
"Logement, eau, gaz, électricité et autres combustibles","Pourcentage","2021M3","99.85"
"Logement, eau, gaz, électricité et autres combustibles","Pourcentage","2021M4","100.35"
"Logement, eau, gaz, électricité et autres combustibles","Pourcentage","2021M5","99.95"
"Logement, eau, gaz, électricité et autres combustibles","Pourcentage","2021M6","99.72"
"Logement, eau, gaz, électricité et autres combustibles","Pourcentage","2021M7","100.04"
"Logement, eau, gaz, électricité et autres combustibles","Pourcentage","2021M8","98.39"
"Logement, eau, gaz, électricité et autres combustibles","Pourcentage","2021M9","100.15"
"Logement, eau, gaz, électricité et autres combustibles","Pourcentage","2021M10","100.41"
"Logement, eau, gaz, électricité et autres combustibles","Pourcentage","2021M11","101.26"
"Logement, eau, gaz, électricité et autres combustibles","Pourcentage","2021M12","103.21"
"Logement, eau, gaz, électricité et autres combustibles","Pourcentage","2022M1","105.1"
"Logement, eau, gaz, électricité et autres combustibles","Pourcentage","2022M2","108.82"
"Logement, eau, gaz, électricité et autres combustibles","Pourcentage","2022M3","106.66"
"Logement, eau, gaz, électricité et autres combustibles","Pourcentage","2022M4","106.39"
"Logement, eau, gaz, électricité et autres combustibles","Pourcentage","2022M5","105.01"
"Logement, eau, gaz, électricité et autres combustibles","Pourcentage","2022M6","107.02"
"Logement, eau, gaz, électricité et autres combustibles","Pourcentage","2022M7","105.77"
"Logement, eau, gaz, électricité et autres combustibles","Pourcentage","2022M8","109.64"
"Logement, eau, gaz, électricité et autres combustibles","Pourcentage","2022M9","111.13"
"Logement, eau, gaz, électricité et autres combustibles","Pourcentage","2022M10","111.84"
"Logement, eau, gaz, électricité et autres combustibles","Pourcentage","2022M11","114.27"
"Logement, eau, gaz, électricité et autres combustibles","Pourcentage","2022M12","112.55"
"Logement, eau, gaz, électricité et autres combustibles","Pourcentage","2023M1","114.71"
"Logement, eau, gaz, électricité et autres combustibles","Pourcentage","2023M2","113.63"
"Logement, eau, gaz, électricité et autres combustibles","Pourcentage","2023M3","114.37"
"Logement, eau, gaz, électricité et autres combustibles","Pourcentage","2023M4","114.35"
"Logement, eau, gaz, électricité et autres combustibles","Pourcentage","2023M5","114.57"
"Logement, eau, gaz, électricité et autres combustibles","Pourcentage","2023M6","114.58"
"Logement, eau, gaz, électricité et autres combustibles","Pourcentage","2023M7","113.86"
"Logement, eau, gaz, électricité et autres combustibles","Pourcentage","2023M8","112.71"
"Logement, eau, gaz, électricité et autres combustibles","Pourcentage","2023M9","115.16"
"Logement, eau, gaz, électricité et autres combustibles","Pourcentage","2023M10","114.11"
"Logement, eau, gaz, électricité et autres combustibles","Pourcentage","2023M11","114.46"
"Logement, eau, gaz, électricité et autres combustibles","Pourcentage","2023M12","112.55"
"Logement, eau, gaz, électricité et autres combustibles","Pourcentage","2024M1","115.62"
"Logement, eau, gaz, électricité et autres combustibles","Pourcentage","2024M2","117.1"
"Logement, eau, gaz, électricité et autres combustibles","Pourcentage","2024M3","117.99"
"Logement, eau, gaz, électricité et autres combustibles","Pourcentage","2024M4","117.03"
"Meubles, articles de ménage et entretien courant du foyer","Pourcentage","2014M1","111.77"
"Meubles, articles de ménage et entretien courant du foyer","Pourcentage","2014M2","111.92"
"Meubles, articles de ménage et entretien courant du foyer","Pourcentage","2014M3","111.87"
"Meubles, articles de ménage et entretien courant du foyer","Pourcentage","2014M4","111.74"
"Meubles, articles de ménage et entretien courant du foyer","Pourcentage","2014M5","111.61"
"Meubles, articles de ménage et entretien courant du foyer","Pourcentage","2014M6","111.95"
"Meubles, articles de ménage et entretien courant du foyer","Pourcentage","2014M7","111.93"
"Meubles, articles de ménage et entretien courant du foyer","Pourcentage","2014M8","111.86"
"Meubles, articles de ménage et entretien courant du foyer","Pourcentage","2014M9","111.85"
"Meubles, articles de ménage et entretien courant du foyer","Pourcentage","2014M10","112.22"
"Meubles, articles de ménage et entretien courant du foyer","Pourcentage","2014M11","112.02"
"Meubles, articles de ménage et entretien courant du foyer","Pourcentage","2014M12","111.9"
"Meubles, articles de ménage et entretien courant du foyer","Pourcentage","2015M1","111.65"
"Meubles, articles de ménage et entretien courant du foyer","Pourcentage","2015M2","112.01"
"Meubles, articles de ménage et entretien courant du foyer","Pourcentage","2015M3","112.06"
"Meubles, articles de ménage et entretien courant du foyer","Pourcentage","2015M4","112.13"
"Meubles, articles de ménage et entretien courant du foyer","Pourcentage","2015M5","112.76"
"Meubles, articles de ménage et entretien courant du foyer","Pourcentage","2015M6","112.76"
"Meubles, articles de ménage et entretien courant du foyer","Pourcentage","2015M7","112.8"
"Meubles, articles de ménage et entretien courant du foyer","Pourcentage","2015M8","113.08"
"Meubles, articles de ménage et entretien courant du foyer","Pourcentage","2015M9","112.92"
"Meubles, articles de ménage et entretien courant du foyer","Pourcentage","2015M10","113.05"
"Meubles, articles de ménage et entretien courant du foyer","Pourcentage","2015M11","114.04"
"Meubles, articles de ménage et entretien courant du foyer","Pourcentage","2015M12","113.09"
"Meubles, articles de ménage et entretien courant du foyer","Pourcentage","2016M1","112.87"
"Meubles, articles de ménage et entretien courant du foyer","Pourcentage","2016M2","113.12"
"Meubles, articles de ménage et entretien courant du foyer","Pourcentage","2016M3","113.14"
"Meubles, articles de ménage et entretien courant du foyer","Pourcentage","2016M4","113.3"
"Meubles, articles de ménage et entretien courant du foyer","Pourcentage","2016M5","113.08"
"Meubles, articles de ménage et entretien courant du foyer","Pourcentage","2016M6","113.28"
"Meubles, articles de ménage et entretien courant du foyer","Pourcentage","2016M7","113.28"
"Meubles, articles de ménage et entretien courant du foyer","Pourcentage","2016M8","113.38"
"Meubles, articles de ménage et entretien courant du foyer","Pourcentage","2016M9","113.66"
"Meubles, articles de ménage et entretien courant du foyer","Pourcentage","2016M10","113.72"
"Meubles, articles de ménage et entretien courant du foyer","Pourcentage","2016M11","113.72"
"Meubles, articles de ménage et entretien courant du foyer","Pourcentage","2016M12","114.06"
"Meubles, articles de ménage et entretien courant du foyer","Pourcentage","2017M1","104.27"
"Meubles, articles de ménage et entretien courant du foyer","Pourcentage","2017M2","104.18"
"Meubles, articles de ménage et entretien courant du foyer","Pourcentage","2017M3","103.95"
"Meubles, articles de ménage et entretien courant du foyer","Pourcentage","2017M4","103.65"
"Meubles, articles de ménage et entretien courant du foyer","Pourcentage","2017M5","103.92"
"Meubles, articles de ménage et entretien courant du foyer","Pourcentage","2017M6","104.54"
"Meubles, articles de ménage et entretien courant du foyer","Pourcentage","2017M7","104.11"
"Meubles, articles de ménage et entretien courant du foyer","Pourcentage","2017M8","104.45"
"Meubles, articles de ménage et entretien courant du foyer","Pourcentage","2017M9","104.52"
"Meubles, articles de ménage et entretien courant du foyer","Pourcentage","2017M10","104.55"
"Meubles, articles de ménage et entretien courant du foyer","Pourcentage","2017M11","103.95"
"Meubles, articles de ménage et entretien courant du foyer","Pourcentage","2017M12","107.64"
"Meubles, articles de ménage et entretien courant du foyer","Pourcentage","2018M1","104.6"
"Meubles, articles de ménage et entretien courant du foyer","Pourcentage","2018M2","104.37"
"Meubles, articles de ménage et entretien courant du foyer","Pourcentage","2018M3","104.06"
"Meubles, articles de ménage et entretien courant du foyer","Pourcentage","2018M4","105.06"
"Meubles, articles de ménage et entretien courant du foyer","Pourcentage","2018M5","105.42"
"Meubles, articles de ménage et entretien courant du foyer","Pourcentage","2018M6","106.15"
"Meubles, articles de ménage et entretien courant du foyer","Pourcentage","2018M7","105.29"
"Meubles, articles de ménage et entretien courant du foyer","Pourcentage","2018M8","105.41"
"Meubles, articles de ménage et entretien courant du foyer","Pourcentage","2018M9","105.21"
"Meubles, articles de ménage et entretien courant du foyer","Pourcentage","2018M10","105.01"
"Meubles, articles de ménage et entretien courant du foyer","Pourcentage","2018M11","105.86"
"Meubles, articles de ménage et entretien courant du foyer","Pourcentage","2018M12","105.73"
"Meubles, articles de ménage et entretien courant du foyer","Pourcentage","2019M1","107.8"
"Meubles, articles de ménage et entretien courant du foyer","Pourcentage","2019M2","107.56"
"Meubles, articles de ménage et entretien courant du foyer","Pourcentage","2019M3","107.51"
"Meubles, articles de ménage et entretien courant du foyer","Pourcentage","2019M4","107.76"
"Meubles, articles de ménage et entretien courant du foyer","Pourcentage","2019M5","107.54"
"Meubles, articles de ménage et entretien courant du foyer","Pourcentage","2019M6","109.53"
"Meubles, articles de ménage et entretien courant du foyer","Pourcentage","2019M7","109.49"
"Meubles, articles de ménage et entretien courant du foyer","Pourcentage","2019M8","109.48"
"Meubles, articles de ménage et entretien courant du foyer","Pourcentage","2019M9","109.46"
"Meubles, articles de ménage et entretien courant du foyer","Pourcentage","2019M10","109.04"
"Meubles, articles de ménage et entretien courant du foyer","Pourcentage","2019M11","109.37"
"Meubles, articles de ménage et entretien courant du foyer","Pourcentage","2019M12","109.4"
"Meubles, articles de ménage et entretien courant du foyer","Pourcentage","2020M1","109.23"
"Meubles, articles de ménage et entretien courant du foyer","Pourcentage","2020M2","108.8"
"Meubles, articles de ménage et entretien courant du foyer","Pourcentage","2020M3","109.13"
"Meubles, articles de ménage et entretien courant du foyer","Pourcentage","2020M4","109.62"
"Meubles, articles de ménage et entretien courant du foyer","Pourcentage","2020M5","109.41"
"Meubles, articles de ménage et entretien courant du foyer","Pourcentage","2020M6","109.67"
"Meubles, articles de ménage et entretien courant du foyer","Pourcentage","2020M7","109.84"
"Meubles, articles de ménage et entretien courant du foyer","Pourcentage","2020M8","109.77"
"Meubles, articles de ménage et entretien courant du foyer","Pourcentage","2020M9","109.88"
"Meubles, articles de ménage et entretien courant du foyer","Pourcentage","2020M10","110.07"
"Meubles, articles de ménage et entretien courant du foyer","Pourcentage","2020M11","109.74"
"Meubles, articles de ménage et entretien courant du foyer","Pourcentage","2020M12","110.1"
"Meubles, articles de ménage et entretien courant du foyer","Pourcentage","2021M1","110.55"
"Meubles, articles de ménage et entretien courant du foyer","Pourcentage","2021M2","110.67"
"Meubles, articles de ménage et entretien courant du foyer","Pourcentage","2021M3","110.95"
"Meubles, articles de ménage et entretien courant du foyer","Pourcentage","2021M4","110.92"
"Meubles, articles de ménage et entretien courant du foyer","Pourcentage","2021M5","111.28"
"Meubles, articles de ménage et entretien courant du foyer","Pourcentage","2021M6","111.32"
"Meubles, articles de ménage et entretien courant du foyer","Pourcentage","2021M7","111.41"
"Meubles, articles de ménage et entretien courant du foyer","Pourcentage","2021M8","111.34"
"Meubles, articles de ménage et entretien courant du foyer","Pourcentage","2021M9","111.35"
"Meubles, articles de ménage et entretien courant du foyer","Pourcentage","2021M10","111.4"
"Meubles, articles de ménage et entretien courant du foyer","Pourcentage","2021M11","111.49"
"Meubles, articles de ménage et entretien courant du foyer","Pourcentage","2021M12","111.52"
"Meubles, articles de ménage et entretien courant du foyer","Pourcentage","2022M1","112.81"
"Meubles, articles de ménage et entretien courant du foyer","Pourcentage","2022M2","113.75"
"Meubles, articles de ménage et entretien courant du foyer","Pourcentage","2022M3","114.06"
"Meubles, articles de ménage et entretien courant du foyer","Pourcentage","2022M4","115.1"
"Meubles, articles de ménage et entretien courant du foyer","Pourcentage","2022M5","115.97"
"Meubles, articles de ménage et entretien courant du foyer","Pourcentage","2022M6","117.19"
"Meubles, articles de ménage et entretien courant du foyer","Pourcentage","2022M7","118.11"
"Meubles, articles de ménage et entretien courant du foyer","Pourcentage","2022M8","119.38"
"Meubles, articles de ménage et entretien courant du foyer","Pourcentage","2022M9","120.33"
"Meubles, articles de ménage et entretien courant du foyer","Pourcentage","2022M10","121"
"Meubles, articles de ménage et entretien courant du foyer","Pourcentage","2022M11","121.28"
"Meubles, articles de ménage et entretien courant du foyer","Pourcentage","2022M12","121.66"
"Meubles, articles de ménage et entretien courant du foyer","Pourcentage","2023M1","122.99"
"Meubles, articles de ménage et entretien courant du foyer","Pourcentage","2023M2","123.25"
"Meubles, articles de ménage et entretien courant du foyer","Pourcentage","2023M3","123.3"
"Meubles, articles de ménage et entretien courant du foyer","Pourcentage","2023M4","122.84"
"Meubles, articles de ménage et entretien courant du foyer","Pourcentage","2023M5","124.51"
"Meubles, articles de ménage et entretien courant du foyer","Pourcentage","2023M6","124.14"
"Meubles, articles de ménage et entretien courant du foyer","Pourcentage","2023M7","124.44"
"Meubles, articles de ménage et entretien courant du foyer","Pourcentage","2023M8","124.56"
"Meubles, articles de ménage et entretien courant du foyer","Pourcentage","2023M9","124.88"
"Meubles, articles de ménage et entretien courant du foyer","Pourcentage","2023M10","124.83"
"Meubles, articles de ménage et entretien courant du foyer","Pourcentage","2023M11","125.17"
"Meubles, articles de ménage et entretien courant du foyer","Pourcentage","2023M12","121.66"
"Meubles, articles de ménage et entretien courant du foyer","Pourcentage","2024M1","125.6"
"Meubles, articles de ménage et entretien courant du foyer","Pourcentage","2024M2","126.1"
"Meubles, articles de ménage et entretien courant du foyer","Pourcentage","2024M3","126.12"
"Meubles, articles de ménage et entretien courant du foyer","Pourcentage","2024M4","126.76"
"Santé","Pourcentage","2014M1","101.6"
"Santé","Pourcentage","2014M2","102.05"
"Santé","Pourcentage","2014M3","102.57"
"Santé","Pourcentage","2014M4","102.13"
"Santé","Pourcentage","2014M5","101.89"
"Santé","Pourcentage","2014M6","102.99"
"Santé","Pourcentage","2014M7","102"
"Santé","Pourcentage","2014M8","101.93"
"Santé","Pourcentage","2014M9","101.87"
"Santé","Pourcentage","2014M10","102.64"
"Santé","Pourcentage","2014M11","102.27"
"Santé","Pourcentage","2014M12","103.09"
"Santé","Pourcentage","2015M1","103.16"
"Santé","Pourcentage","2015M2","102.91"
"Santé","Pourcentage","2015M3","104.28"
"Santé","Pourcentage","2015M4","103.48"
"Santé","Pourcentage","2015M5","102.84"
"Santé","Pourcentage","2015M6","103.27"
"Santé","Pourcentage","2015M7","109.12"
"Santé","Pourcentage","2015M8","103.21"
"Santé","Pourcentage","2015M9","102.87"
"Santé","Pourcentage","2015M10","101.51"
"Santé","Pourcentage","2015M11","101.63"
"Santé","Pourcentage","2015M12","101.28"
"Santé","Pourcentage","2016M1","103.01"
"Santé","Pourcentage","2016M2","103.08"
"Santé","Pourcentage","2016M3","102.98"
"Santé","Pourcentage","2016M4","103.15"
"Santé","Pourcentage","2016M5","103.46"
"Santé","Pourcentage","2016M6","103.37"
"Santé","Pourcentage","2016M7","103.14"
"Santé","Pourcentage","2016M8","101.62"
"Santé","Pourcentage","2016M9","102.95"
"Santé","Pourcentage","2016M10","103.16"
"Santé","Pourcentage","2016M11","102.31"
"Santé","Pourcentage","2016M12","102.87"
"Santé","Pourcentage","2017M1","96.87"
"Santé","Pourcentage","2017M2","96.93"
"Santé","Pourcentage","2017M3","96.81"
"Santé","Pourcentage","2017M4","96.23"
"Santé","Pourcentage","2017M5","96.43"
"Santé","Pourcentage","2017M6","96.1"
"Santé","Pourcentage","2017M7","96.15"
"Santé","Pourcentage","2017M8","96.24"
"Santé","Pourcentage","2017M9","96.08"
"Santé","Pourcentage","2017M10","96.28"
"Santé","Pourcentage","2017M11","96.15"
"Santé","Pourcentage","2017M12","95.89"
"Santé","Pourcentage","2018M1","96.25"
"Santé","Pourcentage","2018M2","96.41"
"Santé","Pourcentage","2018M3","96.34"
"Santé","Pourcentage","2018M4","100.14"
"Santé","Pourcentage","2018M5","100.13"
"Santé","Pourcentage","2018M6","101.37"
"Santé","Pourcentage","2018M7","101.15"
"Santé","Pourcentage","2018M8","101.49"
"Santé","Pourcentage","2018M9","101.71"
"Santé","Pourcentage","2018M10","101.69"
"Santé","Pourcentage","2018M11","101.24"
"Santé","Pourcentage","2018M12","101.43"
"Santé","Pourcentage","2019M1","102.17"
"Santé","Pourcentage","2019M2","102.12"
"Santé","Pourcentage","2019M3","102.71"
"Santé","Pourcentage","2019M4","102.82"
"Santé","Pourcentage","2019M5","102.74"
"Santé","Pourcentage","2019M6","102.83"
"Santé","Pourcentage","2019M7","102.63"
"Santé","Pourcentage","2019M8","102.48"
"Santé","Pourcentage","2019M9","102.52"
"Santé","Pourcentage","2019M10","102.66"
"Santé","Pourcentage","2019M11","102.63"
"Santé","Pourcentage","2019M12","102.77"
"Santé","Pourcentage","2020M1","104.07"
"Santé","Pourcentage","2020M2","103.91"
"Santé","Pourcentage","2020M3","103.97"
"Santé","Pourcentage","2020M4","104.32"
"Santé","Pourcentage","2020M5","104.98"
"Santé","Pourcentage","2020M6","103.88"
"Santé","Pourcentage","2020M7","102.96"
"Santé","Pourcentage","2020M8","103.09"
"Santé","Pourcentage","2020M9","103.45"
"Santé","Pourcentage","2020M10","102.81"
"Santé","Pourcentage","2020M11","102.96"
"Santé","Pourcentage","2020M12","103.17"
"Santé","Pourcentage","2021M1","103.69"
"Santé","Pourcentage","2021M2","103.67"
"Santé","Pourcentage","2021M3","102.85"
"Santé","Pourcentage","2021M4","103.42"
"Santé","Pourcentage","2021M5","103.57"
"Santé","Pourcentage","2021M6","103.23"
"Santé","Pourcentage","2021M7","103.11"
"Santé","Pourcentage","2021M8","104.23"
"Santé","Pourcentage","2021M9","103.13"
"Santé","Pourcentage","2021M10","103.62"
"Santé","Pourcentage","2021M11","103.7"
"Santé","Pourcentage","2021M12","103.39"
"Santé","Pourcentage","2022M1","103.11"
"Santé","Pourcentage","2022M2","103.64"
"Santé","Pourcentage","2022M3","103.81"
"Santé","Pourcentage","2022M4","104.16"
"Santé","Pourcentage","2022M5","104.46"
"Santé","Pourcentage","2022M6","104.03"
"Santé","Pourcentage","2022M7","104"
"Santé","Pourcentage","2022M8","104.47"
"Santé","Pourcentage","2022M9","104.21"
"Santé","Pourcentage","2022M10","104.23"
"Santé","Pourcentage","2022M11","104.04"
"Santé","Pourcentage","2022M12","104.2"
"Santé","Pourcentage","2023M1","104.17"
"Santé","Pourcentage","2023M2","104.03"
"Santé","Pourcentage","2023M3","104.02"
"Santé","Pourcentage","2023M4","104.7"
"Santé","Pourcentage","2023M5","104.15"
"Santé","Pourcentage","2023M6","103.72"
"Santé","Pourcentage","2023M7","104"
"Santé","Pourcentage","2023M8","103.83"
"Santé","Pourcentage","2023M9","104.25"
"Santé","Pourcentage","2023M10","104.15"
"Santé","Pourcentage","2023M11","104.33"
"Santé","Pourcentage","2023M12","104.2"
"Santé","Pourcentage","2024M1","104.3"
"Santé","Pourcentage","2024M2","104.9"
"Santé","Pourcentage","2024M3","104.81"
"Santé","Pourcentage","2024M4","104.5"
"Transports","Pourcentage","2014M1","120"
"Transports","Pourcentage","2014M2","123.45"
"Transports","Pourcentage","2014M3","123.67"
"Transports","Pourcentage","2014M4","123.47"
"Transports","Pourcentage","2014M5","123.47"
"Transports","Pourcentage","2014M6","123.39"
"Transports","Pourcentage","2014M7","123.4"
"Transports","Pourcentage","2014M8","123.33"
"Transports","Pourcentage","2014M9","123.44"
"Transports","Pourcentage","2014M10","123.7"
"Transports","Pourcentage","2014M11","123.67"
"Transports","Pourcentage","2014M12","122.91"
"Transports","Pourcentage","2015M1","121.18"
"Transports","Pourcentage","2015M2","119.42"
"Transports","Pourcentage","2015M3","119.32"
"Transports","Pourcentage","2015M4","119.39"
"Transports","Pourcentage","2015M5","119.37"
"Transports","Pourcentage","2015M6","119.57"
"Transports","Pourcentage","2015M7","120.21"
"Transports","Pourcentage","2015M8","120.21"
"Transports","Pourcentage","2015M9","120.03"
"Transports","Pourcentage","2015M10","120.16"
"Transports","Pourcentage","2015M11","120.03"
"Transports","Pourcentage","2015M12","119.56"
"Transports","Pourcentage","2016M1","116.98"
"Transports","Pourcentage","2016M2","116.85"
"Transports","Pourcentage","2016M3","116.37"
"Transports","Pourcentage","2016M4","114.82"
"Transports","Pourcentage","2016M5","113.39"
"Transports","Pourcentage","2016M6","112.09"
"Transports","Pourcentage","2016M7","111.93"
"Transports","Pourcentage","2016M8","111.34"
"Transports","Pourcentage","2016M9","111.21"
"Transports","Pourcentage","2016M10","111.14"
"Transports","Pourcentage","2016M11","111.07"
"Transports","Pourcentage","2016M12","111.11"
"Transports","Pourcentage","2017M1","88.45"
"Transports","Pourcentage","2017M2","90.38"
"Transports","Pourcentage","2017M3","92.63"
"Transports","Pourcentage","2017M4","92.65"
"Transports","Pourcentage","2017M5","93.9"
"Transports","Pourcentage","2017M6","92.61"
"Transports","Pourcentage","2017M7","92.52"
"Transports","Pourcentage","2017M8","92.46"
"Transports","Pourcentage","2017M9","92.31"
"Transports","Pourcentage","2017M10","91.23"
"Transports","Pourcentage","2017M11","91.27"
"Transports","Pourcentage","2017M12","91.25"
"Transports","Pourcentage","2018M1","91.94"
"Transports","Pourcentage","2018M2","91.83"
"Transports","Pourcentage","2018M3","91.73"
"Transports","Pourcentage","2018M4","91.81"
"Transports","Pourcentage","2018M5","91.84"
"Transports","Pourcentage","2018M6","92.61"
"Transports","Pourcentage","2018M7","92.41"
"Transports","Pourcentage","2018M8","92.78"
"Transports","Pourcentage","2018M9","94.95"
"Transports","Pourcentage","2018M10","95.39"
"Transports","Pourcentage","2018M11","95.44"
"Transports","Pourcentage","2018M12","95.36"
"Transports","Pourcentage","2019M1","95.54"
"Transports","Pourcentage","2019M2","95.64"
"Transports","Pourcentage","2019M3","96.03"
"Transports","Pourcentage","2019M4","96.62"
"Transports","Pourcentage","2019M5","96.64"
"Transports","Pourcentage","2019M6","96.65"
"Transports","Pourcentage","2019M7","96.83"
"Transports","Pourcentage","2019M8","97.15"
"Transports","Pourcentage","2019M9","97.87"
"Transports","Pourcentage","2019M10","97.6"
"Transports","Pourcentage","2019M11","96.86"
"Transports","Pourcentage","2019M12","97.41"
"Transports","Pourcentage","2020M1","97.08"
"Transports","Pourcentage","2020M2","96.9"
"Transports","Pourcentage","2020M3","96.94"
"Transports","Pourcentage","2020M4","95.1"
"Transports","Pourcentage","2020M5","94.58"
"Transports","Pourcentage","2020M6","90.88"
"Transports","Pourcentage","2020M7","90.49"
"Transports","Pourcentage","2020M8","90.38"
"Transports","Pourcentage","2020M9","90.4"
"Transports","Pourcentage","2020M10","90.43"
"Transports","Pourcentage","2020M11","90.34"
"Transports","Pourcentage","2020M12","90.32"
"Transports","Pourcentage","2021M1","90.32"
"Transports","Pourcentage","2021M2","90.66"
"Transports","Pourcentage","2021M3","90.77"
"Transports","Pourcentage","2021M4","90.77"
"Transports","Pourcentage","2021M5","90.79"
"Transports","Pourcentage","2021M6","93.89"
"Transports","Pourcentage","2021M7","95.22"
"Transports","Pourcentage","2021M8","95.21"
"Transports","Pourcentage","2021M9","95.21"
"Transports","Pourcentage","2021M10","95.18"
"Transports","Pourcentage","2021M11","95.25"
"Transports","Pourcentage","2021M12","95.17"
"Transports","Pourcentage","2022M1","95.52"
"Transports","Pourcentage","2022M2","95.99"
"Transports","Pourcentage","2022M3","96.63"
"Transports","Pourcentage","2022M4","100.74"
"Transports","Pourcentage","2022M5","102.29"
"Transports","Pourcentage","2022M6","102.99"
"Transports","Pourcentage","2022M7","106.48"
"Transports","Pourcentage","2022M8","111.64"
"Transports","Pourcentage","2022M9","111.65"
"Transports","Pourcentage","2022M10","112.1"
"Transports","Pourcentage","2022M11","112.09"
"Transports","Pourcentage","2022M12","112.63"
"Transports","Pourcentage","2023M1","113.09"
"Transports","Pourcentage","2023M2","112.54"
"Transports","Pourcentage","2023M3","112.64"
"Transports","Pourcentage","2023M4","112.7"
"Transports","Pourcentage","2023M5","112.73"
"Transports","Pourcentage","2023M6","113.53"
"Transports","Pourcentage","2023M7","113.49"
"Transports","Pourcentage","2023M8","113.18"
"Transports","Pourcentage","2023M9","114.13"
"Transports","Pourcentage","2023M10","114.14"
"Transports","Pourcentage","2023M11","114.15"
"Transports","Pourcentage","2023M12","112.63"
"Transports","Pourcentage","2024M1","114.02"
"Transports","Pourcentage","2024M2","114.1"
"Transports","Pourcentage","2024M3","114.08"
"Transports","Pourcentage","2024M4","114.45"
"Communication","Pourcentage","2014M1","100.55"
"Communication","Pourcentage","2014M2","100.48"
"Communication","Pourcentage","2014M3","100.49"
"Communication","Pourcentage","2014M4","100.49"
"Communication","Pourcentage","2014M5","100.49"
"Communication","Pourcentage","2014M6","100.49"
"Communication","Pourcentage","2014M7","100.49"
"Communication","Pourcentage","2014M8","100.49"
"Communication","Pourcentage","2014M9","100.49"
"Communication","Pourcentage","2014M10","100.48"
"Communication","Pourcentage","2014M11","100.48"
"Communication","Pourcentage","2014M12","100.41"
"Communication","Pourcentage","2015M1","100.42"
"Communication","Pourcentage","2015M2","100.42"
"Communication","Pourcentage","2015M3","100.42"
"Communication","Pourcentage","2015M4","100.42"
"Communication","Pourcentage","2015M5","100.42"
"Communication","Pourcentage","2015M6","100.42"
"Communication","Pourcentage","2015M7","100.42"
"Communication","Pourcentage","2015M8","100.21"
"Communication","Pourcentage","2015M9","100.42"
"Communication","Pourcentage","2015M10","100.42"
"Communication","Pourcentage","2015M11","100.53"
"Communication","Pourcentage","2015M12","100.53"
"Communication","Pourcentage","2016M1","100.53"
"Communication","Pourcentage","2016M2","100.53"
"Communication","Pourcentage","2016M3","100.53"
"Communication","Pourcentage","2016M4","100.53"
"Communication","Pourcentage","2016M5","97.07"
"Communication","Pourcentage","2016M6","97.29"
"Communication","Pourcentage","2016M7","97.03"
"Communication","Pourcentage","2016M8","97.03"
"Communication","Pourcentage","2016M9","96.86"
"Communication","Pourcentage","2016M10","97.07"
"Communication","Pourcentage","2016M11","97.29"
"Communication","Pourcentage","2016M12","96.91"
"Communication","Pourcentage","2017M1","93.2"
"Communication","Pourcentage","2017M2","93.37"
"Communication","Pourcentage","2017M3","93.33"
"Communication","Pourcentage","2017M4","92.53"
"Communication","Pourcentage","2017M5","92.82"
"Communication","Pourcentage","2017M6","92.79"
"Communication","Pourcentage","2017M7","92.72"
"Communication","Pourcentage","2017M8","92.87"
"Communication","Pourcentage","2017M9","93.13"
"Communication","Pourcentage","2017M10","93.07"
"Communication","Pourcentage","2017M11","93.07"
"Communication","Pourcentage","2017M12","92.65"
"Communication","Pourcentage","2018M1","93"
"Communication","Pourcentage","2018M2","93.12"
"Communication","Pourcentage","2018M3","93.16"
"Communication","Pourcentage","2018M4","94.58"
"Communication","Pourcentage","2018M5","94.71"
"Communication","Pourcentage","2018M6","94.64"
"Communication","Pourcentage","2018M7","94.64"
"Communication","Pourcentage","2018M8","94.91"
"Communication","Pourcentage","2018M9","93.85"
"Communication","Pourcentage","2018M10","95.48"
"Communication","Pourcentage","2018M11","94.19"
"Communication","Pourcentage","2018M12","94.21"
"Communication","Pourcentage","2019M1","95.32"
"Communication","Pourcentage","2019M2","94.37"
"Communication","Pourcentage","2019M3","94.29"
"Communication","Pourcentage","2019M4","89.99"
"Communication","Pourcentage","2019M5","89.99"
"Communication","Pourcentage","2019M6","89.96"
"Communication","Pourcentage","2019M7","92.63"
"Communication","Pourcentage","2019M8","89.96"
"Communication","Pourcentage","2019M9","89.62"
"Communication","Pourcentage","2019M10","89.76"
"Communication","Pourcentage","2019M11","96.46"
"Communication","Pourcentage","2019M12","88.36"
"Communication","Pourcentage","2020M1","96.46"
"Communication","Pourcentage","2020M2","96.55"
"Communication","Pourcentage","2020M3","96.62"
"Communication","Pourcentage","2020M4","92.17"
"Communication","Pourcentage","2020M5","93.84"
"Communication","Pourcentage","2020M6","91.95"
"Communication","Pourcentage","2020M7","96.53"
"Communication","Pourcentage","2020M8","96.35"
"Communication","Pourcentage","2020M9","95.92"
"Communication","Pourcentage","2020M10","95.93"
"Communication","Pourcentage","2020M11","96.74"
"Communication","Pourcentage","2020M12","101.75"
"Communication","Pourcentage","2021M1","101.79"
"Communication","Pourcentage","2021M2","101.78"
"Communication","Pourcentage","2021M3","101.79"
"Communication","Pourcentage","2021M4","101.78"
"Communication","Pourcentage","2021M5","101.77"
"Communication","Pourcentage","2021M6","101.8"
"Communication","Pourcentage","2021M7","101.82"
"Communication","Pourcentage","2021M8","101.84"
"Communication","Pourcentage","2021M9","101.85"
"Communication","Pourcentage","2021M10","101.84"
"Communication","Pourcentage","2021M11","101.84"
"Communication","Pourcentage","2021M12","101.84"
"Communication","Pourcentage","2022M1","101.78"
"Communication","Pourcentage","2022M2","101.81"
"Communication","Pourcentage","2022M3","101.73"
"Communication","Pourcentage","2022M4","101.65"
"Communication","Pourcentage","2022M5","101.62"
"Communication","Pourcentage","2022M6","101.6"
"Communication","Pourcentage","2022M7","101.61"
"Communication","Pourcentage","2022M8","101.61"
"Communication","Pourcentage","2022M9","101.58"
"Communication","Pourcentage","2022M10","101.69"
"Communication","Pourcentage","2022M11","101.58"
"Communication","Pourcentage","2022M12","101.57"
"Communication","Pourcentage","2023M1","101.6"
"Communication","Pourcentage","2023M2","101.59"
"Communication","Pourcentage","2023M3","101.6"
"Communication","Pourcentage","2023M4","101.59"
"Communication","Pourcentage","2023M5","101.56"
"Communication","Pourcentage","2023M6","101.55"
"Communication","Pourcentage","2023M7","101.56"
"Communication","Pourcentage","2023M8","101.56"
"Communication","Pourcentage","2023M9","101.55"
"Communication","Pourcentage","2023M10","101.56"
"Communication","Pourcentage","2023M11","101.55"
"Communication","Pourcentage","2023M12","101.57"
"Communication","Pourcentage","2024M1","101.47"
"Communication","Pourcentage","2024M2","101.5"
"Communication","Pourcentage","2024M3","101.41"
"Communication","Pourcentage","2024M4","101.4"
"Loisirs et culture","Pourcentage","2014M1","99.42"
"Loisirs et culture","Pourcentage","2014M2","99.22"
"Loisirs et culture","Pourcentage","2014M3","99.3"
"Loisirs et culture","Pourcentage","2014M4","99.2"
"Loisirs et culture","Pourcentage","2014M5","99.19"
"Loisirs et culture","Pourcentage","2014M6","99.26"
"Loisirs et culture","Pourcentage","2014M7","99.25"
"Loisirs et culture","Pourcentage","2014M8","99.25"
"Loisirs et culture","Pourcentage","2014M9","99.4"
"Loisirs et culture","Pourcentage","2014M10","99.23"
"Loisirs et culture","Pourcentage","2014M11","99.21"
"Loisirs et culture","Pourcentage","2014M12","99.24"
"Loisirs et culture","Pourcentage","2015M1","98.59"
"Loisirs et culture","Pourcentage","2015M2","98.63"
"Loisirs et culture","Pourcentage","2015M3","98.68"
"Loisirs et culture","Pourcentage","2015M4","98.68"
"Loisirs et culture","Pourcentage","2015M5","98.68"
"Loisirs et culture","Pourcentage","2015M6","98.7"
"Loisirs et culture","Pourcentage","2015M7","98.7"
"Loisirs et culture","Pourcentage","2015M8","98.84"
"Loisirs et culture","Pourcentage","2015M9","98.97"
"Loisirs et culture","Pourcentage","2015M10","98.97"
"Loisirs et culture","Pourcentage","2015M11","98.97"
"Loisirs et culture","Pourcentage","2015M12","98.9"
"Loisirs et culture","Pourcentage","2016M1","99.07"
"Loisirs et culture","Pourcentage","2016M2","98.89"
"Loisirs et culture","Pourcentage","2016M3","98.91"
"Loisirs et culture","Pourcentage","2016M4","98.89"
"Loisirs et culture","Pourcentage","2016M5","98.92"
"Loisirs et culture","Pourcentage","2016M6","98.91"
"Loisirs et culture","Pourcentage","2016M7","99.21"
"Loisirs et culture","Pourcentage","2016M8","99.17"
"Loisirs et culture","Pourcentage","2016M9","99.18"
"Loisirs et culture","Pourcentage","2016M10","99.18"
"Loisirs et culture","Pourcentage","2016M11","98.99"
"Loisirs et culture","Pourcentage","2016M12","99.01"
"Loisirs et culture","Pourcentage","2017M1","103.16"
"Loisirs et culture","Pourcentage","2017M2","103.16"
"Loisirs et culture","Pourcentage","2017M3","103.2"
"Loisirs et culture","Pourcentage","2017M4","103.23"
"Loisirs et culture","Pourcentage","2017M5","103.23"
"Loisirs et culture","Pourcentage","2017M6","103.23"
"Loisirs et culture","Pourcentage","2017M7","103.27"
"Loisirs et culture","Pourcentage","2017M8","103.28"
"Loisirs et culture","Pourcentage","2017M9","103.36"
"Loisirs et culture","Pourcentage","2017M10","103.39"
"Loisirs et culture","Pourcentage","2017M11","103.38"
"Loisirs et culture","Pourcentage","2017M12","103.37"
"Loisirs et culture","Pourcentage","2018M1","101.79"
"Loisirs et culture","Pourcentage","2018M2","101.99"
"Loisirs et culture","Pourcentage","2018M3","101.96"
"Loisirs et culture","Pourcentage","2018M4","102.65"
"Loisirs et culture","Pourcentage","2018M5","102.7"
"Loisirs et culture","Pourcentage","2018M6","102.69"
"Loisirs et culture","Pourcentage","2018M7","102.25"
"Loisirs et culture","Pourcentage","2018M8","102.25"
"Loisirs et culture","Pourcentage","2018M9","102.04"
"Loisirs et culture","Pourcentage","2018M10","102.14"
"Loisirs et culture","Pourcentage","2018M11","102.14"
"Loisirs et culture","Pourcentage","2018M12","102.16"
"Loisirs et culture","Pourcentage","2019M1","101.86"
"Loisirs et culture","Pourcentage","2019M2","101.87"
"Loisirs et culture","Pourcentage","2019M3","101.87"
"Loisirs et culture","Pourcentage","2019M4","101.79"
"Loisirs et culture","Pourcentage","2019M5","101.83"
"Loisirs et culture","Pourcentage","2019M6","101.93"
"Loisirs et culture","Pourcentage","2019M7","101.87"
"Loisirs et culture","Pourcentage","2019M8","101.86"
"Loisirs et culture","Pourcentage","2019M9","102.6"
"Loisirs et culture","Pourcentage","2019M10","102.39"
"Loisirs et culture","Pourcentage","2019M11","102.53"
"Loisirs et culture","Pourcentage","2019M12","102.55"
"Loisirs et culture","Pourcentage","2020M1","102.51"
"Loisirs et culture","Pourcentage","2020M2","102.67"
"Loisirs et culture","Pourcentage","2020M3","102.78"
"Loisirs et culture","Pourcentage","2020M4","102.39"
"Loisirs et culture","Pourcentage","2020M5","102.3"
"Loisirs et culture","Pourcentage","2020M6","102.41"
"Loisirs et culture","Pourcentage","2020M7","102.45"
"Loisirs et culture","Pourcentage","2020M8","102.61"
"Loisirs et culture","Pourcentage","2020M9","102.65"
"Loisirs et culture","Pourcentage","2020M10","102.65"
"Loisirs et culture","Pourcentage","2020M11","102.54"
"Loisirs et culture","Pourcentage","2020M12","102.51"
"Loisirs et culture","Pourcentage","2021M1","102.13"
"Loisirs et culture","Pourcentage","2021M2","101.78"
"Loisirs et culture","Pourcentage","2021M3","103.97"
"Loisirs et culture","Pourcentage","2021M4","104.02"
"Loisirs et culture","Pourcentage","2021M5","104.12"
"Loisirs et culture","Pourcentage","2021M6","103.98"
"Loisirs et culture","Pourcentage","2021M7","104.14"
"Loisirs et culture","Pourcentage","2021M8","104.4"
"Loisirs et culture","Pourcentage","2021M9","104.67"
"Loisirs et culture","Pourcentage","2021M10","104.79"
"Loisirs et culture","Pourcentage","2021M11","104.84"
"Loisirs et culture","Pourcentage","2021M12","104.82"
"Loisirs et culture","Pourcentage","2022M1","107.2"
"Loisirs et culture","Pourcentage","2022M2","111.75"
"Loisirs et culture","Pourcentage","2022M3","111.78"
"Loisirs et culture","Pourcentage","2022M4","112.38"
"Loisirs et culture","Pourcentage","2022M5","112.39"
"Loisirs et culture","Pourcentage","2022M6","112.85"
"Loisirs et culture","Pourcentage","2022M7","112.87"
"Loisirs et culture","Pourcentage","2022M8","113.22"
"Loisirs et culture","Pourcentage","2022M9","113.5"
"Loisirs et culture","Pourcentage","2022M10","113.62"
"Loisirs et culture","Pourcentage","2022M11","113.68"
"Loisirs et culture","Pourcentage","2022M12","114.7"
"Loisirs et culture","Pourcentage","2023M1","114.75"
"Loisirs et culture","Pourcentage","2023M2","116.83"
"Loisirs et culture","Pourcentage","2023M3","116.94"
"Loisirs et culture","Pourcentage","2023M4","116.93"
"Loisirs et culture","Pourcentage","2023M5","117.05"
"Loisirs et culture","Pourcentage","2023M6","118.28"
"Loisirs et culture","Pourcentage","2023M7","118.36"
"Loisirs et culture","Pourcentage","2023M8","118.89"
"Loisirs et culture","Pourcentage","2023M9","117.26"
"Loisirs et culture","Pourcentage","2023M10","117.79"
"Loisirs et culture","Pourcentage","2023M11","117.79"
"Loisirs et culture","Pourcentage","2023M12","114.7"
"Loisirs et culture","Pourcentage","2024M1","117.79"
"Loisirs et culture","Pourcentage","2024M2","117.4"
"Loisirs et culture","Pourcentage","2024M3","117.62"
"Loisirs et culture","Pourcentage","2024M4","117.62"
"Enseignement","Pourcentage","2014M1","113.69"
"Enseignement","Pourcentage","2014M2","113.91"
"Enseignement","Pourcentage","2014M3","113.91"
"Enseignement","Pourcentage","2014M4","113.92"
"Enseignement","Pourcentage","2014M5","113.92"
"Enseignement","Pourcentage","2014M6","113.64"
"Enseignement","Pourcentage","2014M7","113.92"
"Enseignement","Pourcentage","2014M8","113.92"
"Enseignement","Pourcentage","2014M9","114.63"
"Enseignement","Pourcentage","2014M10","116.16"
"Enseignement","Pourcentage","2014M11","116.38"
"Enseignement","Pourcentage","2014M12","116.16"
"Enseignement","Pourcentage","2015M1","116.17"
"Enseignement","Pourcentage","2015M2","116.17"
"Enseignement","Pourcentage","2015M3","116.17"
"Enseignement","Pourcentage","2015M4","116.17"
"Enseignement","Pourcentage","2015M5","116.17"
"Enseignement","Pourcentage","2015M6","116.17"
"Enseignement","Pourcentage","2015M7","116.17"
"Enseignement","Pourcentage","2015M8","116.17"
"Enseignement","Pourcentage","2015M9","116.17"
"Enseignement","Pourcentage","2015M10","116.63"
"Enseignement","Pourcentage","2015M11","116.63"
"Enseignement","Pourcentage","2015M12","116.63"
"Enseignement","Pourcentage","2016M1","116.63"
"Enseignement","Pourcentage","2016M2","116.66"
"Enseignement","Pourcentage","2016M3","116.66"
"Enseignement","Pourcentage","2016M4","116.66"
"Enseignement","Pourcentage","2016M5","116.66"
"Enseignement","Pourcentage","2016M6","116.66"
"Enseignement","Pourcentage","2016M7","116.66"
"Enseignement","Pourcentage","2016M8","116.66"
"Enseignement","Pourcentage","2016M9","116.66"
"Enseignement","Pourcentage","2016M10","116.66"
"Enseignement","Pourcentage","2016M11","116.68"
"Enseignement","Pourcentage","2016M12","116.68"
"Enseignement","Pourcentage","2017M1","100.53"
"Enseignement","Pourcentage","2017M2","100.53"
"Enseignement","Pourcentage","2017M3","100.16"
"Enseignement","Pourcentage","2017M4","100.16"
"Enseignement","Pourcentage","2017M5","100.16"
"Enseignement","Pourcentage","2017M6","100.16"
"Enseignement","Pourcentage","2017M7","100.17"
"Enseignement","Pourcentage","2017M8","99.02"
"Enseignement","Pourcentage","2017M9","100.17"
"Enseignement","Pourcentage","2017M10","100.62"
"Enseignement","Pourcentage","2017M11","100.12"
"Enseignement","Pourcentage","2017M12","100.13"
"Enseignement","Pourcentage","2018M1","101.94"
"Enseignement","Pourcentage","2018M2","101.94"
"Enseignement","Pourcentage","2018M3","101.96"
"Enseignement","Pourcentage","2018M4","102.23"
"Enseignement","Pourcentage","2018M5","110.38"
"Enseignement","Pourcentage","2018M6","110.39"
"Enseignement","Pourcentage","2018M7","102.09"
"Enseignement","Pourcentage","2018M8","102.09"
"Enseignement","Pourcentage","2018M9","102.48"
"Enseignement","Pourcentage","2018M10","103.13"
"Enseignement","Pourcentage","2018M11","104.77"
"Enseignement","Pourcentage","2018M12","104.99"
"Enseignement","Pourcentage","2019M1","105.39"
"Enseignement","Pourcentage","2019M2","105.44"
"Enseignement","Pourcentage","2019M3","105.52"
"Enseignement","Pourcentage","2019M4","105.52"
"Enseignement","Pourcentage","2019M5","105.52"
"Enseignement","Pourcentage","2019M6","105.52"
"Enseignement","Pourcentage","2019M7","105.52"
"Enseignement","Pourcentage","2019M8","105.59"
"Enseignement","Pourcentage","2019M9","106.7"
"Enseignement","Pourcentage","2019M10","109.95"
"Enseignement","Pourcentage","2019M11","109.95"
"Enseignement","Pourcentage","2019M12","109.95"
"Enseignement","Pourcentage","2020M1","110.05"
"Enseignement","Pourcentage","2020M2","110.75"
"Enseignement","Pourcentage","2020M3","110.69"
"Enseignement","Pourcentage","2020M4","110.69"
"Enseignement","Pourcentage","2020M5","110.69"
"Enseignement","Pourcentage","2020M6","110.7"
"Enseignement","Pourcentage","2020M7","110.28"
"Enseignement","Pourcentage","2020M8","110.39"
"Enseignement","Pourcentage","2020M9","110.39"
"Enseignement","Pourcentage","2020M10","110.81"
"Enseignement","Pourcentage","2020M11","112.59"
"Enseignement","Pourcentage","2020M12","112.56"
"Enseignement","Pourcentage","2021M1","112.45"
"Enseignement","Pourcentage","2021M2","112.39"
"Enseignement","Pourcentage","2021M3","112.39"
"Enseignement","Pourcentage","2021M4","112.43"
"Enseignement","Pourcentage","2021M5","112.46"
"Enseignement","Pourcentage","2021M6","111.95"
"Enseignement","Pourcentage","2021M7","111.96"
"Enseignement","Pourcentage","2021M8","111.43"
"Enseignement","Pourcentage","2021M9","107.66"
"Enseignement","Pourcentage","2021M10","107.89"
"Enseignement","Pourcentage","2021M11","108.06"
"Enseignement","Pourcentage","2021M12","108.06"
"Enseignement","Pourcentage","2022M1","108.42"
"Enseignement","Pourcentage","2022M2","108.79"
"Enseignement","Pourcentage","2022M3","109.22"
"Enseignement","Pourcentage","2022M4","109.24"
"Enseignement","Pourcentage","2022M5","109.19"
"Enseignement","Pourcentage","2022M6","109.24"
"Enseignement","Pourcentage","2022M7","109.46"
"Enseignement","Pourcentage","2022M8","109.49"
"Enseignement","Pourcentage","2022M9","109.77"
"Enseignement","Pourcentage","2022M10","111.17"
"Enseignement","Pourcentage","2022M11","111.07"
"Enseignement","Pourcentage","2022M12","111.07"
"Enseignement","Pourcentage","2023M1","111.22"
"Enseignement","Pourcentage","2023M2","111.37"
"Enseignement","Pourcentage","2023M3","111.37"
"Enseignement","Pourcentage","2023M4","111.37"
"Enseignement","Pourcentage","2023M5","111.4"
"Enseignement","Pourcentage","2023M6","111.4"
"Enseignement","Pourcentage","2023M7","111.4"
"Enseignement","Pourcentage","2023M8","111.14"
"Enseignement","Pourcentage","2023M9","111.33"
"Enseignement","Pourcentage","2023M10","115.66"
"Enseignement","Pourcentage","2023M11","116.69"
"Enseignement","Pourcentage","2023M12","111.07"
"Enseignement","Pourcentage","2024M1","116.68"
"Enseignement","Pourcentage","2024M2","116.7"
"Enseignement","Pourcentage","2024M3","116.67"
"Enseignement","Pourcentage","2024M4","116.69"
"Restaurants et Hôtels","Pourcentage","2014M1","122.64"
"Restaurants et Hôtels","Pourcentage","2014M2","123.25"
"Restaurants et Hôtels","Pourcentage","2014M3","123.25"
"Restaurants et Hôtels","Pourcentage","2014M4","123.62"
"Restaurants et Hôtels","Pourcentage","2014M5","123.63"
"Restaurants et Hôtels","Pourcentage","2014M6","123.89"
"Restaurants et Hôtels","Pourcentage","2014M7","124.23"
"Restaurants et Hôtels","Pourcentage","2014M8","124.36"
"Restaurants et Hôtels","Pourcentage","2014M9","124.48"
"Restaurants et Hôtels","Pourcentage","2014M10","124.48"
"Restaurants et Hôtels","Pourcentage","2014M11","124.48"
"Restaurants et Hôtels","Pourcentage","2014M12","124.53"
"Restaurants et Hôtels","Pourcentage","2015M1","124.41"
"Restaurants et Hôtels","Pourcentage","2015M2","124.42"
"Restaurants et Hôtels","Pourcentage","2015M3","124.42"
"Restaurants et Hôtels","Pourcentage","2015M4","124.47"
"Restaurants et Hôtels","Pourcentage","2015M5","124.42"
"Restaurants et Hôtels","Pourcentage","2015M6","124.99"
"Restaurants et Hôtels","Pourcentage","2015M7","124.99"
"Restaurants et Hôtels","Pourcentage","2015M8","125.4"
"Restaurants et Hôtels","Pourcentage","2015M9","125.75"
"Restaurants et Hôtels","Pourcentage","2015M10","125.75"
"Restaurants et Hôtels","Pourcentage","2015M11","125.75"
"Restaurants et Hôtels","Pourcentage","2015M12","125.75"
"Restaurants et Hôtels","Pourcentage","2016M1","126.07"
"Restaurants et Hôtels","Pourcentage","2016M2","126.07"
"Restaurants et Hôtels","Pourcentage","2016M3","126.07"
"Restaurants et Hôtels","Pourcentage","2016M4","126.24"
"Restaurants et Hôtels","Pourcentage","2016M5","128.62"
"Restaurants et Hôtels","Pourcentage","2016M6","128.62"
"Restaurants et Hôtels","Pourcentage","2016M7","128.62"
"Restaurants et Hôtels","Pourcentage","2016M8","128.62"
"Restaurants et Hôtels","Pourcentage","2016M9","129.17"
"Restaurants et Hôtels","Pourcentage","2016M10","129.17"
"Restaurants et Hôtels","Pourcentage","2016M11","128.98"
"Restaurants et Hôtels","Pourcentage","2016M12","128.98"
"Restaurants et Hôtels","Pourcentage","2017M1","103.23"
"Restaurants et Hôtels","Pourcentage","2017M2","103.38"
"Restaurants et Hôtels","Pourcentage","2017M3","103.4"
"Restaurants et Hôtels","Pourcentage","2017M4","103.54"
"Restaurants et Hôtels","Pourcentage","2017M5","103.54"
"Restaurants et Hôtels","Pourcentage","2017M6","103.54"
"Restaurants et Hôtels","Pourcentage","2017M7","103.54"
"Restaurants et Hôtels","Pourcentage","2017M8","103.58"
"Restaurants et Hôtels","Pourcentage","2017M9","103.51"
"Restaurants et Hôtels","Pourcentage","2017M10","103.5"
"Restaurants et Hôtels","Pourcentage","2017M11","103.51"
"Restaurants et Hôtels","Pourcentage","2017M12","103.51"
"Restaurants et Hôtels","Pourcentage","2018M1","106.04"
"Restaurants et Hôtels","Pourcentage","2018M2","106"
"Restaurants et Hôtels","Pourcentage","2018M3","106"
"Restaurants et Hôtels","Pourcentage","2018M4","108.88"
"Restaurants et Hôtels","Pourcentage","2018M5","107.96"
"Restaurants et Hôtels","Pourcentage","2018M6","107.63"
"Restaurants et Hôtels","Pourcentage","2018M7","108.3"
"Restaurants et Hôtels","Pourcentage","2018M8","108.3"
"Restaurants et Hôtels","Pourcentage","2018M9","108.32"
"Restaurants et Hôtels","Pourcentage","2018M10","108.45"
"Restaurants et Hôtels","Pourcentage","2018M11","108.46"
"Restaurants et Hôtels","Pourcentage","2018M12","108.44"
"Restaurants et Hôtels","Pourcentage","2019M1","108.56"
"Restaurants et Hôtels","Pourcentage","2019M2","108.28"
"Restaurants et Hôtels","Pourcentage","2019M3","108.13"
"Restaurants et Hôtels","Pourcentage","2019M4","108.75"
"Restaurants et Hôtels","Pourcentage","2019M5","109.26"
"Restaurants et Hôtels","Pourcentage","2019M6","109.81"
"Restaurants et Hôtels","Pourcentage","2019M7","109.81"
"Restaurants et Hôtels","Pourcentage","2019M8","109.81"
"Restaurants et Hôtels","Pourcentage","2019M9","109.81"
"Restaurants et Hôtels","Pourcentage","2019M10","110.37"
"Restaurants et Hôtels","Pourcentage","2019M11","110.37"
"Restaurants et Hôtels","Pourcentage","2019M12","110.31"
"Restaurants et Hôtels","Pourcentage","2020M1","109.89"
"Restaurants et Hôtels","Pourcentage","2020M2","109.92"
"Restaurants et Hôtels","Pourcentage","2020M3","109.92"
"Restaurants et Hôtels","Pourcentage","2020M4","110.04"
"Restaurants et Hôtels","Pourcentage","2020M5","110.16"
"Restaurants et Hôtels","Pourcentage","2020M6","110.65"
"Restaurants et Hôtels","Pourcentage","2020M7","110.94"
"Restaurants et Hôtels","Pourcentage","2020M8","111.06"
"Restaurants et Hôtels","Pourcentage","2020M9","113.14"
"Restaurants et Hôtels","Pourcentage","2020M10","113.14"
"Restaurants et Hôtels","Pourcentage","2020M11","113.15"
"Restaurants et Hôtels","Pourcentage","2020M12","113.1"
"Restaurants et Hôtels","Pourcentage","2021M1","113.84"
"Restaurants et Hôtels","Pourcentage","2021M2","114.11"
"Restaurants et Hôtels","Pourcentage","2021M3","113.86"
"Restaurants et Hôtels","Pourcentage","2021M4","113.98"
"Restaurants et Hôtels","Pourcentage","2021M5","113.84"
"Restaurants et Hôtels","Pourcentage","2021M6","114.76"
"Restaurants et Hôtels","Pourcentage","2021M7","114.88"
"Restaurants et Hôtels","Pourcentage","2021M8","115.34"
"Restaurants et Hôtels","Pourcentage","2021M9","115.71"
"Restaurants et Hôtels","Pourcentage","2021M10","115.12"
"Restaurants et Hôtels","Pourcentage","2021M11","114.96"
"Restaurants et Hôtels","Pourcentage","2021M12","114.96"
"Restaurants et Hôtels","Pourcentage","2022M1","115.71"
"Restaurants et Hôtels","Pourcentage","2022M2","115.85"
"Restaurants et Hôtels","Pourcentage","2022M3","116.08"
"Restaurants et Hôtels","Pourcentage","2022M4","116.97"
"Restaurants et Hôtels","Pourcentage","2022M5","118.86"
"Restaurants et Hôtels","Pourcentage","2022M6","119.27"
"Restaurants et Hôtels","Pourcentage","2022M7","119.49"
"Restaurants et Hôtels","Pourcentage","2022M8","120.83"
"Restaurants et Hôtels","Pourcentage","2022M9","122.21"
"Restaurants et Hôtels","Pourcentage","2022M10","122.17"
"Restaurants et Hôtels","Pourcentage","2022M11","123.97"
"Restaurants et Hôtels","Pourcentage","2022M12","125.22"
"Restaurants et Hôtels","Pourcentage","2023M1","127.63"
"Restaurants et Hôtels","Pourcentage","2023M2","127.86"
"Restaurants et Hôtels","Pourcentage","2023M3","128.87"
"Restaurants et Hôtels","Pourcentage","2023M4","134.71"
"Restaurants et Hôtels","Pourcentage","2023M5","135.69"
"Restaurants et Hôtels","Pourcentage","2023M6","135.83"
"Restaurants et Hôtels","Pourcentage","2023M7","135.69"
"Restaurants et Hôtels","Pourcentage","2023M8","135.88"
"Restaurants et Hôtels","Pourcentage","2023M9","135.88"
"Restaurants et Hôtels","Pourcentage","2023M10","138.58"
"Restaurants et Hôtels","Pourcentage","2023M11","138.58"
"Restaurants et Hôtels","Pourcentage","2023M12","125.22"
"Restaurants et Hôtels","Pourcentage","2024M1","136.76"
"Restaurants et Hôtels","Pourcentage","2024M2","135.9"
"Restaurants et Hôtels","Pourcentage","2024M3","136.19"
"Restaurants et Hôtels","Pourcentage","2024M4","136.4"
"Biens et services divers","Pourcentage","2014M1","117.15"
"Biens et services divers","Pourcentage","2014M2","118.67"
"Biens et services divers","Pourcentage","2014M3","117.97"
"Biens et services divers","Pourcentage","2014M4","117.42"
"Biens et services divers","Pourcentage","2014M5","118.26"
"Biens et services divers","Pourcentage","2014M6","118.49"
"Biens et services divers","Pourcentage","2014M7","117.47"
"Biens et services divers","Pourcentage","2014M8","117.78"
"Biens et services divers","Pourcentage","2014M9","117.74"
"Biens et services divers","Pourcentage","2014M10","118.69"
"Biens et services divers","Pourcentage","2014M11","118.07"
"Biens et services divers","Pourcentage","2014M12","118.68"
"Biens et services divers","Pourcentage","2015M1","119.59"
"Biens et services divers","Pourcentage","2015M2","119.39"
"Biens et services divers","Pourcentage","2015M3","118.94"
"Biens et services divers","Pourcentage","2015M4","119.64"
"Biens et services divers","Pourcentage","2015M5","119.73"
"Biens et services divers","Pourcentage","2015M6","119.33"
"Biens et services divers","Pourcentage","2015M7","119.86"
"Biens et services divers","Pourcentage","2015M8","119.25"
"Biens et services divers","Pourcentage","2015M9","118.68"
"Biens et services divers","Pourcentage","2015M10","118.96"
"Biens et services divers","Pourcentage","2015M11","119.14"
"Biens et services divers","Pourcentage","2015M12","119.19"
"Biens et services divers","Pourcentage","2016M1","120.48"
"Biens et services divers","Pourcentage","2016M2","121.91"
"Biens et services divers","Pourcentage","2016M3","120.16"
"Biens et services divers","Pourcentage","2016M4","120.24"
"Biens et services divers","Pourcentage","2016M5","120.31"
"Biens et services divers","Pourcentage","2016M6","120.24"
"Biens et services divers","Pourcentage","2016M7","120.83"
"Biens et services divers","Pourcentage","2016M8","119.9"
"Biens et services divers","Pourcentage","2016M9","120.45"
"Biens et services divers","Pourcentage","2016M10","119.68"
"Biens et services divers","Pourcentage","2016M11","121.4"
"Biens et services divers","Pourcentage","2016M12","120.73"
"Biens et services divers","Pourcentage","2017M1","101.98"
"Biens et services divers","Pourcentage","2017M2","101.84"
"Biens et services divers","Pourcentage","2017M3","102.05"
"Biens et services divers","Pourcentage","2017M4","101.8"
"Biens et services divers","Pourcentage","2017M5","101.59"
"Biens et services divers","Pourcentage","2017M6","101.93"
"Biens et services divers","Pourcentage","2017M7","101.82"
"Biens et services divers","Pourcentage","2017M8","101.8"
"Biens et services divers","Pourcentage","2017M9","101.41"
"Biens et services divers","Pourcentage","2017M10","101.48"
"Biens et services divers","Pourcentage","2017M11","101.65"
"Biens et services divers","Pourcentage","2017M12","101.99"
"Biens et services divers","Pourcentage","2018M1","102.28"
"Biens et services divers","Pourcentage","2018M2","102.41"
"Biens et services divers","Pourcentage","2018M3","102.23"
"Biens et services divers","Pourcentage","2018M4","102.27"
"Biens et services divers","Pourcentage","2018M5","102.34"
"Biens et services divers","Pourcentage","2018M6","102.54"
"Biens et services divers","Pourcentage","2018M7","102.52"
"Biens et services divers","Pourcentage","2018M8","102.27"
"Biens et services divers","Pourcentage","2018M9","102.75"
"Biens et services divers","Pourcentage","2018M10","102.14"
"Biens et services divers","Pourcentage","2018M11","102.58"
"Biens et services divers","Pourcentage","2018M12","102.56"
"Biens et services divers","Pourcentage","2019M1","102.75"
"Biens et services divers","Pourcentage","2019M2","102.73"
"Biens et services divers","Pourcentage","2019M3","102.51"
"Biens et services divers","Pourcentage","2019M4","102.8"
"Biens et services divers","Pourcentage","2019M5","104.05"
"Biens et services divers","Pourcentage","2019M6","104.49"
"Biens et services divers","Pourcentage","2019M7","103.94"
"Biens et services divers","Pourcentage","2019M8","104.32"
"Biens et services divers","Pourcentage","2019M9","103.99"
"Biens et services divers","Pourcentage","2019M10","104.41"
"Biens et services divers","Pourcentage","2019M11","104.65"
"Biens et services divers","Pourcentage","2019M12","104.66"
"Biens et services divers","Pourcentage","2020M1","105.36"
"Biens et services divers","Pourcentage","2020M2","105.31"
"Biens et services divers","Pourcentage","2020M3","105.37"
"Biens et services divers","Pourcentage","2020M4","105.72"
"Biens et services divers","Pourcentage","2020M5","108.01"
"Biens et services divers","Pourcentage","2020M6","105.45"
"Biens et services divers","Pourcentage","2020M7","106.55"
"Biens et services divers","Pourcentage","2020M8","106.69"
"Biens et services divers","Pourcentage","2020M9","106.44"
"Biens et services divers","Pourcentage","2020M10","107.41"
"Biens et services divers","Pourcentage","2020M11","107.78"
"Biens et services divers","Pourcentage","2020M12","108.78"
"Biens et services divers","Pourcentage","2021M1","108.03"
"Biens et services divers","Pourcentage","2021M2","107.66"
"Biens et services divers","Pourcentage","2021M3","107.74"
"Biens et services divers","Pourcentage","2021M4","107.98"
"Biens et services divers","Pourcentage","2021M5","107.66"
"Biens et services divers","Pourcentage","2021M6","107.85"
"Biens et services divers","Pourcentage","2021M7","108.23"
"Biens et services divers","Pourcentage","2021M8","108"
"Biens et services divers","Pourcentage","2021M9","108.36"
"Biens et services divers","Pourcentage","2021M10","108.95"
"Biens et services divers","Pourcentage","2021M11","108.9"
"Biens et services divers","Pourcentage","2021M12","109.05"
"Biens et services divers","Pourcentage","2022M1","109.97"
"Biens et services divers","Pourcentage","2022M2","110.64"
"Biens et services divers","Pourcentage","2022M3","110.58"
"Biens et services divers","Pourcentage","2022M4","111.25"
"Biens et services divers","Pourcentage","2022M5","111.75"
"Biens et services divers","Pourcentage","2022M6","111.54"
"Biens et services divers","Pourcentage","2022M7","112.11"
"Biens et services divers","Pourcentage","2022M8","112.8"
"Biens et services divers","Pourcentage","2022M9","113.23"
"Biens et services divers","Pourcentage","2022M10","114.31"
"Biens et services divers","Pourcentage","2022M11","114.38"
"Biens et services divers","Pourcentage","2022M12","114.44"
"Biens et services divers","Pourcentage","2023M1","115.36"
"Biens et services divers","Pourcentage","2023M2","115.76"
"Biens et services divers","Pourcentage","2023M3","115.64"
"Biens et services divers","Pourcentage","2023M4","115.49"
"Biens et services divers","Pourcentage","2023M5","115.69"
"Biens et services divers","Pourcentage","2023M6","116.09"
"Biens et services divers","Pourcentage","2023M7","115.67"
"Biens et services divers","Pourcentage","2023M8","115.81"
"Biens et services divers","Pourcentage","2023M9","115.62"
"Biens et services divers","Pourcentage","2023M10","115.99"
"Biens et services divers","Pourcentage","2023M11","115.93"
"Biens et services divers","Pourcentage","2023M12","114.44"
"Biens et services divers","Pourcentage","2024M1","117.44"
"Biens et services divers","Pourcentage","2024M2","118.1"
"Biens et services divers","Pourcentage","2024M3","117.95"
"Biens et services divers","Pourcentage","2024M4","118.76"
"INDICE DES PRIX À LA CONSOMMATION (IPC)","Pourcentage","2014M1","98.6216070045167"
"INDICE DES PRIX À LA CONSOMMATION (IPC)","Pourcentage","2014M2","99.7529709265783"
"INDICE DES PRIX À LA CONSOMMATION (IPC)","Pourcentage","2014M3","99.9283761858126"
"INDICE DES PRIX À LA CONSOMMATION (IPC)","Pourcentage","2014M4","100.840483533831"
"INDICE DES PRIX À LA CONSOMMATION (IPC)","Pourcentage","2014M5","101.042199581951"
"INDICE DES PRIX À LA CONSOMMATION (IPC)","Pourcentage","2014M6","100.919415900487"
"INDICE DES PRIX À LA CONSOMMATION (IPC)","Pourcentage","2014M7","100.893105111602"
"INDICE DES PRIX À LA CONSOMMATION (IPC)","Pourcentage","2014M8","99.7091196117697"
"INDICE DES PRIX À LA CONSOMMATION (IPC)","Pourcentage","2014M9","98.6829988452487"
"INDICE DES PRIX À LA CONSOMMATION (IPC)","Pourcentage","2014M10","99.6915790858463"
"INDICE DES PRIX À LA CONSOMMATION (IPC)","Pourcentage","2014M11","99.4460117229182"
"INDICE DES PRIX À LA CONSOMMATION (IPC)","Pourcentage","2014M12","100.472132489439"
"INDICE DES PRIX À LA CONSOMMATION (IPC)","Pourcentage","2015M1","101.39301010042"
"INDICE DES PRIX À LA CONSOMMATION (IPC)","Pourcentage","2015M2","101.156213000453"
"INDICE DES PRIX À LA CONSOMMATION (IPC)","Pourcentage","2015M3","100.779091693099"
"INDICE DES PRIX À LA CONSOMMATION (IPC)","Pourcentage","2015M4","100.822943007908"
"INDICE DES PRIX À LA CONSOMMATION (IPC)","Pourcentage","2015M5","102.191104029936"
"INDICE DES PRIX À LA CONSOMMATION (IPC)","Pourcentage","2015M6","102.375279552132"
"INDICE DES PRIX À LA CONSOMMATION (IPC)","Pourcentage","2015M7","102.638387440983"
"INDICE DES PRIX À LA CONSOMMATION (IPC)","Pourcentage","2015M8","102.769941385409"
"INDICE DES PRIX À LA CONSOMMATION (IPC)","Pourcentage","2015M9","101.910455615161"
"INDICE DES PRIX À LA CONSOMMATION (IPC)","Pourcentage","2015M10","101.436861415228"
"INDICE DES PRIX À LA CONSOMMATION (IPC)","Pourcentage","2015M11","101.901685352199"
"INDICE DES PRIX À LA CONSOMMATION (IPC)","Pourcentage","2015M12","102.103401400319"
"INDICE DES PRIX À LA CONSOMMATION (IPC)","Pourcentage","2016M1","103.190914007572"
"INDICE DES PRIX À LA CONSOMMATION (IPC)","Pourcentage","2016M2","102.498063233596"
"INDICE DES PRIX À LA CONSOMMATION (IPC)","Pourcentage","2016M3","101.866604300352"
"INDICE DES PRIX À LA CONSOMMATION (IPC)","Pourcentage","2016M4","103.059360063146"
"INDICE DES PRIX À LA CONSOMMATION (IPC)","Pourcentage","2016M5","104.690628974025"
"INDICE DES PRIX À LA CONSOMMATION (IPC)","Pourcentage","2016M6","104.901115285107"
"INDICE DES PRIX À LA CONSOMMATION (IPC)","Pourcentage","2016M7","104.813412655489"
"INDICE DES PRIX À LA CONSOMMATION (IPC)","Pourcentage","2016M8","101.287766944879"
"INDICE DES PRIX À LA CONSOMMATION (IPC)","Pourcentage","2016M9","100.901875374563"
"INDICE DES PRIX À LA CONSOMMATION (IPC)","Pourcentage","2016M10","100.349348807975"
"INDICE DES PRIX À LA CONSOMMATION (IPC)","Pourcentage","2016M11","101.840293511467"
"INDICE DES PRIX À LA CONSOMMATION (IPC)","Pourcentage","2016M12","102.550684811366"
"INDICE DES PRIX À LA CONSOMMATION (IPC)","Pourcentage","2017M1","101.646213"
"INDICE DES PRIX À LA CONSOMMATION (IPC)","Pourcentage","2017M2","101.489999"
"INDICE DES PRIX À LA CONSOMMATION (IPC)","Pourcentage","2017M3","102.213711"
"INDICE DES PRIX À LA CONSOMMATION (IPC)","Pourcentage","2017M4","102.846206"
"INDICE DES PRIX À LA CONSOMMATION (IPC)","Pourcentage","2017M5","104.129571"
"INDICE DES PRIX À LA CONSOMMATION (IPC)","Pourcentage","2017M6","104.705399"
"INDICE DES PRIX À LA CONSOMMATION (IPC)","Pourcentage","2017M7","103.431242"
"INDICE DES PRIX À LA CONSOMMATION (IPC)","Pourcentage","2017M8","103.016986"
"INDICE DES PRIX À LA CONSOMMATION (IPC)","Pourcentage","2017M9","101.702481"
"INDICE DES PRIX À LA CONSOMMATION (IPC)","Pourcentage","2017M10","100.943936"
"INDICE DES PRIX À LA CONSOMMATION (IPC)","Pourcentage","2017M11","101.316668"
"INDICE DES PRIX À LA CONSOMMATION (IPC)","Pourcentage","2017M12","101.853335"
"INDICE DES PRIX À LA CONSOMMATION (IPC)","Pourcentage","2018M1","102.052798"
"INDICE DES PRIX À LA CONSOMMATION (IPC)","Pourcentage","2018M2","102.050265"
"INDICE DES PRIX À LA CONSOMMATION (IPC)","Pourcentage","2018M3","101.962658"
"INDICE DES PRIX À LA CONSOMMATION (IPC)","Pourcentage","2018M4","104.357903"
"INDICE DES PRIX À LA CONSOMMATION (IPC)","Pourcentage","2018M5","105.952203"
"INDICE DES PRIX À LA CONSOMMATION (IPC)","Pourcentage","2018M6","104.968016"
"INDICE DES PRIX À LA CONSOMMATION (IPC)","Pourcentage","2018M7","104.29699"
"INDICE DES PRIX À LA CONSOMMATION (IPC)","Pourcentage","2018M8","103.570325"
"INDICE DES PRIX À LA CONSOMMATION (IPC)","Pourcentage","2018M9","102.338796"
"INDICE DES PRIX À LA CONSOMMATION (IPC)","Pourcentage","2018M10","102.135526"
"INDICE DES PRIX À LA CONSOMMATION (IPC)","Pourcentage","2018M11","103.136025"
"INDICE DES PRIX À LA CONSOMMATION (IPC)","Pourcentage","2018M12","103.8791"
"INDICE DES PRIX À LA CONSOMMATION (IPC)","Pourcentage","2019M1","104.6442"
"INDICE DES PRIX À LA CONSOMMATION (IPC)","Pourcentage","2019M2","104.192197"
"INDICE DES PRIX À LA CONSOMMATION (IPC)","Pourcentage","2019M3","104.041152"
"INDICE DES PRIX À LA CONSOMMATION (IPC)","Pourcentage","2019M4","104.030112"
"INDICE DES PRIX À LA CONSOMMATION (IPC)","Pourcentage","2019M5","105.441735"
"INDICE DES PRIX À LA CONSOMMATION (IPC)","Pourcentage","2019M6","106.291242"
"INDICE DES PRIX À LA CONSOMMATION (IPC)","Pourcentage","2019M7","104.97154"
"INDICE DES PRIX À LA CONSOMMATION (IPC)","Pourcentage","2019M8","103.294579"
"INDICE DES PRIX À LA CONSOMMATION (IPC)","Pourcentage","2019M9","102.725932"
"INDICE DES PRIX À LA CONSOMMATION (IPC)","Pourcentage","2019M10","102.536416"
"INDICE DES PRIX À LA CONSOMMATION (IPC)","Pourcentage","2019M11","103.52278"
"INDICE DES PRIX À LA CONSOMMATION (IPC)","Pourcentage","2019M12","103.537697"
"INDICE DES PRIX À LA CONSOMMATION (IPC)","Pourcentage","2020M1","105.399284"
"INDICE DES PRIX À LA CONSOMMATION (IPC)","Pourcentage","2020M2","105.299686"
"INDICE DES PRIX À LA CONSOMMATION (IPC)","Pourcentage","2020M3","105.873404"
"INDICE DES PRIX À LA CONSOMMATION (IPC)","Pourcentage","2020M4","106.476277"
"INDICE DES PRIX À LA CONSOMMATION (IPC)","Pourcentage","2020M5","106.66481"
"INDICE DES PRIX À LA CONSOMMATION (IPC)","Pourcentage","2020M6","105.881068"
"INDICE DES PRIX À LA CONSOMMATION (IPC)","Pourcentage","2020M7","106.545664"
"INDICE DES PRIX À LA CONSOMMATION (IPC)","Pourcentage","2020M8","105.735172"
"INDICE DES PRIX À LA CONSOMMATION (IPC)","Pourcentage","2020M9","105.746686"
"INDICE DES PRIX À LA CONSOMMATION (IPC)","Pourcentage","2020M10","105.43989"
"INDICE DES PRIX À LA CONSOMMATION (IPC)","Pourcentage","2020M11","105.934671"
"INDICE DES PRIX À LA CONSOMMATION (IPC)","Pourcentage","2020M12","107.246479"
"INDICE DES PRIX À LA CONSOMMATION (IPC)","Pourcentage","2021M1","107.413404"
"INDICE DES PRIX À LA CONSOMMATION (IPC)","Pourcentage","2021M2","107.531604"
"INDICE DES PRIX À LA CONSOMMATION (IPC)","Pourcentage","2021M3","106.75137"
"INDICE DES PRIX À LA CONSOMMATION (IPC)","Pourcentage","2021M4","109.650703"
"INDICE DES PRIX À LA CONSOMMATION (IPC)","Pourcentage","2021M5","110.712065"
"INDICE DES PRIX À LA CONSOMMATION (IPC)","Pourcentage","2021M6","112.497741"
"INDICE DES PRIX À LA CONSOMMATION (IPC)","Pourcentage","2021M7","113.746956"
"INDICE DES PRIX À LA CONSOMMATION (IPC)","Pourcentage","2021M8","112.973243"
"INDICE DES PRIX À LA CONSOMMATION (IPC)","Pourcentage","2021M9","111.744469"
"INDICE DES PRIX À LA CONSOMMATION (IPC)","Pourcentage","2021M10","111.64744"
"INDICE DES PRIX À LA CONSOMMATION (IPC)","Pourcentage","2021M11","111.558159"
"INDICE DES PRIX À LA CONSOMMATION (IPC)","Pourcentage","2021M12","113.771863"
"INDICE DES PRIX À LA CONSOMMATION (IPC)","Pourcentage","2022M1","115.4476"
"INDICE DES PRIX À LA CONSOMMATION (IPC)","Pourcentage","2022M2","116.602906"
"INDICE DES PRIX À LA CONSOMMATION (IPC)","Pourcentage","2022M3","116.135724"
"INDICE DES PRIX À LA CONSOMMATION (IPC)","Pourcentage","2022M4","117.902874"
"INDICE DES PRIX À LA CONSOMMATION (IPC)","Pourcentage","2022M5","119.571785"
"INDICE DES PRIX À LA CONSOMMATION (IPC)","Pourcentage","2022M6","120.115684"
"INDICE DES PRIX À LA CONSOMMATION (IPC)","Pourcentage","2022M7","120.534602"
"INDICE DES PRIX À LA CONSOMMATION (IPC)","Pourcentage","2022M8","120.918641"
"INDICE DES PRIX À LA CONSOMMATION (IPC)","Pourcentage","2022M9","120.540623"
"INDICE DES PRIX À LA CONSOMMATION (IPC)","Pourcentage","2022M10","119.666997"
"INDICE DES PRIX À LA CONSOMMATION (IPC)","Pourcentage","2022M11","121.332272"
"INDICE DES PRIX À LA CONSOMMATION (IPC)","Pourcentage","2022M12","122.580969"
"INDICE DES PRIX À LA CONSOMMATION (IPC)","Pourcentage","2023M1","123.969255"
"INDICE DES PRIX À LA CONSOMMATION (IPC)","Pourcentage","2023M2","122.617245"
"INDICE DES PRIX À LA CONSOMMATION (IPC)","Pourcentage","2023M3","123.46469"
"INDICE DES PRIX À LA CONSOMMATION (IPC)","Pourcentage","2023M4","126.076216"
"INDICE DES PRIX À LA CONSOMMATION (IPC)","Pourcentage","2023M5","126.457359"
"INDICE DES PRIX À LA CONSOMMATION (IPC)","Pourcentage","2023M6","127.32322"
"INDICE DES PRIX À LA CONSOMMATION (IPC)","Pourcentage","2023M7","128.268205"
"INDICE DES PRIX À LA CONSOMMATION (IPC)","Pourcentage","2023M8","125.528014"
"INDICE DES PRIX À LA CONSOMMATION (IPC)","Pourcentage","2023M9","124.884531"
"INDICE DES PRIX À LA CONSOMMATION (IPC)","Pourcentage","2023M10","125.700445"
"INDICE DES PRIX À LA CONSOMMATION (IPC)","Pourcentage","2023M11","126.066352"
"INDICE DES PRIX À LA CONSOMMATION (IPC)","Pourcentage","2023M12","122.580969"
"INDICE DES PRIX À LA CONSOMMATION (IPC)","Pourcentage","2024M1","126.387113"
"INDICE DES PRIX À LA CONSOMMATION (IPC)","Pourcentage","2024M2","126.951625"
"INDICE DES PRIX À LA CONSOMMATION (IPC)","Pourcentage","2024M3","126.83641"
"INDICE DES PRIX À LA CONSOMMATION (IPC)","Pourcentage","2024M4","129.334961"
