{"type":"FeatureCollection","features":[{"type":"Feature","id":"_mview_admi_etablissements_administration.fid--1b6ae3e2_1a0db278384_-3d15","geometry":{"type":"Point","coordinates":[1.32502499,6.16650472]},"geometry_name":"geometry","properties":{"region_nom_bdd":"Maritime","prefecture_nom_bdd":"Golfe","commune_nom_bdd":"Golfe 6","canton_nom_bdd":"Baguida","nom_localite":"Baguida","etablissement_nom":"Centre d'État Civil de Baguida","etab_adr":"N/a","ouverture_jour":"N/a","ministere_tutelle":"MATDDT"}},{"type":"Feature","id":"_mview_admi_etablissements_administration.fid--1b6ae3e2_1a0db278384_-3d14","geometry":{"type":"Point","coordinates":[0.81181994,9.44241411]},"geometry_name":"geometry","properties":{"region_nom_bdd":"Kara","prefecture_nom_bdd":"Bassar","commune_nom_bdd":"Bassar 3","canton_nom_bdd":"Kabou","nom_localite":"Kabou","etablissement_nom":"Centre d'État Civil de Kabou","etab_adr":"Centre d'État Civil la Mairie Kabou, Kabou, Kabou, Bassar 3","ouverture_jour":"{lundi,Mardi,Mercredi,Jeudi,Vendredi}","ministere_tutelle":"MATDDT"}},{"type":"Feature","id":"_mview_admi_etablissements_administration.fid--1b6ae3e2_1a0db278384_-3d13","geometry":{"type":"Point","coordinates":[1.2029955,6.12258143]},"geometry_name":"geometry","properties":{"region_nom_bdd":"Maritime","prefecture_nom_bdd":"Golfe","commune_nom_bdd":"Golfe 4","canton_nom_bdd":"Amoutivé","nom_localite":"Kodjoviakope","etablissement_nom":"CPP (Convergence Patriotique Panafricaine)","etab_adr":null,"ouverture_jour":"{Vendredi,Jeudi,Mercredi,Mardi,Lundi}","ministere_tutelle":"MATDDT"}},{"type":"Feature","id":"_mview_admi_etablissements_administration.fid--1b6ae3e2_1a0db278384_-3d12","geometry":{"type":"Point","coordinates":[1.13622968,9.00702172]},"geometry_name":"geometry","properties":{"region_nom_bdd":"Centrale","prefecture_nom_bdd":"Tchaoudjo","commune_nom_bdd":"Tchaoudjo 1","canton_nom_bdd":"Kpangalam","nom_localite":"Kpangalam","etablissement_nom":"Centre d'État Civil Annexe de Kpangalam","etab_adr":"N/a","ouverture_jour":"N/a","ministere_tutelle":"MATDDT"}},{"type":"Feature","id":"_mview_admi_etablissements_administration.fid--1b6ae3e2_1a0db278384_-3d11","geometry":{"type":"Point","coordinates":[1.24051218,9.03500352]},"geometry_name":"geometry","properties":{"region_nom_bdd":"Centrale","prefecture_nom_bdd":"Tchaoudjo","commune_nom_bdd":"Tchaoudjo 4","canton_nom_bdd":"Kpassaouade","nom_localite":"Bowounda","etablissement_nom":"Centre d'Etat Civil Annexe de Bowounda","etab_adr":"N/a","ouverture_jour":"N/a","ministere_tutelle":"MATDDT"}},{"type":"Feature","id":"_mview_admi_etablissements_administration.fid--1b6ae3e2_1a0db278384_-3d10","geometry":{"type":"Point","coordinates":[1.00625706,8.85102315]},"geometry_name":"geometry","properties":{"region_nom_bdd":"Centrale","prefecture_nom_bdd":"Tchaoudjo","commune_nom_bdd":"Tchaoudjo 2","canton_nom_bdd":"Lama-Tessi","nom_localite":"N/a","etablissement_nom":"Centre d'Etat Civil de Sakalaoude","etab_adr":"N/a","ouverture_jour":"N/a","ministere_tutelle":"MATDDT"}},{"type":"Feature","id":"_mview_admi_etablissements_administration.fid--1b6ae3e2_1a0db278384_-3d0f","geometry":{"type":"Point","coordinates":[1.2046806,6.1880802]},"geometry_name":"geometry","properties":{"region_nom_bdd":"Maritime","prefecture_nom_bdd":"Golfe","commune_nom_bdd":"Golfe 5","canton_nom_bdd":"Aflao-Gakli","nom_localite":"AGBALEPEDOGAN","etablissement_nom":"UNIR (Union pour la République)","etab_adr":null,"ouverture_jour":"{Mardi,Lundi,Mercredi,Jeudi,Vendredi}","ministere_tutelle":"MATDDT"}},{"type":"Feature","id":"_mview_admi_etablissements_administration.fid--1b6ae3e2_1a0db278384_-3d0e","geometry":{"type":"Point","coordinates":[1.15517453,6.19137725]},"geometry_name":"geometry","properties":{"region_nom_bdd":"Maritime","prefecture_nom_bdd":"Golfe","commune_nom_bdd":"Golfe 7","canton_nom_bdd":"Aflao-Sagbado","nom_localite":"HOGNOME","etablissement_nom":"PDP (Partir Décmocratique Panafricain)","etab_adr":null,"ouverture_jour":"{Lundi,Mardi,Mercredi,Jeudi,Vendredi}","ministere_tutelle":"MATDDT"}},{"type":"Feature","id":"_mview_admi_etablissements_administration.fid--1b6ae3e2_1a0db278384_-3d0d","geometry":{"type":"Point","coordinates":[1.214143,6.22003296]},"geometry_name":"geometry","properties":{"region_nom_bdd":"Maritime","prefecture_nom_bdd":"Agoè-Nyivé","commune_nom_bdd":"Agoè-Nyivé 1","canton_nom_bdd":"Agoè-Nyivé","nom_localite":"AGOE","etablissement_nom":"PNP (Parti National Panafricain)","etab_adr":"Nsp","ouverture_jour":"{Lundi,Mardi,Mercredi,Jeudi,Vendredi}","ministere_tutelle":"MATDDT"}},{"type":"Feature","id":"_mview_admi_etablissements_administration.fid--1b6ae3e2_1a0db278384_-3d0c","geometry":{"type":"Point","coordinates":[1.23281299,6.13643068]},"geometry_name":"geometry","properties":{"region_nom_bdd":"Maritime","prefecture_nom_bdd":"Golfe","commune_nom_bdd":"Golfe 1","canton_nom_bdd":"Bè-Est","nom_localite":"Decon","etablissement_nom":"UFC (Union des Forces du Changement)","etab_adr":"Nsp","ouverture_jour":"{Mardi,Lundi,Mercredi,Jeudi,Vendredi}","ministere_tutelle":"MATDDT"}},{"type":"Feature","id":"_mview_admi_etablissements_administration.fid--1b6ae3e2_1a0db278384_-3d0b","geometry":{"type":"Point","coordinates":[1.25327692,6.14995789]},"geometry_name":"geometry","properties":{"region_nom_bdd":"Maritime","prefecture_nom_bdd":"Golfe","commune_nom_bdd":"Golfe 1","canton_nom_bdd":"Bè-Est","nom_localite":"BE","etablissement_nom":"CDPA (Convention Démocratique des Peuples Africains)","etab_adr":"Nsp","ouverture_jour":"{Lundi,Mardi,Mercredi,Jeudi,Vendredi}","ministere_tutelle":"MATDDT"}},{"type":"Feature","id":"_mview_admi_etablissements_administration.fid--1b6ae3e2_1a0db278384_-3d0a","geometry":{"type":"Point","coordinates":[1.20431174,6.17607795]},"geometry_name":"geometry","properties":{"region_nom_bdd":"Maritime","prefecture_nom_bdd":"Golfe","commune_nom_bdd":"Golfe 3","canton_nom_bdd":"Bè-Ouest","nom_localite":"KLIKAME","etablissement_nom":"CLE (Cercle des Leaders Emergents)","etab_adr":"Nsp","ouverture_jour":"{Lundi,Mardi,Mercredi,Jeudi,Vendredi}","ministere_tutelle":"MATDDT"}},{"type":"Feature","id":"_mview_admi_etablissements_administration.fid--1b6ae3e2_1a0db278384_-3d09","geometry":{"type":"Point","coordinates":[1.19784913,6.17905484]},"geometry_name":"geometry","properties":{"region_nom_bdd":"Maritime","prefecture_nom_bdd":"Golfe","commune_nom_bdd":"Golfe 5","canton_nom_bdd":"Aflao-Gakli","nom_localite":"DJIDJOLE","etablissement_nom":"ULI (Union des Libéraux Indépendants)","etab_adr":"Nsp","ouverture_jour":"{Mardi,Lundi,Mercredi,Jeudi,Vendredi}","ministere_tutelle":"MATDDT"}},{"type":"Feature","id":"_mview_admi_etablissements_administration.fid--1b6ae3e2_1a0db278384_-3d08","geometry":{"type":"Point","coordinates":[1.24398211,6.20935082]},"geometry_name":"geometry","properties":{"region_nom_bdd":"Maritime","prefecture_nom_bdd":"Golfe","commune_nom_bdd":"Golfe 1","canton_nom_bdd":"Bè-Est","nom_localite":"KEGUE","etablissement_nom":"MCD (Mouvement Citoyen pour la Démocratie et le Développement)","etab_adr":"Nsp","ouverture_jour":"{Lundi,Mardi,Mercredi,Jeudi,Vendredi}","ministere_tutelle":"MATDDT"}},{"type":"Feature","id":"_mview_admi_etablissements_administration.fid--1b6ae3e2_1a0db278384_-3d07","geometry":{"type":"Point","coordinates":[1.20615667,6.15443333]},"geometry_name":"geometry","properties":{"region_nom_bdd":"Maritime","prefecture_nom_bdd":"Golfe","commune_nom_bdd":"Golfe 3","canton_nom_bdd":"Bè-Ouest","nom_localite":"TOKOIN HABITA","etablissement_nom":"PADET (Parti Démocratique des Travailleurs)","etab_adr":"Nsp","ouverture_jour":"{Lundi,Mardi,Mercredi,Jeudi,Vendredi}","ministere_tutelle":"MATDDT"}},{"type":"Feature","id":"_mview_admi_etablissements_administration.fid--1b6ae3e2_1a0db278384_-3d06","geometry":{"type":"Point","coordinates":[1.14260651,7.52046879]},"geometry_name":"geometry","properties":{"region_nom_bdd":"Plateaux","prefecture_nom_bdd":"Ogou","commune_nom_bdd":"Ogou 1","canton_nom_bdd":"Gnagna","nom_localite":"Nyekonakpoe","etablissement_nom":"Siège UNIR d'Ogou","etab_adr":"90268900","ouverture_jour":"{Lundi,Mardi,Mercredi,Jeudi,Vendredi,Samedi,Dimanche}","ministere_tutelle":"MATDDT"}},{"type":"Feature","id":"_mview_admi_etablissements_administration.fid--1b6ae3e2_1a0db278384_-3d05","geometry":{"type":"Point","coordinates":[1.12212492,7.53446406]},"geometry_name":"geometry","properties":{"region_nom_bdd":"Plateaux","prefecture_nom_bdd":"Ogou","commune_nom_bdd":"Ogou 1","canton_nom_bdd":"Djama","nom_localite":"DJAMA","etablissement_nom":"Siège National du parti UFC","etab_adr":null,"ouverture_jour":null,"ministere_tutelle":"MATDDT"}},{"type":"Feature","id":"_mview_admi_etablissements_administration.fid--1b6ae3e2_1a0db278384_-3d04","geometry":{"type":"Point","coordinates":[1.19263448,7.76875687]},"geometry_name":"geometry","properties":{"region_nom_bdd":"Plateaux","prefecture_nom_bdd":"Anié","commune_nom_bdd":"Anié 1","canton_nom_bdd":"Anié","nom_localite":"ANIE","etablissement_nom":"Siège UNIR d'Anié","etab_adr":"N/A","ouverture_jour":"{Lundi,Mardi,Mercredi,Jeudi,Vendredi,Samedi,Dimanche}","ministere_tutelle":"MATDDT"}},{"type":"Feature","id":"_mview_admi_etablissements_administration.fid--1b6ae3e2_1a0db278384_-3d03","geometry":{"type":"Point","coordinates":[1.18894741,6.18163417]},"geometry_name":"geometry","properties":{"region_nom_bdd":"Maritime","prefecture_nom_bdd":"Golfe","commune_nom_bdd":"Golfe 5","canton_nom_bdd":"Aflao-Gakli","nom_localite":null,"etablissement_nom":"MOUVEMENT PATRIOTIQUE POUR LA DEMOCRATIE ET LE DEVELOPPEMENT(MPDD)","etab_adr":"DJIDJOLE","ouverture_jour":"{Lundi,Mardi,Mercredi,Jeudi,Vendredi}","ministere_tutelle":"MATDDT"}},{"type":"Feature","id":"_mview_admi_etablissements_administration.fid--1b6ae3e2_1a0db278384_-3d02","geometry":{"type":"Point","coordinates":[1.12894818,7.52212378]},"geometry_name":"geometry","properties":{"region_nom_bdd":"Plateaux","prefecture_nom_bdd":"Ogou","commune_nom_bdd":"Ogou 1","canton_nom_bdd":"Gnagna","nom_localite":"Lom-Nava","etablissement_nom":"ANC (Alliance Nationale pour le Changement)","etab_adr":"93 22 50 16","ouverture_jour":"{Dimanche}","ministere_tutelle":"MATDDT"}},{"type":"Feature","id":"_mview_admi_etablissements_administration.fid--1b6ae3e2_1a0db278384_-3d01","geometry":{"type":"Point","coordinates":[1.24277236,6.13493502]},"geometry_name":"geometry","properties":{"region_nom_bdd":"Maritime","prefecture_nom_bdd":"Golfe","commune_nom_bdd":"Golfe 1","canton_nom_bdd":"Bè-Est","nom_localite":"Nétimé","etablissement_nom":"ANC (Alliance Nationale pour le Changement)","etab_adr":"N/a","ouverture_jour":"N/a","ministere_tutelle":"MATDDT"}},{"type":"Feature","id":"_mview_admi_etablissements_administration.fid--1b6ae3e2_1a0db278384_-3d00","geometry":{"type":"Point","coordinates":[1.21242175,6.23182373]},"geometry_name":"geometry","properties":{"region_nom_bdd":"Maritime","prefecture_nom_bdd":"Agoè-Nyivé","commune_nom_bdd":"Agoè-Nyivé 1","canton_nom_bdd":"Agoè-Nyivé","nom_localite":"N/a","etablissement_nom":"NET (Nouvel Engagement Togolais)","etab_adr":"N/a","ouverture_jour":"N/a","ministere_tutelle":"MATDDT"}},{"type":"Feature","id":"_mview_admi_etablissements_administration.fid--1b6ae3e2_1a0db278384_-3cff","geometry":{"type":"Point","coordinates":[1.16788071,9.58956291]},"geometry_name":"geometry","properties":{"region_nom_bdd":"Kara","prefecture_nom_bdd":"Kozah","commune_nom_bdd":"Kozah 2","canton_nom_bdd":"Bohou","nom_localite":"Walde","etablissement_nom":"Centre d'État Civil Bohou","etab_adr":"Centre d'État Civil Bohou, Walde, Bohou, Kozah 2","ouverture_jour":"{lundi,Mardi,Jeudi,Vendredi,Mercredi}","ministere_tutelle":"MATDDT"}},{"type":"Feature","id":"_mview_admi_etablissements_administration.fid--1b6ae3e2_1a0db278384_-3cfe","geometry":{"type":"Point","coordinates":[1.08721169,10.15448512]},"geometry_name":"geometry","properties":{"region_nom_bdd":"Kara","prefecture_nom_bdd":"Kéran","commune_nom_bdd":"Kéran 3","canton_nom_bdd":"Nadoba","nom_localite":"Nadoba","etablissement_nom":"Centre d'État Civil Annexe Nadoba","etab_adr":"Centre d'État Civil Annexe Nadoba, Nadoba Centre, Nadoba, ,","ouverture_jour":"{lundi,Mardi,Mercredi,Jeudi,Vendredi,Samedi,Dimanche}","ministere_tutelle":"MATDDT"}},{"type":"Feature","id":"_mview_admi_etablissements_administration.fid--1b6ae3e2_1a0db278384_-3cfd","geometry":{"type":"Point","coordinates":[1.62788747,8.65565274]},"geometry_name":"geometry","properties":{"region_nom_bdd":"Centrale","prefecture_nom_bdd":"Tchamba","commune_nom_bdd":"Tchamba 3","canton_nom_bdd":"Kaboli","nom_localite":"Odorin","etablissement_nom":"Centre d'État Civil Secondaire Odorin","etab_adr":"Centre d'État Civil Secondaire Odorin, Odorin, ,","ouverture_jour":"{lundi,Mardi,Mercredi,Jeudi,Vendredi,Samedi,Dimanche}","ministere_tutelle":"MATDDT"}},{"type":"Feature","id":"_mview_admi_etablissements_administration.fid--1b6ae3e2_1a0db278384_-3cfc","geometry":{"type":"Point","coordinates":[0.79519535,7.64571691]},"geometry_name":"geometry","properties":{"region_nom_bdd":"Plateaux","prefecture_nom_bdd":"Akébou","commune_nom_bdd":"Akébou 1","canton_nom_bdd":"Kougnohou","nom_localite":"Kougnohou","etablissement_nom":"Mairie - Commune Akébou 1","etab_adr":"Mairie - Commune Akébou 1, Kougnohou, Kougnohou, Akébou 1, 01BP Kougnohou","ouverture_jour":"{lundi,Mardi,Mercredi,Jeudi,Vendredi}","ministere_tutelle":"MATDDT"}},{"type":"Feature","id":"_mview_admi_etablissements_administration.fid--1b6ae3e2_1a0db278384_-3cfb","geometry":{"type":"Point","coordinates":[0.85577459,7.56870225]},"geometry_name":"geometry","properties":{"region_nom_bdd":"Plateaux","prefecture_nom_bdd":"Wawa","commune_nom_bdd":"Wawa 3","canton_nom_bdd":"Okou","nom_localite":"Okou","etablissement_nom":"Mairie - Commune Wawa 3","etab_adr":"Mairie - Commune Wawa 3, Okou, Okou, Wawa 3","ouverture_jour":"{lundi,Mardi,Mercredi,Jeudi,Vendredi}","ministere_tutelle":"MATDDT"}},{"type":"Feature","id":"_mview_admi_etablissements_administration.fid--1b6ae3e2_1a0db278384_-3cfa","geometry":{"type":"Point","coordinates":[1.04152667,8.72117667]},"geometry_name":"geometry","properties":{"region_nom_bdd":"Centrale","prefecture_nom_bdd":"Sotouboua","commune_nom_bdd":"Sotouboua 2","canton_nom_bdd":"Aouda","nom_localite":"Bouronda","etablissement_nom":"Centre d'État Civil Annexe Bouronda","etab_adr":"Centre d'État Civil Annexe Bouronda, Bouronda, Aouda, Sotouboua 2","ouverture_jour":"{lundi,Mardi,Mercredi,Jeudi,Vendredi}","ministere_tutelle":"MATDDT"}},{"type":"Feature","id":"_mview_admi_etablissements_administration.fid--1b6ae3e2_1a0db278384_-3cf9","geometry":{"type":"Point","coordinates":[1.05049667,8.72748]},"geometry_name":"geometry","properties":{"region_nom_bdd":"Centrale","prefecture_nom_bdd":"Sotouboua","commune_nom_bdd":"Sotouboua 2","canton_nom_bdd":"Aouda","nom_localite":"Alabade","etablissement_nom":"Centre d'État Civil Annexe Alabade","etab_adr":"Centre d'État Civil Annexe Alabade, Alabade, Aouda, Sotouboua 2","ouverture_jour":"{lundi,Mardi,Mercredi,Vendredi}","ministere_tutelle":"MATDDT"}},{"type":"Feature","id":"_mview_admi_etablissements_administration.fid--1b6ae3e2_1a0db278384_-3cf8","geometry":{"type":"Point","coordinates":[1.22211167,8.55906]},"geometry_name":"geometry","properties":{"region_nom_bdd":"Centrale","prefecture_nom_bdd":"Sotouboua","commune_nom_bdd":"Sotouboua 2","canton_nom_bdd":"Séssaro","nom_localite":"Allemade","etablissement_nom":"Centre d'État Civil Sotouboua 2 Annexe Allemade","etab_adr":"Centre d'État Civil Sotouboua 2 Annexe Allemade, Allemade, Séssaro, Sotouboua 2","ouverture_jour":"{lundi,Mardi,Mercredi,Jeudi,Vendredi}","ministere_tutelle":"MATDDT"}},{"type":"Feature","id":"_mview_admi_etablissements_administration.fid--1b6ae3e2_1a0db278384_-3cf7","geometry":{"type":"Point","coordinates":[1.49603794,6.59320887]},"geometry_name":"geometry","properties":{"region_nom_bdd":"Maritime","prefecture_nom_bdd":"Yoto","commune_nom_bdd":"Yoto 1","canton_nom_bdd":"Tabligbo","nom_localite":"Tabligbo Cité A","etablissement_nom":"Mairie - Commune Yoto 1","etab_adr":"Mairie - Commune Yoto 1, Tabligbo Cité A, Tabligbo, Yoto 1, BP02","ouverture_jour":"{lundi,Mardi,Mercredi,Jeudi,Vendredi}","ministere_tutelle":"MATDDT"}},{"type":"Feature","id":"_mview_admi_etablissements_administration.fid--1b6ae3e2_1a0db278384_-3cf6","geometry":{"type":"Point","coordinates":[1.3148387,6.7391345]},"geometry_name":"geometry","properties":{"region_nom_bdd":"Maritime","prefecture_nom_bdd":"Yoto","commune_nom_bdd":"Yoto 2","canton_nom_bdd":"Zafi","nom_localite":"Yoto Kope","etablissement_nom":"Centre d'État Civil Yoto Kope","etab_adr":"Centre d'État Civil Yoto Kope, Yoto Kope, Zafi, Yoto 2","ouverture_jour":"{lundi,Mardi,Mercredi,Jeudi,Vendredi}","ministere_tutelle":"MATDDT"}},{"type":"Feature","id":"_mview_admi_etablissements_administration.fid--1b6ae3e2_1a0db278384_-3cf5","geometry":{"type":"Point","coordinates":[1.16241437,8.86007589]},"geometry_name":"geometry","properties":{"region_nom_bdd":"Centrale","prefecture_nom_bdd":"Tchaoudjo","commune_nom_bdd":"Tchaoudjo 1","canton_nom_bdd":"Kadambara","nom_localite":"Koboyo","etablissement_nom":"Centre d'État Civil Koboto","etab_adr":"Centre d'État Civil Koboto, Koboyo, Kadambara, Tchaoudjo 1","ouverture_jour":"{lundi,Mardi,Mercredi,Jeudi,Vendredi,Samedi}","ministere_tutelle":"MATDDT"}},{"type":"Feature","id":"_mview_admi_etablissements_administration.fid--1b6ae3e2_1a0db278384_-3cf4","geometry":{"type":"Point","coordinates":[1.13135411,8.77073449]},"geometry_name":"geometry","properties":{"region_nom_bdd":"Centrale","prefecture_nom_bdd":"Tchaoudjo","commune_nom_bdd":"Tchaoudjo 2","canton_nom_bdd":"Lama-Tessi","nom_localite":"Solaou","etablissement_nom":"Centre d'État Civil Solaou","etab_adr":"Centre d'État Civil Solaou, Solaou, Lama-Tessi, Tchaoudjo 2","ouverture_jour":"{lundi,Mardi,Mercredi,Jeudi,Vendredi,Samedi}","ministere_tutelle":"MATDDT"}},{"type":"Feature","id":"_mview_admi_etablissements_administration.fid--1b6ae3e2_1a0db278384_-3cf3","geometry":{"type":"Point","coordinates":[1.15449918,8.98036186]},"geometry_name":"geometry","properties":{"region_nom_bdd":"Centrale","prefecture_nom_bdd":"Tchaoudjo","commune_nom_bdd":"Tchaoudjo 1","canton_nom_bdd":"Sokodè (Komah)","nom_localite":"Koulounde","etablissement_nom":"Centre d'État Civil Koulounde","etab_adr":"Centre d'État Civil Koulounde, Koulounde, Sokodè (Komah), Tchaoudjo 1","ouverture_jour":"{lundi,Mardi,Mercredi,Jeudi,Vendredi,Samedi,Dimanche}","ministere_tutelle":"MATDDT"}},{"type":"Feature","id":"_mview_admi_etablissements_administration.fid--1b6ae3e2_1a0db278384_-3cf2","geometry":{"type":"Point","coordinates":[1.11715134,9.03397522]},"geometry_name":"geometry","properties":{"region_nom_bdd":"Centrale","prefecture_nom_bdd":"Tchaoudjo","commune_nom_bdd":"Tchaoudjo 1","canton_nom_bdd":"Kpangalam","nom_localite":"Tivedrou","etablissement_nom":"Centre d'État Civil Annexe Tivedrou","etab_adr":"Centre d'État Civil Annexe Tivedrou, Tivedrou, Kpangalam, Tchaoudjo 1","ouverture_jour":"{lundi,Mardi,Mercredi,Jeudi,Vendredi,Samedi,Dimanche}","ministere_tutelle":"MATDDT"}},{"type":"Feature","id":"_mview_admi_etablissements_administration.fid--1b6ae3e2_1a0db278384_-3cf1","geometry":{"type":"Point","coordinates":[1.19449125,7.76671199]},"geometry_name":"geometry","properties":{"region_nom_bdd":"Plateaux","prefecture_nom_bdd":"Anié","commune_nom_bdd":"Anié 1","canton_nom_bdd":"Anié","nom_localite":"Assigame","etablissement_nom":"Centre d'État Civil Annexe Assigame","etab_adr":"Centre d'État Civil Annexe Assigame, Assigame, Anié, Anié 1","ouverture_jour":"{lundi,Mardi,Mercredi,Jeudi,Vendredi}","ministere_tutelle":"MATDDT"}},{"type":"Feature","id":"_mview_admi_etablissements_administration.fid--1b6ae3e2_1a0db278384_-3cf0","geometry":{"type":"Point","coordinates":[1.16297222,7.78533924]},"geometry_name":"geometry","properties":{"region_nom_bdd":"Plateaux","prefecture_nom_bdd":"Anié","commune_nom_bdd":"Anié 1","canton_nom_bdd":"Anié","nom_localite":"Konigbo","etablissement_nom":"Centre d'État Civil Annexe Konigbo","etab_adr":"Centre d'État Civil Annexe Konigbo, Konigbo, Anié, Anié 1","ouverture_jour":"{lundi,Mardi,Mercredi,Jeudi,Vendredi}","ministere_tutelle":"MATDDT"}},{"type":"Feature","id":"_mview_admi_etablissements_administration.fid--1b6ae3e2_1a0db278384_-3cef","geometry":{"type":"Point","coordinates":[1.19414,6.174035]},"geometry_name":"geometry","properties":{"region_nom_bdd":"Maritime","prefecture_nom_bdd":"Golfe","commune_nom_bdd":"Golfe 5","canton_nom_bdd":"Aflao-Gakli","nom_localite":"Gakli","etablissement_nom":"Mairie - Commune Golfe 5","etab_adr":"Mairie - Commune Golfe 5, Gakli, Aflao-Gakli, Golfe 5","ouverture_jour":"{lundi,Mardi,Mercredi,Jeudi,Vendredi}","ministere_tutelle":"MATDDT"}},{"type":"Feature","id":"_mview_admi_etablissements_administration.fid--1b6ae3e2_1a0db278384_-3cee","geometry":{"type":"Point","coordinates":[0.99511333,7.05529667]},"geometry_name":"geometry","properties":{"region_nom_bdd":"Plateaux","prefecture_nom_bdd":"Haho","commune_nom_bdd":"Haho 3","canton_nom_bdd":"Kpédomé","nom_localite":"Alati-kpota","etablissement_nom":"Centre d'État Civil D'Alati-Kpota","etab_adr":"Centre d'État Civil D'Alati-Kpota, Alati-Kpota, Kpédomé, Haho 3","ouverture_jour":"{lundi,Mardi,Mercredi,Jeudi,Vendredi}","ministere_tutelle":"MATDDT"}},{"type":"Feature","id":"_mview_admi_etablissements_administration.fid--1b6ae3e2_1a0db278384_-3ced","geometry":{"type":"Point","coordinates":[1.60555529,7.57247158]},"geometry_name":"geometry","properties":{"region_nom_bdd":"Plateaux","prefecture_nom_bdd":"Anié","commune_nom_bdd":"Anié 2","canton_nom_bdd":"Glitto","nom_localite":"Kpakpassa","etablissement_nom":"Centre d'État Civil Annexe Kpakpassa","etab_adr":"Centre d'État Civil Annexe Kpakpassa, Kpakpassa, Glitto, Anié 2","ouverture_jour":"{lundi,Mardi,Mercredi,Jeudi,Vendredi}","ministere_tutelle":"MATDDT"}},{"type":"Feature","id":"_mview_admi_etablissements_administration.fid--1b6ae3e2_1a0db278384_-3cec","geometry":{"type":"Point","coordinates":[1.34687961,7.36060486]},"geometry_name":"geometry","properties":{"region_nom_bdd":"Plateaux","prefecture_nom_bdd":"Ogou","commune_nom_bdd":"Ogou 2","canton_nom_bdd":"Katoré","nom_localite":"Yaovicope","etablissement_nom":"Centre d'État Civil Annexe Yaovicope","etab_adr":"Centre d'État Civil Annexe Yaovicope, Yaovicope, Katoré, Ogou 2","ouverture_jour":"{lundi,Samedi,Dimanche,Mercredi,Mardi,Jeudi,Vendredi}","ministere_tutelle":"MATDDT"}},{"type":"Feature","id":"_mview_admi_etablissements_administration.fid--1b6ae3e2_1a0db278384_-3ceb","geometry":{"type":"Point","coordinates":[1.35421517,7.77384992]},"geometry_name":"geometry","properties":{"region_nom_bdd":"Plateaux","prefecture_nom_bdd":"Anié","commune_nom_bdd":"Anié 1","canton_nom_bdd":"Kolo-Kopé","nom_localite":"Pkindele","etablissement_nom":"Centre d'État Civil Annexe Kpindele","etab_adr":"Centre d'État Civil Annexe Kpindele, Pkindele, Kolo-Kopé, Anié 1","ouverture_jour":"{lundi,Mercredi,Mardi,Jeudi,Vendredi}","ministere_tutelle":"MATDDT"}},{"type":"Feature","id":"_mview_admi_etablissements_administration.fid--1b6ae3e2_1a0db278384_-3cea","geometry":{"type":"Point","coordinates":[0.90219971,7.45783499]},"geometry_name":"geometry","properties":{"region_nom_bdd":"Plateaux","prefecture_nom_bdd":"Amou","commune_nom_bdd":"Amou 1","canton_nom_bdd":"Amlamé (Ouma)","nom_localite":"Amlame","etablissement_nom":"Mairie - Commune Amou 1","etab_adr":"Mairie - Commune Amou 1, Amlame, Amlamé (Ouma), Amou 1, BP86 Amlame","ouverture_jour":"{lundi,Mardi,Mercredi,Jeudi,Vendredi}","ministere_tutelle":"MATDDT"}},{"type":"Feature","id":"_mview_admi_etablissements_administration.fid--1b6ae3e2_1a0db278384_-3ce9","geometry":{"type":"Point","coordinates":[1.33080115,7.39579681]},"geometry_name":"geometry","properties":{"region_nom_bdd":"Plateaux","prefecture_nom_bdd":"Ogou","commune_nom_bdd":"Ogou 2","canton_nom_bdd":"Katoré","nom_localite":"Katore","etablissement_nom":"Centre d'État Civil Annexe Katore","etab_adr":"Centre d'État Civil Annexe Katore, Katore, Katoré, Ogou 2","ouverture_jour":"{lundi,Mardi,Mercredi,Jeudi,Vendredi}","ministere_tutelle":"MATDDT"}},{"type":"Feature","id":"_mview_admi_etablissements_administration.fid--1b6ae3e2_1a0db278384_-3ce8","geometry":{"type":"Point","coordinates":[1.25161913,7.49131464]},"geometry_name":"geometry","properties":{"region_nom_bdd":"Plateaux","prefecture_nom_bdd":"Ogou","commune_nom_bdd":"Ogou 2","canton_nom_bdd":"Akparé","nom_localite":"Illama","etablissement_nom":"Centre d'État Civil Annexe Illama","etab_adr":"Centre d'État Civil Annexe Illama, Illama, Akparé, Ogou 2","ouverture_jour":"{lundi,Mardi,Mercredi,Jeudi,Vendredi}","ministere_tutelle":"MATDDT"}},{"type":"Feature","id":"_mview_admi_etablissements_administration.fid--1b6ae3e2_1a0db278384_-3ce7","geometry":{"type":"Point","coordinates":[1.32110559,7.47375916]},"geometry_name":"geometry","properties":{"region_nom_bdd":"Plateaux","prefecture_nom_bdd":"Ogou","commune_nom_bdd":"Ogou 2","canton_nom_bdd":"Akparé","nom_localite":"Akpare","etablissement_nom":"Centre d'État Civil Annexe Akparé","etab_adr":"Centre d'État Civil Annexe Akparé, Akpare, Akparé, Ogou 2","ouverture_jour":"{lundi,Mardi,Mercredi,Jeudi,Vendredi}","ministere_tutelle":"MATDDT"}},{"type":"Feature","id":"_mview_admi_etablissements_administration.fid--1b6ae3e2_1a0db278384_-3ce6","geometry":{"type":"Point","coordinates":[1.50342634,7.23427988]},"geometry_name":"geometry","properties":{"region_nom_bdd":"Plateaux","prefecture_nom_bdd":"Moyen-Mono","commune_nom_bdd":"Moyen-Mono 1","canton_nom_bdd":"Ahassomè","nom_localite":"Fiakome","etablissement_nom":"Centre d'État Civil Annexe Ahassome","etab_adr":"Centre d'État Civil Annexe Ahassome, Fiakome, Ahassomè, Moyen-Mono 1","ouverture_jour":"{lundi,Mercredi,Vendredi}","ministere_tutelle":"MATDDT"}},{"type":"Feature","id":"_mview_admi_etablissements_administration.fid--1b6ae3e2_1a0db278384_-3ce5","geometry":{"type":"Point","coordinates":[1.03667349,8.94383019]},"geometry_name":"geometry","properties":{"region_nom_bdd":"Centrale","prefecture_nom_bdd":"Tchaoudjo","commune_nom_bdd":"Tchaoudjo 1","canton_nom_bdd":"Tchalo","nom_localite":"Kpalafoulasse","etablissement_nom":"Centre d'État Civil Annexe Tchalo","etab_adr":"Centre d'État Civil Annexe Tchalo, Kpalafoulasse, Tchalo, Tchaoudjo 1","ouverture_jour":"{lundi,Mardi,Mercredi,Jeudi,Vendredi,Samedi,Dimanche}","ministere_tutelle":"MATDDT"}},{"type":"Feature","id":"_mview_admi_etablissements_administration.fid--1b6ae3e2_1a0db278384_-3ce4","geometry":{"type":"Point","coordinates":[1.19369008,9.1820934]},"geometry_name":"geometry","properties":{"region_nom_bdd":"Centrale","prefecture_nom_bdd":"Tchaoudjo","commune_nom_bdd":"Tchaoudjo 3","canton_nom_bdd":"Amaïde","nom_localite":"Amaide","etablissement_nom":"Centre d'État Civil Annexe Amaide","etab_adr":"Centre d'État Civil Annexe Amaide, Amaide, Amaïde, Tchaoudjo 3","ouverture_jour":"{lundi,Mardi,Mercredi,Jeudi,Vendredi,Samedi,Dimanche}","ministere_tutelle":"MATDDT"}},{"type":"Feature","id":"_mview_admi_etablissements_administration.fid--1b6ae3e2_1a0db278384_-3ce3","geometry":{"type":"Point","coordinates":[1.32976363,8.98473725]},"geometry_name":"geometry","properties":{"region_nom_bdd":"Centrale","prefecture_nom_bdd":"Tchaoudjo","commune_nom_bdd":"Tchaoudjo 1","canton_nom_bdd":"Kparataou","nom_localite":"Nigbaoudè 1","etablissement_nom":"Centre d'État Civil Annexe Kparatao","etab_adr":"Centre d'État Civil Annexe Kparatao, Nigbaoudè 1, Kparataou, Tchaoudjo 1","ouverture_jour":"{lundi,Mardi,Mercredi,Jeudi,Vendredi,Samedi,Dimanche}","ministere_tutelle":"MATDDT"}},{"type":"Feature","id":"_mview_admi_etablissements_administration.fid--1b6ae3e2_1a0db278384_-3ce2","geometry":{"type":"Point","coordinates":[1.11552043,8.93127991]},"geometry_name":"geometry","properties":{"region_nom_bdd":"Centrale","prefecture_nom_bdd":"Tchaoudjo","commune_nom_bdd":"Tchaoudjo 1","canton_nom_bdd":"Tchalo","nom_localite":"Tchalo","etablissement_nom":"Centre d'État Civil Annexe Tchalo","etab_adr":"Centre d'État Civil Annexe Tchalo, Tchalo, Tchalo, Tchaoudjo 1","ouverture_jour":"{lundi,Mardi,Mercredi,Jeudi,Vendredi,Samedi,Dimanche}","ministere_tutelle":"MATDDT"}},{"type":"Feature","id":"_mview_admi_etablissements_administration.fid--1b6ae3e2_1a0db278384_-3ce1","geometry":{"type":"Point","coordinates":[1.09873677,7.83634012]},"geometry_name":"geometry","properties":{"region_nom_bdd":"Plateaux","prefecture_nom_bdd":"Anié","commune_nom_bdd":"Anié 1","canton_nom_bdd":"Pallakoko","nom_localite":"Pallakoko","etablissement_nom":"Centre d'État Civil Annexe Pallakoko","etab_adr":"Centre d'État Civil Annexe Pallakoko, Pallakoko, Pallakoko, Anié 1","ouverture_jour":"{lundi,Mardi,Mercredi,Jeudi,Vendredi}","ministere_tutelle":"MATDDT"}},{"type":"Feature","id":"_mview_admi_etablissements_administration.fid--1b6ae3e2_1a0db278384_-3ce0","geometry":{"type":"Point","coordinates":[1.13144591,8.94167013]},"geometry_name":"geometry","properties":{"region_nom_bdd":"Centrale","prefecture_nom_bdd":"Tchaoudjo","commune_nom_bdd":"Tchaoudjo 1","canton_nom_bdd":"Tchalo","nom_localite":"Adjorogo","etablissement_nom":"Centre d'État Civil Annexe Adjorogo","etab_adr":"Centre d'État Civil Annexe Adjorogo, Adjorogo, Tchalo, Tchaoudjo 1","ouverture_jour":"{Dimanche,Samedi,Vendredi,Jeudi,Mercredi,Mardi,lundi}","ministere_tutelle":"MATDDT"}},{"type":"Feature","id":"_mview_admi_etablissements_administration.fid--1b6ae3e2_1a0db278384_-3cdf","geometry":{"type":"Point","coordinates":[1.26038977,8.95845406]},"geometry_name":"geometry","properties":{"region_nom_bdd":"Centrale","prefecture_nom_bdd":"Tchaoudjo","commune_nom_bdd":"Tchaoudjo 1","canton_nom_bdd":"Kparataou","nom_localite":"Nigbaoudè 2","etablissement_nom":"Centre d'État Civil Annexe Nigbaoude 2","etab_adr":"Centre d'État Civil Annexe Nigbaoude 2, Nigbaoudè 2, Kparataou, Tchaoudjo 1","ouverture_jour":"{lundi,Mardi,Mercredi,Jeudi,Vendredi,Samedi,Dimanche}","ministere_tutelle":"MATDDT"}},{"type":"Feature","id":"_mview_admi_etablissements_administration.fid--1b6ae3e2_1a0db278384_-3cde","geometry":{"type":"Point","coordinates":[1.08436167,8.88764167]},"geometry_name":"geometry","properties":{"region_nom_bdd":"Centrale","prefecture_nom_bdd":"Tchaoudjo","commune_nom_bdd":"Tchaoudjo 2","canton_nom_bdd":"Lama-Tessi","nom_localite":"Kassenna","etablissement_nom":"Centre d'État Civil Kassena","etab_adr":"Centre d'État Civil Kassena, Kassenna, Lama-Tessi, Tchaoudjo 2","ouverture_jour":"{lundi,Mercredi}","ministere_tutelle":"MATDDT"}},{"type":"Feature","id":"_mview_admi_etablissements_administration.fid--1b6ae3e2_1a0db278384_-3cdd","geometry":{"type":"Point","coordinates":[1.19790662,8.9518916]},"geometry_name":"geometry","properties":{"region_nom_bdd":"Centrale","prefecture_nom_bdd":"Tchaoudjo","commune_nom_bdd":"Tchaoudjo 1","canton_nom_bdd":"Kparataou","nom_localite":"Kparatao","etablissement_nom":"Centre d'État Civil Annexe Kparatao","etab_adr":"Centre d'État Civil Annexe Kparatao, Kparatao, Kparataou, Tchaoudjo 1","ouverture_jour":"{Dimanche,Samedi,Vendredi,Jeudi,Mercredi,Mardi,lundi}","ministere_tutelle":"MATDDT"}},{"type":"Feature","id":"_mview_admi_etablissements_administration.fid--1b6ae3e2_1a0db278384_-3cdc","geometry":{"type":"Point","coordinates":[1.26702225,8.87450387]},"geometry_name":"geometry","properties":{"region_nom_bdd":"Centrale","prefecture_nom_bdd":"Tchaoudjo","commune_nom_bdd":"Tchaoudjo 1","canton_nom_bdd":"Kparataou","nom_localite":"Bonangana","etablissement_nom":"Centre d'État Civil Annexe Bonangana","etab_adr":"Centre d'État Civil Annexe Bonangana, Bonangana, Kparataou, Tchaoudjo 1","ouverture_jour":"{Samedi,Vendredi,Jeudi,Mercredi,Mardi,lundi}","ministere_tutelle":"MATDDT"}},{"type":"Feature","id":"_mview_admi_etablissements_administration.fid--1b6ae3e2_1a0db278384_-3cdb","geometry":{"type":"Point","coordinates":[1.29030205,8.95419015]},"geometry_name":"geometry","properties":{"region_nom_bdd":"Centrale","prefecture_nom_bdd":"Tchaoudjo","commune_nom_bdd":"Tchaoudjo 1","canton_nom_bdd":"Kparataou","nom_localite":"Koloware","etablissement_nom":"Centre d'État Civil Annexe Koloware","etab_adr":"Centre d'État Civil Annexe Koloware, Koloware, Kparataou, Tchaoudjo 1","ouverture_jour":"{lundi,Mardi,Mercredi,Jeudi,Vendredi,Samedi,Dimanche}","ministere_tutelle":"MATDDT"}},{"type":"Feature","id":"_mview_admi_etablissements_administration.fid--1b6ae3e2_1a0db278384_-3cda","geometry":{"type":"Point","coordinates":[1.07135333,8.80723333]},"geometry_name":"geometry","properties":{"region_nom_bdd":"Centrale","prefecture_nom_bdd":"Tchaoudjo","commune_nom_bdd":"Tchaoudjo 2","canton_nom_bdd":"Lama-Tessi","nom_localite":"Yara Kabye","etablissement_nom":"Centre d'État Civil Annexe Yara Kabye","etab_adr":"Centre d'État Civil Annexe Yara Kabye, Yara Kabye, Lama-Tessi, Tchaoudjo 2","ouverture_jour":"{Dimanche,Samedi,Vendredi,Jeudi,Mercredi,Mardi,lundi}","ministere_tutelle":"MATDDT"}},{"type":"Feature","id":"_mview_admi_etablissements_administration.fid--1b6ae3e2_1a0db278384_-3cd9","geometry":{"type":"Point","coordinates":[1.14011181,8.82200347]},"geometry_name":"geometry","properties":{"region_nom_bdd":"Centrale","prefecture_nom_bdd":"Tchaoudjo","commune_nom_bdd":"Tchaoudjo 2","canton_nom_bdd":"Lama-Tessi","nom_localite":"Abatchang","etablissement_nom":"Centre d'État Civil Abatchang","etab_adr":"Centre d'État Civil Abatchang, Abatchang, Lama-Tessi, Tchaoudjo 2","ouverture_jour":"{Dimanche,Samedi,Vendredi,Jeudi,Mercredi,Mardi,lundi}","ministere_tutelle":"MATDDT"}},{"type":"Feature","id":"_mview_admi_etablissements_administration.fid--1b6ae3e2_1a0db278384_-3cd8","geometry":{"type":"Point","coordinates":[0.96633167,8.79241]},"geometry_name":"geometry","properties":{"region_nom_bdd":"Centrale","prefecture_nom_bdd":"Sotouboua","commune_nom_bdd":"Sotouboua 2","canton_nom_bdd":"Aouda","nom_localite":"Aou Matchatom","etablissement_nom":"Centre d'État Civil Aou Matchatom","etab_adr":"Centre d'État Civil Aou Matchatom, Aou Matchatom, Aouda, Sotouboua 2","ouverture_jour":"{lundi,Mardi,Mercredi,Jeudi,Vendredi,Samedi}","ministere_tutelle":"MATDDT"}},{"type":"Feature","id":"_mview_admi_etablissements_administration.fid--1b6ae3e2_1a0db278384_-3cd7","geometry":{"type":"Point","coordinates":[1.07560138,9.05954757]},"geometry_name":"geometry","properties":{"region_nom_bdd":"Centrale","prefecture_nom_bdd":"Tchaoudjo","commune_nom_bdd":"Tchaoudjo 1","canton_nom_bdd":"Kpangalam","nom_localite":"Sagbadei","etablissement_nom":"Centre d'État Civil Annexe Sagbadei","etab_adr":"Centre d'État Civil Annexe Sagbadei, Sagbadei, Kpangalam, Tchaoudjo 1","ouverture_jour":"{lundi,Mardi,Mercredi,Jeudi,Vendredi,Samedi,Dimanche}","ministere_tutelle":"MATDDT"}},{"type":"Feature","id":"_mview_admi_etablissements_administration.fid--1b6ae3e2_1a0db278384_-3cd6","geometry":{"type":"Point","coordinates":[1.16197188,6.22035224]},"geometry_name":"geometry","properties":{"region_nom_bdd":"Maritime","prefecture_nom_bdd":"Agoè-Nyivé","commune_nom_bdd":"Agoè-Nyivé 3","canton_nom_bdd":"Vakpossito","nom_localite":"Awoudjakope","etablissement_nom":"Centre d'État Civil Annexe Awoudjakope","etab_adr":"Centre d'État Civil Annexe Awoudjakope, Awoudjakope, Vakpossito, Agoè-Nyivé 3","ouverture_jour":"{lundi,Mardi,Mercredi,Jeudi,Vendredi}","ministere_tutelle":"MATDDT"}},{"type":"Feature","id":"_mview_admi_etablissements_administration.fid--1b6ae3e2_1a0db278384_-3cd5","geometry":{"type":"Point","coordinates":[0.69237444,7.2034666]},"geometry_name":"geometry","properties":{"region_nom_bdd":"Plateaux","prefecture_nom_bdd":"Danyi","commune_nom_bdd":"Danyi 1","canton_nom_bdd":"Danyi-Atigba","nom_localite":"Danyi Apeyeme","etablissement_nom":"Mairie - Commune Danyi 1","etab_adr":"Mairie - Commune Danyi 1, Danyi Apeyeme, Danyi-Atigba, Danyi 1, 215BP09","ouverture_jour":"{lundi,Mardi,Mercredi,Jeudi,Vendredi}","ministere_tutelle":"MATDDT"}},{"type":"Feature","id":"_mview_admi_etablissements_administration.fid--1b6ae3e2_1a0db278384_-3cd4","geometry":{"type":"Point","coordinates":[1.7082327,6.33442688]},"geometry_name":"geometry","properties":{"region_nom_bdd":"Maritime","prefecture_nom_bdd":"Lacs","commune_nom_bdd":"Lacs 2","canton_nom_bdd":"Aklakou","nom_localite":"Noblokome","etablissement_nom":"Mairie - Commune Lacs 2","etab_adr":"Mairie - Commune Lacs 2, Noblokome, Aklakou, Lacs 2, 135BP1 Aklakou","ouverture_jour":"{lundi,Mardi,Mercredi,Jeudi,Vendredi}","ministere_tutelle":"MATDDT"}},{"type":"Feature","id":"_mview_admi_etablissements_administration.fid--1b6ae3e2_1a0db278384_-3cd3","geometry":{"type":"Point","coordinates":[0.45258112,8.64522245]},"geometry_name":"geometry","properties":{"region_nom_bdd":"Centrale","prefecture_nom_bdd":"Mô","commune_nom_bdd":"Mô 2","canton_nom_bdd":"Tindjasse","nom_localite":"Toukoudjou","etablissement_nom":"Mairie - Commune Mô 2","etab_adr":"Mairie - Commune Mô 2, Toukoudjou, Tindjasse, Mô 2, 420BP20 Bassar","ouverture_jour":"{lundi,Mardi,Mercredi,Jeudi,Vendredi}","ministere_tutelle":"MATDDT"}},{"type":"Feature","id":"_mview_admi_etablissements_administration.fid--1b6ae3e2_1a0db278384_-3cd2","geometry":{"type":"Point","coordinates":[1.25875332,7.90435661]},"geometry_name":"geometry","properties":{"region_nom_bdd":"Plateaux","prefecture_nom_bdd":"Est-Mono","commune_nom_bdd":"Est-Mono 1","canton_nom_bdd":"Elavagnon","nom_localite":"Lama Kara","etablissement_nom":"Centre d'État Civil Annexe lama Kara","etab_adr":"Centre d'État Civil Annexe lama Kara, Lama Kara, Elavagnon, Est-Mono 1","ouverture_jour":"{lundi,Mardi,Mercredi,Jeudi,Vendredi}","ministere_tutelle":"MATDDT"}},{"type":"Feature","id":"_mview_admi_etablissements_administration.fid--1b6ae3e2_1a0db278384_-3cd1","geometry":{"type":"Point","coordinates":[1.28791373,7.79532667]},"geometry_name":"geometry","properties":{"region_nom_bdd":"Plateaux","prefecture_nom_bdd":"Anié","commune_nom_bdd":"Anié 1","canton_nom_bdd":"Kolo-Kopé","nom_localite":"Tchabi Cope","etablissement_nom":"Centre d'État Civil Annexe Kolo Cope","etab_adr":"Centre d'État Civil Annexe Kolo Cope, Tchabi Cope, Kolo-Kopé, Anié 1","ouverture_jour":"{lundi,Mardi,Mercredi,Jeudi,Vendredi}","ministere_tutelle":"MATDDT"}},{"type":"Feature","id":"_mview_admi_etablissements_administration.fid--1b6ae3e2_1a0db278384_-3cd0","geometry":{"type":"Point","coordinates":[0.57213394,6.84781123]},"geometry_name":"geometry","properties":{"region_nom_bdd":"Plateaux","prefecture_nom_bdd":"Kloto","commune_nom_bdd":"Kloto 1","canton_nom_bdd":"Womé","nom_localite":"Wome","etablissement_nom":"Centre d'État Civil Wome","etab_adr":"Centre d'État Civil Wome, Wome, Womé, Kloto 1","ouverture_jour":"{Vendredi,Jeudi,Mercredi,Mardi,lundi}","ministere_tutelle":"MATDDT"}},{"type":"Feature","id":"_mview_admi_etablissements_administration.fid--1b6ae3e2_1a0db278384_-3ccf","geometry":{"type":"Point","coordinates":[1.07531333,8.82875333]},"geometry_name":"geometry","properties":{"region_nom_bdd":"Centrale","prefecture_nom_bdd":"Tchaoudjo","commune_nom_bdd":"Tchaoudjo 2","canton_nom_bdd":"Lama-Tessi","nom_localite":"Tchaoudjo 2","etablissement_nom":"Mairie - Commune Tchaoudjo 2","etab_adr":"Mairie - Commune Tchaoudjo 2, Tchaoudjo 2, Lama-Tessi, Tchaoudjo 2, 300BP364","ouverture_jour":"{lundi,Mardi,Mercredi,Jeudi,Vendredi}","ministere_tutelle":"MATDDT"}},{"type":"Feature","id":"_mview_admi_etablissements_administration.fid--1b6ae3e2_1a0db278384_-3cce","geometry":{"type":"Point","coordinates":[0.11093868,10.70472118]},"geometry_name":"geometry","properties":{"region_nom_bdd":"Savanes","prefecture_nom_bdd":"Tandjoaré","commune_nom_bdd":"Tandjoaré 2","canton_nom_bdd":"Nano","nom_localite":"Nano","etablissement_nom":"Mairie - Commune Tandjoaré 2","etab_adr":"Mairie - Commune Tandjoaré 2, Nano, Nano, Tandjoaré 2, BP10","ouverture_jour":"{Vendredi,Jeudi,Mercredi,Mardi,lundi}","ministere_tutelle":"MATDDT"}},{"type":"Feature","id":"_mview_admi_etablissements_administration.fid--1b6ae3e2_1a0db278384_-3ccd","geometry":{"type":"Point","coordinates":[1.15062208,7.51500728]},"geometry_name":"geometry","properties":{"region_nom_bdd":"Plateaux","prefecture_nom_bdd":"Ogou","commune_nom_bdd":"Ogou 1","canton_nom_bdd":"Djama","nom_localite":"Agbonou","etablissement_nom":"Centre d'État Civil Annexe Agbonou","etab_adr":"Centre d'État Civil Annexe Agbonou, Agbonou, Djama, Ogou 1","ouverture_jour":"{lundi,Mardi,Mercredi,Jeudi,Vendredi}","ministere_tutelle":"MATDDT"}},{"type":"Feature","id":"_mview_admi_etablissements_administration.fid--1b6ae3e2_1a0db278384_-3ccc","geometry":{"type":"Point","coordinates":[1.19480112,7.75219042]},"geometry_name":"geometry","properties":{"region_nom_bdd":"Plateaux","prefecture_nom_bdd":"Anié","commune_nom_bdd":"Anié 1","canton_nom_bdd":"Anié","nom_localite":"Anie","etablissement_nom":"Centre d'État Civil Annexe Anie","etab_adr":"Centre d'État Civil Annexe Anie, Anie, Anié, Anié 1","ouverture_jour":"{lundi,Mardi,Mercredi,Jeudi,Vendredi}","ministere_tutelle":"MATDDT"}},{"type":"Feature","id":"_mview_admi_etablissements_administration.fid--1b6ae3e2_1a0db278384_-3ccb","geometry":{"type":"Point","coordinates":[1.19145037,7.77662646]},"geometry_name":"geometry","properties":{"region_nom_bdd":"Plateaux","prefecture_nom_bdd":"Anié","commune_nom_bdd":"Anié 1","canton_nom_bdd":"Anié","nom_localite":"Kpassa Cope","etablissement_nom":"Centre d'État Civil Annexe Kpassa Cope","etab_adr":"Centre d'État Civil Annexe Kpassa Cope, Kpassa Cope, Anié, Anié 1","ouverture_jour":"{lundi,Mardi,Mercredi,Jeudi,Vendredi,Samedi}","ministere_tutelle":"MATDDT"}},{"type":"Feature","id":"_mview_admi_etablissements_administration.fid--1b6ae3e2_1a0db278384_-3cca","geometry":{"type":"Point","coordinates":[1.52217259,7.58599133]},"geometry_name":"geometry","properties":{"region_nom_bdd":"Plateaux","prefecture_nom_bdd":"Anié","commune_nom_bdd":"Anié 2","canton_nom_bdd":"Glitto","nom_localite":"Glito","etablissement_nom":"Centre d'État Civil Annexe Glito","etab_adr":"Centre d'État Civil Annexe Glito, Glito, Glitto, Anié 2","ouverture_jour":"{lundi,Mardi,Mercredi,Jeudi,Vendredi}","ministere_tutelle":"MATDDT"}},{"type":"Feature","id":"_mview_admi_etablissements_administration.fid--1b6ae3e2_1a0db278384_-3cc9","geometry":{"type":"Point","coordinates":[1.18252013,7.64750727]},"geometry_name":"geometry","properties":{"region_nom_bdd":"Plateaux","prefecture_nom_bdd":"Ogou","commune_nom_bdd":"Ogou 1","canton_nom_bdd":"Houdou","nom_localite":"Awagome","etablissement_nom":"Centre d'État Civil Annexe Awagome","etab_adr":"Centre d'État Civil Annexe Awagome, Awagome, Houdou, Ogou 1","ouverture_jour":"{lundi,Mardi,Mercredi,Jeudi,Vendredi}","ministere_tutelle":"MATDDT"}},{"type":"Feature","id":"_mview_admi_etablissements_administration.fid--1b6ae3e2_1a0db278384_-3cc8","geometry":{"type":"Point","coordinates":[1.12862151,7.5250526]},"geometry_name":"geometry","properties":{"region_nom_bdd":"Plateaux","prefecture_nom_bdd":"Ogou","commune_nom_bdd":"Ogou 1","canton_nom_bdd":"Gnagna","nom_localite":"Lom-nava","etablissement_nom":"Mairie - Commune Ogou 1","etab_adr":"Mairie - Commune Ogou 1, Lom-Nava, Gnagna, Ogou 1, BP60 Atakpame","ouverture_jour":"{lundi,Mardi,Mercredi,Jeudi,Vendredi}","ministere_tutelle":"MATDDT"}},{"type":"Feature","id":"_mview_admi_etablissements_administration.fid--1b6ae3e2_1a0db278384_-3cc7","geometry":{"type":"Point","coordinates":[1.22029112,6.12342296]},"geometry_name":"geometry","properties":{"region_nom_bdd":"Maritime","prefecture_nom_bdd":"Golfe","commune_nom_bdd":"Golfe 4","canton_nom_bdd":"Amoutivé","nom_localite":"Amoutive","etablissement_nom":"Mairie - Commune Golfe 4 - Direction des Ressources Humaines du District Autonome Grand Lomé","etab_adr":"Mairie - Commune Golfe 4 - Direction des Ressources Humaines du District Autonome Grand Lomé, Amoutive, Amoutivé, Golfe 4, BP326 Lomé","ouverture_jour":"{lundi,Mardi,Mercredi,Jeudi,Vendredi}","ministere_tutelle":"MATDDT"}},{"type":"Feature","id":"_mview_admi_etablissements_administration.fid--1b6ae3e2_1a0db278384_-3cc6","geometry":{"type":"Point","coordinates":[1.22483158,6.13246353]},"geometry_name":"geometry","properties":{"region_nom_bdd":"Maritime","prefecture_nom_bdd":"Golfe","commune_nom_bdd":"Golfe 4","canton_nom_bdd":"Amoutivé","nom_localite":"Amoutive","etablissement_nom":"Mairie - Commune Golfe 4 - Direction des Affaires Financières du District Autonome du Grand lome","etab_adr":"Mairie - Commune Golfe 4 - Direction des Affaires Financières du District Autonome du Grand lome, Amoutive, Amoutivé, Golfe 4","ouverture_jour":"{lundi,Mardi,Mercredi,Jeudi,Vendredi}","ministere_tutelle":"MATDDT"}},{"type":"Feature","id":"_mview_admi_etablissements_administration.fid--1b6ae3e2_1a0db278384_-3cc5","geometry":{"type":"Point","coordinates":[1.21490976,6.13468287]},"geometry_name":"geometry","properties":{"region_nom_bdd":"Maritime","prefecture_nom_bdd":"Golfe","commune_nom_bdd":"Golfe 4","canton_nom_bdd":"Amoutivé","nom_localite":"Octaviano Netime","etablissement_nom":"Centre d'État Civil Octaviano Netime","etab_adr":"Centre d'État Civil Octaviano Netime, Octaviano Netime, Amoutivé, Golfe 4, 01BP330 Lomé","ouverture_jour":"{Vendredi,Jeudi,Mercredi,Mardi,lundi}","ministere_tutelle":"MATDDT"}},{"type":"Feature","id":"_mview_admi_etablissements_administration.fid--1b6ae3e2_1a0db278384_-3cc4","geometry":{"type":"Point","coordinates":[0.08701739,10.9060047]},"geometry_name":"geometry","properties":{"region_nom_bdd":"Savanes","prefecture_nom_bdd":"Tône","commune_nom_bdd":"Tône 2","canton_nom_bdd":"Naki-Ouest","nom_localite":"Naki Centre","etablissement_nom":"Mairie - Commune Tône 2","etab_adr":"Mairie - Commune Tône 2, Naki Centre, Naki-Ouest, Tône 2, 500BP120","ouverture_jour":"{lundi,Mardi,Mercredi,Jeudi,Vendredi}","ministere_tutelle":"MATDDT"}},{"type":"Feature","id":"_mview_admi_etablissements_administration.fid--1b6ae3e2_1a0db278384_-3cc3","geometry":{"type":"Point","coordinates":[1.58411246,6.42387983]},"geometry_name":"geometry","properties":{"region_nom_bdd":"Maritime","prefecture_nom_bdd":"Vo","commune_nom_bdd":"Vo 3","canton_nom_bdd":"Dzrékpo","nom_localite":"Klologo","etablissement_nom":"Centre d'État Civil Dzrekpo","etab_adr":"Centre d'État Civil Dzrekpo, Klologo, Dzrékpo, Vo 3","ouverture_jour":"{lundi,Mardi,Mercredi,Jeudi,Vendredi}","ministere_tutelle":"MATDDT"}},{"type":"Feature","id":"_mview_admi_etablissements_administration.fid--1b6ae3e2_1a0db278384_-3cc2","geometry":{"type":"Point","coordinates":[1.60101717,6.39748128]},"geometry_name":"geometry","properties":{"region_nom_bdd":"Maritime","prefecture_nom_bdd":"Bas-Mono","commune_nom_bdd":"Bas-Mono 2","canton_nom_bdd":"Attitogon","nom_localite":"Glope","etablissement_nom":"Centre d'État Civil Glope","etab_adr":"Centre d'État Civil Glope, Glope, Attitogon, Bas-Mono 2","ouverture_jour":"{Mercredi,lundi}","ministere_tutelle":"MATDDT"}},{"type":"Feature","id":"_mview_admi_etablissements_administration.fid--1b6ae3e2_1a0db278384_-3cc1","geometry":{"type":"Point","coordinates":[0.57672198,10.76435975]},"geometry_name":"geometry","properties":{"region_nom_bdd":"Savanes","prefecture_nom_bdd":"Kpendjal","commune_nom_bdd":"Kpendjal 2","canton_nom_bdd":"Borgou","nom_localite":"Borgou Centre","etablissement_nom":"Mairie - Commune Kpendjal 2","etab_adr":"Mairie - Commune Kpendjal 2, Borgou Centre, Borgou, Kpendjal 2, BP17 Mandouri","ouverture_jour":"{Jeudi,lundi,Mardi,Mercredi,Vendredi}","ministere_tutelle":"MATDDT"}},{"type":"Feature","id":"_mview_admi_etablissements_administration.fid--1b6ae3e2_1a0db278384_-3cc0","geometry":{"type":"Point","coordinates":[1.20743022,6.18573123]},"geometry_name":"geometry","properties":{"region_nom_bdd":"Maritime","prefecture_nom_bdd":"Golfe","commune_nom_bdd":"Golfe 3","canton_nom_bdd":"Bè-Ouest","nom_localite":"Quartier Campus","etablissement_nom":"Centre d'État Civil Campus Nord Commune du Golfe 3","etab_adr":"Centre d'État Civil Campus Nord Commune du Golfe 3, Quartier Campus, Bè-Ouest, Golfe 3, 15BP440 Lomé","ouverture_jour":"{lundi,Mardi,Mercredi,Jeudi,Vendredi}","ministere_tutelle":"MATDDT"}},{"type":"Feature","id":"_mview_admi_etablissements_administration.fid--1b6ae3e2_1a0db278384_-3cbf","geometry":{"type":"Point","coordinates":[0.71967053,6.84703895]},"geometry_name":"geometry","properties":{"region_nom_bdd":"Plateaux","prefecture_nom_bdd":"Agou","commune_nom_bdd":"Agou 1","canton_nom_bdd":"Agou-Tavié","nom_localite":"Gadzepe","etablissement_nom":"Préfecture - Agou","etab_adr":"Préfecture - Agou, Gadzepe, Agou-Tavié, Agou 1, BP40 Agou","ouverture_jour":"{lundi,Mardi,Mercredi,Jeudi,Vendredi}","ministere_tutelle":"MATDDT"}},{"type":"Feature","id":"_mview_admi_etablissements_administration.fid--1b6ae3e2_1a0db278384_-3cbe","geometry":{"type":"Point","coordinates":[1.06388747,8.77739666]},"geometry_name":"geometry","properties":{"region_nom_bdd":"Centrale","prefecture_nom_bdd":"Tchaoudjo","commune_nom_bdd":"Tchaoudjo 2","canton_nom_bdd":"Lama-Tessi","nom_localite":"Aou Losso","etablissement_nom":"Centre d'État Civil Aou Losso","etab_adr":"Centre d'État Civil Aou Losso, Aou Losso, Lama-Tessi, Tchaoudjo 2","ouverture_jour":"{lundi,Mardi,Mercredi,Jeudi,Vendredi,Samedi,Dimanche}","ministere_tutelle":"MATDDT"}},{"type":"Feature","id":"_mview_admi_etablissements_administration.fid--1b6ae3e2_1a0db278384_-3cbd","geometry":{"type":"Point","coordinates":[0.97998198,8.82792269]},"geometry_name":"geometry","properties":{"region_nom_bdd":"Centrale","prefecture_nom_bdd":"Tchaoudjo","commune_nom_bdd":"Tchaoudjo 2","canton_nom_bdd":"Lama-Tessi","nom_localite":"Tchaware","etablissement_nom":"Centre d'État Civil Tchaware","etab_adr":"Centre d'État Civil Tchaware, Tchaware, Lama-Tessi, Tchaoudjo 2","ouverture_jour":"{lundi,Mardi,Mercredi,Jeudi,Vendredi,Samedi}","ministere_tutelle":"MATDDT"}},{"type":"Feature","id":"_mview_admi_etablissements_administration.fid--1b6ae3e2_1a0db278384_-3cbc","geometry":{"type":"Point","coordinates":[1.09889667,9.03052333]},"geometry_name":"geometry","properties":{"region_nom_bdd":"Centrale","prefecture_nom_bdd":"Tchaoudjo","commune_nom_bdd":"Tchaoudjo 1","canton_nom_bdd":"Kpangalam","nom_localite":"Kpario","etablissement_nom":"Centre d'État Civil Annexe Kpario","etab_adr":"Centre d'État Civil Annexe Kpario, Kpario, Kpangalam, Tchaoudjo 1","ouverture_jour":"{lundi,Mardi,Mercredi,Jeudi,Vendredi}","ministere_tutelle":"MATDDT"}},{"type":"Feature","id":"_mview_admi_etablissements_administration.fid--1b6ae3e2_1a0db278384_-3cbb","geometry":{"type":"Point","coordinates":[1.13433868,8.9894455]},"geometry_name":"geometry","properties":{"region_nom_bdd":"Centrale","prefecture_nom_bdd":"Tchaoudjo","commune_nom_bdd":"Tchaoudjo 1","canton_nom_bdd":"Sokodè (Komah)","nom_localite":"Tchawanda","etablissement_nom":"Centre d'État Civil Annexe Tchawanda","etab_adr":"Centre d'État Civil Annexe Tchawanda, Tchawanda, Sokodè (Komah), Tchaoudjo 1","ouverture_jour":"{lundi,Mardi,Mercredi,Jeudi,Vendredi,Samedi,Dimanche}","ministere_tutelle":"MATDDT"}},{"type":"Feature","id":"_mview_admi_etablissements_administration.fid--1b6ae3e2_1a0db278384_-3cba","geometry":{"type":"Point","coordinates":[1.13520323,8.98559817]},"geometry_name":"geometry","properties":{"region_nom_bdd":"Centrale","prefecture_nom_bdd":"Tchaoudjo","commune_nom_bdd":"Tchaoudjo 1","canton_nom_bdd":"Sokodè (Komah)","nom_localite":"Tchawanda","etablissement_nom":"Centre d'État Civil Chr Sokodé","etab_adr":"Centre d'État Civil Chr Sokodé, Tchawanda, Sokodè (Komah), Tchaoudjo 1","ouverture_jour":"{lundi,Mardi,Mercredi,Jeudi,Vendredi}","ministere_tutelle":"MATDDT"}},{"type":"Feature","id":"_mview_admi_etablissements_administration.fid--1b6ae3e2_1a0db278384_-3cb9","geometry":{"type":"Point","coordinates":[1.17061667,8.95406]},"geometry_name":"geometry","properties":{"region_nom_bdd":"Centrale","prefecture_nom_bdd":"Tchaoudjo","commune_nom_bdd":"Tchaoudjo 1","canton_nom_bdd":"Kadambara","nom_localite":"Kadambara","etablissement_nom":"Centre d'État Civil Annexe Kadambara","etab_adr":"Centre d'État Civil Annexe Kadambara, Kadambara, Kadambara, Tchaoudjo 1, BP164","ouverture_jour":"{lundi,Mardi,Mercredi,Jeudi,Vendredi,Samedi,Dimanche}","ministere_tutelle":"MATDDT"}},{"type":"Feature","id":"_mview_admi_etablissements_administration.fid--1b6ae3e2_1a0db278384_-3cb8","geometry":{"type":"Point","coordinates":[1.07766047,8.83621522]},"geometry_name":"geometry","properties":{"region_nom_bdd":"Centrale","prefecture_nom_bdd":"Tchaoudjo","commune_nom_bdd":"Tchaoudjo 2","canton_nom_bdd":"Lama-Tessi","nom_localite":"Lama Tessi","etablissement_nom":"Centre d'État Civil la Commune","etab_adr":"Centre d'État Civil la Commune, Lama Tessi, Lama-Tessi, Tchaoudjo 2","ouverture_jour":"{lundi,Mardi,Mercredi,Jeudi,Vendredi,Samedi}","ministere_tutelle":"MATDDT"}},{"type":"Feature","id":"_mview_admi_etablissements_administration.fid--1b6ae3e2_1a0db278384_-3cb7","geometry":{"type":"Point","coordinates":[1.13603296,9.0339814]},"geometry_name":"geometry","properties":{"region_nom_bdd":"Centrale","prefecture_nom_bdd":"Tchaoudjo","commune_nom_bdd":"Tchaoudjo 1","canton_nom_bdd":"Kpangalam","nom_localite":"Kideoude","etablissement_nom":"Centre d'État Civil Annexe Kideoude","etab_adr":"Centre d'État Civil Annexe Kideoude, Kideoude, Kpangalam, Tchaoudjo 1","ouverture_jour":"{lundi,Mardi,Mercredi,Jeudi,Vendredi,Samedi}","ministere_tutelle":"MATDDT"}},{"type":"Feature","id":"_mview_admi_etablissements_administration.fid--1b6ae3e2_1a0db278384_-3cb6","geometry":{"type":"Point","coordinates":[1.08934012,8.90929418]},"geometry_name":"geometry","properties":{"region_nom_bdd":"Centrale","prefecture_nom_bdd":"Tchaoudjo","commune_nom_bdd":"Tchaoudjo 2","canton_nom_bdd":"Lama-Tessi","nom_localite":"Kassena Pont","etablissement_nom":"Centre d'État Civil Kassena Pont","etab_adr":"Centre d'État Civil Kassena Pont, Kassena Pont, Lama-Tessi, Tchaoudjo 2","ouverture_jour":"{Jeudi,Dimanche}","ministere_tutelle":"MATDDT"}},{"type":"Feature","id":"_mview_admi_etablissements_administration.fid--1b6ae3e2_1a0db278384_-3cb5","geometry":{"type":"Point","coordinates":[1.14107496,8.97575826]},"geometry_name":"geometry","properties":{"region_nom_bdd":"Centrale","prefecture_nom_bdd":"Tchaoudjo","commune_nom_bdd":"Tchaoudjo 1","canton_nom_bdd":"Sokodè (Komah)","nom_localite":"Komah","etablissement_nom":"Centre d'État Civil Annexe Komah","etab_adr":"Centre d'État Civil Annexe Komah, Komah, Sokodè (Komah), Tchaoudjo 1","ouverture_jour":"{lundi,Mardi,Mercredi,Jeudi,Vendredi}","ministere_tutelle":"MATDDT"}},{"type":"Feature","id":"_mview_admi_etablissements_administration.fid--1b6ae3e2_1a0db278384_-3cb4","geometry":{"type":"Point","coordinates":[1.07795,8.86873833]},"geometry_name":"geometry","properties":{"region_nom_bdd":"Centrale","prefecture_nom_bdd":"Tchaoudjo","commune_nom_bdd":"Tchaoudjo 2","canton_nom_bdd":"Lama-Tessi","nom_localite":"Yao Kope","etablissement_nom":"Centre d'État Civil Yao Kopé","etab_adr":"Centre d'État Civil Yao Kopé, Yao Kope, Lama-Tessi, Tchaoudjo 2","ouverture_jour":"{lundi,Mardi,Mercredi,Jeudi,Vendredi,Samedi,Dimanche}","ministere_tutelle":"MATDDT"}},{"type":"Feature","id":"_mview_admi_etablissements_administration.fid--1b6ae3e2_1a0db278384_-3cb3","geometry":{"type":"Point","coordinates":[1.13339687,8.22441383]},"geometry_name":"geometry","properties":{"region_nom_bdd":"Centrale","prefecture_nom_bdd":"Blitta","commune_nom_bdd":"Blitta 2","canton_nom_bdd":"Agbandi","nom_localite":"Agbandi","etablissement_nom":"Mairie - Commune Blitta 2","etab_adr":"Mairie - Commune Blitta 2, Agbandi, Agbandi, Blitta 2, BP02 Blitta","ouverture_jour":"{lundi,Mardi,Mercredi,Jeudi,Vendredi}","ministere_tutelle":"MATDDT"}},{"type":"Feature","id":"_mview_admi_etablissements_administration.fid--1b6ae3e2_1a0db278384_-3cb2","geometry":{"type":"Point","coordinates":[1.1342896,8.97661905]},"geometry_name":"geometry","properties":{"region_nom_bdd":"Centrale","prefecture_nom_bdd":"Tchaoudjo","commune_nom_bdd":"Tchaoudjo 1","canton_nom_bdd":"Sokodè (Komah)","nom_localite":"Komah","etablissement_nom":"Préfecture - Tchaoudjo","etab_adr":"Préfecture - Tchaoudjo, Komah, Sokodè (Komah), Tchaoudjo 1","ouverture_jour":"{lundi,Mardi,Mercredi,Jeudi,Vendredi}","ministere_tutelle":"MATDDT"}},{"type":"Feature","id":"_mview_admi_etablissements_administration.fid--1b6ae3e2_1a0db278384_-3cb1","geometry":{"type":"Point","coordinates":[1.20990174,6.27353742]},"geometry_name":"geometry","properties":{"region_nom_bdd":"Maritime","prefecture_nom_bdd":"Agoè-Nyivé","commune_nom_bdd":"Agoè-Nyivé 4","canton_nom_bdd":"Togblekope","nom_localite":"Atchanvé","etablissement_nom":"Mairie - Commune Agoè-Nyivé 4","etab_adr":"Mairie - Commune Agoè-Nyivé 4, Atchanvé, Togblekope, Agoè-Nyivé 4, 19BP274 Lomé","ouverture_jour":"{lundi,Mardi,Mercredi,Jeudi,Vendredi}","ministere_tutelle":"MATDDT"}},{"type":"Feature","id":"_mview_admi_etablissements_administration.fid--1b6ae3e2_1a0db278384_-3cb0","geometry":{"type":"Point","coordinates":[1.20767833,6.44722167]},"geometry_name":"geometry","properties":{"region_nom_bdd":"Maritime","prefecture_nom_bdd":"Zio","commune_nom_bdd":"Zio 1","canton_nom_bdd":"Tsévié","nom_localite":"Kpali","etablissement_nom":"Préfecture - Zio","etab_adr":"Préfecture - Zio, Kpali, Tsévié, Zio 1, BP13 Tsevie","ouverture_jour":"{lundi,Mardi,Mercredi,Jeudi,Vendredi}","ministere_tutelle":"MATDDT"}},{"type":"Feature","id":"_mview_admi_etablissements_administration.fid--1b6ae3e2_1a0db278384_-3caf","geometry":{"type":"Point","coordinates":[0.77615167,8.239005]},"geometry_name":"geometry","properties":{"region_nom_bdd":"Centrale","prefecture_nom_bdd":"Blitta","commune_nom_bdd":"Blitta 3","canton_nom_bdd":"M'Poti","nom_localite":"M'poti","etablissement_nom":"Centre d'État Civil Annexe M'Poti","etab_adr":"Centre d'État Civil Annexe M'Poti, M'Poti, M'Poti, Blitta 3","ouverture_jour":"{lundi,Mardi,Mercredi,Jeudi,Vendredi,Samedi,Dimanche}","ministere_tutelle":"MATDDT"}},{"type":"Feature","id":"_mview_admi_etablissements_administration.fid--1b6ae3e2_1a0db278384_-3cae","geometry":{"type":"Point","coordinates":[1.42094913,9.01878906]},"geometry_name":"geometry","properties":{"region_nom_bdd":"Centrale","prefecture_nom_bdd":"Tchamba","commune_nom_bdd":"Tchamba 1","canton_nom_bdd":"Tchamba","nom_localite":"Kitom","etablissement_nom":"Préfecture - Tchamba","etab_adr":"Préfecture - Tchamba, Kitom, Tchamba, Tchamba 1","ouverture_jour":"{lundi,Mardi,Mercredi,Jeudi,Vendredi}","ministere_tutelle":"MATDDT"}},{"type":"Feature","id":"_mview_admi_etablissements_administration.fid--1b6ae3e2_1a0db278384_-3cad","geometry":{"type":"Point","coordinates":[1.21032667,6.22452833]},"geometry_name":"geometry","properties":{"region_nom_bdd":"Maritime","prefecture_nom_bdd":"Agoè-Nyivé","commune_nom_bdd":"Agoè-Nyivé 1","canton_nom_bdd":"Agoè-Nyivé","nom_localite":"Agoe Assiyeye","etablissement_nom":"Centre d'État Civil Agoe Assiyeye","etab_adr":"Centre d'État Civil Agoe Assiyeye, Agoe Assiyeye, Agoè-Nyivé, Agoè-Nyivé 1","ouverture_jour":"{lundi,Mardi,Mercredi,Jeudi,Vendredi}","ministere_tutelle":"MATDDT"}},{"type":"Feature","id":"_mview_admi_etablissements_administration.fid--1b6ae3e2_1a0db278384_-3cac","geometry":{"type":"Point","coordinates":[1.16238326,7.30781603]},"geometry_name":"geometry","properties":{"region_nom_bdd":"Plateaux","prefecture_nom_bdd":"Ogou","commune_nom_bdd":"Ogou 3","canton_nom_bdd":"Gléi","nom_localite":"Akpaka","etablissement_nom":"Mairie - Commune Ogou 3","etab_adr":"Mairie - Commune Ogou 3, Akpaka, Gléi, Ogou 3","ouverture_jour":"{lundi,Mardi,Mercredi,Jeudi,Vendredi}","ministere_tutelle":"MATDDT"}},{"type":"Feature","id":"_mview_admi_etablissements_administration.fid--1b6ae3e2_1a0db278384_-3cab","geometry":{"type":"Point","coordinates":[0.57198141,8.78671434]},"geometry_name":"geometry","properties":{"region_nom_bdd":"Centrale","prefecture_nom_bdd":"Mô","commune_nom_bdd":"Mô 1","canton_nom_bdd":"Djarkpanga","nom_localite":"Djarkpanga","etablissement_nom":"Préfecture - Mô","etab_adr":"Préfecture - Mô, Djarkpanga, Djarkpanga, Mô 1","ouverture_jour":"{lundi,Mardi,Mercredi,Jeudi,Vendredi}","ministere_tutelle":"MATDDT"}},{"type":"Feature","id":"_mview_admi_etablissements_administration.fid--1b6ae3e2_1a0db278384_-3caa","geometry":{"type":"Point","coordinates":[1.19183394,6.18487267]},"geometry_name":"geometry","properties":{"region_nom_bdd":"Maritime","prefecture_nom_bdd":"Golfe","commune_nom_bdd":"Golfe 5","canton_nom_bdd":"Aflao-Gakli","nom_localite":"Djidjole","etablissement_nom":"Commission Electorale Locale Indépendante (CELI) - Golfe 5","etab_adr":"N/a","ouverture_jour":"{Jeudi,Mardi,Mercredi,Vendredi,lundi}","ministere_tutelle":"MATDDT"}},{"type":"Feature","id":"_mview_admi_etablissements_administration.fid--1b6ae3e2_1a0db278384_-3ca9","geometry":{"type":"Point","coordinates":[1.16506456,8.98519894]},"geometry_name":"geometry","properties":{"region_nom_bdd":"Centrale","prefecture_nom_bdd":"Tchaoudjo","commune_nom_bdd":"Tchaoudjo 1","canton_nom_bdd":"Sokodè (Komah)","nom_localite":"Salimde","etablissement_nom":"Centre d'État Civil Annexe Salimde","etab_adr":"Centre d'État Civil Annexe Salimde, Salimde, Sokodè (Komah), Tchaoudjo 1","ouverture_jour":"{Dimanche,Samedi,Vendredi,Jeudi,Mercredi,Mardi,lundi}","ministere_tutelle":"MATDDT"}},{"type":"Feature","id":"_mview_admi_etablissements_administration.fid--1b6ae3e2_1a0db278384_-3ca8","geometry":{"type":"Point","coordinates":[1.53835684,6.99028803]},"geometry_name":"geometry","properties":{"region_nom_bdd":"Plateaux","prefecture_nom_bdd":"Haho","commune_nom_bdd":"Haho 2","canton_nom_bdd":"Asrama","nom_localite":"Zokouve","etablissement_nom":"Centre d'État Civil Zokouve","etab_adr":"Centre d'État Civil Zokouve, Zokouve, Asrama, Haho 2","ouverture_jour":"{lundi,Mardi,Mercredi,Jeudi,Vendredi}","ministere_tutelle":"MATDDT"}},{"type":"Feature","id":"_mview_admi_etablissements_administration.fid--1b6ae3e2_1a0db278384_-3ca7","geometry":{"type":"Point","coordinates":[1.01502303,8.65724963]},"geometry_name":"geometry","properties":{"region_nom_bdd":"Centrale","prefecture_nom_bdd":"Sotouboua","commune_nom_bdd":"Sotouboua 2","canton_nom_bdd":"Adjengré","nom_localite":"Tetouda","etablissement_nom":"Mairie - Commune Sotouboua 2","etab_adr":"Mairie - Commune Sotouboua 2, Tetouda, Adjengré, Sotouboua 2, BP30 Adjengre","ouverture_jour":"{lundi,Mardi,Mercredi,Jeudi,Vendredi}","ministere_tutelle":"MATDDT"}},{"type":"Feature","id":"_mview_admi_etablissements_administration.fid--1b6ae3e2_1a0db278384_-3ca6","geometry":{"type":"Point","coordinates":[0.97704895,8.56611379]},"geometry_name":"geometry","properties":{"region_nom_bdd":"Centrale","prefecture_nom_bdd":"Sotouboua","commune_nom_bdd":"Sotouboua 1","canton_nom_bdd":"Sotouboua","nom_localite":"Laouwaï","etablissement_nom":"Préfecture - Sotouboua","etab_adr":"Préfecture - Sotouboua, Laouwaï, Sotouboua, Sotouboua 1, BP87 Sotouboua","ouverture_jour":"{lundi,Mardi,Mercredi,Jeudi,Vendredi}","ministere_tutelle":"MATDDT"}},{"type":"Feature","id":"_mview_admi_etablissements_administration.fid--1b6ae3e2_1a0db278384_-3ca5","geometry":{"type":"Point","coordinates":[1.71159028,6.49603233]},"geometry_name":"geometry","properties":{"region_nom_bdd":"Maritime","prefecture_nom_bdd":"Bas-Mono","commune_nom_bdd":"Bas-Mono 2","canton_nom_bdd":"Agbétiko","nom_localite":"Agbetiko","etablissement_nom":"Centre d'État Civil Agbetiko","etab_adr":"Centre d'État Civil Agbetiko, Agbetiko, Agbétiko, Bas-Mono 2","ouverture_jour":"{Vendredi,Jeudi,Mercredi,Mardi,lundi}","ministere_tutelle":"MATDDT"}},{"type":"Feature","id":"_mview_admi_etablissements_administration.fid--1b6ae3e2_1a0db278384_-3ca4","geometry":{"type":"Point","coordinates":[1.14517833,7.52037167]},"geometry_name":"geometry","properties":{"region_nom_bdd":"Plateaux","prefecture_nom_bdd":"Ogou","commune_nom_bdd":"Ogou 1","canton_nom_bdd":"Djama","nom_localite":"Quartier Des Étoiles","etablissement_nom":"Préfecture - Ogou","etab_adr":"Préfecture - Ogou, Quartier des Étoiles, Djama, Ogou 1, BP78 Atakpamé","ouverture_jour":"{lundi,Mardi,Mercredi,Jeudi,Vendredi}","ministere_tutelle":"MATDDT"}},{"type":"Feature","id":"_mview_admi_etablissements_administration.fid--1b6ae3e2_1a0db278384_-3ca3","geometry":{"type":"Point","coordinates":[1.21660026,6.18067838]},"geometry_name":"geometry","properties":{"region_nom_bdd":"Maritime","prefecture_nom_bdd":"Golfe","commune_nom_bdd":"Golfe 3","canton_nom_bdd":"Bè-Ouest","nom_localite":"Tokoin-kleve","etablissement_nom":"Primature de la République Togolaise","etab_adr":"Tokoin-Kleve","ouverture_jour":"{lundi,Vendredi,Mercredi,Mardi,Jeudi}","ministere_tutelle":"MATDDT"}},{"type":"Feature","id":"_mview_admi_etablissements_administration.fid--1b6ae3e2_1a0db278384_-3ca2","geometry":{"type":"Point","coordinates":[1.33612535,6.16995988]},"geometry_name":"geometry","properties":{"region_nom_bdd":"Maritime","prefecture_nom_bdd":"Golfe","commune_nom_bdd":"Golfe 6","canton_nom_bdd":"Baguida","nom_localite":"Baguida","etablissement_nom":"Mairie - Commune Golfe 6","etab_adr":"Mairie - Commune Golfe 6, Baguida, Baguida, Golfe 6, 12BP85 Baguida","ouverture_jour":"{lundi,Mardi,Mercredi,Jeudi,Vendredi}","ministere_tutelle":"MATDDT"}},{"type":"Feature","id":"_mview_admi_etablissements_administration.fid--1b6ae3e2_1a0db278384_-3ca1","geometry":{"type":"Point","coordinates":[1.34323141,6.17285107]},"geometry_name":"geometry","properties":{"region_nom_bdd":"Maritime","prefecture_nom_bdd":"Golfe","commune_nom_bdd":"Golfe 6","canton_nom_bdd":"Baguida","nom_localite":"Avepozo","etablissement_nom":"Mairie - Commune Golfe 6 - Annexe Avépozo","etab_adr":"Mairie - Commune Golfe 6 - Annexe Avépozo, Avepozo, Baguida, Golfe 6","ouverture_jour":"{lundi,Mardi,Mercredi,Jeudi,Vendredi}","ministere_tutelle":"MATDDT"}},{"type":"Feature","id":"_mview_admi_etablissements_administration.fid--1b6ae3e2_1a0db278384_-3ca0","geometry":{"type":"Point","coordinates":[1.43062639,6.30211473]},"geometry_name":"geometry","properties":{"region_nom_bdd":"Maritime","prefecture_nom_bdd":"Vo","commune_nom_bdd":"Vo 4","canton_nom_bdd":"Sévagan","nom_localite":"Sevagan","etablissement_nom":"Centre d'État Civil Sevagan","etab_adr":"Centre d'État Civil Sevagan, Sevagan, Sévagan, Vo 4","ouverture_jour":"{Mercredi,lundi,Mardi,Jeudi,Vendredi}","ministere_tutelle":"MATDDT"}},{"type":"Feature","id":"_mview_admi_etablissements_administration.fid--1b6ae3e2_1a0db278384_-3c9f","geometry":{"type":"Point","coordinates":[1.29757673,7.93680377]},"geometry_name":"geometry","properties":{"region_nom_bdd":"Plateaux","prefecture_nom_bdd":"Est-Mono","commune_nom_bdd":"Est-Mono 1","canton_nom_bdd":"Elavagnon","nom_localite":"Sama Cope","etablissement_nom":"Centre d'État Civil Annexe Sama Cope","etab_adr":"Centre d'État Civil Annexe Sama Cope, Sama Cope, Elavagnon, Est-Mono 1","ouverture_jour":"{lundi,Mardi,Mercredi,Jeudi,Vendredi}","ministere_tutelle":"MATDDT"}},{"type":"Feature","id":"_mview_admi_etablissements_administration.fid--1b6ae3e2_1a0db278384_-3c9e","geometry":{"type":"Point","coordinates":[1.18925871,7.86216625]},"geometry_name":"geometry","properties":{"region_nom_bdd":"Plateaux","prefecture_nom_bdd":"Anié","commune_nom_bdd":"Anié 1","canton_nom_bdd":"Anié","nom_localite":"Agodjololo","etablissement_nom":"Centre d'État Civil Annexe Agodjololo","etab_adr":"Centre d'État Civil Annexe Agodjololo, Agodjololo, Anié, Anié 1","ouverture_jour":"{lundi,Mardi,Mercredi,Jeudi,Vendredi}","ministere_tutelle":"MATDDT"}},{"type":"Feature","id":"_mview_admi_etablissements_administration.fid--1b6ae3e2_1a0db278384_-3c9d","geometry":{"type":"Point","coordinates":[1.11636667,9.76426]},"geometry_name":"geometry","properties":{"region_nom_bdd":"Kara","prefecture_nom_bdd":"Doufelgou","commune_nom_bdd":"Doufelgou 1","canton_nom_bdd":"Niamtougou","nom_localite":"Niamtougou","etablissement_nom":"Préfecture - Doufelgou","etab_adr":"Préfecture - Doufelgou, Niamtougou, Niamtougou, Doufelgou 1, BP86 Niamtougou","ouverture_jour":"{Vendredi,Jeudi,Mercredi,Mardi,lundi}","ministere_tutelle":"MATDDT"}},{"type":"Feature","id":"_mview_admi_etablissements_administration.fid--1b6ae3e2_1a0db278384_-3c9c","geometry":{"type":"Point","coordinates":[0.88487989,8.20955579]},"geometry_name":"geometry","properties":{"region_nom_bdd":"Centrale","prefecture_nom_bdd":"Blitta","commune_nom_bdd":"Blitta 3","canton_nom_bdd":"Pagala-Village","nom_localite":"Sokou","etablissement_nom":"Centre d'État Civil Annexe Pagala_Village","etab_adr":"Centre d'État Civil Annexe Pagala_Village, Sokou, Pagala-Village, Blitta 3","ouverture_jour":"{lundi,Mardi,Mercredi,Jeudi,Vendredi}","ministere_tutelle":"MATDDT"}},{"type":"Feature","id":"_mview_admi_etablissements_administration.fid--1b6ae3e2_1a0db278384_-3c9b","geometry":{"type":"Point","coordinates":[0.810165,8.19056667]},"geometry_name":"geometry","properties":{"region_nom_bdd":"Centrale","prefecture_nom_bdd":"Blitta","commune_nom_bdd":"Blitta 3","canton_nom_bdd":"Tchifama","nom_localite":"Lomnava","etablissement_nom":"Centre d'État Civil Annexe Tchifama","etab_adr":"Centre d'État Civil Annexe Tchifama, Lomnava, Tchifama, Blitta 3","ouverture_jour":"{lundi,Mardi,Mercredi,Jeudi,Vendredi,Samedi,Dimanche}","ministere_tutelle":"MATDDT"}},{"type":"Feature","id":"_mview_admi_etablissements_administration.fid--1b6ae3e2_1a0db278384_-3c9a","geometry":{"type":"Point","coordinates":[0.4476476,10.29043588]},"geometry_name":"geometry","properties":{"region_nom_bdd":"Savanes","prefecture_nom_bdd":"Oti","commune_nom_bdd":"Oti 1","canton_nom_bdd":"Sadori","nom_localite":"Sadori-centre","etablissement_nom":"Centre d'État Civil Annexe Sadori Oti 1","etab_adr":"Centre d'État Civil Annexe Sadori Oti 1, Sadori-Centre, Sadori, Oti 1","ouverture_jour":"{lundi,Mardi,Mercredi,Jeudi,Vendredi}","ministere_tutelle":"MATDDT"}},{"type":"Feature","id":"_mview_admi_etablissements_administration.fid--1b6ae3e2_1a0db278384_-3c99","geometry":{"type":"Point","coordinates":[0.43151972,10.64055887]},"geometry_name":"geometry","properties":{"region_nom_bdd":"Savanes","prefecture_nom_bdd":"Oti","commune_nom_bdd":"Oti 2","canton_nom_bdd":"Nagbéni","nom_localite":"Tamonga","etablissement_nom":"Centre d'État Civil Annexe Tamonga Oti 2","etab_adr":"Centre d'État Civil Annexe Tamonga Oti 2, Tamonga, Nagbéni, Oti 2","ouverture_jour":"{lundi,Mardi,Mercredi,Jeudi,Vendredi}","ministere_tutelle":"MATDDT"}},{"type":"Feature","id":"_mview_admi_etablissements_administration.fid--1b6ae3e2_1a0db278384_-3c98","geometry":{"type":"Point","coordinates":[0.46441576,10.68077965]},"geometry_name":"geometry","properties":{"region_nom_bdd":"Savanes","prefecture_nom_bdd":"Oti","commune_nom_bdd":"Oti 2","canton_nom_bdd":"Nagbéni","nom_localite":"Odjibonle","etablissement_nom":"Centre d'État Civil Annexe Odjibonle Oti 2","etab_adr":"Centre d'État Civil Annexe Odjibonle Oti 2, Odjibonle, Nagbéni, Oti 2","ouverture_jour":"{lundi,Mardi,Mercredi,Jeudi,Vendredi}","ministere_tutelle":"MATDDT"}},{"type":"Feature","id":"_mview_admi_etablissements_administration.fid--1b6ae3e2_1a0db278384_-3c97","geometry":{"type":"Point","coordinates":[0.44613167,10.35129]},"geometry_name":"geometry","properties":{"region_nom_bdd":"Savanes","prefecture_nom_bdd":"Oti","commune_nom_bdd":"Oti 1","canton_nom_bdd":"Mango","nom_localite":"Magna","etablissement_nom":"Centre d'État Civil Annexe Magna Oti 1","etab_adr":"Centre d'État Civil Annexe Magna Oti 1, Magna, Mango, Oti 1","ouverture_jour":"{lundi,Mardi,Mercredi,Jeudi,Vendredi}","ministere_tutelle":"MATDDT"}},{"type":"Feature","id":"_mview_admi_etablissements_administration.fid--1b6ae3e2_1a0db278384_-3c96","geometry":{"type":"Point","coordinates":[0.47239293,10.57474747]},"geometry_name":"geometry","properties":{"region_nom_bdd":"Savanes","prefecture_nom_bdd":"Oti","commune_nom_bdd":"Oti 2","canton_nom_bdd":"Nagbéni","nom_localite":"Nagbeni","etablissement_nom":"Centre d'État Civil Annexe Nagbeni Oti 2","etab_adr":"Centre d'État Civil Annexe Nagbeni Oti 2, Nagbeni, Nagbéni, Oti 2","ouverture_jour":"{lundi,Mardi,Mercredi,Jeudi,Vendredi}","ministere_tutelle":"MATDDT"}},{"type":"Feature","id":"_mview_admi_etablissements_administration.fid--1b6ae3e2_1a0db278384_-3c95","geometry":{"type":"Point","coordinates":[0.32700667,10.61673]},"geometry_name":"geometry","properties":{"region_nom_bdd":"Savanes","prefecture_nom_bdd":"Tandjoaré","commune_nom_bdd":"Tandjoaré 1","canton_nom_bdd":"Boulogou","nom_localite":"Dankour","etablissement_nom":"Centre d'État Civil Annexe Dankour Oti 2","etab_adr":"Centre d'État Civil Annexe Dankour Oti 2, Dankour, Boulogou, Tandjoaré 1","ouverture_jour":"{lundi,Mardi,Jeudi,Mercredi,Vendredi}","ministere_tutelle":"MATDDT"}},{"type":"Feature","id":"_mview_admi_etablissements_administration.fid--1b6ae3e2_1a0db278384_-3c94","geometry":{"type":"Point","coordinates":[0.5701936,10.67101135]},"geometry_name":"geometry","properties":{"region_nom_bdd":"Savanes","prefecture_nom_bdd":"Oti","commune_nom_bdd":"Oti 2","canton_nom_bdd":"Nagbéni","nom_localite":"Tchanaga","etablissement_nom":"Centre d'État Civil Annexe Tchanaga Oti 2","etab_adr":"Centre d'État Civil Annexe Tchanaga Oti 2, Tchanaga, Nagbéni, Oti 2","ouverture_jour":"{lundi,Mardi,Mercredi,Vendredi,Jeudi,Samedi}","ministere_tutelle":"MATDDT"}},{"type":"Feature","id":"_mview_admi_etablissements_administration.fid--1b6ae3e2_1a0db278384_-3c93","geometry":{"type":"Point","coordinates":[1.16737667,6.97309167]},"geometry_name":"geometry","properties":{"region_nom_bdd":"Plateaux","prefecture_nom_bdd":"Haho","commune_nom_bdd":"Haho 3","canton_nom_bdd":"Kpédomé","nom_localite":"Dougnon","etablissement_nom":"Mairie - Commune Haho 3","etab_adr":"Mairie - Commune Haho 3, Dougnon, Kpédomé, Haho 3, BP81","ouverture_jour":"{lundi,Mardi,Mercredi,Jeudi,Vendredi}","ministere_tutelle":"MATDDT"}},{"type":"Feature","id":"_mview_admi_etablissements_administration.fid--1b6ae3e2_1a0db278384_-3c92","geometry":{"type":"Point","coordinates":[1.55093432,6.4447569]},"geometry_name":"geometry","properties":{"region_nom_bdd":"Maritime","prefecture_nom_bdd":"Vo","commune_nom_bdd":"Vo 3","canton_nom_bdd":"Dzrékpo","nom_localite":"Atsansi-agbopeme","etablissement_nom":"Centre d'État Civil Mome","etab_adr":"Centre d'État Civil Mome, Atsansi-Agbopeme, Dzrékpo, Vo 3","ouverture_jour":"{lundi,Mardi,Mercredi,Jeudi,Vendredi,Samedi}","ministere_tutelle":"MATDDT"}},{"type":"Feature","id":"_mview_admi_etablissements_administration.fid--1b6ae3e2_1a0db278384_-3c91","geometry":{"type":"Point","coordinates":[0.67010301,8.77141519]},"geometry_name":"geometry","properties":{"region_nom_bdd":"Centrale","prefecture_nom_bdd":"Mô","commune_nom_bdd":"Mô 1","canton_nom_bdd":"Boulohou","nom_localite":"Agbande","etablissement_nom":"Centre d'État Civil Annexe Agbande","etab_adr":"Centre d'État Civil Annexe Agbande, Agbande, Boulohou, Mô 1","ouverture_jour":"{lundi,Mardi,Mercredi,Jeudi,Vendredi}","ministere_tutelle":"MATDDT"}},{"type":"Feature","id":"_mview_admi_etablissements_administration.fid--1b6ae3e2_1a0db278384_-3c90","geometry":{"type":"Point","coordinates":[1.26249718,7.95001583]},"geometry_name":"geometry","properties":{"region_nom_bdd":"Plateaux","prefecture_nom_bdd":"Est-Mono","commune_nom_bdd":"Est-Mono 1","canton_nom_bdd":"Elavagnon","nom_localite":"Landa","etablissement_nom":"Centre d'État Civil Annexe landa","etab_adr":"Centre d'État Civil Annexe landa, Landa, Elavagnon, Est-Mono 1","ouverture_jour":"{lundi,Mardi,Mercredi,Jeudi,Vendredi}","ministere_tutelle":"MATDDT"}},{"type":"Feature","id":"_mview_admi_etablissements_administration.fid--1b6ae3e2_1a0db278384_-3c8f","geometry":{"type":"Point","coordinates":[0.65853552,8.00298432]},"geometry_name":"geometry","properties":{"region_nom_bdd":"Centrale","prefecture_nom_bdd":"Blitta","commune_nom_bdd":"Blitta 3","canton_nom_bdd":"Atchintsè","nom_localite":"Assoukoko","etablissement_nom":"Centre d'État Civil Annexe Assoukoko","etab_adr":"Centre d'État Civil Annexe Assoukoko, Assoukoko, Atchintsè, Blitta 3","ouverture_jour":"{lundi,Mardi,Mercredi,Jeudi,Vendredi}","ministere_tutelle":"MATDDT"}},{"type":"Feature","id":"_mview_admi_etablissements_administration.fid--1b6ae3e2_1a0db278384_-3c8e","geometry":{"type":"Point","coordinates":[0.35677455,10.50521415]},"geometry_name":"geometry","properties":{"region_nom_bdd":"Savanes","prefecture_nom_bdd":"Oti","commune_nom_bdd":"Oti 2","canton_nom_bdd":"Galangashie","nom_localite":"Galangashie","etablissement_nom":"Centre d'État Civil Annexe Galangashie Oti 2","etab_adr":"Centre d'État Civil Annexe Galangashie Oti 2, Galangashie, Galangashie, Oti 2","ouverture_jour":"{lundi,Mardi,Mercredi,Jeudi,Vendredi}","ministere_tutelle":"MATDDT"}},{"type":"Feature","id":"_mview_admi_etablissements_administration.fid--1b6ae3e2_1a0db278384_-3c8d","geometry":{"type":"Point","coordinates":[0.31660309,10.58900044]},"geometry_name":"geometry","properties":{"region_nom_bdd":"Savanes","prefecture_nom_bdd":"Oti","commune_nom_bdd":"Oti 2","canton_nom_bdd":"Barkoissi","nom_localite":"Nassiegou","etablissement_nom":"Centre d'État Civil Annexe Nassiegou Oti 2","etab_adr":"Centre d'État Civil Annexe Nassiegou Oti 2, Nassiegou, Barkoissi, Oti 2","ouverture_jour":"{lundi,Mardi,Mercredi,Jeudi,Vendredi,Samedi}","ministere_tutelle":"MATDDT"}},{"type":"Feature","id":"_mview_admi_etablissements_administration.fid--1b6ae3e2_1a0db278384_-3c8c","geometry":{"type":"Point","coordinates":[1.50496085,6.43781495]},"geometry_name":"geometry","properties":{"region_nom_bdd":"Maritime","prefecture_nom_bdd":"Vo","commune_nom_bdd":"Vo 3","canton_nom_bdd":"Dagbati","nom_localite":"Agotekpe","etablissement_nom":"Centre d'État Civil Dagbati","etab_adr":"Centre d'État Civil Dagbati, Agotekpe, Dagbati, Vo 3","ouverture_jour":"{Mercredi,Samedi}","ministere_tutelle":"MATDDT"}},{"type":"Feature","id":"_mview_admi_etablissements_administration.fid--1b6ae3e2_1a0db278384_-3c8b","geometry":{"type":"Point","coordinates":[1.60717267,6.41661119]},"geometry_name":"geometry","properties":{"region_nom_bdd":"Maritime","prefecture_nom_bdd":"Bas-Mono","commune_nom_bdd":"Bas-Mono 1","canton_nom_bdd":"Afagnan-Gbléta","nom_localite":"Zooti-centre","etablissement_nom":"Centre d'État Civil Vogan","etab_adr":"Centre d'État Civil Vogan, Zooti-Centre, Afagnan-Gbléta, Bas-Mono 1","ouverture_jour":"{Mercredi}","ministere_tutelle":"MATDDT"}},{"type":"Feature","id":"_mview_admi_etablissements_administration.fid--1b6ae3e2_1a0db278384_-3c8a","geometry":{"type":"Point","coordinates":[1.18397485,7.76251908]},"geometry_name":"geometry","properties":{"region_nom_bdd":"Plateaux","prefecture_nom_bdd":"Anié","commune_nom_bdd":"Anié 1","canton_nom_bdd":"Anié","nom_localite":"Tchikoyo","etablissement_nom":"Centre d'État Civil Annexe Tchikoyo","etab_adr":"Centre d'État Civil Annexe Tchikoyo, Tchikoyo, Anié, Anié 1","ouverture_jour":"{lundi,Mardi,Mercredi,Jeudi,Vendredi}","ministere_tutelle":"MATDDT"}},{"type":"Feature","id":"_mview_admi_etablissements_administration.fid--1b6ae3e2_1a0db278384_-3c89","geometry":{"type":"Point","coordinates":[0.278246,10.55043584]},"geometry_name":"geometry","properties":{"region_nom_bdd":"Savanes","prefecture_nom_bdd":"Oti","commune_nom_bdd":"Oti 2","canton_nom_bdd":"Loko","nom_localite":"Kerekele","etablissement_nom":"Centre d'État Civil Annexe Kerekete Oti 2","etab_adr":"Centre d'État Civil Annexe Kerekete Oti 2, Kerekele, Barkoissi, Oti 2","ouverture_jour":"{lundi,Mardi,Mercredi,Jeudi,Vendredi}","ministere_tutelle":"MATDDT"}},{"type":"Feature","id":"_mview_admi_etablissements_administration.fid--1b6ae3e2_1a0db278384_-3c88","geometry":{"type":"Point","coordinates":[0.90609523,7.46910713]},"geometry_name":"geometry","properties":{"region_nom_bdd":"Plateaux","prefecture_nom_bdd":"Amou","commune_nom_bdd":"Amou 1","canton_nom_bdd":"Amlamé (Ouma)","nom_localite":"Amlamé","etablissement_nom":"Préfecture - Amou","etab_adr":"Préfecture - Amou, Amlamé, Amlamé (Ouma), Amou 1","ouverture_jour":"{lundi,Mardi,Mercredi,Jeudi,Vendredi}","ministere_tutelle":"MATDDT"}},{"type":"Feature","id":"_mview_admi_etablissements_administration.fid--1b6ae3e2_1a0db278384_-3c87","geometry":{"type":"Point","coordinates":[1.56148977,6.44118524]},"geometry_name":"geometry","properties":{"region_nom_bdd":"Maritime","prefecture_nom_bdd":"Vo","commune_nom_bdd":"Vo 3","canton_nom_bdd":"Dzrékpo","nom_localite":"Avegluidjigan","etablissement_nom":"Centre d'État Civil Mome","etab_adr":"Centre d'État Civil Mome, Avegluidjigan, Dzrékpo, Vo 3","ouverture_jour":"{lundi,Mardi,Mercredi,Jeudi,Vendredi,Samedi}","ministere_tutelle":"MATDDT"}},{"type":"Feature","id":"_mview_admi_etablissements_administration.fid--1b6ae3e2_1a0db278384_-3c86","geometry":{"type":"Point","coordinates":[1.51368196,6.62365999]},"geometry_name":"geometry","properties":{"region_nom_bdd":"Maritime","prefecture_nom_bdd":"Yoto","commune_nom_bdd":"Yoto 1","canton_nom_bdd":"Amoussimé","nom_localite":"Amoussime","etablissement_nom":"Centre d'État Civil Amoussime","etab_adr":"Centre d'État Civil Amoussime, Amoussime, Amoussimé, Yoto 1","ouverture_jour":"{lundi,Mardi,Mercredi,Jeudi,Vendredi}","ministere_tutelle":"MATDDT"}},{"type":"Feature","id":"_mview_admi_etablissements_administration.fid--1b6ae3e2_1a0db278384_-3c85","geometry":{"type":"Point","coordinates":[0.37667537,10.61315352]},"geometry_name":"geometry","properties":{"region_nom_bdd":"Savanes","prefecture_nom_bdd":"Oti","commune_nom_bdd":"Oti 2","canton_nom_bdd":"Barkoissi","nom_localite":"Biaga","etablissement_nom":"Centre d'État Civil Annexe Biaga Oti 2","etab_adr":"Centre d'État Civil Annexe Biaga Oti 2, Biaga, Barkoissi, Oti 2","ouverture_jour":"{lundi,Mardi,Mercredi,Jeudi,Vendredi}","ministere_tutelle":"MATDDT"}},{"type":"Feature","id":"_mview_admi_etablissements_administration.fid--1b6ae3e2_1a0db278384_-3c84","geometry":{"type":"Point","coordinates":[0.32377102,10.49561876]},"geometry_name":"geometry","properties":{"region_nom_bdd":"Savanes","prefecture_nom_bdd":"Oti","commune_nom_bdd":"Oti 2","canton_nom_bdd":"Galangashie","nom_localite":"Loko","etablissement_nom":"Centre d'État Civil Annexe loko Oti 2","etab_adr":"Centre d'État Civil Annexe loko Oti 2, Loko, Galangashie, Oti 2","ouverture_jour":"{lundi,Mardi,Mercredi,Jeudi,Vendredi}","ministere_tutelle":"MATDDT"}},{"type":"Feature","id":"_mview_admi_etablissements_administration.fid--1b6ae3e2_1a0db278384_-3c83","geometry":{"type":"Point","coordinates":[0.35511911,10.69608177]},"geometry_name":"geometry","properties":{"region_nom_bdd":"Savanes","prefecture_nom_bdd":"Oti","commune_nom_bdd":"Oti 2","canton_nom_bdd":"Nagbéni","nom_localite":"Kankangou","etablissement_nom":"Centre d'État Civil Annexe Kankangou Oti 2","etab_adr":"Centre d'État Civil Annexe Kankangou Oti 2, Kankangou, Nagbéni, Oti 2","ouverture_jour":"{lundi,Mardi,Mercredi,Jeudi,Vendredi,Samedi}","ministere_tutelle":"MATDDT"}},{"type":"Feature","id":"_mview_admi_etablissements_administration.fid--1b6ae3e2_1a0db278384_-3c82","geometry":{"type":"Point","coordinates":[1.52451714,6.34794554]},"geometry_name":"geometry","properties":{"region_nom_bdd":"Maritime","prefecture_nom_bdd":"Vo","commune_nom_bdd":"Vo 1","canton_nom_bdd":"Vogan","nom_localite":"Vogan","etablissement_nom":"Centre d'État Civil Annexe Vogan","etab_adr":"Centre d'État Civil Annexe Vogan, Vogan, Vogan, Vo 1","ouverture_jour":"{Mardi,Jeudi,lundi,Mercredi,Vendredi}","ministere_tutelle":"MATDDT"}},{"type":"Feature","id":"_mview_admi_etablissements_administration.fid--1b6ae3e2_1a0db278384_-3c81","geometry":{"type":"Point","coordinates":[1.24828191,7.40663706]},"geometry_name":"geometry","properties":{"region_nom_bdd":"Plateaux","prefecture_nom_bdd":"Ogou","commune_nom_bdd":"Ogou 2","canton_nom_bdd":"Katoré","nom_localite":"Kpakpo","etablissement_nom":"Centre d'État Civil Annexe Kpakpo","etab_adr":"Centre d'État Civil Annexe Kpakpo, Kpakpo, Katoré, Ogou 2","ouverture_jour":"{lundi,Mardi,Mercredi,Jeudi,Vendredi}","ministere_tutelle":"MATDDT"}},{"type":"Feature","id":"_mview_admi_etablissements_administration.fid--1b6ae3e2_1a0db278384_-3c80","geometry":{"type":"Point","coordinates":[1.16174499,7.43437068]},"geometry_name":"geometry","properties":{"region_nom_bdd":"Plateaux","prefecture_nom_bdd":"Ogou","commune_nom_bdd":"Ogou 2","canton_nom_bdd":"Datcha","nom_localite":"Datcha","etablissement_nom":"Centre d'État Civil Annexe Datcha","etab_adr":"Centre d'État Civil Annexe Datcha, Datcha, Datcha, Ogou 2","ouverture_jour":"{lundi,Mardi,Mercredi,Jeudi,Vendredi}","ministere_tutelle":"MATDDT"}},{"type":"Feature","id":"_mview_admi_etablissements_administration.fid--1b6ae3e2_1a0db278384_-3c7f","geometry":{"type":"Point","coordinates":[1.62505667,7.87589833]},"geometry_name":"geometry","properties":{"region_nom_bdd":"Plateaux","prefecture_nom_bdd":"Anié","commune_nom_bdd":"Anié 2","canton_nom_bdd":"Adogbénou","nom_localite":"Agbota","etablissement_nom":"Centre d'État Civil Annexe Agbota","etab_adr":"Centre d'État Civil Annexe Agbota, Agbota, Adogbénou, Anié 2","ouverture_jour":"{lundi,Mardi,Mercredi,Jeudi,Vendredi,Samedi}","ministere_tutelle":"MATDDT"}},{"type":"Feature","id":"_mview_admi_etablissements_administration.fid--1b6ae3e2_1a0db278384_-3c7e","geometry":{"type":"Point","coordinates":[1.60290333,7.81552]},"geometry_name":"geometry","properties":{"region_nom_bdd":"Plateaux","prefecture_nom_bdd":"Anié","commune_nom_bdd":"Anié 2","canton_nom_bdd":"Adogbénou","nom_localite":"Afole","etablissement_nom":"Centre d'État Civil Annexe Afole","etab_adr":"Centre d'État Civil Annexe Afole, Afole, Adogbénou, Anié 2","ouverture_jour":"{lundi,Mercredi,Vendredi}","ministere_tutelle":"MATDDT"}},{"type":"Feature","id":"_mview_admi_etablissements_administration.fid--1b6ae3e2_1a0db278384_-3c7d","geometry":{"type":"Point","coordinates":[1.01518833,8.34707]},"geometry_name":"geometry","properties":{"region_nom_bdd":"Centrale","prefecture_nom_bdd":"Blitta","commune_nom_bdd":"Blitta 1","canton_nom_bdd":"Blitta-Village","nom_localite":"Blitta Carrefour","etablissement_nom":"Centre d'État Civil Annexe Blitta-Carrefour","etab_adr":"Centre d'État Civil Annexe Blitta-Carrefour, Blitta Carrefour, Blitta-Village, Blitta 1","ouverture_jour":"{lundi,Mardi,Mercredi,Jeudi,Vendredi}","ministere_tutelle":"MATDDT"}},{"type":"Feature","id":"_mview_admi_etablissements_administration.fid--1b6ae3e2_1a0db278384_-3c7c","geometry":{"type":"Point","coordinates":[0.20310736,10.8598888]},"geometry_name":"geometry","properties":{"region_nom_bdd":"Savanes","prefecture_nom_bdd":"Tône","commune_nom_bdd":"Tône 1","canton_nom_bdd":"Dapaong","nom_localite":"Didagou","etablissement_nom":"Préfecture - Tone","etab_adr":"Préfecture - Tone, Didagou, Dapaong, Tône 1, BP02 Dapaong","ouverture_jour":"{lundi,Mardi,Mercredi,Jeudi,Vendredi}","ministere_tutelle":"MATDDT"}},{"type":"Feature","id":"_mview_admi_etablissements_administration.fid--1b6ae3e2_1a0db278384_-3c7b","geometry":{"type":"Point","coordinates":[1.66060458,6.42384641]},"geometry_name":"geometry","properties":{"region_nom_bdd":"Maritime","prefecture_nom_bdd":"Bas-Mono","commune_nom_bdd":"Bas-Mono 2","canton_nom_bdd":"Attitogon","nom_localite":"Attitogon","etablissement_nom":"Mairie - Commune Bas-Mono 2","etab_adr":"Mairie - Commune Bas-Mono 2, Attitogon, Attitogon, Bas-Mono 2, BP117 Afagnan","ouverture_jour":"{lundi,Jeudi,Vendredi,Mercredi,Mardi}","ministere_tutelle":"MATDDT"}},{"type":"Feature","id":"_mview_admi_etablissements_administration.fid--1b6ae3e2_1a0db278384_-3c7a","geometry":{"type":"Point","coordinates":[0.20292685,10.8641093]},"geometry_name":"geometry","properties":{"region_nom_bdd":"Savanes","prefecture_nom_bdd":"Tône","commune_nom_bdd":"Tône 1","canton_nom_bdd":"Dapaong","nom_localite":"Dapaong","etablissement_nom":"Mairie - Commune Tône 1","etab_adr":"Mairie - Commune Tône 1, Dapaong, Dapaong, Tône 1, BP99","ouverture_jour":"{lundi,Mardi,Mercredi,Jeudi,Vendredi}","ministere_tutelle":"MATDDT"}},{"type":"Feature","id":"_mview_admi_etablissements_administration.fid--1b6ae3e2_1a0db278384_-3c79","geometry":{"type":"Point","coordinates":[0.34926863,10.5013629]},"geometry_name":"geometry","properties":{"region_nom_bdd":"Savanes","prefecture_nom_bdd":"Oti","commune_nom_bdd":"Oti 2","canton_nom_bdd":"Galangashie","nom_localite":"Nambouessou","etablissement_nom":"Centre d'État Civil Annexe Nambouessou Oti 2","etab_adr":"Centre d'État Civil Annexe Nambouessou Oti 2, Nambouessou, Galangashie, Oti 2","ouverture_jour":"{lundi,Mardi,Mercredi,Jeudi,Vendredi}","ministere_tutelle":"MATDDT"}},{"type":"Feature","id":"_mview_admi_etablissements_administration.fid--1b6ae3e2_1a0db278384_-3c78","geometry":{"type":"Point","coordinates":[0.80766187,7.28946734]},"geometry_name":"geometry","properties":{"region_nom_bdd":"Plateaux","prefecture_nom_bdd":"Amou","commune_nom_bdd":"Amou 2","canton_nom_bdd":"Sodo","nom_localite":"Kpelé-elé","etablissement_nom":"Mairie - Commune Amou 2 - Annexe","etab_adr":"Mairie - Commune Amou 2 - Annexe, Kpelé-Elé, Sodo, Amou 2","ouverture_jour":"{lundi,Mardi,Mercredi,Jeudi,Vendredi}","ministere_tutelle":"MATDDT"}},{"type":"Feature","id":"_mview_admi_etablissements_administration.fid--1b6ae3e2_1a0db278384_-3c77","geometry":{"type":"Point","coordinates":[1.55572,6.24650333]},"geometry_name":"geometry","properties":{"region_nom_bdd":"Maritime","prefecture_nom_bdd":"Vo","commune_nom_bdd":"Vo 2","canton_nom_bdd":"Anyron-Kopé","nom_localite":"Keta Akoda","etablissement_nom":"Centre d'État Civil Keta Akoda","etab_adr":"Centre d'État Civil Keta Akoda, Keta Akoda, Anyron-Kopé, Vo 2","ouverture_jour":"{lundi,Mardi,Mercredi,Jeudi,Vendredi}","ministere_tutelle":"MATDDT"}},{"type":"Feature","id":"_mview_admi_etablissements_administration.fid--1b6ae3e2_1a0db278384_-3c76","geometry":{"type":"Point","coordinates":[0.39339333,10.17986833]},"geometry_name":"geometry","properties":{"region_nom_bdd":"Savanes","prefecture_nom_bdd":"Oti","commune_nom_bdd":"Oti 1","canton_nom_bdd":"Faré","nom_localite":"Fare-centre","etablissement_nom":"Centre d'État Civil Annexe Fare Oti 1","etab_adr":"Centre d'État Civil Annexe Fare Oti 1, Fare-Centre, Faré, Oti 1","ouverture_jour":"{lundi,Mardi,Mercredi,Jeudi,Vendredi}","ministere_tutelle":"MATDDT"}},{"type":"Feature","id":"_mview_admi_etablissements_administration.fid--1b6ae3e2_1a0db278384_-3c75","geometry":{"type":"Point","coordinates":[1.624195,7.32899333]},"geometry_name":"geometry","properties":{"region_nom_bdd":"Plateaux","prefecture_nom_bdd":"Moyen-Mono","commune_nom_bdd":"Moyen-Mono 2","canton_nom_bdd":"Kpékplémé","nom_localite":"Kpekpleme","etablissement_nom":"Mairie - Commune Moyen-Mono 2","etab_adr":"Mairie - Commune Moyen-Mono 2, Kpekpleme, Kpékplémé, Moyen-Mono 2","ouverture_jour":"{lundi,Mardi,Mercredi,Jeudi,Vendredi}","ministere_tutelle":"MATDDT"}},{"type":"Feature","id":"_mview_admi_etablissements_administration.fid--1b6ae3e2_1a0db278384_-3c74","geometry":{"type":"Point","coordinates":[0.97971426,8.32401671]},"geometry_name":"geometry","properties":{"region_nom_bdd":"Centrale","prefecture_nom_bdd":"Blitta","commune_nom_bdd":"Blitta 1","canton_nom_bdd":"Blitta","nom_localite":"Blitta Gare","etablissement_nom":"Mairie - Commune Blitta 1","etab_adr":"Mairie - Commune Blitta 1, Blitta Gare, Blitta, Blitta 1, BP01 Blitta","ouverture_jour":"{Vendredi,Jeudi,Mercredi,Mardi,lundi}","ministere_tutelle":"MATDDT"}},{"type":"Feature","id":"_mview_admi_etablissements_administration.fid--1b6ae3e2_1a0db278384_-3c73","geometry":{"type":"Point","coordinates":[1.19185667,7.782205]},"geometry_name":"geometry","properties":{"region_nom_bdd":"Plateaux","prefecture_nom_bdd":"Anié","commune_nom_bdd":"Anié 1","canton_nom_bdd":"Anié","nom_localite":"Anie","etablissement_nom":"Commission Electorale Locale Indépendante (CELI) - Anie","etab_adr":"Commission Electorale Locale Indépendante (CELI) - Anie, Anie, Anié, Anié 1","ouverture_jour":"{lundi,Mardi,Mercredi,Jeudi,Vendredi}","ministere_tutelle":"MATDDT"}},{"type":"Feature","id":"_mview_admi_etablissements_administration.fid--1b6ae3e2_1a0db278384_-3c72","geometry":{"type":"Point","coordinates":[0.19958563,10.67220783]},"geometry_name":"geometry","properties":{"region_nom_bdd":"Savanes","prefecture_nom_bdd":"Tandjoaré","commune_nom_bdd":"Tandjoaré 1","canton_nom_bdd":"Nandoga","nom_localite":"Landodani","etablissement_nom":"Préfecture - Tandjouaré","etab_adr":"Préfecture - Tandjouaré, Landodani, Nandoga, Tandjoaré 1, BP01","ouverture_jour":"{lundi,Mardi,Mercredi,Jeudi,Vendredi}","ministere_tutelle":"MATDDT"}},{"type":"Feature","id":"_mview_admi_etablissements_administration.fid--1b6ae3e2_1a0db278384_-3c71","geometry":{"type":"Point","coordinates":[1.08307,10.13315833]},"geometry_name":"geometry","properties":{"region_nom_bdd":"Kara","prefecture_nom_bdd":"Kéran","commune_nom_bdd":"Kéran 3","canton_nom_bdd":"Nadoba","nom_localite":"Nadoba","etablissement_nom":"Mairie - Commune Kéran 3","etab_adr":"Mairie - Commune Kéran 3, Nadoba, Nadoba, Kéran 3, BP80","ouverture_jour":"{lundi,Mardi,Mercredi,Jeudi,Vendredi}","ministere_tutelle":"MATDDT"}},{"type":"Feature","id":"_mview_admi_etablissements_administration.fid--1b6ae3e2_1a0db278384_-3c70","geometry":{"type":"Point","coordinates":[1.1175838,8.68958824]},"geometry_name":"geometry","properties":{"region_nom_bdd":"Centrale","prefecture_nom_bdd":"Sotouboua","commune_nom_bdd":"Sotouboua 2","canton_nom_bdd":"Aouda","nom_localite":"Haloukpaboundou","etablissement_nom":"Centre d'État Civil Annexe Haloukpaboundou","etab_adr":"Centre d'État Civil Annexe Haloukpaboundou, Haloukpaboundou, Aouda, Sotouboua 2","ouverture_jour":"{Vendredi,Jeudi,Mercredi,Mardi,lundi}","ministere_tutelle":"MATDDT"}},{"type":"Feature","id":"_mview_admi_etablissements_administration.fid--1b6ae3e2_1a0db278384_-3c6f","geometry":{"type":"Point","coordinates":[1.02024644,8.66169304]},"geometry_name":"geometry","properties":{"region_nom_bdd":"Centrale","prefecture_nom_bdd":"Sotouboua","commune_nom_bdd":"Sotouboua 2","canton_nom_bdd":"Adjengré","nom_localite":"Soutouboua","etablissement_nom":"Centre d'État Civil Annexe Zongo","etab_adr":"Centre d'État Civil Annexe Zongo, Soutouboua, Adjengré, Sotouboua 2","ouverture_jour":"{Jeudi,lundi,Mardi,Mercredi,Vendredi}","ministere_tutelle":"MATDDT"}},{"type":"Feature","id":"_mview_admi_etablissements_administration.fid--1b6ae3e2_1a0db278384_-3c6e","geometry":{"type":"Point","coordinates":[1.01783241,8.6625398]},"geometry_name":"geometry","properties":{"region_nom_bdd":"Centrale","prefecture_nom_bdd":"Sotouboua","commune_nom_bdd":"Sotouboua 2","canton_nom_bdd":"Adjengré","nom_localite":"Piyoda","etablissement_nom":"Centre d'État Civil Annexe Piyoda","etab_adr":"Centre d'État Civil Annexe Piyoda, Piyoda, Adjengré, Sotouboua 2","ouverture_jour":"{lundi,Mardi,Mercredi,Jeudi,Vendredi}","ministere_tutelle":"MATDDT"}},{"type":"Feature","id":"_mview_admi_etablissements_administration.fid--1b6ae3e2_1a0db278384_-3c6d","geometry":{"type":"Point","coordinates":[0.7727617,8.69561937]},"geometry_name":"geometry","properties":{"region_nom_bdd":"Centrale","prefecture_nom_bdd":"Mô","commune_nom_bdd":"Mô 1","canton_nom_bdd":"Boulohou","nom_localite":"Adeli","etablissement_nom":"Centre d'État Civil Sotouboua 2 Annexe Fazao","etab_adr":"Centre d'État Civil Sotouboua 2 Annexe Fazao, Adeli, Boulohou, Mô 1","ouverture_jour":"{lundi,Mardi,Mercredi,Jeudi,Vendredi}","ministere_tutelle":"MATDDT"}},{"type":"Feature","id":"_mview_admi_etablissements_administration.fid--1b6ae3e2_1a0db278384_-3c6c","geometry":{"type":"Point","coordinates":[0.21920018,10.83390108]},"geometry_name":"geometry","properties":{"region_nom_bdd":"Savanes","prefecture_nom_bdd":"Tône","commune_nom_bdd":"Tône 1","canton_nom_bdd":"Dapaong","nom_localite":"Dapankpergou","etablissement_nom":"Centre d'État Civil Secondaire Dapankpergou","etab_adr":"Centre d'État Civil Secondaire Dapankpergou, Dapankpergou, Dapaong, Tône 1","ouverture_jour":"{Mardi}","ministere_tutelle":"MATDDT"}},{"type":"Feature","id":"_mview_admi_etablissements_administration.fid--1b6ae3e2_1a0db278384_-3c6b","geometry":{"type":"Point","coordinates":[1.10758242,8.57408785]},"geometry_name":"geometry","properties":{"region_nom_bdd":"Centrale","prefecture_nom_bdd":"Sotouboua","commune_nom_bdd":"Sotouboua 2","canton_nom_bdd":"Tittigbe","nom_localite":"Bovoulem-pouda","etablissement_nom":"Centre d'État Civil Annexe Bovoulem-Pouda","etab_adr":"Centre d'État Civil Annexe Bovoulem-Pouda, Bovoulem-Pouda, Tittigbe, Sotouboua 2","ouverture_jour":"{lundi,Mardi,Mercredi,Jeudi,Vendredi}","ministere_tutelle":"MATDDT"}},{"type":"Feature","id":"_mview_admi_etablissements_administration.fid--1b6ae3e2_1a0db278384_-3c6a","geometry":{"type":"Point","coordinates":[1.01174926,8.6312767]},"geometry_name":"geometry","properties":{"region_nom_bdd":"Centrale","prefecture_nom_bdd":"Sotouboua","commune_nom_bdd":"Sotouboua 2","canton_nom_bdd":"Adjengré","nom_localite":"Dalanda","etablissement_nom":"Centre d'État Civil Sotouboua 2 Annexe Dalanda","etab_adr":"Centre d'État Civil Sotouboua 2 Annexe Dalanda, Dalanda, Adjengré, Sotouboua 2","ouverture_jour":"{lundi,Mardi,Mercredi,Jeudi,Vendredi,Samedi,Dimanche}","ministere_tutelle":"MATDDT"}},{"type":"Feature","id":"_mview_admi_etablissements_administration.fid--1b6ae3e2_1a0db278384_-3c69","geometry":{"type":"Point","coordinates":[1.16960704,8.71920637]},"geometry_name":"geometry","properties":{"region_nom_bdd":"Centrale","prefecture_nom_bdd":"Sotouboua","commune_nom_bdd":"Sotouboua 2","canton_nom_bdd":"Aouda","nom_localite":"Toukoudjou-sodoa","etablissement_nom":"Centre d'État Civil Annexe Toukoudjou-Sodoa","etab_adr":"Centre d'État Civil Annexe Toukoudjou-Sodoa, Toukoudjou-Sodoa, Aouda, Sotouboua 2","ouverture_jour":"{lundi,Mardi,Mercredi,Jeudi,Vendredi}","ministere_tutelle":"MATDDT"}},{"type":"Feature","id":"_mview_admi_etablissements_administration.fid--1b6ae3e2_1a0db278384_-3c68","geometry":{"type":"Point","coordinates":[1.08254333,8.63333159]},"geometry_name":"geometry","properties":{"region_nom_bdd":"Centrale","prefecture_nom_bdd":"Sotouboua","commune_nom_bdd":"Sotouboua 2","canton_nom_bdd":"Tittigbe","nom_localite":"Niamgoulam","etablissement_nom":"Centre d'État Civil Annexe Niamgoulam","etab_adr":"Centre d'État Civil Annexe Niamgoulam, Niamgoulam, Tittigbe, Sotouboua 2","ouverture_jour":"{lundi,Mardi,Mercredi,Jeudi,Vendredi}","ministere_tutelle":"MATDDT"}},{"type":"Feature","id":"_mview_admi_etablissements_administration.fid--1b6ae3e2_1a0db278384_-3c67","geometry":{"type":"Point","coordinates":[1.16127963,8.60948993]},"geometry_name":"geometry","properties":{"region_nom_bdd":"Centrale","prefecture_nom_bdd":"Sotouboua","commune_nom_bdd":"Sotouboua 2","canton_nom_bdd":"Séssaro","nom_localite":"Sonde","etablissement_nom":"Centre d'État Civil Annexe Sonde","etab_adr":"Centre d'État Civil Annexe Sonde, Sonde, Séssaro, Sotouboua 2","ouverture_jour":"{lundi,Mardi,Mercredi,Jeudi,Vendredi,Samedi}","ministere_tutelle":"MATDDT"}},{"type":"Feature","id":"_mview_admi_etablissements_administration.fid--1b6ae3e2_1a0db278384_-3c66","geometry":{"type":"Point","coordinates":[1.02270546,8.67447426]},"geometry_name":"geometry","properties":{"region_nom_bdd":"Centrale","prefecture_nom_bdd":"Sotouboua","commune_nom_bdd":"Sotouboua 2","canton_nom_bdd":"Adjengré","nom_localite":"Akonta","etablissement_nom":"Centre d'État Civil Annexe Akonta","etab_adr":"Centre d'État Civil Annexe Akonta, Akonta, Adjengré, Sotouboua 2","ouverture_jour":"{lundi,Mardi,Mercredi,Jeudi,Vendredi}","ministere_tutelle":"MATDDT"}},{"type":"Feature","id":"_mview_admi_etablissements_administration.fid--1b6ae3e2_1a0db278384_-3c65","geometry":{"type":"Point","coordinates":[1.08606833,8.67027]},"geometry_name":"geometry","properties":{"region_nom_bdd":"Centrale","prefecture_nom_bdd":"Sotouboua","commune_nom_bdd":"Sotouboua 2","canton_nom_bdd":"Tittigbe","nom_localite":"Tembio","etablissement_nom":"Centre d'État Civil Annexe Tembio","etab_adr":"Centre d'État Civil Annexe Tembio, Tembio, Tittigbe, Sotouboua 2","ouverture_jour":"{lundi,Mardi,Mercredi,Jeudi,Vendredi}","ministere_tutelle":"MATDDT"}},{"type":"Feature","id":"_mview_admi_etablissements_administration.fid--1b6ae3e2_1a0db278384_-3c64","geometry":{"type":"Point","coordinates":[0.78409465,9.2570162]},"geometry_name":"geometry","properties":{"region_nom_bdd":"Kara","prefecture_nom_bdd":"Bassar","commune_nom_bdd":"Bassar 1","canton_nom_bdd":"Bassar","nom_localite":"Bassar","etablissement_nom":"Préfecture - Bassar","etab_adr":"Préfecture - Bassar, Bassar, Bassar, Bassar 1","ouverture_jour":"{lundi,Mardi,Mercredi,Jeudi,Vendredi}","ministere_tutelle":"MATDDT"}},{"type":"Feature","id":"_mview_admi_etablissements_administration.fid--1b6ae3e2_1a0db278384_-3c63","geometry":{"type":"Point","coordinates":[1.1723106,6.20036823]},"geometry_name":"geometry","properties":{"region_nom_bdd":"Maritime","prefecture_nom_bdd":"Golfe","commune_nom_bdd":"Golfe 5","canton_nom_bdd":"Aflao-Gakli","nom_localite":"Avedji","etablissement_nom":"Centre d'État Civil Avedji","etab_adr":"Centre d'État Civil Avedji, Avedji, Aflao-Gakli, Golfe 5","ouverture_jour":"{lundi,Mardi,Mercredi,Jeudi,Vendredi}","ministere_tutelle":"MATDDT"}},{"type":"Feature","id":"_mview_admi_etablissements_administration.fid--1b6ae3e2_1a0db278384_-3c62","geometry":{"type":"Point","coordinates":[0.12586622,11.0414647]},"geometry_name":"geometry","properties":{"region_nom_bdd":"Savanes","prefecture_nom_bdd":"Cinkassé","commune_nom_bdd":"Cinkassé 2","canton_nom_bdd":"Sam-Naba","nom_localite":"Sanfobe","etablissement_nom":"Centre d'État Civil Secondaire Timbou","etab_adr":"Centre d'État Civil Secondaire Timbou, Sanfobe, Sam-Naba, Cinkassé 2","ouverture_jour":"{Dimanche,Samedi,Vendredi,Mercredi,Mardi,lundi,Jeudi}","ministere_tutelle":"MATDDT"}},{"type":"Feature","id":"_mview_admi_etablissements_administration.fid--1b6ae3e2_1a0db278384_-3c61","geometry":{"type":"Point","coordinates":[0.96108167,7.21612667]},"geometry_name":"geometry","properties":{"region_nom_bdd":"Plateaux","prefecture_nom_bdd":"Haho","commune_nom_bdd":"Haho 4","canton_nom_bdd":"Kpegnon (Haito)","nom_localite":"Haito","etablissement_nom":"Centre d'État Civil Haito","etab_adr":"Centre d'État Civil Haito, Haito, Kpegnon (Haito), Haho 4","ouverture_jour":"{Mardi,lundi,Mercredi,Jeudi,Vendredi}","ministere_tutelle":"MATDDT"}},{"type":"Feature","id":"_mview_admi_etablissements_administration.fid--1b6ae3e2_1a0db278384_-3c60","geometry":{"type":"Point","coordinates":[0.24558355,10.8277957]},"geometry_name":"geometry","properties":{"region_nom_bdd":"Savanes","prefecture_nom_bdd":"Tône","commune_nom_bdd":"Tône 1","canton_nom_bdd":"Dapaong","nom_localite":"Bantamboare","etablissement_nom":"Centre d'État Civil Secondaire Bantamboare","etab_adr":"Centre d'État Civil Secondaire Bantamboare, Bantamboare, Dapaong, Tône 1","ouverture_jour":"{lundi,Mardi,Mercredi,Jeudi,Vendredi}","ministere_tutelle":"MATDDT"}},{"type":"Feature","id":"_mview_admi_etablissements_administration.fid--1b6ae3e2_1a0db278384_-3c5f","geometry":{"type":"Point","coordinates":[0.09557167,10.93900167]},"geometry_name":"geometry","properties":{"region_nom_bdd":"Savanes","prefecture_nom_bdd":"Tône","commune_nom_bdd":"Tône 2","canton_nom_bdd":"Naki-Ouest","nom_localite":"Nakpali","etablissement_nom":"Centre d'État Civil Secondaire Nakpali","etab_adr":"Centre d'État Civil Secondaire Nakpali, Nakpali, Naki-Ouest, Tône 2","ouverture_jour":"{lundi,Mardi,Mercredi,Jeudi,Vendredi,Samedi,Dimanche}","ministere_tutelle":"MATDDT"}},{"type":"Feature","id":"_mview_admi_etablissements_administration.fid--1b6ae3e2_1a0db278384_-3c5e","geometry":{"type":"Point","coordinates":[0.16697324,11.07049239]},"geometry_name":"geometry","properties":{"region_nom_bdd":"Savanes","prefecture_nom_bdd":"Cinkassé","commune_nom_bdd":"Cinkassé 2","canton_nom_bdd":"Sam-Naba","nom_localite":"Sam-naba Centre","etablissement_nom":"Centre d'État Civil Secondaire Sam-Naba","etab_adr":"Centre d'État Civil Secondaire Sam-Naba, Sam-Naba Centre, Sam-Naba, Cinkassé 2","ouverture_jour":"{lundi,Mardi,Mercredi,Jeudi,Vendredi,Samedi,Dimanche}","ministere_tutelle":"MATDDT"}},{"type":"Feature","id":"_mview_admi_etablissements_administration.fid--1b6ae3e2_1a0db278384_-3c5d","geometry":{"type":"Point","coordinates":[-0.116909,11.12289856]},"geometry_name":"geometry","properties":{"region_nom_bdd":"Savanes","prefecture_nom_bdd":"Cinkassé","commune_nom_bdd":"Cinkassé 1","canton_nom_bdd":"Gouloungoussi","nom_localite":"Gouloungoussi Centre","etablissement_nom":"Centre d'État Civil Secondaire Gouloungoussi","etab_adr":"Centre d'État Civil Secondaire Gouloungoussi, Gouloungoussi Centre, Gouloungoussi, Cinkassé 1","ouverture_jour":"{lundi,Mardi,Mercredi,Jeudi,Vendredi,Samedi}","ministere_tutelle":"MATDDT"}},{"type":"Feature","id":"_mview_admi_etablissements_administration.fid--1b6ae3e2_1a0db278384_-3c5c","geometry":{"type":"Point","coordinates":[0.13267872,10.84529558]},"geometry_name":"geometry","properties":{"region_nom_bdd":"Savanes","prefecture_nom_bdd":"Tône","commune_nom_bdd":"Tône 3","canton_nom_bdd":"Nioukpourma","nom_localite":"Nagbangou","etablissement_nom":"Centre d'État Civil Secondaire Nagbangou","etab_adr":"Centre d'État Civil Secondaire Nagbangou, Nagbangou, Nioukpourma, Tône 3","ouverture_jour":"{lundi,Mercredi,Mardi,Jeudi,Vendredi,Samedi,Dimanche}","ministere_tutelle":"MATDDT"}},{"type":"Feature","id":"_mview_admi_etablissements_administration.fid--1b6ae3e2_1a0db278384_-3c5b","geometry":{"type":"Point","coordinates":[0.9795989,8.32389582]},"geometry_name":"geometry","properties":{"region_nom_bdd":"Centrale","prefecture_nom_bdd":"Blitta","commune_nom_bdd":"Blitta 1","canton_nom_bdd":"Blitta","nom_localite":"Blitta Gare","etablissement_nom":"Préfecture - Blitta","etab_adr":"Préfecture - Blitta, Blitta Gare, Blitta, Blitta 1, BP01 Blitta","ouverture_jour":"{Vendredi,Jeudi,lundi,Mardi,Mercredi}","ministere_tutelle":"MATDDT"}},{"type":"Feature","id":"_mview_admi_etablissements_administration.fid--1b6ae3e2_1a0db278384_-3c5a","geometry":{"type":"Point","coordinates":[1.14401549,6.26397874]},"geometry_name":"geometry","properties":{"region_nom_bdd":"Maritime","prefecture_nom_bdd":"Agoè-Nyivé","commune_nom_bdd":"Agoè-Nyivé 2","canton_nom_bdd":"Légbassito","nom_localite":"Madjikpeto","etablissement_nom":"Centre d'État Civil Madjikpeto","etab_adr":"Centre d'État Civil Madjikpeto, Madjikpeto, Légbassito, Agoè-Nyivé 2","ouverture_jour":"{lundi,Mardi,Mercredi,Jeudi,Vendredi}","ministere_tutelle":"MATDDT"}},{"type":"Feature","id":"_mview_admi_etablissements_administration.fid--1b6ae3e2_1a0db278384_-3c59","geometry":{"type":"Point","coordinates":[0.92059667,9.7881]},"geometry_name":"geometry","properties":{"region_nom_bdd":"Kara","prefecture_nom_bdd":"Doufelgou","commune_nom_bdd":"Doufelgou 3","canton_nom_bdd":"Kadjalla","nom_localite":"Agbassa","etablissement_nom":"Centre d'État Civil Annexe D'Agbassa","etab_adr":"Centre d'État Civil Annexe D'Agbassa, Agbassa, Kadjalla, Doufelgou 2","ouverture_jour":"{lundi,Mardi,Mercredi,Jeudi,Vendredi,Samedi}","ministere_tutelle":"MATDDT"}},{"type":"Feature","id":"_mview_admi_etablissements_administration.fid--1b6ae3e2_1a0db278384_-3c58","geometry":{"type":"Point","coordinates":[0.97571333,8.56200667]},"geometry_name":"geometry","properties":{"region_nom_bdd":"Centrale","prefecture_nom_bdd":"Sotouboua","commune_nom_bdd":"Sotouboua 1","canton_nom_bdd":"Sotouboua","nom_localite":"Sotouboua","etablissement_nom":"Mairie - Commune Sotouboua 1","etab_adr":"Mairie - Commune Sotouboua 1, Sotouboua, Sotouboua, Sotouboua 1","ouverture_jour":"{lundi,Mardi,Mercredi,Jeudi,Vendredi,Samedi}","ministere_tutelle":"MATDDT"}},{"type":"Feature","id":"_mview_admi_etablissements_administration.fid--1b6ae3e2_1a0db278384_-3c57","geometry":{"type":"Point","coordinates":[0.9153942,9.74128068]},"geometry_name":"geometry","properties":{"region_nom_bdd":"Kara","prefecture_nom_bdd":"Doufelgou","commune_nom_bdd":"Doufelgou 3","canton_nom_bdd":"Alloum","nom_localite":"Bidjande","etablissement_nom":"Centre d'État Civil Annexe de Bidjande","etab_adr":"Centre d'État Civil Annexe de Bidjande, Bidjande, Alloum, Doufelgou 2","ouverture_jour":"{Samedi,Vendredi,Jeudi,Mercredi,Mardi,lundi}","ministere_tutelle":"MATDDT"}},{"type":"Feature","id":"_mview_admi_etablissements_administration.fid--1b6ae3e2_1a0db278384_-3c56","geometry":{"type":"Point","coordinates":[1.15278303,7.53837217]},"geometry_name":"geometry","properties":{"region_nom_bdd":"Plateaux","prefecture_nom_bdd":"Ogou","commune_nom_bdd":"Ogou 1","canton_nom_bdd":"Djama","nom_localite":"Sada","etablissement_nom":"Centre d'État Civil Annexe Sada","etab_adr":"Centre d'État Civil Annexe Sada, Sada, Djama, Ogou 1","ouverture_jour":"{lundi,Mardi,Jeudi,Mercredi,Vendredi}","ministere_tutelle":"MATDDT"}},{"type":"Feature","id":"_mview_admi_etablissements_administration.fid--1b6ae3e2_1a0db278384_-3c55","geometry":{"type":"Point","coordinates":[1.017555,9.8464]},"geometry_name":"geometry","properties":{"region_nom_bdd":"Kara","prefecture_nom_bdd":"Doufelgou","commune_nom_bdd":"Doufelgou 3","canton_nom_bdd":"Tchoré","nom_localite":"Tchore Centre","etablissement_nom":"Centre d'État Civil Annexe de Tchore Centre","etab_adr":"Centre d'État Civil Annexe de Tchore Centre, Tchore Centre, Tchoré, Doufelgou 2","ouverture_jour":"{lundi,Mardi,Mercredi,Jeudi,Vendredi}","ministere_tutelle":"MATDDT"}},{"type":"Feature","id":"_mview_admi_etablissements_administration.fid--1b6ae3e2_1a0db278384_-3c54","geometry":{"type":"Point","coordinates":[1.0525156,9.95790767]},"geometry_name":"geometry","properties":{"region_nom_bdd":"Kara","prefecture_nom_bdd":"Kéran","commune_nom_bdd":"Kéran 1","canton_nom_bdd":"Kantè","nom_localite":"Awanda","etablissement_nom":"Centre d'État Civil Annexe de Awanda","etab_adr":"Centre d'État Civil Annexe de Awanda, Awanda, Kantè, Kéran 1","ouverture_jour":"{lundi,Mardi,Jeudi,Mercredi,Vendredi,Samedi}","ministere_tutelle":"MATDDT"}},{"type":"Feature","id":"_mview_admi_etablissements_administration.fid--1b6ae3e2_1a0db278384_-3c53","geometry":{"type":"Point","coordinates":[1.05277882,9.95795995]},"geometry_name":"geometry","properties":{"region_nom_bdd":"Kara","prefecture_nom_bdd":"Kéran","commune_nom_bdd":"Kéran 1","canton_nom_bdd":"Kantè","nom_localite":"Pesside Centre","etablissement_nom":"Centre d'État Civil Annexe Pesside Centre","etab_adr":"Centre d'État Civil Annexe Pesside Centre, Pesside Centre, Pesside Centre, Kantè, Kéran 1","ouverture_jour":"{lundi,Mardi,Mercredi,Jeudi,Samedi,Vendredi}","ministere_tutelle":"MATDDT"}},{"type":"Feature","id":"_mview_admi_etablissements_administration.fid--1b6ae3e2_1a0db278384_-3c52","geometry":{"type":"Point","coordinates":[0.828965,9.44301696]},"geometry_name":"geometry","properties":{"region_nom_bdd":"Kara","prefecture_nom_bdd":"Bassar","commune_nom_bdd":"Bassar 3","canton_nom_bdd":"Kabou","nom_localite":"Sara","etablissement_nom":"Centre d'État Civil Annexe Sara","etab_adr":"Centre d'État Civil Annexe Sara, Sara, Kabou, Bassar 3","ouverture_jour":"{lundi,Mardi,Mercredi,Jeudi,Vendredi,Samedi,Dimanche}","ministere_tutelle":"MATDDT"}},{"type":"Feature","id":"_mview_admi_etablissements_administration.fid--1b6ae3e2_1a0db278384_-3c51","geometry":{"type":"Point","coordinates":[1.2153775,6.1311454]},"geometry_name":"geometry","properties":{"region_nom_bdd":"Maritime","prefecture_nom_bdd":"Golfe","commune_nom_bdd":"Golfe 4","canton_nom_bdd":"Amoutivé","nom_localite":"Quartier Administratif","etablissement_nom":"Mairie - Commune Golfe 4 - District Autonome du Grand Lomé","etab_adr":"Mairie - Commune Golfe 4 - District Autonome du Grand Lomé, Quartier Administratif, Amoutivé, Golfe 4, BP326 Lomé","ouverture_jour":"{Mardi,lundi,Mercredi,Jeudi,Vendredi}","ministere_tutelle":"MATDDT"}},{"type":"Feature","id":"_mview_admi_etablissements_administration.fid--1b6ae3e2_1a0db278384_-3c50","geometry":{"type":"Point","coordinates":[1.11100038,9.39906477]},"geometry_name":"geometry","properties":{"region_nom_bdd":"Kara","prefecture_nom_bdd":"Kozah","commune_nom_bdd":"Kozah 4","canton_nom_bdd":"Atchangbadè","nom_localite":"Koudjoukada","etablissement_nom":"Centre d'État Civil Annexe Koudjoukada","etab_adr":"Centre d'État Civil Annexe Koudjoukada, Koudjoukada, Atchangbadè, Kozah 4","ouverture_jour":"{lundi,Jeudi}","ministere_tutelle":"MATDDT"}},{"type":"Feature","id":"_mview_admi_etablissements_administration.fid--1b6ae3e2_1a0db278384_-3c4f","geometry":{"type":"Point","coordinates":[1.0885,9.47910167]},"geometry_name":"geometry","properties":{"region_nom_bdd":"Kara","prefecture_nom_bdd":"Kozah","commune_nom_bdd":"Kozah 4","canton_nom_bdd":"Atchangbadè","nom_localite":"Bounon","etablissement_nom":"Centre d'État Civil Annexe Bounon","etab_adr":"Centre d'État Civil Annexe Bounon, Bounon, Atchangbadè, Kozah 4","ouverture_jour":"{Mercredi,Jeudi,Vendredi}","ministere_tutelle":"MATDDT"}},{"type":"Feature","id":"_mview_admi_etablissements_administration.fid--1b6ae3e2_1a0db278384_-3c4e","geometry":{"type":"Point","coordinates":[0.603,8.816315]},"geometry_name":"geometry","properties":{"region_nom_bdd":"Centrale","prefecture_nom_bdd":"Mô","commune_nom_bdd":"Mô 1","canton_nom_bdd":"Djarkpanga","nom_localite":"Kpangamde","etablissement_nom":"Centre d'État Civil Annexe Djarkpanga","etab_adr":"Centre d'État Civil Annexe Djarkpanga, Kpangamde, Djarkpanga, Mô 1","ouverture_jour":"{lundi,Mardi,Mercredi,Jeudi,Vendredi}","ministere_tutelle":"MATDDT"}},{"type":"Feature","id":"_mview_admi_etablissements_administration.fid--1b6ae3e2_1a0db278384_-3c4d","geometry":{"type":"Point","coordinates":[1.11909016,8.65600664]},"geometry_name":"geometry","properties":{"region_nom_bdd":"Centrale","prefecture_nom_bdd":"Sotouboua","commune_nom_bdd":"Sotouboua 2","canton_nom_bdd":"Tittigbe","nom_localite":"Timbio Lassa","etablissement_nom":"Centre d'État Civil Annexe Timbio lassa","etab_adr":"Centre d'État Civil Annexe Timbio lassa, Timbio Lassa, Tittigbe, Sotouboua 2","ouverture_jour":"{lundi,Mardi,Mercredi,Jeudi,Vendredi}","ministere_tutelle":"MATDDT"}},{"type":"Feature","id":"_mview_admi_etablissements_administration.fid--1b6ae3e2_1a0db278384_-3c4c","geometry":{"type":"Point","coordinates":[1.05397051,8.51870927]},"geometry_name":"geometry","properties":{"region_nom_bdd":"Centrale","prefecture_nom_bdd":"Sotouboua","commune_nom_bdd":"Sotouboua 1","canton_nom_bdd":"Tabindè","nom_localite":"Tabende Pouda","etablissement_nom":"Centre d'État Civil Secondaire Tabende","etab_adr":"Centre d'État Civil Secondaire Tabende, Tabende Pouda, Tabindè, Sotouboua 1","ouverture_jour":"{lundi,Mardi,Mercredi,Jeudi,Vendredi,Dimanche,Samedi}","ministere_tutelle":"MATDDT"}},{"type":"Feature","id":"_mview_admi_etablissements_administration.fid--1b6ae3e2_1a0db278384_-3c4b","geometry":{"type":"Point","coordinates":[1.34672915,9.47175928]},"geometry_name":"geometry","properties":{"region_nom_bdd":"Kara","prefecture_nom_bdd":"Kozah","commune_nom_bdd":"Kozah 3","canton_nom_bdd":"Kpinzindè","nom_localite":"Kpindi","etablissement_nom":"Centre d'État Civil Annexe Kpindi","etab_adr":"Centre d'État Civil Annexe Kpindi, Kpindi, Kpinzindè, Kozah 3","ouverture_jour":"{lundi,Mardi,Mercredi,Jeudi,Vendredi}","ministere_tutelle":"MATDDT"}},{"type":"Feature","id":"_mview_admi_etablissements_administration.fid--1b6ae3e2_1a0db278384_-3c4a","geometry":{"type":"Point","coordinates":[1.077242,9.32053526]},"geometry_name":"geometry","properties":{"region_nom_bdd":"Kara","prefecture_nom_bdd":"Assoli","commune_nom_bdd":"Assoli 1","canton_nom_bdd":"Dako (Daoude)","nom_localite":"Soreda","etablissement_nom":"Centre d'État Civil Annexe Daoude","etab_adr":"Centre d'État Civil Annexe Daoude, Soreda, Dako (Daoude), Assoli 1","ouverture_jour":"{Jeudi,Vendredi}","ministere_tutelle":"MATDDT"}},{"type":"Feature","id":"_mview_admi_etablissements_administration.fid--1b6ae3e2_1a0db278384_-3c49","geometry":{"type":"Point","coordinates":[0.901005,9.403055]},"geometry_name":"geometry","properties":{"region_nom_bdd":"Kara","prefecture_nom_bdd":"Bassar","commune_nom_bdd":"Bassar 4","canton_nom_bdd":"Sanda-Kagbanda","nom_localite":"Tchaboua","etablissement_nom":"Centre d'État Civil Tchaboua","etab_adr":"Centre d'État Civil Tchaboua, Tchaboua, Sanda-Kagbanda, Bassar 4","ouverture_jour":"{Vendredi}","ministere_tutelle":"MATDDT"}},{"type":"Feature","id":"_mview_admi_etablissements_administration.fid--1b6ae3e2_1a0db278384_-3c48","geometry":{"type":"Point","coordinates":[1.05259482,9.95792126]},"geometry_name":"geometry","properties":{"region_nom_bdd":"Kara","prefecture_nom_bdd":"Kéran","commune_nom_bdd":"Kéran 1","canton_nom_bdd":"Kantè","nom_localite":"Terite-maison","etablissement_nom":"Centre d'État Civil Annexe de Terite-Maison","etab_adr":"Centre d'État Civil Annexe de Terite-Maison, Terite-Maison, Kantè, Kéran 1","ouverture_jour":"{Vendredi,Jeudi,Mercredi,Mardi,lundi,Samedi}","ministere_tutelle":"MATDDT"}},{"type":"Feature","id":"_mview_admi_etablissements_administration.fid--1b6ae3e2_1a0db278384_-3c47","geometry":{"type":"Point","coordinates":[1.21223934,6.43169234]},"geometry_name":"geometry","properties":{"region_nom_bdd":"Maritime","prefecture_nom_bdd":"Zio","commune_nom_bdd":"Zio 1","canton_nom_bdd":"Tsévié","nom_localite":"Agbalipe","etablissement_nom":"Mairie - Commune Zio 1","etab_adr":"Mairie - Commune Zio 1, Agbalipe, Tsévié, Zio 1, BP57","ouverture_jour":"{lundi,Mardi,Mercredi,Jeudi,Vendredi}","ministere_tutelle":"MATDDT"}},{"type":"Feature","id":"_mview_admi_etablissements_administration.fid--1b6ae3e2_1a0db278384_-3c46","geometry":{"type":"Point","coordinates":[1.14994667,6.23348]},"geometry_name":"geometry","properties":{"region_nom_bdd":"Maritime","prefecture_nom_bdd":"Agoè-Nyivé","commune_nom_bdd":"Agoè-Nyivé 5","canton_nom_bdd":"Sanguera","nom_localite":"Zossime","etablissement_nom":"Centre d'État Civil Nanegbe","etab_adr":"Centre d'État Civil Nanegbe, Zossime, Sanguera, Agoè-Nyivé 5","ouverture_jour":"{lundi,Mardi,Mercredi,Jeudi,Vendredi}","ministere_tutelle":"MATDDT"}},{"type":"Feature","id":"_mview_admi_etablissements_administration.fid--1b6ae3e2_1a0db278384_-3c45","geometry":{"type":"Point","coordinates":[0.94854197,9.94089779]},"geometry_name":"geometry","properties":{"region_nom_bdd":"Kara","prefecture_nom_bdd":"Kéran","commune_nom_bdd":"Kéran 2","canton_nom_bdd":"Ataloté","nom_localite":"Houlourè","etablissement_nom":"Centre d'État Civil Annexe Houlourè","etab_adr":"Centre d'État Civil Annexe Houlourè, Houlourè, Ataloté, Kéran 2","ouverture_jour":"{lundi,Mardi,Mercredi,Jeudi,Vendredi}","ministere_tutelle":"MATDDT"}},{"type":"Feature","id":"_mview_admi_etablissements_administration.fid--1b6ae3e2_1a0db278384_-3c44","geometry":{"type":"Point","coordinates":[0.59445037,6.84263973]},"geometry_name":"geometry","properties":{"region_nom_bdd":"Plateaux","prefecture_nom_bdd":"Kloto","commune_nom_bdd":"Kloto 1","canton_nom_bdd":"Kpadapé","nom_localite":"Kpadepa","etablissement_nom":"Centre d'État Civil Kpadape","etab_adr":"Centre d'État Civil Kpadape, Kpadepa, Kpadapé, Kloto 1","ouverture_jour":"{Vendredi,Jeudi,Mercredi,Mardi,lundi}","ministere_tutelle":"MATDDT"}},{"type":"Feature","id":"_mview_admi_etablissements_administration.fid--1b6ae3e2_1a0db278384_-3c43","geometry":{"type":"Point","coordinates":[1.17872512,6.77663093]},"geometry_name":"geometry","properties":{"region_nom_bdd":"Plateaux","prefecture_nom_bdd":"Haho","commune_nom_bdd":"Haho 1","canton_nom_bdd":"Dalia","nom_localite":"Amakpape","etablissement_nom":"Centre d'État Civil Secondaire d'Amakpape","etab_adr":"Centre d'État Civil Secondaire d'Amakpape, Amakpape, Dalia, Haho 1","ouverture_jour":"{Mardi,Jeudi,Vendredi}","ministere_tutelle":"MATDDT"}},{"type":"Feature","id":"_mview_admi_etablissements_administration.fid--1b6ae3e2_1a0db278384_-3c42","geometry":{"type":"Point","coordinates":[0.65561667,8.87060167]},"geometry_name":"geometry","properties":{"region_nom_bdd":"Centrale","prefecture_nom_bdd":"Mô","commune_nom_bdd":"Mô 1","canton_nom_bdd":"Kagnigbara","nom_localite":"Kagnigbara","etablissement_nom":"Centre d'État Civil Annexe Kagnigbara","etab_adr":"Centre d'État Civil Annexe Kagnigbara, Kagnigbara, Kagnigbara, Mô 1","ouverture_jour":"{lundi,Mardi,Mercredi,Jeudi,Vendredi}","ministere_tutelle":"MATDDT"}},{"type":"Feature","id":"_mview_admi_etablissements_administration.fid--1b6ae3e2_1a0db278384_-3c41","geometry":{"type":"Point","coordinates":[0.66860333,8.75461506]},"geometry_name":"geometry","properties":{"region_nom_bdd":"Centrale","prefecture_nom_bdd":"Mô","commune_nom_bdd":"Mô 1","canton_nom_bdd":"Boulohou","nom_localite":"Souroukou","etablissement_nom":"Centre d'État Civil Annexe Souroukou","etab_adr":"Centre d'État Civil Annexe Souroukou, Souroukou, Boulohou, Mô 1","ouverture_jour":"{lundi,Mardi,Mercredi,Jeudi,Vendredi}","ministere_tutelle":"MATDDT"}},{"type":"Feature","id":"_mview_admi_etablissements_administration.fid--1b6ae3e2_1a0db278384_-3c40","geometry":{"type":"Point","coordinates":[1.25756455,9.6705318]},"geometry_name":"geometry","properties":{"region_nom_bdd":"Kara","prefecture_nom_bdd":"Kozah","commune_nom_bdd":"Kozah 1","canton_nom_bdd":"Landa","nom_localite":"Kadja","etablissement_nom":"Centre d'État Civil Landa","etab_adr":"Centre d'État Civil Landa, Kadja, Landa, Kozah 1","ouverture_jour":"{lundi,Mardi,Mercredi,Jeudi,Vendredi}","ministere_tutelle":"MATDDT"}},{"type":"Feature","id":"_mview_admi_etablissements_administration.fid--1b6ae3e2_1a0db278384_-3c3f","geometry":{"type":"Point","coordinates":[0.91228,7.08767167]},"geometry_name":"geometry","properties":{"region_nom_bdd":"Plateaux","prefecture_nom_bdd":"Kpélé","commune_nom_bdd":"Kpélé 1","canton_nom_bdd":"Kpélé-Novivé","nom_localite":"Bodze","etablissement_nom":"Centre d'État Civil Annexe Kpele Bodze","etab_adr":"Centre d'État Civil Annexe Kpele Bodze, Bodze, Kpélé-Novivé, Kpélé 1","ouverture_jour":"{lundi,Mardi,Mercredi,Jeudi,Vendredi}","ministere_tutelle":"MATDDT"}},{"type":"Feature","id":"_mview_admi_etablissements_administration.fid--1b6ae3e2_1a0db278384_-3c3e","geometry":{"type":"Point","coordinates":[1.11148833,8.53575]},"geometry_name":"geometry","properties":{"region_nom_bdd":"Centrale","prefecture_nom_bdd":"Sotouboua","commune_nom_bdd":"Sotouboua 1","canton_nom_bdd":"Tabindè","nom_localite":"Egbamde","etablissement_nom":"Centre d'État Civil Annexe Tabinde","etab_adr":"Centre d'État Civil Annexe Tabinde, Egbamde, Tabindè, Sotouboua 1","ouverture_jour":"{lundi,Mardi,Jeudi,Mercredi,Vendredi,Samedi,Dimanche}","ministere_tutelle":"MATDDT"}},{"type":"Feature","id":"_mview_admi_etablissements_administration.fid--1b6ae3e2_1a0db278384_-3c3d","geometry":{"type":"Point","coordinates":[0.63089562,9.42488552]},"geometry_name":"geometry","properties":{"region_nom_bdd":"Kara","prefecture_nom_bdd":"Bassar","commune_nom_bdd":"Bassar 2","canton_nom_bdd":"Bangeli","nom_localite":"Bangeli","etablissement_nom":"Mairie - Commune Bassar 2","etab_adr":"Mairie - Commune Bassar 2, Bangeli, Bangeli, Bassar 2","ouverture_jour":"{lundi,Mardi,Mercredi,Jeudi,Vendredi}","ministere_tutelle":"MATDDT"}},{"type":"Feature","id":"_mview_admi_etablissements_administration.fid--1b6ae3e2_1a0db278384_-3c3c","geometry":{"type":"Point","coordinates":[1.45084787,6.384198]},"geometry_name":"geometry","properties":{"region_nom_bdd":"Maritime","prefecture_nom_bdd":"Vo","commune_nom_bdd":"Vo 4","canton_nom_bdd":"Akoumapé","nom_localite":"Akoumape","etablissement_nom":"Mairie - Commune Vo 4","etab_adr":"Mairie - Commune Vo 4, Akoumape, Akoumapé, Vo 4","ouverture_jour":"{lundi,Mardi,Mercredi,Jeudi,Vendredi}","ministere_tutelle":"MATDDT"}},{"type":"Feature","id":"_mview_admi_etablissements_administration.fid--1b6ae3e2_1a0db278384_-3c3b","geometry":{"type":"Point","coordinates":[0.56390833,8.780365]},"geometry_name":"geometry","properties":{"region_nom_bdd":"Centrale","prefecture_nom_bdd":"Mô","commune_nom_bdd":"Mô 1","canton_nom_bdd":"Djarkpanga","nom_localite":"Kparakoudè","etablissement_nom":"Centre d'État Civil Annexe de Djarkpanga","etab_adr":"Centre d'État Civil Annexe de Djarkpanga, Kparakoudè, Djarkpanga, Mô 1","ouverture_jour":"{lundi,Mardi,Mercredi,Jeudi,Vendredi}","ministere_tutelle":"MATDDT"}},{"type":"Feature","id":"_mview_admi_etablissements_administration.fid--1b6ae3e2_1a0db278384_-3c3a","geometry":{"type":"Point","coordinates":[1.41921566,7.00323375]},"geometry_name":"geometry","properties":{"region_nom_bdd":"Plateaux","prefecture_nom_bdd":"Haho","commune_nom_bdd":"Haho 2","canton_nom_bdd":"Asrama","nom_localite":"Asrama","etablissement_nom":"Mairie - Commune Haho 2","etab_adr":"Mairie - Commune Haho 2, Asrama, Asrama, Haho 2","ouverture_jour":"{lundi,Mardi,Mercredi,Jeudi,Vendredi}","ministere_tutelle":"MATDDT"}},{"type":"Feature","id":"_mview_admi_etablissements_administration.fid--1b6ae3e2_1a0db278384_-3c39","geometry":{"type":"Point","coordinates":[0.024825,11.09753]},"geometry_name":"geometry","properties":{"region_nom_bdd":"Savanes","prefecture_nom_bdd":"Cinkassé","commune_nom_bdd":"Cinkassé 1","canton_nom_bdd":"Cinkassé","nom_localite":"Cinkasse","etablissement_nom":"Préfecture - Cinkassé","etab_adr":"Préfecture - Cinkassé, Cinkasse, Boadé, Cinkassé 1, BP1520","ouverture_jour":"{lundi,Mardi,Mercredi,Jeudi,Vendredi}","ministere_tutelle":"MATDDT"}},{"type":"Feature","id":"_mview_admi_etablissements_administration.fid--1b6ae3e2_1a0db278384_-3c38","geometry":{"type":"Point","coordinates":[0.9566894,7.00798355]},"geometry_name":"geometry","properties":{"region_nom_bdd":"Plateaux","prefecture_nom_bdd":"Haho","commune_nom_bdd":"Haho 1","canton_nom_bdd":"Hahomégbé","nom_localite":"Kpegadje","etablissement_nom":"Centre d'État Civil Kpegadje","etab_adr":"Centre d'État Civil Kpegadje, Kpegadje, Kpélé-Dawlotou, Kpélé 1","ouverture_jour":"{lundi,Mardi,Mercredi,Jeudi,Vendredi}","ministere_tutelle":"MATDDT"}},{"type":"Feature","id":"_mview_admi_etablissements_administration.fid--1b6ae3e2_1a0db278384_-3c37","geometry":{"type":"Point","coordinates":[0.70484154,9.26432611]},"geometry_name":"geometry","properties":{"region_nom_bdd":"Kara","prefecture_nom_bdd":"Bassar","commune_nom_bdd":"Bassar 1","canton_nom_bdd":"Kalanga","nom_localite":"Kalangha","etablissement_nom":"Centre d'État Civil Kalangha","etab_adr":"Centre d'État Civil Kalangha, Kalangha, Kalanga, Bassar 1","ouverture_jour":"{lundi,Mercredi,Jeudi,Vendredi}","ministere_tutelle":"MATDDT"}},{"type":"Feature","id":"_mview_admi_etablissements_administration.fid--1b6ae3e2_1a0db278384_-3c36","geometry":{"type":"Point","coordinates":[1.35948454,6.53124354]},"geometry_name":"geometry","properties":{"region_nom_bdd":"Maritime","prefecture_nom_bdd":"Yoto","commune_nom_bdd":"Yoto 2","canton_nom_bdd":"Tchékpo","nom_localite":"Tchekpo Dedekpoe","etablissement_nom":"Centre d'État Civil Tchekpo Dedekpoe","etab_adr":"Centre d'État Civil Tchekpo Dedekpoe, Tchekpo Dedekpoe, Tchékpo, Yoto 2","ouverture_jour":"{lundi,Mardi,Vendredi}","ministere_tutelle":"MATDDT"}},{"type":"Feature","id":"_mview_admi_etablissements_administration.fid--1b6ae3e2_1a0db278384_-3c35","geometry":{"type":"Point","coordinates":[1.12373594,6.22254911]},"geometry_name":"geometry","properties":{"region_nom_bdd":"Maritime","prefecture_nom_bdd":"Golfe","commune_nom_bdd":"Golfe 7","canton_nom_bdd":"Aflao-Sagbado","nom_localite":"Dekpo","etablissement_nom":"Mairie - Commune Golfe 7","etab_adr":"Mairie - Commune Golfe 7, Dekpo, Aflao-Sagbado, Golfe 7, 23BP277","ouverture_jour":"{lundi,Mardi,Mercredi,Jeudi,Vendredi,Samedi}","ministere_tutelle":"MATDDT"}},{"type":"Feature","id":"_mview_admi_etablissements_administration.fid--1b6ae3e2_1a0db278384_-3c34","geometry":{"type":"Point","coordinates":[0.87657537,9.510897]},"geometry_name":"geometry","properties":{"region_nom_bdd":"Kara","prefecture_nom_bdd":"Bassar","commune_nom_bdd":"Bassar 4","canton_nom_bdd":"Sanda-Kagbanda","nom_localite":"Koundoumta","etablissement_nom":"Centre d'État Civil Koundoumta","etab_adr":"Centre d'État Civil Koundoumta, Koundoumta, Sanda-Kagbanda, Bassar 4","ouverture_jour":"{Vendredi}","ministere_tutelle":"MATDDT"}},{"type":"Feature","id":"_mview_admi_etablissements_administration.fid--1b6ae3e2_1a0db278384_-3c33","geometry":{"type":"Point","coordinates":[1.47449,6.485305]},"geometry_name":"geometry","properties":{"region_nom_bdd":"Maritime","prefecture_nom_bdd":"Vo","commune_nom_bdd":"Vo 3","canton_nom_bdd":"Dagbati","nom_localite":"Vo-asso","etablissement_nom":"Centre d'État Civil Dagbati","etab_adr":"Centre d'État Civil Dagbati, Vo-Asso, Dagbati, Vo 3","ouverture_jour":"{lundi,Mardi,Mercredi,Jeudi,Vendredi,Samedi}","ministere_tutelle":"MATDDT"}},{"type":"Feature","id":"_mview_admi_etablissements_administration.fid--1b6ae3e2_1a0db278384_-3c32","geometry":{"type":"Point","coordinates":[1.63527725,6.49813531]},"geometry_name":"geometry","properties":{"region_nom_bdd":"Maritime","prefecture_nom_bdd":"Bas-Mono","commune_nom_bdd":"Bas-Mono 1","canton_nom_bdd":"Afagnangan","nom_localite":"Djebe","etablissement_nom":"Mairie - Commune Bas-Mono 1","etab_adr":"Mairie - Commune Bas-Mono 1, Djebe, Afagnangan, Bas-Mono 1, BP195 Afagnan","ouverture_jour":"{Vendredi,Jeudi,Mercredi,Mardi,lundi}","ministere_tutelle":"MATDDT"}},{"type":"Feature","id":"_mview_admi_etablissements_administration.fid--1b6ae3e2_1a0db278384_-3c31","geometry":{"type":"Point","coordinates":[1.23566328,9.28090331]},"geometry_name":"geometry","properties":{"region_nom_bdd":"Kara","prefecture_nom_bdd":"Assoli","commune_nom_bdd":"Assoli 2","canton_nom_bdd":"Alédjo","nom_localite":"Kpewa","etablissement_nom":"Centre d'État Civil Annexe Kpewa","etab_adr":"Centre d'État Civil Annexe Kpewa, Kpewa, Alédjo, Assoli 2","ouverture_jour":"{lundi,Mardi,Mercredi,Jeudi,Vendredi}","ministere_tutelle":"MATDDT"}},{"type":"Feature","id":"_mview_admi_etablissements_administration.fid--1b6ae3e2_1a0db278384_-3c30","geometry":{"type":"Point","coordinates":[1.51786329,8.95849584]},"geometry_name":"geometry","properties":{"region_nom_bdd":"Centrale","prefecture_nom_bdd":"Tchamba","commune_nom_bdd":"Tchamba 2","canton_nom_bdd":"Koussountou","nom_localite":"Kouloumi","etablissement_nom":"Centre d'État Civil Annexe Kouloumi","etab_adr":"Centre d'État Civil Annexe Kouloumi, Kouloumi, Koussountou, Tchamba 2","ouverture_jour":"{lundi,Mardi,Mercredi,Jeudi,Vendredi,Samedi,Dimanche}","ministere_tutelle":"MATDDT"}},{"type":"Feature","id":"_mview_admi_etablissements_administration.fid--1b6ae3e2_1a0db278384_-3c2f","geometry":{"type":"Point","coordinates":[1.14386844,7.9671698]},"geometry_name":"geometry","properties":{"region_nom_bdd":"Plateaux","prefecture_nom_bdd":"Anié","commune_nom_bdd":"Anié 1","canton_nom_bdd":"Pallakoko","nom_localite":"Edjare Cope","etablissement_nom":"Centre d'État Civil Secondaire Edjare Cope","etab_adr":"Centre d'État Civil Secondaire Edjare Cope, Edjare Cope, Pallakoko, Anié 1","ouverture_jour":"{lundi,Mardi,Mercredi,Jeudi,Vendredi,Dimanche,Samedi}","ministere_tutelle":"MATDDT"}},{"type":"Feature","id":"_mview_admi_etablissements_administration.fid--1b6ae3e2_1a0db278384_-3c2e","geometry":{"type":"Point","coordinates":[1.13276681,8.12788342]},"geometry_name":"geometry","properties":{"region_nom_bdd":"Centrale","prefecture_nom_bdd":"Blitta","commune_nom_bdd":"Blitta 2","canton_nom_bdd":"Langabou","nom_localite":"Langabou","etablissement_nom":"Centre d'État Civil Secondaire Langabou","etab_adr":"Centre d'État Civil Secondaire Langabou, Langabou, Langabou, Blitta 2","ouverture_jour":"{Mardi,Jeudi,lundi,Mercredi,Vendredi,Samedi,Dimanche}","ministere_tutelle":"MATDDT"}},{"type":"Feature","id":"_mview_admi_etablissements_administration.fid--1b6ae3e2_1a0db278384_-3c2d","geometry":{"type":"Point","coordinates":[1.18301049,9.55741523]},"geometry_name":"geometry","properties":{"region_nom_bdd":"Kara","prefecture_nom_bdd":"Kozah","commune_nom_bdd":"Kozah 1","canton_nom_bdd":"Commune De Kara","nom_localite":"Téloudè","etablissement_nom":"Centre d'État Civil Secondaire Tami-Centre","etab_adr":"Centre d'État Civil Secondaire Tami-Centre, Téloudè, Commune De Kara, Kozah 1, BP134 Kara","ouverture_jour":"{lundi,Mardi,Mercredi,Jeudi,Vendredi}","ministere_tutelle":"MATDDT"}},{"type":"Feature","id":"_mview_admi_etablissements_administration.fid--1b6ae3e2_1a0db278384_-3c2c","geometry":{"type":"Point","coordinates":[1.36446905,8.41301352]},"geometry_name":"geometry","properties":{"region_nom_bdd":"Centrale","prefecture_nom_bdd":"Tchamba","commune_nom_bdd":"Tchamba 2","canton_nom_bdd":"Bago","nom_localite":"Mono","etablissement_nom":"Centre d'État Civil Annexe Mono","etab_adr":"Centre d'État Civil Annexe Mono, Mono, Bago, Tchamba 2","ouverture_jour":"{lundi,Mardi,Mercredi,Jeudi,Vendredi,Samedi,Dimanche}","ministere_tutelle":"MATDDT"}},{"type":"Feature","id":"_mview_admi_etablissements_administration.fid--1b6ae3e2_1a0db278384_-3c2b","geometry":{"type":"Point","coordinates":[1.01985319,8.66741891]},"geometry_name":"geometry","properties":{"region_nom_bdd":"Centrale","prefecture_nom_bdd":"Sotouboua","commune_nom_bdd":"Sotouboua 2","canton_nom_bdd":"Adjengré","nom_localite":"Adjengre Zongo","etablissement_nom":"Centre d'État Civil Annexe Adjengré Zongo","etab_adr":"Centre d'État Civil Annexe Adjengré Zongo, Adjengre Zongo, Adjengré, Sotouboua 2","ouverture_jour":"{lundi,Mardi,Mercredi,Jeudi,Vendredi,Samedi}","ministere_tutelle":"MATDDT"}},{"type":"Feature","id":"_mview_admi_etablissements_administration.fid--1b6ae3e2_1a0db278384_-3c2a","geometry":{"type":"Point","coordinates":[0.94440771,9.48225845]},"geometry_name":"geometry","properties":{"region_nom_bdd":"Kara","prefecture_nom_bdd":"Bassar","commune_nom_bdd":"Bassar 4","canton_nom_bdd":"Sanda-Afohou","nom_localite":"Afohou","etablissement_nom":"Centre d'État Civil Afohou","etab_adr":"Centre d'État Civil Afohou, Afohou, Sanda-Afohou, Bassar 4","ouverture_jour":"{Vendredi}","ministere_tutelle":"MATDDT"}},{"type":"Feature","id":"_mview_admi_etablissements_administration.fid--1b6ae3e2_1a0db278384_-3c29","geometry":{"type":"Point","coordinates":[0.30493176,10.55581653]},"geometry_name":"geometry","properties":{"region_nom_bdd":"Savanes","prefecture_nom_bdd":"Oti","commune_nom_bdd":"Oti 2","canton_nom_bdd":"Barkoissi","nom_localite":"Barkoissi","etablissement_nom":"Mairie - Commune Oti 2","etab_adr":"Mairie - Commune Oti 2, Barkoissi, Barkoissi, Oti 2","ouverture_jour":"{lundi,Mercredi,Mardi,Jeudi,Vendredi}","ministere_tutelle":"MATDDT"}},{"type":"Feature","id":"_mview_admi_etablissements_administration.fid--1b6ae3e2_1a0db278384_-3c28","geometry":{"type":"Point","coordinates":[1.59953667,6.38032833]},"geometry_name":"geometry","properties":{"region_nom_bdd":"Maritime","prefecture_nom_bdd":"Vo","commune_nom_bdd":"Vo 1","canton_nom_bdd":"Vo-Koutimé","nom_localite":"Assan Kondji","etablissement_nom":"Centre d'État Civil D'Assan Kondji","etab_adr":"Centre d'État Civil D'Assan Kondji, Assan Kondji, Vo-Koutimé, Vo 1","ouverture_jour":"{lundi,Mardi,Mercredi,Jeudi,Vendredi}","ministere_tutelle":"MATDDT"}},{"type":"Feature","id":"_mview_admi_etablissements_administration.fid--1b6ae3e2_1a0db278384_-3c27","geometry":{"type":"Point","coordinates":[1.13920378,8.17100299]},"geometry_name":"geometry","properties":{"region_nom_bdd":"Centrale","prefecture_nom_bdd":"Blitta","commune_nom_bdd":"Blitta 2","canton_nom_bdd":"Langabou","nom_localite":"Assouma Kondji","etablissement_nom":"Centre d'État Civil Secondaire Assouma Kondji","etab_adr":"Centre d'État Civil Secondaire Assouma Kondji, Assouma Kondji, Langabou, Blitta 2","ouverture_jour":"{lundi,Mardi,Mercredi,Jeudi,Vendredi,Samedi,Dimanche}","ministere_tutelle":"MATDDT"}},{"type":"Feature","id":"_mview_admi_etablissements_administration.fid--1b6ae3e2_1a0db278384_-3c26","geometry":{"type":"Point","coordinates":[1.16381697,8.0369357]},"geometry_name":"geometry","properties":{"region_nom_bdd":"Centrale","prefecture_nom_bdd":"Blitta","commune_nom_bdd":"Blitta 2","canton_nom_bdd":"Koffiti","nom_localite":"Koffiti","etablissement_nom":"Centre d'État Civil Secondaire Koffiti","etab_adr":"Centre d'État Civil Secondaire Koffiti, Koffiti, Koffiti, Blitta 2","ouverture_jour":"{lundi,Mardi,Mercredi,Jeudi,Vendredi,Samedi,Dimanche}","ministere_tutelle":"MATDDT"}},{"type":"Feature","id":"_mview_admi_etablissements_administration.fid--1b6ae3e2_1a0db278384_-3c25","geometry":{"type":"Point","coordinates":[1.63495235,6.50377994]},"geometry_name":"geometry","properties":{"region_nom_bdd":"Maritime","prefecture_nom_bdd":"Bas-Mono","commune_nom_bdd":"Bas-Mono 1","canton_nom_bdd":"Afagnangan","nom_localite":"Akovikope","etablissement_nom":"Préfecture - Bas-Mono","etab_adr":"Préfecture - Bas-Mono, Akovikope, Afagnangan, Bas-Mono 1, BP01 Afagnan","ouverture_jour":"{lundi,Mardi,Mercredi,Jeudi,Vendredi}","ministere_tutelle":"MATDDT"}},{"type":"Feature","id":"_mview_admi_etablissements_administration.fid--1b6ae3e2_1a0db278384_-3c24","geometry":{"type":"Point","coordinates":[1.18219505,8.00949585]},"geometry_name":"geometry","properties":{"region_nom_bdd":"Centrale","prefecture_nom_bdd":"Blitta","commune_nom_bdd":"Blitta 2","canton_nom_bdd":"Koffiti","nom_localite":"Babame","etablissement_nom":"Centre d'État Civil Secondaire Babame","etab_adr":"Centre d'État Civil Secondaire Babame, Babame, Koffiti, Blitta 2","ouverture_jour":"{lundi,Mardi,Mercredi,Jeudi,Vendredi}","ministere_tutelle":"MATDDT"}},{"type":"Feature","id":"_mview_admi_etablissements_administration.fid--1b6ae3e2_1a0db278384_-3c23","geometry":{"type":"Point","coordinates":[1.22623,6.33020667]},"geometry_name":"geometry","properties":{"region_nom_bdd":"Maritime","prefecture_nom_bdd":"Agoè-Nyivé","commune_nom_bdd":"Agoè-Nyivé 6","canton_nom_bdd":"Adétikopé","nom_localite":"Akplome","etablissement_nom":"Mairie - Commune Agoè-Nyivé 6","etab_adr":"Mairie - Commune Agoè-Nyivé 6, Akplome, Adétikopé, Agoè-Nyivé 6","ouverture_jour":"{lundi,Mardi,Mercredi,Jeudi,Vendredi,Samedi}","ministere_tutelle":"MATDDT"}},{"type":"Feature","id":"_mview_admi_etablissements_administration.fid--1b6ae3e2_1a0db278384_-3c22","geometry":{"type":"Point","coordinates":[1.20601509,9.25354055]},"geometry_name":"geometry","properties":{"region_nom_bdd":"Kara","prefecture_nom_bdd":"Assoli","commune_nom_bdd":"Assoli 2","canton_nom_bdd":"Alédjo","nom_localite":"Aledjo-kadara","etablissement_nom":"Mairie - Commune Assoli 2","etab_adr":"Mairie - Commune Assoli 2, Aledjo-Kadara, Alédjo, Assoli 2","ouverture_jour":"{lundi,Mardi,Mercredi,Jeudi,Vendredi}","ministere_tutelle":"MATDDT"}},{"type":"Feature","id":"_mview_admi_etablissements_administration.fid--1b6ae3e2_1a0db278384_-3c21","geometry":{"type":"Point","coordinates":[1.14545333,6.17919333]},"geometry_name":"geometry","properties":{"region_nom_bdd":"Maritime","prefecture_nom_bdd":"Golfe","commune_nom_bdd":"Golfe 7","canton_nom_bdd":"Aflao-Sagbado","nom_localite":"Yokoe","etablissement_nom":"Centre d'État Civil Yokoe","etab_adr":"Centre d'État Civil Yokoe, Yokoe, Aflao-Sagbado, Golfe 7","ouverture_jour":"{lundi,Mardi,Mercredi,Jeudi,Vendredi}","ministere_tutelle":"MATDDT"}},{"type":"Feature","id":"_mview_admi_etablissements_administration.fid--1b6ae3e2_1a0db278384_-3c20","geometry":{"type":"Point","coordinates":[1.152585,6.194645]},"geometry_name":"geometry","properties":{"region_nom_bdd":"Maritime","prefecture_nom_bdd":"Golfe","commune_nom_bdd":"Golfe 7","canton_nom_bdd":"Aflao-Sagbado","nom_localite":"Wonyome","etablissement_nom":"Mairie - Commune Golfe 7","etab_adr":"Mairie - Commune Golfe 7, Wonyome, Aflao-Sagbado, Golfe 7, 07BP13216","ouverture_jour":"{lundi,Mardi,Mercredi,Jeudi,Vendredi}","ministere_tutelle":"MATDDT"}},{"type":"Feature","id":"_mview_admi_etablissements_administration.fid--1b6ae3e2_1a0db278384_-3c1f","geometry":{"type":"Point","coordinates":[0.30876,10.91064667]},"geometry_name":"geometry","properties":{"region_nom_bdd":"Savanes","prefecture_nom_bdd":"Tône","commune_nom_bdd":"Tône 4","canton_nom_bdd":"Korbongou","nom_localite":"Korbongou Centre","etablissement_nom":"Centre d'État Civil Secondaire Korbongou","etab_adr":"Centre d'État Civil Secondaire Korbongou, Korbongou Centre, Korbongou, Tône 4","ouverture_jour":"{lundi,Mardi,Mercredi,Jeudi,Vendredi,Samedi}","ministere_tutelle":"MATDDT"}},{"type":"Feature","id":"_mview_admi_etablissements_administration.fid--1b6ae3e2_1a0db278384_-3c1e","geometry":{"type":"Point","coordinates":[1.36175852,9.35864515]},"geometry_name":"geometry","properties":{"region_nom_bdd":"Kara","prefecture_nom_bdd":"Assoli","commune_nom_bdd":"Assoli 3","canton_nom_bdd":"Soudou","nom_localite":"Medina Telou","etablissement_nom":"Mairie - Commune Assoli 3","etab_adr":"Mairie - Commune Assoli 3, Medina Telou, Soudou, Assoli 3, BP15 Bafilo","ouverture_jour":"{lundi,Mardi,Mercredi,Jeudi,Vendredi}","ministere_tutelle":"MATDDT"}},{"type":"Feature","id":"_mview_admi_etablissements_administration.fid--1b6ae3e2_1a0db278384_-3c1d","geometry":{"type":"Point","coordinates":[1.16501063,6.21229758]},"geometry_name":"geometry","properties":{"region_nom_bdd":"Maritime","prefecture_nom_bdd":"Agoè-Nyivé","commune_nom_bdd":"Agoè-Nyivé 3","canton_nom_bdd":"Vakpossito","nom_localite":"Vakpossito-margot","etablissement_nom":"Mairie - Commune Agoè-Nyivé 3","etab_adr":"Mairie - Commune Agoè-Nyivé 3, Vakpossito-Margot, Vakpossito, Agoè-Nyivé 3","ouverture_jour":"{lundi,Mardi,Mercredi,Jeudi,Vendredi}","ministere_tutelle":"MATDDT"}},{"type":"Feature","id":"_mview_admi_etablissements_administration.fid--1b6ae3e2_1a0db278384_-3c1c","geometry":{"type":"Point","coordinates":[0.19948409,10.67164052]},"geometry_name":"geometry","properties":{"region_nom_bdd":"Savanes","prefecture_nom_bdd":"Tandjoaré","commune_nom_bdd":"Tandjoaré 1","canton_nom_bdd":"Nandoga","nom_localite":"Nandodani","etablissement_nom":"Mairie - Commune Tandjoaré 1","etab_adr":"Mairie - Commune Tandjoaré 1, Nandodani, Nandoga, Tandjoaré 1, BP01 Bombouaka","ouverture_jour":"{Jeudi,lundi,Mardi,Mercredi,Vendredi}","ministere_tutelle":"MATDDT"}},{"type":"Feature","id":"_mview_admi_etablissements_administration.fid--1b6ae3e2_1a0db278384_-3c1b","geometry":{"type":"Point","coordinates":[0.47369149,8.60145078]},"geometry_name":"geometry","properties":{"region_nom_bdd":"Centrale","prefecture_nom_bdd":"Mô","commune_nom_bdd":"Mô 2","canton_nom_bdd":"Saïboudè","nom_localite":"Sodjalaye","etablissement_nom":"Centre d'État Civil Annexe Saiboude","etab_adr":"Centre d'État Civil Annexe Saiboude, Tindjassi, Sodjalaye, Saïboudè, Mô 2","ouverture_jour":"{lundi,Mardi,Mercredi,Jeudi,Vendredi}","ministere_tutelle":"MATDDT"}},{"type":"Feature","id":"_mview_admi_etablissements_administration.fid--1b6ae3e2_1a0db278384_-3c1a","geometry":{"type":"Point","coordinates":[1.42052071,9.01859751]},"geometry_name":"geometry","properties":{"region_nom_bdd":"Centrale","prefecture_nom_bdd":"Tchamba","commune_nom_bdd":"Tchamba 1","canton_nom_bdd":"Tchamba","nom_localite":"Tchamba","etablissement_nom":"Commission Electorale Locale Indépendante (CELI) - Tchamba","etab_adr":"Nsp","ouverture_jour":"{Jeudi,Mardi,Mercredi,Vendredi,lundi}","ministere_tutelle":"MATDDT"}},{"type":"Feature","id":"_mview_admi_etablissements_administration.fid--1b6ae3e2_1a0db278384_-3c19","geometry":{"type":"Point","coordinates":[0.60853571,7.58713807]},"geometry_name":"geometry","properties":{"region_nom_bdd":"Plateaux","prefecture_nom_bdd":"Wawa","commune_nom_bdd":"Wawa 1","canton_nom_bdd":"Badou","nom_localite":"Badou Ville","etablissement_nom":"Préfecture - Wawa","etab_adr":"Préfecture - Wawa, Badou Ville, Badou, Wawa 1, BP123 Atakpame","ouverture_jour":"{lundi,Mardi,Mercredi,Jeudi,Vendredi}","ministere_tutelle":"MATDDT"}},{"type":"Feature","id":"_mview_admi_etablissements_administration.fid--1b6ae3e2_1a0db278384_-3c18","geometry":{"type":"Point","coordinates":[0.58492333,8.71278]},"geometry_name":"geometry","properties":{"region_nom_bdd":"Centrale","prefecture_nom_bdd":"Mô","commune_nom_bdd":"Mô 1","canton_nom_bdd":"Djarkpanga","nom_localite":"Gnezimde","etablissement_nom":"Centre d'État Civil Annexe Djarkpanga","etab_adr":"Centre d'État Civil Annexe Djarkpanga, Gnezimde, Djarkpanga, Mô 1","ouverture_jour":"{lundi,Mardi,Mercredi,Jeudi,Vendredi}","ministere_tutelle":"MATDDT"}},{"type":"Feature","id":"_mview_admi_etablissements_administration.fid--1b6ae3e2_1a0db278384_-3c17","geometry":{"type":"Point","coordinates":[1.1323951,9.4594201]},"geometry_name":"geometry","properties":{"region_nom_bdd":"Kara","prefecture_nom_bdd":"Kozah","commune_nom_bdd":"Kozah 4","canton_nom_bdd":"Atchangbadè","nom_localite":"Tcheleyo","etablissement_nom":"Centre d'État Civil Annexe Atchangbade","etab_adr":"Centre d'État Civil Annexe Atchangbade, Tcheleyo, Atchangbadè, Kozah 4","ouverture_jour":"{lundi,Mardi,Mercredi,Jeudi,Vendredi}","ministere_tutelle":"MATDDT"}},{"type":"Feature","id":"_mview_admi_etablissements_administration.fid--1b6ae3e2_1a0db278384_-3c16","geometry":{"type":"Point","coordinates":[1.19810566,8.18316365]},"geometry_name":"geometry","properties":{"region_nom_bdd":"Centrale","prefecture_nom_bdd":"Blitta","commune_nom_bdd":"Blitta 2","canton_nom_bdd":"Langabou","nom_localite":"Tale","etablissement_nom":"Centre d'État Civil Secondaire Tale","etab_adr":"Centre d'État Civil Secondaire Tale, Tale, Langabou, Blitta 2","ouverture_jour":"{lundi,Mardi,Mercredi,Jeudi,Vendredi,Samedi,Dimanche}","ministere_tutelle":"MATDDT"}},{"type":"Feature","id":"_mview_admi_etablissements_administration.fid--1b6ae3e2_1a0db278384_-3c15","geometry":{"type":"Point","coordinates":[0.87059833,9.56941833]},"geometry_name":"geometry","properties":{"region_nom_bdd":"Kara","prefecture_nom_bdd":"Bassar","commune_nom_bdd":"Bassar 3","canton_nom_bdd":"Kabou","nom_localite":"Koundoum Centre","etablissement_nom":"Centre d'État Civil KoundoumCentre","etab_adr":"Centre d'État Civil KoundoumCentre, Koundoum Centre, Kabou, Bassar 3","ouverture_jour":"{lundi,Mardi,Mercredi,Jeudi,Vendredi,Samedi,Dimanche}","ministere_tutelle":"MATDDT"}},{"type":"Feature","id":"_mview_admi_etablissements_administration.fid--1b6ae3e2_1a0db278384_-3c14","geometry":{"type":"Point","coordinates":[1.01845758,8.06209913]},"geometry_name":"geometry","properties":{"region_nom_bdd":"Centrale","prefecture_nom_bdd":"Blitta","commune_nom_bdd":"Blitta 2","canton_nom_bdd":"Tcharè-Baou","nom_localite":"Tchare-baou","etablissement_nom":"Centre d'État Civil Secondaire Tchare-Baou","etab_adr":"Centre d'État Civil Secondaire Tchare-Baou, Tchare-Baou, Tcharè-Baou, Blitta 2","ouverture_jour":"{lundi,Mardi,Mercredi,Jeudi,Vendredi}","ministere_tutelle":"MATDDT"}},{"type":"Feature","id":"_mview_admi_etablissements_administration.fid--1b6ae3e2_1a0db278384_-3c13","geometry":{"type":"Point","coordinates":[1.10691167,7.53529]},"geometry_name":"geometry","properties":{"region_nom_bdd":"Plateaux","prefecture_nom_bdd":"Amou","commune_nom_bdd":"Amou 3","canton_nom_bdd":"Hihéatro","nom_localite":"Hiheatro","etablissement_nom":"Mairie - Commune Amou 3","etab_adr":"Mairie - Commune Amou 3, Hiheatro, Hihéatro, Amou 3, 202BP7","ouverture_jour":"{lundi,Mardi,Mercredi,Jeudi,Vendredi}","ministere_tutelle":"MATDDT"}},{"type":"Feature","id":"_mview_admi_etablissements_administration.fid--1b6ae3e2_1a0db278384_-3c12","geometry":{"type":"Point","coordinates":[0.932365,9.81015]},"geometry_name":"geometry","properties":{"region_nom_bdd":"Kara","prefecture_nom_bdd":"Doufelgou","commune_nom_bdd":"Doufelgou 3","canton_nom_bdd":"Kadjalla","nom_localite":"Agounde","etablissement_nom":"Centre d'État Civil Annexe Agounde","etab_adr":"Centre d'État Civil Annexe Agounde, Agounde, Kadjalla, Doufelgou 2","ouverture_jour":"{Vendredi,Jeudi,Mercredi,Mardi,lundi}","ministere_tutelle":"MATDDT"}},{"type":"Feature","id":"_mview_admi_etablissements_administration.fid--1b6ae3e2_1a0db278384_-3c11","geometry":{"type":"Point","coordinates":[0.6161766,9.52748197]},"geometry_name":"geometry","properties":{"region_nom_bdd":"Kara","prefecture_nom_bdd":"Dankpen","commune_nom_bdd":"Dankpen 3","canton_nom_bdd":"Bapuré","nom_localite":"Naboure","etablissement_nom":"Centre d'État Civil Annexe Naboure","etab_adr":"Centre d'État Civil Annexe Naboure, Naboure, Bapuré, Dankpen 3","ouverture_jour":"{lundi,Mardi,Mercredi,Jeudi,Vendredi}","ministere_tutelle":"MATDDT"}},{"type":"Feature","id":"_mview_admi_etablissements_administration.fid--1b6ae3e2_1a0db278384_-3c10","geometry":{"type":"Point","coordinates":[0.61617446,9.52745813]},"geometry_name":"geometry","properties":{"region_nom_bdd":"Kara","prefecture_nom_bdd":"Dankpen","commune_nom_bdd":"Dankpen 3","canton_nom_bdd":"Bapuré","nom_localite":"Kloukpon","etablissement_nom":"Centre d'État Civil Annexe Kloukpon","etab_adr":"Centre d'État Civil Annexe Kloukpon, Kloukpon, Bapuré, Dankpen 3","ouverture_jour":"{lundi,Mardi,Mercredi,Jeudi,Vendredi}","ministere_tutelle":"MATDDT"}},{"type":"Feature","id":"_mview_admi_etablissements_administration.fid--1b6ae3e2_1a0db278384_-3c0f","geometry":{"type":"Point","coordinates":[1.24601,9.73227333]},"geometry_name":"geometry","properties":{"region_nom_bdd":"Kara","prefecture_nom_bdd":"Binah","commune_nom_bdd":"Binah 1","canton_nom_bdd":"Lama-Dessi","nom_localite":"Kehessita","etablissement_nom":"Centre d'État Civil Annexe Farendè","etab_adr":"Centre d'État Civil Annexe Farendè, Kehessita, Lama-Dessi, Binah 1","ouverture_jour":"{lundi,Mardi,Mercredi,Jeudi,Vendredi}","ministere_tutelle":"MATDDT"}},{"type":"Feature","id":"_mview_admi_etablissements_administration.fid--1b6ae3e2_1a0db278384_-3c0e","geometry":{"type":"Point","coordinates":[1.32718667,9.55212667]},"geometry_name":"geometry","properties":{"region_nom_bdd":"Kara","prefecture_nom_bdd":"Binah","commune_nom_bdd":"Binah 2","canton_nom_bdd":"Sirka","nom_localite":"Amonde","etablissement_nom":"Centre d'État Civil Annexe Sirka","etab_adr":"Centre d'État Civil Annexe Sirka, Amonde, Sirka, Binah 2","ouverture_jour":"{lundi,Mardi,Mercredi,Jeudi,Vendredi}","ministere_tutelle":"MATDDT"}},{"type":"Feature","id":"_mview_admi_etablissements_administration.fid--1b6ae3e2_1a0db278384_-3c0d","geometry":{"type":"Point","coordinates":[1.11778485,8.25602984]},"geometry_name":"geometry","properties":{"region_nom_bdd":"Centrale","prefecture_nom_bdd":"Blitta","commune_nom_bdd":"Blitta 1","canton_nom_bdd":"Tchaloudè","nom_localite":"Tchaloude","etablissement_nom":"Centre d'État Civil Secondaire Tchaloude","etab_adr":"Centre d'État Civil Secondaire Tchaloude, Tchaloude, Tchaloudè, Blitta 1","ouverture_jour":"{lundi,Mardi,Mercredi,Jeudi,Vendredi}","ministere_tutelle":"MATDDT"}},{"type":"Feature","id":"_mview_admi_etablissements_administration.fid--1b6ae3e2_1a0db278384_-3c0c","geometry":{"type":"Point","coordinates":[0.61614999,9.5274983]},"geometry_name":"geometry","properties":{"region_nom_bdd":"Kara","prefecture_nom_bdd":"Dankpen","commune_nom_bdd":"Dankpen 3","canton_nom_bdd":"Bapuré","nom_localite":"Kidjanboun","etablissement_nom":"Centre d'État Civil Annexe Kidjanboun","etab_adr":"Centre d'État Civil Annexe Kidjanboun, Kidjanboun, Bapuré, Dankpen 3","ouverture_jour":"{lundi,Mardi,Mercredi,Jeudi,Vendredi}","ministere_tutelle":"MATDDT"}},{"type":"Feature","id":"_mview_admi_etablissements_administration.fid--1b6ae3e2_1a0db278384_-3c0b","geometry":{"type":"Point","coordinates":[0.94850629,9.94097255]},"geometry_name":"geometry","properties":{"region_nom_bdd":"Kara","prefecture_nom_bdd":"Kéran","commune_nom_bdd":"Kéran 2","canton_nom_bdd":"Ataloté","nom_localite":"Atalote","etablissement_nom":"Centre d'État Civil Annexe Usp Atalote","etab_adr":"Centre d'État Civil Annexe Usp Atalote, Atalote, Ataloté, Kéran 2","ouverture_jour":"{lundi,Mardi,Mercredi,Jeudi,Vendredi}","ministere_tutelle":"MATDDT"}},{"type":"Feature","id":"_mview_admi_etablissements_administration.fid--1b6ae3e2_1a0db278384_-3c0a","geometry":{"type":"Point","coordinates":[0.61623874,9.52748828]},"geometry_name":"geometry","properties":{"region_nom_bdd":"Kara","prefecture_nom_bdd":"Dankpen","commune_nom_bdd":"Dankpen 3","canton_nom_bdd":"Bapuré","nom_localite":"Kidjanboun","etablissement_nom":"Centre d'État Civil Annexe Natchikpil","etab_adr":"Centre d'État Civil Annexe Natchikpil, Kidjanboun, Bapuré, Dankpen 3","ouverture_jour":"{lundi,Mardi,Mercredi,Jeudi,Vendredi}","ministere_tutelle":"MATDDT"}},{"type":"Feature","id":"_mview_admi_etablissements_administration.fid--1b6ae3e2_1a0db278384_-3c09","geometry":{"type":"Point","coordinates":[0.64281833,10.24431667]},"geometry_name":"geometry","properties":{"region_nom_bdd":"Savanes","prefecture_nom_bdd":"Oti-Sud","commune_nom_bdd":"Oti-Sud 1","canton_nom_bdd":"Sagbiebou","nom_localite":"Sagbiebou","etablissement_nom":"Centre d'État Civil Annexe Sagbiedou","etab_adr":"Centre d'État Civil Annexe Sagbiedou, Sagbiebou, Sagbiebou, Oti-Sud 1","ouverture_jour":"{lundi,Mardi,Mercredi,Jeudi,Vendredi}","ministere_tutelle":"MATDDT"}},{"type":"Feature","id":"_mview_admi_etablissements_administration.fid--1b6ae3e2_1a0db278384_-3c08","geometry":{"type":"Point","coordinates":[1.14710729,8.32469036]},"geometry_name":"geometry","properties":{"region_nom_bdd":"Centrale","prefecture_nom_bdd":"Blitta","commune_nom_bdd":"Blitta 1","canton_nom_bdd":"Tchaloudè","nom_localite":"Toule 1","etablissement_nom":"Centre d'État Civil Secondaire Toule","etab_adr":"Centre d'État Civil Secondaire Toule, Toule 1, Tchaloudè, Blitta 1","ouverture_jour":"{lundi,Mardi,Mercredi,Jeudi,Vendredi}","ministere_tutelle":"MATDDT"}},{"type":"Feature","id":"_mview_admi_etablissements_administration.fid--1b6ae3e2_1a0db278384_-3c07","geometry":{"type":"Point","coordinates":[1.03378992,8.02830885]},"geometry_name":"geometry","properties":{"region_nom_bdd":"Centrale","prefecture_nom_bdd":"Blitta","commune_nom_bdd":"Blitta 2","canton_nom_bdd":"Tcharè-Baou","nom_localite":"Soussoukparogan","etablissement_nom":"Centre d'État Civil Secondaire Soussokparougan","etab_adr":"Centre d'État Civil Secondaire Soussokparougan, Soussoukparogan, Tcharè-Baou, Blitta 2","ouverture_jour":"{lundi,Mardi,Mercredi,Jeudi}","ministere_tutelle":"MATDDT"}},{"type":"Feature","id":"_mview_admi_etablissements_administration.fid--1b6ae3e2_1a0db278384_-3c06","geometry":{"type":"Point","coordinates":[0.9485609,9.94094144]},"geometry_name":"geometry","properties":{"region_nom_bdd":"Kara","prefecture_nom_bdd":"Kéran","commune_nom_bdd":"Kéran 2","canton_nom_bdd":"Ataloté","nom_localite":"Adelo","etablissement_nom":"Centre d'État Civil Annexe Adelo","etab_adr":"Centre d'État Civil Annexe Adelo, Adelo, Ataloté, Kéran 2","ouverture_jour":"{lundi,Mardi,Mercredi,Jeudi,Vendredi}","ministere_tutelle":"MATDDT"}},{"type":"Feature","id":"_mview_admi_etablissements_administration.fid--1b6ae3e2_1a0db278384_-3c05","geometry":{"type":"Point","coordinates":[0.94855191,9.94091861]},"geometry_name":"geometry","properties":{"region_nom_bdd":"Kara","prefecture_nom_bdd":"Kéran","commune_nom_bdd":"Kéran 2","canton_nom_bdd":"Ataloté","nom_localite":"Anima-ferme","etablissement_nom":"Centre d'État Civil Annexe Anima-Ferme","etab_adr":"Centre d'État Civil Annexe Anima-Ferme, Anima-Ferme, Ataloté, Kéran 2","ouverture_jour":"{lundi,Mardi,Mercredi,Jeudi,Vendredi}","ministere_tutelle":"MATDDT"}},{"type":"Feature","id":"_mview_admi_etablissements_administration.fid--1b6ae3e2_1a0db278384_-3c04","geometry":{"type":"Point","coordinates":[0.61621741,9.52746992]},"geometry_name":"geometry","properties":{"region_nom_bdd":"Kara","prefecture_nom_bdd":"Dankpen","commune_nom_bdd":"Dankpen 3","canton_nom_bdd":"Bapuré","nom_localite":"Nassibik","etablissement_nom":"Centre d'État Civil Annexe Nassikbik","etab_adr":"Centre d'État Civil Annexe Nassikbik, Nassibik, Bapuré, Dankpen 3","ouverture_jour":"{lundi,Jeudi,Mardi,Mercredi,Vendredi}","ministere_tutelle":"MATDDT"}},{"type":"Feature","id":"_mview_admi_etablissements_administration.fid--1b6ae3e2_1a0db278384_-3c03","geometry":{"type":"Point","coordinates":[0.94856759,9.94096613]},"geometry_name":"geometry","properties":{"region_nom_bdd":"Kara","prefecture_nom_bdd":"Kéran","commune_nom_bdd":"Kéran 2","canton_nom_bdd":"Ataloté","nom_localite":"Tchastè","etablissement_nom":"Centre d'État Civil Annexe Tchastè","etab_adr":"Centre d'État Civil Annexe Tchastè, Tchastè, Ataloté, Kéran 2","ouverture_jour":"{lundi,Mardi,Mercredi,Jeudi,Vendredi}","ministere_tutelle":"MATDDT"}},{"type":"Feature","id":"_mview_admi_etablissements_administration.fid--1b6ae3e2_1a0db278384_-3c02","geometry":{"type":"Point","coordinates":[1.05276422,9.95781787]},"geometry_name":"geometry","properties":{"region_nom_bdd":"Kara","prefecture_nom_bdd":"Kéran","commune_nom_bdd":"Kéran 1","canton_nom_bdd":"Kantè","nom_localite":"Kokote","etablissement_nom":"Centre d'État Civil Annexe Kokote","etab_adr":"Centre d'État Civil Annexe Kokote, Kokote, Kantè, Kéran 1","ouverture_jour":"{lundi,Mardi,Mercredi,Jeudi,Vendredi}","ministere_tutelle":"MATDDT"}},{"type":"Feature","id":"_mview_admi_etablissements_administration.fid--1b6ae3e2_1a0db278384_-3c01","geometry":{"type":"Point","coordinates":[1.02236688,8.07352221]},"geometry_name":"geometry","properties":{"region_nom_bdd":"Centrale","prefecture_nom_bdd":"Blitta","commune_nom_bdd":"Blitta 2","canton_nom_bdd":"Tcharè-Baou","nom_localite":"Siou-cope","etablissement_nom":"Centre d'État Civil Secondaire Siou-Cope","etab_adr":"Centre d'État Civil Secondaire Siou-Cope, Siou-Cope, Tcharè-Baou, Blitta 2","ouverture_jour":"{Mardi,lundi,Mercredi,Jeudi,Vendredi}","ministere_tutelle":"MATDDT"}},{"type":"Feature","id":"_mview_admi_etablissements_administration.fid--1b6ae3e2_1a0db278384_-3c00","geometry":{"type":"Point","coordinates":[0.61620517,9.52748539]},"geometry_name":"geometry","properties":{"region_nom_bdd":"Kara","prefecture_nom_bdd":"Dankpen","commune_nom_bdd":"Dankpen 3","canton_nom_bdd":"Bapuré","nom_localite":"Kpetab","etablissement_nom":"Centre d'État Civil Annexe Kpetab","etab_adr":"Centre d'État Civil Annexe Kpetab, Kpetab, Bapuré, Dankpen 3","ouverture_jour":"{lundi,Mardi,Mercredi,Jeudi,Vendredi}","ministere_tutelle":"MATDDT"}},{"type":"Feature","id":"_mview_admi_etablissements_administration.fid--1b6ae3e2_1a0db278384_-3bff","geometry":{"type":"Point","coordinates":[0.61619439,9.52745963]},"geometry_name":"geometry","properties":{"region_nom_bdd":"Kara","prefecture_nom_bdd":"Dankpen","commune_nom_bdd":"Dankpen 3","canton_nom_bdd":"Bapuré","nom_localite":"Kagmatchedo","etablissement_nom":"Centre d'État Civil Annexe Kagmatchedo","etab_adr":"Centre d'État Civil Annexe Kagmatchedo, Kagmatchedo, Bapuré, Dankpen 3","ouverture_jour":"{lundi,Mardi,Mercredi,Jeudi,Vendredi}","ministere_tutelle":"MATDDT"}},{"type":"Feature","id":"_mview_admi_etablissements_administration.fid--1b6ae3e2_1a0db278384_-3bfe","geometry":{"type":"Point","coordinates":[1.20502609,6.17659827]},"geometry_name":"geometry","properties":{"region_nom_bdd":"Maritime","prefecture_nom_bdd":"Golfe","commune_nom_bdd":"Golfe 3","canton_nom_bdd":"Bè-Ouest","nom_localite":"Be Klikame","etablissement_nom":"Centre d'État Civil Be Klikame","etab_adr":"Centre d'État Civil Be Klikame, Be Klikame, Bè-Ouest, Golfe 3","ouverture_jour":"{lundi,Mardi,Mercredi,Jeudi,Vendredi}","ministere_tutelle":"MATDDT"}},{"type":"Feature","id":"_mview_admi_etablissements_administration.fid--1b6ae3e2_1a0db278384_-3bfd","geometry":{"type":"Point","coordinates":[1.40905133,9.05244596]},"geometry_name":"geometry","properties":{"region_nom_bdd":"Centrale","prefecture_nom_bdd":"Tchamba","commune_nom_bdd":"Tchamba 1","canton_nom_bdd":"Larini","nom_localite":"Kpankpadja","etablissement_nom":"Centre d'État Civil Secondaire Kpankpadja","etab_adr":"Centre d'État Civil Secondaire Kpankpadja, Kpankpadja, Larini, Tchamba 1","ouverture_jour":"{lundi,Mardi,Mercredi,Jeudi,Vendredi,Samedi,Dimanche}","ministere_tutelle":"MATDDT"}},{"type":"Feature","id":"_mview_admi_etablissements_administration.fid--1b6ae3e2_1a0db278384_-3bfc","geometry":{"type":"Point","coordinates":[1.22084911,6.12364385]},"geometry_name":"geometry","properties":{"region_nom_bdd":"Maritime","prefecture_nom_bdd":"Golfe","commune_nom_bdd":"Golfe 4","canton_nom_bdd":"Amoutivé","nom_localite":"Prefecture Du Golfe","etablissement_nom":"Centre d'État Civil Central Precture du Golfe","etab_adr":"Centre d'État Civil Central Precture du Golfe, Prefecture Du Golfe, Amoutivé, Golfe 4, 01BP330 Lomé","ouverture_jour":"{lundi,Mardi,Mercredi,Jeudi,Vendredi}","ministere_tutelle":"MATDDT"}},{"type":"Feature","id":"_mview_admi_etablissements_administration.fid--1b6ae3e2_1a0db278384_-3bfb","geometry":{"type":"Point","coordinates":[0.75754142,10.0392099]},"geometry_name":"geometry","properties":{"region_nom_bdd":"Kara","prefecture_nom_bdd":"Kéran","commune_nom_bdd":"Kéran 2","canton_nom_bdd":"Ossacré","nom_localite":"Kpelenga","etablissement_nom":"Centre d'État Civil Annexe Ossacre","etab_adr":"Centre d'État Civil Annexe Ossacre, Kpelenga, Ossacré, Kéran 2","ouverture_jour":"{lundi,Mardi,Mercredi,Jeudi,Vendredi,Samedi}","ministere_tutelle":"MATDDT"}},{"type":"Feature","id":"_mview_admi_etablissements_administration.fid--1b6ae3e2_1a0db278384_-3bfa","geometry":{"type":"Point","coordinates":[0.10935216,11.03894801]},"geometry_name":"geometry","properties":{"region_nom_bdd":"Savanes","prefecture_nom_bdd":"Cinkassé","commune_nom_bdd":"Cinkassé 2","canton_nom_bdd":"Timbou","nom_localite":"Timbou","etablissement_nom":"Mairie - Commune Cinkassé 2","etab_adr":"Mairie - Commune Cinkassé 2, Timbou, Timbou, Cinkassé 2","ouverture_jour":"{lundi,Mardi,Mercredi,Jeudi,Vendredi,Samedi}","ministere_tutelle":"MATDDT"}},{"type":"Feature","id":"_mview_admi_etablissements_administration.fid--1b6ae3e2_1a0db278384_-3bf9","geometry":{"type":"Point","coordinates":[1.24717096,6.19685768]},"geometry_name":"geometry","properties":{"region_nom_bdd":"Maritime","prefecture_nom_bdd":"Golfe","commune_nom_bdd":"Golfe 2","canton_nom_bdd":"Bè-Centre","nom_localite":"Hedzranaowé","etablissement_nom":"Centre d'État Civil Hedranawoe","etab_adr":"Centre d'État Civil Hedranawoe, Hedzranaowé, Bè-Centre, Golfe 2","ouverture_jour":"{lundi,Mardi,Mercredi,Jeudi,Vendredi}","ministere_tutelle":"MATDDT"}},{"type":"Feature","id":"_mview_admi_etablissements_administration.fid--1b6ae3e2_1a0db278384_-3bf8","geometry":{"type":"Point","coordinates":[1.55187392,9.16158143]},"geometry_name":"geometry","properties":{"region_nom_bdd":"Centrale","prefecture_nom_bdd":"Tchamba","commune_nom_bdd":"Tchamba 1","canton_nom_bdd":"Affem","nom_localite":"Affem Kidjanda","etablissement_nom":"Centre d'État Civil Affem Kidjanda","etab_adr":"Centre d'État Civil Affem Kidjanda, Affem Kidjanda, Affem, Tchamba 1","ouverture_jour":"{Dimanche,Samedi,Vendredi,Jeudi,Mercredi,Mardi,lundi}","ministere_tutelle":"MATDDT"}},{"type":"Feature","id":"_mview_admi_etablissements_administration.fid--1b6ae3e2_1a0db278384_-3bf7","geometry":{"type":"Point","coordinates":[1.41266362,9.00488724]},"geometry_name":"geometry","properties":{"region_nom_bdd":"Centrale","prefecture_nom_bdd":"Tchamba","commune_nom_bdd":"Tchamba 1","canton_nom_bdd":"Tchamba","nom_localite":"Medina","etablissement_nom":"Centre d'État Civil Secondaire Medina","etab_adr":"Centre d'État Civil Secondaire Medina, Medina, Tchamba, Tchamba 1","ouverture_jour":"{Mardi,Mercredi,Jeudi,Vendredi,Samedi,Dimanche}","ministere_tutelle":"MATDDT"}},{"type":"Feature","id":"_mview_admi_etablissements_administration.fid--1b6ae3e2_1a0db278384_-3bf6","geometry":{"type":"Point","coordinates":[1.03608183,8.37075982]},"geometry_name":"geometry","properties":{"region_nom_bdd":"Centrale","prefecture_nom_bdd":"Blitta","commune_nom_bdd":"Blitta 1","canton_nom_bdd":"Blitta-Village","nom_localite":"Finade","etablissement_nom":"Centre d'État Civil Secondaire Finade","etab_adr":"Centre d'État Civil Secondaire Finade, Finade, Blitta-Village, Blitta 1","ouverture_jour":"{lundi,Mardi,Mercredi,Vendredi}","ministere_tutelle":"MATDDT"}},{"type":"Feature","id":"_mview_admi_etablissements_administration.fid--1b6ae3e2_1a0db278384_-3bf5","geometry":{"type":"Point","coordinates":[1.19336,7.779675]},"geometry_name":"geometry","properties":{"region_nom_bdd":"Plateaux","prefecture_nom_bdd":"Anié","commune_nom_bdd":"Anié 1","canton_nom_bdd":"Anié","nom_localite":"Anie","etablissement_nom":"Mairie - Commune Anié 1","etab_adr":"Mairie - Commune Anié 1, Anie, Anié, Anié 1, BP30","ouverture_jour":"{lundi,Mardi,Mercredi,Jeudi,Vendredi}","ministere_tutelle":"MATDDT"}},{"type":"Feature","id":"_mview_admi_etablissements_administration.fid--1b6ae3e2_1a0db278384_-3bf4","geometry":{"type":"Point","coordinates":[1.19933863,9.53466582]},"geometry_name":"geometry","properties":{"region_nom_bdd":"Kara","prefecture_nom_bdd":"Kozah","commune_nom_bdd":"Kozah 1","canton_nom_bdd":"Commune De Kara","nom_localite":"Kara Sud","etablissement_nom":"Centre d'État Civil Annexe Kara Sud","etab_adr":"Centre d'État Civil Annexe Kara Sud, Kara Sud, Commune De Kara, Kozah 1","ouverture_jour":"{Mardi,Mercredi,lundi,Jeudi,Vendredi}","ministere_tutelle":"MATDDT"}},{"type":"Feature","id":"_mview_admi_etablissements_administration.fid--1b6ae3e2_1a0db278384_-3bf3","geometry":{"type":"Point","coordinates":[1.22636313,6.33034492]},"geometry_name":"geometry","properties":{"region_nom_bdd":"Maritime","prefecture_nom_bdd":"Agoè-Nyivé","commune_nom_bdd":"Agoè-Nyivé 6","canton_nom_bdd":"Adétikopé","nom_localite":"Akplome","etablissement_nom":"Centre d'État Civil Adetikope","etab_adr":"Centre d'État Civil Adetikope, Akplome, Adétikopé, Agoè-Nyivé 6","ouverture_jour":"{lundi,Mardi,Mercredi,Jeudi,Vendredi,Samedi}","ministere_tutelle":"MATDDT"}},{"type":"Feature","id":"_mview_admi_etablissements_administration.fid--1b6ae3e2_1a0db278384_-3bf2","geometry":{"type":"Point","coordinates":[1.47911053,6.20964024]},"geometry_name":"geometry","properties":{"region_nom_bdd":"Maritime","prefecture_nom_bdd":"Lacs","commune_nom_bdd":"Lacs 3","canton_nom_bdd":"Agbodrafo","nom_localite":"Agbodrafo","etablissement_nom":"Mairie - Commune Lacs 3","etab_adr":"Mairie - Commune Lacs 3, Agbodrafo, Agbodrafo, Lacs 3, 110BP83","ouverture_jour":"{Jeudi,lundi,Mardi,Mercredi,Vendredi}","ministere_tutelle":"MATDDT"}},{"type":"Feature","id":"_mview_admi_etablissements_administration.fid--1b6ae3e2_1a0db278384_-3bf1","geometry":{"type":"Point","coordinates":[1.2408707,9.23031482]},"geometry_name":"geometry","properties":{"region_nom_bdd":"Centrale","prefecture_nom_bdd":"Tchaoudjo","commune_nom_bdd":"Tchaoudjo 3","canton_nom_bdd":"Kéméni","nom_localite":"Ayouwade","etablissement_nom":"Centre d'État Civil Annexe Ayouwade","etab_adr":"Centre d'État Civil Annexe Ayouwade, Ayouwade, Kéméni, Tchaoudjo 3","ouverture_jour":"{lundi,Mardi,Mercredi,Jeudi,Vendredi,Samedi,Dimanche}","ministere_tutelle":"MATDDT"}},{"type":"Feature","id":"_mview_admi_etablissements_administration.fid--1b6ae3e2_1a0db278384_-3bf0","geometry":{"type":"Point","coordinates":[1.17268103,6.95843332]},"geometry_name":"geometry","properties":{"region_nom_bdd":"Plateaux","prefecture_nom_bdd":"Haho","commune_nom_bdd":"Haho 1","canton_nom_bdd":"Notsé","nom_localite":"Notsé","etablissement_nom":"Préfecture - Haho","etab_adr":"Préfecture - Haho, Notsé, Notsé, Haho 1, BP64","ouverture_jour":"{lundi,Mardi,Jeudi,Mercredi,Vendredi}","ministere_tutelle":"MATDDT"}},{"type":"Feature","id":"_mview_admi_etablissements_administration.fid--1b6ae3e2_1a0db278384_-3bef","geometry":{"type":"Point","coordinates":[1.18257672,6.24475704]},"geometry_name":"geometry","properties":{"region_nom_bdd":"Maritime","prefecture_nom_bdd":"Agoè-Nyivé","commune_nom_bdd":"Agoè-Nyivé 1","canton_nom_bdd":"Agoè-Nyivé","nom_localite":"Agonkui","etablissement_nom":"Centre d'État Civil Central la Commune Agoenyieve 1","etab_adr":"Centre d'État Civil Central la Commune Agoenyieve 1, Agonkui, Agoè-Nyivé, Agoè-Nyivé 1","ouverture_jour":"{lundi,Mercredi,Vendredi,Jeudi}","ministere_tutelle":"MATDDT"}},{"type":"Feature","id":"_mview_admi_etablissements_administration.fid--1b6ae3e2_1a0db278384_-3bee","geometry":{"type":"Point","coordinates":[1.1273396,7.53281023]},"geometry_name":"geometry","properties":{"region_nom_bdd":"Plateaux","prefecture_nom_bdd":"Ogou","commune_nom_bdd":"Ogou 1","canton_nom_bdd":"Djama","nom_localite":"Djama","etablissement_nom":"Centre d'État Civil Annexe CHR Atakpamé","etab_adr":"Centre d'État Civil Annexe CHR Atakpamé, Djama, Djama, Ogou 1","ouverture_jour":"{lundi,Mardi,Mercredi,Jeudi,Vendredi}","ministere_tutelle":"MATDDT"}},{"type":"Feature","id":"_mview_admi_etablissements_administration.fid--1b6ae3e2_1a0db278384_-3bed","geometry":{"type":"Point","coordinates":[1.16506545,6.21240279]},"geometry_name":"geometry","properties":{"region_nom_bdd":"Maritime","prefecture_nom_bdd":"Agoè-Nyivé","commune_nom_bdd":"Agoè-Nyivé 3","canton_nom_bdd":"Vakpossito","nom_localite":"Nsp","etablissement_nom":"Centre d'État Civil Central Vakpossito","etab_adr":"Centre d'État Civil Central Vakpossito, , Vakpossito, Agoè-Nyivé 3","ouverture_jour":"{lundi,Mardi,Mercredi,Jeudi,Vendredi}","ministere_tutelle":"MATDDT"}},{"type":"Feature","id":"_mview_admi_etablissements_administration.fid--1b6ae3e2_1a0db278384_-3bec","geometry":{"type":"Point","coordinates":[1.08955545,9.86832038]},"geometry_name":"geometry","properties":{"region_nom_bdd":"Kara","prefecture_nom_bdd":"Doufelgou","commune_nom_bdd":"Doufelgou 2","canton_nom_bdd":"Défalé","nom_localite":"Defale","etablissement_nom":"Mairie - Commune Doufelgou 2","etab_adr":"Mairie - Commune Doufelgou 2, Defale, Défalé, Doufelgou 2, BP88 Niamtougou","ouverture_jour":"{lundi,Mardi,Mercredi,Jeudi,Vendredi}","ministere_tutelle":"MATDDT"}},{"type":"Feature","id":"_mview_admi_etablissements_administration.fid--1b6ae3e2_1a0db278384_-3beb","geometry":{"type":"Point","coordinates":[1.11211193,6.86939112]},"geometry_name":"geometry","properties":{"region_nom_bdd":"Plateaux","prefecture_nom_bdd":"Haho","commune_nom_bdd":"Haho 1","canton_nom_bdd":"Atchavé","nom_localite":"Logokpe","etablissement_nom":"Centre d'État Civil Logokpe","etab_adr":"Centre d'État Civil Logokpe, Logokpe, Atchavé, Haho 1","ouverture_jour":"{lundi,Mercredi,Mardi,Jeudi,Vendredi}","ministere_tutelle":"MATDDT"}},{"type":"Feature","id":"_mview_admi_etablissements_administration.fid--1b6ae3e2_1a0db278384_-3bea","geometry":{"type":"Point","coordinates":[0.97756099,6.88414109]},"geometry_name":"geometry","properties":{"region_nom_bdd":"Plateaux","prefecture_nom_bdd":"Haho","commune_nom_bdd":"Haho 1","canton_nom_bdd":"Hahomégbé","nom_localite":"Batoume","etablissement_nom":"Centre d'État Civil Batoume","etab_adr":"Centre d'État Civil Batoume, Batoume, Notsé, Haho 1","ouverture_jour":"{lundi,Mardi,Mercredi,Jeudi,Vendredi}","ministere_tutelle":"MATDDT"}},{"type":"Feature","id":"_mview_admi_etablissements_administration.fid--1b6ae3e2_1a0db278384_-3be9","geometry":{"type":"Point","coordinates":[1.02318526,6.93257075]},"geometry_name":"geometry","properties":{"region_nom_bdd":"Plateaux","prefecture_nom_bdd":"Haho","commune_nom_bdd":"Haho 1","canton_nom_bdd":"Hahomégbé","nom_localite":"Hahomegbe","etablissement_nom":"Centre d'État Civil Hahomegbe","etab_adr":"Centre d'État Civil Hahomegbe, Hahomegbe, Notsé, Haho 1","ouverture_jour":"{lundi,Mardi,Mercredi,Jeudi,Vendredi}","ministere_tutelle":"MATDDT"}},{"type":"Feature","id":"_mview_admi_etablissements_administration.fid--1b6ae3e2_1a0db278384_-3be8","geometry":{"type":"Point","coordinates":[1.3759457,6.98585997]},"geometry_name":"geometry","properties":{"region_nom_bdd":"Plateaux","prefecture_nom_bdd":"Haho","commune_nom_bdd":"Haho 2","canton_nom_bdd":"Asrama","nom_localite":"Tohouedehoue","etablissement_nom":"Centre d'État Civil Tohouedehoue","etab_adr":"Centre d'État Civil Tohouedehoue, Tohouedehoue, Asrama, Haho 2","ouverture_jour":"{lundi,Mardi,Mercredi,Jeudi,Vendredi}","ministere_tutelle":"MATDDT"}},{"type":"Feature","id":"_mview_admi_etablissements_administration.fid--1b6ae3e2_1a0db278384_-3be7","geometry":{"type":"Point","coordinates":[1.17405442,6.95130747]},"geometry_name":"geometry","properties":{"region_nom_bdd":"Plateaux","prefecture_nom_bdd":"Haho","commune_nom_bdd":"Haho 1","canton_nom_bdd":"Notsé","nom_localite":"Notsé-ekli","etablissement_nom":"Centre d'État Civil Chp Notse","etab_adr":"Centre d'État Civil Chp Notse, Notsé-Ekli, Notsé, Haho 1","ouverture_jour":"{lundi,Mardi,Mercredi,Jeudi,Vendredi}","ministere_tutelle":"MATDDT"}},{"type":"Feature","id":"_mview_admi_etablissements_administration.fid--1b6ae3e2_1a0db278384_-3be6","geometry":{"type":"Point","coordinates":[0.59678775,9.20325497]},"geometry_name":"geometry","properties":{"region_nom_bdd":"Kara","prefecture_nom_bdd":"Bassar","commune_nom_bdd":"Bassar 2","canton_nom_bdd":"Dimori","nom_localite":"Dimori Centre","etablissement_nom":"Centre d'État Civil Dimori","etab_adr":"Centre d'État Civil Dimori, Dimori Centre, Dimori, Bassar 2","ouverture_jour":"{lundi,Mardi,Mercredi,Jeudi,Vendredi}","ministere_tutelle":"MATDDT"}},{"type":"Feature","id":"_mview_admi_etablissements_administration.fid--1b6ae3e2_1a0db278384_-3be5","geometry":{"type":"Point","coordinates":[1.02766311,8.07044413]},"geometry_name":"geometry","properties":{"region_nom_bdd":"Centrale","prefecture_nom_bdd":"Blitta","commune_nom_bdd":"Blitta 2","canton_nom_bdd":"Tcharè-Baou","nom_localite":"Niamtougou-cope","etablissement_nom":"Centre d'État Civil Secondaire Niamtougou-Cope","etab_adr":"Centre d'État Civil Secondaire Niamtougou-Cope, Niamtougou-Cope, Tcharè-Baou, Blitta 2","ouverture_jour":"{lundi,Mardi,Mercredi,Jeudi,Vendredi}","ministere_tutelle":"MATDDT"}},{"type":"Feature","id":"_mview_admi_etablissements_administration.fid--1b6ae3e2_1a0db278384_-3be4","geometry":{"type":"Point","coordinates":[0.84451763,7.92231363]},"geometry_name":"geometry","properties":{"region_nom_bdd":"Plateaux","prefecture_nom_bdd":"Akébou","commune_nom_bdd":"Akébou 2","canton_nom_bdd":"Kamina-Akébou","nom_localite":"Kamina","etablissement_nom":"Mairie - Commune Akébou 2","etab_adr":"Mairie - Commune Akébou 2, Kamina, Kamina-Akébou, Akébou 2, BP44 Kougnohou","ouverture_jour":"{lundi,Mardi,Mercredi,Jeudi,Vendredi,Samedi}","ministere_tutelle":"MATDDT"}},{"type":"Feature","id":"_mview_admi_etablissements_administration.fid--1b6ae3e2_1a0db278384_-3be3","geometry":{"type":"Point","coordinates":[1.34923167,6.99809167]},"geometry_name":"geometry","properties":{"region_nom_bdd":"Plateaux","prefecture_nom_bdd":"Haho","commune_nom_bdd":"Haho 2","canton_nom_bdd":"Djemegni","nom_localite":"Tsagba","etablissement_nom":"Centre d'État Civil Tsagba","etab_adr":"Centre d'État Civil Tsagba, Tsagba, Djemegni, Haho 2","ouverture_jour":"{lundi,Mardi,Mercredi,Jeudi,Vendredi}","ministere_tutelle":"MATDDT"}},{"type":"Feature","id":"_mview_admi_etablissements_administration.fid--1b6ae3e2_1a0db278384_-3be2","geometry":{"type":"Point","coordinates":[1.11052517,8.27075985]},"geometry_name":"geometry","properties":{"region_nom_bdd":"Centrale","prefecture_nom_bdd":"Blitta","commune_nom_bdd":"Blitta 1","canton_nom_bdd":"Tchaloudè","nom_localite":"Kaza-cope","etablissement_nom":"Centre d'État Civil Secondaire Kaza-Cope","etab_adr":"Centre d'État Civil Secondaire Kaza-Cope, Kaza-Cope, Tchaloudè, Blitta 1","ouverture_jour":"{lundi,Mardi,Mercredi,Jeudi,Vendredi}","ministere_tutelle":"MATDDT"}},{"type":"Feature","id":"_mview_admi_etablissements_administration.fid--1b6ae3e2_1a0db278384_-3be1","geometry":{"type":"Point","coordinates":[1.17017167,7.024405]},"geometry_name":"geometry","properties":{"region_nom_bdd":"Plateaux","prefecture_nom_bdd":"Haho","commune_nom_bdd":"Haho 3","canton_nom_bdd":"Kpédomé","nom_localite":"Zitsou","etablissement_nom":"Centre d'État Civil Zitsou","etab_adr":"Centre d'État Civil Zitsou, Zitsou, Kpédomé, Haho 3","ouverture_jour":"{lundi,Mardi,Mercredi,Jeudi,Vendredi}","ministere_tutelle":"MATDDT"}},{"type":"Feature","id":"_mview_admi_etablissements_administration.fid--1b6ae3e2_1a0db278384_-3be0","geometry":{"type":"Point","coordinates":[1.21543381,6.86084747]},"geometry_name":"geometry","properties":{"region_nom_bdd":"Plateaux","prefecture_nom_bdd":"Haho","commune_nom_bdd":"Haho 1","canton_nom_bdd":"Atchavé","nom_localite":"Atchave","etablissement_nom":"Centre d'État Civil Atsave","etab_adr":"Centre d'État Civil Atsave, Atchave, Atchavé, Haho 1","ouverture_jour":"{Jeudi}","ministere_tutelle":"MATDDT"}},{"type":"Feature","id":"_mview_admi_etablissements_administration.fid--1b6ae3e2_1a0db278384_-3bdf","geometry":{"type":"Point","coordinates":[1.39102101,7.02253385]},"geometry_name":"geometry","properties":{"region_nom_bdd":"Plateaux","prefecture_nom_bdd":"Haho","commune_nom_bdd":"Haho 2","canton_nom_bdd":"Asrama","nom_localite":"Kame","etablissement_nom":"Centre d'État Civil Kame","etab_adr":"Centre d'État Civil Kame, Kame, Asrama, Haho 2","ouverture_jour":"{lundi,Mardi,Jeudi,Mercredi,Vendredi}","ministere_tutelle":"MATDDT"}},{"type":"Feature","id":"_mview_admi_etablissements_administration.fid--1b6ae3e2_1a0db278384_-3bde","geometry":{"type":"Point","coordinates":[1.37715196,6.99037695]},"geometry_name":"geometry","properties":{"region_nom_bdd":"Plateaux","prefecture_nom_bdd":"Haho","commune_nom_bdd":"Haho 2","canton_nom_bdd":"Asrama","nom_localite":"Klotchome","etablissement_nom":"Centre d'État Civil Klotchome","etab_adr":"Centre d'État Civil Klotchome, Klotchome, Asrama, Haho 2","ouverture_jour":"{lundi,Mardi,Mercredi,Jeudi,Vendredi}","ministere_tutelle":"MATDDT"}},{"type":"Feature","id":"_mview_admi_etablissements_administration.fid--1b6ae3e2_1a0db278384_-3bdd","geometry":{"type":"Point","coordinates":[1.33425,6.99532]},"geometry_name":"geometry","properties":{"region_nom_bdd":"Plateaux","prefecture_nom_bdd":"Haho","commune_nom_bdd":"Haho 2","canton_nom_bdd":"Djemegni","nom_localite":"Kponou","etablissement_nom":"Centre d'État Civil Kponou","etab_adr":"Centre d'État Civil Kponou, Kponou, Djemegni, Haho 2","ouverture_jour":"{lundi,Mardi,Jeudi,Mercredi,Vendredi}","ministere_tutelle":"MATDDT"}},{"type":"Feature","id":"_mview_admi_etablissements_administration.fid--1b6ae3e2_1a0db278384_-3bdc","geometry":{"type":"Point","coordinates":[1.50022756,7.01388027]},"geometry_name":"geometry","properties":{"region_nom_bdd":"Plateaux","prefecture_nom_bdd":"Haho","commune_nom_bdd":"Haho 2","canton_nom_bdd":"Asrama","nom_localite":"Tetetou","etablissement_nom":"Centre d'État Civil Tetetou","etab_adr":"Centre d'État Civil Tetetou, Tetetou, Asrama, Haho 2","ouverture_jour":"{lundi,Jeudi,Vendredi}","ministere_tutelle":"MATDDT"}},{"type":"Feature","id":"_mview_admi_etablissements_administration.fid--1b6ae3e2_1a0db278384_-3bdb","geometry":{"type":"Point","coordinates":[1.41363088,9.19569797]},"geometry_name":"geometry","properties":{"region_nom_bdd":"Centrale","prefecture_nom_bdd":"Tchamba","commune_nom_bdd":"Tchamba 1","canton_nom_bdd":"Kri-Kri","nom_localite":"Kola","etablissement_nom":"Centre d'État Civil Secondaire Kri-Kri","etab_adr":"Centre d'État Civil Secondaire Kri-Kri, Kola, Kri-Kri, Tchamba 1","ouverture_jour":"{lundi,Mardi,Mercredi,Jeudi,Vendredi}","ministere_tutelle":"MATDDT"}},{"type":"Feature","id":"_mview_admi_etablissements_administration.fid--1b6ae3e2_1a0db278384_-3bda","geometry":{"type":"Point","coordinates":[1.34419165,6.83628926]},"geometry_name":"geometry","properties":{"region_nom_bdd":"Plateaux","prefecture_nom_bdd":"Haho","commune_nom_bdd":"Haho 1","canton_nom_bdd":"Dalia","nom_localite":"Agoto","etablissement_nom":"Centre d'État Civil Agoto","etab_adr":"Centre d'État Civil Agoto, Agoto, Dalia, Haho 1","ouverture_jour":"{lundi,Mardi,Mercredi}","ministere_tutelle":"MATDDT"}},{"type":"Feature","id":"_mview_admi_etablissements_administration.fid--1b6ae3e2_1a0db278384_-3bd9","geometry":{"type":"Point","coordinates":[1.30631075,6.90083058]},"geometry_name":"geometry","properties":{"region_nom_bdd":"Plateaux","prefecture_nom_bdd":"Haho","commune_nom_bdd":"Haho 2","canton_nom_bdd":"Djemegni","nom_localite":"Totave","etablissement_nom":"Centre d'État Civil Totave","etab_adr":"Centre d'État Civil Totave, Totave, Djemegni, Haho 2","ouverture_jour":"{lundi,Mardi,Mercredi,Jeudi,Vendredi}","ministere_tutelle":"MATDDT"}},{"type":"Feature","id":"_mview_admi_etablissements_administration.fid--1b6ae3e2_1a0db278384_-3bd8","geometry":{"type":"Point","coordinates":[1.22980209,6.89391605]},"geometry_name":"geometry","properties":{"region_nom_bdd":"Plateaux","prefecture_nom_bdd":"Haho","commune_nom_bdd":"Haho 1","canton_nom_bdd":"Atchavé","nom_localite":"Atitsohoe","etablissement_nom":"Centre d'État Civil d'Atitsohoe","etab_adr":"Centre d'État Civil d'Atitsohoe, Atitsohoe, Atchavé, Haho 1","ouverture_jour":"{lundi,Mardi,Mercredi,Jeudi,Vendredi}","ministere_tutelle":"MATDDT"}},{"type":"Feature","id":"_mview_admi_etablissements_administration.fid--1b6ae3e2_1a0db278384_-3bd7","geometry":{"type":"Point","coordinates":[1.15259515,8.42432185]},"geometry_name":"geometry","properties":{"region_nom_bdd":"Centrale","prefecture_nom_bdd":"Sotouboua","commune_nom_bdd":"Sotouboua 3","canton_nom_bdd":"Kazaboua","nom_localite":"Kaza","etablissement_nom":"Centre d'État Civil Secondaire Kaza","etab_adr":"Centre d'État Civil Secondaire Kaza, Kaza, Kazaboua, Sotouboua 3","ouverture_jour":"{Vendredi,Jeudi,Mercredi,Mardi,lundi}","ministere_tutelle":"MATDDT"}},{"type":"Feature","id":"_mview_admi_etablissements_administration.fid--1b6ae3e2_1a0db278384_-3bd6","geometry":{"type":"Point","coordinates":[1.41794259,8.94543651]},"geometry_name":"geometry","properties":{"region_nom_bdd":"Centrale","prefecture_nom_bdd":"Tchamba","commune_nom_bdd":"Tchamba 1","canton_nom_bdd":"Alibi I","nom_localite":"Megnegnemewa","etablissement_nom":"Centre d'État Civil Secondaire Alibi 1","etab_adr":"Centre d'État Civil Secondaire Alibi 1, Megnegnemewa, Alibi I, Tchamba 1","ouverture_jour":"{Mardi,Mercredi,Vendredi}","ministere_tutelle":"MATDDT"}},{"type":"Feature","id":"_mview_admi_etablissements_administration.fid--1b6ae3e2_1a0db278384_-3bd5","geometry":{"type":"Point","coordinates":[1.51421684,9.13560305]},"geometry_name":"geometry","properties":{"region_nom_bdd":"Centrale","prefecture_nom_bdd":"Tchamba","commune_nom_bdd":"Tchamba 1","canton_nom_bdd":"Affem","nom_localite":"Affem Kabye","etablissement_nom":"Centre d'État Civil Secondaire Affem Kabye","etab_adr":"Centre d'État Civil Secondaire Affem Kabye, Affem Kabye, Affem, Tchamba 1","ouverture_jour":"{lundi,Mardi,Mercredi,Vendredi,Samedi,Dimanche}","ministere_tutelle":"MATDDT"}},{"type":"Feature","id":"_mview_admi_etablissements_administration.fid--1b6ae3e2_1a0db278384_-3bd4","geometry":{"type":"Point","coordinates":[1.43798413,9.02365854]},"geometry_name":"geometry","properties":{"region_nom_bdd":"Centrale","prefecture_nom_bdd":"Tchamba","commune_nom_bdd":"Tchamba 1","canton_nom_bdd":"Tchamba","nom_localite":"Kouboni 3","etablissement_nom":"Centre d'État Civil Secondaire Kouboni 3","etab_adr":"Centre d'État Civil Secondaire Kouboni 3, Kouboni 3, Tchamba, Tchamba 1","ouverture_jour":"{Dimanche,Samedi,Vendredi,Jeudi,Mercredi,Mardi,lundi}","ministere_tutelle":"MATDDT"}},{"type":"Feature","id":"_mview_admi_etablissements_administration.fid--1b6ae3e2_1a0db278384_-3bd3","geometry":{"type":"Point","coordinates":[1.46812672,8.65123342]},"geometry_name":"geometry","properties":{"region_nom_bdd":"Centrale","prefecture_nom_bdd":"Tchamba","commune_nom_bdd":"Tchamba 3","canton_nom_bdd":"Goubi","nom_localite":"Idissin","etablissement_nom":"Centre d'État Civil Secondaire Goubi","etab_adr":"Centre d'État Civil Secondaire Goubi, Idissin, Goubi, Tchamba 3","ouverture_jour":"{Dimanche,Samedi,Vendredi,Jeudi,Mercredi,Mardi,lundi}","ministere_tutelle":"MATDDT"}},{"type":"Feature","id":"_mview_admi_etablissements_administration.fid--1b6ae3e2_1a0db278384_-3bd2","geometry":{"type":"Point","coordinates":[1.48313419,9.00103832]},"geometry_name":"geometry","properties":{"region_nom_bdd":"Centrale","prefecture_nom_bdd":"Tchamba","commune_nom_bdd":"Tchamba 1","canton_nom_bdd":"Tchamba","nom_localite":"Dantcho","etablissement_nom":"Centre d'État Civil Secondaire Dantcho","etab_adr":"Centre d'État Civil Secondaire Dantcho, Dantcho, Tchamba, Tchamba 1","ouverture_jour":"{Dimanche,Samedi,Vendredi,Jeudi,Mercredi,Mardi,lundi}","ministere_tutelle":"MATDDT"}},{"type":"Feature","id":"_mview_admi_etablissements_administration.fid--1b6ae3e2_1a0db278384_-3bd1","geometry":{"type":"Point","coordinates":[1.42230282,9.03028926]},"geometry_name":"geometry","properties":{"region_nom_bdd":"Centrale","prefecture_nom_bdd":"Tchamba","commune_nom_bdd":"Tchamba 1","canton_nom_bdd":"Tchamba","nom_localite":"Kouboni 1","etablissement_nom":"Centre d'État Civil Secondaire Kouboni 1","etab_adr":"Centre d'État Civil Secondaire Kouboni 1, Kouboni 1, Tchamba, Tchamba 1","ouverture_jour":"{Vendredi,Dimanche}","ministere_tutelle":"MATDDT"}},{"type":"Feature","id":"_mview_admi_etablissements_administration.fid--1b6ae3e2_1a0db278384_-3bd0","geometry":{"type":"Point","coordinates":[1.59293529,8.75130271]},"geometry_name":"geometry","properties":{"region_nom_bdd":"Centrale","prefecture_nom_bdd":"Tchamba","commune_nom_bdd":"Tchamba 3","canton_nom_bdd":"Kaboli","nom_localite":"Kaboli1","etablissement_nom":"Centre d'État Civil Secondaire Kaboli 1","etab_adr":"Centre d'État Civil Secondaire Kaboli 1, Kaboli1, Kaboli, Tchamba 3","ouverture_jour":"{Samedi,Vendredi,Jeudi,Mercredi,Mardi,lundi}","ministere_tutelle":"MATDDT"}},{"type":"Feature","id":"_mview_admi_etablissements_administration.fid--1b6ae3e2_1a0db278384_-3bcf","geometry":{"type":"Point","coordinates":[1.61268511,8.71064188]},"geometry_name":"geometry","properties":{"region_nom_bdd":"Centrale","prefecture_nom_bdd":"Tchamba","commune_nom_bdd":"Tchamba 3","canton_nom_bdd":"Kaboli","nom_localite":"Agbasikiti","etablissement_nom":"Centre d'État Civil Secondaire Agbasikiti","etab_adr":"Centre d'État Civil Secondaire Agbasikiti, Agbasikiti, Kaboli, Tchamba 3","ouverture_jour":"{lundi,Mardi,Mercredi,Jeudi,Vendredi,Samedi}","ministere_tutelle":"MATDDT"}},{"type":"Feature","id":"_mview_admi_etablissements_administration.fid--1b6ae3e2_1a0db278384_-3bce","geometry":{"type":"Point","coordinates":[1.0047676,8.61030667]},"geometry_name":"geometry","properties":{"region_nom_bdd":"Centrale","prefecture_nom_bdd":"Sotouboua","commune_nom_bdd":"Sotouboua 1","canton_nom_bdd":"Kaniamboua","nom_localite":"Bbago","etablissement_nom":"Centre d'État Civil Secondaire Kaniamboua","etab_adr":"Centre d'État Civil Secondaire Kaniamboua, Bbago, Kaniamboua, Sotouboua 1","ouverture_jour":"{Vendredi,Jeudi,Mercredi,Mardi,lundi}","ministere_tutelle":"MATDDT"}},{"type":"Feature","id":"_mview_admi_etablissements_administration.fid--1b6ae3e2_1a0db278384_-3bcd","geometry":{"type":"Point","coordinates":[0.89021507,8.41301649]},"geometry_name":"geometry","properties":{"region_nom_bdd":"Centrale","prefecture_nom_bdd":"Sotouboua","commune_nom_bdd":"Sotouboua 3","canton_nom_bdd":"Tchébébé","nom_localite":"Mewede","etablissement_nom":"Centre d'État Civil Secondaire Mawede","etab_adr":"Centre d'État Civil Secondaire Mawede, Mewede, Tchébébé, Sotouboua 3","ouverture_jour":"{Mercredi}","ministere_tutelle":"MATDDT"}},{"type":"Feature","id":"_mview_admi_etablissements_administration.fid--1b6ae3e2_1a0db278384_-3bcc","geometry":{"type":"Point","coordinates":[1.52810605,8.67411321]},"geometry_name":"geometry","properties":{"region_nom_bdd":"Centrale","prefecture_nom_bdd":"Tchamba","commune_nom_bdd":"Tchamba 3","canton_nom_bdd":"Goubi","nom_localite":"Bila","etablissement_nom":"Centre d'État Civil Secondaire Bila","etab_adr":"Centre d'État Civil Secondaire Bila, Bila, Goubi, Tchamba 3","ouverture_jour":"{Dimanche,Samedi,Vendredi,Jeudi,Mercredi,Mardi,lundi}","ministere_tutelle":"MATDDT"}},{"type":"Feature","id":"_mview_admi_etablissements_administration.fid--1b6ae3e2_1a0db278384_-3bcb","geometry":{"type":"Point","coordinates":[1.55679198,8.70172373]},"geometry_name":"geometry","properties":{"region_nom_bdd":"Centrale","prefecture_nom_bdd":"Tchamba","commune_nom_bdd":"Tchamba 3","canton_nom_bdd":"Kaboli","nom_localite":"Atafa2","etablissement_nom":"Centre d'État Civil Secondaire Atafa 2","etab_adr":"Centre d'État Civil Secondaire Atafa 2, Atafa2, Kaboli, Tchamba 3","ouverture_jour":"{lundi,Mardi,Mercredi,Jeudi,Vendredi}","ministere_tutelle":"MATDDT"}},{"type":"Feature","id":"_mview_admi_etablissements_administration.fid--1b6ae3e2_1a0db278384_-3bca","geometry":{"type":"Point","coordinates":[1.61581022,8.76200472]},"geometry_name":"geometry","properties":{"region_nom_bdd":"Centrale","prefecture_nom_bdd":"Tchamba","commune_nom_bdd":"Tchamba 3","canton_nom_bdd":"Kaboli","nom_localite":"Solimbia","etablissement_nom":"Centre d'État Civil Secondaire Solimbia","etab_adr":"Centre d'État Civil Secondaire Solimbia, Solimbia, Kaboli, Tchamba 3","ouverture_jour":"{lundi,Mardi,Mercredi,Jeudi,Vendredi}","ministere_tutelle":"MATDDT"}},{"type":"Feature","id":"_mview_admi_etablissements_administration.fid--1b6ae3e2_1a0db278384_-3bc9","geometry":{"type":"Point","coordinates":[1.53726553,9.12454111]},"geometry_name":"geometry","properties":{"region_nom_bdd":"Centrale","prefecture_nom_bdd":"Tchamba","commune_nom_bdd":"Tchamba 1","canton_nom_bdd":"Affem","nom_localite":"Affem Alam","etablissement_nom":"Centre d'État Civil Secondaire Affem Boussou","etab_adr":"Centre d'État Civil Secondaire Affem Boussou, Affem Alam, Affem, Tchamba 1","ouverture_jour":"{lundi,Mardi,Mercredi,Jeudi,Vendredi,Samedi}","ministere_tutelle":"MATDDT"}},{"type":"Feature","id":"_mview_admi_etablissements_administration.fid--1b6ae3e2_1a0db278384_-3bc8","geometry":{"type":"Point","coordinates":[1.43045821,9.04453457]},"geometry_name":"geometry","properties":{"region_nom_bdd":"Centrale","prefecture_nom_bdd":"Tchamba","commune_nom_bdd":"Tchamba 1","canton_nom_bdd":"Larini","nom_localite":"Kpatakpani","etablissement_nom":"Centre d'État Civil Secondaire Kpatakpani","etab_adr":"Centre d'État Civil Secondaire Kpatakpani, Kpatakpani, Larini, Tchamba 1","ouverture_jour":"{lundi,Mardi,Mercredi,Jeudi,Vendredi,Samedi,Dimanche}","ministere_tutelle":"MATDDT"}},{"type":"Feature","id":"_mview_admi_etablissements_administration.fid--1b6ae3e2_1a0db278384_-3bc7","geometry":{"type":"Point","coordinates":[1.302075,8.96381032]},"geometry_name":"geometry","properties":{"region_nom_bdd":"Centrale","prefecture_nom_bdd":"Tchaoudjo","commune_nom_bdd":"Tchaoudjo 1","canton_nom_bdd":"Kparataou","nom_localite":"Alibi2","etablissement_nom":"Centre d'État Civil Secondaire Alibi 2","etab_adr":"Centre d'État Civil Secondaire Alibi 2, Alibi2, Kparataou, Tchaoudjo 1","ouverture_jour":"{lundi,Mardi,Mercredi,Jeudi,Vendredi,Samedi,Dimanche}","ministere_tutelle":"MATDDT"}},{"type":"Feature","id":"_mview_admi_etablissements_administration.fid--1b6ae3e2_1a0db278384_-3bc6","geometry":{"type":"Point","coordinates":[1.04010261,8.43102624]},"geometry_name":"geometry","properties":{"region_nom_bdd":"Centrale","prefecture_nom_bdd":"Sotouboua","commune_nom_bdd":"Sotouboua 3","canton_nom_bdd":"Bodjondè","nom_localite":"Zongo","etablissement_nom":"Centre d'État Civil Secondaire Bodjonde","etab_adr":"Centre d'État Civil Secondaire Bodjonde, Zongo, Bodjondè, Sotouboua 3","ouverture_jour":"{Vendredi,Jeudi,Mercredi,Mardi,lundi}","ministere_tutelle":"MATDDT"}},{"type":"Feature","id":"_mview_admi_etablissements_administration.fid--1b6ae3e2_1a0db278384_-3bc5","geometry":{"type":"Point","coordinates":[1.41657766,9.03980244]},"geometry_name":"geometry","properties":{"region_nom_bdd":"Centrale","prefecture_nom_bdd":"Tchamba","commune_nom_bdd":"Tchamba 1","canton_nom_bdd":"Larini","nom_localite":"Larini","etablissement_nom":"Centre d'État Civil Secondaire Larini","etab_adr":"Centre d'État Civil Secondaire Larini, Larini, Larini, Tchamba 1","ouverture_jour":"{lundi,Mardi,Mercredi,Jeudi,Vendredi,Samedi,Dimanche}","ministere_tutelle":"MATDDT"}},{"type":"Feature","id":"_mview_admi_etablissements_administration.fid--1b6ae3e2_1a0db278384_-3bc4","geometry":{"type":"Point","coordinates":[1.41910631,9.0322254]},"geometry_name":"geometry","properties":{"region_nom_bdd":"Centrale","prefecture_nom_bdd":"Tchamba","commune_nom_bdd":"Tchamba 1","canton_nom_bdd":"Tchamba","nom_localite":"Watuwa2","etablissement_nom":"Centre d'État Civil Secondaire Watuwa 2","etab_adr":"Centre d'État Civil Secondaire Watuwa 2, Watuwa2, Tchamba, Tchamba 1","ouverture_jour":"{Dimanche,Samedi,Vendredi,Jeudi,Mercredi,Mardi,lundi}","ministere_tutelle":"MATDDT"}},{"type":"Feature","id":"_mview_admi_etablissements_administration.fid--1b6ae3e2_1a0db278384_-3bc3","geometry":{"type":"Point","coordinates":[1.4185632,9.05007964]},"geometry_name":"geometry","properties":{"region_nom_bdd":"Centrale","prefecture_nom_bdd":"Tchamba","commune_nom_bdd":"Tchamba 1","canton_nom_bdd":"Larini","nom_localite":"Dagma","etablissement_nom":"Centre d'État Civil Secondaire Dagma","etab_adr":"Centre d'État Civil Secondaire Dagma, Dagma, Larini, Tchamba 1","ouverture_jour":"{lundi,Mardi,Mercredi,Jeudi,Vendredi,Samedi,Dimanche}","ministere_tutelle":"MATDDT"}},{"type":"Feature","id":"_mview_admi_etablissements_administration.fid--1b6ae3e2_1a0db278384_-3bc2","geometry":{"type":"Point","coordinates":[1.42377758,9.01732027]},"geometry_name":"geometry","properties":{"region_nom_bdd":"Centrale","prefecture_nom_bdd":"Tchamba","commune_nom_bdd":"Tchamba 1","canton_nom_bdd":"Tchamba","nom_localite":"Dendji","etablissement_nom":"Centre d'État Civil Secondaire Dendji","etab_adr":"Centre d'État Civil Secondaire Dendji, Dendji, Tchamba, Tchamba 1","ouverture_jour":"{Dimanche,Samedi,Vendredi,Jeudi,Mercredi,Mardi,lundi}","ministere_tutelle":"MATDDT"}},{"type":"Feature","id":"_mview_admi_etablissements_administration.fid--1b6ae3e2_1a0db278384_-3bc1","geometry":{"type":"Point","coordinates":[1.45758962,9.01051161]},"geometry_name":"geometry","properties":{"region_nom_bdd":"Centrale","prefecture_nom_bdd":"Tchamba","commune_nom_bdd":"Tchamba 1","canton_nom_bdd":"Tchamba","nom_localite":"Nandjoubi","etablissement_nom":"Centre d'État Civil Secondaire Nandjoubi","etab_adr":"Centre d'État Civil Secondaire Nandjoubi, Nandjoubi, Tchamba, Tchamba 1","ouverture_jour":"{Dimanche,Samedi,Vendredi,Jeudi,Mercredi,Mardi,lundi}","ministere_tutelle":"MATDDT"}},{"type":"Feature","id":"_mview_admi_etablissements_administration.fid--1b6ae3e2_1a0db278384_-3bc0","geometry":{"type":"Point","coordinates":[1.41494562,8.99385995]},"geometry_name":"geometry","properties":{"region_nom_bdd":"Centrale","prefecture_nom_bdd":"Tchamba","commune_nom_bdd":"Tchamba 1","canton_nom_bdd":"Alibi I","nom_localite":"Tchekele","etablissement_nom":"Centre d'État Civil Secondaire Tchekele","etab_adr":"Centre d'État Civil Secondaire Tchekele, Tchekele, Alibi I, Tchamba 1","ouverture_jour":"{lundi,Mardi,Mercredi,Jeudi,Vendredi}","ministere_tutelle":"MATDDT"}},{"type":"Feature","id":"_mview_admi_etablissements_administration.fid--1b6ae3e2_1a0db278384_-3bbf","geometry":{"type":"Point","coordinates":[1.47635111,6.23559734]},"geometry_name":"geometry","properties":{"region_nom_bdd":"Maritime","prefecture_nom_bdd":"Vo","commune_nom_bdd":"Vo 2","canton_nom_bdd":"Togoville","nom_localite":"Togoville","etablissement_nom":"Mairie - Commune Vo 2","etab_adr":"Mairie - Commune Vo 2, Togoville, Togoville, Vo 2, 170BP79","ouverture_jour":"{lundi,Mardi,Mercredi,Jeudi,Vendredi}","ministere_tutelle":"MATDDT"}},{"type":"Feature","id":"_mview_admi_etablissements_administration.fid--1b6ae3e2_1a0db278384_-3bbe","geometry":{"type":"Point","coordinates":[1.17628333,6.19493333]},"geometry_name":"geometry","properties":{"region_nom_bdd":"Maritime","prefecture_nom_bdd":"Golfe","commune_nom_bdd":"Golfe 5","canton_nom_bdd":"Aflao-Gakli","nom_localite":"Avedji","etablissement_nom":"Mairie - Commune Golfe 5 - Annexe Aflao Gakli","etab_adr":"Mairie - Commune Golfe 5 - Annexe Aflao Gakli, Avedji, Aflao-Gakli, Golfe 5, 04BP401 Lomé-Djidjolé","ouverture_jour":"{lundi,Mardi,Mercredi,Jeudi,Vendredi}","ministere_tutelle":"MATDDT"}},{"type":"Feature","id":"_mview_admi_etablissements_administration.fid--1b6ae3e2_1a0db278384_-3bbd","geometry":{"type":"Point","coordinates":[1.52938102,6.33413021]},"geometry_name":"geometry","properties":{"region_nom_bdd":"Maritime","prefecture_nom_bdd":"Vo","commune_nom_bdd":"Vo 1","canton_nom_bdd":"Vogan","nom_localite":"Adjrego","etablissement_nom":"Mairie - Commune Vo 1","etab_adr":"Mairie - Commune Vo 1, Adjrego, Vogan, Vo 1, BP70 Vogan","ouverture_jour":"{lundi,Mardi,Mercredi,Jeudi,Vendredi}","ministere_tutelle":"MATDDT"}},{"type":"Feature","id":"_mview_admi_etablissements_administration.fid--1b6ae3e2_1a0db278384_-3bbc","geometry":{"type":"Point","coordinates":[1.37766949,6.62178502]},"geometry_name":"geometry","properties":{"region_nom_bdd":"Maritime","prefecture_nom_bdd":"Yoto","commune_nom_bdd":"Yoto 2","canton_nom_bdd":"Zafi","nom_localite":"Hetchavi","etablissement_nom":"Centre d'État Civil Zafi Hetchavi","etab_adr":"Centre d'État Civil Zafi Hetchavi, Hetchavi, Zafi, Yoto 2","ouverture_jour":"{lundi,Mardi,Mercredi,Vendredi,Samedi}","ministere_tutelle":"MATDDT"}},{"type":"Feature","id":"_mview_admi_etablissements_administration.fid--1b6ae3e2_1a0db278384_-3bbb","geometry":{"type":"Point","coordinates":[1.27982588,6.25286758]},"geometry_name":"geometry","properties":{"region_nom_bdd":"Maritime","prefecture_nom_bdd":"Zio","commune_nom_bdd":"Zio 1","canton_nom_bdd":"Djagblé","nom_localite":"Zovadji","etablissement_nom":"Mairie - Commune Zio 1 - Annexe Djagblé","etab_adr":"Mairie - Commune Zio 1 - Annexe Djagblé, Zovadji, Djagblé, Zio 1, BP57 Tsévié","ouverture_jour":"{lundi,Mardi,Mercredi,Jeudi,Vendredi}","ministere_tutelle":"MATDDT"}},{"type":"Feature","id":"_mview_admi_etablissements_administration.fid--1b6ae3e2_1a0db278384_-3bba","geometry":{"type":"Point","coordinates":[1.090955,8.597915]},"geometry_name":"geometry","properties":{"region_nom_bdd":"Centrale","prefecture_nom_bdd":"Sotouboua","commune_nom_bdd":"Sotouboua 2","canton_nom_bdd":"Tittigbe","nom_localite":"Bovoulem Poyo","etablissement_nom":"Centre d'État Civil Annexe Titigbe Bovoulem Poyo","etab_adr":"Centre d'État Civil Annexe Titigbe Bovoulem Poyo, Bovoulem Poyo, Tittigbe, Sotouboua 2","ouverture_jour":"{lundi,Mercredi,Mardi,Jeudi,Vendredi}","ministere_tutelle":"MATDDT"}},{"type":"Feature","id":"_mview_admi_etablissements_administration.fid--1b6ae3e2_1a0db278384_-3bb9","geometry":{"type":"Point","coordinates":[1.242395,8.59909667]},"geometry_name":"geometry","properties":{"region_nom_bdd":"Centrale","prefecture_nom_bdd":"Sotouboua","commune_nom_bdd":"Sotouboua 2","canton_nom_bdd":"Séssaro","nom_localite":"Djamde-mono","etablissement_nom":"Centre d'État Civil la Commune Sotouboua 2 Annexe Sessaro Djamde Mono","etab_adr":"Centre d'État Civil la Commune Sotouboua 2 Annexe Sessaro Djamde Mono, Djamde-Mono, Séssaro, Sotouboua 2","ouverture_jour":"{lundi,Mardi,Mercredi,Jeudi,Vendredi}","ministere_tutelle":"MATDDT"}},{"type":"Feature","id":"_mview_admi_etablissements_administration.fid--1b6ae3e2_1a0db278384_-3bb8","geometry":{"type":"Point","coordinates":[1.19344333,8.56915333]},"geometry_name":"geometry","properties":{"region_nom_bdd":"Centrale","prefecture_nom_bdd":"Sotouboua","commune_nom_bdd":"Sotouboua 2","canton_nom_bdd":"Séssaro","nom_localite":"Atanko","etablissement_nom":"Centre d'État Civil Sotouboua 2 Annexe Sessaro Atanko","etab_adr":"Centre d'État Civil Sotouboua 2 Annexe Sessaro Atanko, Atanko, Séssaro, Sotouboua 2","ouverture_jour":"{lundi,Mardi,Mercredi,Jeudi,Vendredi}","ministere_tutelle":"MATDDT"}},{"type":"Feature","id":"_mview_admi_etablissements_administration.fid--1b6ae3e2_1a0db278384_-3bb7","geometry":{"type":"Point","coordinates":[1.22439311,8.60482954]},"geometry_name":"geometry","properties":{"region_nom_bdd":"Centrale","prefecture_nom_bdd":"Sotouboua","commune_nom_bdd":"Sotouboua 2","canton_nom_bdd":"Séssaro","nom_localite":"Kissikide","etablissement_nom":"Centre d'État Civil la Commune Soutouboua 2 Sessaro Kassikide","etab_adr":"Centre d'État Civil la Commune Soutouboua 2 Sessaro Kassikide, Kissikide, Séssaro, Sotouboua 2","ouverture_jour":"{lundi,Mardi,Mercredi,Jeudi,Vendredi}","ministere_tutelle":"MATDDT"}},{"type":"Feature","id":"_mview_admi_etablissements_administration.fid--1b6ae3e2_1a0db278384_-3bb6","geometry":{"type":"Point","coordinates":[1.15675167,6.26445333]},"geometry_name":"geometry","properties":{"region_nom_bdd":"Maritime","prefecture_nom_bdd":"Agoè-Nyivé","commune_nom_bdd":"Agoè-Nyivé 2","canton_nom_bdd":"Légbassito","nom_localite":"Legbassito","etablissement_nom":"Centre d'État Civil Legbassito","etab_adr":"Centre d'État Civil Legbassito, Legbassito, Légbassito, Agoè-Nyivé 2","ouverture_jour":"{lundi,Mardi,Mercredi,Jeudi,Vendredi}","ministere_tutelle":"MATDDT"}},{"type":"Feature","id":"_mview_admi_etablissements_administration.fid--1b6ae3e2_1a0db278384_-3bb5","geometry":{"type":"Point","coordinates":[0.60663156,9.69288264]},"geometry_name":"geometry","properties":{"region_nom_bdd":"Kara","prefecture_nom_bdd":"Dankpen","commune_nom_bdd":"Dankpen 1","canton_nom_bdd":"Guérin-Kouka","nom_localite":"Kikpassassine","etablissement_nom":"Centre d'État Civil Annexe Kikpassassine","etab_adr":"Centre d'État Civil Annexe Kikpassassine, Kikpassassine, Guérin-Kouka, Dankpen 1","ouverture_jour":"{lundi,Mardi,Mercredi,Jeudi,Vendredi}","ministere_tutelle":"MATDDT"}},{"type":"Feature","id":"_mview_admi_etablissements_administration.fid--1b6ae3e2_1a0db278384_-3bb4","geometry":{"type":"Point","coordinates":[1.1779489,6.23717288]},"geometry_name":"geometry","properties":{"region_nom_bdd":"Maritime","prefecture_nom_bdd":"Agoè-Nyivé","commune_nom_bdd":"Agoè-Nyivé 1","canton_nom_bdd":"Agoè-Nyivé","nom_localite":"Agoe Logope","etablissement_nom":"Centre d'État Civil Agoe Nyive Logopé","etab_adr":"Centre d'État Civil Agoe Nyive Logopé, Agoe Logope, Agoè-Nyivé, Agoè-Nyivé 1","ouverture_jour":"{lundi,Mardi,Mercredi,Jeudi,Vendredi}","ministere_tutelle":"MATDDT"}},{"type":"Feature","id":"_mview_admi_etablissements_administration.fid--1b6ae3e2_1a0db278384_-3bb3","geometry":{"type":"Point","coordinates":[1.13305333,6.19447]},"geometry_name":"geometry","properties":{"region_nom_bdd":"Maritime","prefecture_nom_bdd":"Golfe","commune_nom_bdd":"Golfe 7","canton_nom_bdd":"Aflao-Sagbado","nom_localite":"Sagbado","etablissement_nom":"Centre d'État Civil Sagbado","etab_adr":"Centre d'État Civil Sagbado, Sagbado, Aflao-Sagbado, Golfe 7","ouverture_jour":"{lundi,Mardi,Mercredi,Jeudi,Vendredi}","ministere_tutelle":"MATDDT"}},{"type":"Feature","id":"_mview_admi_etablissements_administration.fid--1b6ae3e2_1a0db278384_-3bb2","geometry":{"type":"Point","coordinates":[0.61621313,9.52738839]},"geometry_name":"geometry","properties":{"region_nom_bdd":"Kara","prefecture_nom_bdd":"Dankpen","commune_nom_bdd":"Dankpen 3","canton_nom_bdd":"Bapuré","nom_localite":"Bapure","etablissement_nom":"Mairie - Commune Dankpen 3","etab_adr":"Mairie - Commune Dankpen 3, Bapure, Bapuré, Dankpen 3","ouverture_jour":"{lundi,Mardi,Mercredi,Jeudi,Vendredi}","ministere_tutelle":"MATDDT"}},{"type":"Feature","id":"_mview_admi_etablissements_administration.fid--1b6ae3e2_1a0db278384_-3bb1","geometry":{"type":"Point","coordinates":[1.56802083,6.46570023]},"geometry_name":"geometry","properties":{"region_nom_bdd":"Maritime","prefecture_nom_bdd":"Vo","commune_nom_bdd":"Vo 3","canton_nom_bdd":"Dzrékpo","nom_localite":"Dzrekpo Centre Djogbetoe","etablissement_nom":"Mairie - Commune Vo 3","etab_adr":"Mairie - Commune Vo 3, Dzrekpo Centre Djogbetoe, Dzrékpo, Vo 3","ouverture_jour":"{Vendredi,Jeudi,Mercredi,Mardi,lundi}","ministere_tutelle":"MATDDT"}},{"type":"Feature","id":"_mview_admi_etablissements_administration.fid--1b6ae3e2_1a0db278384_-3bb0","geometry":{"type":"Point","coordinates":[1.111645,9.98856167]},"geometry_name":"geometry","properties":{"region_nom_bdd":"Kara","prefecture_nom_bdd":"Doufelgou","commune_nom_bdd":"Doufelgou 2","canton_nom_bdd":"Défalé","nom_localite":"Omalo","etablissement_nom":"Centre d'État Civil Annexe Omalo","etab_adr":"Centre d'État Civil Annexe Omalo, Rond Point Warango, Omalo, Défalé, Doufelgou 2","ouverture_jour":"{lundi,Mardi,Mercredi,Jeudi,Vendredi}","ministere_tutelle":"MATDDT"}},{"type":"Feature","id":"_mview_admi_etablissements_administration.fid--1b6ae3e2_1a0db278384_-3baf","geometry":{"type":"Point","coordinates":[0.03293192,10.76641432]},"geometry_name":"geometry","properties":{"region_nom_bdd":"Savanes","prefecture_nom_bdd":"Tône","commune_nom_bdd":"Tône 3","canton_nom_bdd":"Lotogou","nom_localite":"Dassoute","etablissement_nom":"Centre d'État Civil Secondaire Lotogou 1","etab_adr":"Centre d'État Civil Secondaire Lotogou 1, Dassoute, Lotogou, Tône 3","ouverture_jour":"{lundi,Mardi,Mercredi,Jeudi,Vendredi,Samedi,Dimanche}","ministere_tutelle":"MATDDT"}},{"type":"Feature","id":"_mview_admi_etablissements_administration.fid--1b6ae3e2_1a0db278384_-3bae","geometry":{"type":"Point","coordinates":[0.60682126,9.69268177]},"geometry_name":"geometry","properties":{"region_nom_bdd":"Kara","prefecture_nom_bdd":"Dankpen","commune_nom_bdd":"Dankpen 1","canton_nom_bdd":"Guérin-Kouka","nom_localite":"Napimbou","etablissement_nom":"Centre d'État Civil Annexe Napimbou","etab_adr":"Centre d'État Civil Annexe Napimbou, Napimbou, Guérin-Kouka, Dankpen 1","ouverture_jour":"{lundi,Mardi,Mercredi,Jeudi,Vendredi}","ministere_tutelle":"MATDDT"}},{"type":"Feature","id":"_mview_admi_etablissements_administration.fid--1b6ae3e2_1a0db278384_-3bad","geometry":{"type":"Point","coordinates":[1.20930872,9.55701965]},"geometry_name":"geometry","properties":{"region_nom_bdd":"Kara","prefecture_nom_bdd":"Kozah","commune_nom_bdd":"Kozah 1","canton_nom_bdd":"Commune De Kara","nom_localite":"Tomde","etablissement_nom":"Centre d'État Civil Annexe Tomde","etab_adr":"Centre d'État Civil Annexe Tomde, Tomde, Commune De Kara, Kozah 1","ouverture_jour":"{lundi,Mardi,Mercredi,Jeudi,Vendredi}","ministere_tutelle":"MATDDT"}},{"type":"Feature","id":"_mview_admi_etablissements_administration.fid--1b6ae3e2_1a0db278384_-3bac","geometry":{"type":"Point","coordinates":[1.22614187,9.79251915]},"geometry_name":"geometry","properties":{"region_nom_bdd":"Kara","prefecture_nom_bdd":"Binah","commune_nom_bdd":"Binah 1","canton_nom_bdd":"Pessaré","nom_localite":"Pessare Pouh","etablissement_nom":"Centre d'État Civil Annexe Pessare-Pouh","etab_adr":"Centre d'État Civil Annexe Pessare-Pouh, Pessare Pouh, Pessaré, Binah 1","ouverture_jour":"{lundi,Mardi,Mercredi,Jeudi,Vendredi}","ministere_tutelle":"MATDDT"}},{"type":"Feature","id":"_mview_admi_etablissements_administration.fid--1b6ae3e2_1a0db278384_-3bab","geometry":{"type":"Point","coordinates":[1.24131546,9.59956445]},"geometry_name":"geometry","properties":{"region_nom_bdd":"Kara","prefecture_nom_bdd":"Kozah","commune_nom_bdd":"Kozah 1","canton_nom_bdd":"Lassa","nom_localite":"Ahodo","etablissement_nom":"Centre d'État Civil Annexe lassa Ahodo","etab_adr":"Centre d'État Civil Annexe lassa Ahodo, Ahodo, Lassa, Kozah 1","ouverture_jour":"{Mardi,Jeudi,Mercredi,lundi,Vendredi}","ministere_tutelle":"MATDDT"}},{"type":"Feature","id":"_mview_admi_etablissements_administration.fid--1b6ae3e2_1a0db278384_-3baa","geometry":{"type":"Point","coordinates":[1.18080667,9.64551]},"geometry_name":"geometry","properties":{"region_nom_bdd":"Kara","prefecture_nom_bdd":"Kozah","commune_nom_bdd":"Kozah 2","canton_nom_bdd":"Bohou","nom_localite":"Lama Kpedah Haut","etablissement_nom":"Centre d'État Civil Annexe lama","etab_adr":"Centre d'État Civil Annexe lama, Lama Kpedah Haut, Bohou, Kozah 2","ouverture_jour":"{Jeudi,Mardi}","ministere_tutelle":"MATDDT"}},{"type":"Feature","id":"_mview_admi_etablissements_administration.fid--1b6ae3e2_1a0db278384_-3ba9","geometry":{"type":"Point","coordinates":[1.32776,9.850705]},"geometry_name":"geometry","properties":{"region_nom_bdd":"Kara","prefecture_nom_bdd":"Binah","commune_nom_bdd":"Binah 1","canton_nom_bdd":"Boufalé","nom_localite":"Tchimandé","etablissement_nom":"Centre d'État Civil Annexe Boufale","etab_adr":"Centre d'État Civil Annexe Boufale, Tchimandé, Boufalé, Binah 1","ouverture_jour":"{lundi,Mardi,Mercredi,Jeudi,Vendredi}","ministere_tutelle":"MATDDT"}},{"type":"Feature","id":"_mview_admi_etablissements_administration.fid--1b6ae3e2_1a0db278384_-3ba8","geometry":{"type":"Point","coordinates":[0.89904104,9.48568401]},"geometry_name":"geometry","properties":{"region_nom_bdd":"Kara","prefecture_nom_bdd":"Bassar","commune_nom_bdd":"Bassar 4","canton_nom_bdd":"Sanda-Kagbanda","nom_localite":"Tchakassou","etablissement_nom":"Centre d'État Civil Annexe Tchakassou","etab_adr":"Centre d'État Civil Annexe Tchakassou, Tchakassou, Sanda-Kagbanda, Bassar 4","ouverture_jour":"{lundi,Mardi,Mercredi,Jeudi,Vendredi}","ministere_tutelle":"MATDDT"}},{"type":"Feature","id":"_mview_admi_etablissements_administration.fid--1b6ae3e2_1a0db278384_-3ba7","geometry":{"type":"Point","coordinates":[0.60682423,9.69290533]},"geometry_name":"geometry","properties":{"region_nom_bdd":"Kara","prefecture_nom_bdd":"Dankpen","commune_nom_bdd":"Dankpen 1","canton_nom_bdd":"Guérin-Kouka","nom_localite":"Kinakpatéou","etablissement_nom":"Centre d'État Civil Annexe Kinakpateou","etab_adr":"Centre d'État Civil Annexe Kinakpateou, Kinakpatéou, Guérin-Kouka, Dankpen 1","ouverture_jour":"{lundi,Mardi,Mercredi,Jeudi,Vendredi}","ministere_tutelle":"MATDDT"}},{"type":"Feature","id":"_mview_admi_etablissements_administration.fid--1b6ae3e2_1a0db278384_-3ba6","geometry":{"type":"Point","coordinates":[0.64194045,8.08103572]},"geometry_name":"geometry","properties":{"region_nom_bdd":"Centrale","prefecture_nom_bdd":"Blitta","commune_nom_bdd":"Blitta 3","canton_nom_bdd":"Diguengué","nom_localite":"Diguengue","etablissement_nom":"Centre d'État Civil Annexe Diguengue","etab_adr":"Centre d'État Civil Annexe Diguengue, Diguengue, Diguengué, Blitta 3","ouverture_jour":"{lundi,Mardi,Mercredi,Jeudi,Vendredi}","ministere_tutelle":"MATDDT"}},{"type":"Feature","id":"_mview_admi_etablissements_administration.fid--1b6ae3e2_1a0db278384_-3ba5","geometry":{"type":"Point","coordinates":[1.55361502,6.27264143]},"geometry_name":"geometry","properties":{"region_nom_bdd":"Maritime","prefecture_nom_bdd":"Vo","commune_nom_bdd":"Vo 2","canton_nom_bdd":"Anyron-Kopé","nom_localite":"Anyronkope","etablissement_nom":"Centre d'État Civil Anyronkope","etab_adr":"Centre d'État Civil Anyronkope, Anyronkope, Anyron-Kopé, Vo 2","ouverture_jour":"{Mardi,Jeudi}","ministere_tutelle":"MATDDT"}},{"type":"Feature","id":"_mview_admi_etablissements_administration.fid--1b6ae3e2_1a0db278384_-3ba4","geometry":{"type":"Point","coordinates":[1.02033167,8.10048]},"geometry_name":"geometry","properties":{"region_nom_bdd":"Centrale","prefecture_nom_bdd":"Blitta","commune_nom_bdd":"Blitta 2","canton_nom_bdd":"Tcharè-Baou","nom_localite":"Afima","etablissement_nom":"Centre d'État Civil Secondaire Afima","etab_adr":"Centre d'État Civil Secondaire Afima, Afima, Tcharè-Baou, Blitta 2","ouverture_jour":"{lundi,Mardi,Mercredi,Jeudi,Vendredi,Samedi,Dimanche}","ministere_tutelle":"MATDDT"}},{"type":"Feature","id":"_mview_admi_etablissements_administration.fid--1b6ae3e2_1a0db278384_-3ba3","geometry":{"type":"Point","coordinates":[0.81184846,9.44242153]},"geometry_name":"geometry","properties":{"region_nom_bdd":"Kara","prefecture_nom_bdd":"Bassar","commune_nom_bdd":"Bassar 3","canton_nom_bdd":"Kabou","nom_localite":"Centre De Paillote","etablissement_nom":"Mairie - Commune Bassar 3","etab_adr":"Mairie - Commune Bassar 3, Centre de Paillote, Kabou, Bassar 3, 455BP02 Kabou","ouverture_jour":"{lundi,Mardi,Mercredi,Jeudi,Vendredi}","ministere_tutelle":"MATDDT"}},{"type":"Feature","id":"_mview_admi_etablissements_administration.fid--1b6ae3e2_1a0db278384_-3ba2","geometry":{"type":"Point","coordinates":[1.19089167,6.44171167]},"geometry_name":"geometry","properties":{"region_nom_bdd":"Maritime","prefecture_nom_bdd":"Zio","commune_nom_bdd":"Zio 1","canton_nom_bdd":"Gblainvié","nom_localite":"Gblainvie Centre","etablissement_nom":"Centre d'État Civil Gblainvié","etab_adr":"Centre d'État Civil Gblainvié, Gblainvie Centre, Gblainvié, Zio 1","ouverture_jour":"{lundi,Mardi,Mercredi,Jeudi,Vendredi}","ministere_tutelle":"MATDDT"}},{"type":"Feature","id":"_mview_admi_etablissements_administration.fid--1b6ae3e2_1a0db278384_-3ba1","geometry":{"type":"Point","coordinates":[1.33023605,9.35838561]},"geometry_name":"geometry","properties":{"region_nom_bdd":"Kara","prefecture_nom_bdd":"Assoli","commune_nom_bdd":"Assoli 3","canton_nom_bdd":"Soudou","nom_localite":"Gande","etablissement_nom":"Centre d'État Civil Annexe Gande","etab_adr":"Centre d'État Civil Annexe Gande, Gande, Soudou, Assoli 3","ouverture_jour":"{Mercredi,Jeudi,Vendredi,Samedi}","ministere_tutelle":"MATDDT"}},{"type":"Feature","id":"_mview_admi_etablissements_administration.fid--1b6ae3e2_1a0db278384_-3ba0","geometry":{"type":"Point","coordinates":[0.99672167,9.48338667]},"geometry_name":"geometry","properties":{"region_nom_bdd":"Kara","prefecture_nom_bdd":"Kozah","commune_nom_bdd":"Kozah 4","canton_nom_bdd":"Djamdè","nom_localite":"Kawa","etablissement_nom":"Centre d'État Civil Annexe Kawa","etab_adr":"Centre d'État Civil Annexe Kawa, Kawa, Djamdè, Kozah 4","ouverture_jour":"{lundi,Mardi,Mercredi,Jeudi,Vendredi}","ministere_tutelle":"MATDDT"}},{"type":"Feature","id":"_mview_admi_etablissements_administration.fid--1b6ae3e2_1a0db278384_-3b9f","geometry":{"type":"Point","coordinates":[1.2289616,9.40573108]},"geometry_name":"geometry","properties":{"region_nom_bdd":"Kara","prefecture_nom_bdd":"Assoli","commune_nom_bdd":"Assoli 1","canton_nom_bdd":"Bouladè","nom_localite":"Souri-kadangan","etablissement_nom":"Centre d'État Civil Annexe Boulade-Sud","etab_adr":"Centre d'État Civil Annexe Boulade-Sud, Souri-Kadangan, Bouladè, Assoli 1","ouverture_jour":"{lundi,Mardi,Mercredi,Jeudi,Vendredi}","ministere_tutelle":"MATDDT"}},{"type":"Feature","id":"_mview_admi_etablissements_administration.fid--1b6ae3e2_1a0db278384_-3b9e","geometry":{"type":"Point","coordinates":[1.21494833,9.42906167]},"geometry_name":"geometry","properties":{"region_nom_bdd":"Kara","prefecture_nom_bdd":"Assoli","commune_nom_bdd":"Assoli 1","canton_nom_bdd":"Bouladè","nom_localite":"Boulade-nord","etablissement_nom":"Centre d'État Civil Annexe Boulade-Nord","etab_adr":"Centre d'État Civil Annexe Boulade-Nord, Boulade-Nord, Bouladè, Assoli 1","ouverture_jour":"{lundi,Mardi,Mercredi,Jeudi,Vendredi}","ministere_tutelle":"MATDDT"}},{"type":"Feature","id":"_mview_admi_etablissements_administration.fid--1b6ae3e2_1a0db278384_-3b9d","geometry":{"type":"Point","coordinates":[1.24208057,9.30008574]},"geometry_name":"geometry","properties":{"region_nom_bdd":"Kara","prefecture_nom_bdd":"Assoli","commune_nom_bdd":"Assoli 2","canton_nom_bdd":"Koumondè","nom_localite":"Bou-woro","etablissement_nom":"Centre d'État Civil Annexe Koumonde","etab_adr":"Centre d'État Civil Annexe Koumonde, Bou-Woro, Koumondè, Assoli 2","ouverture_jour":"{lundi,Mardi,Mercredi,Jeudi,Vendredi}","ministere_tutelle":"MATDDT"}},{"type":"Feature","id":"_mview_admi_etablissements_administration.fid--1b6ae3e2_1a0db278384_-3b9c","geometry":{"type":"Point","coordinates":[1.355204,9.25679633]},"geometry_name":"geometry","properties":{"region_nom_bdd":"Centrale","prefecture_nom_bdd":"Tchaoudjo","commune_nom_bdd":"Tchaoudjo 4","canton_nom_bdd":"Agouloudè","nom_localite":"Agbandaoude","etablissement_nom":"Centre d'État Civil Annexe Agbandaoude","etab_adr":"Centre d'État Civil Annexe Agbandaoude, Agbandaoude, Agouloudè, Tchaoudjo 4","ouverture_jour":"{lundi,Vendredi,Jeudi,Mercredi,Mardi}","ministere_tutelle":"MATDDT"}},{"type":"Feature","id":"_mview_admi_etablissements_administration.fid--1b6ae3e2_1a0db278384_-3b9b","geometry":{"type":"Point","coordinates":[1.31416333,9.70863333]},"geometry_name":"geometry","properties":{"region_nom_bdd":"Kara","prefecture_nom_bdd":"Binah","commune_nom_bdd":"Binah 1","canton_nom_bdd":"Pagouda","nom_localite":"Kagnigada","etablissement_nom":"Centre d'État Civil Annexe Kagnigada","etab_adr":"Centre d'État Civil Annexe Kagnigada, Kagnigada, Pagouda, Binah 1","ouverture_jour":"{lundi,Mardi,Mercredi,Jeudi,Vendredi,Samedi}","ministere_tutelle":"MATDDT"}},{"type":"Feature","id":"_mview_admi_etablissements_administration.fid--1b6ae3e2_1a0db278384_-3b9a","geometry":{"type":"Point","coordinates":[1.50477302,6.6013086]},"geometry_name":"geometry","properties":{"region_nom_bdd":"Maritime","prefecture_nom_bdd":"Yoto","commune_nom_bdd":"Yoto 1","canton_nom_bdd":"Tabligbo","nom_localite":"Zebe","etablissement_nom":"Préfecture - Yoto","etab_adr":"Préfecture - Yoto, Zebe, Tabligbo, Yoto 1, BP21 Tabligbo","ouverture_jour":"{lundi,Mardi,Mercredi,Jeudi,Vendredi}","ministere_tutelle":"MATDDT"}},{"type":"Feature","id":"_mview_admi_etablissements_administration.fid--1b6ae3e2_1a0db278384_-3b99","geometry":{"type":"Point","coordinates":[0.03043435,10.79609378]},"geometry_name":"geometry","properties":{"region_nom_bdd":"Savanes","prefecture_nom_bdd":"Tône","commune_nom_bdd":"Tône 3","canton_nom_bdd":"Lotogou","nom_localite":"Lotogou Centre","etablissement_nom":"Centre d'État Civil Secondaire Lotogou 2","etab_adr":"Centre d'État Civil Secondaire Lotogou 2, Lotogou Centre, Lotogou, Tône 3","ouverture_jour":"{lundi,Mardi,Mercredi,Jeudi,Vendredi}","ministere_tutelle":"MATDDT"}},{"type":"Feature","id":"_mview_admi_etablissements_administration.fid--1b6ae3e2_1a0db278384_-3b98","geometry":{"type":"Point","coordinates":[1.27186532,9.5162154]},"geometry_name":"geometry","properties":{"region_nom_bdd":"Kara","prefecture_nom_bdd":"Kozah","commune_nom_bdd":"Kozah 3","canton_nom_bdd":"Kpinzindè","nom_localite":"Kpamwae","etablissement_nom":"Centre d'État Civil Kpinznde","etab_adr":"Centre d'État Civil Kpinznde, Kpamwae, Kpinzindè, Kozah 3","ouverture_jour":"{lundi,Mardi,Mercredi,Jeudi,Vendredi}","ministere_tutelle":"MATDDT"}},{"type":"Feature","id":"_mview_admi_etablissements_administration.fid--1b6ae3e2_1a0db278384_-3b97","geometry":{"type":"Point","coordinates":[0.68864876,8.20214633]},"geometry_name":"geometry","properties":{"region_nom_bdd":"Centrale","prefecture_nom_bdd":"Blitta","commune_nom_bdd":"Blitta 3","canton_nom_bdd":"Katchenkè","nom_localite":"Katchenké","etablissement_nom":"Centre d'État Civil Annexe Katchenke","etab_adr":"Centre d'État Civil Annexe Katchenke, Katchenké, Katchenkè, Blitta 3","ouverture_jour":"{lundi,Mardi,Mercredi,Jeudi,Vendredi,Samedi,Dimanche}","ministere_tutelle":"MATDDT"}},{"type":"Feature","id":"_mview_admi_etablissements_administration.fid--1b6ae3e2_1a0db278384_-3b96","geometry":{"type":"Point","coordinates":[0.98802992,8.33201627]},"geometry_name":"geometry","properties":{"region_nom_bdd":"Centrale","prefecture_nom_bdd":"Blitta","commune_nom_bdd":"Blitta 1","canton_nom_bdd":"Blitta","nom_localite":"Blitta Ville","etablissement_nom":"Centre d'État Civil Annexe Blitta-Ville","etab_adr":"Centre d'État Civil Annexe Blitta-Ville, Blitta Ville, Blitta, Blitta 1","ouverture_jour":"{lundi,Jeudi,Vendredi}","ministere_tutelle":"MATDDT"}},{"type":"Feature","id":"_mview_admi_etablissements_administration.fid--1b6ae3e2_1a0db278384_-3b95","geometry":{"type":"Point","coordinates":[1.27185414,9.51617379]},"geometry_name":"geometry","properties":{"region_nom_bdd":"Kara","prefecture_nom_bdd":"Kozah","commune_nom_bdd":"Kozah 3","canton_nom_bdd":"Kpinzindè","nom_localite":"Kpamwae","etablissement_nom":"Centre d'État Civil Annexe Kpinznde","etab_adr":"Centre d'État Civil Annexe Kpinznde, Kpamwae, Kpinzindè, Kozah 3","ouverture_jour":"{lundi,Mardi,Mercredi,Jeudi,Vendredi}","ministere_tutelle":"MATDDT"}},{"type":"Feature","id":"_mview_admi_etablissements_administration.fid--1b6ae3e2_1a0db278384_-3b94","geometry":{"type":"Point","coordinates":[0.69771332,9.56475939]},"geometry_name":"geometry","properties":{"region_nom_bdd":"Kara","prefecture_nom_bdd":"Bassar","commune_nom_bdd":"Bassar 3","canton_nom_bdd":"Manga","nom_localite":"Binadjoube","etablissement_nom":"Centre d'État Civil Annexe Binadjoube","etab_adr":"Centre d'État Civil Annexe Binadjoube, Binadjoube, Manga, Bassar 3","ouverture_jour":"{lundi,Vendredi,Jeudi,Mercredi,Mardi}","ministere_tutelle":"MATDDT"}},{"type":"Feature","id":"_mview_admi_etablissements_administration.fid--1b6ae3e2_1a0db278384_-3b93","geometry":{"type":"Point","coordinates":[0.31710167,10.912815]},"geometry_name":"geometry","properties":{"region_nom_bdd":"Savanes","prefecture_nom_bdd":"Tône","commune_nom_bdd":"Tône 4","canton_nom_bdd":"Korbongou","nom_localite":"Korbongou Centre","etablissement_nom":"Mairie - Commune Tône 4","etab_adr":"Mairie - Commune Tône 4, Korbongou Centre, Korbongou, Tône 4, 500BP04","ouverture_jour":"{lundi,Mardi,Mercredi,Jeudi,Vendredi}","ministere_tutelle":"MATDDT"}},{"type":"Feature","id":"_mview_admi_etablissements_administration.fid--1b6ae3e2_1a0db278384_-3b92","geometry":{"type":"Point","coordinates":[0.74768719,10.33693237]},"geometry_name":"geometry","properties":{"region_nom_bdd":"Savanes","prefecture_nom_bdd":"Oti-Sud","commune_nom_bdd":"Oti-Sud 1","canton_nom_bdd":"Gando","nom_localite":"Gando","etablissement_nom":"Mairie - Commune Oti-Sud 1","etab_adr":"Mairie - Commune Oti-Sud 1, Gando, Gando, Oti-Sud 1","ouverture_jour":"{lundi,Mardi,Mercredi,Jeudi,Vendredi}","ministere_tutelle":"MATDDT"}},{"type":"Feature","id":"_mview_admi_etablissements_administration.fid--1b6ae3e2_1a0db278384_-3b91","geometry":{"type":"Point","coordinates":[0.99082167,8.424355]},"geometry_name":"geometry","properties":{"region_nom_bdd":"Centrale","prefecture_nom_bdd":"Sotouboua","commune_nom_bdd":"Sotouboua 3","canton_nom_bdd":"Tchébébé","nom_localite":"Fondah","etablissement_nom":"Mairie - Commune Sotouboua 3","etab_adr":"Mairie - Commune Sotouboua 3, Fondah, Tchébébé, Sotouboua 3, 320BP18","ouverture_jour":"{lundi,Mardi,Mercredi,Jeudi,Vendredi}","ministere_tutelle":"MATDDT"}},{"type":"Feature","id":"_mview_admi_etablissements_administration.fid--1b6ae3e2_1a0db278384_-3b90","geometry":{"type":"Point","coordinates":[1.08064833,9.97112]},"geometry_name":"geometry","properties":{"region_nom_bdd":"Kara","prefecture_nom_bdd":"Kéran","commune_nom_bdd":"Kéran 1","canton_nom_bdd":"Kantè","nom_localite":"Gnande","etablissement_nom":"Centre d'État Civil Annexe Gnande","etab_adr":"Centre d'État Civil Annexe Gnande, Gnande, Kantè, Kéran 1","ouverture_jour":"{lundi,Mardi,Mercredi,Jeudi,Vendredi}","ministere_tutelle":"MATDDT"}},{"type":"Feature","id":"_mview_admi_etablissements_administration.fid--1b6ae3e2_1a0db278384_-3b8f","geometry":{"type":"Point","coordinates":[1.20044333,9.21005333]},"geometry_name":"geometry","properties":{"region_nom_bdd":"Centrale","prefecture_nom_bdd":"Tchaoudjo","commune_nom_bdd":"Tchaoudjo 3","canton_nom_bdd":"Aléhéridè","nom_localite":"Aleheride","etablissement_nom":"Mairie - Commune Tchaoudjo 3","etab_adr":"Mairie - Commune Tchaoudjo 3, Aleheride, Aléhéridè, Tchaoudjo 3, BP48","ouverture_jour":"{lundi,Mardi,Mercredi,Jeudi,Vendredi}","ministere_tutelle":"MATDDT"}},{"type":"Feature","id":"_mview_admi_etablissements_administration.fid--1b6ae3e2_1a0db278384_-3b8e","geometry":{"type":"Point","coordinates":[0.03264565,11.09425729]},"geometry_name":"geometry","properties":{"region_nom_bdd":"Savanes","prefecture_nom_bdd":"Cinkassé","commune_nom_bdd":"Cinkassé 1","canton_nom_bdd":"Cinkassé","nom_localite":"Cinkasse","etablissement_nom":"Mairie - Commune Cinkassé 1","etab_adr":"Mairie - Commune Cinkassé 1, Cinkasse, Boadé, Cinkassé 1, BP70","ouverture_jour":"{lundi,Mardi,Mercredi,Jeudi,Vendredi}","ministere_tutelle":"MATDDT"}},{"type":"Feature","id":"_mview_admi_etablissements_administration.fid--1b6ae3e2_1a0db278384_-3b8d","geometry":{"type":"Point","coordinates":[1.03243645,6.26080082]},"geometry_name":"geometry","properties":{"region_nom_bdd":"Maritime","prefecture_nom_bdd":"Avé","commune_nom_bdd":"Avé 2","canton_nom_bdd":"Noépé","nom_localite":"Agbogbodji","etablissement_nom":"Mairie - Commune Avé 2","etab_adr":"Mairie - Commune Avé 2, Agbogbodji, Noépé, Avé 2","ouverture_jour":"{lundi,Mardi,Mercredi,Jeudi,Vendredi}","ministere_tutelle":"MATDDT"}},{"type":"Feature","id":"_mview_admi_etablissements_administration.fid--1b6ae3e2_1a0db278384_-3b8c","geometry":{"type":"Point","coordinates":[0.09351368,10.90878734]},"geometry_name":"geometry","properties":{"region_nom_bdd":"Savanes","prefecture_nom_bdd":"Tône","commune_nom_bdd":"Tône 2","canton_nom_bdd":"Naki-Ouest","nom_localite":"Tintouangbague","etablissement_nom":"Centre d'État Civil Secondaire Naki-Ouest","etab_adr":"Centre d'État Civil Secondaire Naki-Ouest, Tintouangbague, Naki-Ouest, Tône 2","ouverture_jour":"{Samedi,Vendredi,Jeudi,Mercredi,Mardi,lundi}","ministere_tutelle":"MATDDT"}},{"type":"Feature","id":"_mview_admi_etablissements_administration.fid--1b6ae3e2_1a0db278384_-3b8b","geometry":{"type":"Point","coordinates":[-0.0339932,10.7825673]},"geometry_name":"geometry","properties":{"region_nom_bdd":"Savanes","prefecture_nom_bdd":"Tône","commune_nom_bdd":"Tône 3","canton_nom_bdd":"Warkambou","nom_localite":"Warkambou","etablissement_nom":"Mairie - Commune Tône 3 - Annexe Tami","etab_adr":"Mairie - Commune Tône 3 - Annexe Tami, Warkambou, Warkambou, Tône 3","ouverture_jour":"{lundi,Mardi,Mercredi,Jeudi,Vendredi,Samedi,Dimanche}","ministere_tutelle":"MATDDT"}},{"type":"Feature","id":"_mview_admi_etablissements_administration.fid--1b6ae3e2_1a0db278384_-3b8a","geometry":{"type":"Point","coordinates":[0.09369274,10.85287732]},"geometry_name":"geometry","properties":{"region_nom_bdd":"Savanes","prefecture_nom_bdd":"Tône","commune_nom_bdd":"Tône 3","canton_nom_bdd":"Tami","nom_localite":"Gbatanaague","etablissement_nom":"Centre d'État Civil Secondaire Tami","etab_adr":"Centre d'État Civil Secondaire Tami, Gbatanaague, Tami, Tône 3","ouverture_jour":"{Dimanche,Samedi,Vendredi,Jeudi,Mercredi,Mardi,lundi}","ministere_tutelle":"MATDDT"}},{"type":"Feature","id":"_mview_admi_etablissements_administration.fid--1b6ae3e2_1a0db278384_-3b89","geometry":{"type":"Point","coordinates":[0.32016257,10.90471377]},"geometry_name":"geometry","properties":{"region_nom_bdd":"Savanes","prefecture_nom_bdd":"Tône","commune_nom_bdd":"Tône 4","canton_nom_bdd":"Louanga","nom_localite":"Louanga","etablissement_nom":"Centre d'État Civil Secondaire Louanga","etab_adr":"Centre d'État Civil Secondaire Louanga, Louanga, Louanga, Tône 4","ouverture_jour":"{Samedi,Vendredi,Jeudi,Mercredi,Mardi,lundi}","ministere_tutelle":"MATDDT"}},{"type":"Feature","id":"_mview_admi_etablissements_administration.fid--1b6ae3e2_1a0db278384_-3b88","geometry":{"type":"Point","coordinates":[1.21264167,6.36112167]},"geometry_name":"geometry","properties":{"region_nom_bdd":"Maritime","prefecture_nom_bdd":"Zio","commune_nom_bdd":"Zio 1","canton_nom_bdd":"Davié","nom_localite":"Devimé","etablissement_nom":"Centre d'État Civil de Devimé","etab_adr":"Centre d'État Civil de Devimé, Devimé, Davié, Zio 1","ouverture_jour":"{lundi,Mardi,Mercredi,Jeudi,Vendredi}","ministere_tutelle":"MATDDT"}},{"type":"Feature","id":"_mview_admi_etablissements_administration.fid--1b6ae3e2_1a0db278384_-3b87","geometry":{"type":"Point","coordinates":[1.18829068,8.488079]},"geometry_name":"geometry","properties":{"region_nom_bdd":"Centrale","prefecture_nom_bdd":"Sotouboua","commune_nom_bdd":"Sotouboua 1","canton_nom_bdd":"Tabindè","nom_localite":"Somieda","etablissement_nom":"Centre d'État Civil Secondaire Somieda","etab_adr":"Centre d'État Civil Secondaire Somieda, Somieda, Tabindè, Sotouboua 1","ouverture_jour":"{lundi,Mardi,Mercredi,Jeudi,Vendredi}","ministere_tutelle":"MATDDT"}},{"type":"Feature","id":"_mview_admi_etablissements_administration.fid--1b6ae3e2_1a0db278384_-3b86","geometry":{"type":"Point","coordinates":[1.19961197,8.4230938]},"geometry_name":"geometry","properties":{"region_nom_bdd":"Centrale","prefecture_nom_bdd":"Sotouboua","commune_nom_bdd":"Sotouboua 3","canton_nom_bdd":"Kazaboua","nom_localite":"Agombio","etablissement_nom":"Centre d'État Civil Secondaire Agombio","etab_adr":"Centre d'État Civil Secondaire Agombio, Agombio, Kazaboua, Sotouboua 3","ouverture_jour":"{lundi,Mardi,Mercredi,Jeudi,Vendredi}","ministere_tutelle":"MATDDT"}},{"type":"Feature","id":"_mview_admi_etablissements_administration.fid--1b6ae3e2_1a0db278384_-3b85","geometry":{"type":"Point","coordinates":[0.70886167,7.04813833]},"geometry_name":"geometry","properties":{"region_nom_bdd":"Plateaux","prefecture_nom_bdd":"Kpélé","commune_nom_bdd":"Kpélé 1","canton_nom_bdd":"Kpélé-Akata","nom_localite":"Akata Agame","etablissement_nom":"Centre d'État Civil Annexe Kpele Akata Agame","etab_adr":"Centre d'État Civil Annexe Kpele Akata Agame, Akata Agame, Kpélé-Akata, Kpélé 1","ouverture_jour":"{lundi,Mardi,Mercredi,Jeudi,Vendredi}","ministere_tutelle":"MATDDT"}},{"type":"Feature","id":"_mview_admi_etablissements_administration.fid--1b6ae3e2_1a0db278384_-3b84","geometry":{"type":"Point","coordinates":[1.28730646,7.95258148]},"geometry_name":"geometry","properties":{"region_nom_bdd":"Plateaux","prefecture_nom_bdd":"Est-Mono","commune_nom_bdd":"Est-Mono 1","canton_nom_bdd":"Elavagnon","nom_localite":"Elavagnon","etablissement_nom":"Mairie - Commune Est-Mono 1","etab_adr":"Mairie - Commune Est-Mono 1, Elavagnon, Elavagnon, Est-Mono 1, 225BP21 Elavagnon","ouverture_jour":"{lundi,Mardi,Jeudi,Vendredi,Mercredi}","ministere_tutelle":"MATDDT"}},{"type":"Feature","id":"_mview_admi_etablissements_administration.fid--1b6ae3e2_1a0db278384_-3b83","geometry":{"type":"Point","coordinates":[0.86523693,7.38550757]},"geometry_name":"geometry","properties":{"region_nom_bdd":"Plateaux","prefecture_nom_bdd":"Amou","commune_nom_bdd":"Amou 2","canton_nom_bdd":"Amou-Oblo","nom_localite":"Vovokome","etablissement_nom":"Mairie - Commune Amou 2","etab_adr":"Mairie - Commune Amou 2, Vovokome, Amou-Oblo, Amou 2","ouverture_jour":"{lundi,Mardi,Mercredi,Jeudi,Vendredi}","ministere_tutelle":"MATDDT"}},{"type":"Feature","id":"_mview_admi_etablissements_administration.fid--1b6ae3e2_1a0db278384_-3b82","geometry":{"type":"Point","coordinates":[0.39362534,10.73346907]},"geometry_name":"geometry","properties":{"region_nom_bdd":"Savanes","prefecture_nom_bdd":"Kpendjal-Ouest","commune_nom_bdd":"Kpendjal-Ouest 1","canton_nom_bdd":"Naki-Est","nom_localite":"Sawaga","etablissement_nom":"Mairie - Commune Kpendjal-Ouest 1","etab_adr":"Mairie - Commune Kpendjal-Ouest 1, Sawaga, Naki-Est, Kpendjal-Ouest 1, BP50003 Dapaong","ouverture_jour":"{lundi,Mardi,Mercredi,Jeudi,Vendredi}","ministere_tutelle":"MATDDT"}},{"type":"Feature","id":"_mview_admi_etablissements_administration.fid--1b6ae3e2_1a0db278384_-3b81","geometry":{"type":"Point","coordinates":[0.65615343,8.17946865]},"geometry_name":"geometry","properties":{"region_nom_bdd":"Centrale","prefecture_nom_bdd":"Blitta","commune_nom_bdd":"Blitta 3","canton_nom_bdd":"Yégué","nom_localite":"Djidjolé","etablissement_nom":"Centre d'État Civil Annexe Yegue","etab_adr":"Centre d'État Civil Annexe Yegue, Djidjolé, Yégué, Blitta 3","ouverture_jour":"{lundi,Mardi,Mercredi,Jeudi,Vendredi,Samedi,Dimanche}","ministere_tutelle":"MATDDT"}},{"type":"Feature","id":"_mview_admi_etablissements_administration.fid--1b6ae3e2_1a0db278384_-3b80","geometry":{"type":"Point","coordinates":[1.2294952,6.1399558]},"geometry_name":"geometry","properties":{"region_nom_bdd":"Maritime","prefecture_nom_bdd":"Golfe","commune_nom_bdd":"Golfe 4","canton_nom_bdd":"Amoutivé","nom_localite":"Amoutive","etablissement_nom":"Centre d'État Civil Amoutivé","etab_adr":"Centre d'État Civil Amoutivé, Amoutive, Amoutivé, Golfe 4, 01BP330 Lomé","ouverture_jour":"{lundi,Mardi,Mercredi,Jeudi,Vendredi}","ministere_tutelle":"MATDDT"}},{"type":"Feature","id":"_mview_admi_etablissements_administration.fid--1b6ae3e2_1a0db278384_-3b7f","geometry":{"type":"Point","coordinates":[1.59300333,7.14358]},"geometry_name":"geometry","properties":{"region_nom_bdd":"Plateaux","prefecture_nom_bdd":"Moyen-Mono","commune_nom_bdd":"Moyen-Mono 1","canton_nom_bdd":"Tado","nom_localite":"Adjatche","etablissement_nom":"Centre d'État Civil Annexe Tado","etab_adr":"Centre d'État Civil Annexe Tado, Adjatche, Tado, Moyen-Mono 1","ouverture_jour":"{lundi,Mardi,Mercredi,Jeudi,Vendredi}","ministere_tutelle":"MATDDT"}},{"type":"Feature","id":"_mview_admi_etablissements_administration.fid--1b6ae3e2_1a0db278384_-3b7e","geometry":{"type":"Point","coordinates":[1.63590975,6.42321477]},"geometry_name":"geometry","properties":{"region_nom_bdd":"Maritime","prefecture_nom_bdd":"Bas-Mono","commune_nom_bdd":"Bas-Mono 1","canton_nom_bdd":"Afagnan-Gbléta","nom_localite":"Sedo Kondji","etablissement_nom":"Centre d'État Civil Adeho Seddoh Kondji","etab_adr":"Centre d'État Civil Adeho Seddoh Kondji, Sedo Kondji, Afagnan-Gbléta, Bas-Mono 1","ouverture_jour":"{Samedi,Mercredi}","ministere_tutelle":"MATDDT"}},{"type":"Feature","id":"_mview_admi_etablissements_administration.fid--1b6ae3e2_1a0db278384_-3b7d","geometry":{"type":"Point","coordinates":[1.60378,6.22914333]},"geometry_name":"geometry","properties":{"region_nom_bdd":"Maritime","prefecture_nom_bdd":"Lacs","commune_nom_bdd":"Lacs 1","canton_nom_bdd":"Aného","nom_localite":"Apounoukpa","etablissement_nom":"Mairie - Commune Lacs 1","etab_adr":"Mairie - Commune Lacs 1, Apounoukpa, Aného, Lacs 1, 130BP109 Aneho","ouverture_jour":"{lundi,Mardi,Mercredi,Jeudi,Vendredi}","ministere_tutelle":"MATDDT"}},{"type":"Feature","id":"_mview_admi_etablissements_administration.fid--1b6ae3e2_1a0db278384_-3b7c","geometry":{"type":"Point","coordinates":[1.2458142,6.14120302]},"geometry_name":"geometry","properties":{"region_nom_bdd":"Maritime","prefecture_nom_bdd":"Golfe","commune_nom_bdd":"Golfe 1","canton_nom_bdd":"Bè-Est","nom_localite":"Be Apedome","etablissement_nom":"Centre d'État Civil Be Apedome","etab_adr":"Centre d'État Civil Be Apedome, Be Apedome, Bè-Est, Golfe 1, BP62356 Lomé","ouverture_jour":"{lundi,Mardi,Mercredi,Jeudi,Vendredi}","ministere_tutelle":"MATDDT"}},{"type":"Feature","id":"_mview_admi_etablissements_administration.fid--1b6ae3e2_1a0db278384_-3b7b","geometry":{"type":"Point","coordinates":[1.18981247,9.54758788]},"geometry_name":"geometry","properties":{"region_nom_bdd":"Kara","prefecture_nom_bdd":"Kozah","commune_nom_bdd":"Kozah 1","canton_nom_bdd":"Commune De Kara","nom_localite":"Ewowou","etablissement_nom":"Centre d'État Civil Central Lama","etab_adr":"Centre d'État Civil Central Lama, Ewowou, Commune De Kara, Kozah 1, BP360 Kara","ouverture_jour":"{lundi,Mardi,Mercredi,Jeudi,Vendredi}","ministere_tutelle":"MATDDT"}},{"type":"Feature","id":"_mview_admi_etablissements_administration.fid--1b6ae3e2_1a0db278384_-3b7a","geometry":{"type":"Point","coordinates":[1.05279421,9.9577851]},"geometry_name":"geometry","properties":{"region_nom_bdd":"Kara","prefecture_nom_bdd":"Kéran","commune_nom_bdd":"Kéran 1","canton_nom_bdd":"Kantè","nom_localite":"Natiponi","etablissement_nom":"Centre d'État Civil Annexe Natiponi","etab_adr":"Centre d'État Civil Annexe Natiponi, Natiponi, Kantè, Kéran 1","ouverture_jour":"{lundi,Mardi,Mercredi,Jeudi,Vendredi}","ministere_tutelle":"MATDDT"}},{"type":"Feature","id":"_mview_admi_etablissements_administration.fid--1b6ae3e2_1a0db278384_-3b79","geometry":{"type":"Point","coordinates":[1.05268189,9.9578775]},"geometry_name":"geometry","properties":{"region_nom_bdd":"Kara","prefecture_nom_bdd":"Kéran","commune_nom_bdd":"Kéran 1","canton_nom_bdd":"Kantè","nom_localite":"Kantè-taar","etablissement_nom":"Centre d'État Civil Annexe Kante Taar","etab_adr":"Centre d'État Civil Annexe Kante Taar, Kantè-Taar, Kantè, Kéran 1","ouverture_jour":"{lundi,Mardi,Mercredi,Jeudi,Vendredi}","ministere_tutelle":"MATDDT"}},{"type":"Feature","id":"_mview_admi_etablissements_administration.fid--1b6ae3e2_1a0db278384_-3b78","geometry":{"type":"Point","coordinates":[0.77980294,9.25985526]},"geometry_name":"geometry","properties":{"region_nom_bdd":"Kara","prefecture_nom_bdd":"Bassar","commune_nom_bdd":"Bassar 1","canton_nom_bdd":"Bassar","nom_localite":"Inaba","etablissement_nom":"Centre d'État Civil Annexe Inaba","etab_adr":"Centre d'État Civil Annexe Inaba, Inaba, Bassar, Bassar 1","ouverture_jour":"{lundi,Mardi,Mercredi,Jeudi,Vendredi}","ministere_tutelle":"MATDDT"}},{"type":"Feature","id":"_mview_admi_etablissements_administration.fid--1b6ae3e2_1a0db278384_-3b77","geometry":{"type":"Point","coordinates":[1.05272907,9.95782737]},"geometry_name":"geometry","properties":{"region_nom_bdd":"Kara","prefecture_nom_bdd":"Kéran","commune_nom_bdd":"Kéran 1","canton_nom_bdd":"Kantè","nom_localite":"Namoute","etablissement_nom":"Centre d'État Civil Annexe Namoute","etab_adr":"Centre d'État Civil Annexe Namoute, Namoute, Kantè, Kéran 1","ouverture_jour":"{lundi,Mardi,Mercredi,Jeudi,Vendredi}","ministere_tutelle":"MATDDT"}},{"type":"Feature","id":"_mview_admi_etablissements_administration.fid--1b6ae3e2_1a0db278384_-3b76","geometry":{"type":"Point","coordinates":[0.60574,9.71494333]},"geometry_name":"geometry","properties":{"region_nom_bdd":"Kara","prefecture_nom_bdd":"Dankpen","commune_nom_bdd":"Dankpen 1","canton_nom_bdd":"Guérin-Kouka","nom_localite":"Sakpale","etablissement_nom":"Centre d'État Civil Annexe Sakpale","etab_adr":"Centre d'État Civil Annexe Sakpale, Sakpale, Guérin-Kouka, Dankpen 1","ouverture_jour":"{lundi,Mardi,Mercredi,Jeudi,Vendredi}","ministere_tutelle":"MATDDT"}},{"type":"Feature","id":"_mview_admi_etablissements_administration.fid--1b6ae3e2_1a0db278384_-3b75","geometry":{"type":"Point","coordinates":[0.95252,9.68885833]},"geometry_name":"geometry","properties":{"region_nom_bdd":"Kara","prefecture_nom_bdd":"Doufelgou","commune_nom_bdd":"Doufelgou 3","canton_nom_bdd":"Léon","nom_localite":"Leon Centre","etablissement_nom":"Centre d'État Civil Annexe Léon-Centre","etab_adr":"Centre d'État Civil Annexe Léon-Centre, Leon Centre, Léon, Doufelgou 2","ouverture_jour":"{lundi,Mardi,Mercredi,Jeudi,Vendredi}","ministere_tutelle":"MATDDT"}},{"type":"Feature","id":"_mview_admi_etablissements_administration.fid--1b6ae3e2_1a0db278384_-3b74","geometry":{"type":"Point","coordinates":[0.93706833,9.805025]},"geometry_name":"geometry","properties":{"region_nom_bdd":"Kara","prefecture_nom_bdd":"Doufelgou","commune_nom_bdd":"Doufelgou 3","canton_nom_bdd":"Kadjalla","nom_localite":"Okpeloun","etablissement_nom":"Centre d'État Civil Annexe Okpeloun","etab_adr":"Centre d'État Civil Annexe Okpeloun, Okpeloun, Kadjalla, Doufelgou 2","ouverture_jour":"{lundi,Mardi,Mercredi,Jeudi,Vendredi}","ministere_tutelle":"MATDDT"}},{"type":"Feature","id":"_mview_admi_etablissements_administration.fid--1b6ae3e2_1a0db278384_-3b73","geometry":{"type":"Point","coordinates":[1.04007077,8.0043529]},"geometry_name":"geometry","properties":{"region_nom_bdd":"Centrale","prefecture_nom_bdd":"Blitta","commune_nom_bdd":"Blitta 2","canton_nom_bdd":"Tcharè-Baou","nom_localite":"Dakrokonsou","etablissement_nom":"Centre d'État Civil Secondaire Dakrokonsou","etab_adr":"Centre d'État Civil Secondaire Dakrokonsou, Dakrokonsou, Tcharè-Baou, Blitta 2","ouverture_jour":"{lundi,Mardi,Mercredi,Jeudi,Vendredi}","ministere_tutelle":"MATDDT"}},{"type":"Feature","id":"_mview_admi_etablissements_administration.fid--1b6ae3e2_1a0db278384_-3b72","geometry":{"type":"Point","coordinates":[1.21423342,6.13411538]},"geometry_name":"geometry","properties":{"region_nom_bdd":"Maritime","prefecture_nom_bdd":"Golfe","commune_nom_bdd":"Golfe 4","canton_nom_bdd":"Amoutivé","nom_localite":"Hanoukope","etablissement_nom":"Mairie - Commune Golfe 4 - Direction des Affaires Financières","etab_adr":"Mairie - Commune Golfe 4 - Direction des Affaires Financières, Hanoukope, Amoutivé, Golfe 4, 01BP330 Lomé","ouverture_jour":"{lundi,Mardi,Mercredi,Jeudi,Vendredi}","ministere_tutelle":"MATDDT"}},{"type":"Feature","id":"_mview_admi_etablissements_administration.fid--1b6ae3e2_1a0db278384_-3b71","geometry":{"type":"Point","coordinates":[1.41535352,6.6633847]},"geometry_name":"geometry","properties":{"region_nom_bdd":"Maritime","prefecture_nom_bdd":"Yoto","commune_nom_bdd":"Yoto 1","canton_nom_bdd":"Kouvé","nom_localite":"Kouve Dopigbe","etablissement_nom":"Centre d'État Civil Kouve","etab_adr":"Centre d'État Civil Kouve, Kouve Dopigbe, Kouvé, Yoto 1","ouverture_jour":"{lundi,Mardi,Mercredi,Jeudi,Vendredi}","ministere_tutelle":"MATDDT"}},{"type":"Feature","id":"_mview_admi_etablissements_administration.fid--1b6ae3e2_1a0db278384_-3b70","geometry":{"type":"Point","coordinates":[1.09625667,8.239025]},"geometry_name":"geometry","properties":{"region_nom_bdd":"Centrale","prefecture_nom_bdd":"Blitta","commune_nom_bdd":"Blitta 2","canton_nom_bdd":"Agbandi","nom_localite":"Diguina","etablissement_nom":"Centre d'État Civil Secondaire Diguina","etab_adr":"Centre d'État Civil Secondaire Diguina, Diguina, Agbandi, Blitta 2","ouverture_jour":"{lundi,Mardi,Mercredi,Jeudi,Vendredi,Samedi,Dimanche}","ministere_tutelle":"MATDDT"}},{"type":"Feature","id":"_mview_admi_etablissements_administration.fid--1b6ae3e2_1a0db278384_-3b6f","geometry":{"type":"Point","coordinates":[0.38418552,10.73060532]},"geometry_name":"geometry","properties":{"region_nom_bdd":"Savanes","prefecture_nom_bdd":"Kpendjal-Ouest","commune_nom_bdd":"Kpendjal-Ouest 1","canton_nom_bdd":"Naki-Est","nom_localite":"Naki Centre","etablissement_nom":"Préfecture - Kpendjal Ouest","etab_adr":"Préfecture - Kpendjal Ouest, Naki Centre, Naki-Est, Kpendjal-Ouest 1","ouverture_jour":"{lundi,Mardi,Mercredi,Jeudi,Vendredi}","ministere_tutelle":"MATDDT"}},{"type":"Feature","id":"_mview_admi_etablissements_administration.fid--1b6ae3e2_1a0db278384_-3b6e","geometry":{"type":"Point","coordinates":[1.26550988,6.15367727]},"geometry_name":"geometry","properties":{"region_nom_bdd":"Maritime","prefecture_nom_bdd":"Golfe","commune_nom_bdd":"Golfe 1","canton_nom_bdd":"Bè-Est","nom_localite":"Akodessewa","etablissement_nom":"Centre d'État Civil Akodessewa","etab_adr":"Centre d'État Civil Akodessewa, Akodessewa, Bè-Est, Golfe 1, BP52356 Lomé","ouverture_jour":"{lundi,Mardi,Mercredi,Jeudi,Vendredi}","ministere_tutelle":"MATDDT"}},{"type":"Feature","id":"_mview_admi_etablissements_administration.fid--1b6ae3e2_1a0db278384_-3b6d","geometry":{"type":"Point","coordinates":[0.60752292,6.90796585]},"geometry_name":"geometry","properties":{"region_nom_bdd":"Plateaux","prefecture_nom_bdd":"Kloto","commune_nom_bdd":"Kloto 1","canton_nom_bdd":"Hanyigba","nom_localite":"Hanyigba Duga","etablissement_nom":"Centre d'État Civil Hanyigba-Duga","etab_adr":"Centre d'État Civil Hanyigba-Duga, Hanyigba Duga, Hanyigba, Kloto 1","ouverture_jour":"Nsp","ministere_tutelle":"MATDDT"}},{"type":"Feature","id":"_mview_admi_etablissements_administration.fid--1b6ae3e2_1a0db278384_-3b6c","geometry":{"type":"Point","coordinates":[0.763465,8.27156833]},"geometry_name":"geometry","properties":{"region_nom_bdd":"Centrale","prefecture_nom_bdd":"Blitta","commune_nom_bdd":"Blitta 3","canton_nom_bdd":"M'Poti","nom_localite":"Elavagnon-todji","etablissement_nom":"Centre d'État Civil Annexe Elavagnon Todji","etab_adr":"Centre d'État Civil Annexe Elavagnon Todji, Elavagnon-Todji, M'Poti, Blitta 3","ouverture_jour":"{lundi,Mardi,Mercredi,Jeudi,Vendredi,Samedi,Dimanche}","ministere_tutelle":"MATDDT"}},{"type":"Feature","id":"_mview_admi_etablissements_administration.fid--1b6ae3e2_1a0db278384_-3b6b","geometry":{"type":"Point","coordinates":[1.12309695,8.05493839]},"geometry_name":"geometry","properties":{"region_nom_bdd":"Centrale","prefecture_nom_bdd":"Blitta","commune_nom_bdd":"Blitta 2","canton_nom_bdd":"Koffiti","nom_localite":"Edomi","etablissement_nom":"Centre d'État Civil Secondaire Edomi","etab_adr":"Centre d'État Civil Secondaire Edomi, Edomi, Koffiti, Blitta 2","ouverture_jour":"{lundi,Mardi,Mercredi,Jeudi,Vendredi,Samedi,Dimanche}","ministere_tutelle":"MATDDT"}},{"type":"Feature","id":"_mview_admi_etablissements_administration.fid--1b6ae3e2_1a0db278384_-3b6a","geometry":{"type":"Point","coordinates":[1.34321019,6.17287359]},"geometry_name":"geometry","properties":{"region_nom_bdd":"Maritime","prefecture_nom_bdd":"Golfe","commune_nom_bdd":"Golfe 6","canton_nom_bdd":"Baguida","nom_localite":"Avepozo","etablissement_nom":"Centre d'État Civil d'Avepozo","etab_adr":"Centre d'État Civil d'Avepozo, Avepozo, Baguida, Golfe 6, 12BP85 Baguida","ouverture_jour":"{lundi,Mardi,Mercredi,Jeudi,Vendredi}","ministere_tutelle":"MATDDT"}},{"type":"Feature","id":"_mview_admi_etablissements_administration.fid--1b6ae3e2_1a0db278384_-3b69","geometry":{"type":"Point","coordinates":[1.04359081,8.01688574]},"geometry_name":"geometry","properties":{"region_nom_bdd":"Centrale","prefecture_nom_bdd":"Blitta","commune_nom_bdd":"Blitta 2","canton_nom_bdd":"Tcharè-Baou","nom_localite":"Soussoukparovi","etablissement_nom":"Centre d'État Civil Secondaire Soussoukparovi","etab_adr":"Centre d'État Civil Secondaire Soussoukparovi, Soussoukparovi, Tcharè-Baou, Blitta 2","ouverture_jour":"{lundi,Mardi,Mercredi,Jeudi,Vendredi}","ministere_tutelle":"MATDDT"}},{"type":"Feature","id":"_mview_admi_etablissements_administration.fid--1b6ae3e2_1a0db278384_-3b68","geometry":{"type":"Point","coordinates":[1.2057882,6.12865736]},"geometry_name":"geometry","properties":{"region_nom_bdd":"Maritime","prefecture_nom_bdd":"Golfe","commune_nom_bdd":"Golfe 4","canton_nom_bdd":"Amoutivé","nom_localite":"Nyekonakpoe","etablissement_nom":"Mairie - Commune Golfe 4 - Direction des Services Techniques","etab_adr":"Mairie - Commune Golfe 4 - Direction des Services Techniques, Nyekonakpoe, Amoutivé, Golfe 4, 01BP330 Lomé","ouverture_jour":"{lundi,Mardi,Mercredi,Jeudi,Vendredi}","ministere_tutelle":"MATDDT"}},{"type":"Feature","id":"_mview_admi_etablissements_administration.fid--1b6ae3e2_1a0db278384_-3b67","geometry":{"type":"Point","coordinates":[0.60656796,9.69311938]},"geometry_name":"geometry","properties":{"region_nom_bdd":"Kara","prefecture_nom_bdd":"Dankpen","commune_nom_bdd":"Dankpen 1","canton_nom_bdd":"Guérin-Kouka","nom_localite":"Kissamonssini","etablissement_nom":"Centre d'État Civil Annexe Kissamonssini","etab_adr":"Centre d'État Civil Annexe Kissamonssini, Kissamonssini, Guérin-Kouka, Dankpen 1","ouverture_jour":"{lundi,Mardi,Mercredi,Jeudi,Vendredi}","ministere_tutelle":"MATDDT"}},{"type":"Feature","id":"_mview_admi_etablissements_administration.fid--1b6ae3e2_1a0db278384_-3b66","geometry":{"type":"Point","coordinates":[1.27088221,6.18615177]},"geometry_name":"geometry","properties":{"region_nom_bdd":"Maritime","prefecture_nom_bdd":"Golfe","commune_nom_bdd":"Golfe 1","canton_nom_bdd":"Bè-Est","nom_localite":"Attiegou","etablissement_nom":"Centre d'État Civil Be Kpota Adidome","etab_adr":"Centre d'État Civil Be Kpota Adidome, Attiegou, Bè-Est, Golfe 1, BP62356 Lomé","ouverture_jour":"{lundi,Mardi,Mercredi,Jeudi,Vendredi}","ministere_tutelle":"MATDDT"}},{"type":"Feature","id":"_mview_admi_etablissements_administration.fid--1b6ae3e2_1a0db278384_-3b65","geometry":{"type":"Point","coordinates":[0.79465638,7.66404235]},"geometry_name":"geometry","properties":{"region_nom_bdd":"Plateaux","prefecture_nom_bdd":"Akébou","commune_nom_bdd":"Akébou 1","canton_nom_bdd":"Kougnohou","nom_localite":"Kougnohou","etablissement_nom":"Préfecture - Akebou","etab_adr":"Préfecture - Akebou, Kougnohou, Kougnohou, Akébou 1, 01BP Kougnohou","ouverture_jour":"{lundi,Mardi,Mercredi,Jeudi,Vendredi}","ministere_tutelle":"MATDDT"}},{"type":"Feature","id":"_mview_admi_etablissements_administration.fid--1b6ae3e2_1a0db278384_-3b64","geometry":{"type":"Point","coordinates":[1.10724524,8.03538331]},"geometry_name":"geometry","properties":{"region_nom_bdd":"Centrale","prefecture_nom_bdd":"Blitta","commune_nom_bdd":"Blitta 2","canton_nom_bdd":"Koffiti","nom_localite":"Koulan","etablissement_nom":"Centre d'État Civil Secondaire Koulan","etab_adr":"Centre d'État Civil Secondaire Koulan, Koulan, Koffiti, Blitta 2","ouverture_jour":"{lundi,Vendredi,Samedi,Dimanche}","ministere_tutelle":"MATDDT"}},{"type":"Feature","id":"_mview_admi_etablissements_administration.fid--1b6ae3e2_1a0db278384_-3b63","geometry":{"type":"Point","coordinates":[1.05007099,8.05391497]},"geometry_name":"geometry","properties":{"region_nom_bdd":"Centrale","prefecture_nom_bdd":"Blitta","commune_nom_bdd":"Blitta 2","canton_nom_bdd":"Tcharè-Baou","nom_localite":"Atikpai Balideou","etablissement_nom":"Centre d'État Civil Secondaire Atikpai Balideou","etab_adr":"Centre d'État Civil Secondaire Atikpai Balideou, Atikpai Balideou, Tcharè-Baou, Blitta 2","ouverture_jour":"{Mardi,Jeudi,Vendredi}","ministere_tutelle":"MATDDT"}},{"type":"Feature","id":"_mview_admi_etablissements_administration.fid--1b6ae3e2_1a0db278384_-3b62","geometry":{"type":"Point","coordinates":[1.57445704,6.7644815]},"geometry_name":"geometry","properties":{"region_nom_bdd":"Maritime","prefecture_nom_bdd":"Yoto","commune_nom_bdd":"Yoto 3","canton_nom_bdd":"Sendome","nom_localite":"Sikpe Afidegnon","etablissement_nom":"Centre d'État Civil Sedome","etab_adr":"Centre d'État Civil Sedome, Sikpe Afidegnon, Sendome, Yoto 3","ouverture_jour":"{lundi,Mardi,Mercredi,Jeudi,Vendredi}","ministere_tutelle":"MATDDT"}},{"type":"Feature","id":"_mview_admi_etablissements_administration.fid--1b6ae3e2_1a0db278384_-3b61","geometry":{"type":"Point","coordinates":[0.60658418,9.69332167]},"geometry_name":"geometry","properties":{"region_nom_bdd":"Kara","prefecture_nom_bdd":"Dankpen","commune_nom_bdd":"Dankpen 1","canton_nom_bdd":"Guérin-Kouka","nom_localite":"Guerin-kouka","etablissement_nom":"Centre d'État Civil Annexe Wagam","etab_adr":"Centre d'État Civil Annexe Wagam, Guerin-Kouka, Guérin-Kouka, Dankpen 1","ouverture_jour":"{lundi,Mardi,Mercredi,Jeudi,Vendredi}","ministere_tutelle":"MATDDT"}},{"type":"Feature","id":"_mview_admi_etablissements_administration.fid--1b6ae3e2_1a0db278384_-3b60","geometry":{"type":"Point","coordinates":[0.74727113,7.17181693]},"geometry_name":"geometry","properties":{"region_nom_bdd":"Plateaux","prefecture_nom_bdd":"Kpélé","commune_nom_bdd":"Kpélé 2","canton_nom_bdd":"Kpélé-Centre","nom_localite":"Kpelé-goudevé","etablissement_nom":"Centre d'État Civil Annexe Kpele Goudeve","etab_adr":"Centre d'État Civil Annexe Kpele Goudeve, Kpelé-Goudevé, Kpélé-Centre, Kpélé 2","ouverture_jour":"{Vendredi,Jeudi,Mercredi,Mardi,lundi}","ministere_tutelle":"MATDDT"}},{"type":"Feature","id":"_mview_admi_etablissements_administration.fid--1b6ae3e2_1a0db278384_-3b5f","geometry":{"type":"Point","coordinates":[1.17287296,6.20933999]},"geometry_name":"geometry","properties":{"region_nom_bdd":"Maritime","prefecture_nom_bdd":"Agoè-Nyivé","commune_nom_bdd":"Agoè-Nyivé 3","canton_nom_bdd":"Vakpossito","nom_localite":"Agoe Elavagnon","etablissement_nom":"Centre d'État Civil Annexe Elavagnon Atchanve","etab_adr":"Centre d'État Civil Annexe Elavagnon Atchanve, Agoe Elavagnon, Vakpossito, Agoè-Nyivé 3","ouverture_jour":"{lundi,Mardi,Mercredi,Jeudi,Vendredi}","ministere_tutelle":"MATDDT"}},{"type":"Feature","id":"_mview_admi_etablissements_administration.fid--1b6ae3e2_1a0db278384_-3b5e","geometry":{"type":"Point","coordinates":[0.61617241,9.5275015]},"geometry_name":"geometry","properties":{"region_nom_bdd":"Kara","prefecture_nom_bdd":"Dankpen","commune_nom_bdd":"Dankpen 3","canton_nom_bdd":"Bapuré","nom_localite":"Djakpagnon","etablissement_nom":"Centre d'État Civil Annexe Djakpagnon","etab_adr":"Centre d'État Civil Annexe Djakpagnon, Djakpagnon, Bapuré, Dankpen 3","ouverture_jour":"{lundi,Mardi,Mercredi,Jeudi,Vendredi}","ministere_tutelle":"MATDDT"}},{"type":"Feature","id":"_mview_admi_etablissements_administration.fid--1b6ae3e2_1a0db278384_-3b5d","geometry":{"type":"Point","coordinates":[0.61615613,9.5274603]},"geometry_name":"geometry","properties":{"region_nom_bdd":"Kara","prefecture_nom_bdd":"Dankpen","commune_nom_bdd":"Dankpen 3","canton_nom_bdd":"Bapuré","nom_localite":"Koukpone","etablissement_nom":"Centre d'État Civil Annexe de Koukpone","etab_adr":"Centre d'État Civil Annexe de Koukpone, Koukpone, Bapuré, Dankpen 3","ouverture_jour":"{lundi,Mardi,Mercredi,Jeudi,Vendredi}","ministere_tutelle":"MATDDT"}},{"type":"Feature","id":"_mview_admi_etablissements_administration.fid--1b6ae3e2_1a0db278384_-3b5c","geometry":{"type":"Point","coordinates":[0.84706689,6.66008528]},"geometry_name":"geometry","properties":{"region_nom_bdd":"Plateaux","prefecture_nom_bdd":"Agou","commune_nom_bdd":"Agou 2","canton_nom_bdd":"Amoussou-Kopé","nom_localite":"Amoussoukope","etablissement_nom":"Mairie - Commune Agou 2","etab_adr":"Mairie - Commune Agou 2, Amoussoukope, Amoussou-Kopé, Agou 2, 250BP101 Agou 2","ouverture_jour":"{lundi,Mardi,Mercredi,Jeudi,Vendredi}","ministere_tutelle":"MATDDT"}},{"type":"Feature","id":"_mview_admi_etablissements_administration.fid--1b6ae3e2_1a0db278384_-3b5b","geometry":{"type":"Point","coordinates":[0.580813,6.95513808]},"geometry_name":"geometry","properties":{"region_nom_bdd":"Plateaux","prefecture_nom_bdd":"Kloto","commune_nom_bdd":"Kloto 3","canton_nom_bdd":"Kouma","nom_localite":"Konda","etablissement_nom":"Mairie - Commune Kloto 3","etab_adr":"Mairie - Commune Kloto 3, Konda, Kouma, Kloto 3","ouverture_jour":"{lundi,Mardi,Mercredi,Jeudi,Vendredi}","ministere_tutelle":"MATDDT"}},{"type":"Feature","id":"_mview_admi_etablissements_administration.fid--1b6ae3e2_1a0db278384_-3b5a","geometry":{"type":"Point","coordinates":[1.52044167,8.82589167]},"geometry_name":"geometry","properties":{"region_nom_bdd":"Centrale","prefecture_nom_bdd":"Tchamba","commune_nom_bdd":"Tchamba 2","canton_nom_bdd":"Koussountou","nom_localite":"Medina","etablissement_nom":"Mairie - Commune Tchamba 2","etab_adr":"Mairie - Commune Tchamba 2, Medina, Koussountou, Tchamba 2, 330BP85","ouverture_jour":"{lundi,Mardi,Mercredi,Jeudi,Vendredi}","ministere_tutelle":"MATDDT"}},{"type":"Feature","id":"_mview_admi_etablissements_administration.fid--1b6ae3e2_1a0db278384_-3b59","geometry":{"type":"Point","coordinates":[0.63240841,6.90586938]},"geometry_name":"geometry","properties":{"region_nom_bdd":"Plateaux","prefecture_nom_bdd":"Kloto","commune_nom_bdd":"Kloto 1","canton_nom_bdd":"Agome-Kpalime","nom_localite":"Kpalimé","etablissement_nom":"Préfecture - Kloto","etab_adr":"Préfecture - Kloto, Kpalimé, Agome-Kpalime, Kloto 1","ouverture_jour":"{lundi,Mardi,Mercredi,Jeudi,Vendredi}","ministere_tutelle":"MATDDT"}},{"type":"Feature","id":"_mview_admi_etablissements_administration.fid--1b6ae3e2_1a0db278384_-3b58","geometry":{"type":"Point","coordinates":[-0.07693854,11.1240766]},"geometry_name":"geometry","properties":{"region_nom_bdd":"Savanes","prefecture_nom_bdd":"Cinkassé","commune_nom_bdd":"Cinkassé 1","canton_nom_bdd":"Boadé","nom_localite":"Sintango","etablissement_nom":"Centre d'État Civil Secondaire Boade","etab_adr":"Centre d'État Civil Secondaire Boade, Sintango, Boadé, Cinkassé 1","ouverture_jour":"{lundi,Mardi,Mercredi,Jeudi,Vendredi,Samedi}","ministere_tutelle":"MATDDT"}},{"type":"Feature","id":"_mview_admi_etablissements_administration.fid--1b6ae3e2_1a0db278384_-3b57","geometry":{"type":"Point","coordinates":[0.63274677,6.90645581]},"geometry_name":"geometry","properties":{"region_nom_bdd":"Plateaux","prefecture_nom_bdd":"Kloto","commune_nom_bdd":"Kloto 1","canton_nom_bdd":"Agome-Kpalime","nom_localite":"Kpalimé","etablissement_nom":"Mairie - Commune Kloto 1","etab_adr":"Mairie - Commune Kloto 1, Kpalimé, Agome-Kpalime, Kloto 1","ouverture_jour":"{lundi,Mardi,Mercredi,Jeudi,Vendredi}","ministere_tutelle":"MATDDT"}},{"type":"Feature","id":"_mview_admi_etablissements_administration.fid--1b6ae3e2_1a0db278384_-3b56","geometry":{"type":"Point","coordinates":[0.94849756,9.94091989]},"geometry_name":"geometry","properties":{"region_nom_bdd":"Kara","prefecture_nom_bdd":"Kéran","commune_nom_bdd":"Kéran 2","canton_nom_bdd":"Ataloté","nom_localite":"Wartè-maison","etablissement_nom":"Centre d'État Civil Annexe Wartè-Maison","etab_adr":"Centre d'État Civil Annexe Wartè-Maison, Wartè-Maison, Ataloté, Kéran 2","ouverture_jour":"{lundi,Mardi,Mercredi,Jeudi,Vendredi}","ministere_tutelle":"MATDDT"}},{"type":"Feature","id":"_mview_admi_etablissements_administration.fid--1b6ae3e2_1a0db278384_-3b55","geometry":{"type":"Point","coordinates":[1.16777211,6.67726524]},"geometry_name":"geometry","properties":{"region_nom_bdd":"Maritime","prefecture_nom_bdd":"Zio","commune_nom_bdd":"Zio 3","canton_nom_bdd":"Agbélouvé","nom_localite":"Nsp","etablissement_nom":"Mairie - Commune Zio 3","etab_adr":"Mairie - Commune Zio 3, , Agbélouvé, Zio 3, 120BP05","ouverture_jour":"{lundi,Mardi,Mercredi,Jeudi,Vendredi}","ministere_tutelle":"MATDDT"}},{"type":"Feature","id":"_mview_admi_etablissements_administration.fid--1b6ae3e2_1a0db278384_-3b54","geometry":{"type":"Point","coordinates":[0.60660507,9.69261735]},"geometry_name":"geometry","properties":{"region_nom_bdd":"Kara","prefecture_nom_bdd":"Dankpen","commune_nom_bdd":"Dankpen 1","canton_nom_bdd":"Guérin-Kouka","nom_localite":"Nabouani","etablissement_nom":"Centre d'État Civil Annexe Nabouani","etab_adr":"Centre d'État Civil Annexe Nabouani, Nabouani, Guérin-Kouka, Dankpen 1","ouverture_jour":"{lundi,Mardi,Mercredi,Jeudi,Vendredi}","ministere_tutelle":"MATDDT"}},{"type":"Feature","id":"_mview_admi_etablissements_administration.fid--1b6ae3e2_1a0db278384_-3b53","geometry":{"type":"Point","coordinates":[1.0527383,9.95776457]},"geometry_name":"geometry","properties":{"region_nom_bdd":"Kara","prefecture_nom_bdd":"Kéran","commune_nom_bdd":"Kéran 1","canton_nom_bdd":"Kantè","nom_localite":"Anima","etablissement_nom":"Centre d'État Civil Annexe Anima","etab_adr":"Centre d'État Civil Annexe Anima, Anima, Kantè, Kéran 1","ouverture_jour":"{lundi,Mardi,Mercredi,Jeudi,Vendredi}","ministere_tutelle":"MATDDT"}},{"type":"Feature","id":"_mview_admi_etablissements_administration.fid--1b6ae3e2_1a0db278384_-3b52","geometry":{"type":"Point","coordinates":[1.01857667,9.84105667]},"geometry_name":"geometry","properties":{"region_nom_bdd":"Kara","prefecture_nom_bdd":"Doufelgou","commune_nom_bdd":"Doufelgou 3","canton_nom_bdd":"Tchoré","nom_localite":"Ayiga","etablissement_nom":"Centre d'État Civil Annexe Ayiga","etab_adr":"Centre d'État Civil Annexe Ayiga, Ayiga, Tchoré, Doufelgou 2","ouverture_jour":"{lundi,Mardi,Mercredi,Jeudi,Vendredi}","ministere_tutelle":"MATDDT"}},{"type":"Feature","id":"_mview_admi_etablissements_administration.fid--1b6ae3e2_1a0db278384_-3b51","geometry":{"type":"Point","coordinates":[1.2268361,6.13179266]},"geometry_name":"geometry","properties":{"region_nom_bdd":"Maritime","prefecture_nom_bdd":"Golfe","commune_nom_bdd":"Golfe 4","canton_nom_bdd":"Amoutivé","nom_localite":"Sangaratime","etablissement_nom":"Centre d'État Civil Sangaratime","etab_adr":"Centre d'État Civil Sangaratime, Sangaratime, Amoutivé, Golfe 4, 01BP330 Lomé","ouverture_jour":"{lundi,Mardi,Mercredi,Jeudi,Vendredi}","ministere_tutelle":"MATDDT"}},{"type":"Feature","id":"_mview_admi_etablissements_administration.fid--1b6ae3e2_1a0db278384_-3b50","geometry":{"type":"Point","coordinates":[0.78059305,9.26468877]},"geometry_name":"geometry","properties":{"region_nom_bdd":"Kara","prefecture_nom_bdd":"Bassar","commune_nom_bdd":"Bassar 1","canton_nom_bdd":"Bassar","nom_localite":"Bikoutchabe","etablissement_nom":"Centre d'État Civil Annexe Chp Bassar","etab_adr":"Centre d'État Civil Annexe Chp Bassar, Bikoutchabe, Bassar, Bassar 1","ouverture_jour":"{lundi,Mardi,Mercredi,Jeudi,Vendredi}","ministere_tutelle":"MATDDT"}},{"type":"Feature","id":"_mview_admi_etablissements_administration.fid--1b6ae3e2_1a0db278384_-3b4f","geometry":{"type":"Point","coordinates":[0.77981597,9.25981894]},"geometry_name":"geometry","properties":{"region_nom_bdd":"Kara","prefecture_nom_bdd":"Bassar","commune_nom_bdd":"Bassar 1","canton_nom_bdd":"Bassar","nom_localite":"Tchakpossi","etablissement_nom":"Centre d'État Civil Annexe Tchakpossi","etab_adr":"Centre d'État Civil Annexe Tchakpossi, Tchakpossi, Bassar, Bassar 1","ouverture_jour":"{lundi,Mardi,Mercredi,Jeudi,Vendredi}","ministere_tutelle":"MATDDT"}},{"type":"Feature","id":"_mview_admi_etablissements_administration.fid--1b6ae3e2_1a0db278384_-3b4e","geometry":{"type":"Point","coordinates":[0.77977302,9.25983365]},"geometry_name":"geometry","properties":{"region_nom_bdd":"Kara","prefecture_nom_bdd":"Bassar","commune_nom_bdd":"Bassar 1","canton_nom_bdd":"Bassar","nom_localite":"Baghan","etablissement_nom":"Centre d'État Civil Annexe Baghan","etab_adr":"Centre d'État Civil Annexe Baghan, Baghan, Bassar, Bassar 1","ouverture_jour":"{lundi,Mardi,Mercredi,Jeudi,Vendredi}","ministere_tutelle":"MATDDT"}},{"type":"Feature","id":"_mview_admi_etablissements_administration.fid--1b6ae3e2_1a0db278384_-3b4d","geometry":{"type":"Point","coordinates":[0.61611846,9.52747987]},"geometry_name":"geometry","properties":{"region_nom_bdd":"Kara","prefecture_nom_bdd":"Dankpen","commune_nom_bdd":"Dankpen 3","canton_nom_bdd":"Bapuré","nom_localite":"Satchale","etablissement_nom":"Centre d'État Civil Annexe Satchale","etab_adr":"Centre d'État Civil Annexe Satchale, Satchale, Bapuré, Dankpen 3","ouverture_jour":"{lundi,Mardi,Mercredi,Jeudi}","ministere_tutelle":"MATDDT"}},{"type":"Feature","id":"_mview_admi_etablissements_administration.fid--1b6ae3e2_1a0db278384_-3b4c","geometry":{"type":"Point","coordinates":[0.60693,9.69323167]},"geometry_name":"geometry","properties":{"region_nom_bdd":"Kara","prefecture_nom_bdd":"Dankpen","commune_nom_bdd":"Dankpen 1","canton_nom_bdd":"Guérin-Kouka","nom_localite":"Guerin-kouka","etablissement_nom":"Centre d'État Civil Annexe l'Hôpital Guerin Kouka","etab_adr":"Centre d'État Civil Annexe l'Hôpital Guerin Kouka, Guerin-Kouka, Guérin-Kouka, Dankpen 1","ouverture_jour":"{lundi,Mardi,Mercredi,Jeudi,Vendredi}","ministere_tutelle":"MATDDT"}},{"type":"Feature","id":"_mview_admi_etablissements_administration.fid--1b6ae3e2_1a0db278384_-3b4b","geometry":{"type":"Point","coordinates":[1.07618,9.92667]},"geometry_name":"geometry","properties":{"region_nom_bdd":"Kara","prefecture_nom_bdd":"Kéran","commune_nom_bdd":"Kéran 1","canton_nom_bdd":"Kantè","nom_localite":"Deoute","etablissement_nom":"Centre d'État Civil Annexe deoute","etab_adr":"Centre d'État Civil Annexe deoute, Deoute, Kantè, Kéran 1","ouverture_jour":"{lundi,Mardi,Mercredi,Jeudi,Vendredi}","ministere_tutelle":"MATDDT"}},{"type":"Feature","id":"_mview_admi_etablissements_administration.fid--1b6ae3e2_1a0db278384_-3b4a","geometry":{"type":"Point","coordinates":[1.20580297,6.1286446]},"geometry_name":"geometry","properties":{"region_nom_bdd":"Maritime","prefecture_nom_bdd":"Golfe","commune_nom_bdd":"Golfe 4","canton_nom_bdd":"Amoutivé","nom_localite":"Nyekonakpoe","etablissement_nom":"Centre d'État Civil Nyekonakpoe","etab_adr":"Centre d'État Civil Nyekonakpoe, Nyekonakpoe, Amoutivé, Golfe 4, BP330 Lomé","ouverture_jour":"{lundi,Mardi,Mercredi,Jeudi,Vendredi}","ministere_tutelle":"MATDDT"}},{"type":"Feature","id":"_mview_admi_etablissements_administration.fid--1b6ae3e2_1a0db278384_-3b49","geometry":{"type":"Point","coordinates":[1.20576794,6.1287224]},"geometry_name":"geometry","properties":{"region_nom_bdd":"Maritime","prefecture_nom_bdd":"Golfe","commune_nom_bdd":"Golfe 4","canton_nom_bdd":"Amoutivé","nom_localite":"Nyekonakpoe","etablissement_nom":"Mairie - Commune Golfe 4 - Direction des Affaires Sociales, Sport, Santé, Éducation, Culture et du Tourisme","etab_adr":"Mairie - Commune Golfe 4 - Direction des Affaires Sociales, Sport, Santé, Éducation, Culture et du Tourisme, Nyekonakpoe, Amoutivé, Golfe 4, 01BP330 Lomé","ouverture_jour":"{lundi,Mardi,Mercredi,Jeudi,Vendredi}","ministere_tutelle":"MATDDT"}},{"type":"Feature","id":"_mview_admi_etablissements_administration.fid--1b6ae3e2_1a0db278384_-3b48","geometry":{"type":"Point","coordinates":[1.34487,6.19504833]},"geometry_name":"geometry","properties":{"region_nom_bdd":"Maritime","prefecture_nom_bdd":"Golfe","commune_nom_bdd":"Golfe 6","canton_nom_bdd":"Baguida","nom_localite":"Devego","etablissement_nom":"Centre d'État Civil de Devego","etab_adr":"Centre d'État Civil de Devego, Devego, Baguida, Golfe 6, 12BP85 Baguida","ouverture_jour":"{lundi,Mardi,Mercredi,Jeudi,Vendredi}","ministere_tutelle":"MATDDT"}},{"type":"Feature","id":"_mview_admi_etablissements_administration.fid--1b6ae3e2_1a0db278384_-3b47","geometry":{"type":"Point","coordinates":[1.36501152,6.1762993]},"geometry_name":"geometry","properties":{"region_nom_bdd":"Maritime","prefecture_nom_bdd":"Golfe","commune_nom_bdd":"Golfe 6","canton_nom_bdd":"Baguida","nom_localite":"Agodeke","etablissement_nom":"Centre d'État Civil Agodeke","etab_adr":"Centre d'État Civil Agodeke, Agodeke, Baguida, Golfe 6, 12BP85 Baguida","ouverture_jour":"{lundi,Mardi,Mercredi,Jeudi,Vendredi}","ministere_tutelle":"MATDDT"}},{"type":"Feature","id":"_mview_admi_etablissements_administration.fid--1b6ae3e2_1a0db278384_-3b46","geometry":{"type":"Point","coordinates":[1.20464167,6.116925]},"geometry_name":"geometry","properties":{"region_nom_bdd":"Maritime","prefecture_nom_bdd":"Golfe","commune_nom_bdd":"Golfe 4","canton_nom_bdd":"Amoutivé","nom_localite":"Kodjoviakope","etablissement_nom":"Centre d'État Civil Kodjoviakope","etab_adr":"Centre d'État Civil Kodjoviakope, Kodjoviakope, Amoutivé, Golfe 4, BP330 Lomé","ouverture_jour":"{lundi,Mardi,Mercredi,Jeudi,Vendredi}","ministere_tutelle":"MATDDT"}},{"type":"Feature","id":"_mview_admi_etablissements_administration.fid--1b6ae3e2_1a0db278384_-3b45","geometry":{"type":"Point","coordinates":[1.20874784,6.14353879]},"geometry_name":"geometry","properties":{"region_nom_bdd":"Maritime","prefecture_nom_bdd":"Golfe","commune_nom_bdd":"Golfe 4","canton_nom_bdd":"Amoutivé","nom_localite":"Tokoin","etablissement_nom":"Centre d'État Civil Tokoin Hopital","etab_adr":"Centre d'État Civil Tokoin Hopital, Tokoin, Amoutivé, Golfe 4, 01BP330 Lomé","ouverture_jour":"{lundi,Mardi,Mercredi,Jeudi,Vendredi}","ministere_tutelle":"MATDDT"}},{"type":"Feature","id":"_mview_admi_etablissements_administration.fid--1b6ae3e2_1a0db278384_-3b44","geometry":{"type":"Point","coordinates":[1.26546924,6.15370098]},"geometry_name":"geometry","properties":{"region_nom_bdd":"Maritime","prefecture_nom_bdd":"Golfe","commune_nom_bdd":"Golfe 1","canton_nom_bdd":"Bè-Est","nom_localite":"Akodessewa","etablissement_nom":"Centre d'État Civil étranger","etab_adr":"Centre d'État Civil étranger, Akodessewa, Bè-Est, Golfe 1, BP62356 Lomé","ouverture_jour":"{lundi,Mardi,Mercredi,Jeudi,Vendredi}","ministere_tutelle":"MATDDT"}},{"type":"Feature","id":"_mview_admi_etablissements_administration.fid--1b6ae3e2_1a0db278384_-3b43","geometry":{"type":"Point","coordinates":[1.33605833,6.17000667]},"geometry_name":"geometry","properties":{"region_nom_bdd":"Maritime","prefecture_nom_bdd":"Golfe","commune_nom_bdd":"Golfe 6","canton_nom_bdd":"Baguida","nom_localite":"Baguida","etablissement_nom":"Centre d'État Civil Central Baguida","etab_adr":"Centre d'État Civil Central Baguida, Baguida, Baguida, Golfe 6, BP85 Baguida","ouverture_jour":"{lundi,Mardi,Mercredi,Jeudi,Vendredi}","ministere_tutelle":"MATDDT"}},{"type":"Feature","id":"_mview_admi_etablissements_administration.fid--1b6ae3e2_1a0db278384_-3b42","geometry":{"type":"Point","coordinates":[1.37612635,6.18042643]},"geometry_name":"geometry","properties":{"region_nom_bdd":"Maritime","prefecture_nom_bdd":"Golfe","commune_nom_bdd":"Golfe 6","canton_nom_bdd":"Baguida","nom_localite":"Kpogan","etablissement_nom":"Centre d'État Civil Kpogan","etab_adr":"Centre d'État Civil Kpogan, Kpogan, Baguida, Golfe 6, 12BP85 Baguida","ouverture_jour":"{lundi,Mardi,Mercredi,Jeudi,Vendredi}","ministere_tutelle":"MATDDT"}},{"type":"Feature","id":"_mview_admi_etablissements_administration.fid--1b6ae3e2_1a0db278384_-3b41","geometry":{"type":"Point","coordinates":[1.31058084,6.16858071]},"geometry_name":"geometry","properties":{"region_nom_bdd":"Maritime","prefecture_nom_bdd":"Golfe","commune_nom_bdd":"Golfe 6","canton_nom_bdd":"Baguida","nom_localite":"Adamavo","etablissement_nom":"Centre d'État Civil Adamavo","etab_adr":"Centre d'État Civil Adamavo, Adamavo, Baguida, Golfe 6, 12BP85 Baguida","ouverture_jour":"{lundi,Mardi,Mercredi,Jeudi,Vendredi}","ministere_tutelle":"MATDDT"}},{"type":"Feature","id":"_mview_admi_etablissements_administration.fid--1b6ae3e2_1a0db278384_-3b40","geometry":{"type":"Point","coordinates":[1.30316186,6.17103346]},"geometry_name":"geometry","properties":{"region_nom_bdd":"Maritime","prefecture_nom_bdd":"Golfe","commune_nom_bdd":"Golfe 6","canton_nom_bdd":"Baguida","nom_localite":"Kagome","etablissement_nom":"Centre d'État Civil Kagome","etab_adr":"Centre d'État Civil Kagome, Kagome, Baguida, Golfe 6, 12BP85 Baguida","ouverture_jour":"{lundi,Mardi,Mercredi,Jeudi,Vendredi}","ministere_tutelle":"MATDDT"}},{"type":"Feature","id":"_mview_admi_etablissements_administration.fid--1b6ae3e2_1a0db278384_-3b3f","geometry":{"type":"Point","coordinates":[1.05288333,9.95777]},"geometry_name":"geometry","properties":{"region_nom_bdd":"Kara","prefecture_nom_bdd":"Kéran","commune_nom_bdd":"Kéran 1","canton_nom_bdd":"Kantè","nom_localite":"Kantè","etablissement_nom":"Mairie - Commune Kéran 1","etab_adr":"Mairie - Commune Kéran 1, Kantè, Kantè, Kéran 1","ouverture_jour":"{Vendredi,Jeudi,Mercredi,Mardi,lundi}","ministere_tutelle":"MATDDT"}},{"type":"Feature","id":"_mview_admi_etablissements_administration.fid--1b6ae3e2_1a0db278384_-3b3e","geometry":{"type":"Point","coordinates":[0.61613664,9.52746543]},"geometry_name":"geometry","properties":{"region_nom_bdd":"Kara","prefecture_nom_bdd":"Dankpen","commune_nom_bdd":"Dankpen 3","canton_nom_bdd":"Bapuré","nom_localite":"Usp Possao","etablissement_nom":"Centre d'État Civil Annexe Usp Possao","etab_adr":"Centre d'État Civil Annexe Usp Possao, Usp Possao, Bapuré, Dankpen 3","ouverture_jour":"{lundi,Mardi,Mercredi,Jeudi,Vendredi}","ministere_tutelle":"MATDDT"}},{"type":"Feature","id":"_mview_admi_etablissements_administration.fid--1b6ae3e2_1a0db278384_-3b3d","geometry":{"type":"Point","coordinates":[1.11352808,6.22946822]},"geometry_name":"geometry","properties":{"region_nom_bdd":"Maritime","prefecture_nom_bdd":"Agoè-Nyivé","commune_nom_bdd":"Agoè-Nyivé 5","canton_nom_bdd":"Sanguera","nom_localite":"Sanguera Agnikpe","etablissement_nom":"Centre d'État Civil Cms Sanguera","etab_adr":"Centre d'État Civil Cms Sanguera, Sanguera Agnikpe, Sanguera, Agoè-Nyivé 5","ouverture_jour":"{lundi,Mardi,Mercredi,Jeudi,Vendredi}","ministere_tutelle":"MATDDT"}},{"type":"Feature","id":"_mview_admi_etablissements_administration.fid--1b6ae3e2_1a0db278384_-3b3c","geometry":{"type":"Point","coordinates":[1.13492333,8.37444333]},"geometry_name":"geometry","properties":{"region_nom_bdd":"Centrale","prefecture_nom_bdd":"Sotouboua","commune_nom_bdd":"Sotouboua 3","canton_nom_bdd":"Kazaboua","nom_localite":"Abidjande","etablissement_nom":"Centre d'État Civil Annexe Abidjande","etab_adr":"Centre d'État Civil Annexe Abidjande, Abidjande, Kazaboua, Sotouboua 3","ouverture_jour":"{lundi,Mardi,Mercredi,Jeudi,Vendredi}","ministere_tutelle":"MATDDT"}},{"type":"Feature","id":"_mview_admi_etablissements_administration.fid--1b6ae3e2_1a0db278384_-3b3b","geometry":{"type":"Point","coordinates":[0.7119735,7.463641]},"geometry_name":"geometry","properties":{"region_nom_bdd":"Plateaux","prefecture_nom_bdd":"Wawa","commune_nom_bdd":"Wawa 2","canton_nom_bdd":"Gbadi-N'kougna","nom_localite":"N'kougna","etablissement_nom":"Mairie - Commune Wawa 2","etab_adr":"Mairie - Commune Wawa 2, N'Kougna, Gbadi-N'kougna, Wawa 2, BP11 Badou","ouverture_jour":"{lundi,Mardi,Mercredi,Jeudi,Vendredi}","ministere_tutelle":"MATDDT"}},{"type":"Feature","id":"_mview_admi_etablissements_administration.fid--1b6ae3e2_1a0db278384_-3b3a","geometry":{"type":"Point","coordinates":[1.70963044,6.33506375]},"geometry_name":"geometry","properties":{"region_nom_bdd":"Maritime","prefecture_nom_bdd":"Lacs","commune_nom_bdd":"Lacs 2","canton_nom_bdd":"Aklakou","nom_localite":"Aklakou","etablissement_nom":"Centre d'État Civil Aklakou","etab_adr":"Centre d'État Civil Aklakou, Aklakou, Aklakou, Lacs 2","ouverture_jour":"{lundi,Mardi,Mercredi,Jeudi,Vendredi}","ministere_tutelle":"MATDDT"}},{"type":"Feature","id":"_mview_admi_etablissements_administration.fid--1b6ae3e2_1a0db278384_-3b39","geometry":{"type":"Point","coordinates":[1.24702833,9.78666667]},"geometry_name":"geometry","properties":{"region_nom_bdd":"Kara","prefecture_nom_bdd":"Binah","commune_nom_bdd":"Binah 1","canton_nom_bdd":"Pessaré","nom_localite":"Kouloum","etablissement_nom":"Centre d'État Civil Annexe Pessare","etab_adr":"Centre d'État Civil Annexe Pessare, Kouloum, Pessaré, Binah 1","ouverture_jour":"{lundi,Mardi,Mercredi,Jeudi,Vendredi}","ministere_tutelle":"MATDDT"}},{"type":"Feature","id":"_mview_admi_etablissements_administration.fid--1b6ae3e2_1a0db278384_-3b38","geometry":{"type":"Point","coordinates":[0.85621833,9.20486667]},"geometry_name":"geometry","properties":{"region_nom_bdd":"Kara","prefecture_nom_bdd":"Bassar","commune_nom_bdd":"Bassar 1","canton_nom_bdd":"Bassar","nom_localite":"Bougabou","etablissement_nom":"Centre d'État Civil Bougabou","etab_adr":"Centre d'État Civil Bougabou, Bougabou, Bassar, Bassar 1","ouverture_jour":"{lundi,Mardi,Mercredi,Jeudi,Vendredi}","ministere_tutelle":"MATDDT"}},{"type":"Feature","id":"_mview_admi_etablissements_administration.fid--1b6ae3e2_1a0db278384_-3b37","geometry":{"type":"Point","coordinates":[1.5091651,6.28786721]},"geometry_name":"geometry","properties":{"region_nom_bdd":"Maritime","prefecture_nom_bdd":"Vo","commune_nom_bdd":"Vo 1","canton_nom_bdd":"Vogan","nom_localite":"Wogba","etablissement_nom":"Centre d'État Civil Wogba","etab_adr":"Centre d'État Civil Wogba, Wogba, Vogan, Vo 1","ouverture_jour":"{Mardi,Jeudi}","ministere_tutelle":"MATDDT"}},{"type":"Feature","id":"_mview_admi_etablissements_administration.fid--1b6ae3e2_1a0db278384_-3b36","geometry":{"type":"Point","coordinates":[1.56706736,6.37227969]},"geometry_name":"geometry","properties":{"region_nom_bdd":"Maritime","prefecture_nom_bdd":"Vo","commune_nom_bdd":"Vo 1","canton_nom_bdd":"Vo-Koutimé","nom_localite":"Vo-koutime","etablissement_nom":"Centre d'État Civil Vo-Koutime","etab_adr":"Centre d'État Civil Vo-Koutime, Vo-Koutime, Vo-Koutimé, Vo 1","ouverture_jour":"{Mardi,Jeudi,lundi,Mercredi,Vendredi}","ministere_tutelle":"MATDDT"}},{"type":"Feature","id":"_mview_admi_etablissements_administration.fid--1b6ae3e2_1a0db278384_-3b35","geometry":{"type":"Point","coordinates":[1.14183667,9.10205167]},"geometry_name":"geometry","properties":{"region_nom_bdd":"Centrale","prefecture_nom_bdd":"Tchaoudjo","commune_nom_bdd":"Tchaoudjo 3","canton_nom_bdd":"Kolina","nom_localite":"Kolina","etablissement_nom":"Centre d'État Civil Annexe Kolina","etab_adr":"Centre d'État Civil Annexe Kolina, Kolina, Kolina, Tchaoudjo 3","ouverture_jour":"{lundi,Mardi,Mercredi,Jeudi,Vendredi}","ministere_tutelle":"MATDDT"}},{"type":"Feature","id":"_mview_admi_etablissements_administration.fid--1b6ae3e2_1a0db278384_-3b34","geometry":{"type":"Point","coordinates":[1.0966,9.27537833]},"geometry_name":"geometry","properties":{"region_nom_bdd":"Kara","prefecture_nom_bdd":"Assoli","commune_nom_bdd":"Assoli 2","canton_nom_bdd":"Alédjo","nom_localite":"Efolo","etablissement_nom":"Centre d'État Civil Annexe Efolo","etab_adr":"Centre d'État Civil Annexe Efolo, Efolo, Alédjo, Assoli 2","ouverture_jour":"{lundi,Mardi,Mercredi,Jeudi,Vendredi,Samedi,Dimanche}","ministere_tutelle":"MATDDT"}},{"type":"Feature","id":"_mview_admi_etablissements_administration.fid--1b6ae3e2_1a0db278384_-3b33","geometry":{"type":"Point","coordinates":[1.06361167,8.473265]},"geometry_name":"geometry","properties":{"region_nom_bdd":"Centrale","prefecture_nom_bdd":"Sotouboua","commune_nom_bdd":"Sotouboua 3","canton_nom_bdd":"Bodjondè","nom_localite":"Lama Wede","etablissement_nom":"Centre d'État Civil Annexe lama Wede","etab_adr":"Centre d'État Civil Annexe lama Wede, Lama Wede, Bodjondè, Sotouboua 3","ouverture_jour":"{lundi,Mercredi,Vendredi}","ministere_tutelle":"MATDDT"}},{"type":"Feature","id":"_mview_admi_etablissements_administration.fid--1b6ae3e2_1a0db278384_-3b32","geometry":{"type":"Point","coordinates":[1.10459883,6.60304602]},"geometry_name":"geometry","properties":{"region_nom_bdd":"Maritime","prefecture_nom_bdd":"Zio","commune_nom_bdd":"Zio 4","canton_nom_bdd":"Gapé-Centre","nom_localite":"Gape Centre","etablissement_nom":"Mairie - Commune Zio 4","etab_adr":"Mairie - Commune Zio 4, Gape Centre, Gapé-Centre, Zio 4","ouverture_jour":"{lundi,Mardi,Mercredi,Jeudi,Vendredi}","ministere_tutelle":"MATDDT"}},{"type":"Feature","id":"_mview_admi_etablissements_administration.fid--1b6ae3e2_1a0db278384_-3b31","geometry":{"type":"Point","coordinates":[1.11779915,6.32279193]},"geometry_name":"geometry","properties":{"region_nom_bdd":"Maritime","prefecture_nom_bdd":"Zio","commune_nom_bdd":"Zio 2","canton_nom_bdd":"Mission-Tové","nom_localite":"Mission-tové","etablissement_nom":"Centre d'État Civil Mission Tove","etab_adr":"Centre d'État Civil Mission Tove, Mission-Tové, Mission-Tové, Zio 2","ouverture_jour":"{lundi,Mardi,Mercredi,Jeudi,Vendredi}","ministere_tutelle":"MATDDT"}},{"type":"Feature","id":"_mview_admi_etablissements_administration.fid--1b6ae3e2_1a0db278384_-3b30","geometry":{"type":"Point","coordinates":[1.25770497,6.13792665]},"geometry_name":"geometry","properties":{"region_nom_bdd":"Maritime","prefecture_nom_bdd":"Golfe","commune_nom_bdd":"Golfe 1","canton_nom_bdd":"Bè-Est","nom_localite":"Be Est","etablissement_nom":"Mairie - Commune Golfe 1","etab_adr":"Mairie - Commune Golfe 1, Be Est, Bè-Est, Golfe 1, BP62736 Lomé","ouverture_jour":"{lundi,Mardi,Mercredi,Jeudi,Vendredi}","ministere_tutelle":"MATDDT"}},{"type":"Feature","id":"_mview_admi_etablissements_administration.fid--1b6ae3e2_1a0db278384_-3b2f","geometry":{"type":"Point","coordinates":[0.93511518,6.4244446]},"geometry_name":"geometry","properties":{"region_nom_bdd":"Maritime","prefecture_nom_bdd":"Avé","commune_nom_bdd":"Avé 1","canton_nom_bdd":"Kévé","nom_localite":"Badja Mondji","etablissement_nom":"Mairie - Commune Avé 1","etab_adr":"Mairie - Commune Avé 1, Badja Mondji, Kévé, Avé 1, 180BP6","ouverture_jour":"{lundi,Mardi,Mercredi,Jeudi,Vendredi}","ministere_tutelle":"MATDDT"}},{"type":"Feature","id":"_mview_admi_etablissements_administration.fid--1b6ae3e2_1a0db278384_-3b2e","geometry":{"type":"Point","coordinates":[0.63081297,9.42483918]},"geometry_name":"geometry","properties":{"region_nom_bdd":"Kara","prefecture_nom_bdd":"Bassar","commune_nom_bdd":"Bassar 2","canton_nom_bdd":"Bangeli","nom_localite":"Dimori","etablissement_nom":"Centre d'État Civil Annexe Dimori","etab_adr":"Centre d'État Civil Annexe Dimori, Dimori, Bangeli, Bassar 2","ouverture_jour":"{lundi,Mardi,Mercredi,Jeudi,Vendredi}","ministere_tutelle":"MATDDT"}},{"type":"Feature","id":"_mview_admi_etablissements_administration.fid--1b6ae3e2_1a0db278384_-3b2d","geometry":{"type":"Point","coordinates":[1.18042511,8.34223894]},"geometry_name":"geometry","properties":{"region_nom_bdd":"Centrale","prefecture_nom_bdd":"Blitta","commune_nom_bdd":"Blitta 1","canton_nom_bdd":"Tchaloudè","nom_localite":"Niki-niki 1","etablissement_nom":"Centre d'État Civil Secondaire Niki-Niki","etab_adr":"Centre d'État Civil Secondaire Niki-Niki, Niki-Niki 1, Tchaloudè, Blitta 1","ouverture_jour":"{lundi,Mardi,Mercredi,Jeudi,Vendredi}","ministere_tutelle":"MATDDT"}},{"type":"Feature","id":"_mview_admi_etablissements_administration.fid--1b6ae3e2_1a0db278384_-3b2c","geometry":{"type":"Point","coordinates":[1.05899342,8.22819497]},"geometry_name":"geometry","properties":{"region_nom_bdd":"Centrale","prefecture_nom_bdd":"Blitta","commune_nom_bdd":"Blitta 2","canton_nom_bdd":"Agbandi","nom_localite":"Talkate Cope","etablissement_nom":"Centre d'État Civil Secondaire Talkate Cope","etab_adr":"Centre d'État Civil Secondaire Talkate Cope, Talkate Cope, Agbandi, Blitta 2","ouverture_jour":"{lundi,Mardi,Mercredi,Jeudi,Vendredi,Samedi,Dimanche}","ministere_tutelle":"MATDDT"}},{"type":"Feature","id":"_mview_admi_etablissements_administration.fid--1b6ae3e2_1a0db278384_-3b2b","geometry":{"type":"Point","coordinates":[1.21359333,8.953245]},"geometry_name":"geometry","properties":{"region_nom_bdd":"Centrale","prefecture_nom_bdd":"Tchaoudjo","commune_nom_bdd":"Tchaoudjo 1","canton_nom_bdd":"Kparataou","nom_localite":"Yelevo","etablissement_nom":"Centre d'État Civil Annexe Yelevo","etab_adr":"Centre d'État Civil Annexe Yelevo, Yelevo, Kparataou, Tchaoudjo 1","ouverture_jour":"{lundi,Mardi,Jeudi,Mercredi,Vendredi,Samedi,Dimanche}","ministere_tutelle":"MATDDT"}},{"type":"Feature","id":"_mview_admi_etablissements_administration.fid--1b6ae3e2_1a0db278384_-3b2a","geometry":{"type":"Point","coordinates":[1.11203,6.19377167]},"geometry_name":"geometry","properties":{"region_nom_bdd":"Maritime","prefecture_nom_bdd":"Golfe","commune_nom_bdd":"Golfe 7","canton_nom_bdd":"Aflao-Sagbado","nom_localite":"Segbe","etablissement_nom":"Centre d'État Civil Segbe","etab_adr":"Centre d'État Civil Segbe, Segbe, Aflao-Sagbado, Golfe 7","ouverture_jour":"{lundi,Mardi,Mercredi,Jeudi,Vendredi}","ministere_tutelle":"MATDDT"}},{"type":"Feature","id":"_mview_admi_etablissements_administration.fid--1b6ae3e2_1a0db278384_-3b29","geometry":{"type":"Point","coordinates":[1.15862763,6.20357637]},"geometry_name":"geometry","properties":{"region_nom_bdd":"Maritime","prefecture_nom_bdd":"Golfe","commune_nom_bdd":"Golfe 5","canton_nom_bdd":"Aflao-Gakli","nom_localite":"Amadahome","etablissement_nom":"Centre d'État Civil Amadahome","etab_adr":"Centre d'État Civil Amadahome, Amadahome, Aflao-Gakli, Golfe 5","ouverture_jour":"{lundi,Mardi,Mercredi,Jeudi,Vendredi}","ministere_tutelle":"MATDDT"}},{"type":"Feature","id":"_mview_admi_etablissements_administration.fid--1b6ae3e2_1a0db278384_-3b28","geometry":{"type":"Point","coordinates":[1.28495286,8.78314518]},"geometry_name":"geometry","properties":{"region_nom_bdd":"Centrale","prefecture_nom_bdd":"Tchaoudjo","commune_nom_bdd":"Tchaoudjo 1","canton_nom_bdd":"Kparataou","nom_localite":"Sada2","etablissement_nom":"Centre d'État Civil Annexe Sada2","etab_adr":"Centre d'État Civil Annexe Sada2, Sada2, Kparataou, Tchaoudjo 1","ouverture_jour":"{lundi,Mardi,Mercredi,Vendredi,Jeudi}","ministere_tutelle":"MATDDT"}},{"type":"Feature","id":"_mview_admi_etablissements_administration.fid--1b6ae3e2_1a0db278384_-3b27","geometry":{"type":"Point","coordinates":[1.19405735,6.17413979]},"geometry_name":"geometry","properties":{"region_nom_bdd":"Maritime","prefecture_nom_bdd":"Golfe","commune_nom_bdd":"Golfe 5","canton_nom_bdd":"Aflao-Gakli","nom_localite":"Aflao Gakli","etablissement_nom":"Centre d'État Civil Aflao Gakli","etab_adr":"Centre d'État Civil Aflao Gakli, Aflao Gakli, Aflao-Gakli, Golfe 5","ouverture_jour":"{lundi,Mardi,Mercredi,Jeudi,Vendredi}","ministere_tutelle":"MATDDT"}},{"type":"Feature","id":"_mview_admi_etablissements_administration.fid--1b6ae3e2_1a0db278384_-3b26","geometry":{"type":"Point","coordinates":[1.29735401,6.96534871]},"geometry_name":"geometry","properties":{"region_nom_bdd":"Plateaux","prefecture_nom_bdd":"Haho","commune_nom_bdd":"Haho 2","canton_nom_bdd":"Djemegni","nom_localite":"Kpove","etablissement_nom":"Centre d'État Civil Kpove","etab_adr":"Centre d'État Civil Kpove, Kpove, Djemegni, Haho 2","ouverture_jour":"{lundi,Mardi,Mercredi,Jeudi,Vendredi}","ministere_tutelle":"MATDDT"}},{"type":"Feature","id":"_mview_admi_etablissements_administration.fid--1b6ae3e2_1a0db278384_-3b25","geometry":{"type":"Point","coordinates":[0.71585721,9.88459546]},"geometry_name":"geometry","properties":{"region_nom_bdd":"Kara","prefecture_nom_bdd":"Kéran","commune_nom_bdd":"Kéran 2","canton_nom_bdd":"Hélota","nom_localite":"Labarkouta","etablissement_nom":"Centre d'État Civil Annexe labarkouta","etab_adr":"Centre d'État Civil Annexe labarkouta, Labarkouta, Hélota, Kéran 2","ouverture_jour":"{lundi,Mardi,Mercredi,Jeudi,Vendredi}","ministere_tutelle":"MATDDT"}},{"type":"Feature","id":"_mview_admi_etablissements_administration.fid--1b6ae3e2_1a0db278384_-3b24","geometry":{"type":"Point","coordinates":[1.17726127,7.17694723]},"geometry_name":"geometry","properties":{"region_nom_bdd":"Plateaux","prefecture_nom_bdd":"Haho","commune_nom_bdd":"Haho 4","canton_nom_bdd":"Wahala","nom_localite":"Wahala","etablissement_nom":"Mairie - Commune Haho 4","etab_adr":"Mairie - Commune Haho 4, Wahala, Wahala, Haho 4","ouverture_jour":"{lundi,Mardi,Mercredi,Jeudi,Vendredi}","ministere_tutelle":"MATDDT"}},{"type":"Feature","id":"_mview_admi_etablissements_administration.fid--1b6ae3e2_1a0db278384_-3b23","geometry":{"type":"Point","coordinates":[0.75739252,9.25255862]},"geometry_name":"geometry","properties":{"region_nom_bdd":"Kara","prefecture_nom_bdd":"Bassar","commune_nom_bdd":"Bassar 1","canton_nom_bdd":"Bassar","nom_localite":"Bikpassiba","etablissement_nom":"Centre d'État Civil Bikpassiba","etab_adr":"Centre d'État Civil Bikpassiba, Bikpassiba, Bassar, Bassar 1","ouverture_jour":"{lundi,Mardi,Vendredi,Jeudi,Mercredi}","ministere_tutelle":"MATDDT"}},{"type":"Feature","id":"_mview_admi_etablissements_administration.fid--1b6ae3e2_1a0db278384_-3b22","geometry":{"type":"Point","coordinates":[1.557697,6.46915809]},"geometry_name":"geometry","properties":{"region_nom_bdd":"Maritime","prefecture_nom_bdd":"Vo","commune_nom_bdd":"Vo 3","canton_nom_bdd":"Mome-Hounkpati","nom_localite":"Mome Centre","etablissement_nom":"Centre d'État Civil Mome","etab_adr":"Centre d'État Civil Mome, Mome Centre, Mome-Hounkpati, Vo 3","ouverture_jour":"{lundi,Mardi,Mercredi,Jeudi,Vendredi}","ministere_tutelle":"MATDDT"}},{"type":"Feature","id":"_mview_admi_etablissements_administration.fid--1b6ae3e2_1a0db278384_-3b21","geometry":{"type":"Point","coordinates":[0.857465,6.8169399]},"geometry_name":"geometry","properties":{"region_nom_bdd":"Plateaux","prefecture_nom_bdd":"Agou","commune_nom_bdd":"Agou 1","canton_nom_bdd":"Gadja","nom_localite":"Zozokondzi","etablissement_nom":"Centre d'État Civil Zozokondzi","etab_adr":"Centre d'État Civil Zozokondzi, Zozokondzi, Gadja, Agou 1","ouverture_jour":"Nsp","ministere_tutelle":"MATDDT"}},{"type":"Feature","id":"_mview_admi_etablissements_administration.fid--1b6ae3e2_1a0db278384_-3b20","geometry":{"type":"Point","coordinates":[1.19006045,7.98992712]},"geometry_name":"geometry","properties":{"region_nom_bdd":"Plateaux","prefecture_nom_bdd":"Est-Mono","commune_nom_bdd":"Est-Mono 3","canton_nom_bdd":"Nyamassila","nom_localite":"Nyamassila","etablissement_nom":"Mairie - Commune Est-Mono 3","etab_adr":"Mairie - Commune Est-Mono 3, Nyamassila, Nyamassila, Est-Mono 3","ouverture_jour":"{Mardi,lundi,Mercredi,Jeudi,Vendredi}","ministere_tutelle":"MATDDT"}},{"type":"Feature","id":"_mview_admi_etablissements_administration.fid--1b6ae3e2_1a0db278384_-3b1f","geometry":{"type":"Point","coordinates":[1.35180534,8.11006453]},"geometry_name":"geometry","properties":{"region_nom_bdd":"Plateaux","prefecture_nom_bdd":"Est-Mono","commune_nom_bdd":"Est-Mono 2","canton_nom_bdd":"Morétan","nom_localite":"Moretan","etablissement_nom":"Mairie - Commune Est-Mono 2","etab_adr":"Mairie - Commune Est-Mono 2, Moretan, Morétan, Est-Mono 2","ouverture_jour":"{lundi,Mardi,Mercredi,Vendredi,Jeudi}","ministere_tutelle":"MATDDT"}},{"type":"Feature","id":"_mview_admi_etablissements_administration.fid--1b6ae3e2_1a0db278384_-3b1e","geometry":{"type":"Point","coordinates":[0.9811176,7.50281062]},"geometry_name":"geometry","properties":{"region_nom_bdd":"Plateaux","prefecture_nom_bdd":"Amou","commune_nom_bdd":"Amou 1","canton_nom_bdd":"Imlè-Adiva","nom_localite":"Dedome","etablissement_nom":"Centre d'État Civil de Dedome","etab_adr":"Centre d'État Civil de Dedome, Dedome, Imlè-Adiva, Amou 1","ouverture_jour":"{lundi,Mardi,Mercredi,Vendredi,Jeudi}","ministere_tutelle":"MATDDT"}},{"type":"Feature","id":"_mview_admi_etablissements_administration.fid--1b6ae3e2_1a0db278384_-3b1d","geometry":{"type":"Point","coordinates":[1.14750833,6.18468833]},"geometry_name":"geometry","properties":{"region_nom_bdd":"Maritime","prefecture_nom_bdd":"Golfe","commune_nom_bdd":"Golfe 7","canton_nom_bdd":"Aflao-Sagbado","nom_localite":"Yokoe","etablissement_nom":"Mairie - Commune Golfe 7 - Division des Services Techniques","etab_adr":"Mairie - Commune Golfe 7 - Division des Services Techniques, Yokoe, Aflao-Sagbado, Golfe 7","ouverture_jour":"{lundi,Mardi,Mercredi,Jeudi,Vendredi}","ministere_tutelle":"MATDDT"}},{"type":"Feature","id":"_mview_admi_etablissements_administration.fid--1b6ae3e2_1a0db278384_-3b1c","geometry":{"type":"Point","coordinates":[1.53267813,6.77860397]},"geometry_name":"geometry","properties":{"region_nom_bdd":"Maritime","prefecture_nom_bdd":"Yoto","commune_nom_bdd":"Yoto 3","canton_nom_bdd":"Tométy-Kondji","nom_localite":"Tomety Kondji","etablissement_nom":"Centre d'État Civil Tomety-Kondji","etab_adr":"Centre d'État Civil Tomety-Kondji, Tomety Kondji, Tométy-Kondji, Yoto 3","ouverture_jour":"{lundi,Mardi,Mercredi,Jeudi,Vendredi}","ministere_tutelle":"MATDDT"}},{"type":"Feature","id":"_mview_admi_etablissements_administration.fid--1b6ae3e2_1a0db278384_-3b1b","geometry":{"type":"Point","coordinates":[0.80759075,9.73191422]},"geometry_name":"geometry","properties":{"region_nom_bdd":"Kara","prefecture_nom_bdd":"Dankpen","commune_nom_bdd":"Dankpen 2","canton_nom_bdd":"Namon","nom_localite":"Nsp","etablissement_nom":"Mairie - Commune Dankpen 2","etab_adr":"Mairie - Commune Dankpen 2, , Namon, Dankpen 2","ouverture_jour":"{lundi,Mardi,Mercredi,Jeudi,Vendredi}","ministere_tutelle":"MATDDT"}},{"type":"Feature","id":"_mview_admi_etablissements_administration.fid--1b6ae3e2_1a0db278384_-3b1a","geometry":{"type":"Point","coordinates":[1.12991819,10.05305019]},"geometry_name":"geometry","properties":{"region_nom_bdd":"Kara","prefecture_nom_bdd":"Kéran","commune_nom_bdd":"Kéran 3","canton_nom_bdd":"Warengo","nom_localite":"Warengo","etablissement_nom":"Centre d'État Civil Annexe Warengo","etab_adr":"Centre d'État Civil Annexe Warengo, Warengo, Warengo, Kéran 3","ouverture_jour":"{Mardi,Mercredi,lundi,Jeudi,Vendredi}","ministere_tutelle":"MATDDT"}},{"type":"Feature","id":"_mview_admi_etablissements_administration.fid--1b6ae3e2_1a0db278384_-3b19","geometry":{"type":"Point","coordinates":[1.32470203,9.74232788]},"geometry_name":"geometry","properties":{"region_nom_bdd":"Kara","prefecture_nom_bdd":"Binah","commune_nom_bdd":"Binah 1","canton_nom_bdd":"Pagouda","nom_localite":"Waze","etablissement_nom":"Préfecture - Binah","etab_adr":"Préfecture - Binah, Waze, Pagouda, Binah 1, BP98","ouverture_jour":"{lundi,Mardi,Mercredi,Jeudi,Vendredi}","ministere_tutelle":"MATDDT"}},{"type":"Feature","id":"_mview_admi_etablissements_administration.fid--1b6ae3e2_1a0db278384_-3b18","geometry":{"type":"Point","coordinates":[1.11417382,6.34494901]},"geometry_name":"geometry","properties":{"region_nom_bdd":"Maritime","prefecture_nom_bdd":"Zio","commune_nom_bdd":"Zio 2","canton_nom_bdd":"Kovié","nom_localite":"Kota","etablissement_nom":"Mairie - Commune Zio 2","etab_adr":"Mairie - Commune Zio 2, Kota, Kovié, Zio 2, BP31 Tsevie","ouverture_jour":"{lundi,Mardi,Mercredi,Jeudi,Vendredi,Samedi}","ministere_tutelle":"MATDDT"}},{"type":"Feature","id":"_mview_admi_etablissements_administration.fid--1b6ae3e2_1a0db278384_-3b17","geometry":{"type":"Point","coordinates":[0.29873833,11.007925]},"geometry_name":"geometry","properties":{"region_nom_bdd":"Savanes","prefecture_nom_bdd":"Tône","commune_nom_bdd":"Tône 4","canton_nom_bdd":"Sanfatoute","nom_localite":"Sanfatoute","etablissement_nom":"Centre d'État Civil Secondaire Sanfatoute 1","etab_adr":"Centre d'État Civil Secondaire Sanfatoute 1, Sanfatoute, Sanfatoute, Tône 4","ouverture_jour":"{lundi,Mardi,Mercredi,Jeudi,Vendredi}","ministere_tutelle":"MATDDT"}},{"type":"Feature","id":"_mview_admi_etablissements_administration.fid--1b6ae3e2_1a0db278384_-3b16","geometry":{"type":"Point","coordinates":[1.24254672,6.14759685]},"geometry_name":"geometry","properties":{"region_nom_bdd":"Maritime","prefecture_nom_bdd":"Golfe","commune_nom_bdd":"Golfe 1","canton_nom_bdd":"Bè-Est","nom_localite":"Be","etablissement_nom":"Mairie - Commune Golfe 1 - Centre Communautaire de Bè","etab_adr":"Mairie - Commune Golfe 1 - Centre Communautaire de Bè, Be, Bè-Est, Golfe 1, BP61238 Lomé","ouverture_jour":"{lundi,Mardi,Mercredi,Jeudi,Vendredi}","ministere_tutelle":"MATDDT"}},{"type":"Feature","id":"_mview_admi_etablissements_administration.fid--1b6ae3e2_1a0db278384_-3b15","geometry":{"type":"Point","coordinates":[0.80442202,10.01948119]},"geometry_name":"geometry","properties":{"region_nom_bdd":"Kara","prefecture_nom_bdd":"Kéran","commune_nom_bdd":"Kéran 2","canton_nom_bdd":"Ossacré","nom_localite":"Feinkata","etablissement_nom":"Centre d'État Civil Annexe de Feinkata","etab_adr":"Centre d'État Civil Annexe de Feinkata, Feinkata, Ossacré, Kéran 2","ouverture_jour":"{Samedi,Vendredi,Jeudi,Mercredi,Mardi,lundi}","ministere_tutelle":"MATDDT"}},{"type":"Feature","id":"_mview_admi_etablissements_administration.fid--1b6ae3e2_1a0db278384_-3b14","geometry":{"type":"Point","coordinates":[1.16841167,6.24832667]},"geometry_name":"geometry","properties":{"region_nom_bdd":"Maritime","prefecture_nom_bdd":"Agoè-Nyivé","commune_nom_bdd":"Agoè-Nyivé 1","canton_nom_bdd":"Agoè-Nyivé","nom_localite":"Vakpossito","etablissement_nom":"Commission Electorale Locale Indépendante (CELI) - Vakpossito/Legbassito/Sanguera","etab_adr":"N/a","ouverture_jour":"Nsp","ministere_tutelle":"MATDDT"}},{"type":"Feature","id":"_mview_admi_etablissements_administration.fid--1b6ae3e2_1a0db278384_-3b13","geometry":{"type":"Point","coordinates":[0.90427387,7.21415793]},"geometry_name":"geometry","properties":{"region_nom_bdd":"Plateaux","prefecture_nom_bdd":"Kpélé","commune_nom_bdd":"Kpélé 2","canton_nom_bdd":"Kpélé-Kamé","nom_localite":"Eleme","etablissement_nom":"Centre d'État Civil Annexe Eleme","etab_adr":"Centre d'État Civil Annexe Eleme, Eleme, Kpélé-Kamé, Kpélé 2","ouverture_jour":"Nsp","ministere_tutelle":"MATDDT"}},{"type":"Feature","id":"_mview_admi_etablissements_administration.fid--1b6ae3e2_1a0db278384_-3b12","geometry":{"type":"Point","coordinates":[1.0488676,9.92166272]},"geometry_name":"geometry","properties":{"region_nom_bdd":"Kara","prefecture_nom_bdd":"Kéran","commune_nom_bdd":"Kéran 1","canton_nom_bdd":"Kantè","nom_localite":"Atetou","etablissement_nom":"Centre d'État Civil Annexe de Atetou","etab_adr":"Centre d'État Civil Annexe de Atetou, Atetou, Kantè, Kéran 1","ouverture_jour":"{Samedi,Vendredi,Jeudi,Mercredi,Mardi,lundi}","ministere_tutelle":"MATDDT"}},{"type":"Feature","id":"_mview_admi_etablissements_administration.fid--1b6ae3e2_1a0db278384_-3b11","geometry":{"type":"Point","coordinates":[1.13877714,8.98388667]},"geometry_name":"geometry","properties":{"region_nom_bdd":"Centrale","prefecture_nom_bdd":"Tchaoudjo","commune_nom_bdd":"Tchaoudjo 1","canton_nom_bdd":"Sokodè (Komah)","nom_localite":"Komah","etablissement_nom":"Mairie - Commune Tchaoudjo 1","etab_adr":"Mairie - Commune Tchaoudjo 1, Komah, Sokodè (Komah), Tchaoudjo 1, BP191 Sokode","ouverture_jour":"{lundi,Mardi,Mercredi,Jeudi,Vendredi}","ministere_tutelle":"MATDDT"}},{"type":"Feature","id":"_mview_admi_etablissements_administration.fid--1b6ae3e2_1a0db278384_-3b10","geometry":{"type":"Point","coordinates":[1.24687581,9.34902105]},"geometry_name":"geometry","properties":{"region_nom_bdd":"Kara","prefecture_nom_bdd":"Assoli","commune_nom_bdd":"Assoli 1","canton_nom_bdd":"Bafilo","nom_localite":"Sodjide","etablissement_nom":"Mairie - Commune Assoli 1","etab_adr":"Mairie - Commune Assoli 1, Sodjide, Bafilo, Assoli 1, BP10 Bafilo","ouverture_jour":"{lundi,Mardi,Mercredi,Jeudi,Vendredi}","ministere_tutelle":"MATDDT"}},{"type":"Feature","id":"_mview_admi_etablissements_administration.fid--1b6ae3e2_1a0db278384_-3b0f","geometry":{"type":"Point","coordinates":[0.61625517,9.52748978]},"geometry_name":"geometry","properties":{"region_nom_bdd":"Kara","prefecture_nom_bdd":"Dankpen","commune_nom_bdd":"Dankpen 3","canton_nom_bdd":"Bapuré","nom_localite":"Binadjoube","etablissement_nom":"Centre d'État Civil Annexe de Binandjoube","etab_adr":"Centre d'État Civil Annexe de Binandjoube, Binadjoube, Bapuré, Dankpen 3","ouverture_jour":"{Samedi,Vendredi,Jeudi,Mercredi,Mardi,lundi}","ministere_tutelle":"MATDDT"}},{"type":"Feature","id":"_mview_admi_etablissements_administration.fid--1b6ae3e2_1a0db278384_-3b0e","geometry":{"type":"Point","coordinates":[0.92664501,8.30908362]},"geometry_name":"geometry","properties":{"region_nom_bdd":"Centrale","prefecture_nom_bdd":"Blitta","commune_nom_bdd":"Blitta 1","canton_nom_bdd":"Doufouli","nom_localite":"Doufouli","etablissement_nom":"Centre d'État Civil Secondaire Doufouli","etab_adr":"Centre d'État Civil Secondaire Doufouli, Doufouli, Doufouli, Blitta 1","ouverture_jour":"{lundi,Mardi,Mercredi,Jeudi,Vendredi}","ministere_tutelle":"MATDDT"}},{"type":"Feature","id":"_mview_admi_etablissements_administration.fid--1b6ae3e2_1a0db278384_-3b0d","geometry":{"type":"Point","coordinates":[0.73378847,7.13475656]},"geometry_name":"geometry","properties":{"region_nom_bdd":"Plateaux","prefecture_nom_bdd":"Kpélé","commune_nom_bdd":"Kpélé 1","canton_nom_bdd":"Kpélé-Novivé","nom_localite":"Kpelé-adeta","etablissement_nom":"Préfecture - Kpélé","etab_adr":"Préfecture - Kpélé, Kpelé-Adeta, Kpélé-Novivé, Kpélé 1, BP04 Adeta","ouverture_jour":"{lundi,Mardi,Mercredi,Jeudi,Vendredi}","ministere_tutelle":"MATDDT"}},{"type":"Feature","id":"_mview_admi_etablissements_administration.fid--1b6ae3e2_1a0db278384_-3b0c","geometry":{"type":"Point","coordinates":[1.23219167,6.15476833]},"geometry_name":"geometry","properties":{"region_nom_bdd":"Maritime","prefecture_nom_bdd":"Golfe","commune_nom_bdd":"Golfe 3","canton_nom_bdd":"Bè-Ouest","nom_localite":"Nukafu","etablissement_nom":"Mairie - Commune Golfe 3","etab_adr":"Mairie - Commune Golfe 3, Nukafu, Bè-Ouest, Golfe 3","ouverture_jour":"{lundi,Mardi,Mercredi,Jeudi,Vendredi}","ministere_tutelle":"MATDDT"}},{"type":"Feature","id":"_mview_admi_etablissements_administration.fid--1b6ae3e2_1a0db278384_-3b0b","geometry":{"type":"Point","coordinates":[1.09739356,8.29113993]},"geometry_name":"geometry","properties":{"region_nom_bdd":"Centrale","prefecture_nom_bdd":"Blitta","commune_nom_bdd":"Blitta 1","canton_nom_bdd":"Yaloumbè","nom_localite":"Defale-cope","etablissement_nom":"Centre d'État Civil Secondaire Defale-Cope","etab_adr":"Centre d'État Civil Secondaire Defale-Cope, Defale-Cope, Yaloumbè, Blitta 1","ouverture_jour":"{Mardi,lundi,Mercredi,Jeudi,Vendredi,Samedi,Dimanche}","ministere_tutelle":"MATDDT"}},{"type":"Feature","id":"_mview_admi_etablissements_administration.fid--1b6ae3e2_1a0db278384_-3b0a","geometry":{"type":"Point","coordinates":[1.07750103,8.30080157]},"geometry_name":"geometry","properties":{"region_nom_bdd":"Centrale","prefecture_nom_bdd":"Blitta","commune_nom_bdd":"Blitta 1","canton_nom_bdd":"Yaloumbè","nom_localite":"Yaloumbe","etablissement_nom":"Centre d'État Civil Secondaire Yaloumbe","etab_adr":"Centre d'État Civil Secondaire Yaloumbe, Yaloumbe, Yaloumbè, Blitta 1","ouverture_jour":"{lundi,Mardi,Mercredi,Vendredi,Jeudi,Samedi,Dimanche}","ministere_tutelle":"MATDDT"}},{"type":"Feature","id":"_mview_admi_etablissements_administration.fid--1b6ae3e2_1a0db278384_-3b09","geometry":{"type":"Point","coordinates":[1.2557715,6.93633356]},"geometry_name":"geometry","properties":{"region_nom_bdd":"Plateaux","prefecture_nom_bdd":"Haho","commune_nom_bdd":"Haho 2","canton_nom_bdd":"Djemegni","nom_localite":"Djemegni","etablissement_nom":"Centre d'État Civil Djemeni","etab_adr":"Centre d'État Civil Djemeni, Djemegni, Djemegni, Haho 2","ouverture_jour":"{lundi,Mardi,Mercredi,Jeudi,Vendredi}","ministere_tutelle":"MATDDT"}},{"type":"Feature","id":"_mview_admi_etablissements_administration.fid--1b6ae3e2_1a0db278384_-3b08","geometry":{"type":"Point","coordinates":[0.63200165,6.93147031]},"geometry_name":"geometry","properties":{"region_nom_bdd":"Plateaux","prefecture_nom_bdd":"Kloto","commune_nom_bdd":"Kloto 1","canton_nom_bdd":"Agome-Kpalime","nom_localite":"Agome Kpodzi","etablissement_nom":"Centre d'État Civil Annexe Agome Kpodzi","etab_adr":"Centre d'État Civil Annexe Agome Kpodzi, Agome Kpodzi, Agome-Kpalime, Kloto 1","ouverture_jour":"Nsp","ministere_tutelle":"MATDDT"}},{"type":"Feature","id":"_mview_admi_etablissements_administration.fid--1b6ae3e2_1a0db278384_-3b07","geometry":{"type":"Point","coordinates":[0.89898518,9.4855863]},"geometry_name":"geometry","properties":{"region_nom_bdd":"Kara","prefecture_nom_bdd":"Bassar","commune_nom_bdd":"Bassar 4","canton_nom_bdd":"Sanda-Kagbanda","nom_localite":"Kagbanda","etablissement_nom":"Mairie - Commune Bassar 4","etab_adr":"Mairie - Commune Bassar 4, Kagbanda, Sanda-Kagbanda, Bassar 4, BP03","ouverture_jour":"{lundi,Mardi,Mercredi,Jeudi,Vendredi}","ministere_tutelle":"MATDDT"}},{"type":"Feature","id":"_mview_admi_etablissements_administration.fid--1b6ae3e2_1a0db278384_-3b06","geometry":{"type":"Point","coordinates":[0.61630285,9.52743515]},"geometry_name":"geometry","properties":{"region_nom_bdd":"Kara","prefecture_nom_bdd":"Dankpen","commune_nom_bdd":"Dankpen 3","canton_nom_bdd":"Bapuré","nom_localite":"Djampil","etablissement_nom":"Centre d'État Civil Annexe de Djampil","etab_adr":"Centre d'État Civil Annexe de Djampil, Djampil, Bapuré, Dankpen 3","ouverture_jour":"{Samedi,Vendredi,Jeudi,Mercredi,Mardi,lundi}","ministere_tutelle":"MATDDT"}},{"type":"Feature","id":"_mview_admi_etablissements_administration.fid--1b6ae3e2_1a0db278384_-3b05","geometry":{"type":"Point","coordinates":[0.63084552,9.42484955]},"geometry_name":"geometry","properties":{"region_nom_bdd":"Kara","prefecture_nom_bdd":"Bassar","commune_nom_bdd":"Bassar 2","canton_nom_bdd":"Bangeli","nom_localite":"Natchamba","etablissement_nom":"Centre d'État Civil Annexe Natchamba","etab_adr":"Centre d'État Civil Annexe Natchamba, Natchamba, Bangeli, Bassar 2","ouverture_jour":"{lundi,Mardi,Mercredi,Jeudi,Vendredi}","ministere_tutelle":"MATDDT"}},{"type":"Feature","id":"_mview_admi_etablissements_administration.fid--1b6ae3e2_1a0db278384_-3b04","geometry":{"type":"Point","coordinates":[0.97401333,9.79202333]},"geometry_name":"geometry","properties":{"region_nom_bdd":"Kara","prefecture_nom_bdd":"Doufelgou","commune_nom_bdd":"Doufelgou 3","canton_nom_bdd":"Kadjalla","nom_localite":"Kadjalla Centre","etablissement_nom":"Centre d'État Civil Annexe KadjallaCentre","etab_adr":"Centre d'État Civil Annexe KadjallaCentre, Kadjalla Centre, Kadjalla, Doufelgou 2","ouverture_jour":"{lundi,Mardi,Mercredi,Jeudi,Vendredi}","ministere_tutelle":"MATDDT"}},{"type":"Feature","id":"_mview_admi_etablissements_administration.fid--1b6ae3e2_1a0db278384_-3b03","geometry":{"type":"Point","coordinates":[1.21500927,9.45715106]},"geometry_name":"geometry","properties":{"region_nom_bdd":"Kara","prefecture_nom_bdd":"Kozah","commune_nom_bdd":"Kozah 3","canton_nom_bdd":"Awandjélo","nom_localite":"Koulounde 2","etablissement_nom":"Mairie - Commune Kozah 3","etab_adr":"Mairie - Commune Kozah 3, Koulounde 2, Awandjélo, Kozah 3, 400BP01","ouverture_jour":"{lundi,Mardi,Mercredi,Jeudi,Vendredi}","ministere_tutelle":"MATDDT"}},{"type":"Feature","id":"_mview_admi_etablissements_administration.fid--1b6ae3e2_1a0db278384_-3b02","geometry":{"type":"Point","coordinates":[0.133125,10.83358333]},"geometry_name":"geometry","properties":{"region_nom_bdd":"Savanes","prefecture_nom_bdd":"Tône","commune_nom_bdd":"Tône 3","canton_nom_bdd":"Nioukpourma","nom_localite":"Nioukpourma","etablissement_nom":"Centre d'État Civil Secondaire Nioukpourma","etab_adr":"Centre d'État Civil Secondaire Nioukpourma, Nioukpourma, Nioukpourma, Tône 3","ouverture_jour":"{lundi,Mardi,Mercredi,Jeudi,Vendredi,Samedi,Dimanche}","ministere_tutelle":"MATDDT"}},{"type":"Feature","id":"_mview_admi_etablissements_administration.fid--1b6ae3e2_1a0db278384_-3b01","geometry":{"type":"Point","coordinates":[1.58820648,8.75066837]},"geometry_name":"geometry","properties":{"region_nom_bdd":"Centrale","prefecture_nom_bdd":"Tchamba","commune_nom_bdd":"Tchamba 3","canton_nom_bdd":"Kaboli","nom_localite":"Djama","etablissement_nom":"Mairie - Commune Tchamba 3","etab_adr":"Mairie - Commune Tchamba 3, Djama, Kaboli, Tchamba 3, BP02","ouverture_jour":"{lundi,Mardi,Mercredi,Jeudi,Vendredi}","ministere_tutelle":"MATDDT"}},{"type":"Feature","id":"_mview_admi_etablissements_administration.fid--1b6ae3e2_1a0db278384_-3b00","geometry":{"type":"Point","coordinates":[0.61619794,9.52731455]},"geometry_name":"geometry","properties":{"region_nom_bdd":"Kara","prefecture_nom_bdd":"Dankpen","commune_nom_bdd":"Dankpen 3","canton_nom_bdd":"Bapuré","nom_localite":"Nkoukoumane","etablissement_nom":"Centre d'État Civil Annexe de Nkoukoumane","etab_adr":"Centre d'État Civil Annexe de Nkoukoumane, Nkoukoumane, Bapuré, Dankpen 3","ouverture_jour":"{Samedi,Vendredi,Jeudi,Mercredi,Mardi,lundi}","ministere_tutelle":"MATDDT"}},{"type":"Feature","id":"_mview_admi_etablissements_administration.fid--1b6ae3e2_1a0db278384_-3aff","geometry":{"type":"Point","coordinates":[0.50432019,10.9728707]},"geometry_name":"geometry","properties":{"region_nom_bdd":"Savanes","prefecture_nom_bdd":"Kpendjal-Ouest","commune_nom_bdd":"Kpendjal-Ouest 2","canton_nom_bdd":"Pogno","nom_localite":"Pogno","etablissement_nom":"Mairie - Commune Kpendjal-Ouest 2","etab_adr":"Mairie - Commune Kpendjal-Ouest 2, Pogno, Pogno, Kpendjal-Ouest 2, 500BP33","ouverture_jour":"{lundi,Mardi,Mercredi,Jeudi,Vendredi}","ministere_tutelle":"MATDDT"}},{"type":"Feature","id":"_mview_admi_etablissements_administration.fid--1b6ae3e2_1a0db278384_-3afe","geometry":{"type":"Point","coordinates":[1.05270208,9.95801161]},"geometry_name":"geometry","properties":{"region_nom_bdd":"Kara","prefecture_nom_bdd":"Kéran","commune_nom_bdd":"Kéran 1","canton_nom_bdd":"Kantè","nom_localite":"Wanwo","etablissement_nom":"Centre d'État Civil Annexe de Akponte","etab_adr":"Centre d'État Civil Annexe de Akponte, Wanwo, Kantè, Kéran 1","ouverture_jour":"{Samedi,Vendredi,Jeudi,Mercredi,Mardi,lundi}","ministere_tutelle":"MATDDT"}},{"type":"Feature","id":"_mview_admi_etablissements_administration.fid--1b6ae3e2_1a0db278384_-3afd","geometry":{"type":"Point","coordinates":[0.61620162,9.52722395]},"geometry_name":"geometry","properties":{"region_nom_bdd":"Kara","prefecture_nom_bdd":"Dankpen","commune_nom_bdd":"Dankpen 3","canton_nom_bdd":"Bapuré","nom_localite":"Ibobo 2","etablissement_nom":"Centre d'État Civil Annexe de Ibobo 2","etab_adr":"Centre d'État Civil Annexe de Ibobo 2, Ibobo 2, Bapuré, Dankpen 3","ouverture_jour":"{Vendredi,Samedi,Jeudi,Mercredi,Mardi,lundi}","ministere_tutelle":"MATDDT"}},{"type":"Feature","id":"_mview_admi_etablissements_administration.fid--1b6ae3e2_1a0db278384_-3afc","geometry":{"type":"Point","coordinates":[1.49725989,6.42281323]},"geometry_name":"geometry","properties":{"region_nom_bdd":"Maritime","prefecture_nom_bdd":"Vo","commune_nom_bdd":"Vo 3","canton_nom_bdd":"Dagbati","nom_localite":"Vo-attivé","etablissement_nom":"Centre d'État Civil Vo-Attivé","etab_adr":"Centre d'État Civil Vo-Attivé, Vo-Attivé, Dagbati, Vo 3","ouverture_jour":"{lundi,Jeudi}","ministere_tutelle":"MATDDT"}},{"type":"Feature","id":"_mview_admi_etablissements_administration.fid--1b6ae3e2_1a0db278384_-3afb","geometry":{"type":"Point","coordinates":[1.61509884,6.24685458]},"geometry_name":"geometry","properties":{"region_nom_bdd":"Maritime","prefecture_nom_bdd":"Lacs","commune_nom_bdd":"Lacs 1","canton_nom_bdd":"Glidji","nom_localite":"Zebe","etablissement_nom":"Préfecture - Lacs","etab_adr":"Préfecture - Lacs, Zebe, Glidji, Lacs 1, BP104 Aneho Zebe","ouverture_jour":"{lundi,Mardi,Mercredi,Jeudi,Vendredi}","ministere_tutelle":"MATDDT"}},{"type":"Feature","id":"_mview_admi_etablissements_administration.fid--1b6ae3e2_1a0db278384_-3afa","geometry":{"type":"Point","coordinates":[1.13691098,9.38268622]},"geometry_name":"geometry","properties":{"region_nom_bdd":"Kara","prefecture_nom_bdd":"Assoli","commune_nom_bdd":"Assoli 1","canton_nom_bdd":"Dako (Daoude)","nom_localite":"Koudjodoulou","etablissement_nom":"Centre d'État Civil Annexe Koudjodoulou","etab_adr":"Centre d'État Civil Annexe Koudjodoulou, Koudjodoulou, Dako (Daoude), Assoli 1","ouverture_jour":"{lundi,Mardi,Mercredi,Jeudi,Vendredi,Samedi}","ministere_tutelle":"MATDDT"}},{"type":"Feature","id":"_mview_admi_etablissements_administration.fid--1b6ae3e2_1a0db278384_-3af9","geometry":{"type":"Point","coordinates":[1.08591333,10.04088833]},"geometry_name":"geometry","properties":{"region_nom_bdd":"Kara","prefecture_nom_bdd":"Kéran","commune_nom_bdd":"Kéran 1","canton_nom_bdd":"Kantè","nom_localite":"Goulbi","etablissement_nom":"Centre d'État Civil Annexe de Goulbi","etab_adr":"Centre d'État Civil Annexe de Goulbi, Goulbi, Kantè, Kéran 1","ouverture_jour":"{Mardi,lundi,Jeudi,Mercredi,Vendredi,Samedi}","ministere_tutelle":"MATDDT"}},{"type":"Feature","id":"_mview_admi_etablissements_administration.fid--1b6ae3e2_1a0db278384_-3af8","geometry":{"type":"Point","coordinates":[0.80048554,10.02103355]},"geometry_name":"geometry","properties":{"region_nom_bdd":"Kara","prefecture_nom_bdd":"Kéran","commune_nom_bdd":"Kéran 2","canton_nom_bdd":"Ossacré","nom_localite":"Kpaouta","etablissement_nom":"Centre d'État Civil Annexe de Kpaouta","etab_adr":"Centre d'État Civil Annexe de Kpaouta, Kpaouta, Ossacré, Kéran 2","ouverture_jour":"{Samedi,Vendredi,Jeudi,Mercredi,Mardi,lundi}","ministere_tutelle":"MATDDT"}},{"type":"Feature","id":"_mview_admi_etablissements_administration.fid--1b6ae3e2_1a0db278384_-3af7","geometry":{"type":"Point","coordinates":[1.05285002,9.95768112]},"geometry_name":"geometry","properties":{"region_nom_bdd":"Kara","prefecture_nom_bdd":"Kéran","commune_nom_bdd":"Kéran 1","canton_nom_bdd":"Kantè","nom_localite":"Agninkata","etablissement_nom":"Centre d'État Civil Annexe de Agninkata","etab_adr":"Centre d'État Civil Annexe de Agninkata, Agninkata, Kantè, Kéran 1","ouverture_jour":"{Vendredi,Samedi,Jeudi,Mercredi,Mardi,lundi}","ministere_tutelle":"MATDDT"}},{"type":"Feature","id":"_mview_admi_etablissements_administration.fid--1b6ae3e2_1a0db278384_-3af6","geometry":{"type":"Point","coordinates":[0.71571647,10.07230624]},"geometry_name":"geometry","properties":{"region_nom_bdd":"Kara","prefecture_nom_bdd":"Kéran","commune_nom_bdd":"Kéran 2","canton_nom_bdd":"Ossacré","nom_localite":"Koukounkpe","etablissement_nom":"Centre d'État Civil Annexe de Koukounkpe","etab_adr":"Centre d'État Civil Annexe de Koukounkpe, Koukounkpe, Ossacré, Kéran 2","ouverture_jour":"{Samedi,Vendredi,Jeudi,Mercredi,Mardi,lundi}","ministere_tutelle":"MATDDT"}},{"type":"Feature","id":"_mview_admi_etablissements_administration.fid--1b6ae3e2_1a0db278384_-3af5","geometry":{"type":"Point","coordinates":[0.61625133,9.52723361]},"geometry_name":"geometry","properties":{"region_nom_bdd":"Kara","prefecture_nom_bdd":"Dankpen","commune_nom_bdd":"Dankpen 3","canton_nom_bdd":"Bapuré","nom_localite":"Kpale","etablissement_nom":"Centre d'État Civil Annexe de Kpale","etab_adr":"Centre d'État Civil Annexe de Kpale, Kpale, Bapuré, Dankpen 3","ouverture_jour":"{Samedi,Vendredi,Jeudi,Mercredi,Mardi,lundi}","ministere_tutelle":"MATDDT"}},{"type":"Feature","id":"_mview_admi_etablissements_administration.fid--1b6ae3e2_1a0db278384_-3af4","geometry":{"type":"Point","coordinates":[1.05274941,9.957745]},"geometry_name":"geometry","properties":{"region_nom_bdd":"Kara","prefecture_nom_bdd":"Kéran","commune_nom_bdd":"Kéran 1","canton_nom_bdd":"Kantè","nom_localite":"Mandouta","etablissement_nom":"Centre d'État Civil Annexe de Mandouta","etab_adr":"Centre d'État Civil Annexe de Mandouta, Mandouta, Kantè, Kéran 1","ouverture_jour":"{Samedi,Vendredi,Jeudi,Mercredi,Mardi,lundi}","ministere_tutelle":"MATDDT"}},{"type":"Feature","id":"_mview_admi_etablissements_administration.fid--1b6ae3e2_1a0db278384_-3af3","geometry":{"type":"Point","coordinates":[0.62729952,9.61515597]},"geometry_name":"geometry","properties":{"region_nom_bdd":"Kara","prefecture_nom_bdd":"Dankpen","commune_nom_bdd":"Dankpen 3","canton_nom_bdd":"Nawaré","nom_localite":"Naware","etablissement_nom":"Centre d'État Civil Annexe de Naware","etab_adr":"Centre d'État Civil Annexe de Naware, Naware, Nawaré, Dankpen 3","ouverture_jour":"{lundi,Mardi,Mercredi,Jeudi,Vendredi,Samedi}","ministere_tutelle":"MATDDT"}},{"type":"Feature","id":"_mview_admi_etablissements_administration.fid--1b6ae3e2_1a0db278384_-3af2","geometry":{"type":"Point","coordinates":[0.61625547,9.52730776]},"geometry_name":"geometry","properties":{"region_nom_bdd":"Kara","prefecture_nom_bdd":"Dankpen","commune_nom_bdd":"Dankpen 3","canton_nom_bdd":"Bapuré","nom_localite":"Nayele","etablissement_nom":"Centre d'État Civil Annexe de Nayele","etab_adr":"Centre d'État Civil Annexe de Nayele, Nayele, Bapuré, Dankpen 3","ouverture_jour":"{Samedi,Vendredi,Jeudi,Mardi,lundi,Mercredi}","ministere_tutelle":"MATDDT"}},{"type":"Feature","id":"_mview_admi_etablissements_administration.fid--1b6ae3e2_1a0db278384_-3af1","geometry":{"type":"Point","coordinates":[0.71512768,10.07266162]},"geometry_name":"geometry","properties":{"region_nom_bdd":"Kara","prefecture_nom_bdd":"Kéran","commune_nom_bdd":"Kéran 2","canton_nom_bdd":"Ossacré","nom_localite":"Ossacre","etablissement_nom":"Centre d'État Civil Annexe de Ossacre","etab_adr":"Centre d'État Civil Annexe de Ossacre, Ossacre, Ossacré, Kéran 2","ouverture_jour":"{Vendredi,Jeudi,Mercredi,Mardi,lundi,Samedi}","ministere_tutelle":"MATDDT"}},{"type":"Feature","id":"_mview_admi_etablissements_administration.fid--1b6ae3e2_1a0db278384_-3af0","geometry":{"type":"Point","coordinates":[0.7187318,10.07175407]},"geometry_name":"geometry","properties":{"region_nom_bdd":"Kara","prefecture_nom_bdd":"Kéran","commune_nom_bdd":"Kéran 2","canton_nom_bdd":"Ossacré","nom_localite":"Pangouda","etablissement_nom":"Centre d'État Civil Annexe de Pangouda","etab_adr":"Centre d'État Civil Annexe de Pangouda, Pangouda, Ossacré, Kéran 2","ouverture_jour":"{Mercredi,Jeudi,Vendredi,Samedi,Mardi,lundi}","ministere_tutelle":"MATDDT"}},{"type":"Feature","id":"_mview_admi_etablissements_administration.fid--1b6ae3e2_1a0db278384_-3aef","geometry":{"type":"Point","coordinates":[0.80240654,10.01915989]},"geometry_name":"geometry","properties":{"region_nom_bdd":"Kara","prefecture_nom_bdd":"Kéran","commune_nom_bdd":"Kéran 2","canton_nom_bdd":"Ossacré","nom_localite":"Pangouda","etablissement_nom":"Centre d'État Civil Annexe de Pangouda","etab_adr":"Centre d'État Civil Annexe de Pangouda, Pangouda, Ossacré, Kéran 2","ouverture_jour":"{Samedi,Vendredi,Jeudi,Mercredi,Mardi,lundi}","ministere_tutelle":"MATDDT"}},{"type":"Feature","id":"_mview_admi_etablissements_administration.fid--1b6ae3e2_1a0db278384_-3aee","geometry":{"type":"Point","coordinates":[0.24655746,9.55359072]},"geometry_name":"geometry","properties":{"region_nom_bdd":"Kara","prefecture_nom_bdd":"Dankpen","commune_nom_bdd":"Dankpen 3","canton_nom_bdd":"Nandouta","nom_localite":"Possao","etablissement_nom":"Centre d'État Civil Annexe de Possao","etab_adr":"Centre d'État Civil Annexe de Possao, Possao, Nandouta, Dankpen 3","ouverture_jour":"{Mardi,Mercredi,Jeudi,Vendredi,lundi}","ministere_tutelle":"MATDDT"}},{"type":"Feature","id":"_mview_admi_etablissements_administration.fid--1b6ae3e2_1a0db278384_-3aed","geometry":{"type":"Point","coordinates":[1.05271281,9.95787251]},"geometry_name":"geometry","properties":{"region_nom_bdd":"Kara","prefecture_nom_bdd":"Kéran","commune_nom_bdd":"Kéran 1","canton_nom_bdd":"Kantè","nom_localite":"Soute","etablissement_nom":"Centre d'État Civil Annexe de Soute","etab_adr":"Centre d'État Civil Annexe de Soute, Soute, Kantè, Kéran 1","ouverture_jour":"{lundi,Mardi,Mercredi,Vendredi,Jeudi,Samedi}","ministere_tutelle":"MATDDT"}},{"type":"Feature","id":"_mview_admi_etablissements_administration.fid--1b6ae3e2_1a0db278384_-3aec","geometry":{"type":"Point","coordinates":[0.74558443,10.09317784]},"geometry_name":"geometry","properties":{"region_nom_bdd":"Kara","prefecture_nom_bdd":"Kéran","commune_nom_bdd":"Kéran 2","canton_nom_bdd":"Ossacré","nom_localite":"Walate","etablissement_nom":"Centre d'État Civil Annexe de Walate","etab_adr":"Centre d'État Civil Annexe de Walate, Walate, Ossacré, Kéran 2","ouverture_jour":"{Vendredi,Jeudi,Mercredi,Mardi,lundi,Samedi}","ministere_tutelle":"MATDDT"}},{"type":"Feature","id":"_mview_admi_etablissements_administration.fid--1b6ae3e2_1a0db278384_-3aeb","geometry":{"type":"Point","coordinates":[0.61629992,9.52734621]},"geometry_name":"geometry","properties":{"region_nom_bdd":"Kara","prefecture_nom_bdd":"Dankpen","commune_nom_bdd":"Dankpen 3","canton_nom_bdd":"Bapuré","nom_localite":"Nandouta","etablissement_nom":"Centre d'État Civil Annexe Nandouta","etab_adr":"Centre d'État Civil Annexe Nandouta, Nandouta, Bapuré, Dankpen 3","ouverture_jour":"{Jeudi,Mercredi,Mardi,Samedi,Vendredi,lundi}","ministere_tutelle":"MATDDT"}},{"type":"Feature","id":"_mview_admi_etablissements_administration.fid--1b6ae3e2_1a0db278384_-3aea","geometry":{"type":"Point","coordinates":[1.05286209,9.95789643]},"geometry_name":"geometry","properties":{"region_nom_bdd":"Kara","prefecture_nom_bdd":"Kéran","commune_nom_bdd":"Kéran 1","canton_nom_bdd":"Kantè","nom_localite":"Adjaite","etablissement_nom":"Centre d'État Civil Annexe Pesside","etab_adr":"Centre d'État Civil Annexe Pesside, Pesside, Adjaite, Kantè, Kéran 1","ouverture_jour":"{Samedi,Vendredi,Jeudi,Mercredi,Mardi,lundi}","ministere_tutelle":"MATDDT"}},{"type":"Feature","id":"_mview_admi_etablissements_administration.fid--1b6ae3e2_1a0db278384_-3ae9","geometry":{"type":"Point","coordinates":[1.00912372,8.17729904]},"geometry_name":"geometry","properties":{"region_nom_bdd":"Centrale","prefecture_nom_bdd":"Blitta","commune_nom_bdd":"Blitta 1","canton_nom_bdd":"Pagala-Gare","nom_localite":"Tchanie","etablissement_nom":"Centre d'État Civil Annexe Tchanie","etab_adr":"Centre d'État Civil Annexe Tchanie, Tchanie, Pagala-Gare, Blitta 1","ouverture_jour":"{lundi,Mardi,Mercredi,Jeudi,Vendredi}","ministere_tutelle":"MATDDT"}},{"type":"Feature","id":"_mview_admi_etablissements_administration.fid--1b6ae3e2_1a0db278384_-3ae8","geometry":{"type":"Point","coordinates":[1.07629886,8.58546741]},"geometry_name":"geometry","properties":{"region_nom_bdd":"Centrale","prefecture_nom_bdd":"Sotouboua","commune_nom_bdd":"Sotouboua 1","canton_nom_bdd":"Tabindè","nom_localite":"Bouale","etablissement_nom":"Centre d'État Civil Secondaire Bouale","etab_adr":"Centre d'État Civil Secondaire Bouale, Bouale, Tabindè, Sotouboua 1","ouverture_jour":"{lundi,Mardi,Mercredi,Jeudi,Vendredi}","ministere_tutelle":"MATDDT"}},{"type":"Feature","id":"_mview_admi_etablissements_administration.fid--1b6ae3e2_1a0db278384_-3ae7","geometry":{"type":"Point","coordinates":[0.68185425,7.01623853]},"geometry_name":"geometry","properties":{"region_nom_bdd":"Plateaux","prefecture_nom_bdd":"Kloto","commune_nom_bdd":"Kloto 2","canton_nom_bdd":"Lavié","nom_localite":"Lavie Lomnava","etablissement_nom":"Mairie - Commune Kloto 2","etab_adr":"Mairie - Commune Kloto 2, Lavie Lomnava, Lavié, Kloto 2","ouverture_jour":"{Vendredi,Jeudi,Mercredi,Mardi,lundi}","ministere_tutelle":"MATDDT"}},{"type":"Feature","id":"_mview_admi_etablissements_administration.fid--1b6ae3e2_1a0db278384_-3ae6","geometry":{"type":"Point","coordinates":[1.24638874,9.34926942]},"geometry_name":"geometry","properties":{"region_nom_bdd":"Kara","prefecture_nom_bdd":"Assoli","commune_nom_bdd":"Assoli 1","canton_nom_bdd":"Bafilo","nom_localite":"Sodjide","etablissement_nom":"Préfecture - Assoli","etab_adr":"Préfecture - Assoli, Sodjide, Bafilo, Assoli 1, BP10 Bafilo","ouverture_jour":"{lundi,Mardi,Mercredi,Jeudi,Vendredi}","ministere_tutelle":"MATDDT"}},{"type":"Feature","id":"_mview_admi_etablissements_administration.fid--1b6ae3e2_1a0db278384_-3ae5","geometry":{"type":"Point","coordinates":[0.73466607,7.13475505]},"geometry_name":"geometry","properties":{"region_nom_bdd":"Plateaux","prefecture_nom_bdd":"Kpélé","commune_nom_bdd":"Kpélé 1","canton_nom_bdd":"Kpélé-Novivé","nom_localite":"Kpelé-adeta","etablissement_nom":"Mairie - Commune Kpélé 1","etab_adr":"Mairie - Commune Kpélé 1, Kpelé-Adeta, Kpélé-Novivé, Kpélé 1, 280BP04","ouverture_jour":"{Vendredi,Jeudi,Mercredi,Mardi,lundi}","ministere_tutelle":"MATDDT"}},{"type":"Feature","id":"_mview_admi_etablissements_administration.fid--1b6ae3e2_1a0db278384_-3ae4","geometry":{"type":"Point","coordinates":[1.33397833,9.45506667]},"geometry_name":"geometry","properties":{"region_nom_bdd":"Kara","prefecture_nom_bdd":"Assoli","commune_nom_bdd":"Assoli 3","canton_nom_bdd":"Soudou","nom_localite":"Gniguelia","etablissement_nom":"Centre d'État Civil Annexe Gniguelia","etab_adr":"Centre d'État Civil Annexe Gniguelia, Gniguelia, Soudou, Assoli 3","ouverture_jour":"{lundi,Mardi,Mercredi,Jeudi,Vendredi,Samedi,Dimanche}","ministere_tutelle":"MATDDT"}},{"type":"Feature","id":"_mview_admi_etablissements_administration.fid--1b6ae3e2_1a0db278384_-3ae3","geometry":{"type":"Point","coordinates":[1.61354987,8.86427039]},"geometry_name":"geometry","properties":{"region_nom_bdd":"Centrale","prefecture_nom_bdd":"Tchamba","commune_nom_bdd":"Tchamba 3","canton_nom_bdd":"Balanka","nom_localite":"Kayamala","etablissement_nom":"Centre d'État Civil Secondaire Balanka","etab_adr":"Centre d'État Civil Secondaire Balanka, Kayamala, Balanka, Tchamba 3","ouverture_jour":"{lundi,Mardi,Mercredi,Jeudi,Vendredi}","ministere_tutelle":"MATDDT"}},{"type":"Feature","id":"_mview_admi_etablissements_administration.fid--1b6ae3e2_1a0db278384_-3ae2","geometry":{"type":"Point","coordinates":[1.41174909,6.36886913]},"geometry_name":"geometry","properties":{"region_nom_bdd":"Maritime","prefecture_nom_bdd":"Vo","commune_nom_bdd":"Vo 4","canton_nom_bdd":"Hahotoé","nom_localite":"Gbedjekome","etablissement_nom":"Centre d'État Civil Hahotoe","etab_adr":"Centre d'État Civil Hahotoe, Gbedjekome, Hahotoé, Vo 4","ouverture_jour":"{Vendredi,Jeudi,Mercredi,Mardi,lundi}","ministere_tutelle":"MATDDT"}},{"type":"Feature","id":"_mview_admi_etablissements_administration.fid--1b6ae3e2_1a0db278384_-3ae1","geometry":{"type":"Point","coordinates":[1.45255689,6.44954555]},"geometry_name":"geometry","properties":{"region_nom_bdd":"Maritime","prefecture_nom_bdd":"Vo","commune_nom_bdd":"Vo 4","canton_nom_bdd":"Akoumapé","nom_localite":"Gnita Apeyeme","etablissement_nom":"Centre d'État Civil Gnita","etab_adr":"Centre d'État Civil Gnita, Gnita Apeyeme, Akoumapé, Vo 4","ouverture_jour":"{lundi,Mercredi,Jeudi,Vendredi,Mardi}","ministere_tutelle":"MATDDT"}},{"type":"Feature","id":"_mview_admi_etablissements_administration.fid--1b6ae3e2_1a0db278384_-3ae0","geometry":{"type":"Point","coordinates":[0.00935074,10.85155091]},"geometry_name":"geometry","properties":{"region_nom_bdd":"Savanes","prefecture_nom_bdd":"Tône","commune_nom_bdd":"Tône 3","canton_nom_bdd":"Tami","nom_localite":"Koukdagou","etablissement_nom":"Mairie - Commune Tône 3","etab_adr":"Mairie - Commune Tône 3, Koukdagou, Tami, Tône 3, 500BP111","ouverture_jour":"{lundi,Mardi,Mercredi,Jeudi,Vendredi}","ministere_tutelle":"MATDDT"}},{"type":"Feature","id":"_mview_admi_etablissements_administration.fid--1b6ae3e2_1a0db278384_-3adf","geometry":{"type":"Point","coordinates":[0.75508416,9.87978512]},"geometry_name":"geometry","properties":{"region_nom_bdd":"Kara","prefecture_nom_bdd":"Kéran","commune_nom_bdd":"Kéran 2","canton_nom_bdd":"Hélota","nom_localite":"Helota","etablissement_nom":"Centre d'État Civil Annexe Helota","etab_adr":"Centre d'État Civil Annexe Helota, Helota, Hélota, Kéran 2","ouverture_jour":"{lundi,Mardi,Mercredi,Jeudi,Vendredi}","ministere_tutelle":"MATDDT"}},{"type":"Feature","id":"_mview_admi_etablissements_administration.fid--1b6ae3e2_1a0db278384_-3ade","geometry":{"type":"Point","coordinates":[1.03187584,9.77768173]},"geometry_name":"geometry","properties":{"region_nom_bdd":"Kara","prefecture_nom_bdd":"Doufelgou","commune_nom_bdd":"Doufelgou 3","canton_nom_bdd":"Alloum","nom_localite":"Akparate","etablissement_nom":"Centre d'État Civil Anima","etab_adr":"Centre d'État Civil Anima, Akparate, Alloum, Doufelgou 2","ouverture_jour":"{lundi,Mardi,Mercredi,Jeudi,Vendredi}","ministere_tutelle":"MATDDT"}},{"type":"Feature","id":"_mview_admi_etablissements_administration.fid--1b6ae3e2_1a0db278384_-3add","geometry":{"type":"Point","coordinates":[0.81359165,7.31362835]},"geometry_name":"geometry","properties":{"region_nom_bdd":"Plateaux","prefecture_nom_bdd":"Amou","commune_nom_bdd":"Amou 2","canton_nom_bdd":"Sodo","nom_localite":"Sodo","etablissement_nom":"Centre d'État Civil Annexe Sodo","etab_adr":"Centre d'État Civil Annexe Sodo, Sodo, Sodo, Amou 2","ouverture_jour":"{lundi,Mardi,Mercredi,Jeudi,Vendredi}","ministere_tutelle":"MATDDT"}},{"type":"Feature","id":"_mview_admi_etablissements_administration.fid--1b6ae3e2_1a0db278384_-3adc","geometry":{"type":"Point","coordinates":[1.10477657,9.85131226]},"geometry_name":"geometry","properties":{"region_nom_bdd":"Kara","prefecture_nom_bdd":"Doufelgou","commune_nom_bdd":"Doufelgou 2","canton_nom_bdd":"Défalé","nom_localite":"Animade","etablissement_nom":"Centre d'État Civil Animade","etab_adr":"Centre d'État Civil Animade, Animade, Défalé, Doufelgou 2","ouverture_jour":"{lundi,Mardi,Mercredi,Jeudi,Vendredi}","ministere_tutelle":"MATDDT"}},{"type":"Feature","id":"_mview_admi_etablissements_administration.fid--1b6ae3e2_1a0db278384_-3adb","geometry":{"type":"Point","coordinates":[1.12243031,9.88173506]},"geometry_name":"geometry","properties":{"region_nom_bdd":"Kara","prefecture_nom_bdd":"Doufelgou","commune_nom_bdd":"Doufelgou 2","canton_nom_bdd":"Kpaha","nom_localite":"Kpaha Centre","etablissement_nom":"Centre d'État Civil Kpaha Centre","etab_adr":"Centre d'État Civil Kpaha Centre, Kpaha Centre, Kpaha, Doufelgou 2","ouverture_jour":"{lundi,Mardi,Mercredi,Jeudi,Vendredi}","ministere_tutelle":"MATDDT"}},{"type":"Feature","id":"_mview_admi_etablissements_administration.fid--1b6ae3e2_1a0db278384_-3ada","geometry":{"type":"Point","coordinates":[1.14021167,9.90370833]},"geometry_name":"geometry","properties":{"region_nom_bdd":"Kara","prefecture_nom_bdd":"Doufelgou","commune_nom_bdd":"Doufelgou 2","canton_nom_bdd":"Kpaha","nom_localite":"Djidjide","etablissement_nom":"Centre d'État Civil de Kounontchere","etab_adr":"Centre d'État Civil de Kounontchere, Djidjide, Kpaha, Doufelgou 2","ouverture_jour":"{lundi,Mardi,Mercredi,Jeudi,Vendredi}","ministere_tutelle":"MATDDT"}},{"type":"Feature","id":"_mview_admi_etablissements_administration.fid--1b6ae3e2_1a0db278384_-3ad9","geometry":{"type":"Point","coordinates":[1.27126544,9.90289234]},"geometry_name":"geometry","properties":{"region_nom_bdd":"Kara","prefecture_nom_bdd":"Doufelgou","commune_nom_bdd":"Doufelgou 1","canton_nom_bdd":"Pouda","nom_localite":"Kawa Haut","etablissement_nom":"Centre d'État Civil Kawa Haut","etab_adr":"Centre d'État Civil Kawa Haut, Kawa Haut, Pouda, Doufelgou 1","ouverture_jour":"{lundi,Mardi,Mercredi,Jeudi,Vendredi}","ministere_tutelle":"MATDDT"}},{"type":"Feature","id":"_mview_admi_etablissements_administration.fid--1b6ae3e2_1a0db278384_-3ad8","geometry":{"type":"Point","coordinates":[1.05621333,9.88751667]},"geometry_name":"geometry","properties":{"region_nom_bdd":"Kara","prefecture_nom_bdd":"Kéran","commune_nom_bdd":"Kéran 1","canton_nom_bdd":"Kantè","nom_localite":"Kaouno","etablissement_nom":"Centre d'État Civil Kaouno","etab_adr":"Centre d'État Civil Kaouno, Kaouno, Kantè, Kéran 1","ouverture_jour":"{lundi,Mardi,Mercredi,Jeudi,Vendredi}","ministere_tutelle":"MATDDT"}},{"type":"Feature","id":"_mview_admi_etablissements_administration.fid--1b6ae3e2_1a0db278384_-3ad7","geometry":{"type":"Point","coordinates":[1.27552993,9.95641878]},"geometry_name":"geometry","properties":{"region_nom_bdd":"Kara","prefecture_nom_bdd":"Doufelgou","commune_nom_bdd":"Doufelgou 1","canton_nom_bdd":"Massédéna","nom_localite":"Koumde","etablissement_nom":"Centre d'État Civil Koumde","etab_adr":"Centre d'État Civil Koumde, Koumde, Massédéna, Doufelgou 1","ouverture_jour":"{lundi,Mardi,Mercredi,Jeudi,Vendredi}","ministere_tutelle":"MATDDT"}},{"type":"Feature","id":"_mview_admi_etablissements_administration.fid--1b6ae3e2_1a0db278384_-3ad6","geometry":{"type":"Point","coordinates":[1.28478074,9.93307653]},"geometry_name":"geometry","properties":{"region_nom_bdd":"Kara","prefecture_nom_bdd":"Doufelgou","commune_nom_bdd":"Doufelgou 1","canton_nom_bdd":"Massédéna","nom_localite":"Kore","etablissement_nom":"Centre d'État Civil Kore","etab_adr":"Centre d'État Civil Kore, Kore, Massédéna, Doufelgou 1","ouverture_jour":"{lundi,Mardi,Mercredi,Vendredi,Jeudi}","ministere_tutelle":"MATDDT"}},{"type":"Feature","id":"_mview_admi_etablissements_administration.fid--1b6ae3e2_1a0db278384_-3ad5","geometry":{"type":"Point","coordinates":[1.11278333,9.89764833]},"geometry_name":"geometry","properties":{"region_nom_bdd":"Kara","prefecture_nom_bdd":"Doufelgou","commune_nom_bdd":"Doufelgou 2","canton_nom_bdd":"Défalé","nom_localite":"Hounde","etablissement_nom":"Centre d'État Civil Hounde","etab_adr":"Centre d'État Civil Hounde, Hounde, Défalé, Doufelgou 2","ouverture_jour":"{lundi,Mardi,Mercredi,Jeudi,Vendredi}","ministere_tutelle":"MATDDT"}},{"type":"Feature","id":"_mview_admi_etablissements_administration.fid--1b6ae3e2_1a0db278384_-3ad4","geometry":{"type":"Point","coordinates":[1.40006933,6.61246843]},"geometry_name":"geometry","properties":{"region_nom_bdd":"Maritime","prefecture_nom_bdd":"Yoto","commune_nom_bdd":"Yoto 2","canton_nom_bdd":"Ahépé","nom_localite":"Hekpoe","etablissement_nom":"Mairie - Commune Yoto 2","etab_adr":"Mairie - Commune Yoto 2, Hekpoe, Ahépé, Yoto 2, 08BP Ahepe","ouverture_jour":"{lundi,Mardi,Mercredi,Jeudi,Vendredi}","ministere_tutelle":"MATDDT"}},{"type":"Feature","id":"_mview_admi_etablissements_administration.fid--1b6ae3e2_1a0db278384_-3ad3","geometry":{"type":"Point","coordinates":[1.36749653,6.4810083]},"geometry_name":"geometry","properties":{"region_nom_bdd":"Maritime","prefecture_nom_bdd":"Yoto","commune_nom_bdd":"Yoto 2","canton_nom_bdd":"Tchékpo","nom_localite":"Tchekpo Deve","etablissement_nom":"Centre d'État Civil Tchekpo Deve","etab_adr":"Centre d'État Civil Tchekpo Deve, Tchekpo Deve, Tchékpo, Yoto 2","ouverture_jour":"{lundi,Mardi,Mercredi,Jeudi,Vendredi}","ministere_tutelle":"MATDDT"}},{"type":"Feature","id":"_mview_admi_etablissements_administration.fid--1b6ae3e2_1a0db278384_-3ad2","geometry":{"type":"Point","coordinates":[1.208064,6.19521841]},"geometry_name":"geometry","properties":{"region_nom_bdd":"Maritime","prefecture_nom_bdd":"Agoè-Nyivé","commune_nom_bdd":"Agoè-Nyivé 1","canton_nom_bdd":"Agoè-Nyivé","nom_localite":"Massouhoin","etablissement_nom":"Centre d'État Civil Massouhoin","etab_adr":"Centre d'État Civil Massouhoin, Massouhoin, Agoè-Nyivé, Agoè-Nyivé 1, 15BP440 Lomé","ouverture_jour":"{lundi,Mardi,Mercredi,Vendredi,Jeudi}","ministere_tutelle":"MATDDT"}},{"type":"Feature","id":"_mview_admi_etablissements_administration.fid--1b6ae3e2_1a0db278384_-3ad1","geometry":{"type":"Point","coordinates":[1.17368237,6.42883418]},"geometry_name":"geometry","properties":{"region_nom_bdd":"Maritime","prefecture_nom_bdd":"Zio","commune_nom_bdd":"Zio 2","canton_nom_bdd":"Bolou","nom_localite":"Bolou Centre","etablissement_nom":"Centre d'État Civil Bolou","etab_adr":"Centre d'État Civil Bolou, Bolou Centre, Bolou, Zio 2","ouverture_jour":"{lundi,Mardi,Mercredi,Jeudi,Vendredi,Samedi,Dimanche}","ministere_tutelle":"MATDDT"}},{"type":"Feature","id":"_mview_admi_etablissements_administration.fid--1b6ae3e2_1a0db278384_-3ad0","geometry":{"type":"Point","coordinates":[1.21735443,6.15629759]},"geometry_name":"geometry","properties":{"region_nom_bdd":"Maritime","prefecture_nom_bdd":"Golfe","commune_nom_bdd":"Golfe 3","canton_nom_bdd":"Bè-Ouest","nom_localite":"Tokoin Doumassesse","etablissement_nom":"Mairie - Commune Golfe 3 - Annexe","etab_adr":"Mairie - Commune Golfe 3 - Annexe, Tokoin Doumassesse, Bè-Ouest, Golfe 3, 15BP440 Lomé","ouverture_jour":"{lundi,Mardi,Mercredi,Vendredi,Jeudi}","ministere_tutelle":"MATDDT"}},{"type":"Feature","id":"_mview_admi_etablissements_administration.fid--1b6ae3e2_1a0db278384_-3acf","geometry":{"type":"Point","coordinates":[1.07839847,6.42014968]},"geometry_name":"geometry","properties":{"region_nom_bdd":"Maritime","prefecture_nom_bdd":"Avé","commune_nom_bdd":"Avé 2","canton_nom_bdd":"Badja","nom_localite":"Bolou-gatigble","etablissement_nom":"Centre d'État Civil Bolou","etab_adr":"Centre d'État Civil Bolou, Bolou-Gatigble, Badja, Avé 2","ouverture_jour":"{lundi,Mardi,Mercredi,Jeudi,Vendredi}","ministere_tutelle":"MATDDT"}},{"type":"Feature","id":"_mview_admi_etablissements_administration.fid--1b6ae3e2_1a0db278384_-3ace","geometry":{"type":"Point","coordinates":[1.21407471,6.13399853]},"geometry_name":"geometry","properties":{"region_nom_bdd":"Maritime","prefecture_nom_bdd":"Golfe","commune_nom_bdd":"Golfe 4","canton_nom_bdd":"Amoutivé","nom_localite":"Hanoukope","etablissement_nom":"Mairie - Commune Golfe 4 - Direction de la Planification du Développement","etab_adr":"Mairie - Commune Golfe 4 - Direction de la Planification du Développement, Hanoukope, Amoutivé, Golfe 4, 01BP330 Lomé","ouverture_jour":"{Vendredi,Jeudi,Mercredi,Mardi,lundi}","ministere_tutelle":"MATDDT"}},{"type":"Feature","id":"_mview_admi_etablissements_administration.fid--1b6ae3e2_1a0db278384_-3acd","geometry":{"type":"Point","coordinates":[1.04332171,9.9529216]},"geometry_name":"geometry","properties":{"region_nom_bdd":"Kara","prefecture_nom_bdd":"Kéran","commune_nom_bdd":"Kéran 1","canton_nom_bdd":"Kantè","nom_localite":"Kantè","etablissement_nom":"Préfecture - Kéran","etab_adr":"Préfecture - Kéran, Kantè, Kantè, Kéran 1, BP08 Kante","ouverture_jour":"{Samedi,Vendredi,lundi,Mardi,Mercredi,Jeudi}","ministere_tutelle":"MATDDT"}},{"type":"Feature","id":"_mview_admi_etablissements_administration.fid--1b6ae3e2_1a0db278384_-3acc","geometry":{"type":"Point","coordinates":[1.35162667,9.35778167]},"geometry_name":"geometry","properties":{"region_nom_bdd":"Kara","prefecture_nom_bdd":"Assoli","commune_nom_bdd":"Assoli 3","canton_nom_bdd":"Soudou","nom_localite":"Korogo","etablissement_nom":"Centre d'État Civil Annexe Soudou","etab_adr":"Centre d'État Civil Annexe Soudou, Korogo, Soudou, Assoli 3","ouverture_jour":"{lundi,Mardi,Mercredi,Jeudi,Vendredi}","ministere_tutelle":"MATDDT"}},{"type":"Feature","id":"_mview_admi_etablissements_administration.fid--1b6ae3e2_1a0db278384_-3acb","geometry":{"type":"Point","coordinates":[1.61510883,6.24756827]},"geometry_name":"geometry","properties":{"region_nom_bdd":"Maritime","prefecture_nom_bdd":"Lacs","commune_nom_bdd":"Lacs 1","canton_nom_bdd":"Glidji","nom_localite":"Zebe","etablissement_nom":"Préfecture - Lacs - Bureau de Topographie","etab_adr":"Préfecture - Lacs - Bureau de Topographie, Zebe, Glidji, Lacs 1","ouverture_jour":"{lundi,Mardi,Mercredi,Jeudi,Vendredi}","ministere_tutelle":"MATDDT"}},{"type":"Feature","id":"_mview_admi_etablissements_administration.fid--1b6ae3e2_1a0db278384_-3aca","geometry":{"type":"Point","coordinates":[1.22034002,6.12344348]},"geometry_name":"geometry","properties":{"region_nom_bdd":"Maritime","prefecture_nom_bdd":"Golfe","commune_nom_bdd":"Golfe 4","canton_nom_bdd":"Amoutivé","nom_localite":"Quartier Administratif","etablissement_nom":"Mairie - Commune Golfe 4 - Direction des Services Techniques du District Autonome du Grand Lomé","etab_adr":"Mairie - Commune Golfe 4 - Direction des Services Techniques du District Autonome du Grand Lomé, 851, Avenue de la Presidence, Quartier Administratif, Amoutivé, Golfe 4, BP326 Lomé","ouverture_jour":"{lundi,Mardi,Mercredi,Jeudi,Vendredi,Samedi}","ministere_tutelle":"MATDDT"}},{"type":"Feature","id":"_mview_admi_etablissements_administration.fid--1b6ae3e2_1a0db278384_-3ac9","geometry":{"type":"Point","coordinates":[1.25971909,6.44815559]},"geometry_name":"geometry","properties":{"region_nom_bdd":"Maritime","prefecture_nom_bdd":"Zio","commune_nom_bdd":"Zio 1","canton_nom_bdd":"Gbatopé","nom_localite":"Gbatope","etablissement_nom":"Centre d'État Civil Gbatopé","etab_adr":"Centre d'État Civil Gbatopé, Gbatope, Gbatopé, Zio 1","ouverture_jour":"{lundi,Mardi,Mercredi,Jeudi,Vendredi}","ministere_tutelle":"MATDDT"}},{"type":"Feature","id":"_mview_admi_etablissements_administration.fid--1b6ae3e2_1a0db278384_-3ac8","geometry":{"type":"Point","coordinates":[1.1714038,6.95899492]},"geometry_name":"geometry","properties":{"region_nom_bdd":"Plateaux","prefecture_nom_bdd":"Haho","commune_nom_bdd":"Haho 1","canton_nom_bdd":"Notsé","nom_localite":"Notsé","etablissement_nom":"Centre d'État Civil Notse","etab_adr":"Centre d'État Civil Notse, Notsé, Notsé, Haho 1","ouverture_jour":"{lundi,Mardi,Mercredi,Jeudi,Vendredi}","ministere_tutelle":"MATDDT"}},{"type":"Feature","id":"_mview_admi_etablissements_administration.fid--1b6ae3e2_1a0db278384_-3ac7","geometry":{"type":"Point","coordinates":[1.11202911,6.40341835]},"geometry_name":"geometry","properties":{"region_nom_bdd":"Maritime","prefecture_nom_bdd":"Zio","commune_nom_bdd":"Zio 2","canton_nom_bdd":"Wli","nom_localite":"Wli-mivakpo","etablissement_nom":"Centre d'État Civil Wli-Mivakpo","etab_adr":"Centre d'État Civil Wli-Mivakpo, Wli-Mivakpo, Wli, Zio 2","ouverture_jour":"{lundi,Mardi,Mercredi,Jeudi,Vendredi,Samedi}","ministere_tutelle":"MATDDT"}},{"type":"Feature","id":"_mview_admi_etablissements_administration.fid--1b6ae3e2_1a0db278384_-3ac6","geometry":{"type":"Point","coordinates":[1.07836023,6.44605335]},"geometry_name":"geometry","properties":{"region_nom_bdd":"Maritime","prefecture_nom_bdd":"Zio","commune_nom_bdd":"Zio 2","canton_nom_bdd":"Bolou","nom_localite":"Bolou Kpota","etablissement_nom":"Centre d'État Civil Bolou","etab_adr":"Centre d'État Civil Bolou, Bolou Kpota, Bolou, Zio 2","ouverture_jour":"{lundi,Mardi,Mercredi,Jeudi,Vendredi}","ministere_tutelle":"MATDDT"}},{"type":"Feature","id":"_mview_admi_etablissements_administration.fid--1b6ae3e2_1a0db278384_-3ac5","geometry":{"type":"Point","coordinates":[1.08388992,6.43676796]},"geometry_name":"geometry","properties":{"region_nom_bdd":"Maritime","prefecture_nom_bdd":"Zio","commune_nom_bdd":"Zio 2","canton_nom_bdd":"Bolou","nom_localite":"Bolou-agbadome","etablissement_nom":"Centre d'État Civil Bolou Agbadome","etab_adr":"Centre d'État Civil Bolou Agbadome, Bolou-Agbadome, Bolou, Zio 2","ouverture_jour":"{lundi,Mardi,Mercredi,Jeudi,Vendredi}","ministere_tutelle":"MATDDT"}},{"type":"Feature","id":"_mview_admi_etablissements_administration.fid--1b6ae3e2_1a0db278384_-3ac4","geometry":{"type":"Point","coordinates":[1.50073047,6.48238193]},"geometry_name":"geometry","properties":{"region_nom_bdd":"Maritime","prefecture_nom_bdd":"Vo","commune_nom_bdd":"Vo 3","canton_nom_bdd":"Dagbati","nom_localite":"Dagbati","etablissement_nom":"Centre d'État Civil Dagbati","etab_adr":"Centre d'État Civil Dagbati, Dagbati, Dagbati, Vo 3","ouverture_jour":"{Mercredi,lundi,Vendredi}","ministere_tutelle":"MATDDT"}},{"type":"Feature","id":"_mview_admi_etablissements_administration.fid--1b6ae3e2_1a0db278384_-3ac3","geometry":{"type":"Point","coordinates":[1.06736815,6.47757789]},"geometry_name":"geometry","properties":{"region_nom_bdd":"Maritime","prefecture_nom_bdd":"Zio","commune_nom_bdd":"Zio 1","canton_nom_bdd":"Gblainvié","nom_localite":"Bolou-klokpoe","etablissement_nom":"Centre d'État Civil Bolou Klokpoe","etab_adr":"Centre d'État Civil Bolou Klokpoe, Bolou-Klokpoe, Gblainvié, Zio 1","ouverture_jour":"{lundi,Mardi,Mercredi,Jeudi,Vendredi}","ministere_tutelle":"MATDDT"}},{"type":"Feature","id":"_mview_admi_etablissements_administration.fid--1b6ae3e2_1a0db278384_-3ac2","geometry":{"type":"Point","coordinates":[1.09336961,6.45078221]},"geometry_name":"geometry","properties":{"region_nom_bdd":"Maritime","prefecture_nom_bdd":"Zio","commune_nom_bdd":"Zio 2","canton_nom_bdd":"Bolou","nom_localite":"Bolou Kpeta","etablissement_nom":"Centre d'État Civil Bolou","etab_adr":"Centre d'État Civil Bolou, Bolou Kpeta, Bolou, Zio 2","ouverture_jour":"{lundi,Mardi,Mercredi,Jeudi,Vendredi,Samedi,Dimanche}","ministere_tutelle":"MATDDT"}},{"type":"Feature","id":"_mview_admi_etablissements_administration.fid--1b6ae3e2_1a0db278384_-3ac1","geometry":{"type":"Point","coordinates":[1.22214574,6.31835223]},"geometry_name":"geometry","properties":{"region_nom_bdd":"Maritime","prefecture_nom_bdd":"Agoè-Nyivé","commune_nom_bdd":"Agoè-Nyivé 6","canton_nom_bdd":"Adétikopé","nom_localite":"Blame","etablissement_nom":"Centre d'État Civil Cms d'Adetikope","etab_adr":"Centre d'État Civil Cms d'Adetikope, Blame, Adétikopé, Agoè-Nyivé 6","ouverture_jour":"{lundi,Mardi,Mercredi,Jeudi,Vendredi}","ministere_tutelle":"MATDDT"}},{"type":"Feature","id":"_mview_admi_etablissements_administration.fid--1b6ae3e2_1a0db278384_-3ac0","geometry":{"type":"Point","coordinates":[1.16108127,6.40894824]},"geometry_name":"geometry","properties":{"region_nom_bdd":"Maritime","prefecture_nom_bdd":"Zio","commune_nom_bdd":"Zio 2","canton_nom_bdd":"Wli","nom_localite":"Wli-centre","etablissement_nom":"Centre d'État Civil Wli-Centre","etab_adr":"Centre d'État Civil Wli-Centre, Wli-Centre, Wli, Zio 2, BP01","ouverture_jour":"{lundi,Mardi,Mercredi,Jeudi,Vendredi}","ministere_tutelle":"MATDDT"}},{"type":"Feature","id":"_mview_admi_etablissements_administration.fid--1b6ae3e2_1a0db278384_-3abf","geometry":{"type":"Point","coordinates":[0.74254421,7.09155385]},"geometry_name":"geometry","properties":{"region_nom_bdd":"Plateaux","prefecture_nom_bdd":"Kpélé","commune_nom_bdd":"Kpélé 1","canton_nom_bdd":"Kpélé-Novivé","nom_localite":"Tutu","etablissement_nom":"Centre d'État Civil Annexe Tutu","etab_adr":"Centre d'État Civil Annexe Tutu, Tutu, Kpélé-Novivé, Kpélé 1","ouverture_jour":"{lundi,Mardi,Mercredi,Jeudi,Vendredi}","ministere_tutelle":"MATDDT"}},{"type":"Feature","id":"_mview_admi_etablissements_administration.fid--1b6ae3e2_1a0db278384_-3abe","geometry":{"type":"Point","coordinates":[0.65618252,6.6631664]},"geometry_name":"geometry","properties":{"region_nom_bdd":"Plateaux","prefecture_nom_bdd":"Agou","commune_nom_bdd":"Agou 2","canton_nom_bdd":"Agotimé-Nord","nom_localite":"Agotime Gnitoe","etablissement_nom":"Centre d'État Civil Annexe Agotime Gnitoe","etab_adr":"Centre d'État Civil Annexe Agotime Gnitoe, Agotime Gnitoe, Agotimé-Nord, Agou 2","ouverture_jour":"{lundi,Mardi,Mercredi,Jeudi,Vendredi,Samedi,Dimanche}","ministere_tutelle":"MATDDT"}},{"type":"Feature","id":"_mview_admi_etablissements_administration.fid--1b6ae3e2_1a0db278384_-3abd","geometry":{"type":"Point","coordinates":[0.81467399,6.64011163]},"geometry_name":"geometry","properties":{"region_nom_bdd":"Plateaux","prefecture_nom_bdd":"Agou","commune_nom_bdd":"Agou 2","canton_nom_bdd":"Agotimé-Sud (Adzakpa)","nom_localite":"Adzakpa","etablissement_nom":"Centre d'État Civil Annexe Adzakpa","etab_adr":"Centre d'État Civil Annexe Adzakpa, Adzakpa, Agotimé-Sud (Adzakpa), Agou 2","ouverture_jour":"{lundi,Mardi,Mercredi,Jeudi,Vendredi,Samedi,Dimanche}","ministere_tutelle":"MATDDT"}},{"type":"Feature","id":"_mview_admi_etablissements_administration.fid--1b6ae3e2_1a0db278384_-3abc","geometry":{"type":"Point","coordinates":[0.67109534,6.77348906]},"geometry_name":"geometry","properties":{"region_nom_bdd":"Plateaux","prefecture_nom_bdd":"Agou","commune_nom_bdd":"Agou 2","canton_nom_bdd":"Agotimé-Nord","nom_localite":"Agotime Adame","etablissement_nom":"Centre d'État Civil Annexe Agotime Adame","etab_adr":"Centre d'État Civil Annexe Agotime Adame, Agotime Adame, Agotimé-Nord, Agou 2","ouverture_jour":"{lundi,Mardi,Mercredi,Jeudi,Vendredi,Samedi,Dimanche}","ministere_tutelle":"MATDDT"}},{"type":"Feature","id":"_mview_admi_etablissements_administration.fid--1b6ae3e2_1a0db278384_-3abb","geometry":{"type":"Point","coordinates":[0.65475164,6.66060345]},"geometry_name":"geometry","properties":{"region_nom_bdd":"Plateaux","prefecture_nom_bdd":"Agou","commune_nom_bdd":"Agou 2","canton_nom_bdd":"Agotimé-Nord","nom_localite":"Agotime Zukpe","etablissement_nom":"Centre d'État Civil Annexe Agotime Zukpe","etab_adr":"Centre d'État Civil Annexe Agotime Zukpe, Agotime Zukpe, Agotimé-Nord, Agou 2","ouverture_jour":"{lundi,Mardi,Mercredi,Jeudi,Vendredi,Dimanche,Samedi}","ministere_tutelle":"MATDDT"}},{"type":"Feature","id":"_mview_admi_etablissements_administration.fid--1b6ae3e2_1a0db278384_-3aba","geometry":{"type":"Point","coordinates":[1.52645222,6.67327404]},"geometry_name":"geometry","properties":{"region_nom_bdd":"Maritime","prefecture_nom_bdd":"Yoto","commune_nom_bdd":"Yoto 3","canton_nom_bdd":"Gboto","nom_localite":"Gboto Vodoupe","etablissement_nom":"Mairie - Commune Yoto 3","etab_adr":"Mairie - Commune Yoto 3, Gboto Vodoupe, Gboto, Yoto 3","ouverture_jour":"{lundi,Mardi,Mercredi,Jeudi,Vendredi}","ministere_tutelle":"MATDDT"}},{"type":"Feature","id":"_mview_admi_etablissements_administration.fid--1b6ae3e2_1a0db278384_-3ab9","geometry":{"type":"Point","coordinates":[1.24245763,6.38478441]},"geometry_name":"geometry","properties":{"region_nom_bdd":"Maritime","prefecture_nom_bdd":"Zio","commune_nom_bdd":"Zio 1","canton_nom_bdd":"Dalavé","nom_localite":"Dalavé","etablissement_nom":"Centre d'État Civil Dalave","etab_adr":"Centre d'État Civil Dalave, Dalavé, Dalavé, Zio 1","ouverture_jour":"{lundi,Mardi,Mercredi,Jeudi,Vendredi}","ministere_tutelle":"MATDDT"}},{"type":"Feature","id":"_mview_admi_etablissements_administration.fid--1b6ae3e2_1a0db278384_-3ab8","geometry":{"type":"Point","coordinates":[1.18569045,6.42930645]},"geometry_name":"geometry","properties":{"region_nom_bdd":"Maritime","prefecture_nom_bdd":"Zio","commune_nom_bdd":"Zio 1","canton_nom_bdd":"Tsévié","nom_localite":"Bolou","etablissement_nom":"Centre d'État Civil Bolou","etab_adr":"Centre d'État Civil Bolou, Bolou, Tsévié, Zio 1, 160BP31","ouverture_jour":"{Mardi,Mercredi,Jeudi,Vendredi}","ministere_tutelle":"MATDDT"}},{"type":"Feature","id":"_mview_admi_etablissements_administration.fid--1b6ae3e2_1a0db278384_-3ab7","geometry":{"type":"Point","coordinates":[1.20366747,6.211259]},"geometry_name":"geometry","properties":{"region_nom_bdd":"Maritime","prefecture_nom_bdd":"Agoè-Nyivé","commune_nom_bdd":"Agoè-Nyivé 1","canton_nom_bdd":"Agoè-Nyivé","nom_localite":"CACAVELLI","etablissement_nom":"UNT (Union des Nationalistes pour le Travail)","etab_adr":"Nsp","ouverture_jour":"{Vendredi,Jeudi,Mercredi,Mardi,Lundi}","ministere_tutelle":"MATDDT"}},{"type":"Feature","id":"_mview_admi_etablissements_administration.fid--1b6ae3e2_1a0db278384_-3ab6","geometry":{"type":"Point","coordinates":[1.59571717,6.66332555]},"geometry_name":"geometry","properties":{"region_nom_bdd":"Maritime","prefecture_nom_bdd":"Yoto","commune_nom_bdd":"Yoto 3","canton_nom_bdd":"Tokpli","nom_localite":"Tokpli","etablissement_nom":"Centre d'État Civil Tokpli","etab_adr":"Centre d'État Civil Tokpli, Tokpli, Tokpli, Yoto 3","ouverture_jour":"{Mardi,Vendredi}","ministere_tutelle":"MATDDT"}},{"type":"Feature","id":"_mview_admi_etablissements_administration.fid--1b6ae3e2_1a0db278384_-3ab5","geometry":{"type":"Point","coordinates":[0.051855,11.01231833]},"geometry_name":"geometry","properties":{"region_nom_bdd":"Savanes","prefecture_nom_bdd":"Cinkassé","commune_nom_bdd":"Cinkassé 2","canton_nom_bdd":"Biankouri","nom_localite":"Biankouri Centre","etablissement_nom":"Centre d'État Civil Secondaire Biankouri Centre","etab_adr":"Centre d'État Civil Secondaire Biankouri Centre, Biankouri Centre, Biankouri, Cinkassé 2","ouverture_jour":"{lundi,Mardi,Mercredi,Jeudi,Vendredi,Samedi,Dimanche}","ministere_tutelle":"MATDDT"}},{"type":"Feature","id":"_mview_admi_etablissements_administration.fid--1b6ae3e2_1a0db278384_-3ab4","geometry":{"type":"Point","coordinates":[0.30583667,10.91282333]},"geometry_name":"geometry","properties":{"region_nom_bdd":"Savanes","prefecture_nom_bdd":"Tône","commune_nom_bdd":"Tône 4","canton_nom_bdd":"Korbongou","nom_localite":"Korbongou Centre","etablissement_nom":"Centre d'État Civil Secondaire Korbongou","etab_adr":"Centre d'État Civil Secondaire Korbongou, Korbongou Centre, Korbongou, Tône 4","ouverture_jour":"{lundi,Mardi,Mercredi,Vendredi,Jeudi,Samedi,Dimanche}","ministere_tutelle":"MATDDT"}},{"type":"Feature","id":"_mview_admi_etablissements_administration.fid--1b6ae3e2_1a0db278384_-3ab3","geometry":{"type":"Point","coordinates":[0.107095,10.814555]},"geometry_name":"geometry","properties":{"region_nom_bdd":"Savanes","prefecture_nom_bdd":"Tône","commune_nom_bdd":"Tône 3","canton_nom_bdd":"Tami","nom_localite":"Tonte","etablissement_nom":"Centre d'État Civil Secondaire Tonte","etab_adr":"Centre d'État Civil Secondaire Tonte, Tonte, Tami, Tône 3","ouverture_jour":"{lundi,Mardi,Mercredi,Vendredi,Jeudi,Samedi,Dimanche}","ministere_tutelle":"MATDDT"}},{"type":"Feature","id":"_mview_admi_etablissements_administration.fid--1b6ae3e2_1a0db278384_-3ab2","geometry":{"type":"Point","coordinates":[0.354705,10.85685833]},"geometry_name":"geometry","properties":{"region_nom_bdd":"Savanes","prefecture_nom_bdd":"Tône","commune_nom_bdd":"Tône 4","canton_nom_bdd":"Louanga","nom_localite":"Village Afounga","etablissement_nom":"Centre d'État Civil Secondaire Afounga","etab_adr":"Centre d'État Civil Secondaire Afounga, Village Afounga, Louanga, Tône 4","ouverture_jour":"{lundi,Mardi,Mercredi}","ministere_tutelle":"MATDDT"}},{"type":"Feature","id":"_mview_admi_etablissements_administration.fid--1b6ae3e2_1a0db278384_-3ab1","geometry":{"type":"Point","coordinates":[1.1579589,6.26223815]},"geometry_name":"geometry","properties":{"region_nom_bdd":"Maritime","prefecture_nom_bdd":"Agoè-Nyivé","commune_nom_bdd":"Agoè-Nyivé 2","canton_nom_bdd":"Légbassito","nom_localite":"Legbassito","etablissement_nom":"Mairie - Commune Agoè-Nyivé 2","etab_adr":"Mairie - Commune Agoè-Nyivé 2, Legbassito, Légbassito, Agoè-Nyivé 2, 29BP69 Lomé","ouverture_jour":"{lundi,Mardi,Mercredi,Jeudi,Vendredi,Samedi}","ministere_tutelle":"MATDDT"}},{"type":"Feature","id":"_mview_admi_etablissements_administration.fid--1b6ae3e2_1a0db278384_-3ab0","geometry":{"type":"Point","coordinates":[1.38787823,9.4511161]},"geometry_name":"geometry","properties":{"region_nom_bdd":"Kara","prefecture_nom_bdd":"Kozah","commune_nom_bdd":"Kozah 3","canton_nom_bdd":"Kpinzindè","nom_localite":"Gbao","etablissement_nom":"Centre d'État Civil Annexe Gbao","etab_adr":"Centre d'État Civil Annexe Gbao, Gbao, Kpinzindè, Kozah 3","ouverture_jour":"{lundi,Mardi,Mercredi,Jeudi,Vendredi}","ministere_tutelle":"MATDDT"}},{"type":"Feature","id":"_mview_admi_etablissements_administration.fid--1b6ae3e2_1a0db278384_-3aaf","geometry":{"type":"Point","coordinates":[1.21910011,6.2231119]},"geometry_name":"geometry","properties":{"region_nom_bdd":"Maritime","prefecture_nom_bdd":"Agoè-Nyivé","commune_nom_bdd":"Agoè-Nyivé 1","canton_nom_bdd":"Agoè-Nyivé","nom_localite":"Atchanve","etablissement_nom":"Parti Afrique Togo Ecologie (ATE)","etab_adr":"Parti Afrique Togo Ecologie (ATE), Atchanve, Agoè-Nyivé, Agoè-Nyivé 1, BP202369 Lomé","ouverture_jour":"{Vendredi,Jeudi,Mercredi,Mardi,lundi}","ministere_tutelle":"MATDDT"}},{"type":"Feature","id":"_mview_admi_etablissements_administration.fid--1b6ae3e2_1a0db278384_-3aae","geometry":{"type":"Point","coordinates":[0.72437884,6.82314347]},"geometry_name":"geometry","properties":{"region_nom_bdd":"Plateaux","prefecture_nom_bdd":"Agou","commune_nom_bdd":"Agou 1","canton_nom_bdd":"Agou-Atigbé","nom_localite":"Atigbe","etablissement_nom":"Centre d'État Civil Atigbe Dzogbepime","etab_adr":"Centre d'État Civil Atigbe Dzogbepime, Atigbe, Agou-Atigbé, Agou 1","ouverture_jour":"Nsp","ministere_tutelle":"MATDDT"}},{"type":"Feature","id":"_mview_admi_etablissements_administration.fid--1b6ae3e2_1a0db278384_-3aad","geometry":{"type":"Point","coordinates":[1.15265838,6.19463889]},"geometry_name":"geometry","properties":{"region_nom_bdd":"Maritime","prefecture_nom_bdd":"Golfe","commune_nom_bdd":"Golfe 7","canton_nom_bdd":"Aflao-Sagbado","nom_localite":"Wonyome","etablissement_nom":"Centre d'État Civil Central Sagbado","etab_adr":"Centre d'État Civil Central Sagbado, Wonyome, Aflao-Sagbado, Golfe 7","ouverture_jour":"{lundi,Mardi,Mercredi,Jeudi,Vendredi,Samedi}","ministere_tutelle":"MATDDT"}},{"type":"Feature","id":"_mview_admi_etablissements_administration.fid--1b6ae3e2_1a0db278384_-3aac","geometry":{"type":"Point","coordinates":[1.374428,6.23955881]},"geometry_name":"geometry","properties":{"region_nom_bdd":"Maritime","prefecture_nom_bdd":"Zio","commune_nom_bdd":"Zio 1","canton_nom_bdd":"Abobo","nom_localite":"Abobo","etablissement_nom":"Centre d'État Civil Abobo","etab_adr":"Centre d'État Civil Abobo, Abobo, Abobo, Zio 1","ouverture_jour":"{Jeudi,lundi,Mardi,Mercredi,Vendredi}","ministere_tutelle":"MATDDT"}},{"type":"Feature","id":"_mview_admi_etablissements_administration.fid--1b6ae3e2_1a0db278384_-3aab","geometry":{"type":"Point","coordinates":[1.34682882,9.22301652]},"geometry_name":"geometry","properties":{"region_nom_bdd":"Centrale","prefecture_nom_bdd":"Tchaoudjo","commune_nom_bdd":"Tchaoudjo 4","canton_nom_bdd":"Agouloudè","nom_localite":"Kpaza","etablissement_nom":"Centre d'État Civil Annexe Kpaza","etab_adr":"Centre d'État Civil Annexe Kpaza, Kpaza, Agouloudè, Tchaoudjo 4","ouverture_jour":"{Dimanche,Samedi,Vendredi,Jeudi,Mercredi,Mardi,lundi}","ministere_tutelle":"MATDDT"}},{"type":"Feature","id":"_mview_admi_etablissements_administration.fid--1b6ae3e2_1a0db278384_-3aaa","geometry":{"type":"Point","coordinates":[1.15327497,9.13792288]},"geometry_name":"geometry","properties":{"region_nom_bdd":"Centrale","prefecture_nom_bdd":"Tchaoudjo","commune_nom_bdd":"Tchaoudjo 3","canton_nom_bdd":"Amaïde","nom_localite":"Amaoude","etablissement_nom":"Centre d'État Civil Annexe Amaoude","etab_adr":"Centre d'État Civil Annexe Amaoude, Amaoude, Amaïde, Tchaoudjo 3","ouverture_jour":"{lundi,Mardi,Mercredi,Jeudi,Vendredi,Samedi,Dimanche}","ministere_tutelle":"MATDDT"}},{"type":"Feature","id":"_mview_admi_etablissements_administration.fid--1b6ae3e2_1a0db278384_-3aa9","geometry":{"type":"Point","coordinates":[1.27988369,9.01992093]},"geometry_name":"geometry","properties":{"region_nom_bdd":"Centrale","prefecture_nom_bdd":"Tchaoudjo","commune_nom_bdd":"Tchaoudjo 4","canton_nom_bdd":"Wassarabo","nom_localite":"Aguidagbade","etablissement_nom":"Centre d'État Civil Annexe Aguidagbade","etab_adr":"Centre d'État Civil Annexe Aguidagbade, Aguidagbade, Wassarabo, Tchaoudjo 4","ouverture_jour":"{Samedi,Vendredi,Dimanche,Jeudi,Mercredi,Mardi,lundi}","ministere_tutelle":"MATDDT"}},{"type":"Feature","id":"_mview_admi_etablissements_administration.fid--1b6ae3e2_1a0db278384_-3aa8","geometry":{"type":"Point","coordinates":[1.39693677,9.29566421]},"geometry_name":"geometry","properties":{"region_nom_bdd":"Centrale","prefecture_nom_bdd":"Tchaoudjo","commune_nom_bdd":"Tchaoudjo 4","canton_nom_bdd":"Agouloudè","nom_localite":"Tchimbere","etablissement_nom":"Centre d'État Civil Annexe Tchimberi","etab_adr":"Centre d'État Civil Annexe Tchimberi, Tchimbere, Agouloudè, Tchaoudjo 4","ouverture_jour":"{Dimanche,Samedi,Vendredi,Jeudi,Mercredi,Mardi,lundi}","ministere_tutelle":"MATDDT"}},{"type":"Feature","id":"_mview_admi_etablissements_administration.fid--1b6ae3e2_1a0db278384_-3aa7","geometry":{"type":"Point","coordinates":[1.13502424,9.07012125]},"geometry_name":"geometry","properties":{"region_nom_bdd":"Centrale","prefecture_nom_bdd":"Tchaoudjo","commune_nom_bdd":"Tchaoudjo 3","canton_nom_bdd":"Kolina","nom_localite":"Koumoniade","etablissement_nom":"Centre d'État Civil Annexe Koumoniade","etab_adr":"Centre d'État Civil Annexe Koumoniade, Koumoniade, Kolina, Tchaoudjo 3","ouverture_jour":"{Dimanche,Samedi,Vendredi,Jeudi,Mercredi,Mardi,lundi}","ministere_tutelle":"MATDDT"}},{"type":"Feature","id":"_mview_admi_etablissements_administration.fid--1b6ae3e2_1a0db278384_-3aa6","geometry":{"type":"Point","coordinates":[1.29337512,9.05628359]},"geometry_name":"geometry","properties":{"region_nom_bdd":"Centrale","prefecture_nom_bdd":"Tchaoudjo","commune_nom_bdd":"Tchaoudjo 4","canton_nom_bdd":"Kpassaouade","nom_localite":"Kpassouade","etablissement_nom":"Centre d'État Civil Annexe Kpassouade","etab_adr":"Centre d'État Civil Annexe Kpassouade, Kpassouade, Kpassaouade, Tchaoudjo 4","ouverture_jour":"{Dimanche,Samedi,Vendredi,Jeudi,Mercredi,Mardi,lundi}","ministere_tutelle":"MATDDT"}},{"type":"Feature","id":"_mview_admi_etablissements_administration.fid--1b6ae3e2_1a0db278384_-3aa5","geometry":{"type":"Point","coordinates":[1.19426172,9.56436254]},"geometry_name":"geometry","properties":{"region_nom_bdd":"Kara","prefecture_nom_bdd":"Kozah","commune_nom_bdd":"Kozah 1","canton_nom_bdd":"Commune De Kara","nom_localite":"Lama","etablissement_nom":"Mairie - Commune Kozah 1 - Régie du Marché de Kara","etab_adr":"Mairie - Commune Kozah 1 - Régie du Marché de Kara, Lama, Commune De Kara, Kozah 1, BP313 Kara","ouverture_jour":"{Vendredi,Jeudi,Mercredi,Mardi,lundi}","ministere_tutelle":"MATDDT"}},{"type":"Feature","id":"_mview_admi_etablissements_administration.fid--1b6ae3e2_1a0db278384_-3aa4","geometry":{"type":"Point","coordinates":[0.94959595,8.19004591]},"geometry_name":"geometry","properties":{"region_nom_bdd":"Centrale","prefecture_nom_bdd":"Blitta","commune_nom_bdd":"Blitta 1","canton_nom_bdd":"Pagala-Gare","nom_localite":"Gassi-gassi","etablissement_nom":"Centre d'État Civil Annexe Gassi-Gassi","etab_adr":"Centre d'État Civil Annexe Gassi-Gassi, Gassi-Gassi, Pagala-Gare, Blitta 1","ouverture_jour":"{lundi,Mardi,Mercredi,Jeudi,Vendredi}","ministere_tutelle":"MATDDT"}},{"type":"Feature","id":"_mview_admi_etablissements_administration.fid--1b6ae3e2_1a0db278384_-3aa3","geometry":{"type":"Point","coordinates":[1.54846575,6.52694335]},"geometry_name":"geometry","properties":{"region_nom_bdd":"Maritime","prefecture_nom_bdd":"Bas-Mono","commune_nom_bdd":"Bas-Mono 1","canton_nom_bdd":"Kpétsou","nom_localite":"Mome Katihoe","etablissement_nom":"Centre d'État Civil Mome Katihoe","etab_adr":"Centre d'État Civil Mome Katihoe, Mome Katihoe, Kpétsou, Bas-Mono 1","ouverture_jour":"{lundi,Mardi,Mercredi,Jeudi,Vendredi,Dimanche,Samedi}","ministere_tutelle":"MATDDT"}},{"type":"Feature","id":"_mview_admi_etablissements_administration.fid--1b6ae3e2_1a0db278384_-3aa2","geometry":{"type":"Point","coordinates":[0.80773454,7.28942927]},"geometry_name":"geometry","properties":{"region_nom_bdd":"Plateaux","prefecture_nom_bdd":"Amou","commune_nom_bdd":"Amou 2","canton_nom_bdd":"Sodo","nom_localite":"Kpele","etablissement_nom":"Mairie - Commune Kpélé 2","etab_adr":"Nsp","ouverture_jour":"{Jeudi,Mardi,Mercredi,Vendredi,lundi}","ministere_tutelle":"MATDDT"}},{"type":"Feature","id":"_mview_admi_etablissements_administration.fid--1b6ae3e2_1a0db278384_-3aa1","geometry":{"type":"Point","coordinates":[0.77974544,9.25992389]},"geometry_name":"geometry","properties":{"region_nom_bdd":"Kara","prefecture_nom_bdd":"Bassar","commune_nom_bdd":"Bassar 1","canton_nom_bdd":"Bassar","nom_localite":"Zongo","etablissement_nom":"Centre d'État Civil la Commune Bassar 1","etab_adr":"Centre d'État Civil la Commune Bassar 1, Zongo, Bassar, Bassar 1","ouverture_jour":"{lundi,Mardi,Mercredi,Jeudi,Vendredi}","ministere_tutelle":"MATDDT"}},{"type":"Feature","id":"_mview_admi_etablissements_administration.fid--1b6ae3e2_1a0db278384_-3aa0","geometry":{"type":"Point","coordinates":[1.17003411,6.9458362]},"geometry_name":"geometry","properties":{"region_nom_bdd":"Plateaux","prefecture_nom_bdd":"Haho","commune_nom_bdd":"Haho 1","canton_nom_bdd":"Notsé","nom_localite":"Notsé","etablissement_nom":"Mairie - Commune Haho 1","etab_adr":"Mairie - Commune Haho 1, Notsé, Notsé, Haho 1","ouverture_jour":"{lundi,Mardi,Mercredi,Jeudi,Vendredi,Dimanche,Samedi}","ministere_tutelle":"MATDDT"}},{"type":"Feature","id":"_mview_admi_etablissements_administration.fid--1b6ae3e2_1a0db278384_-3a9f","geometry":{"type":"Point","coordinates":[1.04457833,9.513865]},"geometry_name":"geometry","properties":{"region_nom_bdd":"Kara","prefecture_nom_bdd":"Kozah","commune_nom_bdd":"Kozah 4","canton_nom_bdd":"Djamdè","nom_localite":"Bouda","etablissement_nom":"Centre d'État Civil Annexe Djamde","etab_adr":"Centre d'État Civil Annexe Djamde, Bouda, Djamdè, Kozah 4","ouverture_jour":"{lundi,Mardi,Mercredi,Jeudi,Vendredi}","ministere_tutelle":"MATDDT"}},{"type":"Feature","id":"_mview_admi_etablissements_administration.fid--1b6ae3e2_1a0db278384_-3a9e","geometry":{"type":"Point","coordinates":[0.6901522,7.19618685]},"geometry_name":"geometry","properties":{"region_nom_bdd":"Plateaux","prefecture_nom_bdd":"Danyi","commune_nom_bdd":"Danyi 1","canton_nom_bdd":"Danyi-Atigba","nom_localite":"Apeyeme","etablissement_nom":"Préfecture - Danyi","etab_adr":"Préfecture - Danyi, Apeyeme, Danyi-Atigba, Danyi 1","ouverture_jour":"{lundi,Mardi,Mercredi,Jeudi,Vendredi}","ministere_tutelle":"MATDDT"}},{"type":"Feature","id":"_mview_admi_etablissements_administration.fid--1b6ae3e2_1a0db278384_-3a9d","geometry":{"type":"Point","coordinates":[0.94082682,8.12226006]},"geometry_name":"geometry","properties":{"region_nom_bdd":"Centrale","prefecture_nom_bdd":"Blitta","commune_nom_bdd":"Blitta 3","canton_nom_bdd":"Welly","nom_localite":"Apkaroul","etablissement_nom":"Centre d'État Civil Annexe Akparoul","etab_adr":"Centre d'État Civil Annexe Akparoul, Apkaroul, Welly, Blitta 3","ouverture_jour":"{lundi,Mardi,Mercredi,Jeudi,Vendredi}","ministere_tutelle":"MATDDT"}},{"type":"Feature","id":"_mview_admi_etablissements_administration.fid--1b6ae3e2_1a0db278384_-3a9c","geometry":{"type":"Point","coordinates":[0.98906439,8.05342524]},"geometry_name":"geometry","properties":{"region_nom_bdd":"Centrale","prefecture_nom_bdd":"Blitta","commune_nom_bdd":"Blitta 3","canton_nom_bdd":"Welly","nom_localite":"Batokitetou","etablissement_nom":"Centre d'État Civil Annexe Batokitetou","etab_adr":"Centre d'État Civil Annexe Batokitetou, Batokitetou, Welly, Blitta 3","ouverture_jour":"{lundi,Mardi,Mercredi,Jeudi,Vendredi}","ministere_tutelle":"MATDDT"}},{"type":"Feature","id":"_mview_admi_etablissements_administration.fid--1b6ae3e2_1a0db278384_-3a9b","geometry":{"type":"Point","coordinates":[1.02739799,8.22621394]},"geometry_name":"geometry","properties":{"region_nom_bdd":"Centrale","prefecture_nom_bdd":"Blitta","commune_nom_bdd":"Blitta 1","canton_nom_bdd":"Pagala-Gare","nom_localite":"Bounatche","etablissement_nom":"Centre d'État Civil Annexe Bounatche","etab_adr":"Centre d'État Civil Annexe Bounatche, Bounatche, Pagala-Gare, Blitta 1","ouverture_jour":"{lundi,Mardi,Mercredi,Vendredi,Jeudi}","ministere_tutelle":"MATDDT"}},{"type":"Feature","id":"_mview_admi_etablissements_administration.fid--1b6ae3e2_1a0db278384_-3a9a","geometry":{"type":"Point","coordinates":[0.96738687,8.18365701]},"geometry_name":"geometry","properties":{"region_nom_bdd":"Centrale","prefecture_nom_bdd":"Blitta","commune_nom_bdd":"Blitta 1","canton_nom_bdd":"Pagala-Gare","nom_localite":"Pagala Gare 1","etablissement_nom":"Centre d'État Civil Annexe Pagala-Gare 1","etab_adr":"Centre d'État Civil Annexe Pagala-Gare 1, Pagala Gare 1, Pagala-Gare, Blitta 1","ouverture_jour":"{lundi,Mardi,Mercredi,Jeudi,Vendredi}","ministere_tutelle":"MATDDT"}},{"type":"Feature","id":"_mview_admi_etablissements_administration.fid--1b6ae3e2_1a0db278384_-3a99","geometry":{"type":"Point","coordinates":[0.68529667,8.03167333]},"geometry_name":"geometry","properties":{"region_nom_bdd":"Centrale","prefecture_nom_bdd":"Blitta","commune_nom_bdd":"Blitta 3","canton_nom_bdd":"Atchintsè","nom_localite":"Atchintsè","etablissement_nom":"Centre d'État Civil Annexe Atchintse","etab_adr":"Centre d'État Civil Annexe Atchintse, Atchintsè, Atchintsè, Blitta 3","ouverture_jour":"{lundi,Mardi,Mercredi,Jeudi,Vendredi}","ministere_tutelle":"MATDDT"}},{"type":"Feature","id":"_mview_admi_etablissements_administration.fid--1b6ae3e2_1a0db278384_-3a98","geometry":{"type":"Point","coordinates":[1.01741056,8.00830728]},"geometry_name":"geometry","properties":{"region_nom_bdd":"Centrale","prefecture_nom_bdd":"Blitta","commune_nom_bdd":"Blitta 3","canton_nom_bdd":"Welly","nom_localite":"Lakougnon Kope","etablissement_nom":"Centre d'État Civil Annexe lakougnon Kope","etab_adr":"Centre d'État Civil Annexe lakougnon Kope, Lakougnon Kope, Welly, Blitta 3","ouverture_jour":"{lundi,Mardi,Mercredi,Jeudi,Vendredi}","ministere_tutelle":"MATDDT"}},{"type":"Feature","id":"_mview_admi_etablissements_administration.fid--1b6ae3e2_1a0db278384_-3a97","geometry":{"type":"Point","coordinates":[0.95448603,8.28529632]},"geometry_name":"geometry","properties":{"region_nom_bdd":"Centrale","prefecture_nom_bdd":"Blitta","commune_nom_bdd":"Blitta 1","canton_nom_bdd":"Blitta","nom_localite":"Tondja","etablissement_nom":"Centre d'État Civil Annexe Tondja","etab_adr":"Centre d'État Civil Annexe Tondja, Tondja, Blitta, Blitta 1","ouverture_jour":"{lundi,Mardi,Mercredi,Jeudi,Vendredi}","ministere_tutelle":"MATDDT"}},{"type":"Feature","id":"_mview_admi_etablissements_administration.fid--1b6ae3e2_1a0db278384_-3a96","geometry":{"type":"Point","coordinates":[1.011285,8.351375]},"geometry_name":"geometry","properties":{"region_nom_bdd":"Centrale","prefecture_nom_bdd":"Blitta","commune_nom_bdd":"Blitta 1","canton_nom_bdd":"Blitta-Village","nom_localite":"Blilla-losso","etablissement_nom":"Centre d'État Civil Annexe Blitta-losso","etab_adr":"Centre d'État Civil Annexe Blitta-losso, Blilla-Losso, Blitta-Village, Blitta 1","ouverture_jour":"{lundi,Mardi,Mercredi,Jeudi,Vendredi}","ministere_tutelle":"MATDDT"}},{"type":"Feature","id":"_mview_admi_etablissements_administration.fid--1b6ae3e2_1a0db278384_-3a95","geometry":{"type":"Point","coordinates":[0.88529595,8.21520229]},"geometry_name":"geometry","properties":{"region_nom_bdd":"Centrale","prefecture_nom_bdd":"Blitta","commune_nom_bdd":"Blitta 3","canton_nom_bdd":"Pagala-Village","nom_localite":"Diguina Anamagne","etablissement_nom":"Centre d'État Civil Annexe Diguina Anamagne","etab_adr":"Centre d'État Civil Annexe Diguina Anamagne, Diguina Anamagne, Pagala-Village, Blitta 3","ouverture_jour":"{lundi,Mardi,Mercredi,Jeudi,Vendredi}","ministere_tutelle":"MATDDT"}},{"type":"Feature","id":"_mview_admi_etablissements_administration.fid--1b6ae3e2_1a0db278384_-3a94","geometry":{"type":"Point","coordinates":[0.76194667,8.08408]},"geometry_name":"geometry","properties":{"region_nom_bdd":"Centrale","prefecture_nom_bdd":"Blitta","commune_nom_bdd":"Blitta 3","canton_nom_bdd":"Tintchro","nom_localite":"Koflo","etablissement_nom":"Centre d'État Civil Annexe Tintchro","etab_adr":"Centre d'État Civil Annexe Tintchro, Koflo, Tintchro, Blitta 3","ouverture_jour":"{lundi,Mardi,Mercredi,Jeudi,Vendredi}","ministere_tutelle":"MATDDT"}},{"type":"Feature","id":"_mview_admi_etablissements_administration.fid--1b6ae3e2_1a0db278384_-3a93","geometry":{"type":"Point","coordinates":[0.87655915,8.0752193]},"geometry_name":"geometry","properties":{"region_nom_bdd":"Centrale","prefecture_nom_bdd":"Blitta","commune_nom_bdd":"Blitta 3","canton_nom_bdd":"Welly","nom_localite":"Welly","etablissement_nom":"Centre d'État Civil Annexe Welly","etab_adr":"Centre d'État Civil Annexe Welly, Welly, Welly, Blitta 3","ouverture_jour":"{lundi,Mardi,Mercredi,Jeudi,Vendredi,Samedi,Dimanche}","ministere_tutelle":"MATDDT"}},{"type":"Feature","id":"_mview_admi_etablissements_administration.fid--1b6ae3e2_1a0db278384_-3a92","geometry":{"type":"Point","coordinates":[0.9800747,8.24022147]},"geometry_name":"geometry","properties":{"region_nom_bdd":"Centrale","prefecture_nom_bdd":"Blitta","commune_nom_bdd":"Blitta 1","canton_nom_bdd":"Waragni","nom_localite":"Adjigbe","etablissement_nom":"Centre d'État Civil Annexe Adjigbe","etab_adr":"Centre d'État Civil Annexe Adjigbe, Adjigbe, Waragni, Blitta 1","ouverture_jour":"{lundi,Mardi,Mercredi,Jeudi,Vendredi}","ministere_tutelle":"MATDDT"}},{"type":"Feature","id":"_mview_admi_etablissements_administration.fid--1b6ae3e2_1a0db278384_-3a91","geometry":{"type":"Point","coordinates":[0.96402192,8.17995561]},"geometry_name":"geometry","properties":{"region_nom_bdd":"Centrale","prefecture_nom_bdd":"Blitta","commune_nom_bdd":"Blitta 1","canton_nom_bdd":"Pagala-Gare","nom_localite":"Pagala Gare 2","etablissement_nom":"Centre d'État Civil Annexe Pagala-Gare 2","etab_adr":"Centre d'État Civil Annexe Pagala-Gare 2, Pagala Gare 2, Pagala-Gare, Blitta 1","ouverture_jour":"{lundi,Mardi,Mercredi,Jeudi,Vendredi}","ministere_tutelle":"MATDDT"}},{"type":"Feature","id":"_mview_admi_etablissements_administration.fid--1b6ae3e2_1a0db278384_-3a90","geometry":{"type":"Point","coordinates":[0.96421948,8.24674832]},"geometry_name":"geometry","properties":{"region_nom_bdd":"Centrale","prefecture_nom_bdd":"Blitta","commune_nom_bdd":"Blitta 1","canton_nom_bdd":"Blitta","nom_localite":"Pagala-lassa","etablissement_nom":"Centre d'État Civil Annexe Pagala-lassa","etab_adr":"Centre d'État Civil Annexe Pagala-lassa, Pagala-Lassa, Blitta, Blitta 1","ouverture_jour":"{lundi,Mardi,Mercredi,Jeudi,Vendredi}","ministere_tutelle":"MATDDT"}},{"type":"Feature","id":"_mview_admi_etablissements_administration.fid--1b6ae3e2_1a0db278384_-3a8f","geometry":{"type":"Point","coordinates":[1.37339329,9.37842554]},"geometry_name":"geometry","properties":{"region_nom_bdd":"Kara","prefecture_nom_bdd":"Assoli","commune_nom_bdd":"Assoli 3","canton_nom_bdd":"Soudou","nom_localite":"Soudou-peulh","etablissement_nom":"Centre d'État Civil Annexe Soudou-Peulh","etab_adr":"Centre d'État Civil Annexe Soudou-Peulh, Soudou-Peulh, Soudou, Assoli 3","ouverture_jour":"{lundi,Mardi,Mercredi,Vendredi}","ministere_tutelle":"MATDDT"}},{"type":"Feature","id":"_mview_admi_etablissements_administration.fid--1b6ae3e2_1a0db278384_-3a8e","geometry":{"type":"Point","coordinates":[0.94915721,8.36368731]},"geometry_name":"geometry","properties":{"region_nom_bdd":"Centrale","prefecture_nom_bdd":"Blitta","commune_nom_bdd":"Blitta 1","canton_nom_bdd":"Blitta","nom_localite":"Kpawa","etablissement_nom":"Centre d'État Civil Annexe Kpawa","etab_adr":"Centre d'État Civil Annexe Kpawa, Kpawa, Blitta, Blitta 1","ouverture_jour":"{lundi,Mardi,Mercredi,Jeudi,Vendredi}","ministere_tutelle":"MATDDT"}},{"type":"Feature","id":"_mview_admi_etablissements_administration.fid--1b6ae3e2_1a0db278384_-3a8d","geometry":{"type":"Point","coordinates":[0.98082,8.10148061]},"geometry_name":"geometry","properties":{"region_nom_bdd":"Centrale","prefecture_nom_bdd":"Blitta","commune_nom_bdd":"Blitta 1","canton_nom_bdd":"Pagala-Gare","nom_localite":"Yeloum-bagna","etablissement_nom":"Centre d'État Civil Annexe Yeloum-Bagna","etab_adr":"Centre d'État Civil Annexe Yeloum-Bagna, Yeloum-Bagna, Pagala-Gare, Blitta 1","ouverture_jour":"{lundi,Mardi,Mercredi,Jeudi,Vendredi}","ministere_tutelle":"MATDDT"}},{"type":"Feature","id":"_mview_admi_etablissements_administration.fid--1b6ae3e2_1a0db278384_-3a8c","geometry":{"type":"Point","coordinates":[1.26190886,9.3546425]},"geometry_name":"geometry","properties":{"region_nom_bdd":"Kara","prefecture_nom_bdd":"Assoli","commune_nom_bdd":"Assoli 1","canton_nom_bdd":"Bafilo","nom_localite":"Tchon-woro","etablissement_nom":"Centre d'État Civil Annexe Tchon-Woro","etab_adr":"Centre d'État Civil Annexe Tchon-Woro, Tchon-Woro, Bafilo, Assoli 1","ouverture_jour":"{lundi,Mardi,Mercredi,Jeudi,Vendredi}","ministere_tutelle":"MATDDT"}},{"type":"Feature","id":"_mview_admi_etablissements_administration.fid--1b6ae3e2_1a0db278384_-3a8b","geometry":{"type":"Point","coordinates":[1.34973494,9.3566187]},"geometry_name":"geometry","properties":{"region_nom_bdd":"Kara","prefecture_nom_bdd":"Assoli","commune_nom_bdd":"Assoli 3","canton_nom_bdd":"Soudou","nom_localite":"Serinde","etablissement_nom":"Centre d'État Civil Annexe Tchalimde","etab_adr":"Centre d'État Civil Annexe Tchalimde, Serinde, Soudou, Assoli 3","ouverture_jour":"{Jeudi,Mercredi,Mardi,lundi,Vendredi}","ministere_tutelle":"MATDDT"}},{"type":"Feature","id":"_mview_admi_etablissements_administration.fid--1b6ae3e2_1a0db278384_-3a8a","geometry":{"type":"Point","coordinates":[1.05171958,8.16149409]},"geometry_name":"geometry","properties":{"region_nom_bdd":"Centrale","prefecture_nom_bdd":"Blitta","commune_nom_bdd":"Blitta 1","canton_nom_bdd":"Pagala-Gare","nom_localite":"Yeloum-lekohan","etablissement_nom":"Centre d'État Civil Annexe Yeloum-lekohan","etab_adr":"Centre d'État Civil Annexe Yeloum-lekohan, Yeloum-Lekohan, Pagala-Gare, Blitta 1","ouverture_jour":"{lundi,Mardi,Mercredi,Jeudi,Vendredi}","ministere_tutelle":"MATDDT"}},{"type":"Feature","id":"_mview_admi_etablissements_administration.fid--1b6ae3e2_1a0db278384_-3a89","geometry":{"type":"Point","coordinates":[1.25791126,9.35706539]},"geometry_name":"geometry","properties":{"region_nom_bdd":"Kara","prefecture_nom_bdd":"Assoli","commune_nom_bdd":"Assoli 1","canton_nom_bdd":"Bafilo","nom_localite":"Wawande","etablissement_nom":"Centre d'État Civil Annexe l'Hôpital","etab_adr":"Centre d'État Civil Annexe l'Hôpital, Wawande, Bafilo, Assoli 1","ouverture_jour":"{lundi,Mardi,Mercredi,Jeudi,Vendredi}","ministere_tutelle":"MATDDT"}},{"type":"Feature","id":"_mview_admi_etablissements_administration.fid--1b6ae3e2_1a0db278384_-3a88","geometry":{"type":"Point","coordinates":[1.07232333,9.44188833]},"geometry_name":"geometry","properties":{"region_nom_bdd":"Kara","prefecture_nom_bdd":"Kozah","commune_nom_bdd":"Kozah 4","canton_nom_bdd":"Atchangbadè","nom_localite":"Bebeda","etablissement_nom":"Centre d'État Civil Annexe Bebeda","etab_adr":"Centre d'État Civil Annexe Bebeda, Bebeda, Atchangbadè, Kozah 4","ouverture_jour":"{lundi,Mardi,Mercredi,Jeudi,Vendredi,Samedi}","ministere_tutelle":"MATDDT"}},{"type":"Feature","id":"_mview_admi_etablissements_administration.fid--1b6ae3e2_1a0db278384_-3a87","geometry":{"type":"Point","coordinates":[0.61600493,9.52744725]},"geometry_name":"geometry","properties":{"region_nom_bdd":"Kara","prefecture_nom_bdd":"Dankpen","commune_nom_bdd":"Dankpen 3","canton_nom_bdd":"Bapuré","nom_localite":"Koubouabou","etablissement_nom":"Centre d'État Civil Annexe Koubouabou","etab_adr":"Centre d'État Civil Annexe Koubouabou, Koubouabou, Bapuré, Dankpen 3","ouverture_jour":"{lundi,Mardi,Mercredi,Jeudi,Vendredi}","ministere_tutelle":"MATDDT"}},{"type":"Feature","id":"_mview_admi_etablissements_administration.fid--1b6ae3e2_1a0db278384_-3a86","geometry":{"type":"Point","coordinates":[1.10869,8.61598833]},"geometry_name":"geometry","properties":{"region_nom_bdd":"Centrale","prefecture_nom_bdd":"Sotouboua","commune_nom_bdd":"Sotouboua 2","canton_nom_bdd":"Tittigbe","nom_localite":"Boa","etablissement_nom":"Centre d'État Civil Annexe Boa","etab_adr":"Centre d'État Civil Annexe Boa, Boa, Tittigbe, Sotouboua 2","ouverture_jour":"{lundi,Mardi,Mercredi,Jeudi,Vendredi}","ministere_tutelle":"MATDDT"}},{"type":"Feature","id":"_mview_admi_etablissements_administration.fid--1b6ae3e2_1a0db278384_-3a85","geometry":{"type":"Point","coordinates":[0.93305167,8.68158]},"geometry_name":"geometry","properties":{"region_nom_bdd":"Centrale","prefecture_nom_bdd":"Sotouboua","commune_nom_bdd":"Sotouboua 2","canton_nom_bdd":"Kériadé","nom_localite":"Keriade","etablissement_nom":"Centre d'État Civil Annexe Keriade","etab_adr":"Centre d'État Civil Annexe Keriade, Keriade, Adjengré, Sotouboua 2","ouverture_jour":"{lundi,Mardi,Mercredi,Jeudi,Vendredi}","ministere_tutelle":"MATDDT"}},{"type":"Feature","id":"_mview_admi_etablissements_administration.fid--1b6ae3e2_1a0db278384_-3a84","geometry":{"type":"Point","coordinates":[1.32347012,9.74528705]},"geometry_name":"geometry","properties":{"region_nom_bdd":"Kara","prefecture_nom_bdd":"Binah","commune_nom_bdd":"Binah 1","canton_nom_bdd":"Pagouda","nom_localite":"Waze","etablissement_nom":"Centre d'État Civil Annexe l Hopital","etab_adr":"Centre d'État Civil Annexe l Hopital, Waze, Pagouda, Binah 1","ouverture_jour":"{lundi,Mardi,Mercredi,Jeudi,Vendredi}","ministere_tutelle":"MATDDT"}},{"type":"Feature","id":"_mview_admi_etablissements_administration.fid--1b6ae3e2_1a0db278384_-3a83","geometry":{"type":"Point","coordinates":[0.67781667,6.8348]},"geometry_name":"geometry","properties":{"region_nom_bdd":"Plateaux","prefecture_nom_bdd":"Agou","commune_nom_bdd":"Agou 1","canton_nom_bdd":"Agou-Tavié","nom_localite":"Klonou","etablissement_nom":"Centre d'État Civil Klonou","etab_adr":"Centre d'État Civil Klonou, Klonou, Klonou, Agou 1","ouverture_jour":"Nsp","ministere_tutelle":"MATDDT"}},{"type":"Feature","id":"_mview_admi_etablissements_administration.fid--1b6ae3e2_1a0db278384_-3a82","geometry":{"type":"Point","coordinates":[1.20461516,8.75616746]},"geometry_name":"geometry","properties":{"region_nom_bdd":"Centrale","prefecture_nom_bdd":"Tchaoudjo","commune_nom_bdd":"Tchaoudjo 1","canton_nom_bdd":"Kadambara","nom_localite":"Kpakparakpade","etablissement_nom":"Centre d'État Civil Annexe Kpakparakpade","etab_adr":"Centre d'État Civil Annexe Kpakparakpade, Kpakparakpade, Kadambara, Tchaoudjo 1","ouverture_jour":"{Dimanche,Samedi,Vendredi,Jeudi,Mercredi,Mardi,lundi}","ministere_tutelle":"MATDDT"}},{"type":"Feature","id":"_mview_admi_etablissements_administration.fid--1b6ae3e2_1a0db278384_-3a81","geometry":{"type":"Point","coordinates":[1.18866776,9.0157271]},"geometry_name":"geometry","properties":{"region_nom_bdd":"Centrale","prefecture_nom_bdd":"Tchaoudjo","commune_nom_bdd":"Tchaoudjo 1","canton_nom_bdd":"Sokodè (Komah)","nom_localite":"Tchavade","etablissement_nom":"Centre d'État Civil Annexe Tchavade","etab_adr":"Centre d'État Civil Annexe Tchavade, Tchavade, Sokodè (Komah), Tchaoudjo 1","ouverture_jour":"{lundi,Mardi,Mercredi,Vendredi,Samedi,Jeudi,Dimanche}","ministere_tutelle":"MATDDT"}},{"type":"Feature","id":"_mview_admi_etablissements_administration.fid--1b6ae3e2_1a0db278384_-3a80","geometry":{"type":"Point","coordinates":[1.21706943,9.03314105]},"geometry_name":"geometry","properties":{"region_nom_bdd":"Centrale","prefecture_nom_bdd":"Tchaoudjo","commune_nom_bdd":"Tchaoudjo 4","canton_nom_bdd":"Wassarabo","nom_localite":"Kedji-kandjo","etablissement_nom":"Centre d'État Civil Annexe Kedji-Kandjo","etab_adr":"Centre d'État Civil Annexe Kedji-Kandjo, Kedji-Kandjo, Wassarabo, Tchaoudjo 4, BP191","ouverture_jour":"{lundi,Mardi,Mercredi,Jeudi,Vendredi,Samedi,Dimanche}","ministere_tutelle":"MATDDT"}},{"type":"Feature","id":"_mview_admi_etablissements_administration.fid--1b6ae3e2_1a0db278384_-3a7f","geometry":{"type":"Point","coordinates":[1.11562914,9.16104256]},"geometry_name":"geometry","properties":{"region_nom_bdd":"Centrale","prefecture_nom_bdd":"Tchaoudjo","commune_nom_bdd":"Tchaoudjo 3","canton_nom_bdd":"Amaïde","nom_localite":"Amaoude-mo","etablissement_nom":"Centre d'État Civil Annexe Amaoude-Mo","etab_adr":"Centre d'État Civil Annexe Amaoude-Mo, Amaoude-Mo, Amaïde, Tchaoudjo 3","ouverture_jour":"{lundi,Mardi,Jeudi,Mercredi,Vendredi,Samedi,Dimanche}","ministere_tutelle":"MATDDT"}},{"type":"Feature","id":"_mview_admi_etablissements_administration.fid--1b6ae3e2_1a0db278384_-3a7e","geometry":{"type":"Point","coordinates":[1.06265267,8.997998]},"geometry_name":"geometry","properties":{"region_nom_bdd":"Centrale","prefecture_nom_bdd":"Tchaoudjo","commune_nom_bdd":"Tchaoudjo 1","canton_nom_bdd":"Sokodè (Komah)","nom_localite":"Kouvon","etablissement_nom":"Centre d'État Civil Annexe Kouvon","etab_adr":"Centre d'État Civil Annexe Kouvon, Kouvon, Sokodè (Komah), Tchaoudjo 1","ouverture_jour":"{lundi}","ministere_tutelle":"MATDDT"}},{"type":"Feature","id":"_mview_admi_etablissements_administration.fid--1b6ae3e2_1a0db278384_-3a7d","geometry":{"type":"Point","coordinates":[1.18277661,8.80123314]},"geometry_name":"geometry","properties":{"region_nom_bdd":"Centrale","prefecture_nom_bdd":"Tchaoudjo","commune_nom_bdd":"Tchaoudjo 1","canton_nom_bdd":"Kadambara","nom_localite":"Tawoureda","etablissement_nom":"Centre d'État Civil Annexe Tawoureda","etab_adr":"Centre d'État Civil Annexe Tawoureda, Tawoureda, Kadambara, Tchaoudjo 1","ouverture_jour":"{lundi,Mardi,Mercredi,Jeudi,Vendredi}","ministere_tutelle":"MATDDT"}},{"type":"Feature","id":"_mview_admi_etablissements_administration.fid--1b6ae3e2_1a0db278384_-3a7c","geometry":{"type":"Point","coordinates":[1.24615704,9.23714183]},"geometry_name":"geometry","properties":{"region_nom_bdd":"Centrale","prefecture_nom_bdd":"Tchaoudjo","commune_nom_bdd":"Tchaoudjo 3","canton_nom_bdd":"Kéméni","nom_localite":"Fizade","etablissement_nom":"Centre d'État Civil Annexe Fizade","etab_adr":"Centre d'État Civil Annexe Fizade, Fizade, Kéméni, Tchaoudjo 3","ouverture_jour":"{lundi,Mardi,Mercredi,Jeudi,Vendredi,Samedi,Dimanche}","ministere_tutelle":"MATDDT"}},{"type":"Feature","id":"_mview_admi_etablissements_administration.fid--1b6ae3e2_1a0db278384_-3a7b","geometry":{"type":"Point","coordinates":[1.324897,9.1192782]},"geometry_name":"geometry","properties":{"region_nom_bdd":"Centrale","prefecture_nom_bdd":"Tchaoudjo","commune_nom_bdd":"Tchaoudjo 4","canton_nom_bdd":"Agouloudè","nom_localite":"Agoulou","etablissement_nom":"Mairie - Commune Tchaoudjo 4","etab_adr":"Mairie - Commune Tchaoudjo 4, Agoulou, Agouloudè, Tchaoudjo 4","ouverture_jour":"{lundi,Mardi,Jeudi,Vendredi,Samedi,Mercredi}","ministere_tutelle":"MATDDT"}},{"type":"Feature","id":"_mview_admi_etablissements_administration.fid--1b6ae3e2_1a0db278384_-3a7a","geometry":{"type":"Point","coordinates":[0.9485353,9.94097246]},"geometry_name":"geometry","properties":{"region_nom_bdd":"Kara","prefecture_nom_bdd":"Kéran","commune_nom_bdd":"Kéran 2","canton_nom_bdd":"Ataloté","nom_localite":"Atalote","etablissement_nom":"Mairie - Commune Kéran 2","etab_adr":"Mairie - Commune Kéran 2, Atalote, Ataloté, Kéran 2, BP30","ouverture_jour":"{lundi,Mardi,Mercredi,Jeudi,Vendredi}","ministere_tutelle":"MATDDT"}},{"type":"Feature","id":"_mview_admi_etablissements_administration.fid--1b6ae3e2_1a0db278384_-3a79","geometry":{"type":"Point","coordinates":[1.36074506,9.25000209]},"geometry_name":"geometry","properties":{"region_nom_bdd":"Centrale","prefecture_nom_bdd":"Tchaoudjo","commune_nom_bdd":"Tchaoudjo 4","canton_nom_bdd":"Agouloudè","nom_localite":"Agbandaoude","etablissement_nom":"Centre d'État Civil Annexe Agbandaoude","etab_adr":"Centre d'État Civil Annexe Agbandaoude, Agbandaoude, Agouloudè, Tchaoudjo 4","ouverture_jour":"{lundi,Mardi,Mercredi,Jeudi,Vendredi}","ministere_tutelle":"MATDDT"}},{"type":"Feature","id":"_mview_admi_etablissements_administration.fid--1b6ae3e2_1a0db278384_-3a78","geometry":{"type":"Point","coordinates":[1.32524167,9.12442]},"geometry_name":"geometry","properties":{"region_nom_bdd":"Centrale","prefecture_nom_bdd":"Tchaoudjo","commune_nom_bdd":"Tchaoudjo 4","canton_nom_bdd":"Agouloudè","nom_localite":"Agoulou","etablissement_nom":"Centre d'État Civil Annexe Agoulou","etab_adr":"Centre d'État Civil Annexe Agoulou, Agoulou, Agouloudè, Tchaoudjo 4","ouverture_jour":"{lundi,Mardi,Mercredi,Jeudi,Vendredi}","ministere_tutelle":"MATDDT"}},{"type":"Feature","id":"_mview_admi_etablissements_administration.fid--1b6ae3e2_1a0db278384_-3a77","geometry":{"type":"Point","coordinates":[1.25932089,9.00372208]},"geometry_name":"geometry","properties":{"region_nom_bdd":"Centrale","prefecture_nom_bdd":"Tchaoudjo","commune_nom_bdd":"Tchaoudjo 4","canton_nom_bdd":"Wassarabo","nom_localite":"Wassarabo","etablissement_nom":"Centre d'État Civil Annexe Wassarabo","etab_adr":"Centre d'État Civil Annexe Wassarabo, Wassarabo, Wassarabo, Tchaoudjo 4","ouverture_jour":"{lundi,Mardi,Mercredi,Jeudi,Vendredi,Samedi,Dimanche}","ministere_tutelle":"MATDDT"}},{"type":"Feature","id":"_mview_admi_etablissements_administration.fid--1b6ae3e2_1a0db278384_-3a76","geometry":{"type":"Point","coordinates":[1.22820061,8.70523464]},"geometry_name":"geometry","properties":{"region_nom_bdd":"Centrale","prefecture_nom_bdd":"Tchaoudjo","commune_nom_bdd":"Tchaoudjo 1","canton_nom_bdd":"Kadambara","nom_localite":"Aou-mono","etablissement_nom":"Centre d'État Civil Annexe Aoû-Mono","etab_adr":"Centre d'État Civil Annexe Aoû-Mono, Aou-Mono, Kadambara, Tchaoudjo 1","ouverture_jour":"{lundi,Mardi,Mercredi,Jeudi,Vendredi}","ministere_tutelle":"MATDDT"}},{"type":"Feature","id":"_mview_admi_etablissements_administration.fid--1b6ae3e2_1a0db278384_-3a75","geometry":{"type":"Point","coordinates":[1.28695383,9.02865255]},"geometry_name":"geometry","properties":{"region_nom_bdd":"Centrale","prefecture_nom_bdd":"Tchaoudjo","commune_nom_bdd":"Tchaoudjo 4","canton_nom_bdd":"Kpassaouade","nom_localite":"Kpalada","etablissement_nom":"Centre d'État Civil Annexe Kpalada","etab_adr":"Centre d'État Civil Annexe Kpalada, Kpalada, Kpassaouade, Tchaoudjo 4","ouverture_jour":"{lundi,Mardi,Mercredi,Jeudi,Vendredi}","ministere_tutelle":"MATDDT"}},{"type":"Feature","id":"_mview_admi_etablissements_administration.fid--1b6ae3e2_1a0db278384_-3a74","geometry":{"type":"Point","coordinates":[1.04464267,9.10099335]},"geometry_name":"geometry","properties":{"region_nom_bdd":"Centrale","prefecture_nom_bdd":"Tchaoudjo","commune_nom_bdd":"Tchaoudjo 3","canton_nom_bdd":"Kolina","nom_localite":"Bouzalo","etablissement_nom":"Centre d'État Civil Annexe Tabalo","etab_adr":"Centre d'État Civil Annexe Tabalo, Bouzalo, Kolina, Tchaoudjo 3","ouverture_jour":"{lundi}","ministere_tutelle":"MATDDT"}},{"type":"Feature","id":"_mview_admi_etablissements_administration.fid--1b6ae3e2_1a0db278384_-3a73","geometry":{"type":"Point","coordinates":[0.02198069,11.097291]},"geometry_name":"geometry","properties":{"region_nom_bdd":"Savanes","prefecture_nom_bdd":"Cinkassé","commune_nom_bdd":"Cinkassé 1","canton_nom_bdd":"Cinkassé","nom_localite":"Nagdaga","etablissement_nom":"Commission Électorale Locale Indépendante (CELI)-Cinkanssé","etab_adr":"Nsp","ouverture_jour":"Nsp","ministere_tutelle":"MATDDT"}},{"type":"Feature","id":"_mview_admi_etablissements_administration.fid--1b6ae3e2_1a0db278384_-3a72","geometry":{"type":"Point","coordinates":[1.13819049,6.22013938]},"geometry_name":"geometry","properties":{"region_nom_bdd":"Maritime","prefecture_nom_bdd":"Agoè-Nyivé","commune_nom_bdd":"Agoè-Nyivé 5","canton_nom_bdd":"Sanguera","nom_localite":"Kohe","etablissement_nom":"Centre d'État Civil Kohe","etab_adr":"Centre d'État Civil Kohe, Kohe, Sanguera, Agoè-Nyivé 5","ouverture_jour":"{Vendredi,Jeudi,Mercredi,Mardi,lundi}","ministere_tutelle":"MATDDT"}},{"type":"Feature","id":"_mview_admi_etablissements_administration.fid--1b6ae3e2_1a0db278384_-3a71","geometry":{"type":"Point","coordinates":[1.1577408,8.99302906]},"geometry_name":"geometry","properties":{"region_nom_bdd":"Centrale","prefecture_nom_bdd":"Tchaoudjo","commune_nom_bdd":"Tchaoudjo 1","canton_nom_bdd":"Kpangalam","nom_localite":"Nada","etablissement_nom":"Centre d'État Civil Annexe Nada","etab_adr":"Centre d'État Civil Annexe Nada, Nada, Kpangalam, Tchaoudjo 1","ouverture_jour":"{Dimanche,Samedi,Vendredi,Jeudi,Mercredi,Mardi,lundi}","ministere_tutelle":"MATDDT"}},{"type":"Feature","id":"_mview_admi_etablissements_administration.fid--1b6ae3e2_1a0db278384_-3a70","geometry":{"type":"Point","coordinates":[1.29319028,7.9689022]},"geometry_name":"geometry","properties":{"region_nom_bdd":"Plateaux","prefecture_nom_bdd":"Est-Mono","commune_nom_bdd":"Est-Mono 1","canton_nom_bdd":"Elavagnon","nom_localite":"Camp Mutualiste","etablissement_nom":"Préfecture - Est Mono","etab_adr":"Préfecture - Est Mono, Camp Mutualiste, Elavagnon, Est-Mono 1, BP03 Elevagnon","ouverture_jour":"{lundi,Mardi,Mercredi,Vendredi,Jeudi}","ministere_tutelle":"MATDDT"}},{"type":"Feature","id":"_mview_admi_etablissements_administration.fid--1b6ae3e2_1a0db278384_-3a6f","geometry":{"type":"Point","coordinates":[1.07888616,8.42081852]},"geometry_name":"geometry","properties":{"region_nom_bdd":"Centrale","prefecture_nom_bdd":"Sotouboua","commune_nom_bdd":"Sotouboua 3","canton_nom_bdd":"Kazaboua","nom_localite":"Kazaboua","etablissement_nom":"Centre d'État Civil Annexe Kazaboua","etab_adr":"Centre d'État Civil Annexe Kazaboua, Kazaboua, Kazaboua, Sotouboua 3","ouverture_jour":"{Jeudi,Mardi}","ministere_tutelle":"MATDDT"}},{"type":"Feature","id":"_mview_admi_etablissements_administration.fid--1b6ae3e2_1a0db278384_-3a6e","geometry":{"type":"Point","coordinates":[1.10169649,9.73131674]},"geometry_name":"geometry","properties":{"region_nom_bdd":"Kara","prefecture_nom_bdd":"Doufelgou","commune_nom_bdd":"Doufelgou 1","canton_nom_bdd":"Agbandè-Yaka","nom_localite":"Nsp","etablissement_nom":"Centre d'État Civil Yaka","etab_adr":"Centre d'État Civil Yaka, , Agbandè-Yaka, Doufelgou 1","ouverture_jour":"{lundi,Mardi,Mercredi,Jeudi,Vendredi}","ministere_tutelle":"MATDDT"}},{"type":"Feature","id":"_mview_admi_etablissements_administration.fid--1b6ae3e2_1a0db278384_-3a6d","geometry":{"type":"Point","coordinates":[1.09511,6.17482833]},"geometry_name":"geometry","properties":{"region_nom_bdd":"Maritime","prefecture_nom_bdd":"Golfe","commune_nom_bdd":"Golfe 7","canton_nom_bdd":"Aflao-Sagbado","nom_localite":"Akato-viepe","etablissement_nom":"Centre d'État Civil Akato-Viepe","etab_adr":"Centre d'État Civil Akato-Viepe, Akato-Viepe, Aflao-Sagbado, Golfe 7","ouverture_jour":"{lundi,Mardi,Mercredi,Jeudi,Vendredi}","ministere_tutelle":"MATDDT"}},{"type":"Feature","id":"_mview_admi_etablissements_administration.fid--1b6ae3e2_1a0db278384_-3a6c","geometry":{"type":"Point","coordinates":[1.13340631,6.17815686]},"geometry_name":"geometry","properties":{"region_nom_bdd":"Maritime","prefecture_nom_bdd":"Golfe","commune_nom_bdd":"Golfe 7","canton_nom_bdd":"Aflao-Sagbado","nom_localite":"Lankouvi-avoeme","etablissement_nom":"Centre d'État Civil Lankouvi-Avoeme","etab_adr":"Centre d'État Civil Lankouvi-Avoeme, Lankouvi-Avoeme, Aflao-Sagbado, Golfe 7","ouverture_jour":"{lundi,Mardi,Mercredi,Jeudi,Vendredi}","ministere_tutelle":"MATDDT"}},{"type":"Feature","id":"_mview_admi_etablissements_administration.fid--1b6ae3e2_1a0db278384_-3a6b","geometry":{"type":"Point","coordinates":[0.61606398,9.52747272]},"geometry_name":"geometry","properties":{"region_nom_bdd":"Kara","prefecture_nom_bdd":"Dankpen","commune_nom_bdd":"Dankpen 3","canton_nom_bdd":"Bapuré","nom_localite":"Nanani","etablissement_nom":"Centre d'État Civil Annexe Nanani","etab_adr":"Centre d'État Civil Annexe Nanani, Nanani, Bapuré, Dankpen 3","ouverture_jour":"{lundi,Mardi,Mercredi,Jeudi,Vendredi}","ministere_tutelle":"MATDDT"}},{"type":"Feature","id":"_mview_admi_etablissements_administration.fid--1b6ae3e2_1a0db278384_-3a6a","geometry":{"type":"Point","coordinates":[0.75643251,9.87273883]},"geometry_name":"geometry","properties":{"region_nom_bdd":"Kara","prefecture_nom_bdd":"Kéran","commune_nom_bdd":"Kéran 2","canton_nom_bdd":"Hélota","nom_localite":"Nandoundja","etablissement_nom":"Centre d'État Civil Annexe Nandoundja","etab_adr":"Centre d'État Civil Annexe Nandoundja, Nandoundja, Hélota, Kéran 2","ouverture_jour":"{lundi,Mardi,Mercredi,Jeudi,Vendredi}","ministere_tutelle":"MATDDT"}},{"type":"Feature","id":"_mview_admi_etablissements_administration.fid--1b6ae3e2_1a0db278384_-3a69","geometry":{"type":"Point","coordinates":[0.61606061,9.52750373]},"geometry_name":"geometry","properties":{"region_nom_bdd":"Kara","prefecture_nom_bdd":"Dankpen","commune_nom_bdd":"Dankpen 3","canton_nom_bdd":"Bapuré","nom_localite":"Bouwadjal","etablissement_nom":"Centre d'État Civil Annexe Bouwadjal","etab_adr":"Centre d'État Civil Annexe Bouwadjal, Bouwadjal, Bapuré, Dankpen 3","ouverture_jour":"{lundi,Mardi,Jeudi,Mercredi,Vendredi}","ministere_tutelle":"MATDDT"}},{"type":"Feature","id":"_mview_admi_etablissements_administration.fid--1b6ae3e2_1a0db278384_-3a68","geometry":{"type":"Point","coordinates":[0.61602656,9.52746347]},"geometry_name":"geometry","properties":{"region_nom_bdd":"Kara","prefecture_nom_bdd":"Dankpen","commune_nom_bdd":"Dankpen 3","canton_nom_bdd":"Bapuré","nom_localite":"Ibobo 1","etablissement_nom":"Centre d'État Civil Annexe Ibobo1","etab_adr":"Centre d'État Civil Annexe Ibobo1, Ibobo 1, Bapuré, Dankpen 3","ouverture_jour":"{lundi,Mardi,Mercredi,Jeudi,Vendredi}","ministere_tutelle":"MATDDT"}},{"type":"Feature","id":"_mview_admi_etablissements_administration.fid--1b6ae3e2_1a0db278384_-3a67","geometry":{"type":"Point","coordinates":[0.61604861,9.52746421]},"geometry_name":"geometry","properties":{"region_nom_bdd":"Kara","prefecture_nom_bdd":"Dankpen","commune_nom_bdd":"Dankpen 3","canton_nom_bdd":"Bapuré","nom_localite":"Poutamele","etablissement_nom":"Centre d'État Civil Annexe Poutamele","etab_adr":"Centre d'État Civil Annexe Poutamele, Poutamele, Bapuré, Dankpen 3","ouverture_jour":"{lundi,Mardi,Mercredi,Jeudi,Vendredi}","ministere_tutelle":"MATDDT"}},{"type":"Feature","id":"_mview_admi_etablissements_administration.fid--1b6ae3e2_1a0db278384_-3a66","geometry":{"type":"Point","coordinates":[0.61603535,9.52745145]},"geometry_name":"geometry","properties":{"region_nom_bdd":"Kara","prefecture_nom_bdd":"Dankpen","commune_nom_bdd":"Dankpen 3","canton_nom_bdd":"Bapuré","nom_localite":"Bikpabombe","etablissement_nom":"Centre d'État Civil Annexe Bikpabombe","etab_adr":"Centre d'État Civil Annexe Bikpabombe, Bikpabombe, Bapuré, Dankpen 3","ouverture_jour":"{lundi,Mardi,Mercredi,Jeudi,Vendredi}","ministere_tutelle":"MATDDT"}},{"type":"Feature","id":"_mview_admi_etablissements_administration.fid--1b6ae3e2_1a0db278384_-3a65","geometry":{"type":"Point","coordinates":[0.7099752,9.94284843]},"geometry_name":"geometry","properties":{"region_nom_bdd":"Kara","prefecture_nom_bdd":"Kéran","commune_nom_bdd":"Kéran 2","canton_nom_bdd":"Hélota","nom_localite":"M'boratchika","etablissement_nom":"Centre d'État Civil Annexe M'Boratchika","etab_adr":"Centre d'État Civil Annexe M'Boratchika, M'Boratchika, Hélota, Kéran 2","ouverture_jour":"{lundi,Mardi,Jeudi,Mercredi,Vendredi}","ministere_tutelle":"MATDDT"}},{"type":"Feature","id":"_mview_admi_etablissements_administration.fid--1b6ae3e2_1a0db278384_-3a64","geometry":{"type":"Point","coordinates":[0.74684276,9.95322965]},"geometry_name":"geometry","properties":{"region_nom_bdd":"Kara","prefecture_nom_bdd":"Kéran","commune_nom_bdd":"Kéran 2","canton_nom_bdd":"Hélota","nom_localite":"Manta","etablissement_nom":"Centre d'État Civil Annexe Manta","etab_adr":"Centre d'État Civil Annexe Manta, Manta, Hélota, Kéran 2","ouverture_jour":"{lundi,Mardi,Mercredi,Jeudi,Vendredi}","ministere_tutelle":"MATDDT"}},{"type":"Feature","id":"_mview_admi_etablissements_administration.fid--1b6ae3e2_1a0db278384_-3a63","geometry":{"type":"Point","coordinates":[1.19636946,6.22109109]},"geometry_name":"geometry","properties":{"region_nom_bdd":"Maritime","prefecture_nom_bdd":"Agoè-Nyivé","commune_nom_bdd":"Agoè-Nyivé 1","canton_nom_bdd":"Agoè-Nyivé","nom_localite":"Cacaveli","etablissement_nom":"Préfecture - Agoè-Nyivé","etab_adr":"Préfecture - Agoè-Nyivé, Cacaveli, Agoè-Nyivé, Agoè-Nyivé 1","ouverture_jour":"{lundi,Mardi,Mercredi,Jeudi,Vendredi}","ministere_tutelle":"MATDDT"}},{"type":"Feature","id":"_mview_admi_etablissements_administration.fid--1b6ae3e2_1a0db278384_-3a62","geometry":{"type":"Point","coordinates":[1.13172683,6.20766824]},"geometry_name":"geometry","properties":{"region_nom_bdd":"Maritime","prefecture_nom_bdd":"Golfe","commune_nom_bdd":"Golfe 7","canton_nom_bdd":"Aflao-Sagbado","nom_localite":"Apedokoe","etablissement_nom":"Centre d'État Civil Apedokoe","etab_adr":"Centre d'État Civil Apedokoe, Apedokoe, Aflao-Sagbado, Golfe 7","ouverture_jour":"{lundi,Mardi,Mercredi,Jeudi,Vendredi}","ministere_tutelle":"MATDDT"}},{"type":"Feature","id":"_mview_admi_etablissements_administration.fid--1b6ae3e2_1a0db278384_-3a61","geometry":{"type":"Point","coordinates":[1.15884517,6.18455143]},"geometry_name":"geometry","properties":{"region_nom_bdd":"Maritime","prefecture_nom_bdd":"Golfe","commune_nom_bdd":"Golfe 7","canton_nom_bdd":"Aflao-Sagbado","nom_localite":"Awatame-gblinkomegan","etablissement_nom":"Centre d'État Civil Gblinkomegan","etab_adr":"Centre d'État Civil Gblinkomegan, Awatame-Gblinkomegan, Aflao-Sagbado, Golfe 7","ouverture_jour":"{Vendredi,Jeudi,Mercredi,Mardi,lundi}","ministere_tutelle":"MATDDT"}},{"type":"Feature","id":"_mview_admi_etablissements_administration.fid--1b6ae3e2_1a0db278384_-3a60","geometry":{"type":"Point","coordinates":[1.25107176,9.64482103]},"geometry_name":"geometry","properties":{"region_nom_bdd":"Kara","prefecture_nom_bdd":"Kozah","commune_nom_bdd":"Kozah 1","canton_nom_bdd":"Soumdina","nom_localite":"Pidah","etablissement_nom":"Centre d'État Civil Soumdina Bas","etab_adr":"Centre d'État Civil Soumdina Bas, Pidah, Soumdina, Kozah 1","ouverture_jour":"{lundi,Mardi,Mercredi,Jeudi,Vendredi}","ministere_tutelle":"MATDDT"}},{"type":"Feature","id":"_mview_admi_etablissements_administration.fid--1b6ae3e2_1a0db278384_-3a5f","geometry":{"type":"Point","coordinates":[1.11280833,6.22108333]},"geometry_name":"geometry","properties":{"region_nom_bdd":"Maritime","prefecture_nom_bdd":"Golfe","commune_nom_bdd":"Golfe 7","canton_nom_bdd":"Aflao-Sagbado","nom_localite":"Wougome","etablissement_nom":"Centre d'État Civil Wougome","etab_adr":"Centre d'État Civil Wougome, Wougome, Aflao-Sagbado, Golfe 7","ouverture_jour":"{Vendredi,Jeudi,Mercredi,Mardi,lundi}","ministere_tutelle":"MATDDT"}},{"type":"Feature","id":"_mview_admi_etablissements_administration.fid--1b6ae3e2_1a0db278384_-3a5e","geometry":{"type":"Point","coordinates":[0.63084074,9.425082]},"geometry_name":"geometry","properties":{"region_nom_bdd":"Kara","prefecture_nom_bdd":"Bassar","commune_nom_bdd":"Bassar 2","canton_nom_bdd":"Bangeli","nom_localite":"Binadjoube","etablissement_nom":"Centre d'État Civil Binadjoube","etab_adr":"Centre d'État Civil Binadjoube, Binadjoube, Bangeli, Bassar 2","ouverture_jour":"{lundi,Mardi,Mercredi,Jeudi,Vendredi}","ministere_tutelle":"MATDDT"}},{"type":"Feature","id":"_mview_admi_etablissements_administration.fid--1b6ae3e2_1a0db278384_-3a5d","geometry":{"type":"Point","coordinates":[1.26497981,9.67729962]},"geometry_name":"geometry","properties":{"region_nom_bdd":"Kara","prefecture_nom_bdd":"Kozah","commune_nom_bdd":"Kozah 1","canton_nom_bdd":"Landa","nom_localite":"Somida","etablissement_nom":"Centre d'État Civil Landa","etab_adr":"Centre d'État Civil Landa, Somida, Landa, Kozah 1","ouverture_jour":"{lundi,Mardi,Mercredi,Jeudi,Vendredi}","ministere_tutelle":"MATDDT"}},{"type":"Feature","id":"_mview_admi_etablissements_administration.fid--1b6ae3e2_1a0db278384_-3a5c","geometry":{"type":"Point","coordinates":[1.30381772,9.6031607]},"geometry_name":"geometry","properties":{"region_nom_bdd":"Kara","prefecture_nom_bdd":"Binah","commune_nom_bdd":"Binah 2","canton_nom_bdd":"Sirka","nom_localite":"Powaï","etablissement_nom":"Centre d'État Civil Soumdina Powaï","etab_adr":"Centre d'État Civil Soumdina Powaï, Powaï, Sirka, Binah 2","ouverture_jour":"{lundi,Mardi,Mercredi,Jeudi,Vendredi}","ministere_tutelle":"MATDDT"}},{"type":"Feature","id":"_mview_admi_etablissements_administration.fid--1b6ae3e2_1a0db278384_-3a5b","geometry":{"type":"Point","coordinates":[1.20062847,6.21223494]},"geometry_name":"geometry","properties":{"region_nom_bdd":"Maritime","prefecture_nom_bdd":"Agoè-Nyivé","commune_nom_bdd":"Agoè-Nyivé 1","canton_nom_bdd":"Agoè-Nyivé","nom_localite":"Cacavelli","etablissement_nom":"Parti Bloc Alternatif Togolais pour une Innovation Républicaine (BATIR)","etab_adr":"Parti Bloc Alternatif Togolais pour une Innovation Républicaine (BATIR), Cacavelli, Agoè-Nyivé, Agoè-Nyivé 1","ouverture_jour":"{lundi,Mardi,Mercredi,Jeudi,Vendredi}","ministere_tutelle":"MATDDT"}},{"type":"Feature","id":"_mview_admi_etablissements_administration.fid--1b6ae3e2_1a0db278384_-3a5a","geometry":{"type":"Point","coordinates":[1.1104478,6.2108682]},"geometry_name":"geometry","properties":{"region_nom_bdd":"Maritime","prefecture_nom_bdd":"Golfe","commune_nom_bdd":"Golfe 7","canton_nom_bdd":"Aflao-Sagbado","nom_localite":"Kleme-agokpanou","etablissement_nom":"Centre d'État Civil Kleme-Agokpanou","etab_adr":"Centre d'État Civil Kleme-Agokpanou, Kleme-Agokpanou, Aflao-Sagbado, Golfe 7","ouverture_jour":"{lundi,Mardi,Mercredi,Jeudi,Vendredi}","ministere_tutelle":"MATDDT"}},{"type":"Feature","id":"_mview_admi_etablissements_administration.fid--1b6ae3e2_1a0db278384_-3a59","geometry":{"type":"Point","coordinates":[0.47647745,10.37208514]},"geometry_name":"geometry","properties":{"region_nom_bdd":"Savanes","prefecture_nom_bdd":"Oti","commune_nom_bdd":"Oti 1","canton_nom_bdd":"Mango","nom_localite":"Mango","etablissement_nom":"Centre d'État Civil Annexe l'Hôpital Espérance","etab_adr":"Centre d'État Civil Annexe l'Hôpital Espérance, Mango, Mango, Oti 1","ouverture_jour":"{lundi,Mardi,Mercredi,Jeudi,Vendredi,Samedi}","ministere_tutelle":"MATDDT"}},{"type":"Feature","id":"_mview_admi_etablissements_administration.fid--1b6ae3e2_1a0db278384_-3a58","geometry":{"type":"Point","coordinates":[1.10055707,6.20231105]},"geometry_name":"geometry","properties":{"region_nom_bdd":"Maritime","prefecture_nom_bdd":"Golfe","commune_nom_bdd":"Golfe 7","canton_nom_bdd":"Aflao-Sagbado","nom_localite":"Akato-deme","etablissement_nom":"Centre d'État Civil Akato-deme","etab_adr":"Centre d'État Civil Akato-deme, Akato-Deme, Aflao-Sagbado, Golfe 7","ouverture_jour":"{lundi,Mardi,Mercredi,Jeudi,Vendredi}","ministere_tutelle":"MATDDT"}},{"type":"Feature","id":"_mview_admi_etablissements_administration.fid--1b6ae3e2_1a0db278384_-3a57","geometry":{"type":"Point","coordinates":[1.13467235,8.96623985]},"geometry_name":"geometry","properties":{"region_nom_bdd":"Centrale","prefecture_nom_bdd":"Tchaoudjo","commune_nom_bdd":"Tchaoudjo 1","canton_nom_bdd":"Sokodè (Komah)","nom_localite":"Komah","etablissement_nom":"Commission Electorale Locale Indépendante (CELI) - Tchaoudjo","etab_adr":"Nsp","ouverture_jour":"{Jeudi,Mardi,Mercredi,Vendredi,lundi}","ministere_tutelle":"MATDDT"}},{"type":"Feature","id":"_mview_admi_etablissements_administration.fid--1b6ae3e2_1a0db278384_-3a56","geometry":{"type":"Point","coordinates":[0.77538515,8.23853093]},"geometry_name":"geometry","properties":{"region_nom_bdd":"Centrale","prefecture_nom_bdd":"Blitta","commune_nom_bdd":"Blitta 3","canton_nom_bdd":"M'Poti","nom_localite":"Ognunklin","etablissement_nom":"Mairie - Commune Blitta 3","etab_adr":"Mairie - Commune Blitta 3, Ognunklin, M'Poti, Blitta 3, 360BP37 Blitta","ouverture_jour":"{lundi,Mardi,Mercredi,Jeudi,Vendredi}","ministere_tutelle":"MATDDT"}},{"type":"Feature","id":"_mview_admi_etablissements_administration.fid--1b6ae3e2_1a0db278384_-3a55","geometry":{"type":"Point","coordinates":[1.30279,7.85313167]},"geometry_name":"geometry","properties":{"region_nom_bdd":"Plateaux","prefecture_nom_bdd":"Est-Mono","commune_nom_bdd":"Est-Mono 1","canton_nom_bdd":"Gbadjahè","nom_localite":"Gbadjahe","etablissement_nom":"Centre d'État Civil Annexe Gbadjahe","etab_adr":"Centre d'État Civil Annexe Gbadjahe, Gbadjahe, Gbadjahè, Est-Mono 1","ouverture_jour":"{lundi,Mardi,Mercredi,Jeudi,Vendredi,Samedi}","ministere_tutelle":"MATDDT"}},{"type":"Feature","id":"_mview_admi_etablissements_administration.fid--1b6ae3e2_1a0db278384_-3a54","geometry":{"type":"Point","coordinates":[1.60901375,8.37216711]},"geometry_name":"geometry","properties":{"region_nom_bdd":"Centrale","prefecture_nom_bdd":"Tchamba","commune_nom_bdd":"Tchamba 3","canton_nom_bdd":"Kaboli","nom_localite":"Teheza","etablissement_nom":"Centre d'État Civil Annexe Teheza","etab_adr":"Centre d'État Civil Annexe Teheza, Teheza, Kaboli, Tchamba 3","ouverture_jour":"{lundi,Mardi,Mercredi,Jeudi,Vendredi,Samedi}","ministere_tutelle":"MATDDT"}},{"type":"Feature","id":"_mview_admi_etablissements_administration.fid--1b6ae3e2_1a0db278384_-3a53","geometry":{"type":"Point","coordinates":[0.60603652,7.58488302]},"geometry_name":"geometry","properties":{"region_nom_bdd":"Plateaux","prefecture_nom_bdd":"Wawa","commune_nom_bdd":"Wawa 1","canton_nom_bdd":"Badou","nom_localite":"Badou","etablissement_nom":"Mairie - Commune Wawa 1","etab_adr":"Mairie - Commune Wawa 1, Badou, Badou, Wawa 1, BP25 Atakpame","ouverture_jour":"{lundi,Mardi,Mercredi,Jeudi,Vendredi}","ministere_tutelle":"MATDDT"}},{"type":"Feature","id":"_mview_admi_etablissements_administration.fid--1b6ae3e2_1a0db278384_-3a52","geometry":{"type":"Point","coordinates":[0.71991344,6.84691297]},"geometry_name":"geometry","properties":{"region_nom_bdd":"Plateaux","prefecture_nom_bdd":"Agou","commune_nom_bdd":"Agou 1","canton_nom_bdd":"Agou-Tavié","nom_localite":"Gadzepe","etablissement_nom":"Mairie - Commune Agou 1","etab_adr":"Mairie - Commune Agou 1, Gadzepe, Agou-Tavié, Agou 1","ouverture_jour":"{lundi,Mardi,Mercredi,Jeudi,Vendredi}","ministere_tutelle":"MATDDT"}},{"type":"Feature","id":"_mview_admi_etablissements_administration.fid--1b6ae3e2_1a0db278384_-3a51","geometry":{"type":"Point","coordinates":[0.8214209,10.84761337]},"geometry_name":"geometry","properties":{"region_nom_bdd":"Savanes","prefecture_nom_bdd":"Kpendjal","commune_nom_bdd":"Kpendjal 1","canton_nom_bdd":"Mandouri","nom_localite":"Zongo","etablissement_nom":"Mairie - Commune Kpendjal 1","etab_adr":"Mairie - Commune Kpendjal 1, Zongo, Mandouri, Kpendjal 1, 540BP26","ouverture_jour":"{lundi,Mardi,Mercredi,Jeudi,Vendredi}","ministere_tutelle":"MATDDT"}},{"type":"Feature","id":"_mview_admi_etablissements_administration.fid--1b6ae3e2_1a0db278384_-3a50","geometry":{"type":"Point","coordinates":[1.20990935,6.27366677]},"geometry_name":"geometry","properties":{"region_nom_bdd":"Maritime","prefecture_nom_bdd":"Agoè-Nyivé","commune_nom_bdd":"Agoè-Nyivé 4","canton_nom_bdd":"Togblekope","nom_localite":"Togble","etablissement_nom":"Centre d'État Civil Togblekope","etab_adr":"Centre d'État Civil Togblekope, Togble, Togblekope, Agoè-Nyivé 4","ouverture_jour":"{lundi,Mardi,Mercredi,Jeudi,Vendredi}","ministere_tutelle":"MATDDT"}},{"type":"Feature","id":"_mview_admi_etablissements_administration.fid--1b6ae3e2_1a0db278384_-3a4f","geometry":{"type":"Point","coordinates":[0.60877639,7.58678447]},"geometry_name":"geometry","properties":{"region_nom_bdd":"Plateaux","prefecture_nom_bdd":"Wawa","commune_nom_bdd":"Wawa 1","canton_nom_bdd":"Badou","nom_localite":"Badou Ville","etablissement_nom":"Commission Electorale Locale Indépendante (CELI) - Wawa","etab_adr":"Commission Electorale Locale Indépendante (CELI) - Wawa, Badou Ville, Badou, Wawa 1","ouverture_jour":"Nsp","ministere_tutelle":"MATDDT"}},{"type":"Feature","id":"_mview_admi_etablissements_administration.fid--1b6ae3e2_1a0db278384_-3a4e","geometry":{"type":"Point","coordinates":[1.06678677,10.15558316]},"geometry_name":"geometry","properties":{"region_nom_bdd":"Kara","prefecture_nom_bdd":"Kéran","commune_nom_bdd":"Kéran 3","canton_nom_bdd":"Nadoba","nom_localite":"Koulangou","etablissement_nom":"Centre d'État Civil Annexe Koulangou","etab_adr":"Centre d'État Civil Annexe Koulangou, Koulangou, Nadoba, Kéran 3","ouverture_jour":"{lundi,Mardi,Mercredi,Jeudi,Vendredi}","ministere_tutelle":"MATDDT"}},{"type":"Feature","id":"_mview_admi_etablissements_administration.fid--1b6ae3e2_1a0db278384_-3a4d","geometry":{"type":"Point","coordinates":[1.20896667,6.12663667]},"geometry_name":"geometry","properties":{"region_nom_bdd":"Maritime","prefecture_nom_bdd":"Golfe","commune_nom_bdd":"Golfe 4","canton_nom_bdd":"Amoutivé","nom_localite":"Kodjoviakope","etablissement_nom":"Mairie - Commune Golfe 4","etab_adr":"Mairie - Commune Golfe 4, Kodjoviakope, Amoutivé, Golfe 4, 01BP330 Lomé","ouverture_jour":"{lundi,Mardi,Mercredi,Jeudi,Vendredi}","ministere_tutelle":"MATDDT"}},{"type":"Feature","id":"_mview_admi_etablissements_administration.fid--1b6ae3e2_1a0db278384_-3a4c","geometry":{"type":"Point","coordinates":[0.04343,10.864285]},"geometry_name":"geometry","properties":{"region_nom_bdd":"Savanes","prefecture_nom_bdd":"Tône","commune_nom_bdd":"Tône 3","canton_nom_bdd":"Tami","nom_localite":"Tami Centre","etablissement_nom":"Centre d'État Civil Secondaire TamiCentre","etab_adr":"Centre d'État Civil Secondaire TamiCentre, Tami Centre, Tami, Tône 3","ouverture_jour":"{lundi,Mardi,Mercredi,Jeudi,Vendredi,Samedi,Dimanche}","ministere_tutelle":"MATDDT"}},{"type":"Feature","id":"_mview_admi_etablissements_administration.fid--1b6ae3e2_1a0db278384_-3a4b","geometry":{"type":"Point","coordinates":[1.17964908,9.56327957]},"geometry_name":"geometry","properties":{"region_nom_bdd":"Kara","prefecture_nom_bdd":"Kozah","commune_nom_bdd":"Kozah 1","canton_nom_bdd":"Commune De Kara","nom_localite":"Lama","etablissement_nom":"Préfecture - Kozah","etab_adr":"Préfecture - Kozah, Lama, Commune De Kara, Kozah 1, BP160 Kara","ouverture_jour":"{Vendredi,Jeudi,Mercredi,Mardi,lundi}","ministere_tutelle":"MATDDT"}},{"type":"Feature","id":"_mview_admi_etablissements_administration.fid--1b6ae3e2_1a0db278384_-3a4a","geometry":{"type":"Point","coordinates":[1.18986189,9.54736061]},"geometry_name":"geometry","properties":{"region_nom_bdd":"Kara","prefecture_nom_bdd":"Kozah","commune_nom_bdd":"Kozah 1","canton_nom_bdd":"Commune De Kara","nom_localite":"Ewowou","etablissement_nom":"Mairie - Commune Kozah 1","etab_adr":"Mairie - Commune Kozah 1, Ewowou, Commune De Kara, Kozah 1, BP360 Kara","ouverture_jour":"{Vendredi,Jeudi,Mercredi,Mardi,lundi}","ministere_tutelle":"MATDDT"}},{"type":"Feature","id":"_mview_admi_etablissements_administration.fid--1b6ae3e2_1a0db278384_-3a49","geometry":{"type":"Point","coordinates":[1.10799667,9.76501167]},"geometry_name":"geometry","properties":{"region_nom_bdd":"Kara","prefecture_nom_bdd":"Doufelgou","commune_nom_bdd":"Doufelgou 1","canton_nom_bdd":"Niamtougou","nom_localite":"Daoufaga","etablissement_nom":"Mairie - Commune Doufelgou 1","etab_adr":"Mairie - Commune Doufelgou 1, Daoufaga, Niamtougou, Doufelgou 1, BP100","ouverture_jour":"{lundi,Mardi,Mercredi,Jeudi,Vendredi}","ministere_tutelle":"MATDDT"}},{"type":"Feature","id":"_mview_admi_etablissements_administration.fid--1b6ae3e2_1a0db278384_-3a48","geometry":{"type":"Point","coordinates":[0.46789837,10.3578629]},"geometry_name":"geometry","properties":{"region_nom_bdd":"Savanes","prefecture_nom_bdd":"Oti","commune_nom_bdd":"Oti 1","canton_nom_bdd":"Mango","nom_localite":"Quartier Administratif","etablissement_nom":"Préfecture - Oti","etab_adr":"Préfecture - Oti, Quartier Administratif, Mango, Oti 1, BP02 Mango","ouverture_jour":"{lundi,Mardi,Mercredi,Jeudi,Vendredi}","ministere_tutelle":"MATDDT"}},{"type":"Feature","id":"_mview_admi_etablissements_administration.fid--1b6ae3e2_1a0db278384_-3a47","geometry":{"type":"Point","coordinates":[0.64329703,6.83201061]},"geometry_name":"geometry","properties":{"region_nom_bdd":"Plateaux","prefecture_nom_bdd":"Kloto","commune_nom_bdd":"Kloto 1","canton_nom_bdd":"Tomé","nom_localite":"Atchave","etablissement_nom":"Centre d'État Civil d'Atchave","etab_adr":"Centre d'État Civil d'Atchave, Atchave, Tomé, Kloto 1","ouverture_jour":"Nsp","ministere_tutelle":"MATDDT"}},{"type":"Feature","id":"_mview_admi_etablissements_administration.fid--1b6ae3e2_1a0db278384_-3a46","geometry":{"type":"Point","coordinates":[0.82377735,6.71695001]},"geometry_name":"geometry","properties":{"region_nom_bdd":"Plateaux","prefecture_nom_bdd":"Agou","commune_nom_bdd":"Agou 2","canton_nom_bdd":"Amoussou-Kopé","nom_localite":"Glekope","etablissement_nom":"Centre d'État Civil Annexe Glekope","etab_adr":"Centre d'État Civil Annexe Glekope, Glekope, Amoussou-Kopé, Agou 2","ouverture_jour":"Nsp","ministere_tutelle":"MATDDT"}},{"type":"Feature","id":"_mview_admi_etablissements_administration.fid--1b6ae3e2_1a0db278384_-3a45","geometry":{"type":"Point","coordinates":[1.16053889,7.43846553]},"geometry_name":"geometry","properties":{"region_nom_bdd":"Plateaux","prefecture_nom_bdd":"Ogou","commune_nom_bdd":"Ogou 2","canton_nom_bdd":"Datcha","nom_localite":"Datcha","etablissement_nom":"Mairie - Commune Ogou 2","etab_adr":"Mairie - Commune Ogou 2, Datcha, Datcha, Ogou 2, 200BP18 Atakpamé","ouverture_jour":"{lundi,Mardi,Mercredi,Jeudi,Vendredi}","ministere_tutelle":"MATDDT"}},{"type":"Feature","id":"_mview_admi_etablissements_administration.fid--1b6ae3e2_1a0db278384_-3a44","geometry":{"type":"Point","coordinates":[1.01494931,7.25066305]},"geometry_name":"geometry","properties":{"region_nom_bdd":"Plateaux","prefecture_nom_bdd":"Amou","commune_nom_bdd":"Amou 2","canton_nom_bdd":"Ekpégnon","nom_localite":"Ognawlou","etablissement_nom":"Centre d'État Civil Annexe Ekpegnon","etab_adr":"Centre d'État Civil Annexe Ekpegnon, Ognawlou, Ekpégnon, Amou 2","ouverture_jour":"{lundi,Mardi,Mercredi,Jeudi,Vendredi,Samedi,Dimanche}","ministere_tutelle":"MATDDT"}},{"type":"Feature","id":"_mview_admi_etablissements_administration.fid--1b6ae3e2_1a0db278384_-3a43","geometry":{"type":"Point","coordinates":[1.36522681,7.43214716]},"geometry_name":"geometry","properties":{"region_nom_bdd":"Plateaux","prefecture_nom_bdd":"Ogou","commune_nom_bdd":"Ogou 2","canton_nom_bdd":"Akparé","nom_localite":"Assante Nangbeto","etablissement_nom":"Centre d'État Civil Annexe Assante","etab_adr":"Centre d'État Civil Annexe Assante, Assante Nangbeto, Akparé, Ogou 2","ouverture_jour":"{lundi,Mardi,Mercredi,Jeudi,Vendredi,Samedi,Dimanche}","ministere_tutelle":"MATDDT"}},{"type":"Feature","id":"_mview_admi_etablissements_administration.fid--1b6ae3e2_1a0db278384_-3a42","geometry":{"type":"Point","coordinates":[0.01785933,11.10252245]},"geometry_name":"geometry","properties":{"region_nom_bdd":"Savanes","prefecture_nom_bdd":"Cinkassé","commune_nom_bdd":"Cinkassé 1","canton_nom_bdd":"Cinkassé","nom_localite":"Zongo","etablissement_nom":"Centre d'État Civil Secondaire Cinkasse N1","etab_adr":"Centre d'État Civil Secondaire Cinkasse N1, Hopital De Cinkasse, Zongo, Boadé, Cinkassé 1","ouverture_jour":"{Mardi,Jeudi}","ministere_tutelle":"MATDDT"}},{"type":"Feature","id":"_mview_admi_etablissements_administration.fid--1b6ae3e2_1a0db278384_-3a41","geometry":{"type":"Point","coordinates":[1.42968,7.73464167]},"geometry_name":"geometry","properties":{"region_nom_bdd":"Plateaux","prefecture_nom_bdd":"Anié","commune_nom_bdd":"Anié 2","canton_nom_bdd":"Adogbénou","nom_localite":"Adogbenou","etablissement_nom":"Mairie - Commune Anié 2","etab_adr":"Mairie - Commune Anié 2, Adogbenou, Adogbénou, Anié 2, 220BP35","ouverture_jour":"{lundi,Mardi,Mercredi,Jeudi,Vendredi}","ministere_tutelle":"MATDDT"}},{"type":"Feature","id":"_mview_admi_etablissements_administration.fid--1b6ae3e2_1a0db278384_-3a40","geometry":{"type":"Point","coordinates":[0.91530987,9.74108341]},"geometry_name":"geometry","properties":{"region_nom_bdd":"Kara","prefecture_nom_bdd":"Doufelgou","commune_nom_bdd":"Doufelgou 3","canton_nom_bdd":"Alloum","nom_localite":"Misseouta","etablissement_nom":"Centre d'État Civil Annexe Misseouta","etab_adr":"Centre d'État Civil Annexe Misseouta, Misseouta, Alloum, Doufelgou 2","ouverture_jour":"{lundi,Mercredi,Jeudi,Vendredi}","ministere_tutelle":"MATDDT"}},{"type":"Feature","id":"_mview_admi_etablissements_administration.fid--1b6ae3e2_1a0db278384_-3a3f","geometry":{"type":"Point","coordinates":[1.36148046,6.50823205]},"geometry_name":"geometry","properties":{"region_nom_bdd":"Maritime","prefecture_nom_bdd":"Yoto","commune_nom_bdd":"Yoto 2","canton_nom_bdd":"Tchékpo","nom_localite":"Tchekpo Anagali","etablissement_nom":"Centre d'État Civil Tchekpo Anagali","etab_adr":"Centre d'État Civil Tchekpo Anagali, Tchekpo Anagali, Tchékpo, Yoto 2","ouverture_jour":"{Mardi,Jeudi}","ministere_tutelle":"MATDDT"}},{"type":"Feature","id":"_mview_admi_etablissements_administration.fid--1b6ae3e2_1a0db278384_-3a3e","geometry":{"type":"Point","coordinates":[0.98655708,8.55790526]},"geometry_name":"geometry","properties":{"region_nom_bdd":"Centrale","prefecture_nom_bdd":"Sotouboua","commune_nom_bdd":"Sotouboua 1","canton_nom_bdd":"Sotouboua","nom_localite":"Sotouboua","etablissement_nom":"Commission Electorale Locale Indépendante (CELI) - Sotouboua","etab_adr":"Nsp","ouverture_jour":"{Jeudi,Mardi,Mercredi,Vendredi,lundi}","ministere_tutelle":"MATDDT"}},{"type":"Feature","id":"_mview_admi_etablissements_administration.fid--1b6ae3e2_1a0db278384_-3a3d","geometry":{"type":"Point","coordinates":[1.41975836,9.01776403]},"geometry_name":"geometry","properties":{"region_nom_bdd":"Centrale","prefecture_nom_bdd":"Tchamba","commune_nom_bdd":"Tchamba 1","canton_nom_bdd":"Tchamba","nom_localite":"Tchamba","etablissement_nom":"Mairie - Commune Tchamba 1","etab_adr":"Mairie - Commune Tchamba 1, Tchamba, Tchamba, Tchamba 1, 330BP Tchamba","ouverture_jour":"{lundi,Mardi,Mercredi,Jeudi,Vendredi}","ministere_tutelle":"MATDDT"}},{"type":"Feature","id":"_mview_admi_etablissements_administration.fid--1b6ae3e2_1a0db278384_-3a3c","geometry":{"type":"Point","coordinates":[1.11930816,6.23598103]},"geometry_name":"geometry","properties":{"region_nom_bdd":"Maritime","prefecture_nom_bdd":"Agoè-Nyivé","commune_nom_bdd":"Agoè-Nyivé 5","canton_nom_bdd":"Sanguera","nom_localite":"Sanyrakor","etablissement_nom":"Centre d'État Civil Sanguera Sanyrakor","etab_adr":"Centre d'État Civil Sanguera Sanyrakor, Sanyrakor, Sanguera, Agoè-Nyivé 5","ouverture_jour":"{Mardi,Mercredi,lundi,Jeudi,Vendredi}","ministere_tutelle":"MATDDT"}},{"type":"Feature","id":"_mview_admi_etablissements_administration.fid--1b6ae3e2_1a0db278384_-3a3b","geometry":{"type":"Point","coordinates":[1.02517291,7.51259316]},"geometry_name":"geometry","properties":{"region_nom_bdd":"Plateaux","prefecture_nom_bdd":"Amou","commune_nom_bdd":"Amou 1","canton_nom_bdd":"Adiva","nom_localite":"Adiva","etablissement_nom":"Centre d'État Civil Adiva","etab_adr":"Centre d'État Civil Adiva, Adiva, Adiva, Amou 1","ouverture_jour":"{lundi,Mardi,Mercredi,Jeudi,Vendredi}","ministere_tutelle":"MATDDT"}},{"type":"Feature","id":"_mview_admi_etablissements_administration.fid--1b6ae3e2_1a0db278384_-3a3a","geometry":{"type":"Point","coordinates":[1.20663353,6.25489759]},"geometry_name":"geometry","properties":{"region_nom_bdd":"Maritime","prefecture_nom_bdd":"Agoè-Nyivé","commune_nom_bdd":"Agoè-Nyivé 4","canton_nom_bdd":"Togblekope","nom_localite":"Haoussa-zongo","etablissement_nom":"Centre d'État Civil Annexe Haoussa-Zongo","etab_adr":"Centre d'État Civil Annexe Haoussa-Zongo, Haoussa-Zongo, Togblekope, Agoè-Nyivé 4","ouverture_jour":"{lundi,Mardi,Mercredi,Jeudi,Vendredi}","ministere_tutelle":"MATDDT"}},{"type":"Feature","id":"_mview_admi_etablissements_administration.fid--1b6ae3e2_1a0db278384_-3a39","geometry":{"type":"Point","coordinates":[0.53768471,10.67975058]},"geometry_name":"geometry","properties":{"region_nom_bdd":"Savanes","prefecture_nom_bdd":"Oti","commune_nom_bdd":"Oti 2","canton_nom_bdd":"Nagbéni","nom_localite":"Kpebonga","etablissement_nom":"Centre d'État Civil Annexe Kpebonga Oti 2","etab_adr":"Centre d'État Civil Annexe Kpebonga Oti 2, Kpebonga, Nagbéni, Oti 2","ouverture_jour":"{lundi,Mardi,Mercredi,Jeudi,Vendredi,Samedi}","ministere_tutelle":"MATDDT"}},{"type":"Feature","id":"_mview_admi_etablissements_administration.fid--1b6ae3e2_1a0db278384_-3a38","geometry":{"type":"Point","coordinates":[1.52043605,8.82593405]},"geometry_name":"geometry","properties":{"region_nom_bdd":"Centrale","prefecture_nom_bdd":"Tchamba","commune_nom_bdd":"Tchamba 2","canton_nom_bdd":"Koussountou","nom_localite":"Koussountou","etablissement_nom":"Centre d'État Civil Koussountou","etab_adr":"Centre d'État Civil Koussountou, Koussountou, Koussountou, Tchamba 2, 330BP85","ouverture_jour":"{Mardi,lundi,Mercredi,Jeudi,Vendredi}","ministere_tutelle":"MATDDT"}},{"type":"Feature","id":"_mview_admi_etablissements_administration.fid--1b6ae3e2_1a0db278384_-3a37","geometry":{"type":"Point","coordinates":[1.35958497,8.44122393]},"geometry_name":"geometry","properties":{"region_nom_bdd":"Centrale","prefecture_nom_bdd":"Tchamba","commune_nom_bdd":"Tchamba 2","canton_nom_bdd":"Bago","nom_localite":"Afossala-cope","etablissement_nom":"Centre d'État Civil Afossala-Cope","etab_adr":"Centre d'État Civil Afossala-Cope, Afossala-Cope, Bago, Tchamba 2","ouverture_jour":"{lundi,Mardi,Mercredi,Jeudi,Vendredi,Samedi}","ministere_tutelle":"MATDDT"}},{"type":"Feature","id":"_mview_admi_etablissements_administration.fid--1b6ae3e2_1a0db278384_-3a36","geometry":{"type":"Point","coordinates":[1.13441876,9.47925816]},"geometry_name":"geometry","properties":{"region_nom_bdd":"Kara","prefecture_nom_bdd":"Kozah","commune_nom_bdd":"Kozah 4","canton_nom_bdd":"Atchangbadè","nom_localite":"Pouyo","etablissement_nom":"Mairie - Commune Kozah 4","etab_adr":"Mairie - Commune Kozah 4, Pouyo, Atchangbadè, Kozah 4, BP606","ouverture_jour":"{lundi,Mardi,Mercredi,Jeudi,Vendredi}","ministere_tutelle":"MATDDT"}},{"type":"Feature","id":"_mview_admi_etablissements_administration.fid--1b6ae3e2_1a0db278384_-3a35","geometry":{"type":"Point","coordinates":[0.69764149,9.43870784]},"geometry_name":"geometry","properties":{"region_nom_bdd":"Kara","prefecture_nom_bdd":"Bassar","commune_nom_bdd":"Bassar 2","canton_nom_bdd":"Bangeli","nom_localite":"Tankpayabour","etablissement_nom":"Centre d'État Civil Annexe Pesside-Centre","etab_adr":"Centre d'État Civil Annexe Pesside-Centre, Tankpayabour, Bangeli, Bassar 2","ouverture_jour":"{lundi,Mardi,Mercredi,Jeudi,Vendredi}","ministere_tutelle":"MATDDT"}},{"type":"Feature","id":"_mview_admi_etablissements_administration.fid--1b6ae3e2_1a0db278384_-3a34","geometry":{"type":"Point","coordinates":[0.01799286,11.10519363]},"geometry_name":"geometry","properties":{"region_nom_bdd":"Savanes","prefecture_nom_bdd":"Cinkassé","commune_nom_bdd":"Cinkassé 1","canton_nom_bdd":"Cinkassé","nom_localite":"Cinkasse Zongo","etablissement_nom":"Centre d'État Civil Secondaire Cinkasse N4","etab_adr":"Centre d'État Civil Secondaire Cinkasse N4, Cinkasse Zongo, Boadé, Cinkassé 1","ouverture_jour":"{lundi,Mercredi}","ministere_tutelle":"MATDDT"}},{"type":"Feature","id":"_mview_admi_etablissements_administration.fid--1b6ae3e2_1a0db278384_-3a33","geometry":{"type":"Point","coordinates":[1.5668071,7.35864508]},"geometry_name":"geometry","properties":{"region_nom_bdd":"Plateaux","prefecture_nom_bdd":"Ogou","commune_nom_bdd":"Ogou 4","canton_nom_bdd":"Ountivou","nom_localite":"Gueguehoe","etablissement_nom":"Mairie - Commune Ogou 4","etab_adr":"Mairie - Commune Ogou 4, Gueguehoe, Ountivou, Ogou 4, 200BP119","ouverture_jour":"{lundi,Mardi,Mercredi,Jeudi,Vendredi}","ministere_tutelle":"MATDDT"}},{"type":"Feature","id":"_mview_admi_etablissements_administration.fid--1b6ae3e2_1a0db278384_-3a32","geometry":{"type":"Point","coordinates":[0.77971037,9.25980055]},"geometry_name":"geometry","properties":{"region_nom_bdd":"Kara","prefecture_nom_bdd":"Bassar","commune_nom_bdd":"Bassar 1","canton_nom_bdd":"Bassar","nom_localite":"Boulare","etablissement_nom":"Centre d'État Civil Annexe Boulare","etab_adr":"Centre d'État Civil Annexe Boulare, Boulare, Bassar, Bassar 1","ouverture_jour":"{lundi,Mardi,Mercredi,Jeudi,Vendredi,Samedi,Dimanche}","ministere_tutelle":"MATDDT"}},{"type":"Feature","id":"_mview_admi_etablissements_administration.fid--1b6ae3e2_1a0db278384_-3a31","geometry":{"type":"Point","coordinates":[0.7796814,9.25982243]},"geometry_name":"geometry","properties":{"region_nom_bdd":"Kara","prefecture_nom_bdd":"Bassar","commune_nom_bdd":"Bassar 1","canton_nom_bdd":"Bassar","nom_localite":"Tchantchaminade","etablissement_nom":"Centre d'État Civil Annexe Tchantchaminade","etab_adr":"Centre d'État Civil Annexe Tchantchaminade, Tchantchaminade, Bassar, Bassar 1","ouverture_jour":"{Mardi,lundi,Jeudi,Vendredi,Samedi,Dimanche}","ministere_tutelle":"MATDDT"}},{"type":"Feature","id":"_mview_admi_etablissements_administration.fid--1b6ae3e2_1a0db278384_-3a30","geometry":{"type":"Point","coordinates":[1.24759145,9.60943027]},"geometry_name":"geometry","properties":{"region_nom_bdd":"Kara","prefecture_nom_bdd":"Kozah","commune_nom_bdd":"Kozah 1","canton_nom_bdd":"Lassa","nom_localite":"Kandalao","etablissement_nom":"Centre d'État Civil Annexe Kandalao","etab_adr":"Centre d'État Civil Annexe Kandalao, Kandalao, Lassa, Kozah 1","ouverture_jour":"{lundi,Mardi,Mercredi,Jeudi,Vendredi,Samedi,Dimanche}","ministere_tutelle":"MATDDT"}},{"type":"Feature","id":"_mview_admi_etablissements_administration.fid--1b6ae3e2_1a0db278384_-3a2f","geometry":{"type":"Point","coordinates":[0.60891184,10.42880368]},"geometry_name":"geometry","properties":{"region_nom_bdd":"Savanes","prefecture_nom_bdd":"Oti-Sud","commune_nom_bdd":"Oti-Sud 1","canton_nom_bdd":"Mogou","nom_localite":"Nadaga","etablissement_nom":"Centre d'État Civil Nadaga","etab_adr":"Centre d'État Civil Nadaga, Nadaga, Mogou, Oti-Sud 1","ouverture_jour":"{lundi,Mardi,Mercredi,Jeudi,Vendredi}","ministere_tutelle":"MATDDT"}},{"type":"Feature","id":"_mview_admi_etablissements_administration.fid--1b6ae3e2_1a0db278384_-3a2e","geometry":{"type":"Point","coordinates":[1.26207833,9.82908167]},"geometry_name":"geometry","properties":{"region_nom_bdd":"Kara","prefecture_nom_bdd":"Binah","commune_nom_bdd":"Binah 1","canton_nom_bdd":"Boufalé","nom_localite":"Agbarada","etablissement_nom":"Centre d'État Civil Annexe Agbarada","etab_adr":"Centre d'État Civil Annexe Agbarada, Agbarada, Boufalé, Binah 1","ouverture_jour":"{lundi,Mardi,Mercredi,Jeudi,Vendredi,Samedi,Dimanche}","ministere_tutelle":"MATDDT"}},{"type":"Feature","id":"_mview_admi_etablissements_administration.fid--1b6ae3e2_1a0db278384_-3a2d","geometry":{"type":"Point","coordinates":[0.94852823,9.94119137]},"geometry_name":"geometry","properties":{"region_nom_bdd":"Kara","prefecture_nom_bdd":"Kéran","commune_nom_bdd":"Kéran 2","canton_nom_bdd":"Ataloté","nom_localite":"Kpamberta","etablissement_nom":"Centre d'État Civil Annexe Kpamberta","etab_adr":"Centre d'État Civil Annexe Kpamberta, Kpamberta, Ataloté, Kéran 2","ouverture_jour":"{lundi,Mardi,Mercredi,Jeudi,Vendredi}","ministere_tutelle":"MATDDT"}},{"type":"Feature","id":"_mview_admi_etablissements_administration.fid--1b6ae3e2_1a0db278384_-3a2c","geometry":{"type":"Point","coordinates":[0.94853143,9.94122109]},"geometry_name":"geometry","properties":{"region_nom_bdd":"Kara","prefecture_nom_bdd":"Kéran","commune_nom_bdd":"Kéran 2","canton_nom_bdd":"Ataloté","nom_localite":"Otilte","etablissement_nom":"Centre d'État Civil Annexe Otilte","etab_adr":"Centre d'État Civil Annexe Otilte, Otilte, Ataloté, Kéran 2","ouverture_jour":"{lundi,Mardi,Mercredi,Jeudi,Vendredi}","ministere_tutelle":"MATDDT"}},{"type":"Feature","id":"_mview_admi_etablissements_administration.fid--1b6ae3e2_1a0db278384_-3a2b","geometry":{"type":"Point","coordinates":[0.94857809,9.94117937]},"geometry_name":"geometry","properties":{"region_nom_bdd":"Kara","prefecture_nom_bdd":"Kéran","commune_nom_bdd":"Kéran 2","canton_nom_bdd":"Ataloté","nom_localite":"Komte Ferme","etablissement_nom":"Centre d'État Civil Annexe Komte Ferme","etab_adr":"Centre d'État Civil Annexe Komte Ferme, Komte Ferme, Ataloté, Kéran 2","ouverture_jour":"{lundi,Mardi,Mercredi,Jeudi,Vendredi}","ministere_tutelle":"MATDDT"}},{"type":"Feature","id":"_mview_admi_etablissements_administration.fid--1b6ae3e2_1a0db278384_-3a2a","geometry":{"type":"Point","coordinates":[0.94852661,9.94116782]},"geometry_name":"geometry","properties":{"region_nom_bdd":"Kara","prefecture_nom_bdd":"Kéran","commune_nom_bdd":"Kéran 2","canton_nom_bdd":"Ataloté","nom_localite":"Komte Maison","etablissement_nom":"Centre d'État Civil Annexe Komte Maison","etab_adr":"Centre d'État Civil Annexe Komte Maison, Komte Maison, Ataloté, Kéran 2","ouverture_jour":"{Mardi,lundi,Jeudi,Vendredi}","ministere_tutelle":"MATDDT"}},{"type":"Feature","id":"_mview_admi_etablissements_administration.fid--1b6ae3e2_1a0db278384_-3a29","geometry":{"type":"Point","coordinates":[0.9485736,9.9411508]},"geometry_name":"geometry","properties":{"region_nom_bdd":"Kara","prefecture_nom_bdd":"Kéran","commune_nom_bdd":"Kéran 2","canton_nom_bdd":"Ataloté","nom_localite":"Nioucira","etablissement_nom":"Centre d'État Civil Annexe Nioucira","etab_adr":"Centre d'État Civil Annexe Nioucira, Nioucira, Ataloté, Kéran 2","ouverture_jour":"{lundi,Mardi,Mercredi,Jeudi,Vendredi}","ministere_tutelle":"MATDDT"}},{"type":"Feature","id":"_mview_admi_etablissements_administration.fid--1b6ae3e2_1a0db278384_-3a28","geometry":{"type":"Point","coordinates":[0.94852653,9.94113829]},"geometry_name":"geometry","properties":{"region_nom_bdd":"Kara","prefecture_nom_bdd":"Kéran","commune_nom_bdd":"Kéran 2","canton_nom_bdd":"Ataloté","nom_localite":"Terite","etablissement_nom":"Centre d'État Civil Annexe Trite","etab_adr":"Centre d'État Civil Annexe Trite, Terite, Ataloté, Kéran 2","ouverture_jour":"{lundi,Mardi,Jeudi,Mercredi,Vendredi}","ministere_tutelle":"MATDDT"}},{"type":"Feature","id":"_mview_admi_etablissements_administration.fid--1b6ae3e2_1a0db278384_-3a27","geometry":{"type":"Point","coordinates":[0.94856586,9.94112259]},"geometry_name":"geometry","properties":{"region_nom_bdd":"Kara","prefecture_nom_bdd":"Kéran","commune_nom_bdd":"Kéran 2","canton_nom_bdd":"Ataloté","nom_localite":"Werte Ferme","etablissement_nom":"Centre d'État Civil Annexe Warte Ferme","etab_adr":"Centre d'État Civil Annexe Warte Ferme, Werte Ferme, Ataloté, Kéran 2","ouverture_jour":"{lundi,Mardi,Mercredi,Jeudi,Vendredi}","ministere_tutelle":"MATDDT"}},{"type":"Feature","id":"_mview_admi_etablissements_administration.fid--1b6ae3e2_1a0db278384_-3a26","geometry":{"type":"Point","coordinates":[0.45401648,10.04410143]},"geometry_name":"geometry","properties":{"region_nom_bdd":"Savanes","prefecture_nom_bdd":"Oti-Sud","commune_nom_bdd":"Oti-Sud 2","canton_nom_bdd":"Nali","nom_localite":"Nali","etablissement_nom":"Centre d'État Civil Annexe Nali","etab_adr":"Centre d'État Civil Annexe Nali, Nali, Nali, Oti-Sud 2","ouverture_jour":"{lundi,Mardi,Mercredi,Jeudi,Vendredi}","ministere_tutelle":"MATDDT"}},{"type":"Feature","id":"_mview_admi_etablissements_administration.fid--1b6ae3e2_1a0db278384_-3a25","geometry":{"type":"Point","coordinates":[1.21421682,9.77152002]},"geometry_name":"geometry","properties":{"region_nom_bdd":"Kara","prefecture_nom_bdd":"Binah","commune_nom_bdd":"Binah 1","canton_nom_bdd":"Pitikita","nom_localite":"Sonde","etablissement_nom":"Centre d'État Civil Annexe Sonde","etab_adr":"Centre d'État Civil Annexe Sonde, Sonde, Pitikita, Binah 1","ouverture_jour":"{lundi,Mardi,Mercredi,Jeudi,Vendredi,Samedi,Dimanche}","ministere_tutelle":"MATDDT"}},{"type":"Feature","id":"_mview_admi_etablissements_administration.fid--1b6ae3e2_1a0db278384_-3a24","geometry":{"type":"Point","coordinates":[0.69391285,9.51792397]},"geometry_name":"geometry","properties":{"region_nom_bdd":"Kara","prefecture_nom_bdd":"Bassar","commune_nom_bdd":"Bassar 3","canton_nom_bdd":"Manga","nom_localite":"Tampido","etablissement_nom":"Centre d'État Civil Annexe Manga","etab_adr":"Centre d'État Civil Annexe Manga, Tampido, Manga, Bassar 3","ouverture_jour":"{lundi,Mardi,Mercredi,Jeudi,Vendredi}","ministere_tutelle":"MATDDT"}},{"type":"Feature","id":"_mview_admi_etablissements_administration.fid--1b6ae3e2_1a0db278384_-3a23","geometry":{"type":"Point","coordinates":[1.32399505,9.74732417]},"geometry_name":"geometry","properties":{"region_nom_bdd":"Kara","prefecture_nom_bdd":"Binah","commune_nom_bdd":"Binah 1","canton_nom_bdd":"Pagouda","nom_localite":"Kawa","etablissement_nom":"Mairie - Commune Binah 1","etab_adr":"Mairie - Commune Binah 1, Kawa, Pagouda, Binah 1, BP22 Pagouda","ouverture_jour":"{lundi,Mardi,Mercredi,Vendredi,Jeudi}","ministere_tutelle":"MATDDT"}},{"type":"Feature","id":"_mview_admi_etablissements_administration.fid--1b6ae3e2_1a0db278384_-3a22","geometry":{"type":"Point","coordinates":[1.21438158,6.18416238]},"geometry_name":"geometry","properties":{"region_nom_bdd":"Maritime","prefecture_nom_bdd":"Golfe","commune_nom_bdd":"Golfe 3","canton_nom_bdd":"Bè-Ouest","nom_localite":"Cité Oua","etablissement_nom":"Commission Electorale Nationale Indépendante (CENI)","etab_adr":"Commission Electorale Nationale Indépendante (CENI), Cité Oua, Bè-Ouest, Golfe 3","ouverture_jour":"Nsp","ministere_tutelle":"MATDDT"}},{"type":"Feature","id":"_mview_admi_etablissements_administration.fid--1b6ae3e2_1a0db278384_-3a21","geometry":{"type":"Point","coordinates":[1.12370235,6.22250541]},"geometry_name":"geometry","properties":{"region_nom_bdd":"Maritime","prefecture_nom_bdd":"Golfe","commune_nom_bdd":"Golfe 7","canton_nom_bdd":"Aflao-Sagbado","nom_localite":"Dekpo","etablissement_nom":"Centre d'État Civil Central Sanguera","etab_adr":"Centre d'État Civil Central Sanguera, Dekpo, Aflao-Sagbado, Golfe 7","ouverture_jour":"{lundi,Mardi,Mercredi,Jeudi,Vendredi,Samedi}","ministere_tutelle":"MATDDT"}},{"type":"Feature","id":"_mview_admi_etablissements_administration.fid--1b6ae3e2_1a0db278384_-3a20","geometry":{"type":"Point","coordinates":[1.22840345,6.2419596]},"geometry_name":"geometry","properties":{"region_nom_bdd":"Maritime","prefecture_nom_bdd":"Agoè-Nyivé","commune_nom_bdd":"Agoè-Nyivé 4","canton_nom_bdd":"Togblekope","nom_localite":"Dikame","etablissement_nom":"Centre d'État Civil Annexe Dikame","etab_adr":"Centre d'État Civil Annexe Dikame, Dikame, Togblekope, Agoè-Nyivé 4","ouverture_jour":"{lundi,Mardi,Mercredi,Jeudi,Vendredi}","ministere_tutelle":"MATDDT"}},{"type":"Feature","id":"_mview_admi_etablissements_administration.fid--1b6ae3e2_1a0db278384_-3a1f","geometry":{"type":"Point","coordinates":[0.81447633,10.84792994]},"geometry_name":"geometry","properties":{"region_nom_bdd":"Savanes","prefecture_nom_bdd":"Kpendjal","commune_nom_bdd":"Kpendjal 1","canton_nom_bdd":"Mandouri","nom_localite":"Mandouri","etablissement_nom":"Préfecture - Kpendjal","etab_adr":"Préfecture - Kpendjal, Mandouri, Mandouri, Kpendjal 1","ouverture_jour":"{lundi,Mardi,Mercredi,Jeudi,Vendredi}","ministere_tutelle":"MATDDT"}},{"type":"Feature","id":"_mview_admi_etablissements_administration.fid--1b6ae3e2_1a0db278384_-3a1e","geometry":{"type":"Point","coordinates":[0.14941667,10.91319833]},"geometry_name":"geometry","properties":{"region_nom_bdd":"Savanes","prefecture_nom_bdd":"Tône","commune_nom_bdd":"Tône 2","canton_nom_bdd":"Nanergou","nom_localite":"Nanergou","etablissement_nom":"Centre d'État Civil Secondaire Nanergou","etab_adr":"Centre d'État Civil Secondaire Nanergou, Nanergou, Nanergou, Tône 2","ouverture_jour":"{lundi,Mardi,Mercredi,Jeudi,Vendredi,Samedi,Dimanche}","ministere_tutelle":"MATDDT"}},{"type":"Feature","id":"_mview_admi_etablissements_administration.fid--1b6ae3e2_1a0db278384_-3a1d","geometry":{"type":"Point","coordinates":[1.28654284,6.17105437]},"geometry_name":"geometry","properties":{"region_nom_bdd":"Maritime","prefecture_nom_bdd":"Golfe","commune_nom_bdd":"Golfe 1","canton_nom_bdd":"Bè-Est","nom_localite":"Adakpame","etablissement_nom":"Centre d'État Civil Adakpame","etab_adr":"Centre d'État Civil Adakpame, Adakpame, Bè-Est, Golfe 1, BP62356 Lomé","ouverture_jour":"{lundi,Mardi,Mercredi,Jeudi,Vendredi}","ministere_tutelle":"MATDDT"}},{"type":"Feature","id":"_mview_admi_etablissements_administration.fid--1b6ae3e2_1a0db278384_-3a1c","geometry":{"type":"Point","coordinates":[0.61609378,9.52748075]},"geometry_name":"geometry","properties":{"region_nom_bdd":"Kara","prefecture_nom_bdd":"Dankpen","commune_nom_bdd":"Dankpen 3","canton_nom_bdd":"Bapuré","nom_localite":"Kpatchile","etablissement_nom":"Centre d'État Civil Annexe Kpatchile","etab_adr":"Centre d'État Civil Annexe Kpatchile, Kpatchile, Bapuré, Dankpen 3","ouverture_jour":"{lundi,Mardi,Mercredi,Jeudi,Vendredi}","ministere_tutelle":"MATDDT"}},{"type":"Feature","id":"_mview_admi_etablissements_administration.fid--1b6ae3e2_1a0db278384_-3a1b","geometry":{"type":"Point","coordinates":[0.22386167,10.89150667]},"geometry_name":"geometry","properties":{"region_nom_bdd":"Savanes","prefecture_nom_bdd":"Tône","commune_nom_bdd":"Tône 1","canton_nom_bdd":"Dapaong","nom_localite":"Koutong-bong","etablissement_nom":"Centre d'État Civil Koutong-Bong Dapaong","etab_adr":"Centre d'État Civil Koutong-Bong Dapaong, Koutong-Bong, Dapaong, Tône 1","ouverture_jour":"{lundi,Mardi,Mercredi,Jeudi,Vendredi,Samedi,Dimanche}","ministere_tutelle":"MATDDT"}},{"type":"Feature","id":"_mview_admi_etablissements_administration.fid--1b6ae3e2_1a0db278384_-3a1a","geometry":{"type":"Point","coordinates":[1.48461412,8.78424137]},"geometry_name":"geometry","properties":{"region_nom_bdd":"Centrale","prefecture_nom_bdd":"Tchamba","commune_nom_bdd":"Tchamba 2","canton_nom_bdd":"Koussountou","nom_localite":"Souroutawi","etablissement_nom":"Centre d'État Civil Annexe Souroutawi","etab_adr":"Centre d'État Civil Annexe Souroutawi, Souroutawi, Koussountou, Tchamba 2","ouverture_jour":"{lundi,Mardi,Mercredi,Jeudi,Vendredi,Samedi,Dimanche}","ministere_tutelle":"MATDDT"}},{"type":"Feature","id":"_mview_admi_etablissements_administration.fid--1b6ae3e2_1a0db278384_-3a19","geometry":{"type":"Point","coordinates":[0.73166723,10.56628074]},"geometry_name":"geometry","properties":{"region_nom_bdd":"Savanes","prefecture_nom_bdd":"Oti-Sud","commune_nom_bdd":"Oti-Sud 1","canton_nom_bdd":"Tchamonga","nom_localite":"Tchabonga","etablissement_nom":"Centre d'État Civil Tchabonga","etab_adr":"Centre d'État Civil Tchabonga, Tchabonga, Tchamonga, Oti-Sud 1","ouverture_jour":"{lundi,Mardi,Jeudi,Mercredi,Vendredi}","ministere_tutelle":"MATDDT"}},{"type":"Feature","id":"_mview_admi_etablissements_administration.fid--1b6ae3e2_1a0db278384_-3a18","geometry":{"type":"Point","coordinates":[0.6432669,10.38433252]},"geometry_name":"geometry","properties":{"region_nom_bdd":"Savanes","prefecture_nom_bdd":"Oti-Sud","commune_nom_bdd":"Oti-Sud 1","canton_nom_bdd":"Mogou","nom_localite":"Mogou","etablissement_nom":"Centre d'État Civil Mogou","etab_adr":"Centre d'État Civil Mogou, Mogou, Mogou, Oti-Sud 1","ouverture_jour":"{lundi,Mardi,Mercredi,Jeudi,Vendredi}","ministere_tutelle":"MATDDT"}},{"type":"Feature","id":"_mview_admi_etablissements_administration.fid--1b6ae3e2_1a0db278384_-3a17","geometry":{"type":"Point","coordinates":[0.57645229,9.96816751]},"geometry_name":"geometry","properties":{"region_nom_bdd":"Savanes","prefecture_nom_bdd":"Oti-Sud","commune_nom_bdd":"Oti-Sud 2","canton_nom_bdd":"Takpamba","nom_localite":"Takpamba","etablissement_nom":"Mairie - Commune Oti-Sud 2","etab_adr":"Mairie - Commune Oti-Sud 2, Takpamba, Takpamba, Oti-Sud 2","ouverture_jour":"{lundi,Mercredi,Mardi,Jeudi,Vendredi}","ministere_tutelle":"MATDDT"}},{"type":"Feature","id":"_mview_admi_etablissements_administration.fid--1b6ae3e2_1a0db278384_-3a16","geometry":{"type":"Point","coordinates":[1.11380365,9.77209212]},"geometry_name":"geometry","properties":{"region_nom_bdd":"Kara","prefecture_nom_bdd":"Doufelgou","commune_nom_bdd":"Doufelgou 1","canton_nom_bdd":"Niamtougou","nom_localite":"Koka","etablissement_nom":"Centre d'État Civil Koka","etab_adr":"Centre d'État Civil Koka, Koka, Niamtougou, Doufelgou 1","ouverture_jour":"{lundi,Mardi,Mercredi,Jeudi,Vendredi}","ministere_tutelle":"MATDDT"}},{"type":"Feature","id":"_mview_admi_etablissements_administration.fid--1b6ae3e2_1a0db278384_-3a15","geometry":{"type":"Point","coordinates":[0.26550333,10.87597333]},"geometry_name":"geometry","properties":{"region_nom_bdd":"Savanes","prefecture_nom_bdd":"Tône","commune_nom_bdd":"Tône 1","canton_nom_bdd":"Toaga","nom_localite":"Palambogou","etablissement_nom":"Centre d'État Civil Secondaire Kantindi 3","etab_adr":"Centre d'État Civil Secondaire Kantindi 3, Palambogou, Toaga, Tône 1","ouverture_jour":"{lundi,Mardi,Mercredi,Jeudi,Vendredi}","ministere_tutelle":"MATDDT"}},{"type":"Feature","id":"_mview_admi_etablissements_administration.fid--1b6ae3e2_1a0db278384_-3a14","geometry":{"type":"Point","coordinates":[0.20191833,11.02152833]},"geometry_name":"geometry","properties":{"region_nom_bdd":"Savanes","prefecture_nom_bdd":"Cinkassé","commune_nom_bdd":"Cinkassé 2","canton_nom_bdd":"Nadjoundi","nom_localite":"Pilougou","etablissement_nom":"Centre d'État Civil Secondaire Nadjoundi","etab_adr":"Centre d'État Civil Secondaire Nadjoundi, Pilougou, Nadjoundi, Cinkassé 2","ouverture_jour":"{lundi,Mardi,Mercredi,Jeudi,Vendredi}","ministere_tutelle":"MATDDT"}},{"type":"Feature","id":"_mview_admi_etablissements_administration.fid--1b6ae3e2_1a0db278384_-3a13","geometry":{"type":"Point","coordinates":[0.20629333,10.862565]},"geometry_name":"geometry","properties":{"region_nom_bdd":"Savanes","prefecture_nom_bdd":"Tône","commune_nom_bdd":"Tône 1","canton_nom_bdd":"Dapaong","nom_localite":"Wongue-didogue","etablissement_nom":"Centre d'État Civil Secondaire Dapaong","etab_adr":"Centre d'État Civil Secondaire Dapaong, Wongue-Didogue, Dapaong, Tône 1","ouverture_jour":"{lundi,Mardi,Mercredi,Jeudi,Vendredi,Samedi}","ministere_tutelle":"MATDDT"}},{"type":"Feature","id":"_mview_admi_etablissements_administration.fid--1b6ae3e2_1a0db278384_-3a12","geometry":{"type":"Point","coordinates":[1.3433652,9.9936212]},"geometry_name":"geometry","properties":{"region_nom_bdd":"Kara","prefecture_nom_bdd":"Binah","commune_nom_bdd":"Binah 1","canton_nom_bdd":"Solla","nom_localite":"Yomde","etablissement_nom":"Centre d'État Civil Yomde","etab_adr":"Centre d'État Civil Yomde, Yomde, Solla, Binah 1","ouverture_jour":"{lundi,Mardi,Mercredi,Jeudi,Vendredi}","ministere_tutelle":"MATDDT"}},{"type":"Feature","id":"_mview_admi_etablissements_administration.fid--1b6ae3e2_1a0db278384_-3a11","geometry":{"type":"Point","coordinates":[1.30546298,9.65761235]},"geometry_name":"geometry","properties":{"region_nom_bdd":"Kara","prefecture_nom_bdd":"Binah","commune_nom_bdd":"Binah 2","canton_nom_bdd":"Kétao","nom_localite":"Piyawai","etablissement_nom":"Mairie - Commune Binah 2","etab_adr":"Mairie - Commune Binah 2, Piyawai, Kétao, Binah 2, 450BP34 Ketao","ouverture_jour":"{lundi,Mardi,Mercredi,Jeudi,Vendredi}","ministere_tutelle":"MATDDT"}},{"type":"Feature","id":"_mview_admi_etablissements_administration.fid--1b6ae3e2_1a0db278384_-3a10","geometry":{"type":"Point","coordinates":[1.18935167,6.28136833]},"geometry_name":"geometry","properties":{"region_nom_bdd":"Maritime","prefecture_nom_bdd":"Agoè-Nyivé","commune_nom_bdd":"Agoè-Nyivé 4","canton_nom_bdd":"Togblekope","nom_localite":"Nyivemegble","etablissement_nom":"Centre d'État Civil Nyivemegble","etab_adr":"Centre d'État Civil Nyivemegble, Nyivemegble, Togblekope, Agoè-Nyivé 4","ouverture_jour":"{Vendredi,Jeudi,Mercredi,Mardi,lundi}","ministere_tutelle":"MATDDT"}},{"type":"Feature","id":"_mview_admi_etablissements_administration.fid--1b6ae3e2_1a0db278384_-3a0f","geometry":{"type":"Point","coordinates":[0.76911333,6.82456]},"geometry_name":"geometry","properties":{"region_nom_bdd":"Plateaux","prefecture_nom_bdd":"Agou","commune_nom_bdd":"Agou 1","canton_nom_bdd":"Gadja","nom_localite":"Gadzagan","etablissement_nom":"Centre d'État Civil Gadzagan","etab_adr":"Centre d'État Civil Gadzagan, Gadzagan, Gadja, Agou 1","ouverture_jour":"{Mercredi}","ministere_tutelle":"MATDDT"}},{"type":"Feature","id":"_mview_admi_etablissements_administration.fid--1b6ae3e2_1a0db278384_-3a0e","geometry":{"type":"Point","coordinates":[1.21565464,6.30323293]},"geometry_name":"geometry","properties":{"region_nom_bdd":"Maritime","prefecture_nom_bdd":"Agoè-Nyivé","commune_nom_bdd":"Agoè-Nyivé 6","canton_nom_bdd":"Adétikopé","nom_localite":"Tsiplonou-kondji","etablissement_nom":"Centre d'État Civil Tsiplonou-Kondji","etab_adr":"Centre d'État Civil Tsiplonou-Kondji, Tsiplonou-Kondji, Adétikopé, Agoè-Nyivé 6","ouverture_jour":"{Vendredi,Jeudi,Mercredi,Mardi,lundi}","ministere_tutelle":"MATDDT"}},{"type":"Feature","id":"_mview_admi_etablissements_administration.fid--1b6ae3e2_1a0db278384_-3a0d","geometry":{"type":"Point","coordinates":[0.69195909,10.35396483]},"geometry_name":"geometry","properties":{"region_nom_bdd":"Savanes","prefecture_nom_bdd":"Oti-Sud","commune_nom_bdd":"Oti-Sud 1","canton_nom_bdd":"Gando","nom_localite":"Wogou","etablissement_nom":"Centre d'État Civil Wogou","etab_adr":"Centre d'État Civil Wogou, Wogou, Gando, Oti-Sud 1","ouverture_jour":"{lundi,Mardi,Mercredi,Jeudi,Vendredi}","ministere_tutelle":"MATDDT"}},{"type":"Feature","id":"_mview_admi_etablissements_administration.fid--1b6ae3e2_1a0db278384_-3a0c","geometry":{"type":"Point","coordinates":[1.19154833,7.77280167]},"geometry_name":"geometry","properties":{"region_nom_bdd":"Plateaux","prefecture_nom_bdd":"Anié","commune_nom_bdd":"Anié 1","canton_nom_bdd":"Anié","nom_localite":"Anie","etablissement_nom":"Préfecture - Anie","etab_adr":"Préfecture - Anie, Anie, Anié, Anié 1, BP08 Anie","ouverture_jour":"{lundi,Mardi,Mercredi,Jeudi,Vendredi}","ministere_tutelle":"MATDDT"}},{"type":"Feature","id":"_mview_admi_etablissements_administration.fid--1b6ae3e2_1a0db278384_-3a0b","geometry":{"type":"Point","coordinates":[1.15782405,6.26223104]},"geometry_name":"geometry","properties":{"region_nom_bdd":"Maritime","prefecture_nom_bdd":"Agoè-Nyivé","commune_nom_bdd":"Agoè-Nyivé 2","canton_nom_bdd":"Légbassito","nom_localite":"Legbassito","etablissement_nom":"Centre d'État Civil Central Legbassito","etab_adr":"Centre d'État Civil Central Legbassito, Legbassito, Légbassito, Agoè-Nyivé 2, 29BP69 Lomé","ouverture_jour":"{lundi,Mardi,Mercredi,Jeudi,Vendredi}","ministere_tutelle":"MATDDT"}},{"type":"Feature","id":"_mview_admi_etablissements_administration.fid--1b6ae3e2_1a0db278384_-3a0a","geometry":{"type":"Point","coordinates":[1.15979167,9.67801333]},"geometry_name":"geometry","properties":{"region_nom_bdd":"Kara","prefecture_nom_bdd":"Kozah","commune_nom_bdd":"Kozah 2","canton_nom_bdd":"Pya","nom_localite":"Pya","etablissement_nom":"Mairie - Commune Kozah 2","etab_adr":"Mairie - Commune Kozah 2, Pya, Pya, Kozah 2","ouverture_jour":"{lundi,Mardi,Mercredi,Jeudi,Vendredi,Samedi}","ministere_tutelle":"MATDDT"}},{"type":"Feature","id":"_mview_admi_etablissements_administration.fid--1b6ae3e2_1a0db278384_-3a09","geometry":{"type":"Point","coordinates":[1.18267951,6.24460883]},"geometry_name":"geometry","properties":{"region_nom_bdd":"Maritime","prefecture_nom_bdd":"Agoè-Nyivé","commune_nom_bdd":"Agoè-Nyivé 1","canton_nom_bdd":"Agoè-Nyivé","nom_localite":"Anhokui","etablissement_nom":"Mairie - Commune Agoè-Nyivé 1 Annexe","etab_adr":"Mairie - Commune Agoè-Nyivé 1 Annexe, Anhokui, Agoè-Nyivé, Agoè-Nyivé 1, 29BP49 Lomé","ouverture_jour":"{lundi,Mardi,Mercredi,Jeudi,Vendredi}","ministere_tutelle":"MATDDT"}},{"type":"Feature","id":"_mview_admi_etablissements_administration.fid--1b6ae3e2_1a0db278384_-3a08","geometry":{"type":"Point","coordinates":[0.7476689,10.33682609]},"geometry_name":"geometry","properties":{"region_nom_bdd":"Savanes","prefecture_nom_bdd":"Oti-Sud","commune_nom_bdd":"Oti-Sud 1","canton_nom_bdd":"Gando","nom_localite":"Gando","etablissement_nom":"Centre d'État Civil Central Oti Sud 1","etab_adr":"Centre d'État Civil Central Oti Sud 1, Gando, Gando, Oti-Sud 1","ouverture_jour":"{lundi,Mardi,Mercredi,Jeudi,Vendredi}","ministere_tutelle":"MATDDT"}},{"type":"Feature","id":"_mview_admi_etablissements_administration.fid--1b6ae3e2_1a0db278384_-3a07","geometry":{"type":"Point","coordinates":[1.10009153,9.80112744]},"geometry_name":"geometry","properties":{"region_nom_bdd":"Kara","prefecture_nom_bdd":"Doufelgou","commune_nom_bdd":"Doufelgou 1","canton_nom_bdd":"Baga","nom_localite":"Kirigah","etablissement_nom":"Centre d'État Civil Baga","etab_adr":"Centre d'État Civil Baga, Kirigah, Baga, Doufelgou 1","ouverture_jour":"{lundi,Mardi,Mercredi,Jeudi,Vendredi}","ministere_tutelle":"MATDDT"}},{"type":"Feature","id":"_mview_admi_etablissements_administration.fid--1b6ae3e2_1a0db278384_-3a06","geometry":{"type":"Point","coordinates":[1.10068333,9.79027167]},"geometry_name":"geometry","properties":{"region_nom_bdd":"Kara","prefecture_nom_bdd":"Doufelgou","commune_nom_bdd":"Doufelgou 1","canton_nom_bdd":"Baga","nom_localite":"Samaragou","etablissement_nom":"Centre d'État Civil Baga","etab_adr":"Centre d'État Civil Baga, Samaragou, Baga, Doufelgou 1","ouverture_jour":"{lundi,Mardi,Jeudi,Vendredi,Mercredi}","ministere_tutelle":"MATDDT"}},{"type":"Feature","id":"_mview_admi_etablissements_administration.fid--1b6ae3e2_1a0db278384_-3a05","geometry":{"type":"Point","coordinates":[1.16788071,9.58957913]},"geometry_name":"geometry","properties":{"region_nom_bdd":"Kara","prefecture_nom_bdd":"Kozah","commune_nom_bdd":"Kozah 2","canton_nom_bdd":"Bohou","nom_localite":"Walde","etablissement_nom":"Mairie - Commune Kozah 2 - Annexe Bohou","etab_adr":"Mairie - Commune Kozah 2 - Annexe Bohou, Walde, Bohou, Kozah 2","ouverture_jour":"{lundi,Mardi,Jeudi,Vendredi}","ministere_tutelle":"MATDDT"}},{"type":"Feature","id":"_mview_admi_etablissements_administration.fid--1b6ae3e2_1a0db278384_-3a04","geometry":{"type":"Point","coordinates":[0.08593537,10.99046639]},"geometry_name":"geometry","properties":{"region_nom_bdd":"Savanes","prefecture_nom_bdd":"Tône","commune_nom_bdd":"Tône 2","canton_nom_bdd":"Namaré","nom_localite":"Namare Centre","etablissement_nom":"Centre d'État Civil Secondaire Namare","etab_adr":"Centre d'État Civil Secondaire Namare, Namare Centre, Namaré, Tône 2","ouverture_jour":"{lundi,Mardi,Mercredi,Jeudi,Vendredi,Samedi}","ministere_tutelle":"MATDDT"}},{"type":"Feature","id":"_mview_admi_etablissements_administration.fid--1b6ae3e2_1a0db278384_-3a03","geometry":{"type":"Point","coordinates":[0.92452833,6.437405]},"geometry_name":"geometry","properties":{"region_nom_bdd":"Maritime","prefecture_nom_bdd":"Avé","commune_nom_bdd":"Avé 1","canton_nom_bdd":"Kévé","nom_localite":"Latin","etablissement_nom":"Préfecture - Ave","etab_adr":"Préfecture - Ave, Latin, Kévé, Avé 1, BP01","ouverture_jour":"{lundi,Mardi,Jeudi,Mercredi,Vendredi}","ministere_tutelle":"MATDDT"}},{"type":"Feature","id":"_mview_admi_etablissements_administration.fid--1b6ae3e2_1a0db278384_-3a02","geometry":{"type":"Point","coordinates":[1.34826265,9.88713835]},"geometry_name":"geometry","properties":{"region_nom_bdd":"Kara","prefecture_nom_bdd":"Binah","commune_nom_bdd":"Binah 1","canton_nom_bdd":"Solla","nom_localite":"Kouyala","etablissement_nom":"Centre d'État Civil Annexe Kouyala","etab_adr":"Centre d'État Civil Annexe Kouyala, Kouyala, Solla, Binah 1","ouverture_jour":"{lundi,Mardi,Mercredi,Jeudi,Vendredi,Samedi,Dimanche}","ministere_tutelle":"MATDDT"}},{"type":"Feature","id":"_mview_admi_etablissements_administration.fid--1b6ae3e2_1a0db278384_-3a01","geometry":{"type":"Point","coordinates":[1.27116931,9.78492856]},"geometry_name":"geometry","properties":{"region_nom_bdd":"Kara","prefecture_nom_bdd":"Binah","commune_nom_bdd":"Binah 1","canton_nom_bdd":"Pessaré","nom_localite":"Assere Haut","etablissement_nom":"Centre d'État Civil Annexe Assere","etab_adr":"Centre d'État Civil Annexe Assere, Assere Haut, Pessaré, Binah 1","ouverture_jour":"{lundi,Mardi,Mercredi,Jeudi,Vendredi}","ministere_tutelle":"MATDDT"}},{"type":"Feature","id":"_mview_admi_etablissements_administration.fid--1b6ae3e2_1a0db278384_-3a00","geometry":{"type":"Point","coordinates":[0.20368167,10.84487]},"geometry_name":"geometry","properties":{"region_nom_bdd":"Savanes","prefecture_nom_bdd":"Tône","commune_nom_bdd":"Tône 1","canton_nom_bdd":"Dapaong","nom_localite":"Worgou","etablissement_nom":"Centre d'État Civil Secondaire Worgou","etab_adr":"Centre d'État Civil Secondaire Worgou, Worgou, Dapaong, Tône 1","ouverture_jour":"{lundi,Mardi,Mercredi,Jeudi,Vendredi}","ministere_tutelle":"MATDDT"}},{"type":"Feature","id":"_mview_admi_etablissements_administration.fid--1b6ae3e2_1a0db278384_-39ff","geometry":{"type":"Point","coordinates":[0.32485722,10.99259294]},"geometry_name":"geometry","properties":{"region_nom_bdd":"Savanes","prefecture_nom_bdd":"Tône","commune_nom_bdd":"Tône 4","canton_nom_bdd":"Korbongou","nom_localite":"Idondjoag","etablissement_nom":"Centre d'État Civil Secondaire Sanfatoute 3","etab_adr":"Centre d'État Civil Secondaire Sanfatoute 3, Idondjoag, Korbongou, Tône 4","ouverture_jour":"{lundi,Mardi,Mercredi,Jeudi,Vendredi}","ministere_tutelle":"MATDDT"}},{"type":"Feature","id":"_mview_admi_etablissements_administration.fid--1b6ae3e2_1a0db278384_-39fe","geometry":{"type":"Point","coordinates":[1.22249051,9.65693056]},"geometry_name":"geometry","properties":{"region_nom_bdd":"Kara","prefecture_nom_bdd":"Kozah","commune_nom_bdd":"Kozah 1","canton_nom_bdd":"Lassa","nom_localite":"Setide","etablissement_nom":"Centre d'État Civil Soumdina Haut","etab_adr":"Centre d'État Civil Soumdina Haut, Setide, Lassa, Kozah 1","ouverture_jour":"{lundi,Mardi,Mercredi,Jeudi,Vendredi}","ministere_tutelle":"MATDDT"}},{"type":"Feature","id":"_mview_admi_etablissements_administration.fid--1b6ae3e2_1a0db278384_-39fd","geometry":{"type":"Point","coordinates":[0.99428833,7.50722833]},"geometry_name":"geometry","properties":{"region_nom_bdd":"Plateaux","prefecture_nom_bdd":"Amou","commune_nom_bdd":"Amou 1","canton_nom_bdd":"Imlè-Adiva","nom_localite":"Koutoukpa","etablissement_nom":"Centre d'État Civil Koutoukpa","etab_adr":"Centre d'État Civil Koutoukpa, Koutoukpa, Imlè-Adiva, Amou 1","ouverture_jour":"{lundi,Mardi,Mercredi,Jeudi,Vendredi}","ministere_tutelle":"MATDDT"}},{"type":"Feature","id":"_mview_admi_etablissements_administration.fid--1b6ae3e2_1a0db278384_-39fc","geometry":{"type":"Point","coordinates":[0.91530788,9.74110988]},"geometry_name":"geometry","properties":{"region_nom_bdd":"Kara","prefecture_nom_bdd":"Doufelgou","commune_nom_bdd":"Doufelgou 3","canton_nom_bdd":"Alloum","nom_localite":"Bourkou","etablissement_nom":"Mairie - Commune Doufelgou 2","etab_adr":"Mairie - Commune Doufelgou 2, Bourkou, Alloum, Doufelgou 2","ouverture_jour":"{lundi,Mardi,Mercredi,Jeudi,Vendredi}","ministere_tutelle":"MATDDT"}},{"type":"Feature","id":"_mview_admi_etablissements_administration.fid--1b6ae3e2_1a0db278384_-39fb","geometry":{"type":"Point","coordinates":[0.90219763,7.45769429]},"geometry_name":"geometry","properties":{"region_nom_bdd":"Plateaux","prefecture_nom_bdd":"Amou","commune_nom_bdd":"Amou 1","canton_nom_bdd":"Amlamé (Ouma)","nom_localite":"Amlame","etablissement_nom":"Centre d'État Civil Central Amlame","etab_adr":"Centre d'État Civil Central Amlame, Amlame, Amlamé (Ouma), Amou 1","ouverture_jour":"{lundi,Mardi,Mercredi,Jeudi,Vendredi}","ministere_tutelle":"MATDDT"}},{"type":"Feature","id":"_mview_admi_etablissements_administration.fid--1b6ae3e2_1a0db278384_-39fa","geometry":{"type":"Point","coordinates":[0.6067168,9.69328138]},"geometry_name":"geometry","properties":{"region_nom_bdd":"Kara","prefecture_nom_bdd":"Dankpen","commune_nom_bdd":"Dankpen 1","canton_nom_bdd":"Guérin-Kouka","nom_localite":"Yadjabroumdo","etablissement_nom":"Centre d'État Civil Annexe Yadjabroumdo","etab_adr":"Centre d'État Civil Annexe Yadjabroumdo, Yadjabroumdo, Guérin-Kouka, Dankpen 1","ouverture_jour":"{lundi,Mardi,Mercredi,Jeudi,Vendredi}","ministere_tutelle":"MATDDT"}},{"type":"Feature","id":"_mview_admi_etablissements_administration.fid--1b6ae3e2_1a0db278384_-39f9","geometry":{"type":"Point","coordinates":[0.60673122,9.69341719]},"geometry_name":"geometry","properties":{"region_nom_bdd":"Kara","prefecture_nom_bdd":"Dankpen","commune_nom_bdd":"Dankpen 1","canton_nom_bdd":"Guérin-Kouka","nom_localite":"Tchirkpambou","etablissement_nom":"Centre d'État Civil Annexe Tchirkpambou","etab_adr":"Centre d'État Civil Annexe Tchirkpambou, Tchirkpambou, Guérin-Kouka, Dankpen 1","ouverture_jour":"{lundi,Mardi,Mercredi,Jeudi,Vendredi}","ministere_tutelle":"MATDDT"}},{"type":"Feature","id":"_mview_admi_etablissements_administration.fid--1b6ae3e2_1a0db278384_-39f8","geometry":{"type":"Point","coordinates":[0.60678134,9.69323806]},"geometry_name":"geometry","properties":{"region_nom_bdd":"Kara","prefecture_nom_bdd":"Dankpen","commune_nom_bdd":"Dankpen 1","canton_nom_bdd":"Guérin-Kouka","nom_localite":"Kpamboua","etablissement_nom":"Centre d'État Civil Annexe Kpamboua","etab_adr":"Centre d'État Civil Annexe Kpamboua, Kpamboua, Guérin-Kouka, Dankpen 1","ouverture_jour":"{lundi,Mardi,Mercredi,Jeudi,Vendredi}","ministere_tutelle":"MATDDT"}},{"type":"Feature","id":"_mview_admi_etablissements_administration.fid--1b6ae3e2_1a0db278384_-39f7","geometry":{"type":"Point","coordinates":[0.60673509,9.69338602]},"geometry_name":"geometry","properties":{"region_nom_bdd":"Kara","prefecture_nom_bdd":"Dankpen","commune_nom_bdd":"Dankpen 1","canton_nom_bdd":"Guérin-Kouka","nom_localite":"Katchamba","etablissement_nom":"Centre d'État Civil Annexe Katchamba","etab_adr":"Centre d'État Civil Annexe Katchamba, Katchamba, Guérin-Kouka, Dankpen 1","ouverture_jour":"{Mardi,lundi,Mercredi,Jeudi,Vendredi}","ministere_tutelle":"MATDDT"}},{"type":"Feature","id":"_mview_admi_etablissements_administration.fid--1b6ae3e2_1a0db278384_-39f6","geometry":{"type":"Point","coordinates":[1.0589622,10.14847715]},"geometry_name":"geometry","properties":{"region_nom_bdd":"Kara","prefecture_nom_bdd":"Kéran","commune_nom_bdd":"Kéran 3","canton_nom_bdd":"Nadoba","nom_localite":"Pimini","etablissement_nom":"Centre d'État Civil Annexe Pimini","etab_adr":"Centre d'État Civil Annexe Pimini, Pimini, Nadoba, Kéran 3","ouverture_jour":"{lundi,Mardi,Mercredi,Jeudi,Vendredi}","ministere_tutelle":"MATDDT"}},{"type":"Feature","id":"_mview_admi_etablissements_administration.fid--1b6ae3e2_1a0db278384_-39f5","geometry":{"type":"Point","coordinates":[1.12590401,10.04655917]},"geometry_name":"geometry","properties":{"region_nom_bdd":"Kara","prefecture_nom_bdd":"Kéran","commune_nom_bdd":"Kéran 3","canton_nom_bdd":"Warengo","nom_localite":"Kouniti","etablissement_nom":"Centre d'État Civil Annexe Kounti","etab_adr":"Centre d'État Civil Annexe Kounti, Kouniti, Warengo, Kéran 3","ouverture_jour":"{lundi,Mardi,Mercredi,Jeudi,Vendredi}","ministere_tutelle":"MATDDT"}},{"type":"Feature","id":"_mview_admi_etablissements_administration.fid--1b6ae3e2_1a0db278384_-39f4","geometry":{"type":"Point","coordinates":[1.18338197,10.04887594]},"geometry_name":"geometry","properties":{"region_nom_bdd":"Kara","prefecture_nom_bdd":"Kéran","commune_nom_bdd":"Kéran 3","canton_nom_bdd":"Koutougou","nom_localite":"Solla","etablissement_nom":"Centre d'État Civil Koutougou","etab_adr":"Centre d'État Civil Koutougou, Solla, Koutougou, Kéran 3","ouverture_jour":"{lundi,Mardi,Mercredi,Jeudi,Vendredi}","ministere_tutelle":"MATDDT"}},{"type":"Feature","id":"_mview_admi_etablissements_administration.fid--1b6ae3e2_1a0db278384_-39f3","geometry":{"type":"Point","coordinates":[0.44651409,10.18710547]},"geometry_name":"geometry","properties":{"region_nom_bdd":"Savanes","prefecture_nom_bdd":"Oti-Sud","commune_nom_bdd":"Oti-Sud 2","canton_nom_bdd":"Koumongou","nom_localite":"Koumongou","etablissement_nom":"Centre d'État Civil Annexe Koumongou","etab_adr":"Centre d'État Civil Annexe Koumongou, Koumongou, Koumongou, Oti-Sud 2","ouverture_jour":"{lundi,Mardi,Mercredi,Jeudi,Vendredi}","ministere_tutelle":"MATDDT"}},{"type":"Feature","id":"_mview_admi_etablissements_administration.fid--1b6ae3e2_1a0db278384_-39f2","geometry":{"type":"Point","coordinates":[1.34325333,9.699105]},"geometry_name":"geometry","properties":{"region_nom_bdd":"Kara","prefecture_nom_bdd":"Binah","commune_nom_bdd":"Binah 1","canton_nom_bdd":"Pagouda","nom_localite":"Katchila","etablissement_nom":"Centre d'État Civil Annexe Teroda","etab_adr":"Centre d'État Civil Annexe Teroda, Katchila, Pagouda, Binah 1","ouverture_jour":"{lundi,Mardi,Mercredi,Jeudi,Vendredi}","ministere_tutelle":"MATDDT"}},{"type":"Feature","id":"_mview_admi_etablissements_administration.fid--1b6ae3e2_1a0db278384_-39f1","geometry":{"type":"Point","coordinates":[1.14028156,9.81699702]},"geometry_name":"geometry","properties":{"region_nom_bdd":"Kara","prefecture_nom_bdd":"Doufelgou","commune_nom_bdd":"Doufelgou 1","canton_nom_bdd":"Ténéga","nom_localite":"Djofaga","etablissement_nom":"Centre d'État Civil Tenega","etab_adr":"Centre d'État Civil Tenega, Djofaga, Ténéga, Doufelgou 1","ouverture_jour":"{lundi,Mardi,Mercredi,Jeudi,Vendredi}","ministere_tutelle":"MATDDT"}},{"type":"Feature","id":"_mview_admi_etablissements_administration.fid--1b6ae3e2_1a0db278384_-39f0","geometry":{"type":"Point","coordinates":[1.60368097,7.02241942]},"geometry_name":"geometry","properties":{"region_nom_bdd":"Plateaux","prefecture_nom_bdd":"Moyen-Mono","commune_nom_bdd":"Moyen-Mono 1","canton_nom_bdd":"Tohoun","nom_localite":"Tohoun","etablissement_nom":"Préfecture - Moyen Mono","etab_adr":"Préfecture - Moyen Mono, Tohoun, Tohoun, Moyen-Mono 1, BP01","ouverture_jour":"{lundi,Mardi,Mercredi,Jeudi,Vendredi}","ministere_tutelle":"MATDDT"}},{"type":"Feature","id":"_mview_admi_etablissements_administration.fid--1b6ae3e2_1a0db278384_-39ef","geometry":{"type":"Point","coordinates":[1.35311333,9.66203167]},"geometry_name":"geometry","properties":{"region_nom_bdd":"Kara","prefecture_nom_bdd":"Binah","commune_nom_bdd":"Binah 2","canton_nom_bdd":"Kémérida","nom_localite":"Tembila","etablissement_nom":"Centre d'État Civil Annexe Kemerida","etab_adr":"Centre d'État Civil Annexe Kemerida, Tembila, Kémérida, Binah 2","ouverture_jour":"{lundi,Mardi,Mercredi,Vendredi,Jeudi}","ministere_tutelle":"MATDDT"}},{"type":"Feature","id":"_mview_admi_etablissements_administration.fid--1b6ae3e2_1a0db278384_-39ee","geometry":{"type":"Point","coordinates":[0.63087649,9.42486047]},"geometry_name":"geometry","properties":{"region_nom_bdd":"Kara","prefecture_nom_bdd":"Bassar","commune_nom_bdd":"Bassar 2","canton_nom_bdd":"Bangeli","nom_localite":"Taboun","etablissement_nom":"Centre d'État Civil Annexe Taboun","etab_adr":"Centre d'État Civil Annexe Taboun, Taboun, Bangeli, Bassar 2","ouverture_jour":"{lundi,Mardi,Mercredi,Jeudi,Vendredi}","ministere_tutelle":"MATDDT"}},{"type":"Feature","id":"_mview_admi_etablissements_administration.fid--1b6ae3e2_1a0db278384_-39ed","geometry":{"type":"Point","coordinates":[0.96898167,9.72294333]},"geometry_name":"geometry","properties":{"region_nom_bdd":"Kara","prefecture_nom_bdd":"Doufelgou","commune_nom_bdd":"Doufelgou 3","canton_nom_bdd":"Alloum","nom_localite":"Kpassidè","etablissement_nom":"Centre d'État Civil Annexe AlloumCentre","etab_adr":"Centre d'État Civil Annexe AlloumCentre, Kpassidè, Alloum, Doufelgou 2","ouverture_jour":"{lundi,Mardi,Mercredi,Jeudi,Vendredi}","ministere_tutelle":"MATDDT"}},{"type":"Feature","id":"_mview_admi_etablissements_administration.fid--1b6ae3e2_1a0db278384_-39ec","geometry":{"type":"Point","coordinates":[0.63075967,9.42505733]},"geometry_name":"geometry","properties":{"region_nom_bdd":"Kara","prefecture_nom_bdd":"Bassar","commune_nom_bdd":"Bassar 2","canton_nom_bdd":"Bangeli","nom_localite":"Bitchabe","etablissement_nom":"Centre d'État Civil Annexe Bitchabe","etab_adr":"Centre d'État Civil Annexe Bitchabe, Bitchabe, Bangeli, Bassar 2","ouverture_jour":"{lundi,Mardi,Mercredi,Jeudi,Vendredi}","ministere_tutelle":"MATDDT"}},{"type":"Feature","id":"_mview_admi_etablissements_administration.fid--1b6ae3e2_1a0db278384_-39eb","geometry":{"type":"Point","coordinates":[1.323615,9.74524167]},"geometry_name":"geometry","properties":{"region_nom_bdd":"Kara","prefecture_nom_bdd":"Binah","commune_nom_bdd":"Binah 1","canton_nom_bdd":"Pagouda","nom_localite":"Waze","etablissement_nom":"Centre d'État Civil Annexe Chp Pagouda","etab_adr":"Centre d'État Civil Annexe Chp Pagouda, Waze, Pagouda, Binah 1","ouverture_jour":"{lundi,Mardi,Mercredi,Jeudi,Vendredi}","ministere_tutelle":"MATDDT"}},{"type":"Feature","id":"_mview_admi_etablissements_administration.fid--1b6ae3e2_1a0db278384_-39ea","geometry":{"type":"Point","coordinates":[0.85738867,7.43991252]},"geometry_name":"geometry","properties":{"region_nom_bdd":"Plateaux","prefecture_nom_bdd":"Wawa","commune_nom_bdd":"Wawa 2","canton_nom_bdd":"Ekéto","nom_localite":"Agadji-todji 1","etablissement_nom":"Centre d'État Civil Agadji-Todji 1","etab_adr":"Centre d'État Civil Agadji-Todji 1, Agadji-Todji 1, Ekéto, Wawa 2","ouverture_jour":"{lundi,Mardi,Mercredi,Jeudi,Vendredi}","ministere_tutelle":"MATDDT"}},{"type":"Feature","id":"_mview_admi_etablissements_administration.fid--1b6ae3e2_1a0db278384_-39e9","geometry":{"type":"Point","coordinates":[0.74604955,6.85328653]},"geometry_name":"geometry","properties":{"region_nom_bdd":"Plateaux","prefecture_nom_bdd":"Agou","commune_nom_bdd":"Agou 1","canton_nom_bdd":"Agou-Kébo","nom_localite":"Kebo Toe","etablissement_nom":"Centre d'État Civil Agou Kebo Toe","etab_adr":"Centre d'État Civil Agou Kebo Toe, Kebo Toe, Agou-Kébo, Agou 1","ouverture_jour":"Nsp","ministere_tutelle":"MATDDT"}},{"type":"Feature","id":"_mview_admi_etablissements_administration.fid--1b6ae3e2_1a0db278384_-39e8","geometry":{"type":"Point","coordinates":[0.72593177,6.87789809]},"geometry_name":"geometry","properties":{"region_nom_bdd":"Plateaux","prefecture_nom_bdd":"Agou","commune_nom_bdd":"Agou 1","canton_nom_bdd":"Agou-Nyogbo-Dzidjole","nom_localite":"Nyogbo Sud","etablissement_nom":"Centre d'État Civil Agou Nyogbo Sud","etab_adr":"Centre d'État Civil Agou Nyogbo Sud, Nyogbo Sud, Agou-Nyogbo-Dzidjole, Agou 1","ouverture_jour":"{Samedi,Mercredi,Vendredi}","ministere_tutelle":"MATDDT"}},{"type":"Feature","id":"_mview_admi_etablissements_administration.fid--1b6ae3e2_1a0db278384_-39e7","geometry":{"type":"Point","coordinates":[0.79765462,6.79953868]},"geometry_name":"geometry","properties":{"region_nom_bdd":"Plateaux","prefecture_nom_bdd":"Agou","commune_nom_bdd":"Agou 1","canton_nom_bdd":"Gadja","nom_localite":"Avétonou","etablissement_nom":"Centre d'État Civil Avetonou","etab_adr":"Centre d'État Civil Avetonou, Avétonou, Gadja, Agou 1","ouverture_jour":"Nsp","ministere_tutelle":"MATDDT"}},{"type":"Feature","id":"_mview_admi_etablissements_administration.fid--1b6ae3e2_1a0db278384_-39e6","geometry":{"type":"Point","coordinates":[0.81924257,6.74046993]},"geometry_name":"geometry","properties":{"region_nom_bdd":"Plateaux","prefecture_nom_bdd":"Agou","commune_nom_bdd":"Agou 1","canton_nom_bdd":"Gadja","nom_localite":"Agoe-akodessewoa","etablissement_nom":"Centre d'État Civil Agoe Akodessewa","etab_adr":"Centre d'État Civil Agoe Akodessewa, Agoe-Akodessewoa, Gadja, Agou 1","ouverture_jour":"Nsp","ministere_tutelle":"MATDDT"}},{"type":"Feature","id":"_mview_admi_etablissements_administration.fid--1b6ae3e2_1a0db278384_-39e5","geometry":{"type":"Point","coordinates":[0.78006455,6.86554985]},"geometry_name":"geometry","properties":{"region_nom_bdd":"Plateaux","prefecture_nom_bdd":"Agou","commune_nom_bdd":"Agou 1","canton_nom_bdd":"Agou-Iboé","nom_localite":"Agou-yiboe","etablissement_nom":"Centre d'État Civil Agou Yiboe","etab_adr":"Centre d'État Civil Agou Yiboe, Agou-Yiboe, Agou-Iboé, Agou 1","ouverture_jour":"Nsp","ministere_tutelle":"MATDDT"}},{"type":"Feature","id":"_mview_admi_etablissements_administration.fid--1b6ae3e2_1a0db278384_-39e4","geometry":{"type":"Point","coordinates":[0.70476039,6.79668363]},"geometry_name":"geometry","properties":{"region_nom_bdd":"Plateaux","prefecture_nom_bdd":"Agou","commune_nom_bdd":"Agou 1","canton_nom_bdd":"Assahoun-Fiagbé","nom_localite":"Assahoun-fiagbe","etablissement_nom":"Centre d'État Civil Assahoun-Fiagbe","etab_adr":"Centre d'État Civil Assahoun-Fiagbe, Assahoun-Fiagbe, Assahoun-Fiagbé, Agou 1","ouverture_jour":"Nsp","ministere_tutelle":"MATDDT"}},{"type":"Feature","id":"_mview_admi_etablissements_administration.fid--1b6ae3e2_1a0db278384_-39e3","geometry":{"type":"Point","coordinates":[0.83588924,6.89814464]},"geometry_name":"geometry","properties":{"region_nom_bdd":"Plateaux","prefecture_nom_bdd":"Kpélé","commune_nom_bdd":"Kpélé 1","canton_nom_bdd":"Kpélé-Dawlotou","nom_localite":"Ekpla","etablissement_nom":"Centre d'État Civil Ekpla","etab_adr":"Centre d'État Civil Ekpla, Ekpla, Kpélé-Dawlotou, Kpélé 1","ouverture_jour":"Nsp","ministere_tutelle":"MATDDT"}},{"type":"Feature","id":"_mview_admi_etablissements_administration.fid--1b6ae3e2_1a0db278384_-39e2","geometry":{"type":"Point","coordinates":[0.84458922,6.88903421]},"geometry_name":"geometry","properties":{"region_nom_bdd":"Plateaux","prefecture_nom_bdd":"Agou","commune_nom_bdd":"Agou 1","canton_nom_bdd":"Kati","nom_localite":"Kati","etablissement_nom":"Centre d'État Civil Kati","etab_adr":"Centre d'État Civil Kati, Kati, Kati, Agou 1","ouverture_jour":"Nsp","ministere_tutelle":"MATDDT"}},{"type":"Feature","id":"_mview_admi_etablissements_administration.fid--1b6ae3e2_1a0db278384_-39e1","geometry":{"type":"Point","coordinates":[0.91547232,6.80836511]},"geometry_name":"geometry","properties":{"region_nom_bdd":"Maritime","prefecture_nom_bdd":"Zio","commune_nom_bdd":"Zio 3","canton_nom_bdd":"Agbélouvé","nom_localite":"Kologan","etablissement_nom":"Centre d'État Civil Kologan","etab_adr":"Centre d'État Civil Kologan, Kologan, Agbélouvé, Zio 3","ouverture_jour":"Nsp","ministere_tutelle":"MATDDT"}},{"type":"Feature","id":"_mview_admi_etablissements_administration.fid--1b6ae3e2_1a0db278384_-39e0","geometry":{"type":"Point","coordinates":[1.04804632,7.32820895]},"geometry_name":"geometry","properties":{"region_nom_bdd":"Plateaux","prefecture_nom_bdd":"Amou","commune_nom_bdd":"Amou 2","canton_nom_bdd":"Kpatégan","nom_localite":"Kpategan","etablissement_nom":"Centre d'État Civil Kpategan","etab_adr":"Centre d'État Civil Kpategan, Kpategan, Kpatégan, Amou 2","ouverture_jour":"{lundi,Mardi,Mercredi,Jeudi,Vendredi}","ministere_tutelle":"MATDDT"}},{"type":"Feature","id":"_mview_admi_etablissements_administration.fid--1b6ae3e2_1a0db278384_-39df","geometry":{"type":"Point","coordinates":[0.77707549,6.88932656]},"geometry_name":"geometry","properties":{"region_nom_bdd":"Plateaux","prefecture_nom_bdd":"Agou","commune_nom_bdd":"Agou 1","canton_nom_bdd":"Agou-Akplolo","nom_localite":"Akplolo","etablissement_nom":"Centre d'État Civil Akplolo","etab_adr":"Centre d'État Civil Akplolo, Akplolo, Agou-Akplolo, Agou 1","ouverture_jour":"{lundi,Mardi,Mercredi,Jeudi,Vendredi,Samedi,Dimanche}","ministere_tutelle":"MATDDT"}},{"type":"Feature","id":"_mview_admi_etablissements_administration.fid--1b6ae3e2_1a0db278384_-39de","geometry":{"type":"Point","coordinates":[0.72561833,6.89006]},"geometry_name":"geometry","properties":{"region_nom_bdd":"Plateaux","prefecture_nom_bdd":"Kloto","commune_nom_bdd":"Kloto 1","canton_nom_bdd":"Tové","nom_localite":"Nyogbo Nord","etablissement_nom":"Centre d'État Civil Agou Nyogbo Nord","etab_adr":"Centre d'État Civil Agou Nyogbo Nord, Nyogbo Nord, Tové, Kloto 1","ouverture_jour":"{Mercredi,Vendredi,Dimanche}","ministere_tutelle":"MATDDT"}},{"type":"Feature","id":"_mview_admi_etablissements_administration.fid--1b6ae3e2_1a0db278384_-39dd","geometry":{"type":"Point","coordinates":[1.10555304,9.77108154]},"geometry_name":"geometry","properties":{"region_nom_bdd":"Kara","prefecture_nom_bdd":"Doufelgou","commune_nom_bdd":"Doufelgou 1","canton_nom_bdd":"Niamtougou","nom_localite":"Niamtougou","etablissement_nom":"Centre d'État Civil Niamtougou","etab_adr":"Centre d'État Civil Niamtougou, Niamtougou, Niamtougou, Doufelgou 1","ouverture_jour":"{lundi,Mardi,Mercredi,Jeudi,Vendredi}","ministere_tutelle":"MATDDT"}},{"type":"Feature","id":"_mview_admi_etablissements_administration.fid--1b6ae3e2_1a0db278384_-39dc","geometry":{"type":"Point","coordinates":[1.09658333,9.74621333]},"geometry_name":"geometry","properties":{"region_nom_bdd":"Kara","prefecture_nom_bdd":"Doufelgou","commune_nom_bdd":"Doufelgou 1","canton_nom_bdd":"Agbandè-Yaka","nom_localite":"Yaka Agbande","etablissement_nom":"Centre d'État Civil Yaka","etab_adr":"Centre d'État Civil Yaka, Yaka Agbande, Agbandè-Yaka, Doufelgou 1","ouverture_jour":"{lundi,Mardi,Mercredi,Jeudi,Vendredi}","ministere_tutelle":"MATDDT"}},{"type":"Feature","id":"_mview_admi_etablissements_administration.fid--1b6ae3e2_1a0db278384_-39db","geometry":{"type":"Point","coordinates":[1.16973438,9.78442013]},"geometry_name":"geometry","properties":{"region_nom_bdd":"Kara","prefecture_nom_bdd":"Doufelgou","commune_nom_bdd":"Doufelgou 1","canton_nom_bdd":"Koka","nom_localite":"Konfaga","etablissement_nom":"Centre d'État Civil Konfaga","etab_adr":"Centre d'État Civil Konfaga, Konfaga, Koka, Doufelgou 1","ouverture_jour":"{lundi,Mardi,Mercredi,Jeudi,Vendredi}","ministere_tutelle":"MATDDT"}},{"type":"Feature","id":"_mview_admi_etablissements_administration.fid--1b6ae3e2_1a0db278384_-39da","geometry":{"type":"Point","coordinates":[1.27460271,9.98961751]},"geometry_name":"geometry","properties":{"region_nom_bdd":"Kara","prefecture_nom_bdd":"Doufelgou","commune_nom_bdd":"Doufelgou 1","canton_nom_bdd":"Massédéna","nom_localite":"Tchitchira","etablissement_nom":"Centre d'État Civil Massedena","etab_adr":"Centre d'État Civil Massedena, Tchitchira, Massédéna, Doufelgou 1","ouverture_jour":"{lundi,Mardi,Mercredi,Jeudi,Vendredi}","ministere_tutelle":"MATDDT"}},{"type":"Feature","id":"_mview_admi_etablissements_administration.fid--1b6ae3e2_1a0db278384_-39d9","geometry":{"type":"Point","coordinates":[1.2013037,9.82339654]},"geometry_name":"geometry","properties":{"region_nom_bdd":"Kara","prefecture_nom_bdd":"Doufelgou","commune_nom_bdd":"Doufelgou 1","canton_nom_bdd":"Siou","nom_localite":"Kounfigou 6","etablissement_nom":"Centre d'État Civil Siou","etab_adr":"Centre d'État Civil Siou, Kounfigou 6, Siou, Doufelgou 1","ouverture_jour":"{lundi,Mardi,Mercredi,Jeudi,Vendredi}","ministere_tutelle":"MATDDT"}},{"type":"Feature","id":"_mview_admi_etablissements_administration.fid--1b6ae3e2_1a0db278384_-39d8","geometry":{"type":"Point","coordinates":[1.25787081,9.91994253]},"geometry_name":"geometry","properties":{"region_nom_bdd":"Kara","prefecture_nom_bdd":"Doufelgou","commune_nom_bdd":"Doufelgou 1","canton_nom_bdd":"Massédéna","nom_localite":"Boukawore","etablissement_nom":"Centre d'État Civil Massedena","etab_adr":"Centre d'État Civil Massedena, Boukawore, Massédéna, Doufelgou 1","ouverture_jour":"{lundi,Mardi,Mercredi,Jeudi,Vendredi}","ministere_tutelle":"MATDDT"}},{"type":"Feature","id":"_mview_admi_etablissements_administration.fid--1b6ae3e2_1a0db278384_-39d7","geometry":{"type":"Point","coordinates":[0.90750333,7.39493167]},"geometry_name":"geometry","properties":{"region_nom_bdd":"Plateaux","prefecture_nom_bdd":"Amou","commune_nom_bdd":"Amou 1","canton_nom_bdd":"Amlamé (Ouma)","nom_localite":"Adam-kope","etablissement_nom":"Centre d'État Civil Adam-Kope","etab_adr":"Centre d'État Civil Adam-Kope, Adam-Kope, Amlamé (Ouma), Amou 1","ouverture_jour":"{lundi,Mardi,Mercredi,Jeudi,Vendredi}","ministere_tutelle":"MATDDT"}},{"type":"Feature","id":"_mview_admi_etablissements_administration.fid--1b6ae3e2_1a0db278384_-39d6","geometry":{"type":"Point","coordinates":[1.60438131,7.02232501]},"geometry_name":"geometry","properties":{"region_nom_bdd":"Plateaux","prefecture_nom_bdd":"Moyen-Mono","commune_nom_bdd":"Moyen-Mono 1","canton_nom_bdd":"Tohoun","nom_localite":"Tohoun","etablissement_nom":"Mairie - Commune Moyen-Mono 1","etab_adr":"Mairie - Commune Moyen-Mono 1, Tohoun, Tohoun, Moyen-Mono 1, 230BP65 Tohoun","ouverture_jour":"{lundi,Mardi,Mercredi,Jeudi,Vendredi}","ministere_tutelle":"MATDDT"}},{"type":"Feature","id":"_mview_admi_etablissements_administration.fid--1b6ae3e2_1a0db278384_-39d5","geometry":{"type":"Point","coordinates":[0.9859706,8.33123254]},"geometry_name":"geometry","properties":{"region_nom_bdd":"Centrale","prefecture_nom_bdd":"Blitta","commune_nom_bdd":"Blitta 1","canton_nom_bdd":"Blitta","nom_localite":"Blitta","etablissement_nom":"Commission Electorale Locale Indépendante (CELI) - Blitta","etab_adr":"Nsp","ouverture_jour":"Nsp","ministere_tutelle":"MATDDT"}},{"type":"Feature","id":"_mview_admi_etablissements_administration.fid--1b6ae3e2_1a0db278384_-39d4","geometry":{"type":"Point","coordinates":[1.53253325,6.33422077]},"geometry_name":"geometry","properties":{"region_nom_bdd":"Maritime","prefecture_nom_bdd":"Vo","commune_nom_bdd":"Vo 1","canton_nom_bdd":"Vogan","nom_localite":"Commandant Condji","etablissement_nom":"Préfecture - Vo","etab_adr":"Préfecture - Vo, Commandant Condji, Vogan, Vo 1, BP78 Vogan","ouverture_jour":"{lundi,Mardi,Mercredi,Jeudi,Vendredi}","ministere_tutelle":"MATDDT"}},{"type":"Feature","id":"_mview_admi_etablissements_administration.fid--1b6ae3e2_1a0db278384_-39d3","geometry":{"type":"Point","coordinates":[0.60676802,9.69340799]},"geometry_name":"geometry","properties":{"region_nom_bdd":"Kara","prefecture_nom_bdd":"Dankpen","commune_nom_bdd":"Dankpen 1","canton_nom_bdd":"Guérin-Kouka","nom_localite":"Nawakou","etablissement_nom":"Centre d'État Civil Annexe Nawakou","etab_adr":"Centre d'État Civil Annexe Nawakou, Nawakou, Guérin-Kouka, Dankpen 1","ouverture_jour":"{lundi,Mardi,Mercredi,Jeudi,Vendredi}","ministere_tutelle":"MATDDT"}},{"type":"Feature","id":"_mview_admi_etablissements_administration.fid--1b6ae3e2_1a0db278384_-39d2","geometry":{"type":"Point","coordinates":[0.60669243,9.69342774]},"geometry_name":"geometry","properties":{"region_nom_bdd":"Kara","prefecture_nom_bdd":"Dankpen","commune_nom_bdd":"Dankpen 1","canton_nom_bdd":"Guérin-Kouka","nom_localite":"Takpapimbou","etablissement_nom":"Centre d'État Civil Annexe Takpapimbou","etab_adr":"Centre d'État Civil Annexe Takpapimbou, Takpapimbou, Guérin-Kouka, Dankpen 1","ouverture_jour":"{lundi,Mardi,Mercredi,Jeudi,Vendredi}","ministere_tutelle":"MATDDT"}},{"type":"Feature","id":"_mview_admi_etablissements_administration.fid--1b6ae3e2_1a0db278384_-39d1","geometry":{"type":"Point","coordinates":[0.95446833,7.49089333]},"geometry_name":"geometry","properties":{"region_nom_bdd":"Plateaux","prefecture_nom_bdd":"Amou","commune_nom_bdd":"Amou 1","canton_nom_bdd":"Imlè-Adiva","nom_localite":"Ayome","etablissement_nom":"Centre d'État Civil Ayome","etab_adr":"Centre d'État Civil Ayome, Ayome, Imlè-Adiva, Amou 1","ouverture_jour":"{lundi,Mardi,Mercredi,Jeudi,Vendredi}","ministere_tutelle":"MATDDT"}},{"type":"Feature","id":"_mview_admi_etablissements_administration.fid--1b6ae3e2_1a0db278384_-39d0","geometry":{"type":"Point","coordinates":[1.17412453,9.54645291]},"geometry_name":"geometry","properties":{"region_nom_bdd":"Kara","prefecture_nom_bdd":"Kozah","commune_nom_bdd":"Kozah 1","canton_nom_bdd":"Commune De Kara","nom_localite":"Dongoyo","etablissement_nom":"Centre d'État Civil Annexe Dongoyo","etab_adr":"Centre d'État Civil Annexe Dongoyo, Dongoyo, Commune De Kara, Kozah 1","ouverture_jour":"{lundi,Mardi,Mercredi,Jeudi,Vendredi}","ministere_tutelle":"MATDDT"}},{"type":"Feature","id":"_mview_admi_etablissements_administration.fid--1b6ae3e2_1a0db278384_-39cf","geometry":{"type":"Point","coordinates":[0.81233897,9.45736432]},"geometry_name":"geometry","properties":{"region_nom_bdd":"Kara","prefecture_nom_bdd":"Bassar","commune_nom_bdd":"Bassar 3","canton_nom_bdd":"Kabou","nom_localite":"Kabou","etablissement_nom":"Centre d'État Civil Annexe Kabou","etab_adr":"Centre d'État Civil Annexe Kabou, Kabou, Kabou, Bassar 3","ouverture_jour":"{lundi,Mardi,Mercredi,Jeudi,Vendredi,Samedi,Dimanche}","ministere_tutelle":"MATDDT"}},{"type":"Feature","id":"_mview_admi_etablissements_administration.fid--1b6ae3e2_1a0db278384_-39ce","geometry":{"type":"Point","coordinates":[0.60673056,9.69333996]},"geometry_name":"geometry","properties":{"region_nom_bdd":"Kara","prefecture_nom_bdd":"Dankpen","commune_nom_bdd":"Dankpen 1","canton_nom_bdd":"Guérin-Kouka","nom_localite":"Sakponi","etablissement_nom":"Centre d'État Civil Annexe Sakponi","etab_adr":"Centre d'État Civil Annexe Sakponi, Sakponi, Guérin-Kouka, Dankpen 1","ouverture_jour":"{lundi,Mardi,Mercredi,Jeudi,Vendredi}","ministere_tutelle":"MATDDT"}},{"type":"Feature","id":"_mview_admi_etablissements_administration.fid--1b6ae3e2_1a0db278384_-39cd","geometry":{"type":"Point","coordinates":[0.46791986,10.35477924]},"geometry_name":"geometry","properties":{"region_nom_bdd":"Savanes","prefecture_nom_bdd":"Oti","commune_nom_bdd":"Oti 1","canton_nom_bdd":"Mango","nom_localite":"Quartier Administratif","etablissement_nom":"Mairie - Commune Oti 1","etab_adr":"Mairie - Commune Oti 1, Quartier Administratif, Mango, Oti 1, BP2 Mango","ouverture_jour":"{lundi,Mardi,Mercredi,Jeudi,Vendredi}","ministere_tutelle":"MATDDT"}},{"type":"Feature","id":"_mview_admi_etablissements_administration.fid--1b6ae3e2_1a0db278384_-39cc","geometry":{"type":"Point","coordinates":[0.60681477,9.6933943]},"geometry_name":"geometry","properties":{"region_nom_bdd":"Kara","prefecture_nom_bdd":"Dankpen","commune_nom_bdd":"Dankpen 1","canton_nom_bdd":"Guérin-Kouka","nom_localite":"Boutchatchal","etablissement_nom":"Centre d'État Civil Annexe Boutchatchal","etab_adr":"Centre d'État Civil Annexe Boutchatchal, Boutchatchal, Guérin-Kouka, Dankpen 1","ouverture_jour":"{lundi,Mardi,Mercredi,Jeudi,Vendredi}","ministere_tutelle":"MATDDT"}},{"type":"Feature","id":"_mview_admi_etablissements_administration.fid--1b6ae3e2_1a0db278384_-39cb","geometry":{"type":"Point","coordinates":[1.20471091,8.11470841]},"geometry_name":"geometry","properties":{"region_nom_bdd":"Centrale","prefecture_nom_bdd":"Blitta","commune_nom_bdd":"Blitta 2","canton_nom_bdd":"Langabou","nom_localite":"Tchrami","etablissement_nom":"Centre d'État Civil Secondaire Tchrami","etab_adr":"Centre d'État Civil Secondaire Tchrami, Tchrami, Langabou, Blitta 2","ouverture_jour":"{lundi,Mardi,Mercredi,Jeudi,Vendredi}","ministere_tutelle":"MATDDT"}},{"type":"Feature","id":"_mview_admi_etablissements_administration.fid--1b6ae3e2_1a0db278384_-39ca","geometry":{"type":"Point","coordinates":[1.41418031,8.5556972]},"geometry_name":"geometry","properties":{"region_nom_bdd":"Centrale","prefecture_nom_bdd":"Tchamba","commune_nom_bdd":"Tchamba 3","canton_nom_bdd":"Goubi","nom_localite":"Senande","etablissement_nom":"Centre d'État Civil Annexe Senande","etab_adr":"Centre d'État Civil Annexe Senande, Senande, Goubi, Tchamba 3","ouverture_jour":"{Vendredi,Jeudi,Mercredi,Mardi,lundi}","ministere_tutelle":"MATDDT"}},{"type":"Feature","id":"_mview_admi_etablissements_administration.fid--1b6ae3e2_1a0db278384_-39c9","geometry":{"type":"Point","coordinates":[1.40414608,8.52106071]},"geometry_name":"geometry","properties":{"region_nom_bdd":"Centrale","prefecture_nom_bdd":"Tchamba","commune_nom_bdd":"Tchamba 2","canton_nom_bdd":"Bago","nom_localite":"Bago","etablissement_nom":"Centre d'État Civil Annexe Bago","etab_adr":"Centre d'État Civil Annexe Bago, Bago, Bago, Tchamba 2","ouverture_jour":"{Vendredi,Jeudi,Mercredi,Mardi,lundi}","ministere_tutelle":"MATDDT"}},{"type":"Feature","id":"_mview_admi_etablissements_administration.fid--1b6ae3e2_1a0db278384_-39c8","geometry":{"type":"Point","coordinates":[1.51496102,8.83776225]},"geometry_name":"geometry","properties":{"region_nom_bdd":"Centrale","prefecture_nom_bdd":"Tchamba","commune_nom_bdd":"Tchamba 2","canton_nom_bdd":"Koussountou","nom_localite":"Koussountou","etablissement_nom":"Centre d'État Civil Annexe de Koussountou","etab_adr":"Centre d'État Civil Annexe de Koussountou, Koussountou, Koussountou, Tchamba 2","ouverture_jour":"{lundi,Mardi,Mercredi,Dimanche,Samedi,Vendredi,Jeudi}","ministere_tutelle":"MATDDT"}},{"type":"Feature","id":"_mview_admi_etablissements_administration.fid--1b6ae3e2_1a0db278384_-39c7","geometry":{"type":"Point","coordinates":[1.34482411,8.36877514]},"geometry_name":"geometry","properties":{"region_nom_bdd":"Centrale","prefecture_nom_bdd":"Tchamba","commune_nom_bdd":"Tchamba 2","canton_nom_bdd":"Bago","nom_localite":"Sameï","etablissement_nom":"Centre d'État Civil Annexe Sameï","etab_adr":"Centre d'État Civil Annexe Sameï, Sameï, Bago, Tchamba 2","ouverture_jour":"{Dimanche,Samedi,Vendredi,Jeudi,Mercredi,Mardi,lundi}","ministere_tutelle":"MATDDT"}},{"type":"Feature","id":"_mview_admi_etablissements_administration.fid--1b6ae3e2_1a0db278384_-39c6","geometry":{"type":"Point","coordinates":[1.47200708,8.71619143]},"geometry_name":"geometry","properties":{"region_nom_bdd":"Centrale","prefecture_nom_bdd":"Tchamba","commune_nom_bdd":"Tchamba 3","canton_nom_bdd":"Goubi","nom_localite":"Hezouwe","etablissement_nom":"Centre d'État Civil Annexe Hezouwe","etab_adr":"Centre d'État Civil Annexe Hezouwe, Hezouwe, Goubi, Tchamba 3","ouverture_jour":"{Vendredi,Jeudi,Mercredi,Mardi,lundi}","ministere_tutelle":"MATDDT"}},{"type":"Feature","id":"_mview_admi_etablissements_administration.fid--1b6ae3e2_1a0db278384_-39c5","geometry":{"type":"Point","coordinates":[1.40742498,8.55916708]},"geometry_name":"geometry","properties":{"region_nom_bdd":"Centrale","prefecture_nom_bdd":"Tchamba","commune_nom_bdd":"Tchamba 3","canton_nom_bdd":"Goubi","nom_localite":"Afoule","etablissement_nom":"Centre d'État Civil Annexe Afoule","etab_adr":"Centre d'État Civil Annexe Afoule, Afoule, Goubi, Tchamba 3","ouverture_jour":"{Dimanche,Samedi,Vendredi,Jeudi,Mercredi,Mardi,lundi}","ministere_tutelle":"MATDDT"}},{"type":"Feature","id":"_mview_admi_etablissements_administration.fid--1b6ae3e2_1a0db278384_-39c4","geometry":{"type":"Point","coordinates":[0.01111,11.095935]},"geometry_name":"geometry","properties":{"region_nom_bdd":"Savanes","prefecture_nom_bdd":"Cinkassé","commune_nom_bdd":"Cinkassé 1","canton_nom_bdd":"Cinkassé","nom_localite":"Pizonsgo","etablissement_nom":"Centre d'État Civil Secondaire Cinkasse N3","etab_adr":"Centre d'État Civil Secondaire Cinkasse N3, Pizonsgo, Boadé, Cinkassé 1","ouverture_jour":"{lundi,Mardi,Mercredi,Jeudi,Vendredi}","ministere_tutelle":"MATDDT"}},{"type":"Feature","id":"_mview_admi_etablissements_administration.fid--1b6ae3e2_1a0db278384_-39c3","geometry":{"type":"Point","coordinates":[0.27991167,10.89746167]},"geometry_name":"geometry","properties":{"region_nom_bdd":"Savanes","prefecture_nom_bdd":"Tône","commune_nom_bdd":"Tône 4","canton_nom_bdd":"Kantindi","nom_localite":"Kantindi Centre","etablissement_nom":"Centre d'État Civil Secondaire Kantindi 1","etab_adr":"Centre d'État Civil Secondaire Kantindi 1, Kantindi Centre, Kantindi, Tône 4","ouverture_jour":"{lundi,Mardi,Mercredi,Jeudi,Vendredi,Samedi}","ministere_tutelle":"MATDDT"}},{"type":"Feature","id":"_mview_admi_etablissements_administration.fid--1b6ae3e2_1a0db278384_-39c2","geometry":{"type":"Point","coordinates":[0.77978833,9.25992]},"geometry_name":"geometry","properties":{"region_nom_bdd":"Kara","prefecture_nom_bdd":"Bassar","commune_nom_bdd":"Bassar 1","canton_nom_bdd":"Bassar","nom_localite":"Zongo","etablissement_nom":"Mairie - Commune Bassar 1","etab_adr":"Mairie - Commune Bassar 1, Zongo, Bassar, Bassar 1, BP77","ouverture_jour":"{lundi,Mardi,Mercredi,Jeudi,Vendredi}","ministere_tutelle":"MATDDT"}},{"type":"Feature","id":"_mview_admi_etablissements_administration.fid--1b6ae3e2_1a0db278384_-39c1","geometry":{"type":"Point","coordinates":[1.26831398,9.76254389]},"geometry_name":"geometry","properties":{"region_nom_bdd":"Kara","prefecture_nom_bdd":"Binah","commune_nom_bdd":"Binah 1","canton_nom_bdd":"Pitikita","nom_localite":"Somde","etablissement_nom":"Centre d'État Civil Annexe Pitikita","etab_adr":"Centre d'État Civil Annexe Pitikita, Somde, Pitikita, Binah 1","ouverture_jour":"{lundi,Mardi,Mercredi,Jeudi,Vendredi}","ministere_tutelle":"MATDDT"}},{"type":"Feature","id":"_mview_admi_etablissements_administration.fid--1b6ae3e2_1a0db278384_-39c0","geometry":{"type":"Point","coordinates":[0.75112138,10.32406866]},"geometry_name":"geometry","properties":{"region_nom_bdd":"Savanes","prefecture_nom_bdd":"Oti-Sud","commune_nom_bdd":"Oti-Sud 1","canton_nom_bdd":"Gando","nom_localite":"Gando","etablissement_nom":"Préfecture - Oti Sud","etab_adr":"Préfecture - Oti Sud, Gando, Gando, Oti-Sud 1","ouverture_jour":"{lundi,Mardi,Mercredi,Jeudi,Vendredi}","ministere_tutelle":"MATDDT"}},{"type":"Feature","id":"_mview_admi_etablissements_administration.fid--1b6ae3e2_1a0db278384_-39bf","geometry":{"type":"Point","coordinates":[1.2193342,6.12323383]},"geometry_name":"geometry","properties":{"region_nom_bdd":"Maritime","prefecture_nom_bdd":"Golfe","commune_nom_bdd":"Golfe 4","canton_nom_bdd":"Amoutivé","nom_localite":"Quartier Administratif","etablissement_nom":"Fonds d'Appui aux Collectivités Territoriales (ST CG-FACT)","etab_adr":"Fonds d'Appui aux Collectivités Territoriales (ST CG-FACT), Quartier Administratif, Amoutivé, Golfe 4","ouverture_jour":"{Samedi,Vendredi,Jeudi,Mercredi,Mardi,lundi}","ministere_tutelle":"MATDDT"}},{"type":"Feature","id":"_mview_admi_etablissements_administration.fid--1b6ae3e2_1a0db278384_-39be","geometry":{"type":"Point","coordinates":[1.27643002,6.14126507]},"geometry_name":"geometry","properties":{"region_nom_bdd":"Maritime","prefecture_nom_bdd":"Golfe","commune_nom_bdd":"Golfe 1","canton_nom_bdd":"Bè-Est","nom_localite":"Port Autonome","etablissement_nom":"Mairie - Commune Golfe 1 - Direction des Affaires Administratives, Ressources Humaines et États Civils","etab_adr":"Mairie - Commune Golfe 1 - Direction des Affaires Administratives, Ressources Humaines et États Civils, Port Autonome, Bè-Est, Golfe 1","ouverture_jour":"{lundi,Mardi,Mercredi,Jeudi,Vendredi}","ministere_tutelle":"MATDDT"}},{"type":"Feature","id":"_mview_admi_etablissements_administration.fid--1b6ae3e2_1a0db278384_-39bd","geometry":{"type":"Point","coordinates":[1.18190624,10.05325322]},"geometry_name":"geometry","properties":{"region_nom_bdd":"Kara","prefecture_nom_bdd":"Kéran","commune_nom_bdd":"Kéran 3","canton_nom_bdd":"Koutougou","nom_localite":"Koutougou","etablissement_nom":"Centre d'État Civil Annexe Koutougou","etab_adr":"Centre d'État Civil Annexe Koutougou, Koutougou, Koutougou, Kéran 3","ouverture_jour":"Nsp","ministere_tutelle":"MATDDT"}},{"type":"Feature","id":"_mview_admi_etablissements_administration.fid--1b6ae3e2_1a0db278384_-39bc","geometry":{"type":"Point","coordinates":[0.94073992,7.48790894]},"geometry_name":"geometry","properties":{"region_nom_bdd":"Plateaux","prefecture_nom_bdd":"Amou","commune_nom_bdd":"Amou 1","canton_nom_bdd":"Amlamé (Ouma)","nom_localite":"Ezime","etablissement_nom":"Centre d'État Civil Ezime","etab_adr":"Centre d'État Civil Ezime, Ezime, Amlamé (Ouma), Amou 1","ouverture_jour":"Nsp","ministere_tutelle":"MATDDT"}},{"type":"Feature","id":"_mview_admi_etablissements_administration.fid--1b6ae3e2_1a0db278384_-39bb","geometry":{"type":"Point","coordinates":[1.21946167,6.12331]},"geometry_name":"geometry","properties":{"region_nom_bdd":"Maritime","prefecture_nom_bdd":"Golfe","commune_nom_bdd":"Golfe 4","canton_nom_bdd":"Amoutivé","nom_localite":"Quartier Administratif","etablissement_nom":"Ministère de l'Administration Territoriale de la Décentralisation et du Développement des Territoires (MATDDT)","etab_adr":"Ministère de l'Administration Territoriale de la Décentralisation et du Développement des Territoires (MATDDT), Quartier Administratif, Amoutivé, Golfe 4, BP390 Lomé","ouverture_jour":"{lundi,Mardi,Mercredi,Jeudi,Vendredi}","ministere_tutelle":"MATDDT"}},{"type":"Feature","id":"_mview_admi_etablissements_administration.fid--1b6ae3e2_1a0db278384_-39ba","geometry":{"type":"Point","coordinates":[0.19630455,10.89000774]},"geometry_name":"geometry","properties":{"region_nom_bdd":"Savanes","prefecture_nom_bdd":"Tône","commune_nom_bdd":"Tône 1","canton_nom_bdd":"Dapaong","nom_localite":"Nassablé","etablissement_nom":"Centre d'État Civil Annexe Polyclinique Dapaong","etab_adr":"Centre d'État Civil Annexe Polyclinique Dapaong, Nassablé, Dapaong, Tône 1","ouverture_jour":"{lundi,Mardi,Jeudi}","ministere_tutelle":"MATDDT"}},{"type":"Feature","id":"_mview_admi_etablissements_administration.fid--1b6ae3e2_1a0db278384_-39b9","geometry":{"type":"Point","coordinates":[1.21221039,9.6421699]},"geometry_name":"geometry","properties":{"region_nom_bdd":"Kara","prefecture_nom_bdd":"Kozah","commune_nom_bdd":"Kozah 1","canton_nom_bdd":"Lassa","nom_localite":"Samala Haut","etablissement_nom":"Centre d'État Civil Lassa Haut","etab_adr":"Centre d'État Civil Lassa Haut, Samala Haut, Lassa, Kozah 1","ouverture_jour":"{lundi,Mardi,Mercredi,Jeudi,Vendredi}","ministere_tutelle":"MATDDT"}},{"type":"Feature","id":"_mview_admi_etablissements_administration.fid--1b6ae3e2_1a0db278384_-39b8","geometry":{"type":"Point","coordinates":[0.97799667,9.48223833]},"geometry_name":"geometry","properties":{"region_nom_bdd":"Kara","prefecture_nom_bdd":"Bassar","commune_nom_bdd":"Bassar 4","canton_nom_bdd":"Sanda-Afohou","nom_localite":"Kawa","etablissement_nom":"Centre d'État Civil Kawa","etab_adr":"Centre d'État Civil Kawa, Kawa, Sanda-Afohou, Bassar 4","ouverture_jour":"{Vendredi}","ministere_tutelle":"MATDDT"}},{"type":"Feature","id":"_mview_admi_etablissements_administration.fid--1b6ae3e2_1a0db278384_-39b7","geometry":{"type":"Point","coordinates":[0.61165619,9.67940133]},"geometry_name":"geometry","properties":{"region_nom_bdd":"Kara","prefecture_nom_bdd":"Dankpen","commune_nom_bdd":"Dankpen 1","canton_nom_bdd":"Guérin-Kouka","nom_localite":"Guerin-kouka","etablissement_nom":"Préfecture - Dankpen","etab_adr":"Préfecture - Dankpen, Guerin-Kouka, Guérin-Kouka, Dankpen 1, BP74","ouverture_jour":"{lundi,Mardi,Mercredi,Jeudi,Vendredi}","ministere_tutelle":"MATDDT"}},{"type":"Feature","id":"_mview_admi_etablissements_administration.fid--1b6ae3e2_1a0db278384_-39b6","geometry":{"type":"Point","coordinates":[0.56540884,8.78790577]},"geometry_name":"geometry","properties":{"region_nom_bdd":"Centrale","prefecture_nom_bdd":"Mô","commune_nom_bdd":"Mô 1","canton_nom_bdd":"Djarkpanga","nom_localite":"Djarkpanga","etablissement_nom":"Mairie - Commune Mô 1","etab_adr":"Mairie - Commune Mô 1, Djarkpanga, Djarkpanga, Mô 1","ouverture_jour":"{lundi,Mardi,Mercredi,Jeudi,Vendredi}","ministere_tutelle":"MATDDT"}},{"type":"Feature","id":"_mview_admi_etablissements_administration.fid--1b6ae3e2_1a0db278384_-39b5","geometry":{"type":"Point","coordinates":[0.61111207,9.68005174]},"geometry_name":"geometry","properties":{"region_nom_bdd":"Kara","prefecture_nom_bdd":"Dankpen","commune_nom_bdd":"Dankpen 1","canton_nom_bdd":"Guérin-Kouka","nom_localite":"Guerin-kouka","etablissement_nom":"Mairie de Dankpen","etab_adr":"Institut National de la Propriété Industrielle et de la Technologie (INPIT), Guerin-Kouka, Guérin-Kouka, Dankpen 1, BP83","ouverture_jour":"{lundi,Mardi,Mercredi,Jeudi,Vendredi}","ministere_tutelle":"MATDDT"}},{"type":"Feature","id":"_mview_admi_etablissements_administration.fid--1b6ae3e2_1a0db278384_-39b4","geometry":{"type":"Point","coordinates":[1.16763667,6.18438333]},"geometry_name":"geometry","properties":{"region_nom_bdd":"Maritime","prefecture_nom_bdd":"Golfe","commune_nom_bdd":"Golfe 5","canton_nom_bdd":"Aflao-Gakli","nom_localite":"Adidogome","etablissement_nom":"Centre d'État Civil Adidogomé","etab_adr":"Centre d'État Civil Adidogomé, Adidogome, Aflao-Gakli, Golfe 5","ouverture_jour":"{lundi,Mardi,Mercredi,Jeudi,Vendredi}","ministere_tutelle":"MATDDT"}},{"type":"Feature","id":"_mview_admi_etablissements_administration.fid--1b6ae3e2_1a0db278384_-39b3","geometry":{"type":"Point","coordinates":[1.17615,6.25312667]},"geometry_name":"geometry","properties":{"region_nom_bdd":"Maritime","prefecture_nom_bdd":"Agoè-Nyivé","commune_nom_bdd":"Agoè-Nyivé 1","canton_nom_bdd":"Agoè-Nyivé","nom_localite":"Sogbossito","etablissement_nom":"Centre d'État Civil Agoe Nyive Sogbossito","etab_adr":"Centre d'État Civil Agoe Nyive Sogbossito, Sogbossito, Agoè-Nyivé, Agoè-Nyivé 1","ouverture_jour":"{lundi,Mardi,Mercredi,Jeudi,Vendredi}","ministere_tutelle":"MATDDT"}},{"type":"Feature","id":"_mview_admi_etablissements_administration.fid--1b6ae3e2_1a0db278384_-39b2","geometry":{"type":"Point","coordinates":[0.28215559,10.89720846]},"geometry_name":"geometry","properties":{"region_nom_bdd":"Savanes","prefecture_nom_bdd":"Tône","commune_nom_bdd":"Tône 4","canton_nom_bdd":"Kantindi","nom_localite":"Kantindi Centre","etablissement_nom":"Centre d'État Civil Secondaire Kantindi 2","etab_adr":"Centre d'État Civil Secondaire Kantindi 2, Kantindi Centre, Kantindi, Tône 4","ouverture_jour":"{lundi,Mardi,Mercredi,Jeudi,Vendredi,Samedi}","ministere_tutelle":"MATDDT"}},{"type":"Feature","id":"_mview_admi_etablissements_administration.fid--1b6ae3e2_1a0db278384_-39b1","geometry":{"type":"Point","coordinates":[0.05280471,10.79405615]},"geometry_name":"geometry","properties":{"region_nom_bdd":"Savanes","prefecture_nom_bdd":"Tône","commune_nom_bdd":"Tône 3","canton_nom_bdd":"Lotogou","nom_localite":"Pokpera","etablissement_nom":"Centre d'État Civil Secondaire Lotogou 3","etab_adr":"Centre d'État Civil Secondaire Lotogou 3, Pokpera, Lotogou, Tône 3","ouverture_jour":"{lundi,Mardi,Mercredi,Jeudi,Vendredi,Samedi}","ministere_tutelle":"MATDDT"}},{"type":"Feature","id":"_mview_admi_etablissements_administration.fid--1b6ae3e2_1a0db278384_-39b0","geometry":{"type":"Point","coordinates":[0.63092008,9.42485219]},"geometry_name":"geometry","properties":{"region_nom_bdd":"Kara","prefecture_nom_bdd":"Bassar","commune_nom_bdd":"Bassar 2","canton_nom_bdd":"Bangeli","nom_localite":"Kountoun","etablissement_nom":"Centre d'État Civil Annexe Kountoun","etab_adr":"Centre d'État Civil Annexe Kountoun, Kountoun, Bangeli, Bassar 2","ouverture_jour":"{lundi,Mardi,Mercredi,Jeudi,Vendredi}","ministere_tutelle":"MATDDT"}},{"type":"Feature","id":"_mview_admi_etablissements_administration.fid--1b6ae3e2_1a0db278384_-39af","geometry":{"type":"Point","coordinates":[0.71998738,6.846867]},"geometry_name":"geometry","properties":{"region_nom_bdd":"Plateaux","prefecture_nom_bdd":"Agou","commune_nom_bdd":"Agou 1","canton_nom_bdd":"Agou-Tavié","nom_localite":"Tavie","etablissement_nom":"Centre d'État Civil Agou Tavie","etab_adr":"Centre d'État Civil Agou Tavie, Tavie, Agou-Tavié, Agou 1","ouverture_jour":"Nsp","ministere_tutelle":"MATDDT"}},{"type":"Feature","id":"_mview_admi_etablissements_administration.fid--1b6ae3e2_1a0db278384_-39ae","geometry":{"type":"Point","coordinates":[0.63078898,9.42512422]},"geometry_name":"geometry","properties":{"region_nom_bdd":"Kara","prefecture_nom_bdd":"Bassar","commune_nom_bdd":"Bassar 2","canton_nom_bdd":"Bangeli","nom_localite":"Biyakpabe","etablissement_nom":"Centre d'État Civil Annexe Biyakpabe","etab_adr":"Centre d'État Civil Annexe Biyakpabe, Biyakpabe, Bangeli, Bassar 2","ouverture_jour":"{lundi,Mardi,Mercredi,Jeudi,Vendredi}","ministere_tutelle":"MATDDT"}},{"type":"Feature","id":"_mview_admi_etablissements_administration.fid--1b6ae3e2_1a0db278384_-39ad","geometry":{"type":"Point","coordinates":[0.61610987,9.52751102]},"geometry_name":"geometry","properties":{"region_nom_bdd":"Kara","prefecture_nom_bdd":"Dankpen","commune_nom_bdd":"Dankpen 3","canton_nom_bdd":"Bapuré","nom_localite":"Koudjokponkpon","etablissement_nom":"Centre d'État Civil Annexe Koudjokponkpon","etab_adr":"Centre d'État Civil Annexe Koudjokponkpon, Koudjokponkpon, Bapuré, Dankpen 3","ouverture_jour":"{lundi,Mardi,Mercredi,Jeudi,Vendredi}","ministere_tutelle":"MATDDT"}},{"type":"Feature","id":"_mview_admi_etablissements_administration.fid--1b6ae3e2_1a0db278384_-39ac","geometry":{"type":"Point","coordinates":[0.60679286,9.69333356]},"geometry_name":"geometry","properties":{"region_nom_bdd":"Kara","prefecture_nom_bdd":"Dankpen","commune_nom_bdd":"Dankpen 1","canton_nom_bdd":"Guérin-Kouka","nom_localite":"Namandjol","etablissement_nom":"Centre d'État Civil Annexe Namandjol","etab_adr":"Centre d'État Civil Annexe Namandjol, Namandjol, Guérin-Kouka, Dankpen 1","ouverture_jour":"{lundi,Mardi,Mercredi,Jeudi,Vendredi}","ministere_tutelle":"MATDDT"}},{"type":"Feature","id":"_mview_admi_etablissements_administration.fid--1b6ae3e2_1a0db278384_-39ab","geometry":{"type":"Point","coordinates":[1.03264091,8.27060922]},"geometry_name":"geometry","properties":{"region_nom_bdd":"Centrale","prefecture_nom_bdd":"Blitta","commune_nom_bdd":"Blitta 1","canton_nom_bdd":"Waragni","nom_localite":"Waragni","etablissement_nom":"Centre d'État Civil Annexe Waragni","etab_adr":"Centre d'État Civil Annexe Waragni, Waragni, Waragni, Blitta 1","ouverture_jour":"{lundi,Mardi,Mercredi,Jeudi,Vendredi}","ministere_tutelle":"MATDDT"}},{"type":"Feature","id":"_mview_admi_etablissements_administration.fid--1b6ae3e2_1a0db278384_-39aa","geometry":{"type":"Point","coordinates":[0.61601763,9.52743329]},"geometry_name":"geometry","properties":{"region_nom_bdd":"Kara","prefecture_nom_bdd":"Dankpen","commune_nom_bdd":"Dankpen 3","canton_nom_bdd":"Bapuré","nom_localite":"Yakindo","etablissement_nom":"Centre d'État Civil Annexe Yakindo","etab_adr":"Centre d'État Civil Annexe Yakindo, Yakindo, Bapuré, Dankpen 3","ouverture_jour":"{lundi,Mardi,Mercredi,Jeudi,Vendredi}","ministere_tutelle":"MATDDT"}},{"type":"Feature","id":"_mview_admi_etablissements_administration.fid--1b6ae3e2_1a0db278384_-39a9","geometry":{"type":"Point","coordinates":[0.01680747,11.10690728]},"geometry_name":"geometry","properties":{"region_nom_bdd":"Savanes","prefecture_nom_bdd":"Cinkassé","commune_nom_bdd":"Cinkassé 1","canton_nom_bdd":"Cinkassé","nom_localite":"Cinkasse 2","etablissement_nom":"Centre d'État Civil Secondaire Cinkasse N2","etab_adr":"Centre d'État Civil Secondaire Cinkasse N2, Maison Du Chef, Cinkasse 2, Boadé, Cinkassé 1","ouverture_jour":"{lundi,Mardi,Mercredi,Jeudi,Vendredi}","ministere_tutelle":"MATDDT"}},{"type":"Feature","id":"_mview_admi_etablissements_administration.fid--1b6ae3e2_1a0db278384_-39a8","geometry":{"type":"Point","coordinates":[1.11527748,8.50522878]},"geometry_name":"geometry","properties":{"region_nom_bdd":"Centrale","prefecture_nom_bdd":"Sotouboua","commune_nom_bdd":"Sotouboua 1","canton_nom_bdd":"Tabindè","nom_localite":"Tchoïdè","etablissement_nom":"Centre d'État Civil Secondaire Tchoide","etab_adr":"Centre d'État Civil Secondaire Tchoide, Tchoïdè, Tabindè, Sotouboua 1","ouverture_jour":"{Dimanche,Samedi,Vendredi,Jeudi,Mercredi,Mardi,lundi}","ministere_tutelle":"MATDDT"}},{"type":"Feature","id":"_mview_admi_etablissements_administration.fid--1b6ae3e2_1a0db278384_-39a7","geometry":{"type":"Point","coordinates":[1.41889008,9.02780647]},"geometry_name":"geometry","properties":{"region_nom_bdd":"Centrale","prefecture_nom_bdd":"Tchamba","commune_nom_bdd":"Tchamba 1","canton_nom_bdd":"Tchamba","nom_localite":"Watuwa1","etablissement_nom":"Centre d'État Civil Secondaire Watuwa 1","etab_adr":"Centre d'État Civil Secondaire Watuwa 1, Watuwa1, Tchamba, Tchamba 1","ouverture_jour":"{lundi,Mardi,Mercredi,Jeudi,Vendredi,Samedi,Dimanche}","ministere_tutelle":"MATDDT"}},{"type":"Feature","id":"_mview_admi_etablissements_administration.fid--1b6ae3e2_1a0db278384_-39a6","geometry":{"type":"Point","coordinates":[1.13897364,8.98407898]},"geometry_name":"geometry","properties":{"region_nom_bdd":"Centrale","prefecture_nom_bdd":"Tchaoudjo","commune_nom_bdd":"Tchaoudjo 1","canton_nom_bdd":"Sokodè (Komah)","nom_localite":"Komah","etablissement_nom":"Centre d'État Civil Sokodé","etab_adr":"Centre d'État Civil Sokodé, Komah, Sokodè (Komah), Tchaoudjo 1, BP191 Sokode","ouverture_jour":"{Vendredi,Jeudi,Mercredi,Mardi,lundi}","ministere_tutelle":"MATDDT"}},{"type":"Feature","id":"_mview_admi_etablissements_administration.fid--1b6ae3e2_1a0db278384_-39a5","geometry":{"type":"Point","coordinates":[1.3248788,9.11931015]},"geometry_name":"geometry","properties":{"region_nom_bdd":"Centrale","prefecture_nom_bdd":"Tchaoudjo","commune_nom_bdd":"Tchaoudjo 4","canton_nom_bdd":"Agouloudè","nom_localite":"Agoulou","etablissement_nom":"Centre d'État Civil Agoulou","etab_adr":"Centre d'État Civil Agoulou, Agoulou, Agouloudè, Tchaoudjo 4","ouverture_jour":"{Vendredi,Jeudi,Mercredi,Mardi,lundi}","ministere_tutelle":"MATDDT"}},{"type":"Feature","id":"_mview_admi_etablissements_administration.fid--1b6ae3e2_1a0db278384_-39a4","geometry":{"type":"Point","coordinates":[1.20044494,9.20999281]},"geometry_name":"geometry","properties":{"region_nom_bdd":"Centrale","prefecture_nom_bdd":"Tchaoudjo","commune_nom_bdd":"Tchaoudjo 3","canton_nom_bdd":"Aléhéridè","nom_localite":"Aleheride","etablissement_nom":"Centre d'État Civil Aleheride","etab_adr":"Centre d'État Civil Aleheride, Aleheride, Aléhéridè, Tchaoudjo 3, BP48","ouverture_jour":"{lundi,Mardi,Mercredi,Jeudi,Vendredi}","ministere_tutelle":"MATDDT"}},{"type":"Feature","id":"_mview_admi_etablissements_administration.fid--1b6ae3e2_1a0db278384_-39a3","geometry":{"type":"Point","coordinates":[1.20581678,6.12866838]},"geometry_name":"geometry","properties":{"region_nom_bdd":"Maritime","prefecture_nom_bdd":"Golfe","commune_nom_bdd":"Golfe 4","canton_nom_bdd":"Amoutivé","nom_localite":"Nyekonakpoe","etablissement_nom":"Mairie - Commune Golfe 4 - Direction des Affaires Administratives, Ressources Humaines et États Civils","etab_adr":"Mairie - Commune Golfe 4 - Direction des Affaires Administratives, Ressources Humaines et États Civils, Nyekonakpoe, Amoutivé, Golfe 4, 01BP330 Lomé","ouverture_jour":"{lundi,Mardi,Mercredi,Jeudi,Vendredi}","ministere_tutelle":"MATDDT"}},{"type":"Feature","id":"_mview_admi_etablissements_administration.fid--1b6ae3e2_1a0db278384_-39a2","geometry":{"type":"Point","coordinates":[1.23110787,6.15515174]},"geometry_name":"geometry","properties":{"region_nom_bdd":"Maritime","prefecture_nom_bdd":"Golfe","commune_nom_bdd":"Golfe 3","canton_nom_bdd":"Bè-Ouest","nom_localite":"Nukafu","etablissement_nom":"Centre d'État Civil Golfe 2","etab_adr":"Centre d'État Civil Golfe 2, Nukafu, Bè-Ouest, Golfe 3, BP123 Golfe 2","ouverture_jour":"{lundi,Mardi,Mercredi,Jeudi,Vendredi}","ministere_tutelle":"MATDDT"}},{"type":"Feature","id":"_mview_admi_etablissements_administration.fid--1b6ae3e2_1a0db278384_-39a1","geometry":{"type":"Point","coordinates":[1.2213021,6.1238689]},"geometry_name":"geometry","properties":{"region_nom_bdd":"Maritime","prefecture_nom_bdd":"Golfe","commune_nom_bdd":"Golfe 4","canton_nom_bdd":"Amoutivé","nom_localite":"Quartier Administratif","etablissement_nom":"Préfecture - Golfe","etab_adr":"Préfecture - Golfe, Quartier Administratif, Amoutivé, Golfe 4, BP1104 Lomé","ouverture_jour":"{lundi,Mardi,Mercredi,Jeudi,Vendredi}","ministere_tutelle":"MATDDT"}},{"type":"Feature","id":"_mview_admi_etablissements_administration.fid--1b6ae3e2_1a0db278384_-39a0","geometry":{"type":"Point","coordinates":[0.74086541,10.70221705]},"geometry_name":"geometry","properties":{"region_nom_bdd":"Savanes","prefecture_nom_bdd":"Oti-Sud","commune_nom_bdd":"Oti-Sud 1","canton_nom_bdd":"Tchamonga","nom_localite":"Gbamba","etablissement_nom":"Centre d'État Civil Annexe Gbamba Oti 2","etab_adr":"Centre d'État Civil Annexe Gbamba Oti 2, Gbamba, Tchamonga, Oti-Sud 1","ouverture_jour":"{lundi,Mardi,Mercredi,Jeudi,Vendredi}","ministere_tutelle":"MATDDT"}},{"type":"Feature","id":"_mview_admi_etablissements_administration.fid--1b6ae3e2_1a0db278384_-399f","geometry":{"type":"Point","coordinates":[1.19241491,6.21959993]},"geometry_name":"geometry","properties":{"region_nom_bdd":"Maritime","prefecture_nom_bdd":"Agoè-Nyivé","commune_nom_bdd":"Agoè-Nyivé 1","canton_nom_bdd":"Agoè-Nyivé","nom_localite":"Agoe Nyive","etablissement_nom":"Mairie - Commune Agoè-Nyivé 1","etab_adr":"Mairie - Commune Agoè-Nyivé 1, Agoe Nyive, Agoè-Nyivé, Agoè-Nyivé 1","ouverture_jour":"{lundi,Mardi,Mercredi,Jeudi,Vendredi}","ministere_tutelle":"MATDDT"}},{"type":"Feature","id":"_mview_admi_etablissements_administration.fid--1b6ae3e2_1a0db278384_-399e","geometry":{"type":"Point","coordinates":[0.71402185,7.28477132]},"geometry_name":"geometry","properties":{"region_nom_bdd":"Plateaux","prefecture_nom_bdd":"Danyi","commune_nom_bdd":"Danyi 2","canton_nom_bdd":"Danyi-Elavagnon","nom_localite":"Elavanyo","etablissement_nom":"Mairie - Commune Danyi 2","etab_adr":"Mairie - Commune Danyi 2, Elavanyo, Danyi-Elavagnon, Danyi 2, 215BP08","ouverture_jour":"{Vendredi,Jeudi,Mercredi,Mardi,lundi}","ministere_tutelle":"MATDDT"}},{"type":"Feature","id":"_mview_admi_etablissements_administration.fid--1b6ae3e2_1a0db278384_-399d","geometry":{"type":"Point","coordinates":[1.59821333,6.33219833]},"geometry_name":"geometry","properties":{"region_nom_bdd":"Maritime","prefecture_nom_bdd":"Lacs","commune_nom_bdd":"Lacs 4","canton_nom_bdd":"Anfoin","nom_localite":"Apeto Condji","etablissement_nom":"Mairie - Commune Lacs 4","etab_adr":"Mairie - Commune Lacs 4, Apeto Condji, Anfoin, Lacs 4","ouverture_jour":"{lundi,Mardi,Mercredi,Jeudi,Vendredi}","ministere_tutelle":"MATDDT"}},{"type":"Feature","id":"_mview_admi_etablissements_administration.fid--1b6ae3e2_1a0db278384_-399c","geometry":{"type":"Point","coordinates":[1.216555,6.15703333]},"geometry_name":"geometry","properties":{"region_nom_bdd":"Maritime","prefecture_nom_bdd":"Golfe","commune_nom_bdd":"Golfe 3","canton_nom_bdd":"Bè-Ouest","nom_localite":"Doumassesse","etablissement_nom":"Mairie - Commune Golfe 3","etab_adr":"Mairie - Commune Golfe 3, Doumassesse, Bè-Ouest, Golfe 3, 15BP440 Lomé","ouverture_jour":"{lundi,Mardi,Mercredi,Jeudi,Vendredi}","ministere_tutelle":"MATDDT"}},{"type":"Feature","id":"_mview_admi_etablissements_administration.fid--1b6ae3e2_1a0db278384_-399b","geometry":{"type":"Point","coordinates":[1.21938611,6.12369059]},"geometry_name":"geometry","properties":{"region_nom_bdd":"Maritime","prefecture_nom_bdd":"Golfe","commune_nom_bdd":"Golfe 4","canton_nom_bdd":"Amoutivé","nom_localite":"Quartier Administratif","etablissement_nom":"Direction de la décentralisation et des collectivités locales","etab_adr":"Nsp","ouverture_jour":"{Jeudi,Mardi,Mercredi,Vendredi,lundi}","ministere_tutelle":"MATDDT"}},{"type":"Feature","id":"_mview_admi_etablissements_administration.fid--1b6ae3e2_1a0db278384_-399a","geometry":{"type":"Point","coordinates":[1.2208876,6.12418531]},"geometry_name":"geometry","properties":{"region_nom_bdd":"Maritime","prefecture_nom_bdd":"Golfe","commune_nom_bdd":"Golfe 4","canton_nom_bdd":"Amoutivé","nom_localite":"Quartier Administratif","etablissement_nom":"Faîtière des communes du Togo","etab_adr":"BP: 1298","ouverture_jour":"{Jeudi,Mardi,Mercredi,Vendredi,lundi}","ministere_tutelle":"MATDDT"}},{"type":"Feature","id":"_mview_admi_etablissements_administration.fid--1b6ae3e2_1a0db278384_-3999","geometry":{"type":"Point","coordinates":[1.22213578,6.19306957]},"geometry_name":"geometry","properties":{"region_nom_bdd":"Maritime","prefecture_nom_bdd":"Golfe","commune_nom_bdd":"Golfe 3","canton_nom_bdd":"Bè-Ouest","nom_localite":"Tokoin-atchati","etablissement_nom":"Présidence de la République togolaise","etab_adr":"Nsp","ouverture_jour":"{Jeudi,Mardi,Mercredi,Vendredi,lundi}","ministere_tutelle":"MATDDT"}},{"type":"Feature","id":"_mview_admi_etablissements_administration.fid--1b6ae3e2_1a0db278384_-3998","geometry":{"type":"Point","coordinates":[1.12376807,6.22246102]},"geometry_name":"geometry","properties":{"region_nom_bdd":"Maritime","prefecture_nom_bdd":"Golfe","commune_nom_bdd":"Golfe 7","canton_nom_bdd":"Aflao-Sagbado","nom_localite":"Sanguera","etablissement_nom":"Mairie - Commune Agoè-Nyivé 5","etab_adr":"23 BP 277","ouverture_jour":"{Jeudi,Mardi,Mercredi,Vendredi,lundi}","ministere_tutelle":"MATDDT"}},{"type":"Feature","id":"_mview_admi_etablissements_administration.fid--1b6ae3e2_1a0db278384_-3997","geometry":{"type":"Point","coordinates":[1.21918923,6.12341792]},"geometry_name":"geometry","properties":{"region_nom_bdd":"Maritime","prefecture_nom_bdd":"Golfe","commune_nom_bdd":"Golfe 4","canton_nom_bdd":"Amoutivé","nom_localite":"Amoutive","etablissement_nom":"Comité État Civil (CEC)","etab_adr":"Amoutivé","ouverture_jour":"{Jeudi,Mardi,Mercredi,Vendredi,lundi}","ministere_tutelle":"MATDDT"}},{"type":"Feature","id":"_mview_admi_etablissements_administration.fid--1b6ae3e2_1a0db278384_-3996","geometry":{"type":"Point","coordinates":[1.21932143,6.12322677]},"geometry_name":"geometry","properties":{"region_nom_bdd":"Maritime","prefecture_nom_bdd":"Golfe","commune_nom_bdd":"Golfe 4","canton_nom_bdd":"Amoutivé","nom_localite":"Amoutive","etablissement_nom":"Commission Nationale de délimitation des frontières (CNDF)","etab_adr":"Amoutivé","ouverture_jour":"{Jeudi,Mardi,Samedi,Mercredi,Vendredi,lundi}","ministere_tutelle":"MATDDT"}},{"type":"Feature","id":"_mview_admi_etablissements_administration.fid--1b6ae3e2_1a0db278384_-3995","geometry":{"type":"Point","coordinates":[1.18567213,6.21990271]},"geometry_name":"geometry","properties":{"region_nom_bdd":"Maritime","prefecture_nom_bdd":"Agoè-Nyivé","commune_nom_bdd":"Agoè-Nyivé 1","canton_nom_bdd":"Agoè-Nyivé","nom_localite":"Agoé-gbonvé","etablissement_nom":"Commission Electorale Locale Indépendante (CELI) - Agoe-Nyive/Togble","etab_adr":"N/a","ouverture_jour":"{Jeudi,Mardi,Mercredi,Vendredi,lundi}","ministere_tutelle":"MATDDT"}},{"type":"Feature","id":"_mview_admi_etablissements_administration.fid--1b6ae3e2_1a0db278384_-3994","geometry":{"type":"Point","coordinates":[1.32553413,6.169996]},"geometry_name":"geometry","properties":{"region_nom_bdd":"Maritime","prefecture_nom_bdd":"Golfe","commune_nom_bdd":"Golfe 6","canton_nom_bdd":"Baguida","nom_localite":"Baguida","etablissement_nom":"Commission Électorale Locale Indépendante (CELI)- Baguida","etab_adr":"N/a","ouverture_jour":"Nsp","ministere_tutelle":"MATDDT"}},{"type":"Feature","id":"_mview_admi_etablissements_administration.fid--1b6ae3e2_1a0db278384_-3993","geometry":{"type":"Point","coordinates":[1.21756001,6.15893039]},"geometry_name":"geometry","properties":{"region_nom_bdd":"Maritime","prefecture_nom_bdd":"Golfe","commune_nom_bdd":"Golfe 3","canton_nom_bdd":"Bè-Ouest","nom_localite":"Doumasese","etablissement_nom":"Commission Electorale Locale Indépendante (CELI) - Golfe 3","etab_adr":"En face de la CNTS","ouverture_jour":"Nsp","ministere_tutelle":"MATDDT"}},{"type":"Feature","id":"_mview_admi_etablissements_administration.fid--1b6ae3e2_1a0db278384_-3992","geometry":{"type":"Point","coordinates":[1.19183116,6.18513446]},"geometry_name":"geometry","properties":{"region_nom_bdd":"Maritime","prefecture_nom_bdd":"Golfe","commune_nom_bdd":"Golfe 5","canton_nom_bdd":"Aflao-Gakli","nom_localite":"Totchi","etablissement_nom":"Commission Electorale Locale Indépendante (CELI) - Golfe 5","etab_adr":"Derrière le commissariat de totchi","ouverture_jour":"Nsp","ministere_tutelle":"MATDDT"}},{"type":"Feature","id":"_mview_admi_etablissements_administration.fid--1b6ae3e2_1a0db278384_-3991","geometry":{"type":"Point","coordinates":[1.14415472,6.19302805]},"geometry_name":"geometry","properties":{"region_nom_bdd":"Maritime","prefecture_nom_bdd":"Golfe","commune_nom_bdd":"Golfe 7","canton_nom_bdd":"Aflao-Sagbado","nom_localite":"Ongnonme","etablissement_nom":"Commission électorale locale indépendante (CELI) - Golfe7","etab_adr":"Sur la route de segbe premier station d'essence YATT ET CO sur l'alignement de la pharmacie actuel,la voie non goudronnée, quatrième bâtiment a gauche","ouverture_jour":"Nsp","ministere_tutelle":"MATDDT"}},{"type":"Feature","id":"_mview_admi_etablissements_administration.fid--1b6ae3e2_1a0db278384_-3990","geometry":{"type":"Point","coordinates":[0.61111457,9.67995579]},"geometry_name":"geometry","properties":{"region_nom_bdd":"Kara","prefecture_nom_bdd":"Dankpen","commune_nom_bdd":"Dankpen 1","canton_nom_bdd":"Guérin-Kouka","nom_localite":"Guérin Kouka","etablissement_nom":"Mairie - Commune Dankpen 1","etab_adr":"BP83","ouverture_jour":"{Jeudi,Mardi,Mercredi,Vendredi,lundi}","ministere_tutelle":"MATDDT"}},{"type":"Feature","id":"_mview_admi_etablissements_administration.fid--1b6ae3e2_1a0db278384_-398f","geometry":{"type":"Point","coordinates":[1.21095328,6.42060682]},"geometry_name":"geometry","properties":{"region_nom_bdd":"Maritime","prefecture_nom_bdd":"Zio","commune_nom_bdd":"Zio 1","canton_nom_bdd":"Tsévié","nom_localite":"Tsevie","etablissement_nom":"Commission Electorale Nationale Indépendante (CELI) Zio","etab_adr":"Tsevie","ouverture_jour":"Nsp","ministere_tutelle":"MATDDT"}}],"totalFeatures":903,"numberMatched":903,"numberReturned":903,"timeStamp":"2026-09-26T00:40:25.388Z","crs":{"type":"name","properties":{"name":"urn:ogc:def:crs:EPSG::4326"}}}