livret,tableau,page_pdf,type_unite,unite,region,groupe_age,milieu,sexe,effectif
02,1,22,Pays,TOGO,,0,Urbain,Hommes,41473
02,1,22,Pays,TOGO,,0,Urbain,Femmes,39878
02,1,22,Pays,TOGO,,0,Urbain,Ensemble,81351
02,1,22,Pays,TOGO,,0,Rural,Hommes,66075
02,1,22,Pays,TOGO,,0,Rural,Femmes,64645
02,1,22,Pays,TOGO,,0,Rural,Ensemble,130720
02,1,22,Pays,TOGO,,0,Total,Hommes,107548
02,1,22,Pays,TOGO,,0,Total,Femmes,104523
02,1,22,Pays,TOGO,,0,Total,Ensemble,212071
02,1,22,Pays,TOGO,,1-4,Urbain,Hommes,170334
02,1,22,Pays,TOGO,,1-4,Urbain,Femmes,162700
02,1,22,Pays,TOGO,,1-4,Urbain,Ensemble,333034
02,1,22,Pays,TOGO,,1-4,Rural,Hommes,294252
02,1,22,Pays,TOGO,,1-4,Rural,Femmes,283400
02,1,22,Pays,TOGO,,1-4,Rural,Ensemble,577652
02,1,22,Pays,TOGO,,1-4,Total,Hommes,464586
02,1,22,Pays,TOGO,,1-4,Total,Femmes,446100
02,1,22,Pays,TOGO,,1-4,Total,Ensemble,910686
02,1,22,Pays,TOGO,,5-9,Urbain,Hommes,215160
02,1,22,Pays,TOGO,,5-9,Urbain,Femmes,212148
02,1,22,Pays,TOGO,,5-9,Urbain,Ensemble,427308
02,1,22,Pays,TOGO,,5-9,Rural,Hommes,391566
02,1,22,Pays,TOGO,,5-9,Rural,Femmes,371472
02,1,22,Pays,TOGO,,5-9,Rural,Ensemble,763038
02,1,22,Pays,TOGO,,5-9,Total,Hommes,606726
02,1,22,Pays,TOGO,,5-9,Total,Femmes,583620
02,1,22,Pays,TOGO,,5-9,Total,Ensemble,1190346
02,1,22,Pays,TOGO,,10-14,Urbain,Hommes,201072
02,1,22,Pays,TOGO,,10-14,Urbain,Femmes,212086
02,1,22,Pays,TOGO,,10-14,Urbain,Ensemble,413158
02,1,22,Pays,TOGO,,10-14,Rural,Hommes,338535
02,1,22,Pays,TOGO,,10-14,Rural,Femmes,299136
02,1,22,Pays,TOGO,,10-14,Rural,Ensemble,637671
02,1,22,Pays,TOGO,,10-14,Total,Hommes,539607
02,1,22,Pays,TOGO,,10-14,Total,Femmes,511222
02,1,22,Pays,TOGO,,10-14,Total,Ensemble,1050829
02,1,22,Pays,TOGO,,15-19,Urbain,Hommes,190115
02,1,22,Pays,TOGO,,15-19,Urbain,Femmes,202007
02,1,22,Pays,TOGO,,15-19,Urbain,Ensemble,392122
02,1,22,Pays,TOGO,,15-19,Rural,Hommes,226452
02,1,22,Pays,TOGO,,15-19,Rural,Femmes,209411
02,1,22,Pays,TOGO,,15-19,Rural,Ensemble,435863
02,1,22,Pays,TOGO,,15-19,Total,Hommes,416567
02,1,22,Pays,TOGO,,15-19,Total,Femmes,411418
02,1,22,Pays,TOGO,,15-19,Total,Ensemble,827985
02,1,22,Pays,TOGO,,20-24,Urbain,Hommes,164474
02,1,22,Pays,TOGO,,20-24,Urbain,Femmes,179083
02,1,22,Pays,TOGO,,20-24,Urbain,Ensemble,343557
02,1,22,Pays,TOGO,,20-24,Rural,Hommes,146404
02,1,22,Pays,TOGO,,20-24,Rural,Femmes,183860
02,1,22,Pays,TOGO,,20-24,Rural,Ensemble,330264
02,1,22,Pays,TOGO,,20-24,Total,Hommes,310878
02,1,22,Pays,TOGO,,20-24,Total,Femmes,362943
02,1,22,Pays,TOGO,,20-24,Total,Ensemble,673821
02,1,22,Pays,TOGO,,25-29,Urbain,Hommes,132229
02,1,22,Pays,TOGO,,25-29,Urbain,Femmes,150875
02,1,22,Pays,TOGO,,25-29,Urbain,Ensemble,283104
02,1,22,Pays,TOGO,,25-29,Rural,Hommes,122185
02,1,22,Pays,TOGO,,25-29,Rural,Femmes,156337
02,1,22,Pays,TOGO,,25-29,Rural,Ensemble,278521
02,1,22,Pays,TOGO,,25-29,Total,Hommes,254414
02,1,22,Pays,TOGO,,25-29,Total,Femmes,307212
02,1,22,Pays,TOGO,,25-29,Total,Ensemble,561625
02,1,22,Pays,TOGO,,30-34,Urbain,Hommes,125316
02,1,22,Pays,TOGO,,30-34,Urbain,Femmes,141695
02,1,22,Pays,TOGO,,30-34,Urbain,Ensemble,267011
02,1,22,Pays,TOGO,,30-34,Rural,Hommes,126141
02,1,22,Pays,TOGO,,30-34,Rural,Femmes,155376
02,1,22,Pays,TOGO,,30-34,Rural,Ensemble,281517
02,1,22,Pays,TOGO,,30-34,Total,Hommes,251457
02,1,22,Pays,TOGO,,30-34,Total,Femmes,297071
02,1,22,Pays,TOGO,,30-34,Total,Ensemble,548528
02,1,22,Pays,TOGO,,35-39,Urbain,Hommes,112020
02,1,22,Pays,TOGO,,35-39,Urbain,Femmes,120983
02,1,22,Pays,TOGO,,35-39,Urbain,Ensemble,233003
02,1,22,Pays,TOGO,,35-39,Rural,Hommes,114204
02,1,22,Pays,TOGO,,35-39,Rural,Femmes,134059
02,1,22,Pays,TOGO,,35-39,Rural,Ensemble,248263
02,1,22,Pays,TOGO,,35-39,Total,Hommes,226224
02,1,22,Pays,TOGO,,35-39,Total,Femmes,255042
02,1,22,Pays,TOGO,,35-39,Total,Ensemble,481266
02,1,22,Pays,TOGO,,40-44,Urbain,Hommes,92353
02,1,22,Pays,TOGO,,40-44,Urbain,Femmes,92597
02,1,22,Pays,TOGO,,40-44,Urbain,Ensemble,184950
02,1,22,Pays,TOGO,,40-44,Rural,Hommes,101439
02,1,22,Pays,TOGO,,40-44,Rural,Femmes,117385
02,1,22,Pays,TOGO,,40-44,Rural,Ensemble,218824
02,1,22,Pays,TOGO,,40-44,Total,Hommes,193792
02,1,22,Pays,TOGO,,40-44,Total,Femmes,209982
02,1,22,Pays,TOGO,,40-44,Total,Ensemble,403774
02,1,22,Pays,TOGO,,45-49,Urbain,Hommes,70083
02,1,22,Pays,TOGO,,45-49,Urbain,Femmes,68386
02,1,22,Pays,TOGO,,45-49,Urbain,Ensemble,138469
02,1,22,Pays,TOGO,,45-49,Rural,Hommes,79761
02,1,22,Pays,TOGO,,45-49,Rural,Femmes,84605
02,1,22,Pays,TOGO,,45-49,Rural,Ensemble,164366
02,1,22,Pays,TOGO,,45-49,Total,Hommes,149844
02,1,22,Pays,TOGO,,45-49,Total,Femmes,152991
02,1,22,Pays,TOGO,,45-49,Total,Ensemble,302835
02,1,22,Pays,TOGO,,50-54,Urbain,Hommes,56924
02,1,22,Pays,TOGO,,50-54,Urbain,Femmes,57945
02,1,22,Pays,TOGO,,50-54,Urbain,Ensemble,114869
02,1,22,Pays,TOGO,,50-54,Rural,Hommes,72803
02,1,22,Pays,TOGO,,50-54,Rural,Femmes,82591
02,1,22,Pays,TOGO,,50-54,Rural,Ensemble,155394
02,1,22,Pays,TOGO,,50-54,Total,Hommes,129727
02,1,22,Pays,TOGO,,50-54,Total,Femmes,140536
02,1,22,Pays,TOGO,,50-54,Total,Ensemble,270263
02,1,22,Pays,TOGO,,55-59,Urbain,Hommes,40514
02,1,22,Pays,TOGO,,55-59,Urbain,Femmes,41615
02,1,22,Pays,TOGO,,55-59,Urbain,Ensemble,82129
02,1,22,Pays,TOGO,,55-59,Rural,Hommes,51962
02,1,22,Pays,TOGO,,55-59,Rural,Femmes,52486
02,1,22,Pays,TOGO,,55-59,Rural,Ensemble,104448
02,1,22,Pays,TOGO,,55-59,Total,Hommes,92476
02,1,22,Pays,TOGO,,55-59,Total,Femmes,94101
02,1,22,Pays,TOGO,,55-59,Total,Ensemble,186577
02,1,22,Pays,TOGO,,60-64,Urbain,Hommes,30785
02,1,22,Pays,TOGO,,60-64,Urbain,Femmes,34960
02,1,22,Pays,TOGO,,60-64,Urbain,Ensemble,65745
02,1,22,Pays,TOGO,,60-64,Rural,Hommes,43807
02,1,22,Pays,TOGO,,60-64,Rural,Femmes,55082
02,1,22,Pays,TOGO,,60-64,Rural,Ensemble,98889
02,1,22,Pays,TOGO,,60-64,Total,Hommes,74592
02,1,22,Pays,TOGO,,60-64,Total,Femmes,90042
02,1,22,Pays,TOGO,,60-64,Total,Ensemble,164634
02,1,22,Pays,TOGO,,65-69,Urbain,Hommes,17857
02,1,22,Pays,TOGO,,65-69,Urbain,Femmes,21483
02,1,22,Pays,TOGO,,65-69,Urbain,Ensemble,39340
02,1,22,Pays,TOGO,,65-69,Rural,Hommes,24366
02,1,22,Pays,TOGO,,65-69,Rural,Femmes,30802
02,1,22,Pays,TOGO,,65-69,Rural,Ensemble,55168
02,1,22,Pays,TOGO,,65-69,Total,Hommes,42223
02,1,22,Pays,TOGO,,65-69,Total,Femmes,52285
02,1,22,Pays,TOGO,,65-69,Total,Ensemble,94508
02,1,22,Pays,TOGO,,70-74,Urbain,Hommes,11043
02,1,22,Pays,TOGO,,70-74,Urbain,Femmes,15707
02,1,22,Pays,TOGO,,70-74,Urbain,Ensemble,26750
02,1,22,Pays,TOGO,,70-74,Rural,Hommes,20129
02,1,22,Pays,TOGO,,70-74,Rural,Femmes,29710
02,1,22,Pays,TOGO,,70-74,Rural,Ensemble,49839
02,1,22,Pays,TOGO,,70-74,Total,Hommes,31172
02,1,22,Pays,TOGO,,70-74,Total,Femmes,45417
02,1,22,Pays,TOGO,,70-74,Total,Ensemble,76589
02,1,22,Pays,TOGO,,75-79,Urbain,Hommes,5179
02,1,22,Pays,TOGO,,75-79,Urbain,Femmes,8687
02,1,22,Pays,TOGO,,75-79,Urbain,Ensemble,13866
02,1,22,Pays,TOGO,,75-79,Rural,Hommes,10495
02,1,22,Pays,TOGO,,75-79,Rural,Femmes,16162
02,1,22,Pays,TOGO,,75-79,Rural,Ensemble,26657
02,1,22,Pays,TOGO,,75-79,Total,Hommes,15674
02,1,22,Pays,TOGO,,75-79,Total,Femmes,24849
02,1,22,Pays,TOGO,,75-79,Total,Ensemble,40523
02,1,22,Pays,TOGO,,80-84,Urbain,Hommes,3026
02,1,22,Pays,TOGO,,80-84,Urbain,Femmes,7051
02,1,22,Pays,TOGO,,80-84,Urbain,Ensemble,10077
02,1,22,Pays,TOGO,,80-84,Rural,Hommes,8932
02,1,22,Pays,TOGO,,80-84,Rural,Femmes,15964
02,1,22,Pays,TOGO,,80-84,Rural,Ensemble,24896
02,1,22,Pays,TOGO,,80-84,Total,Hommes,11958
02,1,22,Pays,TOGO,,80-84,Total,Femmes,23015
02,1,22,Pays,TOGO,,80-84,Total,Ensemble,34973
02,1,22,Pays,TOGO,,85 et +,Urbain,Hommes,2724
02,1,22,Pays,TOGO,,85 et +,Urbain,Femmes,8257
02,1,22,Pays,TOGO,,85 et +,Urbain,Ensemble,10981
02,1,22,Pays,TOGO,,85 et +,Rural,Hommes,10094
02,1,22,Pays,TOGO,,85 et +,Rural,Femmes,18411
02,1,22,Pays,TOGO,,85 et +,Rural,Ensemble,28504
02,1,22,Pays,TOGO,,85 et +,Total,Hommes,12818
02,1,22,Pays,TOGO,,85 et +,Total,Femmes,26668
02,1,22,Pays,TOGO,,85 et +,Total,Ensemble,39485
02,1,22,Pays,TOGO,,ND,Urbain,Hommes,6993
02,1,22,Pays,TOGO,,ND,Urbain,Femmes,5975
02,1,22,Pays,TOGO,,ND,Urbain,Ensemble,12968
02,1,22,Pays,TOGO,,ND,Rural,Hommes,5236
02,1,22,Pays,TOGO,,ND,Rural,Femmes,5976
02,1,22,Pays,TOGO,,ND,Rural,Ensemble,11212
02,1,22,Pays,TOGO,,ND,Total,Hommes,12229
02,1,22,Pays,TOGO,,ND,Total,Femmes,11951
02,1,22,Pays,TOGO,,ND,Total,Ensemble,24180
02,1,22,Pays,TOGO,,Total,Urbain,Hommes,1689674
02,1,22,Pays,TOGO,,Total,Urbain,Femmes,1784118
02,1,22,Pays,TOGO,,Total,Urbain,Ensemble,3473792
02,1,22,Pays,TOGO,,Total,Rural,Hommes,2254836
02,1,22,Pays,TOGO,,Total,Rural,Femmes,2366870
02,1,22,Pays,TOGO,,Total,Rural,Ensemble,4621706
02,1,22,Pays,TOGO,,Total,Total,Hommes,3944510
02,1,22,Pays,TOGO,,Total,Total,Femmes,4150988
02,1,22,Pays,TOGO,,Total,Total,Ensemble,8095498
02,2,25,Région,Maritime,,0,Urbain,Hommes,27111
02,2,25,Région,Maritime,,0,Urbain,Femmes,26319
02,2,25,Région,Maritime,,0,Urbain,Ensemble,53430
02,2,25,Région,Maritime,,0,Rural,Hommes,14237
02,2,25,Région,Maritime,,0,Rural,Femmes,13979
02,2,25,Région,Maritime,,0,Rural,Ensemble,28216
02,2,25,Région,Maritime,,0,Total,Hommes,41348
02,2,25,Région,Maritime,,0,Total,Femmes,40298
02,2,25,Région,Maritime,,0,Total,Ensemble,81646
02,2,25,Région,Maritime,,1-4,Urbain,Hommes,112171
02,2,25,Région,Maritime,,1-4,Urbain,Femmes,107815
02,2,25,Région,Maritime,,1-4,Urbain,Ensemble,219986
02,2,25,Région,Maritime,,1-4,Rural,Hommes,64358
02,2,25,Région,Maritime,,1-4,Rural,Femmes,61472
02,2,25,Région,Maritime,,1-4,Rural,Ensemble,125830
02,2,25,Région,Maritime,,1-4,Total,Hommes,176529
02,2,25,Région,Maritime,,1-4,Total,Femmes,169287
02,2,25,Région,Maritime,,1-4,Total,Ensemble,345816
02,2,25,Région,Maritime,,5-9,Urbain,Hommes,140893
02,2,25,Région,Maritime,,5-9,Urbain,Femmes,139857
02,2,25,Région,Maritime,,5-9,Urbain,Ensemble,280750
02,2,25,Région,Maritime,,5-9,Rural,Hommes,90603
02,2,25,Région,Maritime,,5-9,Rural,Femmes,85850
02,2,25,Région,Maritime,,5-9,Rural,Ensemble,176453
02,2,25,Région,Maritime,,5-9,Total,Hommes,231496
02,2,25,Région,Maritime,,5-9,Total,Femmes,225707
02,2,25,Région,Maritime,,5-9,Total,Ensemble,457203
02,2,25,Région,Maritime,,10-14,Urbain,Hommes,129514
02,2,25,Région,Maritime,,10-14,Urbain,Femmes,139769
02,2,25,Région,Maritime,,10-14,Urbain,Ensemble,269283
02,2,25,Région,Maritime,,10-14,Rural,Hommes,85145
02,2,25,Région,Maritime,,10-14,Rural,Femmes,78227
02,2,25,Région,Maritime,,10-14,Rural,Ensemble,163372
02,2,25,Région,Maritime,,10-14,Total,Hommes,214659
02,2,25,Région,Maritime,,10-14,Total,Femmes,217996
02,2,25,Région,Maritime,,10-14,Total,Ensemble,432655
02,2,25,Région,Maritime,,15-19,Urbain,Hommes,120155
02,2,25,Région,Maritime,,15-19,Urbain,Femmes,134420
02,2,25,Région,Maritime,,15-19,Urbain,Ensemble,254575
02,2,25,Région,Maritime,,15-19,Rural,Hommes,57898
02,2,25,Région,Maritime,,15-19,Rural,Femmes,56894
02,2,25,Région,Maritime,,15-19,Rural,Ensemble,114792
02,2,25,Région,Maritime,,15-19,Total,Hommes,178053
02,2,25,Région,Maritime,,15-19,Total,Femmes,191314
02,2,25,Région,Maritime,,15-19,Total,Ensemble,369367
02,2,25,Région,Maritime,,20-24,Urbain,Hommes,112631
02,2,25,Région,Maritime,,20-24,Urbain,Femmes,125111
02,2,25,Région,Maritime,,20-24,Urbain,Ensemble,237742
02,2,25,Région,Maritime,,20-24,Rural,Hommes,32711
02,2,25,Région,Maritime,,20-24,Rural,Femmes,42043
02,2,25,Région,Maritime,,20-24,Rural,Ensemble,74754
02,2,25,Région,Maritime,,20-24,Total,Hommes,145342
02,2,25,Région,Maritime,,20-24,Total,Femmes,167154
02,2,25,Région,Maritime,,20-24,Total,Ensemble,312496
02,2,25,Région,Maritime,,25-29,Urbain,Hommes,94606
02,2,25,Région,Maritime,,25-29,Urbain,Femmes,107588
02,2,25,Région,Maritime,,25-29,Urbain,Ensemble,202194
02,2,25,Région,Maritime,,25-29,Rural,Hommes,26028
02,2,25,Région,Maritime,,25-29,Rural,Femmes,37946
02,2,25,Région,Maritime,,25-29,Rural,Ensemble,63974
02,2,25,Région,Maritime,,25-29,Total,Hommes,120634
02,2,25,Région,Maritime,,25-29,Total,Femmes,145534
02,2,25,Région,Maritime,,25-29,Total,Ensemble,266168
02,2,25,Région,Maritime,,30-34,Urbain,Hommes,90111
02,2,25,Région,Maritime,,30-34,Urbain,Femmes,101862
02,2,25,Région,Maritime,,30-34,Urbain,Ensemble,191973
02,2,25,Région,Maritime,,30-34,Rural,Hommes,30515
02,2,25,Région,Maritime,,30-34,Rural,Femmes,41512
02,2,25,Région,Maritime,,30-34,Rural,Ensemble,72027
02,2,25,Région,Maritime,,30-34,Total,Hommes,120626
02,2,25,Région,Maritime,,30-34,Total,Femmes,143374
02,2,25,Région,Maritime,,30-34,Total,Ensemble,264000
02,2,25,Région,Maritime,,35-39,Urbain,Hommes,80766
02,2,25,Région,Maritime,,35-39,Urbain,Femmes,87886
02,2,25,Région,Maritime,,35-39,Urbain,Ensemble,168652
02,2,25,Région,Maritime,,35-39,Rural,Hommes,31166
02,2,25,Région,Maritime,,35-39,Rural,Femmes,37245
02,2,25,Région,Maritime,,35-39,Rural,Ensemble,68411
02,2,25,Région,Maritime,,35-39,Total,Hommes,111932
02,2,25,Région,Maritime,,35-39,Total,Femmes,125131
02,2,25,Région,Maritime,,35-39,Total,Ensemble,237063
02,2,25,Région,Maritime,,40-44,Urbain,Hommes,67352
02,2,25,Région,Maritime,,40-44,Urbain,Femmes,67269
02,2,25,Région,Maritime,,40-44,Urbain,Ensemble,134621
02,2,25,Région,Maritime,,40-44,Rural,Hommes,29460
02,2,25,Région,Maritime,,40-44,Rural,Femmes,32511
02,2,25,Région,Maritime,,40-44,Rural,Ensemble,61971
02,2,25,Région,Maritime,,40-44,Total,Hommes,96812
02,2,25,Région,Maritime,,40-44,Total,Femmes,99780
02,2,25,Région,Maritime,,40-44,Total,Ensemble,196592
02,2,25,Région,Maritime,,45-49,Urbain,Hommes,50870
02,2,25,Région,Maritime,,45-49,Urbain,Femmes,48859
02,2,25,Région,Maritime,,45-49,Urbain,Ensemble,99729
02,2,25,Région,Maritime,,45-49,Rural,Hommes,23378
02,2,25,Région,Maritime,,45-49,Rural,Femmes,24078
02,2,25,Région,Maritime,,45-49,Rural,Ensemble,47456
02,2,25,Région,Maritime,,45-49,Total,Hommes,74248
02,2,25,Région,Maritime,,45-49,Total,Femmes,72937
02,2,25,Région,Maritime,,45-49,Total,Ensemble,147185
02,2,25,Région,Maritime,,50-54,Urbain,Hommes,40714
02,2,25,Région,Maritime,,50-54,Urbain,Femmes,40842
02,2,25,Région,Maritime,,50-54,Urbain,Ensemble,81556
02,2,25,Région,Maritime,,50-54,Rural,Hommes,20209
02,2,25,Région,Maritime,,50-54,Rural,Femmes,22908
02,2,25,Région,Maritime,,50-54,Rural,Ensemble,43117
02,2,25,Région,Maritime,,50-54,Total,Hommes,60923
02,2,25,Région,Maritime,,50-54,Total,Femmes,63750
02,2,25,Région,Maritime,,50-54,Total,Ensemble,124673
02,2,25,Région,Maritime,,55-59,Urbain,Hommes,28282
02,2,25,Région,Maritime,,55-59,Urbain,Femmes,28926
02,2,25,Région,Maritime,,55-59,Urbain,Ensemble,57208
02,2,25,Région,Maritime,,55-59,Rural,Hommes,13905
02,2,25,Région,Maritime,,55-59,Rural,Femmes,14657
02,2,25,Région,Maritime,,55-59,Rural,Ensemble,28562
02,2,25,Région,Maritime,,55-59,Total,Hommes,42187
02,2,25,Région,Maritime,,55-59,Total,Femmes,43583
02,2,25,Région,Maritime,,55-59,Total,Ensemble,85770
02,2,25,Région,Maritime,,60-64,Urbain,Hommes,21366
02,2,25,Région,Maritime,,60-64,Urbain,Femmes,23900
02,2,25,Région,Maritime,,60-64,Urbain,Ensemble,45266
02,2,25,Région,Maritime,,60-64,Rural,Hommes,12483
02,2,25,Région,Maritime,,60-64,Rural,Femmes,16801
02,2,25,Région,Maritime,,60-64,Rural,Ensemble,29284
02,2,25,Région,Maritime,,60-64,Total,Hommes,33849
02,2,25,Région,Maritime,,60-64,Total,Femmes,40701
02,2,25,Région,Maritime,,60-64,Total,Ensemble,74550
02,2,25,Région,Maritime,,65-69,Urbain,Hommes,12210
02,2,25,Région,Maritime,,65-69,Urbain,Femmes,14872
02,2,25,Région,Maritime,,65-69,Urbain,Ensemble,27082
02,2,25,Région,Maritime,,65-69,Rural,Hommes,7143
02,2,25,Région,Maritime,,65-69,Rural,Femmes,9663
02,2,25,Région,Maritime,,65-69,Rural,Ensemble,16806
02,2,25,Région,Maritime,,65-69,Total,Hommes,19353
02,2,25,Région,Maritime,,65-69,Total,Femmes,24535
02,2,25,Région,Maritime,,65-69,Total,Ensemble,43888
02,2,25,Région,Maritime,,70-74,Urbain,Hommes,7333
02,2,25,Région,Maritime,,70-74,Urbain,Femmes,10379
02,2,25,Région,Maritime,,70-74,Urbain,Ensemble,17712
02,2,25,Région,Maritime,,70-74,Rural,Hommes,5955
02,2,25,Région,Maritime,,70-74,Rural,Femmes,9850
02,2,25,Région,Maritime,,70-74,Rural,Ensemble,15805
02,2,25,Région,Maritime,,70-74,Total,Hommes,13288
02,2,25,Région,Maritime,,70-74,Total,Femmes,20229
02,2,25,Région,Maritime,,70-74,Total,Ensemble,33517
02,2,25,Région,Maritime,,75-79,Urbain,Hommes,3424
02,2,25,Région,Maritime,,75-79,Urbain,Femmes,5580
02,2,25,Région,Maritime,,75-79,Urbain,Ensemble,9004
02,2,25,Région,Maritime,,75-79,Rural,Hommes,2961
02,2,25,Région,Maritime,,75-79,Rural,Femmes,5373
02,2,25,Région,Maritime,,75-79,Rural,Ensemble,8334
02,2,25,Région,Maritime,,75-79,Total,Hommes,6385
02,2,25,Région,Maritime,,75-79,Total,Femmes,10953
02,2,25,Région,Maritime,,75-79,Total,Ensemble,17338
02,2,25,Région,Maritime,,80-84,Urbain,Hommes,1843
02,2,25,Région,Maritime,,80-84,Urbain,Femmes,4478
02,2,25,Région,Maritime,,80-84,Urbain,Ensemble,6321
02,2,25,Région,Maritime,,80-84,Rural,Hommes,2647
02,2,25,Région,Maritime,,80-84,Rural,Femmes,6028
02,2,25,Région,Maritime,,80-84,Rural,Ensemble,8675
02,2,25,Région,Maritime,,80-84,Total,Hommes,4490
02,2,25,Région,Maritime,,80-84,Total,Femmes,10506
02,2,25,Région,Maritime,,80-84,Total,Ensemble,14996
02,2,25,Région,Maritime,,85 et +,Urbain,Hommes,1497
02,2,25,Région,Maritime,,85 et +,Urbain,Femmes,5173
02,2,25,Région,Maritime,,85 et +,Urbain,Ensemble,6670
02,2,25,Région,Maritime,,85 et +,Rural,Hommes,2997
02,2,25,Région,Maritime,,85 et +,Rural,Femmes,7588
02,2,25,Région,Maritime,,85 et +,Rural,Ensemble,10585
02,2,25,Région,Maritime,,85 et +,Total,Hommes,4494
02,2,25,Région,Maritime,,85 et +,Total,Femmes,12761
02,2,25,Région,Maritime,,85 et +,Total,Ensemble,17255
02,2,25,Région,Maritime,,ND,Urbain,Hommes,5432
02,2,25,Région,Maritime,,ND,Urbain,Femmes,4468
02,2,25,Région,Maritime,,ND,Urbain,Ensemble,9900
02,2,25,Région,Maritime,,ND,Rural,Hommes,1300
02,2,25,Région,Maritime,,ND,Rural,Femmes,1613
02,2,25,Région,Maritime,,ND,Rural,Ensemble,2913
02,2,25,Région,Maritime,,ND,Total,Hommes,6732
02,2,25,Région,Maritime,,ND,Total,Femmes,6081
02,2,25,Région,Maritime,,ND,Total,Ensemble,12813
02,2,25,Région,Maritime,,Total,Urbain,Hommes,1148281
02,2,25,Région,Maritime,,Total,Urbain,Femmes,1225373
02,2,25,Région,Maritime,,Total,Urbain,Ensemble,2373654
02,2,25,Région,Maritime,,Total,Rural,Hommes,555099
02,2,25,Région,Maritime,,Total,Rural,Femmes,606238
02,2,25,Région,Maritime,,Total,Rural,Ensemble,1161337
02,2,25,Région,Maritime,,Total,Total,Hommes,1703380
02,2,25,Région,Maritime,,Total,Total,Femmes,1831611
02,2,25,Région,Maritime,,Total,Total,Ensemble,3534991
02,3,26,District,Grand Lomé (DAGL),,0,Urbain,Hommes,24623
02,3,26,District,Grand Lomé (DAGL),,0,Urbain,Femmes,23984
02,3,26,District,Grand Lomé (DAGL),,0,Urbain,Ensemble,48607
02,3,26,District,Grand Lomé (DAGL),,0,Rural,Hommes,0
02,3,26,District,Grand Lomé (DAGL),,0,Rural,Femmes,0
02,3,26,District,Grand Lomé (DAGL),,0,Rural,Ensemble,0
02,3,26,District,Grand Lomé (DAGL),,0,Total,Hommes,24623
02,3,26,District,Grand Lomé (DAGL),,0,Total,Femmes,23984
02,3,26,District,Grand Lomé (DAGL),,0,Total,Ensemble,48607
02,3,26,District,Grand Lomé (DAGL),,1-4,Urbain,Hommes,102360
02,3,26,District,Grand Lomé (DAGL),,1-4,Urbain,Femmes,98127
02,3,26,District,Grand Lomé (DAGL),,1-4,Urbain,Ensemble,200487
02,3,26,District,Grand Lomé (DAGL),,1-4,Rural,Hommes,0
02,3,26,District,Grand Lomé (DAGL),,1-4,Rural,Femmes,0
02,3,26,District,Grand Lomé (DAGL),,1-4,Rural,Ensemble,0
02,3,26,District,Grand Lomé (DAGL),,1-4,Total,Hommes,102360
02,3,26,District,Grand Lomé (DAGL),,1-4,Total,Femmes,98127
02,3,26,District,Grand Lomé (DAGL),,1-4,Total,Ensemble,200487
02,3,26,District,Grand Lomé (DAGL),,5-9,Urbain,Hommes,127977
02,3,26,District,Grand Lomé (DAGL),,5-9,Urbain,Femmes,126993
02,3,26,District,Grand Lomé (DAGL),,5-9,Urbain,Ensemble,254970
02,3,26,District,Grand Lomé (DAGL),,5-9,Rural,Hommes,0
02,3,26,District,Grand Lomé (DAGL),,5-9,Rural,Femmes,0
02,3,26,District,Grand Lomé (DAGL),,5-9,Rural,Ensemble,0
02,3,26,District,Grand Lomé (DAGL),,5-9,Total,Hommes,127977
02,3,26,District,Grand Lomé (DAGL),,5-9,Total,Femmes,126993
02,3,26,District,Grand Lomé (DAGL),,5-9,Total,Ensemble,254970
02,3,26,District,Grand Lomé (DAGL),,10-14,Urbain,Hommes,117699
02,3,26,District,Grand Lomé (DAGL),,10-14,Urbain,Femmes,127552
02,3,26,District,Grand Lomé (DAGL),,10-14,Urbain,Ensemble,245251
02,3,26,District,Grand Lomé (DAGL),,10-14,Rural,Hommes,0
02,3,26,District,Grand Lomé (DAGL),,10-14,Rural,Femmes,0
02,3,26,District,Grand Lomé (DAGL),,10-14,Rural,Ensemble,0
02,3,26,District,Grand Lomé (DAGL),,10-14,Total,Hommes,117699
02,3,26,District,Grand Lomé (DAGL),,10-14,Total,Femmes,127552
02,3,26,District,Grand Lomé (DAGL),,10-14,Total,Ensemble,245251
02,3,26,District,Grand Lomé (DAGL),,15-19,Urbain,Hommes,110343
02,3,26,District,Grand Lomé (DAGL),,15-19,Urbain,Femmes,124167
02,3,26,District,Grand Lomé (DAGL),,15-19,Urbain,Ensemble,234510
02,3,26,District,Grand Lomé (DAGL),,15-19,Rural,Hommes,0
02,3,26,District,Grand Lomé (DAGL),,15-19,Rural,Femmes,0
02,3,26,District,Grand Lomé (DAGL),,15-19,Rural,Ensemble,0
02,3,26,District,Grand Lomé (DAGL),,15-19,Total,Hommes,110343
02,3,26,District,Grand Lomé (DAGL),,15-19,Total,Femmes,124167
02,3,26,District,Grand Lomé (DAGL),,15-19,Total,Ensemble,234510
02,3,26,District,Grand Lomé (DAGL),,20-24,Urbain,Hommes,106368
02,3,26,District,Grand Lomé (DAGL),,20-24,Urbain,Femmes,117185
02,3,26,District,Grand Lomé (DAGL),,20-24,Urbain,Ensemble,223553
02,3,26,District,Grand Lomé (DAGL),,20-24,Rural,Hommes,0
02,3,26,District,Grand Lomé (DAGL),,20-24,Rural,Femmes,0
02,3,26,District,Grand Lomé (DAGL),,20-24,Rural,Ensemble,0
02,3,26,District,Grand Lomé (DAGL),,20-24,Total,Hommes,106368
02,3,26,District,Grand Lomé (DAGL),,20-24,Total,Femmes,117185
02,3,26,District,Grand Lomé (DAGL),,20-24,Total,Ensemble,223553
02,3,26,District,Grand Lomé (DAGL),,25-29,Urbain,Hommes,89477
02,3,26,District,Grand Lomé (DAGL),,25-29,Urbain,Femmes,100420
02,3,26,District,Grand Lomé (DAGL),,25-29,Urbain,Ensemble,189897
02,3,26,District,Grand Lomé (DAGL),,25-29,Rural,Hommes,0
02,3,26,District,Grand Lomé (DAGL),,25-29,Rural,Femmes,0
02,3,26,District,Grand Lomé (DAGL),,25-29,Rural,Ensemble,0
02,3,26,District,Grand Lomé (DAGL),,25-29,Total,Hommes,89477
02,3,26,District,Grand Lomé (DAGL),,25-29,Total,Femmes,100420
02,3,26,District,Grand Lomé (DAGL),,25-29,Total,Ensemble,189897
02,3,26,District,Grand Lomé (DAGL),,30-34,Urbain,Hommes,84400
02,3,26,District,Grand Lomé (DAGL),,30-34,Urbain,Femmes,94597
02,3,26,District,Grand Lomé (DAGL),,30-34,Urbain,Ensemble,178997
02,3,26,District,Grand Lomé (DAGL),,30-34,Rural,Hommes,0
02,3,26,District,Grand Lomé (DAGL),,30-34,Rural,Femmes,0
02,3,26,District,Grand Lomé (DAGL),,30-34,Rural,Ensemble,0
02,3,26,District,Grand Lomé (DAGL),,30-34,Total,Hommes,84400
02,3,26,District,Grand Lomé (DAGL),,30-34,Total,Femmes,94597
02,3,26,District,Grand Lomé (DAGL),,30-34,Total,Ensemble,178997
02,3,26,District,Grand Lomé (DAGL),,35-39,Urbain,Hommes,75280
02,3,26,District,Grand Lomé (DAGL),,35-39,Urbain,Femmes,81613
02,3,26,District,Grand Lomé (DAGL),,35-39,Urbain,Ensemble,156893
02,3,26,District,Grand Lomé (DAGL),,35-39,Rural,Hommes,0
02,3,26,District,Grand Lomé (DAGL),,35-39,Rural,Femmes,0
02,3,26,District,Grand Lomé (DAGL),,35-39,Rural,Ensemble,0
02,3,26,District,Grand Lomé (DAGL),,35-39,Total,Hommes,75280
02,3,26,District,Grand Lomé (DAGL),,35-39,Total,Femmes,81613
02,3,26,District,Grand Lomé (DAGL),,35-39,Total,Ensemble,156893
02,3,26,District,Grand Lomé (DAGL),,40-44,Urbain,Hommes,62753
02,3,26,District,Grand Lomé (DAGL),,40-44,Urbain,Femmes,62316
02,3,26,District,Grand Lomé (DAGL),,40-44,Urbain,Ensemble,125069
02,3,26,District,Grand Lomé (DAGL),,40-44,Rural,Hommes,0
02,3,26,District,Grand Lomé (DAGL),,40-44,Rural,Femmes,0
02,3,26,District,Grand Lomé (DAGL),,40-44,Rural,Ensemble,0
02,3,26,District,Grand Lomé (DAGL),,40-44,Total,Hommes,62753
02,3,26,District,Grand Lomé (DAGL),,40-44,Total,Femmes,62316
02,3,26,District,Grand Lomé (DAGL),,40-44,Total,Ensemble,125069
02,3,26,District,Grand Lomé (DAGL),,45-49,Urbain,Hommes,47072
02,3,26,District,Grand Lomé (DAGL),,45-49,Urbain,Femmes,45099
02,3,26,District,Grand Lomé (DAGL),,45-49,Urbain,Ensemble,92171
02,3,26,District,Grand Lomé (DAGL),,45-49,Rural,Hommes,0
02,3,26,District,Grand Lomé (DAGL),,45-49,Rural,Femmes,0
02,3,26,District,Grand Lomé (DAGL),,45-49,Rural,Ensemble,0
02,3,26,District,Grand Lomé (DAGL),,45-49,Total,Hommes,47072
02,3,26,District,Grand Lomé (DAGL),,45-49,Total,Femmes,45099
02,3,26,District,Grand Lomé (DAGL),,45-49,Total,Ensemble,92171
02,3,26,District,Grand Lomé (DAGL),,50-54,Urbain,Hommes,37678
02,3,26,District,Grand Lomé (DAGL),,50-54,Urbain,Femmes,37540
02,3,26,District,Grand Lomé (DAGL),,50-54,Urbain,Ensemble,75218
02,3,26,District,Grand Lomé (DAGL),,50-54,Rural,Hommes,0
02,3,26,District,Grand Lomé (DAGL),,50-54,Rural,Femmes,0
02,3,26,District,Grand Lomé (DAGL),,50-54,Rural,Ensemble,0
02,3,26,District,Grand Lomé (DAGL),,50-54,Total,Hommes,37678
02,3,26,District,Grand Lomé (DAGL),,50-54,Total,Femmes,37540
02,3,26,District,Grand Lomé (DAGL),,50-54,Total,Ensemble,75218
02,3,26,District,Grand Lomé (DAGL),,55-59,Urbain,Hommes,26105
02,3,26,District,Grand Lomé (DAGL),,55-59,Urbain,Femmes,26619
02,3,26,District,Grand Lomé (DAGL),,55-59,Urbain,Ensemble,52724
02,3,26,District,Grand Lomé (DAGL),,55-59,Rural,Hommes,0
02,3,26,District,Grand Lomé (DAGL),,55-59,Rural,Femmes,0
02,3,26,District,Grand Lomé (DAGL),,55-59,Rural,Ensemble,0
02,3,26,District,Grand Lomé (DAGL),,55-59,Total,Hommes,26105
02,3,26,District,Grand Lomé (DAGL),,55-59,Total,Femmes,26619
02,3,26,District,Grand Lomé (DAGL),,55-59,Total,Ensemble,52724
02,3,26,District,Grand Lomé (DAGL),,60-64,Urbain,Hommes,19540
02,3,26,District,Grand Lomé (DAGL),,60-64,Urbain,Femmes,21683
02,3,26,District,Grand Lomé (DAGL),,60-64,Urbain,Ensemble,41223
02,3,26,District,Grand Lomé (DAGL),,60-64,Rural,Hommes,0
02,3,26,District,Grand Lomé (DAGL),,60-64,Rural,Femmes,0
02,3,26,District,Grand Lomé (DAGL),,60-64,Rural,Ensemble,0
02,3,26,District,Grand Lomé (DAGL),,60-64,Total,Hommes,19540
02,3,26,District,Grand Lomé (DAGL),,60-64,Total,Femmes,21683
02,3,26,District,Grand Lomé (DAGL),,60-64,Total,Ensemble,41223
02,3,26,District,Grand Lomé (DAGL),,65-69,Urbain,Hommes,11168
02,3,26,District,Grand Lomé (DAGL),,65-69,Urbain,Femmes,13563
02,3,26,District,Grand Lomé (DAGL),,65-69,Urbain,Ensemble,24731
02,3,26,District,Grand Lomé (DAGL),,65-69,Rural,Hommes,0
02,3,26,District,Grand Lomé (DAGL),,65-69,Rural,Femmes,0
02,3,26,District,Grand Lomé (DAGL),,65-69,Rural,Ensemble,0
02,3,26,District,Grand Lomé (DAGL),,65-69,Total,Hommes,11168
02,3,26,District,Grand Lomé (DAGL),,65-69,Total,Femmes,13563
02,3,26,District,Grand Lomé (DAGL),,65-69,Total,Ensemble,24731
02,3,26,District,Grand Lomé (DAGL),,70-74,Urbain,Hommes,6623
02,3,26,District,Grand Lomé (DAGL),,70-74,Urbain,Femmes,9188
02,3,26,District,Grand Lomé (DAGL),,70-74,Urbain,Ensemble,15811
02,3,26,District,Grand Lomé (DAGL),,70-74,Rural,Hommes,0
02,3,26,District,Grand Lomé (DAGL),,70-74,Rural,Femmes,0
02,3,26,District,Grand Lomé (DAGL),,70-74,Rural,Ensemble,0
02,3,26,District,Grand Lomé (DAGL),,70-74,Total,Hommes,6623
02,3,26,District,Grand Lomé (DAGL),,70-74,Total,Femmes,9188
02,3,26,District,Grand Lomé (DAGL),,70-74,Total,Ensemble,15811
02,3,26,District,Grand Lomé (DAGL),,75-79,Urbain,Hommes,3097
02,3,26,District,Grand Lomé (DAGL),,75-79,Urbain,Femmes,4947
02,3,26,District,Grand Lomé (DAGL),,75-79,Urbain,Ensemble,8044
02,3,26,District,Grand Lomé (DAGL),,75-79,Rural,Hommes,0
02,3,26,District,Grand Lomé (DAGL),,75-79,Rural,Femmes,0
02,3,26,District,Grand Lomé (DAGL),,75-79,Rural,Ensemble,0
02,3,26,District,Grand Lomé (DAGL),,75-79,Total,Hommes,3097
02,3,26,District,Grand Lomé (DAGL),,75-79,Total,Femmes,4947
02,3,26,District,Grand Lomé (DAGL),,75-79,Total,Ensemble,8044
02,3,26,District,Grand Lomé (DAGL),,80-84,Urbain,Hommes,1590
02,3,26,District,Grand Lomé (DAGL),,80-84,Urbain,Femmes,3878
02,3,26,District,Grand Lomé (DAGL),,80-84,Urbain,Ensemble,5468
02,3,26,District,Grand Lomé (DAGL),,80-84,Rural,Hommes,0
02,3,26,District,Grand Lomé (DAGL),,80-84,Rural,Femmes,0
02,3,26,District,Grand Lomé (DAGL),,80-84,Rural,Ensemble,0
02,3,26,District,Grand Lomé (DAGL),,80-84,Total,Hommes,1590
02,3,26,District,Grand Lomé (DAGL),,80-84,Total,Femmes,3878
02,3,26,District,Grand Lomé (DAGL),,80-84,Total,Ensemble,5468
02,3,26,District,Grand Lomé (DAGL),,85 et +,Urbain,Hommes,1278
02,3,26,District,Grand Lomé (DAGL),,85 et +,Urbain,Femmes,4397
02,3,26,District,Grand Lomé (DAGL),,85 et +,Urbain,Ensemble,5675
02,3,26,District,Grand Lomé (DAGL),,85 et +,Rural,Hommes,0
02,3,26,District,Grand Lomé (DAGL),,85 et +,Rural,Femmes,0
02,3,26,District,Grand Lomé (DAGL),,85 et +,Rural,Ensemble,0
02,3,26,District,Grand Lomé (DAGL),,85 et +,Total,Hommes,1278
02,3,26,District,Grand Lomé (DAGL),,85 et +,Total,Femmes,4397
02,3,26,District,Grand Lomé (DAGL),,85 et +,Total,Ensemble,5675
02,3,26,District,Grand Lomé (DAGL),,ND,Urbain,Hommes,5073
02,3,26,District,Grand Lomé (DAGL),,ND,Urbain,Femmes,4004
02,3,26,District,Grand Lomé (DAGL),,ND,Urbain,Ensemble,9077
02,3,26,District,Grand Lomé (DAGL),,ND,Rural,Hommes,0
02,3,26,District,Grand Lomé (DAGL),,ND,Rural,Femmes,0
02,3,26,District,Grand Lomé (DAGL),,ND,Rural,Ensemble,0
02,3,26,District,Grand Lomé (DAGL),,ND,Total,Hommes,5073
02,3,26,District,Grand Lomé (DAGL),,ND,Total,Femmes,4004
02,3,26,District,Grand Lomé (DAGL),,ND,Total,Ensemble,9077
02,3,26,District,Grand Lomé (DAGL),,Total,Urbain,Hommes,1060504
02,3,26,District,Grand Lomé (DAGL),,Total,Urbain,Femmes,1127872
02,3,26,District,Grand Lomé (DAGL),,Total,Urbain,Ensemble,2188376
02,3,26,District,Grand Lomé (DAGL),,Total,Rural,Hommes,0
02,3,26,District,Grand Lomé (DAGL),,Total,Rural,Femmes,0
02,3,26,District,Grand Lomé (DAGL),,Total,Rural,Ensemble,0
02,3,26,District,Grand Lomé (DAGL),,Total,Total,Hommes,1060504
02,3,26,District,Grand Lomé (DAGL),,Total,Total,Femmes,1127872
02,3,26,District,Grand Lomé (DAGL),,Total,Total,Ensemble,2188376
02,4,27,Région hors Grand Lomé,Maritime sans Grand Lomé,,0,Urbain,Hommes,2488
02,4,27,Région hors Grand Lomé,Maritime sans Grand Lomé,,0,Urbain,Femmes,2335
02,4,27,Région hors Grand Lomé,Maritime sans Grand Lomé,,0,Urbain,Ensemble,4823
02,4,27,Région hors Grand Lomé,Maritime sans Grand Lomé,,0,Rural,Hommes,14237
02,4,27,Région hors Grand Lomé,Maritime sans Grand Lomé,,0,Rural,Femmes,13979
02,4,27,Région hors Grand Lomé,Maritime sans Grand Lomé,,0,Rural,Ensemble,28216
02,4,27,Région hors Grand Lomé,Maritime sans Grand Lomé,,0,Total,Hommes,16725
02,4,27,Région hors Grand Lomé,Maritime sans Grand Lomé,,0,Total,Femmes,16314
02,4,27,Région hors Grand Lomé,Maritime sans Grand Lomé,,0,Total,Ensemble,33039
02,4,27,Région hors Grand Lomé,Maritime sans Grand Lomé,,1-4,Urbain,Hommes,9811
02,4,27,Région hors Grand Lomé,Maritime sans Grand Lomé,,1-4,Urbain,Femmes,9688
02,4,27,Région hors Grand Lomé,Maritime sans Grand Lomé,,1-4,Urbain,Ensemble,19499
02,4,27,Région hors Grand Lomé,Maritime sans Grand Lomé,,1-4,Rural,Hommes,64358
02,4,27,Région hors Grand Lomé,Maritime sans Grand Lomé,,1-4,Rural,Femmes,61472
02,4,27,Région hors Grand Lomé,Maritime sans Grand Lomé,,1-4,Rural,Ensemble,125830
02,4,27,Région hors Grand Lomé,Maritime sans Grand Lomé,,1-4,Total,Hommes,74169
02,4,27,Région hors Grand Lomé,Maritime sans Grand Lomé,,1-4,Total,Femmes,71160
02,4,27,Région hors Grand Lomé,Maritime sans Grand Lomé,,1-4,Total,Ensemble,145329
02,4,27,Région hors Grand Lomé,Maritime sans Grand Lomé,,5-9,Urbain,Hommes,12916
02,4,27,Région hors Grand Lomé,Maritime sans Grand Lomé,,5-9,Urbain,Femmes,12864
02,4,27,Région hors Grand Lomé,Maritime sans Grand Lomé,,5-9,Urbain,Ensemble,25780
02,4,27,Région hors Grand Lomé,Maritime sans Grand Lomé,,5-9,Rural,Hommes,90603
02,4,27,Région hors Grand Lomé,Maritime sans Grand Lomé,,5-9,Rural,Femmes,85850
02,4,27,Région hors Grand Lomé,Maritime sans Grand Lomé,,5-9,Rural,Ensemble,176453
02,4,27,Région hors Grand Lomé,Maritime sans Grand Lomé,,5-9,Total,Hommes,103519
02,4,27,Région hors Grand Lomé,Maritime sans Grand Lomé,,5-9,Total,Femmes,98714
02,4,27,Région hors Grand Lomé,Maritime sans Grand Lomé,,5-9,Total,Ensemble,202233
02,4,27,Région hors Grand Lomé,Maritime sans Grand Lomé,,10-14,Urbain,Hommes,11815
02,4,27,Région hors Grand Lomé,Maritime sans Grand Lomé,,10-14,Urbain,Femmes,12217
02,4,27,Région hors Grand Lomé,Maritime sans Grand Lomé,,10-14,Urbain,Ensemble,24032
02,4,27,Région hors Grand Lomé,Maritime sans Grand Lomé,,10-14,Rural,Hommes,85145
02,4,27,Région hors Grand Lomé,Maritime sans Grand Lomé,,10-14,Rural,Femmes,78227
02,4,27,Région hors Grand Lomé,Maritime sans Grand Lomé,,10-14,Rural,Ensemble,163372
02,4,27,Région hors Grand Lomé,Maritime sans Grand Lomé,,10-14,Total,Hommes,96960
02,4,27,Région hors Grand Lomé,Maritime sans Grand Lomé,,10-14,Total,Femmes,90444
02,4,27,Région hors Grand Lomé,Maritime sans Grand Lomé,,10-14,Total,Ensemble,187404
02,4,27,Région hors Grand Lomé,Maritime sans Grand Lomé,,15-19,Urbain,Hommes,9812
02,4,27,Région hors Grand Lomé,Maritime sans Grand Lomé,,15-19,Urbain,Femmes,10253
02,4,27,Région hors Grand Lomé,Maritime sans Grand Lomé,,15-19,Urbain,Ensemble,20065
02,4,27,Région hors Grand Lomé,Maritime sans Grand Lomé,,15-19,Rural,Hommes,57898
02,4,27,Région hors Grand Lomé,Maritime sans Grand Lomé,,15-19,Rural,Femmes,56894
02,4,27,Région hors Grand Lomé,Maritime sans Grand Lomé,,15-19,Rural,Ensemble,114792
02,4,27,Région hors Grand Lomé,Maritime sans Grand Lomé,,15-19,Total,Hommes,67710
02,4,27,Région hors Grand Lomé,Maritime sans Grand Lomé,,15-19,Total,Femmes,67147
02,4,27,Région hors Grand Lomé,Maritime sans Grand Lomé,,15-19,Total,Ensemble,134857
02,4,27,Région hors Grand Lomé,Maritime sans Grand Lomé,,20-24,Urbain,Hommes,6263
02,4,27,Région hors Grand Lomé,Maritime sans Grand Lomé,,20-24,Urbain,Femmes,7926
02,4,27,Région hors Grand Lomé,Maritime sans Grand Lomé,,20-24,Urbain,Ensemble,14189
02,4,27,Région hors Grand Lomé,Maritime sans Grand Lomé,,20-24,Rural,Hommes,32711
02,4,27,Région hors Grand Lomé,Maritime sans Grand Lomé,,20-24,Rural,Femmes,42043
02,4,27,Région hors Grand Lomé,Maritime sans Grand Lomé,,20-24,Rural,Ensemble,74754
02,4,27,Région hors Grand Lomé,Maritime sans Grand Lomé,,20-24,Total,Hommes,38974
02,4,27,Région hors Grand Lomé,Maritime sans Grand Lomé,,20-24,Total,Femmes,49969
02,4,27,Région hors Grand Lomé,Maritime sans Grand Lomé,,20-24,Total,Ensemble,88943
02,4,27,Région hors Grand Lomé,Maritime sans Grand Lomé,,25-29,Urbain,Hommes,5129
02,4,27,Région hors Grand Lomé,Maritime sans Grand Lomé,,25-29,Urbain,Femmes,7168
02,4,27,Région hors Grand Lomé,Maritime sans Grand Lomé,,25-29,Urbain,Ensemble,12297
02,4,27,Région hors Grand Lomé,Maritime sans Grand Lomé,,25-29,Rural,Hommes,26028
02,4,27,Région hors Grand Lomé,Maritime sans Grand Lomé,,25-29,Rural,Femmes,37946
02,4,27,Région hors Grand Lomé,Maritime sans Grand Lomé,,25-29,Rural,Ensemble,63974
02,4,27,Région hors Grand Lomé,Maritime sans Grand Lomé,,25-29,Total,Hommes,31157
02,4,27,Région hors Grand Lomé,Maritime sans Grand Lomé,,25-29,Total,Femmes,45114
02,4,27,Région hors Grand Lomé,Maritime sans Grand Lomé,,25-29,Total,Ensemble,76271
02,4,27,Région hors Grand Lomé,Maritime sans Grand Lomé,,30-34,Urbain,Hommes,5711
02,4,27,Région hors Grand Lomé,Maritime sans Grand Lomé,,30-34,Urbain,Femmes,7265
02,4,27,Région hors Grand Lomé,Maritime sans Grand Lomé,,30-34,Urbain,Ensemble,12976
02,4,27,Région hors Grand Lomé,Maritime sans Grand Lomé,,30-34,Rural,Hommes,30515
02,4,27,Région hors Grand Lomé,Maritime sans Grand Lomé,,30-34,Rural,Femmes,41512
02,4,27,Région hors Grand Lomé,Maritime sans Grand Lomé,,30-34,Rural,Ensemble,72027
02,4,27,Région hors Grand Lomé,Maritime sans Grand Lomé,,30-34,Total,Hommes,36226
02,4,27,Région hors Grand Lomé,Maritime sans Grand Lomé,,30-34,Total,Femmes,48777
02,4,27,Région hors Grand Lomé,Maritime sans Grand Lomé,,30-34,Total,Ensemble,85003
02,4,27,Région hors Grand Lomé,Maritime sans Grand Lomé,,35-39,Urbain,Hommes,5486
02,4,27,Région hors Grand Lomé,Maritime sans Grand Lomé,,35-39,Urbain,Femmes,6273
02,4,27,Région hors Grand Lomé,Maritime sans Grand Lomé,,35-39,Urbain,Ensemble,11759
02,4,27,Région hors Grand Lomé,Maritime sans Grand Lomé,,35-39,Rural,Hommes,31166
02,4,27,Région hors Grand Lomé,Maritime sans Grand Lomé,,35-39,Rural,Femmes,37245
02,4,27,Région hors Grand Lomé,Maritime sans Grand Lomé,,35-39,Rural,Ensemble,68411
02,4,27,Région hors Grand Lomé,Maritime sans Grand Lomé,,35-39,Total,Hommes,36652
02,4,27,Région hors Grand Lomé,Maritime sans Grand Lomé,,35-39,Total,Femmes,43518
02,4,27,Région hors Grand Lomé,Maritime sans Grand Lomé,,35-39,Total,Ensemble,80170
02,4,27,Région hors Grand Lomé,Maritime sans Grand Lomé,,40-44,Urbain,Hommes,4599
02,4,27,Région hors Grand Lomé,Maritime sans Grand Lomé,,40-44,Urbain,Femmes,4953
02,4,27,Région hors Grand Lomé,Maritime sans Grand Lomé,,40-44,Urbain,Ensemble,9552
02,4,27,Région hors Grand Lomé,Maritime sans Grand Lomé,,40-44,Rural,Hommes,29460
02,4,27,Région hors Grand Lomé,Maritime sans Grand Lomé,,40-44,Rural,Femmes,32511
02,4,27,Région hors Grand Lomé,Maritime sans Grand Lomé,,40-44,Rural,Ensemble,61971
02,4,27,Région hors Grand Lomé,Maritime sans Grand Lomé,,40-44,Total,Hommes,34059
02,4,27,Région hors Grand Lomé,Maritime sans Grand Lomé,,40-44,Total,Femmes,37464
02,4,27,Région hors Grand Lomé,Maritime sans Grand Lomé,,40-44,Total,Ensemble,71523
02,4,27,Région hors Grand Lomé,Maritime sans Grand Lomé,,45-49,Urbain,Hommes,3798
02,4,27,Région hors Grand Lomé,Maritime sans Grand Lomé,,45-49,Urbain,Femmes,3760
02,4,27,Région hors Grand Lomé,Maritime sans Grand Lomé,,45-49,Urbain,Ensemble,7558
02,4,27,Région hors Grand Lomé,Maritime sans Grand Lomé,,45-49,Rural,Hommes,23378
02,4,27,Région hors Grand Lomé,Maritime sans Grand Lomé,,45-49,Rural,Femmes,24078
02,4,27,Région hors Grand Lomé,Maritime sans Grand Lomé,,45-49,Rural,Ensemble,47456
02,4,27,Région hors Grand Lomé,Maritime sans Grand Lomé,,45-49,Total,Hommes,27176
02,4,27,Région hors Grand Lomé,Maritime sans Grand Lomé,,45-49,Total,Femmes,27838
02,4,27,Région hors Grand Lomé,Maritime sans Grand Lomé,,45-49,Total,Ensemble,55014
02,4,27,Région hors Grand Lomé,Maritime sans Grand Lomé,,50-54,Urbain,Hommes,3036
02,4,27,Région hors Grand Lomé,Maritime sans Grand Lomé,,50-54,Urbain,Femmes,3302
02,4,27,Région hors Grand Lomé,Maritime sans Grand Lomé,,50-54,Urbain,Ensemble,6338
02,4,27,Région hors Grand Lomé,Maritime sans Grand Lomé,,50-54,Rural,Hommes,20209
02,4,27,Région hors Grand Lomé,Maritime sans Grand Lomé,,50-54,Rural,Femmes,22908
02,4,27,Région hors Grand Lomé,Maritime sans Grand Lomé,,50-54,Rural,Ensemble,43117
02,4,27,Région hors Grand Lomé,Maritime sans Grand Lomé,,50-54,Total,Hommes,23245
02,4,27,Région hors Grand Lomé,Maritime sans Grand Lomé,,50-54,Total,Femmes,26210
02,4,27,Région hors Grand Lomé,Maritime sans Grand Lomé,,50-54,Total,Ensemble,49455
02,4,27,Région hors Grand Lomé,Maritime sans Grand Lomé,,55-59,Urbain,Hommes,2177
02,4,27,Région hors Grand Lomé,Maritime sans Grand Lomé,,55-59,Urbain,Femmes,2307
02,4,27,Région hors Grand Lomé,Maritime sans Grand Lomé,,55-59,Urbain,Ensemble,4484
02,4,27,Région hors Grand Lomé,Maritime sans Grand Lomé,,55-59,Rural,Hommes,13905
02,4,27,Région hors Grand Lomé,Maritime sans Grand Lomé,,55-59,Rural,Femmes,14657
02,4,27,Région hors Grand Lomé,Maritime sans Grand Lomé,,55-59,Rural,Ensemble,28562
02,4,27,Région hors Grand Lomé,Maritime sans Grand Lomé,,55-59,Total,Hommes,16082
02,4,27,Région hors Grand Lomé,Maritime sans Grand Lomé,,55-59,Total,Femmes,16964
02,4,27,Région hors Grand Lomé,Maritime sans Grand Lomé,,55-59,Total,Ensemble,33046
02,4,27,Région hors Grand Lomé,Maritime sans Grand Lomé,,60-64,Urbain,Hommes,1826
02,4,27,Région hors Grand Lomé,Maritime sans Grand Lomé,,60-64,Urbain,Femmes,2217
02,4,27,Région hors Grand Lomé,Maritime sans Grand Lomé,,60-64,Urbain,Ensemble,4043
02,4,27,Région hors Grand Lomé,Maritime sans Grand Lomé,,60-64,Rural,Hommes,12483
02,4,27,Région hors Grand Lomé,Maritime sans Grand Lomé,,60-64,Rural,Femmes,16801
02,4,27,Région hors Grand Lomé,Maritime sans Grand Lomé,,60-64,Rural,Ensemble,29284
02,4,27,Région hors Grand Lomé,Maritime sans Grand Lomé,,60-64,Total,Hommes,14309
02,4,27,Région hors Grand Lomé,Maritime sans Grand Lomé,,60-64,Total,Femmes,19018
02,4,27,Région hors Grand Lomé,Maritime sans Grand Lomé,,60-64,Total,Ensemble,33327
02,4,27,Région hors Grand Lomé,Maritime sans Grand Lomé,,65-69,Urbain,Hommes,1042
02,4,27,Région hors Grand Lomé,Maritime sans Grand Lomé,,65-69,Urbain,Femmes,1309
02,4,27,Région hors Grand Lomé,Maritime sans Grand Lomé,,65-69,Urbain,Ensemble,2351
02,4,27,Région hors Grand Lomé,Maritime sans Grand Lomé,,65-69,Rural,Hommes,7143
02,4,27,Région hors Grand Lomé,Maritime sans Grand Lomé,,65-69,Rural,Femmes,9663
02,4,27,Région hors Grand Lomé,Maritime sans Grand Lomé,,65-69,Rural,Ensemble,16806
02,4,27,Région hors Grand Lomé,Maritime sans Grand Lomé,,65-69,Total,Hommes,8185
02,4,27,Région hors Grand Lomé,Maritime sans Grand Lomé,,65-69,Total,Femmes,10972
02,4,27,Région hors Grand Lomé,Maritime sans Grand Lomé,,65-69,Total,Ensemble,19157
02,4,27,Région hors Grand Lomé,Maritime sans Grand Lomé,,70-74,Urbain,Hommes,710
02,4,27,Région hors Grand Lomé,Maritime sans Grand Lomé,,70-74,Urbain,Femmes,1191
02,4,27,Région hors Grand Lomé,Maritime sans Grand Lomé,,70-74,Urbain,Ensemble,1901
02,4,27,Région hors Grand Lomé,Maritime sans Grand Lomé,,70-74,Rural,Hommes,5955
02,4,27,Région hors Grand Lomé,Maritime sans Grand Lomé,,70-74,Rural,Femmes,9850
02,4,27,Région hors Grand Lomé,Maritime sans Grand Lomé,,70-74,Rural,Ensemble,15805
02,4,27,Région hors Grand Lomé,Maritime sans Grand Lomé,,70-74,Total,Hommes,6665
02,4,27,Région hors Grand Lomé,Maritime sans Grand Lomé,,70-74,Total,Femmes,11041
02,4,27,Région hors Grand Lomé,Maritime sans Grand Lomé,,70-74,Total,Ensemble,17706
02,4,27,Région hors Grand Lomé,Maritime sans Grand Lomé,,75-79,Urbain,Hommes,327
02,4,27,Région hors Grand Lomé,Maritime sans Grand Lomé,,75-79,Urbain,Femmes,633
02,4,27,Région hors Grand Lomé,Maritime sans Grand Lomé,,75-79,Urbain,Ensemble,960
02,4,27,Région hors Grand Lomé,Maritime sans Grand Lomé,,75-79,Rural,Hommes,2961
02,4,27,Région hors Grand Lomé,Maritime sans Grand Lomé,,75-79,Rural,Femmes,5373
02,4,27,Région hors Grand Lomé,Maritime sans Grand Lomé,,75-79,Rural,Ensemble,8334
02,4,27,Région hors Grand Lomé,Maritime sans Grand Lomé,,75-79,Total,Hommes,3288
02,4,27,Région hors Grand Lomé,Maritime sans Grand Lomé,,75-79,Total,Femmes,6006
02,4,27,Région hors Grand Lomé,Maritime sans Grand Lomé,,75-79,Total,Ensemble,9294
02,4,27,Région hors Grand Lomé,Maritime sans Grand Lomé,,80-84,Urbain,Hommes,253
02,4,27,Région hors Grand Lomé,Maritime sans Grand Lomé,,80-84,Urbain,Femmes,600
02,4,27,Région hors Grand Lomé,Maritime sans Grand Lomé,,80-84,Urbain,Ensemble,853
02,4,27,Région hors Grand Lomé,Maritime sans Grand Lomé,,80-84,Rural,Hommes,2647
02,4,27,Région hors Grand Lomé,Maritime sans Grand Lomé,,80-84,Rural,Femmes,6028
02,4,27,Région hors Grand Lomé,Maritime sans Grand Lomé,,80-84,Rural,Ensemble,8675
02,4,27,Région hors Grand Lomé,Maritime sans Grand Lomé,,80-84,Total,Hommes,2900
02,4,27,Région hors Grand Lomé,Maritime sans Grand Lomé,,80-84,Total,Femmes,6628
02,4,27,Région hors Grand Lomé,Maritime sans Grand Lomé,,80-84,Total,Ensemble,9528
02,4,27,Région hors Grand Lomé,Maritime sans Grand Lomé,,85 et +,Urbain,Hommes,219
02,4,27,Région hors Grand Lomé,Maritime sans Grand Lomé,,85 et +,Urbain,Femmes,776
02,4,27,Région hors Grand Lomé,Maritime sans Grand Lomé,,85 et +,Urbain,Ensemble,995
02,4,27,Région hors Grand Lomé,Maritime sans Grand Lomé,,85 et +,Rural,Hommes,2997
02,4,27,Région hors Grand Lomé,Maritime sans Grand Lomé,,85 et +,Rural,Femmes,7588
02,4,27,Région hors Grand Lomé,Maritime sans Grand Lomé,,85 et +,Rural,Ensemble,10585
02,4,27,Région hors Grand Lomé,Maritime sans Grand Lomé,,85 et +,Total,Hommes,3216
02,4,27,Région hors Grand Lomé,Maritime sans Grand Lomé,,85 et +,Total,Femmes,8364
02,4,27,Région hors Grand Lomé,Maritime sans Grand Lomé,,85 et +,Total,Ensemble,11580
02,4,27,Région hors Grand Lomé,Maritime sans Grand Lomé,,ND,Urbain,Hommes,359
02,4,27,Région hors Grand Lomé,Maritime sans Grand Lomé,,ND,Urbain,Femmes,464
02,4,27,Région hors Grand Lomé,Maritime sans Grand Lomé,,ND,Urbain,Ensemble,823
02,4,27,Région hors Grand Lomé,Maritime sans Grand Lomé,,ND,Rural,Hommes,1300
02,4,27,Région hors Grand Lomé,Maritime sans Grand Lomé,,ND,Rural,Femmes,1613
02,4,27,Région hors Grand Lomé,Maritime sans Grand Lomé,,ND,Rural,Ensemble,2913
02,4,27,Région hors Grand Lomé,Maritime sans Grand Lomé,,ND,Total,Hommes,1659
02,4,27,Région hors Grand Lomé,Maritime sans Grand Lomé,,ND,Total,Femmes,2077
02,4,27,Région hors Grand Lomé,Maritime sans Grand Lomé,,ND,Total,Ensemble,3736
02,4,27,Région hors Grand Lomé,Maritime sans Grand Lomé,,Total,Urbain,Hommes,87777
02,4,27,Région hors Grand Lomé,Maritime sans Grand Lomé,,Total,Urbain,Femmes,97501
02,4,27,Région hors Grand Lomé,Maritime sans Grand Lomé,,Total,Urbain,Ensemble,185278
02,4,27,Région hors Grand Lomé,Maritime sans Grand Lomé,,Total,Rural,Hommes,555099
02,4,27,Région hors Grand Lomé,Maritime sans Grand Lomé,,Total,Rural,Femmes,606238
02,4,27,Région hors Grand Lomé,Maritime sans Grand Lomé,,Total,Rural,Ensemble,1161337
02,4,27,Région hors Grand Lomé,Maritime sans Grand Lomé,,Total,Total,Hommes,642876
02,4,27,Région hors Grand Lomé,Maritime sans Grand Lomé,,Total,Total,Femmes,703739
02,4,27,Région hors Grand Lomé,Maritime sans Grand Lomé,,Total,Total,Ensemble,1346615
02,5,28,Région,Plateaux,,0,Urbain,Hommes,4827
02,5,28,Région,Plateaux,,0,Urbain,Femmes,4581
02,5,28,Région,Plateaux,,0,Urbain,Ensemble,9408
02,5,28,Région,Plateaux,,0,Rural,Hommes,18256
02,5,28,Région,Plateaux,,0,Rural,Femmes,18073
02,5,28,Région,Plateaux,,0,Rural,Ensemble,36329
02,5,28,Région,Plateaux,,0,Total,Hommes,23083
02,5,28,Région,Plateaux,,0,Total,Femmes,22654
02,5,28,Région,Plateaux,,0,Total,Ensemble,45737
02,5,28,Région,Plateaux,,1-4,Urbain,Hommes,19246
02,5,28,Région,Plateaux,,1-4,Urbain,Femmes,17892
02,5,28,Région,Plateaux,,1-4,Urbain,Ensemble,37138
02,5,28,Région,Plateaux,,1-4,Rural,Hommes,79821
02,5,28,Région,Plateaux,,1-4,Rural,Femmes,76990
02,5,28,Région,Plateaux,,1-4,Rural,Ensemble,156811
02,5,28,Région,Plateaux,,1-4,Total,Hommes,99067
02,5,28,Région,Plateaux,,1-4,Total,Femmes,94882
02,5,28,Région,Plateaux,,1-4,Total,Ensemble,193949
02,5,28,Région,Plateaux,,5-9,Urbain,Hommes,24776
02,5,28,Région,Plateaux,,5-9,Urbain,Femmes,24669
02,5,28,Région,Plateaux,,5-9,Urbain,Ensemble,49445
02,5,28,Région,Plateaux,,5-9,Rural,Hommes,105463
02,5,28,Région,Plateaux,,5-9,Rural,Femmes,100873
02,5,28,Région,Plateaux,,5-9,Rural,Ensemble,206336
02,5,28,Région,Plateaux,,5-9,Total,Hommes,130239
02,5,28,Région,Plateaux,,5-9,Total,Femmes,125542
02,5,28,Région,Plateaux,,5-9,Total,Ensemble,255781
02,5,28,Région,Plateaux,,10-14,Urbain,Hommes,24436
02,5,28,Région,Plateaux,,10-14,Urbain,Femmes,25207
02,5,28,Région,Plateaux,,10-14,Urbain,Ensemble,49643
02,5,28,Région,Plateaux,,10-14,Rural,Hommes,91258
02,5,28,Région,Plateaux,,10-14,Rural,Femmes,79940
02,5,28,Région,Plateaux,,10-14,Rural,Ensemble,171198
02,5,28,Région,Plateaux,,10-14,Total,Hommes,115694
02,5,28,Région,Plateaux,,10-14,Total,Femmes,105147
02,5,28,Région,Plateaux,,10-14,Total,Ensemble,220841
02,5,28,Région,Plateaux,,15-19,Urbain,Hommes,23728
02,5,28,Région,Plateaux,,15-19,Urbain,Femmes,23125
02,5,28,Région,Plateaux,,15-19,Urbain,Ensemble,46853
02,5,28,Région,Plateaux,,15-19,Rural,Hommes,61566
02,5,28,Région,Plateaux,,15-19,Rural,Femmes,55684
02,5,28,Région,Plateaux,,15-19,Rural,Ensemble,117250
02,5,28,Région,Plateaux,,15-19,Total,Hommes,85294
02,5,28,Région,Plateaux,,15-19,Total,Femmes,78809
02,5,28,Région,Plateaux,,15-19,Total,Ensemble,164103
02,5,28,Région,Plateaux,,20-24,Urbain,Hommes,15362
02,5,28,Région,Plateaux,,20-24,Urbain,Femmes,17174
02,5,28,Région,Plateaux,,20-24,Urbain,Ensemble,32536
02,5,28,Région,Plateaux,,20-24,Rural,Hommes,40510
02,5,28,Région,Plateaux,,20-24,Rural,Femmes,50039
02,5,28,Région,Plateaux,,20-24,Rural,Ensemble,90549
02,5,28,Région,Plateaux,,20-24,Total,Hommes,55872
02,5,28,Région,Plateaux,,20-24,Total,Femmes,67213
02,5,28,Région,Plateaux,,20-24,Total,Ensemble,123085
02,5,28,Région,Plateaux,,25-29,Urbain,Hommes,11351
02,5,28,Région,Plateaux,,25-29,Urbain,Femmes,14256
02,5,28,Région,Plateaux,,25-29,Urbain,Ensemble,25607
02,5,28,Région,Plateaux,,25-29,Rural,Hommes,34908
02,5,28,Région,Plateaux,,25-29,Rural,Femmes,43728
02,5,28,Région,Plateaux,,25-29,Rural,Ensemble,78636
02,5,28,Région,Plateaux,,25-29,Total,Hommes,46259
02,5,28,Région,Plateaux,,25-29,Total,Femmes,57984
02,5,28,Région,Plateaux,,25-29,Total,Ensemble,104243
02,5,28,Région,Plateaux,,30-34,Urbain,Hommes,11453
02,5,28,Région,Plateaux,,30-34,Urbain,Femmes,13769
02,5,28,Région,Plateaux,,30-34,Urbain,Ensemble,25222
02,5,28,Région,Plateaux,,30-34,Rural,Hommes,36239
02,5,28,Région,Plateaux,,30-34,Rural,Femmes,42093
02,5,28,Région,Plateaux,,30-34,Rural,Ensemble,78332
02,5,28,Région,Plateaux,,30-34,Total,Hommes,47692
02,5,28,Région,Plateaux,,30-34,Total,Femmes,55862
02,5,28,Région,Plateaux,,30-34,Total,Ensemble,103554
02,5,28,Région,Plateaux,,35-39,Urbain,Hommes,10347
02,5,28,Région,Plateaux,,35-39,Urbain,Femmes,11480
02,5,28,Région,Plateaux,,35-39,Urbain,Ensemble,21827
02,5,28,Région,Plateaux,,35-39,Rural,Hommes,32415
02,5,28,Région,Plateaux,,35-39,Rural,Femmes,37466
02,5,28,Région,Plateaux,,35-39,Rural,Ensemble,69881
02,5,28,Région,Plateaux,,35-39,Total,Hommes,42762
02,5,28,Région,Plateaux,,35-39,Total,Femmes,48946
02,5,28,Région,Plateaux,,35-39,Total,Ensemble,91708
02,5,28,Région,Plateaux,,40-44,Urbain,Hommes,8517
02,5,28,Région,Plateaux,,40-44,Urbain,Femmes,8908
02,5,28,Région,Plateaux,,40-44,Urbain,Ensemble,17425
02,5,28,Région,Plateaux,,40-44,Rural,Hommes,28946
02,5,28,Région,Plateaux,,40-44,Rural,Femmes,32751
02,5,28,Région,Plateaux,,40-44,Rural,Ensemble,61697
02,5,28,Région,Plateaux,,40-44,Total,Hommes,37463
02,5,28,Région,Plateaux,,40-44,Total,Femmes,41659
02,5,28,Région,Plateaux,,40-44,Total,Ensemble,79122
02,5,28,Région,Plateaux,,45-49,Urbain,Hommes,6788
02,5,28,Région,Plateaux,,45-49,Urbain,Femmes,7043
02,5,28,Région,Plateaux,,45-49,Urbain,Ensemble,13831
02,5,28,Région,Plateaux,,45-49,Rural,Hommes,23539
02,5,28,Région,Plateaux,,45-49,Rural,Femmes,23675
02,5,28,Région,Plateaux,,45-49,Rural,Ensemble,47214
02,5,28,Région,Plateaux,,45-49,Total,Hommes,30327
02,5,28,Région,Plateaux,,45-49,Total,Femmes,30718
02,5,28,Région,Plateaux,,45-49,Total,Ensemble,61045
02,5,28,Région,Plateaux,,50-54,Urbain,Hommes,5814
02,5,28,Région,Plateaux,,50-54,Urbain,Femmes,6046
02,5,28,Région,Plateaux,,50-54,Urbain,Ensemble,11860
02,5,28,Région,Plateaux,,50-54,Rural,Hommes,22061
02,5,28,Région,Plateaux,,50-54,Rural,Femmes,22755
02,5,28,Région,Plateaux,,50-54,Rural,Ensemble,44816
02,5,28,Région,Plateaux,,50-54,Total,Hommes,27875
02,5,28,Région,Plateaux,,50-54,Total,Femmes,28801
02,5,28,Région,Plateaux,,50-54,Total,Ensemble,56676
02,5,28,Région,Plateaux,,55-59,Urbain,Hommes,4361
02,5,28,Région,Plateaux,,55-59,Urbain,Femmes,4364
02,5,28,Région,Plateaux,,55-59,Urbain,Ensemble,8725
02,5,28,Région,Plateaux,,55-59,Rural,Hommes,16173
02,5,28,Région,Plateaux,,55-59,Rural,Femmes,14172
02,5,28,Région,Plateaux,,55-59,Rural,Ensemble,30345
02,5,28,Région,Plateaux,,55-59,Total,Hommes,20534
02,5,28,Région,Plateaux,,55-59,Total,Femmes,18536
02,5,28,Région,Plateaux,,55-59,Total,Ensemble,39070
02,5,28,Région,Plateaux,,60-64,Urbain,Hommes,3453
02,5,28,Région,Plateaux,,60-64,Urbain,Femmes,3722
02,5,28,Région,Plateaux,,60-64,Urbain,Ensemble,7175
02,5,28,Région,Plateaux,,60-64,Rural,Hommes,13112
02,5,28,Région,Plateaux,,60-64,Rural,Femmes,14102
02,5,28,Région,Plateaux,,60-64,Rural,Ensemble,27214
02,5,28,Région,Plateaux,,60-64,Total,Hommes,16565
02,5,28,Région,Plateaux,,60-64,Total,Femmes,17824
02,5,28,Région,Plateaux,,60-64,Total,Ensemble,34389
02,5,28,Région,Plateaux,,65-69,Urbain,Hommes,2022
02,5,28,Région,Plateaux,,65-69,Urbain,Femmes,2237
02,5,28,Région,Plateaux,,65-69,Urbain,Ensemble,4259
02,5,28,Région,Plateaux,,65-69,Rural,Hommes,6824
02,5,28,Région,Plateaux,,65-69,Rural,Femmes,7565
02,5,28,Région,Plateaux,,65-69,Rural,Ensemble,14389
02,5,28,Région,Plateaux,,65-69,Total,Hommes,8846
02,5,28,Région,Plateaux,,65-69,Total,Femmes,9802
02,5,28,Région,Plateaux,,65-69,Total,Ensemble,18648
02,5,28,Région,Plateaux,,70-74,Urbain,Hommes,1272
02,5,28,Région,Plateaux,,70-74,Urbain,Femmes,1713
02,5,28,Région,Plateaux,,70-74,Urbain,Ensemble,2985
02,5,28,Région,Plateaux,,70-74,Rural,Hommes,5472
02,5,28,Région,Plateaux,,70-74,Rural,Femmes,6868
02,5,28,Région,Plateaux,,70-74,Rural,Ensemble,12340
02,5,28,Région,Plateaux,,70-74,Total,Hommes,6744
02,5,28,Région,Plateaux,,70-74,Total,Femmes,8581
02,5,28,Région,Plateaux,,70-74,Total,Ensemble,15325
02,5,28,Région,Plateaux,,75-79,Urbain,Hommes,620
02,5,28,Région,Plateaux,,75-79,Urbain,Femmes,1030
02,5,28,Région,Plateaux,,75-79,Urbain,Ensemble,1650
02,5,28,Région,Plateaux,,75-79,Rural,Hommes,2957
02,5,28,Région,Plateaux,,75-79,Rural,Femmes,3736
02,5,28,Région,Plateaux,,75-79,Rural,Ensemble,6693
02,5,28,Région,Plateaux,,75-79,Total,Hommes,3577
02,5,28,Région,Plateaux,,75-79,Total,Femmes,4766
02,5,28,Région,Plateaux,,75-79,Total,Ensemble,8343
02,5,28,Région,Plateaux,,80-84,Urbain,Hommes,399
02,5,28,Région,Plateaux,,80-84,Urbain,Femmes,840
02,5,28,Région,Plateaux,,80-84,Urbain,Ensemble,1239
02,5,28,Région,Plateaux,,80-84,Rural,Hommes,2415
02,5,28,Région,Plateaux,,80-84,Rural,Femmes,3660
02,5,28,Région,Plateaux,,80-84,Rural,Ensemble,6075
02,5,28,Région,Plateaux,,80-84,Total,Hommes,2814
02,5,28,Région,Plateaux,,80-84,Total,Femmes,4500
02,5,28,Région,Plateaux,,80-84,Total,Ensemble,7314
02,5,28,Région,Plateaux,,85 et +,Urbain,Hommes,383
02,5,28,Région,Plateaux,,85 et +,Urbain,Femmes,1014
02,5,28,Région,Plateaux,,85 et +,Urbain,Ensemble,1397
02,5,28,Région,Plateaux,,85 et +,Rural,Hommes,2616
02,5,28,Région,Plateaux,,85 et +,Rural,Femmes,4195
02,5,28,Région,Plateaux,,85 et +,Rural,Ensemble,6811
02,5,28,Région,Plateaux,,85 et +,Total,Hommes,2999
02,5,28,Région,Plateaux,,85 et +,Total,Femmes,5209
02,5,28,Région,Plateaux,,85 et +,Total,Ensemble,8208
02,5,28,Région,Plateaux,,ND,Urbain,Hommes,624
02,5,28,Région,Plateaux,,ND,Urbain,Femmes,528
02,5,28,Région,Plateaux,,ND,Urbain,Ensemble,1152
02,5,28,Région,Plateaux,,ND,Rural,Hommes,1824
02,5,28,Région,Plateaux,,ND,Rural,Femmes,1829
02,5,28,Région,Plateaux,,ND,Rural,Ensemble,3653
02,5,28,Région,Plateaux,,ND,Total,Hommes,2448
02,5,28,Région,Plateaux,,ND,Total,Femmes,2357
02,5,28,Région,Plateaux,,ND,Total,Ensemble,4805
02,5,28,Région,Plateaux,,Total,Urbain,Hommes,179779
02,5,28,Région,Plateaux,,Total,Urbain,Femmes,189598
02,5,28,Région,Plateaux,,Total,Urbain,Ensemble,369377
02,5,28,Région,Plateaux,,Total,Rural,Hommes,626375
02,5,28,Région,Plateaux,,Total,Rural,Femmes,640194
02,5,28,Région,Plateaux,,Total,Rural,Ensemble,1266569
02,5,28,Région,Plateaux,,Total,Total,Hommes,806154
02,5,28,Région,Plateaux,,Total,Total,Femmes,829792
02,5,28,Région,Plateaux,,Total,Total,Ensemble,1635946
02,6,29,Région,Centrale,,0,Urbain,Hommes,2622
02,6,29,Région,Centrale,,0,Urbain,Femmes,2499
02,6,29,Région,Centrale,,0,Urbain,Ensemble,5121
02,6,29,Région,Centrale,,0,Rural,Hommes,8698
02,6,29,Région,Centrale,,0,Rural,Femmes,8550
02,6,29,Région,Centrale,,0,Rural,Ensemble,17248
02,6,29,Région,Centrale,,0,Total,Hommes,11320
02,6,29,Région,Centrale,,0,Total,Femmes,11049
02,6,29,Région,Centrale,,0,Total,Ensemble,22369
02,6,29,Région,Centrale,,1-4,Urbain,Hommes,10710
02,6,29,Région,Centrale,,1-4,Urbain,Femmes,10168
02,6,29,Région,Centrale,,1-4,Urbain,Ensemble,20878
02,6,29,Région,Centrale,,1-4,Rural,Hommes,38707
02,6,29,Région,Centrale,,1-4,Rural,Femmes,37120
02,6,29,Région,Centrale,,1-4,Rural,Ensemble,75827
02,6,29,Région,Centrale,,1-4,Total,Hommes,49417
02,6,29,Région,Centrale,,1-4,Total,Femmes,47288
02,6,29,Région,Centrale,,1-4,Total,Ensemble,96705
02,6,29,Région,Centrale,,5-9,Urbain,Hommes,14209
02,6,29,Région,Centrale,,5-9,Urbain,Femmes,13338
02,6,29,Région,Centrale,,5-9,Urbain,Ensemble,27547
02,6,29,Région,Centrale,,5-9,Rural,Hommes,48520
02,6,29,Région,Centrale,,5-9,Rural,Femmes,45969
02,6,29,Région,Centrale,,5-9,Rural,Ensemble,94489
02,6,29,Région,Centrale,,5-9,Total,Hommes,62729
02,6,29,Région,Centrale,,5-9,Total,Femmes,59307
02,6,29,Région,Centrale,,5-9,Total,Ensemble,122036
02,6,29,Région,Centrale,,10-14,Urbain,Hommes,13746
02,6,29,Région,Centrale,,10-14,Urbain,Femmes,13203
02,6,29,Région,Centrale,,10-14,Urbain,Ensemble,26949
02,6,29,Région,Centrale,,10-14,Rural,Hommes,41855
02,6,29,Région,Centrale,,10-14,Rural,Femmes,36610
02,6,29,Région,Centrale,,10-14,Rural,Ensemble,78465
02,6,29,Région,Centrale,,10-14,Total,Hommes,55601
02,6,29,Région,Centrale,,10-14,Total,Femmes,49813
02,6,29,Région,Centrale,,10-14,Total,Ensemble,105414
02,6,29,Région,Centrale,,15-19,Urbain,Hommes,13212
02,6,29,Région,Centrale,,15-19,Urbain,Femmes,11726
02,6,29,Région,Centrale,,15-19,Urbain,Ensemble,24938
02,6,29,Région,Centrale,,15-19,Rural,Hommes,29724
02,6,29,Région,Centrale,,15-19,Rural,Femmes,25240
02,6,29,Région,Centrale,,15-19,Rural,Ensemble,54964
02,6,29,Région,Centrale,,15-19,Total,Hommes,42936
02,6,29,Région,Centrale,,15-19,Total,Femmes,36966
02,6,29,Région,Centrale,,15-19,Total,Ensemble,79902
02,6,29,Région,Centrale,,20-24,Urbain,Hommes,8910
02,6,29,Région,Centrale,,20-24,Urbain,Femmes,8979
02,6,29,Région,Centrale,,20-24,Urbain,Ensemble,17889
02,6,29,Région,Centrale,,20-24,Rural,Hommes,20717
02,6,29,Région,Centrale,,20-24,Rural,Femmes,24532
02,6,29,Région,Centrale,,20-24,Rural,Ensemble,45249
02,6,29,Région,Centrale,,20-24,Total,Hommes,29627
02,6,29,Région,Centrale,,20-24,Total,Femmes,33511
02,6,29,Région,Centrale,,20-24,Total,Ensemble,63138
02,6,29,Région,Centrale,,25-29,Urbain,Hommes,6454
02,6,29,Région,Centrale,,25-29,Urbain,Femmes,7647
02,6,29,Région,Centrale,,25-29,Urbain,Ensemble,14101
02,6,29,Région,Centrale,,25-29,Rural,Hommes,18421
02,6,29,Région,Centrale,,25-29,Rural,Femmes,21068
02,6,29,Région,Centrale,,25-29,Rural,Ensemble,39489
02,6,29,Région,Centrale,,25-29,Total,Hommes,24875
02,6,29,Région,Centrale,,25-29,Total,Femmes,28715
02,6,29,Région,Centrale,,25-29,Total,Ensemble,53590
02,6,29,Région,Centrale,,30-34,Urbain,Hommes,6040
02,6,29,Région,Centrale,,30-34,Urbain,Femmes,7118
02,6,29,Région,Centrale,,30-34,Urbain,Ensemble,13158
02,6,29,Région,Centrale,,30-34,Rural,Hommes,18370
02,6,29,Région,Centrale,,30-34,Rural,Femmes,20170
02,6,29,Région,Centrale,,30-34,Rural,Ensemble,38540
02,6,29,Région,Centrale,,30-34,Total,Hommes,24410
02,6,29,Région,Centrale,,30-34,Total,Femmes,27288
02,6,29,Région,Centrale,,30-34,Total,Ensemble,51698
02,6,29,Région,Centrale,,35-39,Urbain,Hommes,5561
02,6,29,Région,Centrale,,35-39,Urbain,Femmes,6220
02,6,29,Région,Centrale,,35-39,Urbain,Ensemble,11781
02,6,29,Région,Centrale,,35-39,Rural,Hommes,16296
02,6,29,Région,Centrale,,35-39,Rural,Femmes,17081
02,6,29,Région,Centrale,,35-39,Rural,Ensemble,33377
02,6,29,Région,Centrale,,35-39,Total,Hommes,21857
02,6,29,Région,Centrale,,35-39,Total,Femmes,23301
02,6,29,Région,Centrale,,35-39,Total,Ensemble,45158
02,6,29,Région,Centrale,,40-44,Urbain,Hommes,4548
02,6,29,Région,Centrale,,40-44,Urbain,Femmes,4797
02,6,29,Région,Centrale,,40-44,Urbain,Ensemble,9345
02,6,29,Région,Centrale,,40-44,Rural,Hommes,13380
02,6,29,Région,Centrale,,40-44,Rural,Femmes,14184
02,6,29,Région,Centrale,,40-44,Rural,Ensemble,27564
02,6,29,Région,Centrale,,40-44,Total,Hommes,17928
02,6,29,Région,Centrale,,40-44,Total,Femmes,18981
02,6,29,Région,Centrale,,40-44,Total,Ensemble,36909
02,6,29,Région,Centrale,,45-49,Urbain,Hommes,3692
02,6,29,Région,Centrale,,45-49,Urbain,Femmes,3821
02,6,29,Région,Centrale,,45-49,Urbain,Ensemble,7513
02,6,29,Région,Centrale,,45-49,Rural,Hommes,10395
02,6,29,Région,Centrale,,45-49,Rural,Femmes,10298
02,6,29,Région,Centrale,,45-49,Rural,Ensemble,20693
02,6,29,Région,Centrale,,45-49,Total,Hommes,14087
02,6,29,Région,Centrale,,45-49,Total,Femmes,14119
02,6,29,Région,Centrale,,45-49,Total,Ensemble,28206
02,6,29,Région,Centrale,,50-54,Urbain,Hommes,3102
02,6,29,Région,Centrale,,50-54,Urbain,Femmes,3334
02,6,29,Région,Centrale,,50-54,Urbain,Ensemble,6436
02,6,29,Région,Centrale,,50-54,Rural,Hommes,9531
02,6,29,Région,Centrale,,50-54,Rural,Femmes,10043
02,6,29,Région,Centrale,,50-54,Rural,Ensemble,19574
02,6,29,Région,Centrale,,50-54,Total,Hommes,12633
02,6,29,Région,Centrale,,50-54,Total,Femmes,13377
02,6,29,Région,Centrale,,50-54,Total,Ensemble,26010
02,6,29,Région,Centrale,,55-59,Urbain,Hommes,2419
02,6,29,Région,Centrale,,55-59,Urbain,Femmes,2577
02,6,29,Région,Centrale,,55-59,Urbain,Ensemble,4996
02,6,29,Région,Centrale,,55-59,Rural,Hommes,6997
02,6,29,Région,Centrale,,55-59,Rural,Femmes,6622
02,6,29,Région,Centrale,,55-59,Rural,Ensemble,13619
02,6,29,Région,Centrale,,55-59,Total,Hommes,9416
02,6,29,Région,Centrale,,55-59,Total,Femmes,9199
02,6,29,Région,Centrale,,55-59,Total,Ensemble,18615
02,6,29,Région,Centrale,,60-64,Urbain,Hommes,1942
02,6,29,Région,Centrale,,60-64,Urbain,Femmes,2243
02,6,29,Région,Centrale,,60-64,Urbain,Ensemble,4185
02,6,29,Région,Centrale,,60-64,Rural,Hommes,5541
02,6,29,Région,Centrale,,60-64,Rural,Femmes,6054
02,6,29,Région,Centrale,,60-64,Rural,Ensemble,11595
02,6,29,Région,Centrale,,60-64,Total,Hommes,7483
02,6,29,Région,Centrale,,60-64,Total,Femmes,8297
02,6,29,Région,Centrale,,60-64,Total,Ensemble,15780
02,6,29,Région,Centrale,,65-69,Urbain,Hommes,1282
02,6,29,Région,Centrale,,65-69,Urbain,Femmes,1385
02,6,29,Région,Centrale,,65-69,Urbain,Ensemble,2667
02,6,29,Région,Centrale,,65-69,Rural,Hommes,3026
02,6,29,Région,Centrale,,65-69,Rural,Femmes,3354
02,6,29,Région,Centrale,,65-69,Rural,Ensemble,6380
02,6,29,Région,Centrale,,65-69,Total,Hommes,4308
02,6,29,Région,Centrale,,65-69,Total,Femmes,4739
02,6,29,Région,Centrale,,65-69,Total,Ensemble,9047
02,6,29,Région,Centrale,,70-74,Urbain,Hommes,852
02,6,29,Région,Centrale,,70-74,Urbain,Femmes,1076
02,6,29,Région,Centrale,,70-74,Urbain,Ensemble,1928
02,6,29,Région,Centrale,,70-74,Rural,Hommes,2357
02,6,29,Région,Centrale,,70-74,Rural,Femmes,2954
02,6,29,Région,Centrale,,70-74,Rural,Ensemble,5311
02,6,29,Région,Centrale,,70-74,Total,Hommes,3209
02,6,29,Région,Centrale,,70-74,Total,Femmes,4030
02,6,29,Région,Centrale,,70-74,Total,Ensemble,7239
02,6,29,Région,Centrale,,75-79,Urbain,Hommes,420
02,6,29,Région,Centrale,,75-79,Urbain,Femmes,675
02,6,29,Région,Centrale,,75-79,Urbain,Ensemble,1095
02,6,29,Région,Centrale,,75-79,Rural,Hommes,1143
02,6,29,Région,Centrale,,75-79,Rural,Femmes,1724
02,6,29,Région,Centrale,,75-79,Rural,Ensemble,2867
02,6,29,Région,Centrale,,75-79,Total,Hommes,1563
02,6,29,Région,Centrale,,75-79,Total,Femmes,2399
02,6,29,Région,Centrale,,75-79,Total,Ensemble,3962
02,6,29,Région,Centrale,,80-84,Urbain,Hommes,293
02,6,29,Région,Centrale,,80-84,Urbain,Femmes,536
02,6,29,Région,Centrale,,80-84,Urbain,Ensemble,829
02,6,29,Région,Centrale,,80-84,Rural,Hommes,992
02,6,29,Région,Centrale,,80-84,Rural,Femmes,1495
02,6,29,Région,Centrale,,80-84,Rural,Ensemble,2487
02,6,29,Région,Centrale,,80-84,Total,Hommes,1285
02,6,29,Région,Centrale,,80-84,Total,Femmes,2031
02,6,29,Région,Centrale,,80-84,Total,Ensemble,3316
02,6,29,Région,Centrale,,85 et +,Urbain,Hommes,314
02,6,29,Région,Centrale,,85 et +,Urbain,Femmes,645
02,6,29,Région,Centrale,,85 et +,Urbain,Ensemble,959
02,6,29,Région,Centrale,,85 et +,Rural,Hommes,1156
02,6,29,Région,Centrale,,85 et +,Rural,Femmes,1700
02,6,29,Région,Centrale,,85 et +,Rural,Ensemble,2856
02,6,29,Région,Centrale,,85 et +,Total,Hommes,1470
02,6,29,Région,Centrale,,85 et +,Total,Femmes,2345
02,6,29,Région,Centrale,,85 et +,Total,Ensemble,3815
02,6,29,Région,Centrale,,ND,Urbain,Hommes,361
02,6,29,Région,Centrale,,ND,Urbain,Femmes,431
02,6,29,Région,Centrale,,ND,Urbain,Ensemble,792
02,6,29,Région,Centrale,,ND,Rural,Hommes,821
02,6,29,Région,Centrale,,ND,Rural,Femmes,1007
02,6,29,Région,Centrale,,ND,Rural,Ensemble,1828
02,6,29,Région,Centrale,,ND,Total,Hommes,1182
02,6,29,Région,Centrale,,ND,Total,Femmes,1438
02,6,29,Région,Centrale,,ND,Total,Ensemble,2620
02,6,29,Région,Centrale,,Total,Urbain,Hommes,100689
02,6,29,Région,Centrale,,Total,Urbain,Femmes,102418
02,6,29,Région,Centrale,,Total,Urbain,Ensemble,203107
02,6,29,Région,Centrale,,Total,Rural,Hommes,296647
02,6,29,Région,Centrale,,Total,Rural,Femmes,295775
02,6,29,Région,Centrale,,Total,Rural,Ensemble,592422
02,6,29,Région,Centrale,,Total,Total,Hommes,397336
02,6,29,Région,Centrale,,Total,Total,Femmes,398193
02,6,29,Région,Centrale,,Total,Total,Ensemble,795529
02,7,30,Région,Kara,,0,Urbain,Hommes,3330
02,7,30,Région,Kara,,0,Urbain,Femmes,3129
02,7,30,Région,Kara,,0,Urbain,Ensemble,6459
02,7,30,Région,Kara,,0,Rural,Hommes,11054
02,7,30,Région,Kara,,0,Rural,Femmes,10546
02,7,30,Région,Kara,,0,Rural,Ensemble,21600
02,7,30,Région,Kara,,0,Total,Hommes,14384
02,7,30,Région,Kara,,0,Total,Femmes,13675
02,7,30,Région,Kara,,0,Total,Ensemble,28059
02,7,30,Région,Kara,,1-4,Urbain,Hommes,13514
02,7,30,Région,Kara,,1-4,Urbain,Femmes,13004
02,7,30,Région,Kara,,1-4,Urbain,Ensemble,26518
02,7,30,Région,Kara,,1-4,Rural,Hommes,48869
02,7,30,Région,Kara,,1-4,Rural,Femmes,47423
02,7,30,Région,Kara,,1-4,Rural,Ensemble,96292
02,7,30,Région,Kara,,1-4,Total,Hommes,62383
02,7,30,Région,Kara,,1-4,Total,Femmes,60427
02,7,30,Région,Kara,,1-4,Total,Ensemble,122810
02,7,30,Région,Kara,,5-9,Urbain,Hommes,17613
02,7,30,Région,Kara,,5-9,Urbain,Femmes,17172
02,7,30,Région,Kara,,5-9,Urbain,Ensemble,34785
02,7,30,Région,Kara,,5-9,Rural,Hommes,63000
02,7,30,Région,Kara,,5-9,Rural,Femmes,59158
02,7,30,Région,Kara,,5-9,Rural,Ensemble,122158
02,7,30,Région,Kara,,5-9,Total,Hommes,80613
02,7,30,Région,Kara,,5-9,Total,Femmes,76330
02,7,30,Région,Kara,,5-9,Total,Ensemble,156943
02,7,30,Région,Kara,,10-14,Urbain,Hommes,17408
02,7,30,Région,Kara,,10-14,Urbain,Femmes,17611
02,7,30,Région,Kara,,10-14,Urbain,Ensemble,35019
02,7,30,Région,Kara,,10-14,Rural,Hommes,49020
02,7,30,Région,Kara,,10-14,Rural,Femmes,40557
02,7,30,Région,Kara,,10-14,Rural,Ensemble,89577
02,7,30,Région,Kara,,10-14,Total,Hommes,66428
02,7,30,Région,Kara,,10-14,Total,Femmes,58168
02,7,30,Région,Kara,,10-14,Total,Ensemble,124596
02,7,30,Région,Kara,,15-19,Urbain,Hommes,18063
02,7,30,Région,Kara,,15-19,Urbain,Femmes,16983
02,7,30,Région,Kara,,15-19,Urbain,Ensemble,35046
02,7,30,Région,Kara,,15-19,Rural,Hommes,32902
02,7,30,Région,Kara,,15-19,Rural,Femmes,27175
02,7,30,Région,Kara,,15-19,Rural,Ensemble,60077
02,7,30,Région,Kara,,15-19,Total,Hommes,50965
02,7,30,Région,Kara,,15-19,Total,Femmes,44158
02,7,30,Région,Kara,,15-19,Total,Ensemble,95123
02,7,30,Région,Kara,,20-24,Urbain,Hommes,17500
02,7,30,Région,Kara,,20-24,Urbain,Femmes,15228
02,7,30,Région,Kara,,20-24,Urbain,Ensemble,32728
02,7,30,Région,Kara,,20-24,Rural,Hommes,24986
02,7,30,Région,Kara,,20-24,Rural,Femmes,28655
02,7,30,Région,Kara,,20-24,Rural,Ensemble,53641
02,7,30,Région,Kara,,20-24,Total,Hommes,42486
02,7,30,Région,Kara,,20-24,Total,Femmes,43883
02,7,30,Région,Kara,,20-24,Total,Ensemble,86369
02,7,30,Région,Kara,,25-29,Urbain,Hommes,11722
02,7,30,Région,Kara,,25-29,Urbain,Femmes,11049
02,7,30,Région,Kara,,25-29,Urbain,Ensemble,22771
02,7,30,Région,Kara,,25-29,Rural,Hommes,20829
02,7,30,Région,Kara,,25-29,Rural,Femmes,24389
02,7,30,Région,Kara,,25-29,Rural,Ensemble,45217
02,7,30,Région,Kara,,25-29,Total,Hommes,32551
02,7,30,Région,Kara,,25-29,Total,Femmes,35438
02,7,30,Région,Kara,,25-29,Total,Ensemble,67988
02,7,30,Région,Kara,,30-34,Urbain,Hommes,9836
02,7,30,Région,Kara,,30-34,Urbain,Femmes,9975
02,7,30,Région,Kara,,30-34,Urbain,Ensemble,19811
02,7,30,Région,Kara,,30-34,Rural,Hommes,20221
02,7,30,Région,Kara,,30-34,Rural,Femmes,22983
02,7,30,Région,Kara,,30-34,Rural,Ensemble,43204
02,7,30,Région,Kara,,30-34,Total,Hommes,30057
02,7,30,Région,Kara,,30-34,Total,Femmes,32958
02,7,30,Région,Kara,,30-34,Total,Ensemble,63015
02,7,30,Région,Kara,,35-39,Urbain,Hommes,8423
02,7,30,Région,Kara,,35-39,Urbain,Femmes,8467
02,7,30,Région,Kara,,35-39,Urbain,Ensemble,16890
02,7,30,Région,Kara,,35-39,Rural,Hommes,16703
02,7,30,Région,Kara,,35-39,Rural,Femmes,18853
02,7,30,Région,Kara,,35-39,Rural,Ensemble,35556
02,7,30,Région,Kara,,35-39,Total,Hommes,25126
02,7,30,Région,Kara,,35-39,Total,Femmes,27320
02,7,30,Région,Kara,,35-39,Total,Ensemble,52446
02,7,30,Région,Kara,,40-44,Urbain,Hommes,6355
02,7,30,Région,Kara,,40-44,Urbain,Femmes,6517
02,7,30,Région,Kara,,40-44,Urbain,Ensemble,12872
02,7,30,Région,Kara,,40-44,Rural,Hommes,13749
02,7,30,Région,Kara,,40-44,Rural,Femmes,16412
02,7,30,Région,Kara,,40-44,Rural,Ensemble,30161
02,7,30,Région,Kara,,40-44,Total,Hommes,20104
02,7,30,Région,Kara,,40-44,Total,Femmes,22929
02,7,30,Région,Kara,,40-44,Total,Ensemble,43033
02,7,30,Région,Kara,,45-49,Urbain,Hommes,4941
02,7,30,Région,Kara,,45-49,Urbain,Femmes,5070
02,7,30,Région,Kara,,45-49,Urbain,Ensemble,10011
02,7,30,Région,Kara,,45-49,Rural,Hommes,10641
02,7,30,Région,Kara,,45-49,Rural,Femmes,12121
02,7,30,Région,Kara,,45-49,Rural,Ensemble,22762
02,7,30,Région,Kara,,45-49,Total,Hommes,15582
02,7,30,Région,Kara,,45-49,Total,Femmes,17191
02,7,30,Région,Kara,,45-49,Total,Ensemble,32773
02,7,30,Région,Kara,,50-54,Urbain,Hommes,4146
02,7,30,Région,Kara,,50-54,Urbain,Femmes,4649
02,7,30,Région,Kara,,50-54,Urbain,Ensemble,8795
02,7,30,Région,Kara,,50-54,Rural,Hommes,9588
02,7,30,Région,Kara,,50-54,Rural,Femmes,11889
02,7,30,Région,Kara,,50-54,Rural,Ensemble,21477
02,7,30,Région,Kara,,50-54,Total,Hommes,13734
02,7,30,Région,Kara,,50-54,Total,Femmes,16538
02,7,30,Région,Kara,,50-54,Total,Ensemble,30272
02,7,30,Région,Kara,,55-59,Urbain,Hommes,3466
02,7,30,Région,Kara,,55-59,Urbain,Femmes,3738
02,7,30,Région,Kara,,55-59,Urbain,Ensemble,7204
02,7,30,Région,Kara,,55-59,Rural,Hommes,7234
02,7,30,Région,Kara,,55-59,Rural,Femmes,8585
02,7,30,Région,Kara,,55-59,Rural,Ensemble,15819
02,7,30,Région,Kara,,55-59,Total,Hommes,10700
02,7,30,Région,Kara,,55-59,Total,Femmes,12323
02,7,30,Région,Kara,,55-59,Total,Ensemble,23023
02,7,30,Région,Kara,,60-64,Urbain,Hommes,2488
02,7,30,Région,Kara,,60-64,Urbain,Femmes,3211
02,7,30,Région,Kara,,60-64,Urbain,Ensemble,5699
02,7,30,Région,Kara,,60-64,Rural,Hommes,5737
02,7,30,Région,Kara,,60-64,Rural,Femmes,8145
02,7,30,Région,Kara,,60-64,Rural,Ensemble,13882
02,7,30,Région,Kara,,60-64,Total,Hommes,8225
02,7,30,Région,Kara,,60-64,Total,Femmes,11356
02,7,30,Région,Kara,,60-64,Total,Ensemble,19581
02,7,30,Région,Kara,,65-69,Urbain,Hommes,1437
02,7,30,Région,Kara,,65-69,Urbain,Femmes,2000
02,7,30,Région,Kara,,65-69,Urbain,Ensemble,3437
02,7,30,Région,Kara,,65-69,Rural,Hommes,3562
02,7,30,Région,Kara,,65-69,Rural,Femmes,5305
02,7,30,Région,Kara,,65-69,Rural,Ensemble,8867
02,7,30,Région,Kara,,65-69,Total,Hommes,4999
02,7,30,Région,Kara,,65-69,Total,Femmes,7305
02,7,30,Région,Kara,,65-69,Total,Ensemble,12304
02,7,30,Région,Kara,,70-74,Urbain,Hommes,898
02,7,30,Région,Kara,,70-74,Urbain,Femmes,1486
02,7,30,Région,Kara,,70-74,Urbain,Ensemble,2384
02,7,30,Région,Kara,,70-74,Rural,Hommes,2681
02,7,30,Région,Kara,,70-74,Rural,Femmes,4490
02,7,30,Région,Kara,,70-74,Rural,Ensemble,7171
02,7,30,Région,Kara,,70-74,Total,Hommes,3579
02,7,30,Région,Kara,,70-74,Total,Femmes,5976
02,7,30,Région,Kara,,70-74,Total,Ensemble,9555
02,7,30,Région,Kara,,75-79,Urbain,Hommes,435
02,7,30,Région,Kara,,75-79,Urbain,Femmes,890
02,7,30,Région,Kara,,75-79,Urbain,Ensemble,1325
02,7,30,Région,Kara,,75-79,Rural,Hommes,1592
02,7,30,Région,Kara,,75-79,Rural,Femmes,2843
02,7,30,Région,Kara,,75-79,Rural,Ensemble,4435
02,7,30,Région,Kara,,75-79,Total,Hommes,2027
02,7,30,Région,Kara,,75-79,Total,Femmes,3733
02,7,30,Région,Kara,,75-79,Total,Ensemble,5760
02,7,30,Région,Kara,,80-84,Urbain,Hommes,266
02,7,30,Région,Kara,,80-84,Urbain,Femmes,707
02,7,30,Région,Kara,,80-84,Urbain,Ensemble,973
02,7,30,Région,Kara,,80-84,Rural,Hommes,1095
02,7,30,Région,Kara,,80-84,Rural,Femmes,2059
02,7,30,Région,Kara,,80-84,Rural,Ensemble,3154
02,7,30,Région,Kara,,80-84,Total,Hommes,1361
02,7,30,Région,Kara,,80-84,Total,Femmes,2766
02,7,30,Région,Kara,,80-84,Total,Ensemble,4127
02,7,30,Région,Kara,,85 et +,Urbain,Hommes,319
02,7,30,Région,Kara,,85 et +,Urbain,Femmes,922
02,7,30,Région,Kara,,85 et +,Urbain,Ensemble,1241
02,7,30,Région,Kara,,85 et +,Rural,Hommes,1340
02,7,30,Région,Kara,,85 et +,Rural,Femmes,2515
02,7,30,Région,Kara,,85 et +,Rural,Ensemble,3854
02,7,30,Région,Kara,,85 et +,Total,Hommes,1659
02,7,30,Région,Kara,,85 et +,Total,Femmes,3437
02,7,30,Région,Kara,,85 et +,Total,Ensemble,5095
02,7,30,Région,Kara,,ND,Urbain,Hommes,423
02,7,30,Région,Kara,,ND,Urbain,Femmes,424
02,7,30,Région,Kara,,ND,Urbain,Ensemble,847
02,7,30,Région,Kara,,ND,Rural,Hommes,841
02,7,30,Région,Kara,,ND,Rural,Femmes,952
02,7,30,Région,Kara,,ND,Rural,Ensemble,1793
02,7,30,Région,Kara,,ND,Total,Hommes,1264
02,7,30,Région,Kara,,ND,Total,Femmes,1376
02,7,30,Région,Kara,,ND,Total,Ensemble,2640
02,7,30,Région,Kara,,Total,Urbain,Hommes,142583
02,7,30,Région,Kara,,Total,Urbain,Femmes,142232
02,7,30,Région,Kara,,Total,Urbain,Ensemble,284815
02,7,30,Région,Kara,,Total,Rural,Hommes,345642
02,7,30,Région,Kara,,Total,Rural,Femmes,355055
02,7,30,Région,Kara,,Total,Rural,Ensemble,700697
02,7,30,Région,Kara,,Total,Total,Hommes,488225
02,7,30,Région,Kara,,Total,Total,Femmes,497287
02,7,30,Région,Kara,,Total,Total,Ensemble,985512
02,8,31,Région,Savanes,,0,Urbain,Hommes,3583
02,8,31,Région,Savanes,,0,Urbain,Femmes,3350
02,8,31,Région,Savanes,,0,Urbain,Ensemble,6933
02,8,31,Région,Savanes,,0,Rural,Hommes,13830
02,8,31,Région,Savanes,,0,Rural,Femmes,13497
02,8,31,Région,Savanes,,0,Rural,Ensemble,27327
02,8,31,Région,Savanes,,0,Total,Hommes,17413
02,8,31,Région,Savanes,,0,Total,Femmes,16847
02,8,31,Région,Savanes,,0,Total,Ensemble,34260
02,8,31,Région,Savanes,,1-4,Urbain,Hommes,14693
02,8,31,Région,Savanes,,1-4,Urbain,Femmes,13821
02,8,31,Région,Savanes,,1-4,Urbain,Ensemble,28514
02,8,31,Région,Savanes,,1-4,Rural,Hommes,62497
02,8,31,Région,Savanes,,1-4,Rural,Femmes,60395
02,8,31,Région,Savanes,,1-4,Rural,Ensemble,122892
02,8,31,Région,Savanes,,1-4,Total,Hommes,77190
02,8,31,Région,Savanes,,1-4,Total,Femmes,74216
02,8,31,Région,Savanes,,1-4,Total,Ensemble,151406
02,8,31,Région,Savanes,,5-9,Urbain,Hommes,17669
02,8,31,Région,Savanes,,5-9,Urbain,Femmes,17112
02,8,31,Région,Savanes,,5-9,Urbain,Ensemble,34781
02,8,31,Région,Savanes,,5-9,Rural,Hommes,83980
02,8,31,Région,Savanes,,5-9,Rural,Femmes,79622
02,8,31,Région,Savanes,,5-9,Rural,Ensemble,163602
02,8,31,Région,Savanes,,5-9,Total,Hommes,101649
02,8,31,Région,Savanes,,5-9,Total,Femmes,96734
02,8,31,Région,Savanes,,5-9,Total,Ensemble,198383
02,8,31,Région,Savanes,,10-14,Urbain,Hommes,15968
02,8,31,Région,Savanes,,10-14,Urbain,Femmes,16296
02,8,31,Région,Savanes,,10-14,Urbain,Ensemble,32264
02,8,31,Région,Savanes,,10-14,Rural,Hommes,71257
02,8,31,Région,Savanes,,10-14,Rural,Femmes,63802
02,8,31,Région,Savanes,,10-14,Rural,Ensemble,135059
02,8,31,Région,Savanes,,10-14,Total,Hommes,87225
02,8,31,Région,Savanes,,10-14,Total,Femmes,80098
02,8,31,Région,Savanes,,10-14,Total,Ensemble,167323
02,8,31,Région,Savanes,,15-19,Urbain,Hommes,14957
02,8,31,Région,Savanes,,15-19,Urbain,Femmes,15753
02,8,31,Région,Savanes,,15-19,Urbain,Ensemble,30710
02,8,31,Région,Savanes,,15-19,Rural,Hommes,44362
02,8,31,Région,Savanes,,15-19,Rural,Femmes,44418
02,8,31,Région,Savanes,,15-19,Rural,Ensemble,88780
02,8,31,Région,Savanes,,15-19,Total,Hommes,59319
02,8,31,Région,Savanes,,15-19,Total,Femmes,60171
02,8,31,Région,Savanes,,15-19,Total,Ensemble,119490
02,8,31,Région,Savanes,,20-24,Urbain,Hommes,10071
02,8,31,Région,Savanes,,20-24,Urbain,Femmes,12591
02,8,31,Région,Savanes,,20-24,Urbain,Ensemble,22662
02,8,31,Région,Savanes,,20-24,Rural,Hommes,27480
02,8,31,Région,Savanes,,20-24,Rural,Femmes,38591
02,8,31,Région,Savanes,,20-24,Rural,Ensemble,66071
02,8,31,Région,Savanes,,20-24,Total,Hommes,37551
02,8,31,Région,Savanes,,20-24,Total,Femmes,51182
02,8,31,Région,Savanes,,20-24,Total,Ensemble,88733
02,8,31,Région,Savanes,,25-29,Urbain,Hommes,8096
02,8,31,Région,Savanes,,25-29,Urbain,Femmes,10335
02,8,31,Région,Savanes,,25-29,Urbain,Ensemble,18431
02,8,31,Région,Savanes,,25-29,Rural,Hommes,21999
02,8,31,Région,Savanes,,25-29,Rural,Femmes,29206
02,8,31,Région,Savanes,,25-29,Rural,Ensemble,51205
02,8,31,Région,Savanes,,25-29,Total,Hommes,30095
02,8,31,Région,Savanes,,25-29,Total,Femmes,39541
02,8,31,Région,Savanes,,25-29,Total,Ensemble,69636
02,8,31,Région,Savanes,,30-34,Urbain,Hommes,7876
02,8,31,Région,Savanes,,30-34,Urbain,Femmes,8971
02,8,31,Région,Savanes,,30-34,Urbain,Ensemble,16847
02,8,31,Région,Savanes,,30-34,Rural,Hommes,20796
02,8,31,Région,Savanes,,30-34,Rural,Femmes,28618
02,8,31,Région,Savanes,,30-34,Rural,Ensemble,49414
02,8,31,Région,Savanes,,30-34,Total,Hommes,28672
02,8,31,Région,Savanes,,30-34,Total,Femmes,37589
02,8,31,Région,Savanes,,30-34,Total,Ensemble,66261
02,8,31,Région,Savanes,,35-39,Urbain,Hommes,6923
02,8,31,Région,Savanes,,35-39,Urbain,Femmes,6930
02,8,31,Région,Savanes,,35-39,Urbain,Ensemble,13853
02,8,31,Région,Savanes,,35-39,Rural,Hommes,17624
02,8,31,Région,Savanes,,35-39,Rural,Femmes,23414
02,8,31,Région,Savanes,,35-39,Rural,Ensemble,41038
02,8,31,Région,Savanes,,35-39,Total,Hommes,24547
02,8,31,Région,Savanes,,35-39,Total,Femmes,30344
02,8,31,Région,Savanes,,35-39,Total,Ensemble,54891
02,8,31,Région,Savanes,,40-44,Urbain,Hommes,5581
02,8,31,Région,Savanes,,40-44,Urbain,Femmes,5106
02,8,31,Région,Savanes,,40-44,Urbain,Ensemble,10687
02,8,31,Région,Savanes,,40-44,Rural,Hommes,15904
02,8,31,Région,Savanes,,40-44,Rural,Femmes,21527
02,8,31,Région,Savanes,,40-44,Rural,Ensemble,37431
02,8,31,Région,Savanes,,40-44,Total,Hommes,21485
02,8,31,Région,Savanes,,40-44,Total,Femmes,26633
02,8,31,Région,Savanes,,40-44,Total,Ensemble,48118
02,8,31,Région,Savanes,,45-49,Urbain,Hommes,3792
02,8,31,Région,Savanes,,45-49,Urbain,Femmes,3593
02,8,31,Région,Savanes,,45-49,Urbain,Ensemble,7385
02,8,31,Région,Savanes,,45-49,Rural,Hommes,11808
02,8,31,Région,Savanes,,45-49,Rural,Femmes,14433
02,8,31,Région,Savanes,,45-49,Rural,Ensemble,26241
02,8,31,Région,Savanes,,45-49,Total,Hommes,15600
02,8,31,Région,Savanes,,45-49,Total,Femmes,18026
02,8,31,Région,Savanes,,45-49,Total,Ensemble,33626
02,8,31,Région,Savanes,,50-54,Urbain,Hommes,3148
02,8,31,Région,Savanes,,50-54,Urbain,Femmes,3074
02,8,31,Région,Savanes,,50-54,Urbain,Ensemble,6222
02,8,31,Région,Savanes,,50-54,Rural,Hommes,11414
02,8,31,Région,Savanes,,50-54,Rural,Femmes,14996
02,8,31,Région,Savanes,,50-54,Rural,Ensemble,26410
02,8,31,Région,Savanes,,50-54,Total,Hommes,14562
02,8,31,Région,Savanes,,50-54,Total,Femmes,18070
02,8,31,Région,Savanes,,50-54,Total,Ensemble,32632
02,8,31,Région,Savanes,,55-59,Urbain,Hommes,1986
02,8,31,Région,Savanes,,55-59,Urbain,Femmes,2010
02,8,31,Région,Savanes,,55-59,Urbain,Ensemble,3996
02,8,31,Région,Savanes,,55-59,Rural,Hommes,7653
02,8,31,Région,Savanes,,55-59,Rural,Femmes,8450
02,8,31,Région,Savanes,,55-59,Rural,Ensemble,16103
02,8,31,Région,Savanes,,55-59,Total,Hommes,9639
02,8,31,Région,Savanes,,55-59,Total,Femmes,10460
02,8,31,Région,Savanes,,55-59,Total,Ensemble,20099
02,8,31,Région,Savanes,,60-64,Urbain,Hommes,1536
02,8,31,Région,Savanes,,60-64,Urbain,Femmes,1884
02,8,31,Région,Savanes,,60-64,Urbain,Ensemble,3420
02,8,31,Région,Savanes,,60-64,Rural,Hommes,6934
02,8,31,Région,Savanes,,60-64,Rural,Femmes,9980
02,8,31,Région,Savanes,,60-64,Rural,Ensemble,16914
02,8,31,Région,Savanes,,60-64,Total,Hommes,8470
02,8,31,Région,Savanes,,60-64,Total,Femmes,11864
02,8,31,Région,Savanes,,60-64,Total,Ensemble,20334
02,8,31,Région,Savanes,,65-69,Urbain,Hommes,906
02,8,31,Région,Savanes,,65-69,Urbain,Femmes,989
02,8,31,Région,Savanes,,65-69,Urbain,Ensemble,1895
02,8,31,Région,Savanes,,65-69,Rural,Hommes,3811
02,8,31,Région,Savanes,,65-69,Rural,Femmes,4915
02,8,31,Région,Savanes,,65-69,Rural,Ensemble,8726
02,8,31,Région,Savanes,,65-69,Total,Hommes,4717
02,8,31,Région,Savanes,,65-69,Total,Femmes,5904
02,8,31,Région,Savanes,,65-69,Total,Ensemble,10621
02,8,31,Région,Savanes,,70-74,Urbain,Hommes,688
02,8,31,Région,Savanes,,70-74,Urbain,Femmes,1053
02,8,31,Région,Savanes,,70-74,Urbain,Ensemble,1741
02,8,31,Région,Savanes,,70-74,Rural,Hommes,3664
02,8,31,Région,Savanes,,70-74,Rural,Femmes,5548
02,8,31,Région,Savanes,,70-74,Rural,Ensemble,9212
02,8,31,Région,Savanes,,70-74,Total,Hommes,4352
02,8,31,Région,Savanes,,70-74,Total,Femmes,6601
02,8,31,Région,Savanes,,70-74,Total,Ensemble,10953
02,8,31,Région,Savanes,,75-79,Urbain,Hommes,280
02,8,31,Région,Savanes,,75-79,Urbain,Femmes,512
02,8,31,Région,Savanes,,75-79,Urbain,Ensemble,792
02,8,31,Région,Savanes,,75-79,Rural,Hommes,1842
02,8,31,Région,Savanes,,75-79,Rural,Femmes,2486
02,8,31,Région,Savanes,,75-79,Rural,Ensemble,4328
02,8,31,Région,Savanes,,75-79,Total,Hommes,2122
02,8,31,Région,Savanes,,75-79,Total,Femmes,2998
02,8,31,Région,Savanes,,75-79,Total,Ensemble,5120
02,8,31,Région,Savanes,,80-84,Urbain,Hommes,225
02,8,31,Région,Savanes,,80-84,Urbain,Femmes,490
02,8,31,Région,Savanes,,80-84,Urbain,Ensemble,715
02,8,31,Région,Savanes,,80-84,Rural,Hommes,1783
02,8,31,Région,Savanes,,80-84,Rural,Femmes,2722
02,8,31,Région,Savanes,,80-84,Rural,Ensemble,4505
02,8,31,Région,Savanes,,80-84,Total,Hommes,2008
02,8,31,Région,Savanes,,80-84,Total,Femmes,3212
02,8,31,Région,Savanes,,80-84,Total,Ensemble,5220
02,8,31,Région,Savanes,,85 et +,Urbain,Hommes,211
02,8,31,Région,Savanes,,85 et +,Urbain,Femmes,503
02,8,31,Région,Savanes,,85 et +,Urbain,Ensemble,714
02,8,31,Région,Savanes,,85 et +,Rural,Hommes,1985
02,8,31,Région,Savanes,,85 et +,Rural,Femmes,2413
02,8,31,Région,Savanes,,85 et +,Rural,Ensemble,4398
02,8,31,Région,Savanes,,85 et +,Total,Hommes,2196
02,8,31,Région,Savanes,,85 et +,Total,Femmes,2916
02,8,31,Région,Savanes,,85 et +,Total,Ensemble,5112
02,8,31,Région,Savanes,,ND,Urbain,Hommes,153
02,8,31,Région,Savanes,,ND,Urbain,Femmes,124
02,8,31,Région,Savanes,,ND,Urbain,Ensemble,277
02,8,31,Région,Savanes,,ND,Rural,Hommes,450
02,8,31,Région,Savanes,,ND,Rural,Femmes,575
02,8,31,Région,Savanes,,ND,Rural,Ensemble,1025
02,8,31,Région,Savanes,,ND,Total,Hommes,603
02,8,31,Région,Savanes,,ND,Total,Femmes,699
02,8,31,Région,Savanes,,ND,Total,Ensemble,1302
02,8,31,Région,Savanes,,Total,Urbain,Hommes,118342
02,8,31,Région,Savanes,,Total,Urbain,Femmes,124497
02,8,31,Région,Savanes,,Total,Urbain,Ensemble,242839
02,8,31,Région,Savanes,,Total,Rural,Hommes,431073
02,8,31,Région,Savanes,,Total,Rural,Femmes,469608
02,8,31,Région,Savanes,,Total,Rural,Ensemble,900681
02,8,31,Région,Savanes,,Total,Total,Hommes,549415
02,8,31,Région,Savanes,,Total,Total,Femmes,594105
02,8,31,Région,Savanes,,Total,Total,Ensemble,1143520
02,9,35,Préfecture,Golfe,Grand Lomé (DAGL),0,Urbain,Hommes,13715
02,9,35,Préfecture,Golfe,Grand Lomé (DAGL),0,Urbain,Femmes,13584
02,9,35,Préfecture,Golfe,Grand Lomé (DAGL),0,Urbain,Ensemble,27299
02,9,35,Préfecture,Golfe,Grand Lomé (DAGL),0,Rural,Hommes,0
02,9,35,Préfecture,Golfe,Grand Lomé (DAGL),0,Rural,Femmes,0
02,9,35,Préfecture,Golfe,Grand Lomé (DAGL),0,Rural,Ensemble,0
02,9,35,Préfecture,Golfe,Grand Lomé (DAGL),0,Total,Hommes,13715
02,9,35,Préfecture,Golfe,Grand Lomé (DAGL),0,Total,Femmes,13584
02,9,35,Préfecture,Golfe,Grand Lomé (DAGL),0,Total,Ensemble,27299
02,9,35,Préfecture,Golfe,Grand Lomé (DAGL),1-4,Urbain,Hommes,57889
02,9,35,Préfecture,Golfe,Grand Lomé (DAGL),1-4,Urbain,Femmes,55566
02,9,35,Préfecture,Golfe,Grand Lomé (DAGL),1-4,Urbain,Ensemble,113455
02,9,35,Préfecture,Golfe,Grand Lomé (DAGL),1-4,Rural,Hommes,0
02,9,35,Préfecture,Golfe,Grand Lomé (DAGL),1-4,Rural,Femmes,0
02,9,35,Préfecture,Golfe,Grand Lomé (DAGL),1-4,Rural,Ensemble,0
02,9,35,Préfecture,Golfe,Grand Lomé (DAGL),1-4,Total,Hommes,57889
02,9,35,Préfecture,Golfe,Grand Lomé (DAGL),1-4,Total,Femmes,55566
02,9,35,Préfecture,Golfe,Grand Lomé (DAGL),1-4,Total,Ensemble,113455
02,9,35,Préfecture,Golfe,Grand Lomé (DAGL),5-9,Urbain,Hommes,72917
02,9,35,Préfecture,Golfe,Grand Lomé (DAGL),5-9,Urbain,Femmes,72804
02,9,35,Préfecture,Golfe,Grand Lomé (DAGL),5-9,Urbain,Ensemble,145721
02,9,35,Préfecture,Golfe,Grand Lomé (DAGL),5-9,Rural,Hommes,0
02,9,35,Préfecture,Golfe,Grand Lomé (DAGL),5-9,Rural,Femmes,0
02,9,35,Préfecture,Golfe,Grand Lomé (DAGL),5-9,Rural,Ensemble,0
02,9,35,Préfecture,Golfe,Grand Lomé (DAGL),5-9,Total,Hommes,72917
02,9,35,Préfecture,Golfe,Grand Lomé (DAGL),5-9,Total,Femmes,72804
02,9,35,Préfecture,Golfe,Grand Lomé (DAGL),5-9,Total,Ensemble,145721
02,9,35,Préfecture,Golfe,Grand Lomé (DAGL),10-14,Urbain,Hommes,69038
02,9,35,Préfecture,Golfe,Grand Lomé (DAGL),10-14,Urbain,Femmes,74603
02,9,35,Préfecture,Golfe,Grand Lomé (DAGL),10-14,Urbain,Ensemble,143641
02,9,35,Préfecture,Golfe,Grand Lomé (DAGL),10-14,Rural,Hommes,0
02,9,35,Préfecture,Golfe,Grand Lomé (DAGL),10-14,Rural,Femmes,0
02,9,35,Préfecture,Golfe,Grand Lomé (DAGL),10-14,Rural,Ensemble,0
02,9,35,Préfecture,Golfe,Grand Lomé (DAGL),10-14,Total,Hommes,69038
02,9,35,Préfecture,Golfe,Grand Lomé (DAGL),10-14,Total,Femmes,74603
02,9,35,Préfecture,Golfe,Grand Lomé (DAGL),10-14,Total,Ensemble,143641
02,9,35,Préfecture,Golfe,Grand Lomé (DAGL),15-19,Urbain,Hommes,66445
02,9,35,Préfecture,Golfe,Grand Lomé (DAGL),15-19,Urbain,Femmes,73715
02,9,35,Préfecture,Golfe,Grand Lomé (DAGL),15-19,Urbain,Ensemble,140160
02,9,35,Préfecture,Golfe,Grand Lomé (DAGL),15-19,Rural,Hommes,0
02,9,35,Préfecture,Golfe,Grand Lomé (DAGL),15-19,Rural,Femmes,0
02,9,35,Préfecture,Golfe,Grand Lomé (DAGL),15-19,Rural,Ensemble,0
02,9,35,Préfecture,Golfe,Grand Lomé (DAGL),15-19,Total,Hommes,66445
02,9,35,Préfecture,Golfe,Grand Lomé (DAGL),15-19,Total,Femmes,73715
02,9,35,Préfecture,Golfe,Grand Lomé (DAGL),15-19,Total,Ensemble,140160
02,9,35,Préfecture,Golfe,Grand Lomé (DAGL),20-24,Urbain,Hommes,64949
02,9,35,Préfecture,Golfe,Grand Lomé (DAGL),20-24,Urbain,Femmes,69690
02,9,35,Préfecture,Golfe,Grand Lomé (DAGL),20-24,Urbain,Ensemble,134639
02,9,35,Préfecture,Golfe,Grand Lomé (DAGL),20-24,Rural,Hommes,0
02,9,35,Préfecture,Golfe,Grand Lomé (DAGL),20-24,Rural,Femmes,0
02,9,35,Préfecture,Golfe,Grand Lomé (DAGL),20-24,Rural,Ensemble,0
02,9,35,Préfecture,Golfe,Grand Lomé (DAGL),20-24,Total,Hommes,64949
02,9,35,Préfecture,Golfe,Grand Lomé (DAGL),20-24,Total,Femmes,69690
02,9,35,Préfecture,Golfe,Grand Lomé (DAGL),20-24,Total,Ensemble,134639
02,9,35,Préfecture,Golfe,Grand Lomé (DAGL),25-29,Urbain,Hommes,53043
02,9,35,Préfecture,Golfe,Grand Lomé (DAGL),25-29,Urbain,Femmes,57793
02,9,35,Préfecture,Golfe,Grand Lomé (DAGL),25-29,Urbain,Ensemble,110836
02,9,35,Préfecture,Golfe,Grand Lomé (DAGL),25-29,Rural,Hommes,0
02,9,35,Préfecture,Golfe,Grand Lomé (DAGL),25-29,Rural,Femmes,0
02,9,35,Préfecture,Golfe,Grand Lomé (DAGL),25-29,Rural,Ensemble,0
02,9,35,Préfecture,Golfe,Grand Lomé (DAGL),25-29,Total,Hommes,53043
02,9,35,Préfecture,Golfe,Grand Lomé (DAGL),25-29,Total,Femmes,57793
02,9,35,Préfecture,Golfe,Grand Lomé (DAGL),25-29,Total,Ensemble,110836
02,9,35,Préfecture,Golfe,Grand Lomé (DAGL),30-34,Urbain,Hommes,49081
02,9,35,Préfecture,Golfe,Grand Lomé (DAGL),30-34,Urbain,Femmes,54621
02,9,35,Préfecture,Golfe,Grand Lomé (DAGL),30-34,Urbain,Ensemble,103702
02,9,35,Préfecture,Golfe,Grand Lomé (DAGL),30-34,Rural,Hommes,0
02,9,35,Préfecture,Golfe,Grand Lomé (DAGL),30-34,Rural,Femmes,0
02,9,35,Préfecture,Golfe,Grand Lomé (DAGL),30-34,Rural,Ensemble,0
02,9,35,Préfecture,Golfe,Grand Lomé (DAGL),30-34,Total,Hommes,49081
02,9,35,Préfecture,Golfe,Grand Lomé (DAGL),30-34,Total,Femmes,54621
02,9,35,Préfecture,Golfe,Grand Lomé (DAGL),30-34,Total,Ensemble,103702
02,9,35,Préfecture,Golfe,Grand Lomé (DAGL),35-39,Urbain,Hommes,44110
02,9,35,Préfecture,Golfe,Grand Lomé (DAGL),35-39,Urbain,Femmes,48709
02,9,35,Préfecture,Golfe,Grand Lomé (DAGL),35-39,Urbain,Ensemble,92819
02,9,35,Préfecture,Golfe,Grand Lomé (DAGL),35-39,Rural,Hommes,0
02,9,35,Préfecture,Golfe,Grand Lomé (DAGL),35-39,Rural,Femmes,0
02,9,35,Préfecture,Golfe,Grand Lomé (DAGL),35-39,Rural,Ensemble,0
02,9,35,Préfecture,Golfe,Grand Lomé (DAGL),35-39,Total,Hommes,44110
02,9,35,Préfecture,Golfe,Grand Lomé (DAGL),35-39,Total,Femmes,48709
02,9,35,Préfecture,Golfe,Grand Lomé (DAGL),35-39,Total,Ensemble,92819
02,9,35,Préfecture,Golfe,Grand Lomé (DAGL),40-44,Urbain,Hommes,38166
02,9,35,Préfecture,Golfe,Grand Lomé (DAGL),40-44,Urbain,Femmes,39288
02,9,35,Préfecture,Golfe,Grand Lomé (DAGL),40-44,Urbain,Ensemble,77454
02,9,35,Préfecture,Golfe,Grand Lomé (DAGL),40-44,Rural,Hommes,0
02,9,35,Préfecture,Golfe,Grand Lomé (DAGL),40-44,Rural,Femmes,0
02,9,35,Préfecture,Golfe,Grand Lomé (DAGL),40-44,Rural,Ensemble,0
02,9,35,Préfecture,Golfe,Grand Lomé (DAGL),40-44,Total,Hommes,38166
02,9,35,Préfecture,Golfe,Grand Lomé (DAGL),40-44,Total,Femmes,39288
02,9,35,Préfecture,Golfe,Grand Lomé (DAGL),40-44,Total,Ensemble,77454
02,9,35,Préfecture,Golfe,Grand Lomé (DAGL),45-49,Urbain,Hommes,29465
02,9,35,Préfecture,Golfe,Grand Lomé (DAGL),45-49,Urbain,Femmes,28560
02,9,35,Préfecture,Golfe,Grand Lomé (DAGL),45-49,Urbain,Ensemble,58025
02,9,35,Préfecture,Golfe,Grand Lomé (DAGL),45-49,Rural,Hommes,0
02,9,35,Préfecture,Golfe,Grand Lomé (DAGL),45-49,Rural,Femmes,0
02,9,35,Préfecture,Golfe,Grand Lomé (DAGL),45-49,Rural,Ensemble,0
02,9,35,Préfecture,Golfe,Grand Lomé (DAGL),45-49,Total,Hommes,29465
02,9,35,Préfecture,Golfe,Grand Lomé (DAGL),45-49,Total,Femmes,28560
02,9,35,Préfecture,Golfe,Grand Lomé (DAGL),45-49,Total,Ensemble,58025
02,9,35,Préfecture,Golfe,Grand Lomé (DAGL),50-54,Urbain,Hommes,23837
02,9,35,Préfecture,Golfe,Grand Lomé (DAGL),50-54,Urbain,Femmes,24571
02,9,35,Préfecture,Golfe,Grand Lomé (DAGL),50-54,Urbain,Ensemble,48408
02,9,35,Préfecture,Golfe,Grand Lomé (DAGL),50-54,Rural,Hommes,0
02,9,35,Préfecture,Golfe,Grand Lomé (DAGL),50-54,Rural,Femmes,0
02,9,35,Préfecture,Golfe,Grand Lomé (DAGL),50-54,Rural,Ensemble,0
02,9,35,Préfecture,Golfe,Grand Lomé (DAGL),50-54,Total,Hommes,23837
02,9,35,Préfecture,Golfe,Grand Lomé (DAGL),50-54,Total,Femmes,24571
02,9,35,Préfecture,Golfe,Grand Lomé (DAGL),50-54,Total,Ensemble,48408
02,9,35,Préfecture,Golfe,Grand Lomé (DAGL),55-59,Urbain,Hommes,16296
02,9,35,Préfecture,Golfe,Grand Lomé (DAGL),55-59,Urbain,Femmes,17670
02,9,35,Préfecture,Golfe,Grand Lomé (DAGL),55-59,Urbain,Ensemble,33966
02,9,35,Préfecture,Golfe,Grand Lomé (DAGL),55-59,Rural,Hommes,0
02,9,35,Préfecture,Golfe,Grand Lomé (DAGL),55-59,Rural,Femmes,0
02,9,35,Préfecture,Golfe,Grand Lomé (DAGL),55-59,Rural,Ensemble,0
02,9,35,Préfecture,Golfe,Grand Lomé (DAGL),55-59,Total,Hommes,16296
02,9,35,Préfecture,Golfe,Grand Lomé (DAGL),55-59,Total,Femmes,17670
02,9,35,Préfecture,Golfe,Grand Lomé (DAGL),55-59,Total,Ensemble,33966
02,9,35,Préfecture,Golfe,Grand Lomé (DAGL),60-64,Urbain,Hommes,12844
02,9,35,Préfecture,Golfe,Grand Lomé (DAGL),60-64,Urbain,Femmes,14841
02,9,35,Préfecture,Golfe,Grand Lomé (DAGL),60-64,Urbain,Ensemble,27685
02,9,35,Préfecture,Golfe,Grand Lomé (DAGL),60-64,Rural,Hommes,0
02,9,35,Préfecture,Golfe,Grand Lomé (DAGL),60-64,Rural,Femmes,0
02,9,35,Préfecture,Golfe,Grand Lomé (DAGL),60-64,Rural,Ensemble,0
02,9,35,Préfecture,Golfe,Grand Lomé (DAGL),60-64,Total,Hommes,12844
02,9,35,Préfecture,Golfe,Grand Lomé (DAGL),60-64,Total,Femmes,14841
02,9,35,Préfecture,Golfe,Grand Lomé (DAGL),60-64,Total,Ensemble,27685
02,9,35,Préfecture,Golfe,Grand Lomé (DAGL),65-69,Urbain,Hommes,7448
02,9,35,Préfecture,Golfe,Grand Lomé (DAGL),65-69,Urbain,Femmes,9465
02,9,35,Préfecture,Golfe,Grand Lomé (DAGL),65-69,Urbain,Ensemble,16913
02,9,35,Préfecture,Golfe,Grand Lomé (DAGL),65-69,Rural,Hommes,0
02,9,35,Préfecture,Golfe,Grand Lomé (DAGL),65-69,Rural,Femmes,0
02,9,35,Préfecture,Golfe,Grand Lomé (DAGL),65-69,Rural,Ensemble,0
02,9,35,Préfecture,Golfe,Grand Lomé (DAGL),65-69,Total,Hommes,7448
02,9,35,Préfecture,Golfe,Grand Lomé (DAGL),65-69,Total,Femmes,9465
02,9,35,Préfecture,Golfe,Grand Lomé (DAGL),65-69,Total,Ensemble,16913
02,9,35,Préfecture,Golfe,Grand Lomé (DAGL),70-74,Urbain,Hommes,4648
02,9,35,Préfecture,Golfe,Grand Lomé (DAGL),70-74,Urbain,Femmes,6475
02,9,35,Préfecture,Golfe,Grand Lomé (DAGL),70-74,Urbain,Ensemble,11123
02,9,35,Préfecture,Golfe,Grand Lomé (DAGL),70-74,Rural,Hommes,0
02,9,35,Préfecture,Golfe,Grand Lomé (DAGL),70-74,Rural,Femmes,0
02,9,35,Préfecture,Golfe,Grand Lomé (DAGL),70-74,Rural,Ensemble,0
02,9,35,Préfecture,Golfe,Grand Lomé (DAGL),70-74,Total,Hommes,4648
02,9,35,Préfecture,Golfe,Grand Lomé (DAGL),70-74,Total,Femmes,6475
02,9,35,Préfecture,Golfe,Grand Lomé (DAGL),70-74,Total,Ensemble,11123
02,9,35,Préfecture,Golfe,Grand Lomé (DAGL),75-79,Urbain,Hommes,2334
02,9,35,Préfecture,Golfe,Grand Lomé (DAGL),75-79,Urbain,Femmes,3587
02,9,35,Préfecture,Golfe,Grand Lomé (DAGL),75-79,Urbain,Ensemble,5921
02,9,35,Préfecture,Golfe,Grand Lomé (DAGL),75-79,Rural,Hommes,0
02,9,35,Préfecture,Golfe,Grand Lomé (DAGL),75-79,Rural,Femmes,0
02,9,35,Préfecture,Golfe,Grand Lomé (DAGL),75-79,Rural,Ensemble,0
02,9,35,Préfecture,Golfe,Grand Lomé (DAGL),75-79,Total,Hommes,2334
02,9,35,Préfecture,Golfe,Grand Lomé (DAGL),75-79,Total,Femmes,3587
02,9,35,Préfecture,Golfe,Grand Lomé (DAGL),75-79,Total,Ensemble,5921
02,9,35,Préfecture,Golfe,Grand Lomé (DAGL),80-84,Urbain,Hommes,1189
02,9,35,Préfecture,Golfe,Grand Lomé (DAGL),80-84,Urbain,Femmes,2808
02,9,35,Préfecture,Golfe,Grand Lomé (DAGL),80-84,Urbain,Ensemble,3997
02,9,35,Préfecture,Golfe,Grand Lomé (DAGL),80-84,Rural,Hommes,0
02,9,35,Préfecture,Golfe,Grand Lomé (DAGL),80-84,Rural,Femmes,0
02,9,35,Préfecture,Golfe,Grand Lomé (DAGL),80-84,Rural,Ensemble,0
02,9,35,Préfecture,Golfe,Grand Lomé (DAGL),80-84,Total,Hommes,1189
02,9,35,Préfecture,Golfe,Grand Lomé (DAGL),80-84,Total,Femmes,2808
02,9,35,Préfecture,Golfe,Grand Lomé (DAGL),80-84,Total,Ensemble,3997
02,9,35,Préfecture,Golfe,Grand Lomé (DAGL),85 et +,Urbain,Hommes,896
02,9,35,Préfecture,Golfe,Grand Lomé (DAGL),85 et +,Urbain,Femmes,3033
02,9,35,Préfecture,Golfe,Grand Lomé (DAGL),85 et +,Urbain,Ensemble,3929
02,9,35,Préfecture,Golfe,Grand Lomé (DAGL),85 et +,Rural,Hommes,0
02,9,35,Préfecture,Golfe,Grand Lomé (DAGL),85 et +,Rural,Femmes,0
02,9,35,Préfecture,Golfe,Grand Lomé (DAGL),85 et +,Rural,Ensemble,0
02,9,35,Préfecture,Golfe,Grand Lomé (DAGL),85 et +,Total,Hommes,896
02,9,35,Préfecture,Golfe,Grand Lomé (DAGL),85 et +,Total,Femmes,3033
02,9,35,Préfecture,Golfe,Grand Lomé (DAGL),85 et +,Total,Ensemble,3929
02,9,35,Préfecture,Golfe,Grand Lomé (DAGL),ND,Urbain,Hommes,3257
02,9,35,Préfecture,Golfe,Grand Lomé (DAGL),ND,Urbain,Femmes,2731
02,9,35,Préfecture,Golfe,Grand Lomé (DAGL),ND,Urbain,Ensemble,5988
02,9,35,Préfecture,Golfe,Grand Lomé (DAGL),ND,Rural,Hommes,0
02,9,35,Préfecture,Golfe,Grand Lomé (DAGL),ND,Rural,Femmes,0
02,9,35,Préfecture,Golfe,Grand Lomé (DAGL),ND,Rural,Ensemble,0
02,9,35,Préfecture,Golfe,Grand Lomé (DAGL),ND,Total,Hommes,3257
02,9,35,Préfecture,Golfe,Grand Lomé (DAGL),ND,Total,Femmes,2731
02,9,35,Préfecture,Golfe,Grand Lomé (DAGL),ND,Total,Ensemble,5988
02,9,35,Préfecture,Golfe,Grand Lomé (DAGL),Total,Urbain,Hommes,631567
02,9,35,Préfecture,Golfe,Grand Lomé (DAGL),Total,Urbain,Femmes,674114
02,9,35,Préfecture,Golfe,Grand Lomé (DAGL),Total,Urbain,Ensemble,1305681
02,9,35,Préfecture,Golfe,Grand Lomé (DAGL),Total,Rural,Hommes,0
02,9,35,Préfecture,Golfe,Grand Lomé (DAGL),Total,Rural,Femmes,0
02,9,35,Préfecture,Golfe,Grand Lomé (DAGL),Total,Rural,Ensemble,0
02,9,35,Préfecture,Golfe,Grand Lomé (DAGL),Total,Total,Hommes,631567
02,9,35,Préfecture,Golfe,Grand Lomé (DAGL),Total,Total,Femmes,674114
02,9,35,Préfecture,Golfe,Grand Lomé (DAGL),Total,Total,Ensemble,1305681
02,10,36,Préfecture,Agoè-Nyivé,Grand Lomé (DAGL),0,Urbain,Hommes,10908
02,10,36,Préfecture,Agoè-Nyivé,Grand Lomé (DAGL),0,Urbain,Femmes,10400
02,10,36,Préfecture,Agoè-Nyivé,Grand Lomé (DAGL),0,Urbain,Ensemble,21308
02,10,36,Préfecture,Agoè-Nyivé,Grand Lomé (DAGL),0,Rural,Hommes,0
02,10,36,Préfecture,Agoè-Nyivé,Grand Lomé (DAGL),0,Rural,Femmes,0
02,10,36,Préfecture,Agoè-Nyivé,Grand Lomé (DAGL),0,Rural,Ensemble,0
02,10,36,Préfecture,Agoè-Nyivé,Grand Lomé (DAGL),0,Total,Hommes,10908
02,10,36,Préfecture,Agoè-Nyivé,Grand Lomé (DAGL),0,Total,Femmes,10400
02,10,36,Préfecture,Agoè-Nyivé,Grand Lomé (DAGL),0,Total,Ensemble,21308
02,10,36,Préfecture,Agoè-Nyivé,Grand Lomé (DAGL),1-4,Urbain,Hommes,44471
02,10,36,Préfecture,Agoè-Nyivé,Grand Lomé (DAGL),1-4,Urbain,Femmes,42561
02,10,36,Préfecture,Agoè-Nyivé,Grand Lomé (DAGL),1-4,Urbain,Ensemble,87032
02,10,36,Préfecture,Agoè-Nyivé,Grand Lomé (DAGL),1-4,Rural,Hommes,0
02,10,36,Préfecture,Agoè-Nyivé,Grand Lomé (DAGL),1-4,Rural,Femmes,0
02,10,36,Préfecture,Agoè-Nyivé,Grand Lomé (DAGL),1-4,Rural,Ensemble,0
02,10,36,Préfecture,Agoè-Nyivé,Grand Lomé (DAGL),1-4,Total,Hommes,44471
02,10,36,Préfecture,Agoè-Nyivé,Grand Lomé (DAGL),1-4,Total,Femmes,42561
02,10,36,Préfecture,Agoè-Nyivé,Grand Lomé (DAGL),1-4,Total,Ensemble,87032
02,10,36,Préfecture,Agoè-Nyivé,Grand Lomé (DAGL),5-9,Urbain,Hommes,55060
02,10,36,Préfecture,Agoè-Nyivé,Grand Lomé (DAGL),5-9,Urbain,Femmes,54189
02,10,36,Préfecture,Agoè-Nyivé,Grand Lomé (DAGL),5-9,Urbain,Ensemble,109249
02,10,36,Préfecture,Agoè-Nyivé,Grand Lomé (DAGL),5-9,Rural,Hommes,0
02,10,36,Préfecture,Agoè-Nyivé,Grand Lomé (DAGL),5-9,Rural,Femmes,0
02,10,36,Préfecture,Agoè-Nyivé,Grand Lomé (DAGL),5-9,Rural,Ensemble,0
02,10,36,Préfecture,Agoè-Nyivé,Grand Lomé (DAGL),5-9,Total,Hommes,55060
02,10,36,Préfecture,Agoè-Nyivé,Grand Lomé (DAGL),5-9,Total,Femmes,54189
02,10,36,Préfecture,Agoè-Nyivé,Grand Lomé (DAGL),5-9,Total,Ensemble,109249
02,10,36,Préfecture,Agoè-Nyivé,Grand Lomé (DAGL),10-14,Urbain,Hommes,48661
02,10,36,Préfecture,Agoè-Nyivé,Grand Lomé (DAGL),10-14,Urbain,Femmes,52949
02,10,36,Préfecture,Agoè-Nyivé,Grand Lomé (DAGL),10-14,Urbain,Ensemble,101610
02,10,36,Préfecture,Agoè-Nyivé,Grand Lomé (DAGL),10-14,Rural,Hommes,0
02,10,36,Préfecture,Agoè-Nyivé,Grand Lomé (DAGL),10-14,Rural,Femmes,0
02,10,36,Préfecture,Agoè-Nyivé,Grand Lomé (DAGL),10-14,Rural,Ensemble,0
02,10,36,Préfecture,Agoè-Nyivé,Grand Lomé (DAGL),10-14,Total,Hommes,48661
02,10,36,Préfecture,Agoè-Nyivé,Grand Lomé (DAGL),10-14,Total,Femmes,52949
02,10,36,Préfecture,Agoè-Nyivé,Grand Lomé (DAGL),10-14,Total,Ensemble,101610
02,10,36,Préfecture,Agoè-Nyivé,Grand Lomé (DAGL),15-19,Urbain,Hommes,43898
02,10,36,Préfecture,Agoè-Nyivé,Grand Lomé (DAGL),15-19,Urbain,Femmes,50452
02,10,36,Préfecture,Agoè-Nyivé,Grand Lomé (DAGL),15-19,Urbain,Ensemble,94350
02,10,36,Préfecture,Agoè-Nyivé,Grand Lomé (DAGL),15-19,Rural,Hommes,0
02,10,36,Préfecture,Agoè-Nyivé,Grand Lomé (DAGL),15-19,Rural,Femmes,0
02,10,36,Préfecture,Agoè-Nyivé,Grand Lomé (DAGL),15-19,Rural,Ensemble,0
02,10,36,Préfecture,Agoè-Nyivé,Grand Lomé (DAGL),15-19,Total,Hommes,43898
02,10,36,Préfecture,Agoè-Nyivé,Grand Lomé (DAGL),15-19,Total,Femmes,50452
02,10,36,Préfecture,Agoè-Nyivé,Grand Lomé (DAGL),15-19,Total,Ensemble,94350
02,10,36,Préfecture,Agoè-Nyivé,Grand Lomé (DAGL),20-24,Urbain,Hommes,41419
02,10,36,Préfecture,Agoè-Nyivé,Grand Lomé (DAGL),20-24,Urbain,Femmes,47495
02,10,36,Préfecture,Agoè-Nyivé,Grand Lomé (DAGL),20-24,Urbain,Ensemble,88914
02,10,36,Préfecture,Agoè-Nyivé,Grand Lomé (DAGL),20-24,Rural,Hommes,0
02,10,36,Préfecture,Agoè-Nyivé,Grand Lomé (DAGL),20-24,Rural,Femmes,0
02,10,36,Préfecture,Agoè-Nyivé,Grand Lomé (DAGL),20-24,Rural,Ensemble,0
02,10,36,Préfecture,Agoè-Nyivé,Grand Lomé (DAGL),20-24,Total,Hommes,41419
02,10,36,Préfecture,Agoè-Nyivé,Grand Lomé (DAGL),20-24,Total,Femmes,47495
02,10,36,Préfecture,Agoè-Nyivé,Grand Lomé (DAGL),20-24,Total,Ensemble,88914
02,10,36,Préfecture,Agoè-Nyivé,Grand Lomé (DAGL),25-29,Urbain,Hommes,36434
02,10,36,Préfecture,Agoè-Nyivé,Grand Lomé (DAGL),25-29,Urbain,Femmes,42627
02,10,36,Préfecture,Agoè-Nyivé,Grand Lomé (DAGL),25-29,Urbain,Ensemble,79061
02,10,36,Préfecture,Agoè-Nyivé,Grand Lomé (DAGL),25-29,Rural,Hommes,0
02,10,36,Préfecture,Agoè-Nyivé,Grand Lomé (DAGL),25-29,Rural,Femmes,0
02,10,36,Préfecture,Agoè-Nyivé,Grand Lomé (DAGL),25-29,Rural,Ensemble,0
02,10,36,Préfecture,Agoè-Nyivé,Grand Lomé (DAGL),25-29,Total,Hommes,36434
02,10,36,Préfecture,Agoè-Nyivé,Grand Lomé (DAGL),25-29,Total,Femmes,42627
02,10,36,Préfecture,Agoè-Nyivé,Grand Lomé (DAGL),25-29,Total,Ensemble,79061
02,10,36,Préfecture,Agoè-Nyivé,Grand Lomé (DAGL),30-34,Urbain,Hommes,35319
02,10,36,Préfecture,Agoè-Nyivé,Grand Lomé (DAGL),30-34,Urbain,Femmes,39976
02,10,36,Préfecture,Agoè-Nyivé,Grand Lomé (DAGL),30-34,Urbain,Ensemble,75295
02,10,36,Préfecture,Agoè-Nyivé,Grand Lomé (DAGL),30-34,Rural,Hommes,0
02,10,36,Préfecture,Agoè-Nyivé,Grand Lomé (DAGL),30-34,Rural,Femmes,0
02,10,36,Préfecture,Agoè-Nyivé,Grand Lomé (DAGL),30-34,Rural,Ensemble,0
02,10,36,Préfecture,Agoè-Nyivé,Grand Lomé (DAGL),30-34,Total,Hommes,35319
02,10,36,Préfecture,Agoè-Nyivé,Grand Lomé (DAGL),30-34,Total,Femmes,39976
02,10,36,Préfecture,Agoè-Nyivé,Grand Lomé (DAGL),30-34,Total,Ensemble,75295
02,10,36,Préfecture,Agoè-Nyivé,Grand Lomé (DAGL),35-39,Urbain,Hommes,31170
02,10,36,Préfecture,Agoè-Nyivé,Grand Lomé (DAGL),35-39,Urbain,Femmes,32904
02,10,36,Préfecture,Agoè-Nyivé,Grand Lomé (DAGL),35-39,Urbain,Ensemble,64074
02,10,36,Préfecture,Agoè-Nyivé,Grand Lomé (DAGL),35-39,Rural,Hommes,0
02,10,36,Préfecture,Agoè-Nyivé,Grand Lomé (DAGL),35-39,Rural,Femmes,0
02,10,36,Préfecture,Agoè-Nyivé,Grand Lomé (DAGL),35-39,Rural,Ensemble,0
02,10,36,Préfecture,Agoè-Nyivé,Grand Lomé (DAGL),35-39,Total,Hommes,31170
02,10,36,Préfecture,Agoè-Nyivé,Grand Lomé (DAGL),35-39,Total,Femmes,32904
02,10,36,Préfecture,Agoè-Nyivé,Grand Lomé (DAGL),35-39,Total,Ensemble,64074
02,10,36,Préfecture,Agoè-Nyivé,Grand Lomé (DAGL),40-44,Urbain,Hommes,24587
02,10,36,Préfecture,Agoè-Nyivé,Grand Lomé (DAGL),40-44,Urbain,Femmes,23028
02,10,36,Préfecture,Agoè-Nyivé,Grand Lomé (DAGL),40-44,Urbain,Ensemble,47615
02,10,36,Préfecture,Agoè-Nyivé,Grand Lomé (DAGL),40-44,Rural,Hommes,0
02,10,36,Préfecture,Agoè-Nyivé,Grand Lomé (DAGL),40-44,Rural,Femmes,0
02,10,36,Préfecture,Agoè-Nyivé,Grand Lomé (DAGL),40-44,Rural,Ensemble,0
02,10,36,Préfecture,Agoè-Nyivé,Grand Lomé (DAGL),40-44,Total,Hommes,24587
02,10,36,Préfecture,Agoè-Nyivé,Grand Lomé (DAGL),40-44,Total,Femmes,23028
02,10,36,Préfecture,Agoè-Nyivé,Grand Lomé (DAGL),40-44,Total,Ensemble,47615
02,10,36,Préfecture,Agoè-Nyivé,Grand Lomé (DAGL),45-49,Urbain,Hommes,17607
02,10,36,Préfecture,Agoè-Nyivé,Grand Lomé (DAGL),45-49,Urbain,Femmes,16539
02,10,36,Préfecture,Agoè-Nyivé,Grand Lomé (DAGL),45-49,Urbain,Ensemble,34146
02,10,36,Préfecture,Agoè-Nyivé,Grand Lomé (DAGL),45-49,Rural,Hommes,0
02,10,36,Préfecture,Agoè-Nyivé,Grand Lomé (DAGL),45-49,Rural,Femmes,0
02,10,36,Préfecture,Agoè-Nyivé,Grand Lomé (DAGL),45-49,Rural,Ensemble,0
02,10,36,Préfecture,Agoè-Nyivé,Grand Lomé (DAGL),45-49,Total,Hommes,17607
02,10,36,Préfecture,Agoè-Nyivé,Grand Lomé (DAGL),45-49,Total,Femmes,16539
02,10,36,Préfecture,Agoè-Nyivé,Grand Lomé (DAGL),45-49,Total,Ensemble,34146
02,10,36,Préfecture,Agoè-Nyivé,Grand Lomé (DAGL),50-54,Urbain,Hommes,13841
02,10,36,Préfecture,Agoè-Nyivé,Grand Lomé (DAGL),50-54,Urbain,Femmes,12969
02,10,36,Préfecture,Agoè-Nyivé,Grand Lomé (DAGL),50-54,Urbain,Ensemble,26810
02,10,36,Préfecture,Agoè-Nyivé,Grand Lomé (DAGL),50-54,Rural,Hommes,0
02,10,36,Préfecture,Agoè-Nyivé,Grand Lomé (DAGL),50-54,Rural,Femmes,0
02,10,36,Préfecture,Agoè-Nyivé,Grand Lomé (DAGL),50-54,Rural,Ensemble,0
02,10,36,Préfecture,Agoè-Nyivé,Grand Lomé (DAGL),50-54,Total,Hommes,13841
02,10,36,Préfecture,Agoè-Nyivé,Grand Lomé (DAGL),50-54,Total,Femmes,12969
02,10,36,Préfecture,Agoè-Nyivé,Grand Lomé (DAGL),50-54,Total,Ensemble,26810
02,10,36,Préfecture,Agoè-Nyivé,Grand Lomé (DAGL),55-59,Urbain,Hommes,9809
02,10,36,Préfecture,Agoè-Nyivé,Grand Lomé (DAGL),55-59,Urbain,Femmes,8949
02,10,36,Préfecture,Agoè-Nyivé,Grand Lomé (DAGL),55-59,Urbain,Ensemble,18758
02,10,36,Préfecture,Agoè-Nyivé,Grand Lomé (DAGL),55-59,Rural,Hommes,0
02,10,36,Préfecture,Agoè-Nyivé,Grand Lomé (DAGL),55-59,Rural,Femmes,0
02,10,36,Préfecture,Agoè-Nyivé,Grand Lomé (DAGL),55-59,Rural,Ensemble,0
02,10,36,Préfecture,Agoè-Nyivé,Grand Lomé (DAGL),55-59,Total,Hommes,9809
02,10,36,Préfecture,Agoè-Nyivé,Grand Lomé (DAGL),55-59,Total,Femmes,8949
02,10,36,Préfecture,Agoè-Nyivé,Grand Lomé (DAGL),55-59,Total,Ensemble,18758
02,10,36,Préfecture,Agoè-Nyivé,Grand Lomé (DAGL),60-64,Urbain,Hommes,6696
02,10,36,Préfecture,Agoè-Nyivé,Grand Lomé (DAGL),60-64,Urbain,Femmes,6842
02,10,36,Préfecture,Agoè-Nyivé,Grand Lomé (DAGL),60-64,Urbain,Ensemble,13538
02,10,36,Préfecture,Agoè-Nyivé,Grand Lomé (DAGL),60-64,Rural,Hommes,0
02,10,36,Préfecture,Agoè-Nyivé,Grand Lomé (DAGL),60-64,Rural,Femmes,0
02,10,36,Préfecture,Agoè-Nyivé,Grand Lomé (DAGL),60-64,Rural,Ensemble,0
02,10,36,Préfecture,Agoè-Nyivé,Grand Lomé (DAGL),60-64,Total,Hommes,6696
02,10,36,Préfecture,Agoè-Nyivé,Grand Lomé (DAGL),60-64,Total,Femmes,6842
02,10,36,Préfecture,Agoè-Nyivé,Grand Lomé (DAGL),60-64,Total,Ensemble,13538
02,10,36,Préfecture,Agoè-Nyivé,Grand Lomé (DAGL),65-69,Urbain,Hommes,3720
02,10,36,Préfecture,Agoè-Nyivé,Grand Lomé (DAGL),65-69,Urbain,Femmes,4098
02,10,36,Préfecture,Agoè-Nyivé,Grand Lomé (DAGL),65-69,Urbain,Ensemble,7818
02,10,36,Préfecture,Agoè-Nyivé,Grand Lomé (DAGL),65-69,Rural,Hommes,0
02,10,36,Préfecture,Agoè-Nyivé,Grand Lomé (DAGL),65-69,Rural,Femmes,0
02,10,36,Préfecture,Agoè-Nyivé,Grand Lomé (DAGL),65-69,Rural,Ensemble,0
02,10,36,Préfecture,Agoè-Nyivé,Grand Lomé (DAGL),65-69,Total,Hommes,3720
02,10,36,Préfecture,Agoè-Nyivé,Grand Lomé (DAGL),65-69,Total,Femmes,4098
02,10,36,Préfecture,Agoè-Nyivé,Grand Lomé (DAGL),65-69,Total,Ensemble,7818
02,10,36,Préfecture,Agoè-Nyivé,Grand Lomé (DAGL),70-74,Urbain,Hommes,1975
02,10,36,Préfecture,Agoè-Nyivé,Grand Lomé (DAGL),70-74,Urbain,Femmes,2713
02,10,36,Préfecture,Agoè-Nyivé,Grand Lomé (DAGL),70-74,Urbain,Ensemble,4688
02,10,36,Préfecture,Agoè-Nyivé,Grand Lomé (DAGL),70-74,Rural,Hommes,0
02,10,36,Préfecture,Agoè-Nyivé,Grand Lomé (DAGL),70-74,Rural,Femmes,0
02,10,36,Préfecture,Agoè-Nyivé,Grand Lomé (DAGL),70-74,Rural,Ensemble,0
02,10,36,Préfecture,Agoè-Nyivé,Grand Lomé (DAGL),70-74,Total,Hommes,1975
02,10,36,Préfecture,Agoè-Nyivé,Grand Lomé (DAGL),70-74,Total,Femmes,2713
02,10,36,Préfecture,Agoè-Nyivé,Grand Lomé (DAGL),70-74,Total,Ensemble,4688
02,10,36,Préfecture,Agoè-Nyivé,Grand Lomé (DAGL),75-79,Urbain,Hommes,763
02,10,36,Préfecture,Agoè-Nyivé,Grand Lomé (DAGL),75-79,Urbain,Femmes,1360
02,10,36,Préfecture,Agoè-Nyivé,Grand Lomé (DAGL),75-79,Urbain,Ensemble,2123
02,10,36,Préfecture,Agoè-Nyivé,Grand Lomé (DAGL),75-79,Rural,Hommes,0
02,10,36,Préfecture,Agoè-Nyivé,Grand Lomé (DAGL),75-79,Rural,Femmes,0
02,10,36,Préfecture,Agoè-Nyivé,Grand Lomé (DAGL),75-79,Rural,Ensemble,0
02,10,36,Préfecture,Agoè-Nyivé,Grand Lomé (DAGL),75-79,Total,Hommes,763
02,10,36,Préfecture,Agoè-Nyivé,Grand Lomé (DAGL),75-79,Total,Femmes,1360
02,10,36,Préfecture,Agoè-Nyivé,Grand Lomé (DAGL),75-79,Total,Ensemble,2123
02,10,36,Préfecture,Agoè-Nyivé,Grand Lomé (DAGL),80-84,Urbain,Hommes,401
02,10,36,Préfecture,Agoè-Nyivé,Grand Lomé (DAGL),80-84,Urbain,Femmes,1070
02,10,36,Préfecture,Agoè-Nyivé,Grand Lomé (DAGL),80-84,Urbain,Ensemble,1471
02,10,36,Préfecture,Agoè-Nyivé,Grand Lomé (DAGL),80-84,Rural,Hommes,0
02,10,36,Préfecture,Agoè-Nyivé,Grand Lomé (DAGL),80-84,Rural,Femmes,0
02,10,36,Préfecture,Agoè-Nyivé,Grand Lomé (DAGL),80-84,Rural,Ensemble,0
02,10,36,Préfecture,Agoè-Nyivé,Grand Lomé (DAGL),80-84,Total,Hommes,401
02,10,36,Préfecture,Agoè-Nyivé,Grand Lomé (DAGL),80-84,Total,Femmes,1070
02,10,36,Préfecture,Agoè-Nyivé,Grand Lomé (DAGL),80-84,Total,Ensemble,1471
02,10,36,Préfecture,Agoè-Nyivé,Grand Lomé (DAGL),85 et +,Urbain,Hommes,382
02,10,36,Préfecture,Agoè-Nyivé,Grand Lomé (DAGL),85 et +,Urbain,Femmes,1364
02,10,36,Préfecture,Agoè-Nyivé,Grand Lomé (DAGL),85 et +,Urbain,Ensemble,1746
02,10,36,Préfecture,Agoè-Nyivé,Grand Lomé (DAGL),85 et +,Rural,Hommes,0
02,10,36,Préfecture,Agoè-Nyivé,Grand Lomé (DAGL),85 et +,Rural,Femmes,0
02,10,36,Préfecture,Agoè-Nyivé,Grand Lomé (DAGL),85 et +,Rural,Ensemble,0
02,10,36,Préfecture,Agoè-Nyivé,Grand Lomé (DAGL),85 et +,Total,Hommes,382
02,10,36,Préfecture,Agoè-Nyivé,Grand Lomé (DAGL),85 et +,Total,Femmes,1364
02,10,36,Préfecture,Agoè-Nyivé,Grand Lomé (DAGL),85 et +,Total,Ensemble,1746
02,10,36,Préfecture,Agoè-Nyivé,Grand Lomé (DAGL),ND,Urbain,Hommes,1816
02,10,36,Préfecture,Agoè-Nyivé,Grand Lomé (DAGL),ND,Urbain,Femmes,1273
02,10,36,Préfecture,Agoè-Nyivé,Grand Lomé (DAGL),ND,Urbain,Ensemble,3089
02,10,36,Préfecture,Agoè-Nyivé,Grand Lomé (DAGL),ND,Rural,Hommes,0
02,10,36,Préfecture,Agoè-Nyivé,Grand Lomé (DAGL),ND,Rural,Femmes,0
02,10,36,Préfecture,Agoè-Nyivé,Grand Lomé (DAGL),ND,Rural,Ensemble,0
02,10,36,Préfecture,Agoè-Nyivé,Grand Lomé (DAGL),ND,Total,Hommes,1816
02,10,36,Préfecture,Agoè-Nyivé,Grand Lomé (DAGL),ND,Total,Femmes,1273
02,10,36,Préfecture,Agoè-Nyivé,Grand Lomé (DAGL),ND,Total,Ensemble,3089
02,10,36,Préfecture,Agoè-Nyivé,Grand Lomé (DAGL),Total,Urbain,Hommes,428937
02,10,36,Préfecture,Agoè-Nyivé,Grand Lomé (DAGL),Total,Urbain,Femmes,453758
02,10,36,Préfecture,Agoè-Nyivé,Grand Lomé (DAGL),Total,Urbain,Ensemble,882695
02,10,36,Préfecture,Agoè-Nyivé,Grand Lomé (DAGL),Total,Rural,Hommes,0
02,10,36,Préfecture,Agoè-Nyivé,Grand Lomé (DAGL),Total,Rural,Femmes,0
02,10,36,Préfecture,Agoè-Nyivé,Grand Lomé (DAGL),Total,Rural,Ensemble,0
02,10,36,Préfecture,Agoè-Nyivé,Grand Lomé (DAGL),Total,Total,Hommes,428937
02,10,36,Préfecture,Agoè-Nyivé,Grand Lomé (DAGL),Total,Total,Femmes,453758
02,10,36,Préfecture,Agoè-Nyivé,Grand Lomé (DAGL),Total,Total,Ensemble,882695
02,11,39,Préfecture,Zio,Maritime sans Grand Lomé,0,Urbain,Hommes,992
02,11,39,Préfecture,Zio,Maritime sans Grand Lomé,0,Urbain,Femmes,928
02,11,39,Préfecture,Zio,Maritime sans Grand Lomé,0,Urbain,Ensemble,1920
02,11,39,Préfecture,Zio,Maritime sans Grand Lomé,0,Rural,Hommes,5638
02,11,39,Préfecture,Zio,Maritime sans Grand Lomé,0,Rural,Femmes,5418
02,11,39,Préfecture,Zio,Maritime sans Grand Lomé,0,Rural,Ensemble,11056
02,11,39,Préfecture,Zio,Maritime sans Grand Lomé,0,Total,Hommes,6630
02,11,39,Préfecture,Zio,Maritime sans Grand Lomé,0,Total,Femmes,6346
02,11,39,Préfecture,Zio,Maritime sans Grand Lomé,0,Total,Ensemble,12976
02,11,39,Préfecture,Zio,Maritime sans Grand Lomé,1-4,Urbain,Hommes,3930
02,11,39,Préfecture,Zio,Maritime sans Grand Lomé,1-4,Urbain,Femmes,3801
02,11,39,Préfecture,Zio,Maritime sans Grand Lomé,1-4,Urbain,Ensemble,7731
02,11,39,Préfecture,Zio,Maritime sans Grand Lomé,1-4,Rural,Hommes,24846
02,11,39,Préfecture,Zio,Maritime sans Grand Lomé,1-4,Rural,Femmes,23525
02,11,39,Préfecture,Zio,Maritime sans Grand Lomé,1-4,Rural,Ensemble,48371
02,11,39,Préfecture,Zio,Maritime sans Grand Lomé,1-4,Total,Hommes,28776
02,11,39,Préfecture,Zio,Maritime sans Grand Lomé,1-4,Total,Femmes,27326
02,11,39,Préfecture,Zio,Maritime sans Grand Lomé,1-4,Total,Ensemble,56102
02,11,39,Préfecture,Zio,Maritime sans Grand Lomé,5-9,Urbain,Hommes,5184
02,11,39,Préfecture,Zio,Maritime sans Grand Lomé,5-9,Urbain,Femmes,5255
02,11,39,Préfecture,Zio,Maritime sans Grand Lomé,5-9,Urbain,Ensemble,10439
02,11,39,Préfecture,Zio,Maritime sans Grand Lomé,5-9,Rural,Hommes,33055
02,11,39,Préfecture,Zio,Maritime sans Grand Lomé,5-9,Rural,Femmes,31726
02,11,39,Préfecture,Zio,Maritime sans Grand Lomé,5-9,Rural,Ensemble,64781
02,11,39,Préfecture,Zio,Maritime sans Grand Lomé,5-9,Total,Hommes,38239
02,11,39,Préfecture,Zio,Maritime sans Grand Lomé,5-9,Total,Femmes,36981
02,11,39,Préfecture,Zio,Maritime sans Grand Lomé,5-9,Total,Ensemble,75220
02,11,39,Préfecture,Zio,Maritime sans Grand Lomé,10-14,Urbain,Hommes,4671
02,11,39,Préfecture,Zio,Maritime sans Grand Lomé,10-14,Urbain,Femmes,5021
02,11,39,Préfecture,Zio,Maritime sans Grand Lomé,10-14,Urbain,Ensemble,9692
02,11,39,Préfecture,Zio,Maritime sans Grand Lomé,10-14,Rural,Hommes,29263
02,11,39,Préfecture,Zio,Maritime sans Grand Lomé,10-14,Rural,Femmes,27574
02,11,39,Préfecture,Zio,Maritime sans Grand Lomé,10-14,Rural,Ensemble,56837
02,11,39,Préfecture,Zio,Maritime sans Grand Lomé,10-14,Total,Hommes,33934
02,11,39,Préfecture,Zio,Maritime sans Grand Lomé,10-14,Total,Femmes,32595
02,11,39,Préfecture,Zio,Maritime sans Grand Lomé,10-14,Total,Ensemble,66529
02,11,39,Préfecture,Zio,Maritime sans Grand Lomé,15-19,Urbain,Hommes,3873
02,11,39,Préfecture,Zio,Maritime sans Grand Lomé,15-19,Urbain,Femmes,4200
02,11,39,Préfecture,Zio,Maritime sans Grand Lomé,15-19,Urbain,Ensemble,8073
02,11,39,Préfecture,Zio,Maritime sans Grand Lomé,15-19,Rural,Hommes,20345
02,11,39,Préfecture,Zio,Maritime sans Grand Lomé,15-19,Rural,Femmes,20514
02,11,39,Préfecture,Zio,Maritime sans Grand Lomé,15-19,Rural,Ensemble,40859
02,11,39,Préfecture,Zio,Maritime sans Grand Lomé,15-19,Total,Hommes,24218
02,11,39,Préfecture,Zio,Maritime sans Grand Lomé,15-19,Total,Femmes,24714
02,11,39,Préfecture,Zio,Maritime sans Grand Lomé,15-19,Total,Ensemble,48932
02,11,39,Préfecture,Zio,Maritime sans Grand Lomé,20-24,Urbain,Hommes,2894
02,11,39,Préfecture,Zio,Maritime sans Grand Lomé,20-24,Urbain,Femmes,3563
02,11,39,Préfecture,Zio,Maritime sans Grand Lomé,20-24,Urbain,Ensemble,6457
02,11,39,Préfecture,Zio,Maritime sans Grand Lomé,20-24,Rural,Hommes,12790
02,11,39,Préfecture,Zio,Maritime sans Grand Lomé,20-24,Rural,Femmes,16328
02,11,39,Préfecture,Zio,Maritime sans Grand Lomé,20-24,Rural,Ensemble,29118
02,11,39,Préfecture,Zio,Maritime sans Grand Lomé,20-24,Total,Hommes,15684
02,11,39,Préfecture,Zio,Maritime sans Grand Lomé,20-24,Total,Femmes,19891
02,11,39,Préfecture,Zio,Maritime sans Grand Lomé,20-24,Total,Ensemble,35575
02,11,39,Préfecture,Zio,Maritime sans Grand Lomé,25-29,Urbain,Hommes,2329
02,11,39,Préfecture,Zio,Maritime sans Grand Lomé,25-29,Urbain,Femmes,3192
02,11,39,Préfecture,Zio,Maritime sans Grand Lomé,25-29,Urbain,Ensemble,5521
02,11,39,Préfecture,Zio,Maritime sans Grand Lomé,25-29,Rural,Hommes,10803
02,11,39,Préfecture,Zio,Maritime sans Grand Lomé,25-29,Rural,Femmes,15527
02,11,39,Préfecture,Zio,Maritime sans Grand Lomé,25-29,Rural,Ensemble,26330
02,11,39,Préfecture,Zio,Maritime sans Grand Lomé,25-29,Total,Hommes,13132
02,11,39,Préfecture,Zio,Maritime sans Grand Lomé,25-29,Total,Femmes,18719
02,11,39,Préfecture,Zio,Maritime sans Grand Lomé,25-29,Total,Ensemble,31851
02,11,39,Préfecture,Zio,Maritime sans Grand Lomé,30-34,Urbain,Hommes,2598
02,11,39,Préfecture,Zio,Maritime sans Grand Lomé,30-34,Urbain,Femmes,3186
02,11,39,Préfecture,Zio,Maritime sans Grand Lomé,30-34,Urbain,Ensemble,5784
02,11,39,Préfecture,Zio,Maritime sans Grand Lomé,30-34,Rural,Hommes,12917
02,11,39,Préfecture,Zio,Maritime sans Grand Lomé,30-34,Rural,Femmes,17347
02,11,39,Préfecture,Zio,Maritime sans Grand Lomé,30-34,Rural,Ensemble,30264
02,11,39,Préfecture,Zio,Maritime sans Grand Lomé,30-34,Total,Hommes,15515
02,11,39,Préfecture,Zio,Maritime sans Grand Lomé,30-34,Total,Femmes,20533
02,11,39,Préfecture,Zio,Maritime sans Grand Lomé,30-34,Total,Ensemble,36048
02,11,39,Préfecture,Zio,Maritime sans Grand Lomé,35-39,Urbain,Hommes,2307
02,11,39,Préfecture,Zio,Maritime sans Grand Lomé,35-39,Urbain,Femmes,2683
02,11,39,Préfecture,Zio,Maritime sans Grand Lomé,35-39,Urbain,Ensemble,4990
02,11,39,Préfecture,Zio,Maritime sans Grand Lomé,35-39,Rural,Hommes,13687
02,11,39,Préfecture,Zio,Maritime sans Grand Lomé,35-39,Rural,Femmes,14874
02,11,39,Préfecture,Zio,Maritime sans Grand Lomé,35-39,Rural,Ensemble,28561
02,11,39,Préfecture,Zio,Maritime sans Grand Lomé,35-39,Total,Hommes,15994
02,11,39,Préfecture,Zio,Maritime sans Grand Lomé,35-39,Total,Femmes,17557
02,11,39,Préfecture,Zio,Maritime sans Grand Lomé,35-39,Total,Ensemble,33551
02,11,39,Préfecture,Zio,Maritime sans Grand Lomé,40-44,Urbain,Hommes,1907
02,11,39,Préfecture,Zio,Maritime sans Grand Lomé,40-44,Urbain,Femmes,2047
02,11,39,Préfecture,Zio,Maritime sans Grand Lomé,40-44,Urbain,Ensemble,3954
02,11,39,Préfecture,Zio,Maritime sans Grand Lomé,40-44,Rural,Hommes,12148
02,11,39,Préfecture,Zio,Maritime sans Grand Lomé,40-44,Rural,Femmes,11500
02,11,39,Préfecture,Zio,Maritime sans Grand Lomé,40-44,Rural,Ensemble,23648
02,11,39,Préfecture,Zio,Maritime sans Grand Lomé,40-44,Total,Hommes,14055
02,11,39,Préfecture,Zio,Maritime sans Grand Lomé,40-44,Total,Femmes,13547
02,11,39,Préfecture,Zio,Maritime sans Grand Lomé,40-44,Total,Ensemble,27602
02,11,39,Préfecture,Zio,Maritime sans Grand Lomé,45-49,Urbain,Hommes,1615
02,11,39,Préfecture,Zio,Maritime sans Grand Lomé,45-49,Urbain,Femmes,1619
02,11,39,Préfecture,Zio,Maritime sans Grand Lomé,45-49,Urbain,Ensemble,3234
02,11,39,Préfecture,Zio,Maritime sans Grand Lomé,45-49,Rural,Hommes,8984
02,11,39,Préfecture,Zio,Maritime sans Grand Lomé,45-49,Rural,Femmes,7818
02,11,39,Préfecture,Zio,Maritime sans Grand Lomé,45-49,Rural,Ensemble,16802
02,11,39,Préfecture,Zio,Maritime sans Grand Lomé,45-49,Total,Hommes,10599
02,11,39,Préfecture,Zio,Maritime sans Grand Lomé,45-49,Total,Femmes,9437
02,11,39,Préfecture,Zio,Maritime sans Grand Lomé,45-49,Total,Ensemble,20036
02,11,39,Préfecture,Zio,Maritime sans Grand Lomé,50-54,Urbain,Hommes,1229
02,11,39,Préfecture,Zio,Maritime sans Grand Lomé,50-54,Urbain,Femmes,1360
02,11,39,Préfecture,Zio,Maritime sans Grand Lomé,50-54,Urbain,Ensemble,2589
02,11,39,Préfecture,Zio,Maritime sans Grand Lomé,50-54,Rural,Hommes,6992
02,11,39,Préfecture,Zio,Maritime sans Grand Lomé,50-54,Rural,Femmes,6755
02,11,39,Préfecture,Zio,Maritime sans Grand Lomé,50-54,Rural,Ensemble,13747
02,11,39,Préfecture,Zio,Maritime sans Grand Lomé,50-54,Total,Hommes,8221
02,11,39,Préfecture,Zio,Maritime sans Grand Lomé,50-54,Total,Femmes,8115
02,11,39,Préfecture,Zio,Maritime sans Grand Lomé,50-54,Total,Ensemble,16336
02,11,39,Préfecture,Zio,Maritime sans Grand Lomé,55-59,Urbain,Hommes,883
02,11,39,Préfecture,Zio,Maritime sans Grand Lomé,55-59,Urbain,Femmes,1007
02,11,39,Préfecture,Zio,Maritime sans Grand Lomé,55-59,Urbain,Ensemble,1890
02,11,39,Préfecture,Zio,Maritime sans Grand Lomé,55-59,Rural,Hommes,4644
02,11,39,Préfecture,Zio,Maritime sans Grand Lomé,55-59,Rural,Femmes,4085
02,11,39,Préfecture,Zio,Maritime sans Grand Lomé,55-59,Rural,Ensemble,8729
02,11,39,Préfecture,Zio,Maritime sans Grand Lomé,55-59,Total,Hommes,5527
02,11,39,Préfecture,Zio,Maritime sans Grand Lomé,55-59,Total,Femmes,5092
02,11,39,Préfecture,Zio,Maritime sans Grand Lomé,55-59,Total,Ensemble,10619
02,11,39,Préfecture,Zio,Maritime sans Grand Lomé,60-64,Urbain,Hommes,762
02,11,39,Préfecture,Zio,Maritime sans Grand Lomé,60-64,Urbain,Femmes,914
02,11,39,Préfecture,Zio,Maritime sans Grand Lomé,60-64,Urbain,Ensemble,1676
02,11,39,Préfecture,Zio,Maritime sans Grand Lomé,60-64,Rural,Hommes,3780
02,11,39,Préfecture,Zio,Maritime sans Grand Lomé,60-64,Rural,Femmes,4537
02,11,39,Préfecture,Zio,Maritime sans Grand Lomé,60-64,Rural,Ensemble,8317
02,11,39,Préfecture,Zio,Maritime sans Grand Lomé,60-64,Total,Hommes,4542
02,11,39,Préfecture,Zio,Maritime sans Grand Lomé,60-64,Total,Femmes,5451
02,11,39,Préfecture,Zio,Maritime sans Grand Lomé,60-64,Total,Ensemble,9993
02,11,39,Préfecture,Zio,Maritime sans Grand Lomé,65-69,Urbain,Hommes,488
02,11,39,Préfecture,Zio,Maritime sans Grand Lomé,65-69,Urbain,Femmes,554
02,11,39,Préfecture,Zio,Maritime sans Grand Lomé,65-69,Urbain,Ensemble,1042
02,11,39,Préfecture,Zio,Maritime sans Grand Lomé,65-69,Rural,Hommes,1940
02,11,39,Préfecture,Zio,Maritime sans Grand Lomé,65-69,Rural,Femmes,2395
02,11,39,Préfecture,Zio,Maritime sans Grand Lomé,65-69,Rural,Ensemble,4335
02,11,39,Préfecture,Zio,Maritime sans Grand Lomé,65-69,Total,Hommes,2428
02,11,39,Préfecture,Zio,Maritime sans Grand Lomé,65-69,Total,Femmes,2949
02,11,39,Préfecture,Zio,Maritime sans Grand Lomé,65-69,Total,Ensemble,5377
02,11,39,Préfecture,Zio,Maritime sans Grand Lomé,70-74,Urbain,Hommes,294
02,11,39,Préfecture,Zio,Maritime sans Grand Lomé,70-74,Urbain,Femmes,471
02,11,39,Préfecture,Zio,Maritime sans Grand Lomé,70-74,Urbain,Ensemble,765
02,11,39,Préfecture,Zio,Maritime sans Grand Lomé,70-74,Rural,Hommes,1578
02,11,39,Préfecture,Zio,Maritime sans Grand Lomé,70-74,Rural,Femmes,2402
02,11,39,Préfecture,Zio,Maritime sans Grand Lomé,70-74,Rural,Ensemble,3980
02,11,39,Préfecture,Zio,Maritime sans Grand Lomé,70-74,Total,Hommes,1872
02,11,39,Préfecture,Zio,Maritime sans Grand Lomé,70-74,Total,Femmes,2873
02,11,39,Préfecture,Zio,Maritime sans Grand Lomé,70-74,Total,Ensemble,4745
02,11,39,Préfecture,Zio,Maritime sans Grand Lomé,75-79,Urbain,Hommes,129
02,11,39,Préfecture,Zio,Maritime sans Grand Lomé,75-79,Urbain,Femmes,190
02,11,39,Préfecture,Zio,Maritime sans Grand Lomé,75-79,Urbain,Ensemble,319
02,11,39,Préfecture,Zio,Maritime sans Grand Lomé,75-79,Rural,Hommes,778
02,11,39,Préfecture,Zio,Maritime sans Grand Lomé,75-79,Rural,Femmes,1203
02,11,39,Préfecture,Zio,Maritime sans Grand Lomé,75-79,Rural,Ensemble,1981
02,11,39,Préfecture,Zio,Maritime sans Grand Lomé,75-79,Total,Hommes,907
02,11,39,Préfecture,Zio,Maritime sans Grand Lomé,75-79,Total,Femmes,1393
02,11,39,Préfecture,Zio,Maritime sans Grand Lomé,75-79,Total,Ensemble,2300
02,11,39,Préfecture,Zio,Maritime sans Grand Lomé,80-84,Urbain,Hommes,99
02,11,39,Préfecture,Zio,Maritime sans Grand Lomé,80-84,Urbain,Femmes,207
02,11,39,Préfecture,Zio,Maritime sans Grand Lomé,80-84,Urbain,Ensemble,306
02,11,39,Préfecture,Zio,Maritime sans Grand Lomé,80-84,Rural,Hommes,635
02,11,39,Préfecture,Zio,Maritime sans Grand Lomé,80-84,Rural,Femmes,1362
02,11,39,Préfecture,Zio,Maritime sans Grand Lomé,80-84,Rural,Ensemble,1997
02,11,39,Préfecture,Zio,Maritime sans Grand Lomé,80-84,Total,Hommes,734
02,11,39,Préfecture,Zio,Maritime sans Grand Lomé,80-84,Total,Femmes,1569
02,11,39,Préfecture,Zio,Maritime sans Grand Lomé,80-84,Total,Ensemble,2303
02,11,39,Préfecture,Zio,Maritime sans Grand Lomé,85 et +,Urbain,Hommes,58
02,11,39,Préfecture,Zio,Maritime sans Grand Lomé,85 et +,Urbain,Femmes,260
02,11,39,Préfecture,Zio,Maritime sans Grand Lomé,85 et +,Urbain,Ensemble,318
02,11,39,Préfecture,Zio,Maritime sans Grand Lomé,85 et +,Rural,Hommes,667
02,11,39,Préfecture,Zio,Maritime sans Grand Lomé,85 et +,Rural,Femmes,1717
02,11,39,Préfecture,Zio,Maritime sans Grand Lomé,85 et +,Rural,Ensemble,2384
02,11,39,Préfecture,Zio,Maritime sans Grand Lomé,85 et +,Total,Hommes,725
02,11,39,Préfecture,Zio,Maritime sans Grand Lomé,85 et +,Total,Femmes,1977
02,11,39,Préfecture,Zio,Maritime sans Grand Lomé,85 et +,Total,Ensemble,2702
02,11,39,Préfecture,Zio,Maritime sans Grand Lomé,ND,Urbain,Hommes,84
02,11,39,Préfecture,Zio,Maritime sans Grand Lomé,ND,Urbain,Femmes,77
02,11,39,Préfecture,Zio,Maritime sans Grand Lomé,ND,Urbain,Ensemble,161
02,11,39,Préfecture,Zio,Maritime sans Grand Lomé,ND,Rural,Hommes,551
02,11,39,Préfecture,Zio,Maritime sans Grand Lomé,ND,Rural,Femmes,523
02,11,39,Préfecture,Zio,Maritime sans Grand Lomé,ND,Rural,Ensemble,1074
02,11,39,Préfecture,Zio,Maritime sans Grand Lomé,ND,Total,Hommes,635
02,11,39,Préfecture,Zio,Maritime sans Grand Lomé,ND,Total,Femmes,600
02,11,39,Préfecture,Zio,Maritime sans Grand Lomé,ND,Total,Ensemble,1235
02,11,39,Préfecture,Zio,Maritime sans Grand Lomé,Total,Urbain,Hommes,36326
02,11,39,Préfecture,Zio,Maritime sans Grand Lomé,Total,Urbain,Femmes,40535
02,11,39,Préfecture,Zio,Maritime sans Grand Lomé,Total,Urbain,Ensemble,76861
02,11,39,Préfecture,Zio,Maritime sans Grand Lomé,Total,Rural,Hommes,206041
02,11,39,Préfecture,Zio,Maritime sans Grand Lomé,Total,Rural,Femmes,217130
02,11,39,Préfecture,Zio,Maritime sans Grand Lomé,Total,Rural,Ensemble,423171
02,11,39,Préfecture,Zio,Maritime sans Grand Lomé,Total,Total,Hommes,242367
02,11,39,Préfecture,Zio,Maritime sans Grand Lomé,Total,Total,Femmes,257665
02,11,39,Préfecture,Zio,Maritime sans Grand Lomé,Total,Total,Ensemble,500032
02,12,40,Préfecture,Yoto,Maritime sans Grand Lomé,0,Urbain,Hommes,545
02,12,40,Préfecture,Yoto,Maritime sans Grand Lomé,0,Urbain,Femmes,518
02,12,40,Préfecture,Yoto,Maritime sans Grand Lomé,0,Urbain,Ensemble,1063
02,12,40,Préfecture,Yoto,Maritime sans Grand Lomé,0,Rural,Hommes,1640
02,12,40,Préfecture,Yoto,Maritime sans Grand Lomé,0,Rural,Femmes,1715
02,12,40,Préfecture,Yoto,Maritime sans Grand Lomé,0,Rural,Ensemble,3355
02,12,40,Préfecture,Yoto,Maritime sans Grand Lomé,0,Total,Hommes,2185
02,12,40,Préfecture,Yoto,Maritime sans Grand Lomé,0,Total,Femmes,2233
02,12,40,Préfecture,Yoto,Maritime sans Grand Lomé,0,Total,Ensemble,4418
02,12,40,Préfecture,Yoto,Maritime sans Grand Lomé,1-4,Urbain,Hommes,2200
02,12,40,Préfecture,Yoto,Maritime sans Grand Lomé,1-4,Urbain,Femmes,2241
02,12,40,Préfecture,Yoto,Maritime sans Grand Lomé,1-4,Urbain,Ensemble,4441
02,12,40,Préfecture,Yoto,Maritime sans Grand Lomé,1-4,Rural,Hommes,7710
02,12,40,Préfecture,Yoto,Maritime sans Grand Lomé,1-4,Rural,Femmes,7387
02,12,40,Préfecture,Yoto,Maritime sans Grand Lomé,1-4,Rural,Ensemble,15097
02,12,40,Préfecture,Yoto,Maritime sans Grand Lomé,1-4,Total,Hommes,9910
02,12,40,Préfecture,Yoto,Maritime sans Grand Lomé,1-4,Total,Femmes,9628
02,12,40,Préfecture,Yoto,Maritime sans Grand Lomé,1-4,Total,Ensemble,19538
02,12,40,Préfecture,Yoto,Maritime sans Grand Lomé,5-9,Urbain,Hommes,2815
02,12,40,Préfecture,Yoto,Maritime sans Grand Lomé,5-9,Urbain,Femmes,2754
02,12,40,Préfecture,Yoto,Maritime sans Grand Lomé,5-9,Urbain,Ensemble,5569
02,12,40,Préfecture,Yoto,Maritime sans Grand Lomé,5-9,Rural,Hommes,11122
02,12,40,Préfecture,Yoto,Maritime sans Grand Lomé,5-9,Rural,Femmes,10314
02,12,40,Préfecture,Yoto,Maritime sans Grand Lomé,5-9,Rural,Ensemble,21436
02,12,40,Préfecture,Yoto,Maritime sans Grand Lomé,5-9,Total,Hommes,13937
02,12,40,Préfecture,Yoto,Maritime sans Grand Lomé,5-9,Total,Femmes,13068
02,12,40,Préfecture,Yoto,Maritime sans Grand Lomé,5-9,Total,Ensemble,27005
02,12,40,Préfecture,Yoto,Maritime sans Grand Lomé,10-14,Urbain,Hommes,2505
02,12,40,Préfecture,Yoto,Maritime sans Grand Lomé,10-14,Urbain,Femmes,2575
02,12,40,Préfecture,Yoto,Maritime sans Grand Lomé,10-14,Urbain,Ensemble,5080
02,12,40,Préfecture,Yoto,Maritime sans Grand Lomé,10-14,Rural,Hommes,10847
02,12,40,Préfecture,Yoto,Maritime sans Grand Lomé,10-14,Rural,Femmes,9458
02,12,40,Préfecture,Yoto,Maritime sans Grand Lomé,10-14,Rural,Ensemble,20305
02,12,40,Préfecture,Yoto,Maritime sans Grand Lomé,10-14,Total,Hommes,13352
02,12,40,Préfecture,Yoto,Maritime sans Grand Lomé,10-14,Total,Femmes,12033
02,12,40,Préfecture,Yoto,Maritime sans Grand Lomé,10-14,Total,Ensemble,25385
02,12,40,Préfecture,Yoto,Maritime sans Grand Lomé,15-19,Urbain,Hommes,2005
02,12,40,Préfecture,Yoto,Maritime sans Grand Lomé,15-19,Urbain,Femmes,2146
02,12,40,Préfecture,Yoto,Maritime sans Grand Lomé,15-19,Urbain,Ensemble,4151
02,12,40,Préfecture,Yoto,Maritime sans Grand Lomé,15-19,Rural,Hommes,6864
02,12,40,Préfecture,Yoto,Maritime sans Grand Lomé,15-19,Rural,Femmes,6263
02,12,40,Préfecture,Yoto,Maritime sans Grand Lomé,15-19,Rural,Ensemble,13127
02,12,40,Préfecture,Yoto,Maritime sans Grand Lomé,15-19,Total,Hommes,8869
02,12,40,Préfecture,Yoto,Maritime sans Grand Lomé,15-19,Total,Femmes,8409
02,12,40,Préfecture,Yoto,Maritime sans Grand Lomé,15-19,Total,Ensemble,17278
02,12,40,Préfecture,Yoto,Maritime sans Grand Lomé,20-24,Urbain,Hommes,1183
02,12,40,Préfecture,Yoto,Maritime sans Grand Lomé,20-24,Urbain,Femmes,1564
02,12,40,Préfecture,Yoto,Maritime sans Grand Lomé,20-24,Urbain,Ensemble,2747
02,12,40,Préfecture,Yoto,Maritime sans Grand Lomé,20-24,Rural,Hommes,3192
02,12,40,Préfecture,Yoto,Maritime sans Grand Lomé,20-24,Rural,Femmes,4438
02,12,40,Préfecture,Yoto,Maritime sans Grand Lomé,20-24,Rural,Ensemble,7630
02,12,40,Préfecture,Yoto,Maritime sans Grand Lomé,20-24,Total,Hommes,4375
02,12,40,Préfecture,Yoto,Maritime sans Grand Lomé,20-24,Total,Femmes,6002
02,12,40,Préfecture,Yoto,Maritime sans Grand Lomé,20-24,Total,Ensemble,10377
02,12,40,Préfecture,Yoto,Maritime sans Grand Lomé,25-29,Urbain,Hommes,1031
02,12,40,Préfecture,Yoto,Maritime sans Grand Lomé,25-29,Urbain,Femmes,1462
02,12,40,Préfecture,Yoto,Maritime sans Grand Lomé,25-29,Urbain,Ensemble,2493
02,12,40,Préfecture,Yoto,Maritime sans Grand Lomé,25-29,Rural,Hommes,2644
02,12,40,Préfecture,Yoto,Maritime sans Grand Lomé,25-29,Rural,Femmes,4033
02,12,40,Préfecture,Yoto,Maritime sans Grand Lomé,25-29,Rural,Ensemble,6677
02,12,40,Préfecture,Yoto,Maritime sans Grand Lomé,25-29,Total,Hommes,3675
02,12,40,Préfecture,Yoto,Maritime sans Grand Lomé,25-29,Total,Femmes,5495
02,12,40,Préfecture,Yoto,Maritime sans Grand Lomé,25-29,Total,Ensemble,9170
02,12,40,Préfecture,Yoto,Maritime sans Grand Lomé,30-34,Urbain,Hommes,1122
02,12,40,Préfecture,Yoto,Maritime sans Grand Lomé,30-34,Urbain,Femmes,1432
02,12,40,Préfecture,Yoto,Maritime sans Grand Lomé,30-34,Urbain,Ensemble,2554
02,12,40,Préfecture,Yoto,Maritime sans Grand Lomé,30-34,Rural,Hommes,3093
02,12,40,Préfecture,Yoto,Maritime sans Grand Lomé,30-34,Rural,Femmes,4573
02,12,40,Préfecture,Yoto,Maritime sans Grand Lomé,30-34,Rural,Ensemble,7666
02,12,40,Préfecture,Yoto,Maritime sans Grand Lomé,30-34,Total,Hommes,4215
02,12,40,Préfecture,Yoto,Maritime sans Grand Lomé,30-34,Total,Femmes,6005
02,12,40,Préfecture,Yoto,Maritime sans Grand Lomé,30-34,Total,Ensemble,10220
02,12,40,Préfecture,Yoto,Maritime sans Grand Lomé,35-39,Urbain,Hommes,1084
02,12,40,Préfecture,Yoto,Maritime sans Grand Lomé,35-39,Urbain,Femmes,1200
02,12,40,Préfecture,Yoto,Maritime sans Grand Lomé,35-39,Urbain,Ensemble,2284
02,12,40,Préfecture,Yoto,Maritime sans Grand Lomé,35-39,Rural,Hommes,3048
02,12,40,Préfecture,Yoto,Maritime sans Grand Lomé,35-39,Rural,Femmes,4070
02,12,40,Préfecture,Yoto,Maritime sans Grand Lomé,35-39,Rural,Ensemble,7118
02,12,40,Préfecture,Yoto,Maritime sans Grand Lomé,35-39,Total,Hommes,4132
02,12,40,Préfecture,Yoto,Maritime sans Grand Lomé,35-39,Total,Femmes,5270
02,12,40,Préfecture,Yoto,Maritime sans Grand Lomé,35-39,Total,Ensemble,9402
02,12,40,Préfecture,Yoto,Maritime sans Grand Lomé,40-44,Urbain,Hommes,869
02,12,40,Préfecture,Yoto,Maritime sans Grand Lomé,40-44,Urbain,Femmes,918
02,12,40,Préfecture,Yoto,Maritime sans Grand Lomé,40-44,Urbain,Ensemble,1787
02,12,40,Préfecture,Yoto,Maritime sans Grand Lomé,40-44,Rural,Hommes,3041
02,12,40,Préfecture,Yoto,Maritime sans Grand Lomé,40-44,Rural,Femmes,4000
02,12,40,Préfecture,Yoto,Maritime sans Grand Lomé,40-44,Rural,Ensemble,7041
02,12,40,Préfecture,Yoto,Maritime sans Grand Lomé,40-44,Total,Hommes,3910
02,12,40,Préfecture,Yoto,Maritime sans Grand Lomé,40-44,Total,Femmes,4918
02,12,40,Préfecture,Yoto,Maritime sans Grand Lomé,40-44,Total,Ensemble,8828
02,12,40,Préfecture,Yoto,Maritime sans Grand Lomé,45-49,Urbain,Hommes,704
02,12,40,Préfecture,Yoto,Maritime sans Grand Lomé,45-49,Urbain,Femmes,683
02,12,40,Préfecture,Yoto,Maritime sans Grand Lomé,45-49,Urbain,Ensemble,1387
02,12,40,Préfecture,Yoto,Maritime sans Grand Lomé,45-49,Rural,Hommes,2555
02,12,40,Préfecture,Yoto,Maritime sans Grand Lomé,45-49,Rural,Femmes,3234
02,12,40,Préfecture,Yoto,Maritime sans Grand Lomé,45-49,Rural,Ensemble,5789
02,12,40,Préfecture,Yoto,Maritime sans Grand Lomé,45-49,Total,Hommes,3259
02,12,40,Préfecture,Yoto,Maritime sans Grand Lomé,45-49,Total,Femmes,3917
02,12,40,Préfecture,Yoto,Maritime sans Grand Lomé,45-49,Total,Ensemble,7176
02,12,40,Préfecture,Yoto,Maritime sans Grand Lomé,50-54,Urbain,Hommes,549
02,12,40,Préfecture,Yoto,Maritime sans Grand Lomé,50-54,Urbain,Femmes,538
02,12,40,Préfecture,Yoto,Maritime sans Grand Lomé,50-54,Urbain,Ensemble,1087
02,12,40,Préfecture,Yoto,Maritime sans Grand Lomé,50-54,Rural,Hommes,2522
02,12,40,Préfecture,Yoto,Maritime sans Grand Lomé,50-54,Rural,Femmes,3315
02,12,40,Préfecture,Yoto,Maritime sans Grand Lomé,50-54,Rural,Ensemble,5837
02,12,40,Préfecture,Yoto,Maritime sans Grand Lomé,50-54,Total,Hommes,3071
02,12,40,Préfecture,Yoto,Maritime sans Grand Lomé,50-54,Total,Femmes,3853
02,12,40,Préfecture,Yoto,Maritime sans Grand Lomé,50-54,Total,Ensemble,6924
02,12,40,Préfecture,Yoto,Maritime sans Grand Lomé,55-59,Urbain,Hommes,348
02,12,40,Préfecture,Yoto,Maritime sans Grand Lomé,55-59,Urbain,Femmes,312
02,12,40,Préfecture,Yoto,Maritime sans Grand Lomé,55-59,Urbain,Ensemble,660
02,12,40,Préfecture,Yoto,Maritime sans Grand Lomé,55-59,Rural,Hommes,1787
02,12,40,Préfecture,Yoto,Maritime sans Grand Lomé,55-59,Rural,Femmes,1986
02,12,40,Préfecture,Yoto,Maritime sans Grand Lomé,55-59,Rural,Ensemble,3773
02,12,40,Préfecture,Yoto,Maritime sans Grand Lomé,55-59,Total,Hommes,2135
02,12,40,Préfecture,Yoto,Maritime sans Grand Lomé,55-59,Total,Femmes,2298
02,12,40,Préfecture,Yoto,Maritime sans Grand Lomé,55-59,Total,Ensemble,4433
02,12,40,Préfecture,Yoto,Maritime sans Grand Lomé,60-64,Urbain,Hommes,289
02,12,40,Préfecture,Yoto,Maritime sans Grand Lomé,60-64,Urbain,Femmes,316
02,12,40,Préfecture,Yoto,Maritime sans Grand Lomé,60-64,Urbain,Ensemble,605
02,12,40,Préfecture,Yoto,Maritime sans Grand Lomé,60-64,Rural,Hommes,1763
02,12,40,Préfecture,Yoto,Maritime sans Grand Lomé,60-64,Rural,Femmes,2317
02,12,40,Préfecture,Yoto,Maritime sans Grand Lomé,60-64,Rural,Ensemble,4080
02,12,40,Préfecture,Yoto,Maritime sans Grand Lomé,60-64,Total,Hommes,2052
02,12,40,Préfecture,Yoto,Maritime sans Grand Lomé,60-64,Total,Femmes,2633
02,12,40,Préfecture,Yoto,Maritime sans Grand Lomé,60-64,Total,Ensemble,4685
02,12,40,Préfecture,Yoto,Maritime sans Grand Lomé,65-69,Urbain,Hommes,142
02,12,40,Préfecture,Yoto,Maritime sans Grand Lomé,65-69,Urbain,Femmes,164
02,12,40,Préfecture,Yoto,Maritime sans Grand Lomé,65-69,Urbain,Ensemble,306
02,12,40,Préfecture,Yoto,Maritime sans Grand Lomé,65-69,Rural,Hommes,956
02,12,40,Préfecture,Yoto,Maritime sans Grand Lomé,65-69,Rural,Femmes,1234
02,12,40,Préfecture,Yoto,Maritime sans Grand Lomé,65-69,Rural,Ensemble,2190
02,12,40,Préfecture,Yoto,Maritime sans Grand Lomé,65-69,Total,Hommes,1098
02,12,40,Préfecture,Yoto,Maritime sans Grand Lomé,65-69,Total,Femmes,1398
02,12,40,Préfecture,Yoto,Maritime sans Grand Lomé,65-69,Total,Ensemble,2496
02,12,40,Préfecture,Yoto,Maritime sans Grand Lomé,70-74,Urbain,Hommes,93
02,12,40,Préfecture,Yoto,Maritime sans Grand Lomé,70-74,Urbain,Femmes,160
02,12,40,Préfecture,Yoto,Maritime sans Grand Lomé,70-74,Urbain,Ensemble,253
02,12,40,Préfecture,Yoto,Maritime sans Grand Lomé,70-74,Rural,Hommes,858
02,12,40,Préfecture,Yoto,Maritime sans Grand Lomé,70-74,Rural,Femmes,1374
02,12,40,Préfecture,Yoto,Maritime sans Grand Lomé,70-74,Rural,Ensemble,2232
02,12,40,Préfecture,Yoto,Maritime sans Grand Lomé,70-74,Total,Hommes,951
02,12,40,Préfecture,Yoto,Maritime sans Grand Lomé,70-74,Total,Femmes,1534
02,12,40,Préfecture,Yoto,Maritime sans Grand Lomé,70-74,Total,Ensemble,2485
02,12,40,Préfecture,Yoto,Maritime sans Grand Lomé,75-79,Urbain,Hommes,42
02,12,40,Préfecture,Yoto,Maritime sans Grand Lomé,75-79,Urbain,Femmes,88
02,12,40,Préfecture,Yoto,Maritime sans Grand Lomé,75-79,Urbain,Ensemble,130
02,12,40,Préfecture,Yoto,Maritime sans Grand Lomé,75-79,Rural,Hommes,454
02,12,40,Préfecture,Yoto,Maritime sans Grand Lomé,75-79,Rural,Femmes,765
02,12,40,Préfecture,Yoto,Maritime sans Grand Lomé,75-79,Rural,Ensemble,1219
02,12,40,Préfecture,Yoto,Maritime sans Grand Lomé,75-79,Total,Hommes,496
02,12,40,Préfecture,Yoto,Maritime sans Grand Lomé,75-79,Total,Femmes,853
02,12,40,Préfecture,Yoto,Maritime sans Grand Lomé,75-79,Total,Ensemble,1349
02,12,40,Préfecture,Yoto,Maritime sans Grand Lomé,80-84,Urbain,Hommes,38
02,12,40,Préfecture,Yoto,Maritime sans Grand Lomé,80-84,Urbain,Femmes,68
02,12,40,Préfecture,Yoto,Maritime sans Grand Lomé,80-84,Urbain,Ensemble,106
02,12,40,Préfecture,Yoto,Maritime sans Grand Lomé,80-84,Rural,Hommes,429
02,12,40,Préfecture,Yoto,Maritime sans Grand Lomé,80-84,Rural,Femmes,874
02,12,40,Préfecture,Yoto,Maritime sans Grand Lomé,80-84,Rural,Ensemble,1303
02,12,40,Préfecture,Yoto,Maritime sans Grand Lomé,80-84,Total,Hommes,467
02,12,40,Préfecture,Yoto,Maritime sans Grand Lomé,80-84,Total,Femmes,942
02,12,40,Préfecture,Yoto,Maritime sans Grand Lomé,80-84,Total,Ensemble,1409
02,12,40,Préfecture,Yoto,Maritime sans Grand Lomé,85 et +,Urbain,Hommes,33
02,12,40,Préfecture,Yoto,Maritime sans Grand Lomé,85 et +,Urbain,Femmes,110
02,12,40,Préfecture,Yoto,Maritime sans Grand Lomé,85 et +,Urbain,Ensemble,143
02,12,40,Préfecture,Yoto,Maritime sans Grand Lomé,85 et +,Rural,Hommes,552
02,12,40,Préfecture,Yoto,Maritime sans Grand Lomé,85 et +,Rural,Femmes,1096
02,12,40,Préfecture,Yoto,Maritime sans Grand Lomé,85 et +,Rural,Ensemble,1648
02,12,40,Préfecture,Yoto,Maritime sans Grand Lomé,85 et +,Total,Hommes,585
02,12,40,Préfecture,Yoto,Maritime sans Grand Lomé,85 et +,Total,Femmes,1206
02,12,40,Préfecture,Yoto,Maritime sans Grand Lomé,85 et +,Total,Ensemble,1791
02,12,40,Préfecture,Yoto,Maritime sans Grand Lomé,ND,Urbain,Hommes,46
02,12,40,Préfecture,Yoto,Maritime sans Grand Lomé,ND,Urbain,Femmes,69
02,12,40,Préfecture,Yoto,Maritime sans Grand Lomé,ND,Urbain,Ensemble,115
02,12,40,Préfecture,Yoto,Maritime sans Grand Lomé,ND,Rural,Hommes,139
02,12,40,Préfecture,Yoto,Maritime sans Grand Lomé,ND,Rural,Femmes,228
02,12,40,Préfecture,Yoto,Maritime sans Grand Lomé,ND,Rural,Ensemble,367
02,12,40,Préfecture,Yoto,Maritime sans Grand Lomé,ND,Total,Hommes,185
02,12,40,Préfecture,Yoto,Maritime sans Grand Lomé,ND,Total,Femmes,297
02,12,40,Préfecture,Yoto,Maritime sans Grand Lomé,ND,Total,Ensemble,482
02,12,40,Préfecture,Yoto,Maritime sans Grand Lomé,Total,Urbain,Hommes,17643
02,12,40,Préfecture,Yoto,Maritime sans Grand Lomé,Total,Urbain,Femmes,19318
02,12,40,Préfecture,Yoto,Maritime sans Grand Lomé,Total,Urbain,Ensemble,36961
02,12,40,Préfecture,Yoto,Maritime sans Grand Lomé,Total,Rural,Hommes,65216
02,12,40,Préfecture,Yoto,Maritime sans Grand Lomé,Total,Rural,Femmes,72674
02,12,40,Préfecture,Yoto,Maritime sans Grand Lomé,Total,Rural,Ensemble,137890
02,12,40,Préfecture,Yoto,Maritime sans Grand Lomé,Total,Total,Hommes,82859
02,12,40,Préfecture,Yoto,Maritime sans Grand Lomé,Total,Total,Femmes,91992
02,12,40,Préfecture,Yoto,Maritime sans Grand Lomé,Total,Total,Ensemble,174851
02,13,41,Préfecture,Bas-Mono,Maritime sans Grand Lomé,0,Urbain,Hommes,168
02,13,41,Préfecture,Bas-Mono,Maritime sans Grand Lomé,0,Urbain,Femmes,156
02,13,41,Préfecture,Bas-Mono,Maritime sans Grand Lomé,0,Urbain,Ensemble,324
02,13,41,Préfecture,Bas-Mono,Maritime sans Grand Lomé,0,Rural,Hommes,949
02,13,41,Préfecture,Bas-Mono,Maritime sans Grand Lomé,0,Rural,Femmes,958
02,13,41,Préfecture,Bas-Mono,Maritime sans Grand Lomé,0,Rural,Ensemble,1907
02,13,41,Préfecture,Bas-Mono,Maritime sans Grand Lomé,0,Total,Hommes,1117
02,13,41,Préfecture,Bas-Mono,Maritime sans Grand Lomé,0,Total,Femmes,1114
02,13,41,Préfecture,Bas-Mono,Maritime sans Grand Lomé,0,Total,Ensemble,2231
02,13,41,Préfecture,Bas-Mono,Maritime sans Grand Lomé,1-4,Urbain,Hommes,756
02,13,41,Préfecture,Bas-Mono,Maritime sans Grand Lomé,1-4,Urbain,Femmes,692
02,13,41,Préfecture,Bas-Mono,Maritime sans Grand Lomé,1-4,Urbain,Ensemble,1448
02,13,41,Préfecture,Bas-Mono,Maritime sans Grand Lomé,1-4,Rural,Hommes,4582
02,13,41,Préfecture,Bas-Mono,Maritime sans Grand Lomé,1-4,Rural,Femmes,4488
02,13,41,Préfecture,Bas-Mono,Maritime sans Grand Lomé,1-4,Rural,Ensemble,9070
02,13,41,Préfecture,Bas-Mono,Maritime sans Grand Lomé,1-4,Total,Hommes,5338
02,13,41,Préfecture,Bas-Mono,Maritime sans Grand Lomé,1-4,Total,Femmes,5180
02,13,41,Préfecture,Bas-Mono,Maritime sans Grand Lomé,1-4,Total,Ensemble,10518
02,13,41,Préfecture,Bas-Mono,Maritime sans Grand Lomé,5-9,Urbain,Hommes,944
02,13,41,Préfecture,Bas-Mono,Maritime sans Grand Lomé,5-9,Urbain,Femmes,917
02,13,41,Préfecture,Bas-Mono,Maritime sans Grand Lomé,5-9,Urbain,Ensemble,1861
02,13,41,Préfecture,Bas-Mono,Maritime sans Grand Lomé,5-9,Rural,Hommes,6800
02,13,41,Préfecture,Bas-Mono,Maritime sans Grand Lomé,5-9,Rural,Femmes,6431
02,13,41,Préfecture,Bas-Mono,Maritime sans Grand Lomé,5-9,Rural,Ensemble,13231
02,13,41,Préfecture,Bas-Mono,Maritime sans Grand Lomé,5-9,Total,Hommes,7744
02,13,41,Préfecture,Bas-Mono,Maritime sans Grand Lomé,5-9,Total,Femmes,7348
02,13,41,Préfecture,Bas-Mono,Maritime sans Grand Lomé,5-9,Total,Ensemble,15092
02,13,41,Préfecture,Bas-Mono,Maritime sans Grand Lomé,10-14,Urbain,Hommes,967
02,13,41,Préfecture,Bas-Mono,Maritime sans Grand Lomé,10-14,Urbain,Femmes,911
02,13,41,Préfecture,Bas-Mono,Maritime sans Grand Lomé,10-14,Urbain,Ensemble,1878
02,13,41,Préfecture,Bas-Mono,Maritime sans Grand Lomé,10-14,Rural,Hommes,6580
02,13,41,Préfecture,Bas-Mono,Maritime sans Grand Lomé,10-14,Rural,Femmes,5933
02,13,41,Préfecture,Bas-Mono,Maritime sans Grand Lomé,10-14,Rural,Ensemble,12513
02,13,41,Préfecture,Bas-Mono,Maritime sans Grand Lomé,10-14,Total,Hommes,7547
02,13,41,Préfecture,Bas-Mono,Maritime sans Grand Lomé,10-14,Total,Femmes,6844
02,13,41,Préfecture,Bas-Mono,Maritime sans Grand Lomé,10-14,Total,Ensemble,14391
02,13,41,Préfecture,Bas-Mono,Maritime sans Grand Lomé,15-19,Urbain,Hommes,718
02,13,41,Préfecture,Bas-Mono,Maritime sans Grand Lomé,15-19,Urbain,Femmes,723
02,13,41,Préfecture,Bas-Mono,Maritime sans Grand Lomé,15-19,Urbain,Ensemble,1441
02,13,41,Préfecture,Bas-Mono,Maritime sans Grand Lomé,15-19,Rural,Hommes,4245
02,13,41,Préfecture,Bas-Mono,Maritime sans Grand Lomé,15-19,Rural,Femmes,3992
02,13,41,Préfecture,Bas-Mono,Maritime sans Grand Lomé,15-19,Rural,Ensemble,8237
02,13,41,Préfecture,Bas-Mono,Maritime sans Grand Lomé,15-19,Total,Hommes,4963
02,13,41,Préfecture,Bas-Mono,Maritime sans Grand Lomé,15-19,Total,Femmes,4715
02,13,41,Préfecture,Bas-Mono,Maritime sans Grand Lomé,15-19,Total,Ensemble,9678
02,13,41,Préfecture,Bas-Mono,Maritime sans Grand Lomé,20-24,Urbain,Hommes,331
02,13,41,Préfecture,Bas-Mono,Maritime sans Grand Lomé,20-24,Urbain,Femmes,517
02,13,41,Préfecture,Bas-Mono,Maritime sans Grand Lomé,20-24,Urbain,Ensemble,848
02,13,41,Préfecture,Bas-Mono,Maritime sans Grand Lomé,20-24,Rural,Hommes,1917
02,13,41,Préfecture,Bas-Mono,Maritime sans Grand Lomé,20-24,Rural,Femmes,2614
02,13,41,Préfecture,Bas-Mono,Maritime sans Grand Lomé,20-24,Rural,Ensemble,4531
02,13,41,Préfecture,Bas-Mono,Maritime sans Grand Lomé,20-24,Total,Hommes,2248
02,13,41,Préfecture,Bas-Mono,Maritime sans Grand Lomé,20-24,Total,Femmes,3131
02,13,41,Préfecture,Bas-Mono,Maritime sans Grand Lomé,20-24,Total,Ensemble,5379
02,13,41,Préfecture,Bas-Mono,Maritime sans Grand Lomé,25-29,Urbain,Hommes,320
02,13,41,Préfecture,Bas-Mono,Maritime sans Grand Lomé,25-29,Urbain,Femmes,454
02,13,41,Préfecture,Bas-Mono,Maritime sans Grand Lomé,25-29,Urbain,Ensemble,774
02,13,41,Préfecture,Bas-Mono,Maritime sans Grand Lomé,25-29,Rural,Hommes,1364
02,13,41,Préfecture,Bas-Mono,Maritime sans Grand Lomé,25-29,Rural,Femmes,2218
02,13,41,Préfecture,Bas-Mono,Maritime sans Grand Lomé,25-29,Rural,Ensemble,3582
02,13,41,Préfecture,Bas-Mono,Maritime sans Grand Lomé,25-29,Total,Hommes,1684
02,13,41,Préfecture,Bas-Mono,Maritime sans Grand Lomé,25-29,Total,Femmes,2672
02,13,41,Préfecture,Bas-Mono,Maritime sans Grand Lomé,25-29,Total,Ensemble,4356
02,13,41,Préfecture,Bas-Mono,Maritime sans Grand Lomé,30-34,Urbain,Hommes,316
02,13,41,Préfecture,Bas-Mono,Maritime sans Grand Lomé,30-34,Urbain,Femmes,429
02,13,41,Préfecture,Bas-Mono,Maritime sans Grand Lomé,30-34,Urbain,Ensemble,745
02,13,41,Préfecture,Bas-Mono,Maritime sans Grand Lomé,30-34,Rural,Hommes,1741
02,13,41,Préfecture,Bas-Mono,Maritime sans Grand Lomé,30-34,Rural,Femmes,2467
02,13,41,Préfecture,Bas-Mono,Maritime sans Grand Lomé,30-34,Rural,Ensemble,4208
02,13,41,Préfecture,Bas-Mono,Maritime sans Grand Lomé,30-34,Total,Hommes,2057
02,13,41,Préfecture,Bas-Mono,Maritime sans Grand Lomé,30-34,Total,Femmes,2896
02,13,41,Préfecture,Bas-Mono,Maritime sans Grand Lomé,30-34,Total,Ensemble,4953
02,13,41,Préfecture,Bas-Mono,Maritime sans Grand Lomé,35-39,Urbain,Hommes,329
02,13,41,Préfecture,Bas-Mono,Maritime sans Grand Lomé,35-39,Urbain,Femmes,434
02,13,41,Préfecture,Bas-Mono,Maritime sans Grand Lomé,35-39,Urbain,Ensemble,763
02,13,41,Préfecture,Bas-Mono,Maritime sans Grand Lomé,35-39,Rural,Hommes,1521
02,13,41,Préfecture,Bas-Mono,Maritime sans Grand Lomé,35-39,Rural,Femmes,2247
02,13,41,Préfecture,Bas-Mono,Maritime sans Grand Lomé,35-39,Rural,Ensemble,3768
02,13,41,Préfecture,Bas-Mono,Maritime sans Grand Lomé,35-39,Total,Hommes,1850
02,13,41,Préfecture,Bas-Mono,Maritime sans Grand Lomé,35-39,Total,Femmes,2681
02,13,41,Préfecture,Bas-Mono,Maritime sans Grand Lomé,35-39,Total,Ensemble,4531
02,13,41,Préfecture,Bas-Mono,Maritime sans Grand Lomé,40-44,Urbain,Hommes,296
02,13,41,Préfecture,Bas-Mono,Maritime sans Grand Lomé,40-44,Urbain,Femmes,353
02,13,41,Préfecture,Bas-Mono,Maritime sans Grand Lomé,40-44,Urbain,Ensemble,649
02,13,41,Préfecture,Bas-Mono,Maritime sans Grand Lomé,40-44,Rural,Hommes,1844
02,13,41,Préfecture,Bas-Mono,Maritime sans Grand Lomé,40-44,Rural,Femmes,2394
02,13,41,Préfecture,Bas-Mono,Maritime sans Grand Lomé,40-44,Rural,Ensemble,4238
02,13,41,Préfecture,Bas-Mono,Maritime sans Grand Lomé,40-44,Total,Hommes,2140
02,13,41,Préfecture,Bas-Mono,Maritime sans Grand Lomé,40-44,Total,Femmes,2747
02,13,41,Préfecture,Bas-Mono,Maritime sans Grand Lomé,40-44,Total,Ensemble,4887
02,13,41,Préfecture,Bas-Mono,Maritime sans Grand Lomé,45-49,Urbain,Hommes,262
02,13,41,Préfecture,Bas-Mono,Maritime sans Grand Lomé,45-49,Urbain,Femmes,249
02,13,41,Préfecture,Bas-Mono,Maritime sans Grand Lomé,45-49,Urbain,Ensemble,511
02,13,41,Préfecture,Bas-Mono,Maritime sans Grand Lomé,45-49,Rural,Hommes,1478
02,13,41,Préfecture,Bas-Mono,Maritime sans Grand Lomé,45-49,Rural,Femmes,1756
02,13,41,Préfecture,Bas-Mono,Maritime sans Grand Lomé,45-49,Rural,Ensemble,3234
02,13,41,Préfecture,Bas-Mono,Maritime sans Grand Lomé,45-49,Total,Hommes,1740
02,13,41,Préfecture,Bas-Mono,Maritime sans Grand Lomé,45-49,Total,Femmes,2005
02,13,41,Préfecture,Bas-Mono,Maritime sans Grand Lomé,45-49,Total,Ensemble,3745
02,13,41,Préfecture,Bas-Mono,Maritime sans Grand Lomé,50-54,Urbain,Hommes,212
02,13,41,Préfecture,Bas-Mono,Maritime sans Grand Lomé,50-54,Urbain,Femmes,258
02,13,41,Préfecture,Bas-Mono,Maritime sans Grand Lomé,50-54,Urbain,Ensemble,470
02,13,41,Préfecture,Bas-Mono,Maritime sans Grand Lomé,50-54,Rural,Hommes,1377
02,13,41,Préfecture,Bas-Mono,Maritime sans Grand Lomé,50-54,Rural,Femmes,1737
02,13,41,Préfecture,Bas-Mono,Maritime sans Grand Lomé,50-54,Rural,Ensemble,3114
02,13,41,Préfecture,Bas-Mono,Maritime sans Grand Lomé,50-54,Total,Hommes,1589
02,13,41,Préfecture,Bas-Mono,Maritime sans Grand Lomé,50-54,Total,Femmes,1995
02,13,41,Préfecture,Bas-Mono,Maritime sans Grand Lomé,50-54,Total,Ensemble,3584
02,13,41,Préfecture,Bas-Mono,Maritime sans Grand Lomé,55-59,Urbain,Hommes,140
02,13,41,Préfecture,Bas-Mono,Maritime sans Grand Lomé,55-59,Urbain,Femmes,173
02,13,41,Préfecture,Bas-Mono,Maritime sans Grand Lomé,55-59,Urbain,Ensemble,313
02,13,41,Préfecture,Bas-Mono,Maritime sans Grand Lomé,55-59,Rural,Hommes,965
02,13,41,Préfecture,Bas-Mono,Maritime sans Grand Lomé,55-59,Rural,Femmes,1120
02,13,41,Préfecture,Bas-Mono,Maritime sans Grand Lomé,55-59,Rural,Ensemble,2085
02,13,41,Préfecture,Bas-Mono,Maritime sans Grand Lomé,55-59,Total,Hommes,1105
02,13,41,Préfecture,Bas-Mono,Maritime sans Grand Lomé,55-59,Total,Femmes,1293
02,13,41,Préfecture,Bas-Mono,Maritime sans Grand Lomé,55-59,Total,Ensemble,2398
02,13,41,Préfecture,Bas-Mono,Maritime sans Grand Lomé,60-64,Urbain,Hommes,168
02,13,41,Préfecture,Bas-Mono,Maritime sans Grand Lomé,60-64,Urbain,Femmes,179
02,13,41,Préfecture,Bas-Mono,Maritime sans Grand Lomé,60-64,Urbain,Ensemble,347
02,13,41,Préfecture,Bas-Mono,Maritime sans Grand Lomé,60-64,Rural,Hommes,981
02,13,41,Préfecture,Bas-Mono,Maritime sans Grand Lomé,60-64,Rural,Femmes,1512
02,13,41,Préfecture,Bas-Mono,Maritime sans Grand Lomé,60-64,Rural,Ensemble,2493
02,13,41,Préfecture,Bas-Mono,Maritime sans Grand Lomé,60-64,Total,Hommes,1149
02,13,41,Préfecture,Bas-Mono,Maritime sans Grand Lomé,60-64,Total,Femmes,1691
02,13,41,Préfecture,Bas-Mono,Maritime sans Grand Lomé,60-64,Total,Ensemble,2840
02,13,41,Préfecture,Bas-Mono,Maritime sans Grand Lomé,65-69,Urbain,Hommes,71
02,13,41,Préfecture,Bas-Mono,Maritime sans Grand Lomé,65-69,Urbain,Femmes,101
02,13,41,Préfecture,Bas-Mono,Maritime sans Grand Lomé,65-69,Urbain,Ensemble,172
02,13,41,Préfecture,Bas-Mono,Maritime sans Grand Lomé,65-69,Rural,Hommes,579
02,13,41,Préfecture,Bas-Mono,Maritime sans Grand Lomé,65-69,Rural,Femmes,839
02,13,41,Préfecture,Bas-Mono,Maritime sans Grand Lomé,65-69,Rural,Ensemble,1418
02,13,41,Préfecture,Bas-Mono,Maritime sans Grand Lomé,65-69,Total,Hommes,650
02,13,41,Préfecture,Bas-Mono,Maritime sans Grand Lomé,65-69,Total,Femmes,940
02,13,41,Préfecture,Bas-Mono,Maritime sans Grand Lomé,65-69,Total,Ensemble,1590
02,13,41,Préfecture,Bas-Mono,Maritime sans Grand Lomé,70-74,Urbain,Hommes,66
02,13,41,Préfecture,Bas-Mono,Maritime sans Grand Lomé,70-74,Urbain,Femmes,98
02,13,41,Préfecture,Bas-Mono,Maritime sans Grand Lomé,70-74,Urbain,Ensemble,164
02,13,41,Préfecture,Bas-Mono,Maritime sans Grand Lomé,70-74,Rural,Hommes,515
02,13,41,Préfecture,Bas-Mono,Maritime sans Grand Lomé,70-74,Rural,Femmes,919
02,13,41,Préfecture,Bas-Mono,Maritime sans Grand Lomé,70-74,Rural,Ensemble,1434
02,13,41,Préfecture,Bas-Mono,Maritime sans Grand Lomé,70-74,Total,Hommes,581
02,13,41,Préfecture,Bas-Mono,Maritime sans Grand Lomé,70-74,Total,Femmes,1017
02,13,41,Préfecture,Bas-Mono,Maritime sans Grand Lomé,70-74,Total,Ensemble,1598
02,13,41,Préfecture,Bas-Mono,Maritime sans Grand Lomé,75-79,Urbain,Hommes,15
02,13,41,Préfecture,Bas-Mono,Maritime sans Grand Lomé,75-79,Urbain,Femmes,86
02,13,41,Préfecture,Bas-Mono,Maritime sans Grand Lomé,75-79,Urbain,Ensemble,101
02,13,41,Préfecture,Bas-Mono,Maritime sans Grand Lomé,75-79,Rural,Hommes,221
02,13,41,Préfecture,Bas-Mono,Maritime sans Grand Lomé,75-79,Rural,Femmes,501
02,13,41,Préfecture,Bas-Mono,Maritime sans Grand Lomé,75-79,Rural,Ensemble,722
02,13,41,Préfecture,Bas-Mono,Maritime sans Grand Lomé,75-79,Total,Hommes,236
02,13,41,Préfecture,Bas-Mono,Maritime sans Grand Lomé,75-79,Total,Femmes,587
02,13,41,Préfecture,Bas-Mono,Maritime sans Grand Lomé,75-79,Total,Ensemble,823
02,13,41,Préfecture,Bas-Mono,Maritime sans Grand Lomé,80-84,Urbain,Hommes,19
02,13,41,Préfecture,Bas-Mono,Maritime sans Grand Lomé,80-84,Urbain,Femmes,78
02,13,41,Préfecture,Bas-Mono,Maritime sans Grand Lomé,80-84,Urbain,Ensemble,97
02,13,41,Préfecture,Bas-Mono,Maritime sans Grand Lomé,80-84,Rural,Hommes,285
02,13,41,Préfecture,Bas-Mono,Maritime sans Grand Lomé,80-84,Rural,Femmes,644
02,13,41,Préfecture,Bas-Mono,Maritime sans Grand Lomé,80-84,Rural,Ensemble,929
02,13,41,Préfecture,Bas-Mono,Maritime sans Grand Lomé,80-84,Total,Hommes,304
02,13,41,Préfecture,Bas-Mono,Maritime sans Grand Lomé,80-84,Total,Femmes,722
02,13,41,Préfecture,Bas-Mono,Maritime sans Grand Lomé,80-84,Total,Ensemble,1026
02,13,41,Préfecture,Bas-Mono,Maritime sans Grand Lomé,85 et +,Urbain,Hommes,21
02,13,41,Préfecture,Bas-Mono,Maritime sans Grand Lomé,85 et +,Urbain,Femmes,80
02,13,41,Préfecture,Bas-Mono,Maritime sans Grand Lomé,85 et +,Urbain,Ensemble,101
02,13,41,Préfecture,Bas-Mono,Maritime sans Grand Lomé,85 et +,Rural,Hommes,271
02,13,41,Préfecture,Bas-Mono,Maritime sans Grand Lomé,85 et +,Rural,Femmes,806
02,13,41,Préfecture,Bas-Mono,Maritime sans Grand Lomé,85 et +,Rural,Ensemble,1077
02,13,41,Préfecture,Bas-Mono,Maritime sans Grand Lomé,85 et +,Total,Hommes,292
02,13,41,Préfecture,Bas-Mono,Maritime sans Grand Lomé,85 et +,Total,Femmes,886
02,13,41,Préfecture,Bas-Mono,Maritime sans Grand Lomé,85 et +,Total,Ensemble,1178
02,13,41,Préfecture,Bas-Mono,Maritime sans Grand Lomé,ND,Urbain,Hommes,17
02,13,41,Préfecture,Bas-Mono,Maritime sans Grand Lomé,ND,Urbain,Femmes,22
02,13,41,Préfecture,Bas-Mono,Maritime sans Grand Lomé,ND,Urbain,Ensemble,39
02,13,41,Préfecture,Bas-Mono,Maritime sans Grand Lomé,ND,Rural,Hommes,15
02,13,41,Préfecture,Bas-Mono,Maritime sans Grand Lomé,ND,Rural,Femmes,8
02,13,41,Préfecture,Bas-Mono,Maritime sans Grand Lomé,ND,Rural,Ensemble,23
02,13,41,Préfecture,Bas-Mono,Maritime sans Grand Lomé,ND,Total,Hommes,32
02,13,41,Préfecture,Bas-Mono,Maritime sans Grand Lomé,ND,Total,Femmes,30
02,13,41,Préfecture,Bas-Mono,Maritime sans Grand Lomé,ND,Total,Ensemble,62
02,13,41,Préfecture,Bas-Mono,Maritime sans Grand Lomé,Total,Urbain,Hommes,6136
02,13,41,Préfecture,Bas-Mono,Maritime sans Grand Lomé,Total,Urbain,Femmes,6910
02,13,41,Préfecture,Bas-Mono,Maritime sans Grand Lomé,Total,Urbain,Ensemble,13046
02,13,41,Préfecture,Bas-Mono,Maritime sans Grand Lomé,Total,Rural,Hommes,38230
02,13,41,Préfecture,Bas-Mono,Maritime sans Grand Lomé,Total,Rural,Femmes,43584
02,13,41,Préfecture,Bas-Mono,Maritime sans Grand Lomé,Total,Rural,Ensemble,81814
02,13,41,Préfecture,Bas-Mono,Maritime sans Grand Lomé,Total,Total,Hommes,44366
02,13,41,Préfecture,Bas-Mono,Maritime sans Grand Lomé,Total,Total,Femmes,50494
02,13,41,Préfecture,Bas-Mono,Maritime sans Grand Lomé,Total,Total,Ensemble,94860
02,14,42,Préfecture,Lacs,Maritime sans Grand Lomé,0,Urbain,Hommes,354
02,14,42,Préfecture,Lacs,Maritime sans Grand Lomé,0,Urbain,Femmes,310
02,14,42,Préfecture,Lacs,Maritime sans Grand Lomé,0,Urbain,Ensemble,664
02,14,42,Préfecture,Lacs,Maritime sans Grand Lomé,0,Rural,Hommes,2550
02,14,42,Préfecture,Lacs,Maritime sans Grand Lomé,0,Rural,Femmes,2477
02,14,42,Préfecture,Lacs,Maritime sans Grand Lomé,0,Rural,Ensemble,5027
02,14,42,Préfecture,Lacs,Maritime sans Grand Lomé,0,Total,Hommes,2904
02,14,42,Préfecture,Lacs,Maritime sans Grand Lomé,0,Total,Femmes,2787
02,14,42,Préfecture,Lacs,Maritime sans Grand Lomé,0,Total,Ensemble,5691
02,14,42,Préfecture,Lacs,Maritime sans Grand Lomé,1-4,Urbain,Hommes,1338
02,14,42,Préfecture,Lacs,Maritime sans Grand Lomé,1-4,Urbain,Femmes,1307
02,14,42,Préfecture,Lacs,Maritime sans Grand Lomé,1-4,Urbain,Ensemble,2645
02,14,42,Préfecture,Lacs,Maritime sans Grand Lomé,1-4,Rural,Hommes,11271
02,14,42,Préfecture,Lacs,Maritime sans Grand Lomé,1-4,Rural,Femmes,10721
02,14,42,Préfecture,Lacs,Maritime sans Grand Lomé,1-4,Rural,Ensemble,21992
02,14,42,Préfecture,Lacs,Maritime sans Grand Lomé,1-4,Total,Hommes,12609
02,14,42,Préfecture,Lacs,Maritime sans Grand Lomé,1-4,Total,Femmes,12028
02,14,42,Préfecture,Lacs,Maritime sans Grand Lomé,1-4,Total,Ensemble,24637
02,14,42,Préfecture,Lacs,Maritime sans Grand Lomé,5-9,Urbain,Hommes,1815
02,14,42,Préfecture,Lacs,Maritime sans Grand Lomé,5-9,Urbain,Femmes,1792
02,14,42,Préfecture,Lacs,Maritime sans Grand Lomé,5-9,Urbain,Ensemble,3607
02,14,42,Préfecture,Lacs,Maritime sans Grand Lomé,5-9,Rural,Hommes,16042
02,14,42,Préfecture,Lacs,Maritime sans Grand Lomé,5-9,Rural,Femmes,15080
02,14,42,Préfecture,Lacs,Maritime sans Grand Lomé,5-9,Rural,Ensemble,31122
02,14,42,Préfecture,Lacs,Maritime sans Grand Lomé,5-9,Total,Hommes,17857
02,14,42,Préfecture,Lacs,Maritime sans Grand Lomé,5-9,Total,Femmes,16872
02,14,42,Préfecture,Lacs,Maritime sans Grand Lomé,5-9,Total,Ensemble,34729
02,14,42,Préfecture,Lacs,Maritime sans Grand Lomé,10-14,Urbain,Hommes,1685
02,14,42,Préfecture,Lacs,Maritime sans Grand Lomé,10-14,Urbain,Femmes,1761
02,14,42,Préfecture,Lacs,Maritime sans Grand Lomé,10-14,Urbain,Ensemble,3446
02,14,42,Préfecture,Lacs,Maritime sans Grand Lomé,10-14,Rural,Hommes,15232
02,14,42,Préfecture,Lacs,Maritime sans Grand Lomé,10-14,Rural,Femmes,14368
02,14,42,Préfecture,Lacs,Maritime sans Grand Lomé,10-14,Rural,Ensemble,29600
02,14,42,Préfecture,Lacs,Maritime sans Grand Lomé,10-14,Total,Hommes,16917
02,14,42,Préfecture,Lacs,Maritime sans Grand Lomé,10-14,Total,Femmes,16129
02,14,42,Préfecture,Lacs,Maritime sans Grand Lomé,10-14,Total,Ensemble,33046
02,14,42,Préfecture,Lacs,Maritime sans Grand Lomé,15-19,Urbain,Hommes,1495
02,14,42,Préfecture,Lacs,Maritime sans Grand Lomé,15-19,Urbain,Femmes,1571
02,14,42,Préfecture,Lacs,Maritime sans Grand Lomé,15-19,Urbain,Ensemble,3066
02,14,42,Préfecture,Lacs,Maritime sans Grand Lomé,15-19,Rural,Hommes,11037
02,14,42,Préfecture,Lacs,Maritime sans Grand Lomé,15-19,Rural,Femmes,10932
02,14,42,Préfecture,Lacs,Maritime sans Grand Lomé,15-19,Rural,Ensemble,21969
02,14,42,Préfecture,Lacs,Maritime sans Grand Lomé,15-19,Total,Hommes,12532
02,14,42,Préfecture,Lacs,Maritime sans Grand Lomé,15-19,Total,Femmes,12503
02,14,42,Préfecture,Lacs,Maritime sans Grand Lomé,15-19,Total,Ensemble,25035
02,14,42,Préfecture,Lacs,Maritime sans Grand Lomé,20-24,Urbain,Hommes,962
02,14,42,Préfecture,Lacs,Maritime sans Grand Lomé,20-24,Urbain,Femmes,1158
02,14,42,Préfecture,Lacs,Maritime sans Grand Lomé,20-24,Urbain,Ensemble,2120
02,14,42,Préfecture,Lacs,Maritime sans Grand Lomé,20-24,Rural,Hommes,6507
02,14,42,Préfecture,Lacs,Maritime sans Grand Lomé,20-24,Rural,Femmes,7963
02,14,42,Préfecture,Lacs,Maritime sans Grand Lomé,20-24,Rural,Ensemble,14470
02,14,42,Préfecture,Lacs,Maritime sans Grand Lomé,20-24,Total,Hommes,7469
02,14,42,Préfecture,Lacs,Maritime sans Grand Lomé,20-24,Total,Femmes,9121
02,14,42,Préfecture,Lacs,Maritime sans Grand Lomé,20-24,Total,Ensemble,16590
02,14,42,Préfecture,Lacs,Maritime sans Grand Lomé,25-29,Urbain,Hommes,759
02,14,42,Préfecture,Lacs,Maritime sans Grand Lomé,25-29,Urbain,Femmes,1023
02,14,42,Préfecture,Lacs,Maritime sans Grand Lomé,25-29,Urbain,Ensemble,1782
02,14,42,Préfecture,Lacs,Maritime sans Grand Lomé,25-29,Rural,Hommes,5101
02,14,42,Préfecture,Lacs,Maritime sans Grand Lomé,25-29,Rural,Femmes,7090
02,14,42,Préfecture,Lacs,Maritime sans Grand Lomé,25-29,Rural,Ensemble,12191
02,14,42,Préfecture,Lacs,Maritime sans Grand Lomé,25-29,Total,Hommes,5860
02,14,42,Préfecture,Lacs,Maritime sans Grand Lomé,25-29,Total,Femmes,8113
02,14,42,Préfecture,Lacs,Maritime sans Grand Lomé,25-29,Total,Ensemble,13973
02,14,42,Préfecture,Lacs,Maritime sans Grand Lomé,30-34,Urbain,Hommes,900
02,14,42,Préfecture,Lacs,Maritime sans Grand Lomé,30-34,Urbain,Femmes,1056
02,14,42,Préfecture,Lacs,Maritime sans Grand Lomé,30-34,Urbain,Ensemble,1956
02,14,42,Préfecture,Lacs,Maritime sans Grand Lomé,30-34,Rural,Hommes,5633
02,14,42,Préfecture,Lacs,Maritime sans Grand Lomé,30-34,Rural,Femmes,7342
02,14,42,Préfecture,Lacs,Maritime sans Grand Lomé,30-34,Rural,Ensemble,12975
02,14,42,Préfecture,Lacs,Maritime sans Grand Lomé,30-34,Total,Hommes,6533
02,14,42,Préfecture,Lacs,Maritime sans Grand Lomé,30-34,Total,Femmes,8398
02,14,42,Préfecture,Lacs,Maritime sans Grand Lomé,30-34,Total,Ensemble,14931
02,14,42,Préfecture,Lacs,Maritime sans Grand Lomé,35-39,Urbain,Hommes,960
02,14,42,Préfecture,Lacs,Maritime sans Grand Lomé,35-39,Urbain,Femmes,968
02,14,42,Préfecture,Lacs,Maritime sans Grand Lomé,35-39,Urbain,Ensemble,1928
02,14,42,Préfecture,Lacs,Maritime sans Grand Lomé,35-39,Rural,Hommes,5909
02,14,42,Préfecture,Lacs,Maritime sans Grand Lomé,35-39,Rural,Femmes,7113
02,14,42,Préfecture,Lacs,Maritime sans Grand Lomé,35-39,Rural,Ensemble,13022
02,14,42,Préfecture,Lacs,Maritime sans Grand Lomé,35-39,Total,Hommes,6869
02,14,42,Préfecture,Lacs,Maritime sans Grand Lomé,35-39,Total,Femmes,8081
02,14,42,Préfecture,Lacs,Maritime sans Grand Lomé,35-39,Total,Ensemble,14950
02,14,42,Préfecture,Lacs,Maritime sans Grand Lomé,40-44,Urbain,Hommes,771
02,14,42,Préfecture,Lacs,Maritime sans Grand Lomé,40-44,Urbain,Femmes,815
02,14,42,Préfecture,Lacs,Maritime sans Grand Lomé,40-44,Urbain,Ensemble,1586
02,14,42,Préfecture,Lacs,Maritime sans Grand Lomé,40-44,Rural,Hommes,5386
02,14,42,Préfecture,Lacs,Maritime sans Grand Lomé,40-44,Rural,Femmes,6033
02,14,42,Préfecture,Lacs,Maritime sans Grand Lomé,40-44,Rural,Ensemble,11419
02,14,42,Préfecture,Lacs,Maritime sans Grand Lomé,40-44,Total,Hommes,6157
02,14,42,Préfecture,Lacs,Maritime sans Grand Lomé,40-44,Total,Femmes,6848
02,14,42,Préfecture,Lacs,Maritime sans Grand Lomé,40-44,Total,Ensemble,13005
02,14,42,Préfecture,Lacs,Maritime sans Grand Lomé,45-49,Urbain,Hommes,647
02,14,42,Préfecture,Lacs,Maritime sans Grand Lomé,45-49,Urbain,Femmes,634
02,14,42,Préfecture,Lacs,Maritime sans Grand Lomé,45-49,Urbain,Ensemble,1281
02,14,42,Préfecture,Lacs,Maritime sans Grand Lomé,45-49,Rural,Hommes,4512
02,14,42,Préfecture,Lacs,Maritime sans Grand Lomé,45-49,Rural,Femmes,4636
02,14,42,Préfecture,Lacs,Maritime sans Grand Lomé,45-49,Rural,Ensemble,9148
02,14,42,Préfecture,Lacs,Maritime sans Grand Lomé,45-49,Total,Hommes,5159
02,14,42,Préfecture,Lacs,Maritime sans Grand Lomé,45-49,Total,Femmes,5270
02,14,42,Préfecture,Lacs,Maritime sans Grand Lomé,45-49,Total,Ensemble,10429
02,14,42,Préfecture,Lacs,Maritime sans Grand Lomé,50-54,Urbain,Hommes,535
02,14,42,Préfecture,Lacs,Maritime sans Grand Lomé,50-54,Urbain,Femmes,616
02,14,42,Préfecture,Lacs,Maritime sans Grand Lomé,50-54,Urbain,Ensemble,1151
02,14,42,Préfecture,Lacs,Maritime sans Grand Lomé,50-54,Rural,Hommes,3887
02,14,42,Préfecture,Lacs,Maritime sans Grand Lomé,50-54,Rural,Femmes,4329
02,14,42,Préfecture,Lacs,Maritime sans Grand Lomé,50-54,Rural,Ensemble,8216
02,14,42,Préfecture,Lacs,Maritime sans Grand Lomé,50-54,Total,Hommes,4422
02,14,42,Préfecture,Lacs,Maritime sans Grand Lomé,50-54,Total,Femmes,4945
02,14,42,Préfecture,Lacs,Maritime sans Grand Lomé,50-54,Total,Ensemble,9367
02,14,42,Préfecture,Lacs,Maritime sans Grand Lomé,55-59,Urbain,Hommes,420
02,14,42,Préfecture,Lacs,Maritime sans Grand Lomé,55-59,Urbain,Femmes,399
02,14,42,Préfecture,Lacs,Maritime sans Grand Lomé,55-59,Urbain,Ensemble,819
02,14,42,Préfecture,Lacs,Maritime sans Grand Lomé,55-59,Rural,Hommes,2771
02,14,42,Préfecture,Lacs,Maritime sans Grand Lomé,55-59,Rural,Femmes,2997
02,14,42,Préfecture,Lacs,Maritime sans Grand Lomé,55-59,Rural,Ensemble,5768
02,14,42,Préfecture,Lacs,Maritime sans Grand Lomé,55-59,Total,Hommes,3191
02,14,42,Préfecture,Lacs,Maritime sans Grand Lomé,55-59,Total,Femmes,3396
02,14,42,Préfecture,Lacs,Maritime sans Grand Lomé,55-59,Total,Ensemble,6587
02,14,42,Préfecture,Lacs,Maritime sans Grand Lomé,60-64,Urbain,Hommes,313
02,14,42,Préfecture,Lacs,Maritime sans Grand Lomé,60-64,Urbain,Femmes,375
02,14,42,Préfecture,Lacs,Maritime sans Grand Lomé,60-64,Urbain,Ensemble,688
02,14,42,Préfecture,Lacs,Maritime sans Grand Lomé,60-64,Rural,Hommes,2340
02,14,42,Préfecture,Lacs,Maritime sans Grand Lomé,60-64,Rural,Femmes,2982
02,14,42,Préfecture,Lacs,Maritime sans Grand Lomé,60-64,Rural,Ensemble,5322
02,14,42,Préfecture,Lacs,Maritime sans Grand Lomé,60-64,Total,Hommes,2653
02,14,42,Préfecture,Lacs,Maritime sans Grand Lomé,60-64,Total,Femmes,3357
02,14,42,Préfecture,Lacs,Maritime sans Grand Lomé,60-64,Total,Ensemble,6010
02,14,42,Préfecture,Lacs,Maritime sans Grand Lomé,65-69,Urbain,Hommes,150
02,14,42,Préfecture,Lacs,Maritime sans Grand Lomé,65-69,Urbain,Femmes,213
02,14,42,Préfecture,Lacs,Maritime sans Grand Lomé,65-69,Urbain,Ensemble,363
02,14,42,Préfecture,Lacs,Maritime sans Grand Lomé,65-69,Rural,Hommes,1470
02,14,42,Préfecture,Lacs,Maritime sans Grand Lomé,65-69,Rural,Femmes,1980
02,14,42,Préfecture,Lacs,Maritime sans Grand Lomé,65-69,Rural,Ensemble,3450
02,14,42,Préfecture,Lacs,Maritime sans Grand Lomé,65-69,Total,Hommes,1620
02,14,42,Préfecture,Lacs,Maritime sans Grand Lomé,65-69,Total,Femmes,2193
02,14,42,Préfecture,Lacs,Maritime sans Grand Lomé,65-69,Total,Ensemble,3813
02,14,42,Préfecture,Lacs,Maritime sans Grand Lomé,70-74,Urbain,Hommes,115
02,14,42,Préfecture,Lacs,Maritime sans Grand Lomé,70-74,Urbain,Femmes,195
02,14,42,Préfecture,Lacs,Maritime sans Grand Lomé,70-74,Urbain,Ensemble,310
02,14,42,Préfecture,Lacs,Maritime sans Grand Lomé,70-74,Rural,Hommes,967
02,14,42,Préfecture,Lacs,Maritime sans Grand Lomé,70-74,Rural,Femmes,1757
02,14,42,Préfecture,Lacs,Maritime sans Grand Lomé,70-74,Rural,Ensemble,2724
02,14,42,Préfecture,Lacs,Maritime sans Grand Lomé,70-74,Total,Hommes,1082
02,14,42,Préfecture,Lacs,Maritime sans Grand Lomé,70-74,Total,Femmes,1952
02,14,42,Préfecture,Lacs,Maritime sans Grand Lomé,70-74,Total,Ensemble,3034
02,14,42,Préfecture,Lacs,Maritime sans Grand Lomé,75-79,Urbain,Hommes,79
02,14,42,Préfecture,Lacs,Maritime sans Grand Lomé,75-79,Urbain,Femmes,116
02,14,42,Préfecture,Lacs,Maritime sans Grand Lomé,75-79,Urbain,Ensemble,195
02,14,42,Préfecture,Lacs,Maritime sans Grand Lomé,75-79,Rural,Hommes,458
02,14,42,Préfecture,Lacs,Maritime sans Grand Lomé,75-79,Rural,Femmes,1003
02,14,42,Préfecture,Lacs,Maritime sans Grand Lomé,75-79,Rural,Ensemble,1461
02,14,42,Préfecture,Lacs,Maritime sans Grand Lomé,75-79,Total,Hommes,537
02,14,42,Préfecture,Lacs,Maritime sans Grand Lomé,75-79,Total,Femmes,1119
02,14,42,Préfecture,Lacs,Maritime sans Grand Lomé,75-79,Total,Ensemble,1656
02,14,42,Préfecture,Lacs,Maritime sans Grand Lomé,80-84,Urbain,Hommes,46
02,14,42,Préfecture,Lacs,Maritime sans Grand Lomé,80-84,Urbain,Femmes,107
02,14,42,Préfecture,Lacs,Maritime sans Grand Lomé,80-84,Urbain,Ensemble,153
02,14,42,Préfecture,Lacs,Maritime sans Grand Lomé,80-84,Rural,Hommes,371
02,14,42,Préfecture,Lacs,Maritime sans Grand Lomé,80-84,Rural,Femmes,976
02,14,42,Préfecture,Lacs,Maritime sans Grand Lomé,80-84,Rural,Ensemble,1347
02,14,42,Préfecture,Lacs,Maritime sans Grand Lomé,80-84,Total,Hommes,417
02,14,42,Préfecture,Lacs,Maritime sans Grand Lomé,80-84,Total,Femmes,1083
02,14,42,Préfecture,Lacs,Maritime sans Grand Lomé,80-84,Total,Ensemble,1500
02,14,42,Préfecture,Lacs,Maritime sans Grand Lomé,85 et +,Urbain,Hommes,34
02,14,42,Préfecture,Lacs,Maritime sans Grand Lomé,85 et +,Urbain,Femmes,110
02,14,42,Préfecture,Lacs,Maritime sans Grand Lomé,85 et +,Urbain,Ensemble,144
02,14,42,Préfecture,Lacs,Maritime sans Grand Lomé,85 et +,Rural,Hommes,357
02,14,42,Préfecture,Lacs,Maritime sans Grand Lomé,85 et +,Rural,Femmes,1168
02,14,42,Préfecture,Lacs,Maritime sans Grand Lomé,85 et +,Rural,Ensemble,1525
02,14,42,Préfecture,Lacs,Maritime sans Grand Lomé,85 et +,Total,Hommes,391
02,14,42,Préfecture,Lacs,Maritime sans Grand Lomé,85 et +,Total,Femmes,1278
02,14,42,Préfecture,Lacs,Maritime sans Grand Lomé,85 et +,Total,Ensemble,1669
02,14,42,Préfecture,Lacs,Maritime sans Grand Lomé,ND,Urbain,Hommes,155
02,14,42,Préfecture,Lacs,Maritime sans Grand Lomé,ND,Urbain,Femmes,179
02,14,42,Préfecture,Lacs,Maritime sans Grand Lomé,ND,Urbain,Ensemble,334
02,14,42,Préfecture,Lacs,Maritime sans Grand Lomé,ND,Rural,Hommes,134
02,14,42,Préfecture,Lacs,Maritime sans Grand Lomé,ND,Rural,Femmes,127
02,14,42,Préfecture,Lacs,Maritime sans Grand Lomé,ND,Rural,Ensemble,261
02,14,42,Préfecture,Lacs,Maritime sans Grand Lomé,ND,Total,Hommes,289
02,14,42,Préfecture,Lacs,Maritime sans Grand Lomé,ND,Total,Femmes,306
02,14,42,Préfecture,Lacs,Maritime sans Grand Lomé,ND,Total,Ensemble,595
02,14,42,Préfecture,Lacs,Maritime sans Grand Lomé,Total,Urbain,Hommes,13533
02,14,42,Préfecture,Lacs,Maritime sans Grand Lomé,Total,Urbain,Femmes,14705
02,14,42,Préfecture,Lacs,Maritime sans Grand Lomé,Total,Urbain,Ensemble,28238
02,14,42,Préfecture,Lacs,Maritime sans Grand Lomé,Total,Rural,Hommes,101935
02,14,42,Préfecture,Lacs,Maritime sans Grand Lomé,Total,Rural,Femmes,111074
02,14,42,Préfecture,Lacs,Maritime sans Grand Lomé,Total,Rural,Ensemble,213009
02,14,42,Préfecture,Lacs,Maritime sans Grand Lomé,Total,Total,Hommes,115468
02,14,42,Préfecture,Lacs,Maritime sans Grand Lomé,Total,Total,Femmes,125779
02,14,42,Préfecture,Lacs,Maritime sans Grand Lomé,Total,Total,Ensemble,241247
02,15,43,Préfecture,Vo,Maritime sans Grand Lomé,0,Urbain,Hommes,373
02,15,43,Préfecture,Vo,Maritime sans Grand Lomé,0,Urbain,Femmes,371
02,15,43,Préfecture,Vo,Maritime sans Grand Lomé,0,Urbain,Ensemble,744
02,15,43,Préfecture,Vo,Maritime sans Grand Lomé,0,Rural,Hommes,2240
02,15,43,Préfecture,Vo,Maritime sans Grand Lomé,0,Rural,Femmes,2258
02,15,43,Préfecture,Vo,Maritime sans Grand Lomé,0,Rural,Ensemble,4498
02,15,43,Préfecture,Vo,Maritime sans Grand Lomé,0,Total,Hommes,2613
02,15,43,Préfecture,Vo,Maritime sans Grand Lomé,0,Total,Femmes,2629
02,15,43,Préfecture,Vo,Maritime sans Grand Lomé,0,Total,Ensemble,5242
02,15,43,Préfecture,Vo,Maritime sans Grand Lomé,1-4,Urbain,Hommes,1363
02,15,43,Préfecture,Vo,Maritime sans Grand Lomé,1-4,Urbain,Femmes,1413
02,15,43,Préfecture,Vo,Maritime sans Grand Lomé,1-4,Urbain,Ensemble,2776
02,15,43,Préfecture,Vo,Maritime sans Grand Lomé,1-4,Rural,Hommes,10445
02,15,43,Préfecture,Vo,Maritime sans Grand Lomé,1-4,Rural,Femmes,9890
02,15,43,Préfecture,Vo,Maritime sans Grand Lomé,1-4,Rural,Ensemble,20335
02,15,43,Préfecture,Vo,Maritime sans Grand Lomé,1-4,Total,Hommes,11808
02,15,43,Préfecture,Vo,Maritime sans Grand Lomé,1-4,Total,Femmes,11303
02,15,43,Préfecture,Vo,Maritime sans Grand Lomé,1-4,Total,Ensemble,23111
02,15,43,Préfecture,Vo,Maritime sans Grand Lomé,5-9,Urbain,Hommes,1816
02,15,43,Préfecture,Vo,Maritime sans Grand Lomé,5-9,Urbain,Femmes,1795
02,15,43,Préfecture,Vo,Maritime sans Grand Lomé,5-9,Urbain,Ensemble,3611
02,15,43,Préfecture,Vo,Maritime sans Grand Lomé,5-9,Rural,Hommes,15922
02,15,43,Préfecture,Vo,Maritime sans Grand Lomé,5-9,Rural,Femmes,15063
02,15,43,Préfecture,Vo,Maritime sans Grand Lomé,5-9,Rural,Ensemble,30985
02,15,43,Préfecture,Vo,Maritime sans Grand Lomé,5-9,Total,Hommes,17738
02,15,43,Préfecture,Vo,Maritime sans Grand Lomé,5-9,Total,Femmes,16858
02,15,43,Préfecture,Vo,Maritime sans Grand Lomé,5-9,Total,Ensemble,34596
02,15,43,Préfecture,Vo,Maritime sans Grand Lomé,10-14,Urbain,Hommes,1673
02,15,43,Préfecture,Vo,Maritime sans Grand Lomé,10-14,Urbain,Femmes,1609
02,15,43,Préfecture,Vo,Maritime sans Grand Lomé,10-14,Urbain,Ensemble,3282
02,15,43,Préfecture,Vo,Maritime sans Grand Lomé,10-14,Rural,Hommes,15748
02,15,43,Préfecture,Vo,Maritime sans Grand Lomé,10-14,Rural,Femmes,14077
02,15,43,Préfecture,Vo,Maritime sans Grand Lomé,10-14,Rural,Ensemble,29825
02,15,43,Préfecture,Vo,Maritime sans Grand Lomé,10-14,Total,Hommes,17421
02,15,43,Préfecture,Vo,Maritime sans Grand Lomé,10-14,Total,Femmes,15686
02,15,43,Préfecture,Vo,Maritime sans Grand Lomé,10-14,Total,Ensemble,33107
02,15,43,Préfecture,Vo,Maritime sans Grand Lomé,15-19,Urbain,Hommes,1431
02,15,43,Préfecture,Vo,Maritime sans Grand Lomé,15-19,Urbain,Femmes,1339
02,15,43,Préfecture,Vo,Maritime sans Grand Lomé,15-19,Urbain,Ensemble,2770
02,15,43,Préfecture,Vo,Maritime sans Grand Lomé,15-19,Rural,Hommes,10298
02,15,43,Préfecture,Vo,Maritime sans Grand Lomé,15-19,Rural,Femmes,10163
02,15,43,Préfecture,Vo,Maritime sans Grand Lomé,15-19,Rural,Ensemble,20461
02,15,43,Préfecture,Vo,Maritime sans Grand Lomé,15-19,Total,Hommes,11729
02,15,43,Préfecture,Vo,Maritime sans Grand Lomé,15-19,Total,Femmes,11502
02,15,43,Préfecture,Vo,Maritime sans Grand Lomé,15-19,Total,Ensemble,23231
02,15,43,Préfecture,Vo,Maritime sans Grand Lomé,20-24,Urbain,Hommes,723
02,15,43,Préfecture,Vo,Maritime sans Grand Lomé,20-24,Urbain,Femmes,896
02,15,43,Préfecture,Vo,Maritime sans Grand Lomé,20-24,Urbain,Ensemble,1619
02,15,43,Préfecture,Vo,Maritime sans Grand Lomé,20-24,Rural,Hommes,4950
02,15,43,Préfecture,Vo,Maritime sans Grand Lomé,20-24,Rural,Femmes,6555
02,15,43,Préfecture,Vo,Maritime sans Grand Lomé,20-24,Rural,Ensemble,11505
02,15,43,Préfecture,Vo,Maritime sans Grand Lomé,20-24,Total,Hommes,5673
02,15,43,Préfecture,Vo,Maritime sans Grand Lomé,20-24,Total,Femmes,7451
02,15,43,Préfecture,Vo,Maritime sans Grand Lomé,20-24,Total,Ensemble,13124
02,15,43,Préfecture,Vo,Maritime sans Grand Lomé,25-29,Urbain,Hommes,539
02,15,43,Préfecture,Vo,Maritime sans Grand Lomé,25-29,Urbain,Femmes,863
02,15,43,Préfecture,Vo,Maritime sans Grand Lomé,25-29,Urbain,Ensemble,1402
02,15,43,Préfecture,Vo,Maritime sans Grand Lomé,25-29,Rural,Hommes,3415
02,15,43,Préfecture,Vo,Maritime sans Grand Lomé,25-29,Rural,Femmes,5392
02,15,43,Préfecture,Vo,Maritime sans Grand Lomé,25-29,Rural,Ensemble,8807
02,15,43,Préfecture,Vo,Maritime sans Grand Lomé,25-29,Total,Hommes,3954
02,15,43,Préfecture,Vo,Maritime sans Grand Lomé,25-29,Total,Femmes,6255
02,15,43,Préfecture,Vo,Maritime sans Grand Lomé,25-29,Total,Ensemble,10209
02,15,43,Préfecture,Vo,Maritime sans Grand Lomé,30-34,Urbain,Hommes,649
02,15,43,Préfecture,Vo,Maritime sans Grand Lomé,30-34,Urbain,Femmes,973
02,15,43,Préfecture,Vo,Maritime sans Grand Lomé,30-34,Urbain,Ensemble,1622
02,15,43,Préfecture,Vo,Maritime sans Grand Lomé,30-34,Rural,Hommes,3972
02,15,43,Préfecture,Vo,Maritime sans Grand Lomé,30-34,Rural,Femmes,5960
02,15,43,Préfecture,Vo,Maritime sans Grand Lomé,30-34,Rural,Ensemble,9932
02,15,43,Préfecture,Vo,Maritime sans Grand Lomé,30-34,Total,Hommes,4621
02,15,43,Préfecture,Vo,Maritime sans Grand Lomé,30-34,Total,Femmes,6933
02,15,43,Préfecture,Vo,Maritime sans Grand Lomé,30-34,Total,Ensemble,11554
02,15,43,Préfecture,Vo,Maritime sans Grand Lomé,35-39,Urbain,Hommes,667
02,15,43,Préfecture,Vo,Maritime sans Grand Lomé,35-39,Urbain,Femmes,846
02,15,43,Préfecture,Vo,Maritime sans Grand Lomé,35-39,Urbain,Ensemble,1513
02,15,43,Préfecture,Vo,Maritime sans Grand Lomé,35-39,Rural,Hommes,4099
02,15,43,Préfecture,Vo,Maritime sans Grand Lomé,35-39,Rural,Femmes,5548
02,15,43,Préfecture,Vo,Maritime sans Grand Lomé,35-39,Rural,Ensemble,9647
02,15,43,Préfecture,Vo,Maritime sans Grand Lomé,35-39,Total,Hommes,4766
02,15,43,Préfecture,Vo,Maritime sans Grand Lomé,35-39,Total,Femmes,6394
02,15,43,Préfecture,Vo,Maritime sans Grand Lomé,35-39,Total,Ensemble,11160
02,15,43,Préfecture,Vo,Maritime sans Grand Lomé,40-44,Urbain,Hommes,637
02,15,43,Préfecture,Vo,Maritime sans Grand Lomé,40-44,Urbain,Femmes,665
02,15,43,Préfecture,Vo,Maritime sans Grand Lomé,40-44,Urbain,Ensemble,1302
02,15,43,Préfecture,Vo,Maritime sans Grand Lomé,40-44,Rural,Hommes,4300
02,15,43,Préfecture,Vo,Maritime sans Grand Lomé,40-44,Rural,Femmes,5571
02,15,43,Préfecture,Vo,Maritime sans Grand Lomé,40-44,Rural,Ensemble,9871
02,15,43,Préfecture,Vo,Maritime sans Grand Lomé,40-44,Total,Hommes,4937
02,15,43,Préfecture,Vo,Maritime sans Grand Lomé,40-44,Total,Femmes,6236
02,15,43,Préfecture,Vo,Maritime sans Grand Lomé,40-44,Total,Ensemble,11173
02,15,43,Préfecture,Vo,Maritime sans Grand Lomé,45-49,Urbain,Hommes,472
02,15,43,Préfecture,Vo,Maritime sans Grand Lomé,45-49,Urbain,Femmes,437
02,15,43,Préfecture,Vo,Maritime sans Grand Lomé,45-49,Urbain,Ensemble,909
02,15,43,Préfecture,Vo,Maritime sans Grand Lomé,45-49,Rural,Hommes,3655
02,15,43,Préfecture,Vo,Maritime sans Grand Lomé,45-49,Rural,Femmes,4383
02,15,43,Préfecture,Vo,Maritime sans Grand Lomé,45-49,Rural,Ensemble,8038
02,15,43,Préfecture,Vo,Maritime sans Grand Lomé,45-49,Total,Hommes,4127
02,15,43,Préfecture,Vo,Maritime sans Grand Lomé,45-49,Total,Femmes,4820
02,15,43,Préfecture,Vo,Maritime sans Grand Lomé,45-49,Total,Ensemble,8947
02,15,43,Préfecture,Vo,Maritime sans Grand Lomé,50-54,Urbain,Hommes,399
02,15,43,Préfecture,Vo,Maritime sans Grand Lomé,50-54,Urbain,Femmes,406
02,15,43,Préfecture,Vo,Maritime sans Grand Lomé,50-54,Urbain,Ensemble,805
02,15,43,Préfecture,Vo,Maritime sans Grand Lomé,50-54,Rural,Hommes,3426
02,15,43,Préfecture,Vo,Maritime sans Grand Lomé,50-54,Rural,Femmes,4426
02,15,43,Préfecture,Vo,Maritime sans Grand Lomé,50-54,Rural,Ensemble,7852
02,15,43,Préfecture,Vo,Maritime sans Grand Lomé,50-54,Total,Hommes,3825
02,15,43,Préfecture,Vo,Maritime sans Grand Lomé,50-54,Total,Femmes,4832
02,15,43,Préfecture,Vo,Maritime sans Grand Lomé,50-54,Total,Ensemble,8657
02,15,43,Préfecture,Vo,Maritime sans Grand Lomé,55-59,Urbain,Hommes,302
02,15,43,Préfecture,Vo,Maritime sans Grand Lomé,55-59,Urbain,Femmes,320
02,15,43,Préfecture,Vo,Maritime sans Grand Lomé,55-59,Urbain,Ensemble,622
02,15,43,Préfecture,Vo,Maritime sans Grand Lomé,55-59,Rural,Hommes,2335
02,15,43,Préfecture,Vo,Maritime sans Grand Lomé,55-59,Rural,Femmes,2895
02,15,43,Préfecture,Vo,Maritime sans Grand Lomé,55-59,Rural,Ensemble,5230
02,15,43,Préfecture,Vo,Maritime sans Grand Lomé,55-59,Total,Hommes,2637
02,15,43,Préfecture,Vo,Maritime sans Grand Lomé,55-59,Total,Femmes,3215
02,15,43,Préfecture,Vo,Maritime sans Grand Lomé,55-59,Total,Ensemble,5852
02,15,43,Préfecture,Vo,Maritime sans Grand Lomé,60-64,Urbain,Hommes,230
02,15,43,Préfecture,Vo,Maritime sans Grand Lomé,60-64,Urbain,Femmes,318
02,15,43,Préfecture,Vo,Maritime sans Grand Lomé,60-64,Urbain,Ensemble,548
02,15,43,Préfecture,Vo,Maritime sans Grand Lomé,60-64,Rural,Hommes,2366
02,15,43,Préfecture,Vo,Maritime sans Grand Lomé,60-64,Rural,Femmes,3807
02,15,43,Préfecture,Vo,Maritime sans Grand Lomé,60-64,Rural,Ensemble,6173
02,15,43,Préfecture,Vo,Maritime sans Grand Lomé,60-64,Total,Hommes,2596
02,15,43,Préfecture,Vo,Maritime sans Grand Lomé,60-64,Total,Femmes,4125
02,15,43,Préfecture,Vo,Maritime sans Grand Lomé,60-64,Total,Ensemble,6721
02,15,43,Préfecture,Vo,Maritime sans Grand Lomé,65-69,Urbain,Hommes,155
02,15,43,Préfecture,Vo,Maritime sans Grand Lomé,65-69,Urbain,Femmes,231
02,15,43,Préfecture,Vo,Maritime sans Grand Lomé,65-69,Urbain,Ensemble,386
02,15,43,Préfecture,Vo,Maritime sans Grand Lomé,65-69,Rural,Hommes,1480
02,15,43,Préfecture,Vo,Maritime sans Grand Lomé,65-69,Rural,Femmes,2322
02,15,43,Préfecture,Vo,Maritime sans Grand Lomé,65-69,Rural,Ensemble,3802
02,15,43,Préfecture,Vo,Maritime sans Grand Lomé,65-69,Total,Hommes,1635
02,15,43,Préfecture,Vo,Maritime sans Grand Lomé,65-69,Total,Femmes,2553
02,15,43,Préfecture,Vo,Maritime sans Grand Lomé,65-69,Total,Ensemble,4188
02,15,43,Préfecture,Vo,Maritime sans Grand Lomé,70-74,Urbain,Hommes,112
02,15,43,Préfecture,Vo,Maritime sans Grand Lomé,70-74,Urbain,Femmes,210
02,15,43,Préfecture,Vo,Maritime sans Grand Lomé,70-74,Urbain,Ensemble,322
02,15,43,Préfecture,Vo,Maritime sans Grand Lomé,70-74,Rural,Hommes,1430
02,15,43,Préfecture,Vo,Maritime sans Grand Lomé,70-74,Rural,Femmes,2461
02,15,43,Préfecture,Vo,Maritime sans Grand Lomé,70-74,Rural,Ensemble,3891
02,15,43,Préfecture,Vo,Maritime sans Grand Lomé,70-74,Total,Hommes,1542
02,15,43,Préfecture,Vo,Maritime sans Grand Lomé,70-74,Total,Femmes,2671
02,15,43,Préfecture,Vo,Maritime sans Grand Lomé,70-74,Total,Ensemble,4213
02,15,43,Préfecture,Vo,Maritime sans Grand Lomé,75-79,Urbain,Hommes,52
02,15,43,Préfecture,Vo,Maritime sans Grand Lomé,75-79,Urbain,Femmes,128
02,15,43,Préfecture,Vo,Maritime sans Grand Lomé,75-79,Urbain,Ensemble,180
02,15,43,Préfecture,Vo,Maritime sans Grand Lomé,75-79,Rural,Hommes,720
02,15,43,Préfecture,Vo,Maritime sans Grand Lomé,75-79,Rural,Femmes,1435
02,15,43,Préfecture,Vo,Maritime sans Grand Lomé,75-79,Rural,Ensemble,2155
02,15,43,Préfecture,Vo,Maritime sans Grand Lomé,75-79,Total,Hommes,772
02,15,43,Préfecture,Vo,Maritime sans Grand Lomé,75-79,Total,Femmes,1563
02,15,43,Préfecture,Vo,Maritime sans Grand Lomé,75-79,Total,Ensemble,2335
02,15,43,Préfecture,Vo,Maritime sans Grand Lomé,80-84,Urbain,Hommes,39
02,15,43,Préfecture,Vo,Maritime sans Grand Lomé,80-84,Urbain,Femmes,107
02,15,43,Préfecture,Vo,Maritime sans Grand Lomé,80-84,Urbain,Ensemble,146
02,15,43,Préfecture,Vo,Maritime sans Grand Lomé,80-84,Rural,Hommes,674
02,15,43,Préfecture,Vo,Maritime sans Grand Lomé,80-84,Rural,Femmes,1662
02,15,43,Préfecture,Vo,Maritime sans Grand Lomé,80-84,Rural,Ensemble,2336
02,15,43,Préfecture,Vo,Maritime sans Grand Lomé,80-84,Total,Hommes,713
02,15,43,Préfecture,Vo,Maritime sans Grand Lomé,80-84,Total,Femmes,1769
02,15,43,Préfecture,Vo,Maritime sans Grand Lomé,80-84,Total,Ensemble,2482
02,15,43,Préfecture,Vo,Maritime sans Grand Lomé,85 et +,Urbain,Hommes,67
02,15,43,Préfecture,Vo,Maritime sans Grand Lomé,85 et +,Urbain,Femmes,183
02,15,43,Préfecture,Vo,Maritime sans Grand Lomé,85 et +,Urbain,Ensemble,250
02,15,43,Préfecture,Vo,Maritime sans Grand Lomé,85 et +,Rural,Hommes,869
02,15,43,Préfecture,Vo,Maritime sans Grand Lomé,85 et +,Rural,Femmes,2168
02,15,43,Préfecture,Vo,Maritime sans Grand Lomé,85 et +,Rural,Ensemble,3037
02,15,43,Préfecture,Vo,Maritime sans Grand Lomé,85 et +,Total,Hommes,936
02,15,43,Préfecture,Vo,Maritime sans Grand Lomé,85 et +,Total,Femmes,2351
02,15,43,Préfecture,Vo,Maritime sans Grand Lomé,85 et +,Total,Ensemble,3287
02,15,43,Préfecture,Vo,Maritime sans Grand Lomé,ND,Urbain,Hommes,57
02,15,43,Préfecture,Vo,Maritime sans Grand Lomé,ND,Urbain,Femmes,117
02,15,43,Préfecture,Vo,Maritime sans Grand Lomé,ND,Urbain,Ensemble,174
02,15,43,Préfecture,Vo,Maritime sans Grand Lomé,ND,Rural,Hommes,385
02,15,43,Préfecture,Vo,Maritime sans Grand Lomé,ND,Rural,Femmes,663
02,15,43,Préfecture,Vo,Maritime sans Grand Lomé,ND,Rural,Ensemble,1048
02,15,43,Préfecture,Vo,Maritime sans Grand Lomé,ND,Total,Hommes,442
02,15,43,Préfecture,Vo,Maritime sans Grand Lomé,ND,Total,Femmes,780
02,15,43,Préfecture,Vo,Maritime sans Grand Lomé,ND,Total,Ensemble,1222
02,15,43,Préfecture,Vo,Maritime sans Grand Lomé,Total,Urbain,Hommes,11756
02,15,43,Préfecture,Vo,Maritime sans Grand Lomé,Total,Urbain,Femmes,13227
02,15,43,Préfecture,Vo,Maritime sans Grand Lomé,Total,Urbain,Ensemble,24983
02,15,43,Préfecture,Vo,Maritime sans Grand Lomé,Total,Rural,Hommes,92729
02,15,43,Préfecture,Vo,Maritime sans Grand Lomé,Total,Rural,Femmes,106699
02,15,43,Préfecture,Vo,Maritime sans Grand Lomé,Total,Rural,Ensemble,199428
02,15,43,Préfecture,Vo,Maritime sans Grand Lomé,Total,Total,Hommes,104485
02,15,43,Préfecture,Vo,Maritime sans Grand Lomé,Total,Total,Femmes,119926
02,15,43,Préfecture,Vo,Maritime sans Grand Lomé,Total,Total,Ensemble,224411
02,16,44,Préfecture,Avé,Maritime sans Grand Lomé,0,Urbain,Hommes,56
02,16,44,Préfecture,Avé,Maritime sans Grand Lomé,0,Urbain,Femmes,52
02,16,44,Préfecture,Avé,Maritime sans Grand Lomé,0,Urbain,Ensemble,108
02,16,44,Préfecture,Avé,Maritime sans Grand Lomé,0,Rural,Hommes,1220
02,16,44,Préfecture,Avé,Maritime sans Grand Lomé,0,Rural,Femmes,1153
02,16,44,Préfecture,Avé,Maritime sans Grand Lomé,0,Rural,Ensemble,2373
02,16,44,Préfecture,Avé,Maritime sans Grand Lomé,0,Total,Hommes,1276
02,16,44,Préfecture,Avé,Maritime sans Grand Lomé,0,Total,Femmes,1205
02,16,44,Préfecture,Avé,Maritime sans Grand Lomé,0,Total,Ensemble,2481
02,16,44,Préfecture,Avé,Maritime sans Grand Lomé,1-4,Urbain,Hommes,224
02,16,44,Préfecture,Avé,Maritime sans Grand Lomé,1-4,Urbain,Femmes,234
02,16,44,Préfecture,Avé,Maritime sans Grand Lomé,1-4,Urbain,Ensemble,458
02,16,44,Préfecture,Avé,Maritime sans Grand Lomé,1-4,Rural,Hommes,5504
02,16,44,Préfecture,Avé,Maritime sans Grand Lomé,1-4,Rural,Femmes,5461
02,16,44,Préfecture,Avé,Maritime sans Grand Lomé,1-4,Rural,Ensemble,10965
02,16,44,Préfecture,Avé,Maritime sans Grand Lomé,1-4,Total,Hommes,5728
02,16,44,Préfecture,Avé,Maritime sans Grand Lomé,1-4,Total,Femmes,5695
02,16,44,Préfecture,Avé,Maritime sans Grand Lomé,1-4,Total,Ensemble,11423
02,16,44,Préfecture,Avé,Maritime sans Grand Lomé,5-9,Urbain,Hommes,342
02,16,44,Préfecture,Avé,Maritime sans Grand Lomé,5-9,Urbain,Femmes,351
02,16,44,Préfecture,Avé,Maritime sans Grand Lomé,5-9,Urbain,Ensemble,693
02,16,44,Préfecture,Avé,Maritime sans Grand Lomé,5-9,Rural,Hommes,7662
02,16,44,Préfecture,Avé,Maritime sans Grand Lomé,5-9,Rural,Femmes,7236
02,16,44,Préfecture,Avé,Maritime sans Grand Lomé,5-9,Rural,Ensemble,14898
02,16,44,Préfecture,Avé,Maritime sans Grand Lomé,5-9,Total,Hommes,8004
02,16,44,Préfecture,Avé,Maritime sans Grand Lomé,5-9,Total,Femmes,7587
02,16,44,Préfecture,Avé,Maritime sans Grand Lomé,5-9,Total,Ensemble,15591
02,16,44,Préfecture,Avé,Maritime sans Grand Lomé,10-14,Urbain,Hommes,314
02,16,44,Préfecture,Avé,Maritime sans Grand Lomé,10-14,Urbain,Femmes,340
02,16,44,Préfecture,Avé,Maritime sans Grand Lomé,10-14,Urbain,Ensemble,654
02,16,44,Préfecture,Avé,Maritime sans Grand Lomé,10-14,Rural,Hommes,7475
02,16,44,Préfecture,Avé,Maritime sans Grand Lomé,10-14,Rural,Femmes,6817
02,16,44,Préfecture,Avé,Maritime sans Grand Lomé,10-14,Rural,Ensemble,14292
02,16,44,Préfecture,Avé,Maritime sans Grand Lomé,10-14,Total,Hommes,7789
02,16,44,Préfecture,Avé,Maritime sans Grand Lomé,10-14,Total,Femmes,7157
02,16,44,Préfecture,Avé,Maritime sans Grand Lomé,10-14,Total,Ensemble,14946
02,16,44,Préfecture,Avé,Maritime sans Grand Lomé,15-19,Urbain,Hommes,290
02,16,44,Préfecture,Avé,Maritime sans Grand Lomé,15-19,Urbain,Femmes,274
02,16,44,Préfecture,Avé,Maritime sans Grand Lomé,15-19,Urbain,Ensemble,564
02,16,44,Préfecture,Avé,Maritime sans Grand Lomé,15-19,Rural,Hommes,5109
02,16,44,Préfecture,Avé,Maritime sans Grand Lomé,15-19,Rural,Femmes,5030
02,16,44,Préfecture,Avé,Maritime sans Grand Lomé,15-19,Rural,Ensemble,10139
02,16,44,Préfecture,Avé,Maritime sans Grand Lomé,15-19,Total,Hommes,5399
02,16,44,Préfecture,Avé,Maritime sans Grand Lomé,15-19,Total,Femmes,5304
02,16,44,Préfecture,Avé,Maritime sans Grand Lomé,15-19,Total,Ensemble,10703
02,16,44,Préfecture,Avé,Maritime sans Grand Lomé,20-24,Urbain,Hommes,170
02,16,44,Préfecture,Avé,Maritime sans Grand Lomé,20-24,Urbain,Femmes,228
02,16,44,Préfecture,Avé,Maritime sans Grand Lomé,20-24,Urbain,Ensemble,398
02,16,44,Préfecture,Avé,Maritime sans Grand Lomé,20-24,Rural,Hommes,3355
02,16,44,Préfecture,Avé,Maritime sans Grand Lomé,20-24,Rural,Femmes,4145
02,16,44,Préfecture,Avé,Maritime sans Grand Lomé,20-24,Rural,Ensemble,7500
02,16,44,Préfecture,Avé,Maritime sans Grand Lomé,20-24,Total,Hommes,3525
02,16,44,Préfecture,Avé,Maritime sans Grand Lomé,20-24,Total,Femmes,4373
02,16,44,Préfecture,Avé,Maritime sans Grand Lomé,20-24,Total,Ensemble,7898
02,16,44,Préfecture,Avé,Maritime sans Grand Lomé,25-29,Urbain,Hommes,151
02,16,44,Préfecture,Avé,Maritime sans Grand Lomé,25-29,Urbain,Femmes,174
02,16,44,Préfecture,Avé,Maritime sans Grand Lomé,25-29,Urbain,Ensemble,325
02,16,44,Préfecture,Avé,Maritime sans Grand Lomé,25-29,Rural,Hommes,2701
02,16,44,Préfecture,Avé,Maritime sans Grand Lomé,25-29,Rural,Femmes,3686
02,16,44,Préfecture,Avé,Maritime sans Grand Lomé,25-29,Rural,Ensemble,6387
02,16,44,Préfecture,Avé,Maritime sans Grand Lomé,25-29,Total,Hommes,2852
02,16,44,Préfecture,Avé,Maritime sans Grand Lomé,25-29,Total,Femmes,3860
02,16,44,Préfecture,Avé,Maritime sans Grand Lomé,25-29,Total,Ensemble,6712
02,16,44,Préfecture,Avé,Maritime sans Grand Lomé,30-34,Urbain,Hommes,126
02,16,44,Préfecture,Avé,Maritime sans Grand Lomé,30-34,Urbain,Femmes,189
02,16,44,Préfecture,Avé,Maritime sans Grand Lomé,30-34,Urbain,Ensemble,315
02,16,44,Préfecture,Avé,Maritime sans Grand Lomé,30-34,Rural,Hommes,3159
02,16,44,Préfecture,Avé,Maritime sans Grand Lomé,30-34,Rural,Femmes,3823
02,16,44,Préfecture,Avé,Maritime sans Grand Lomé,30-34,Rural,Ensemble,6982
02,16,44,Préfecture,Avé,Maritime sans Grand Lomé,30-34,Total,Hommes,3285
02,16,44,Préfecture,Avé,Maritime sans Grand Lomé,30-34,Total,Femmes,4012
02,16,44,Préfecture,Avé,Maritime sans Grand Lomé,30-34,Total,Ensemble,7297
02,16,44,Préfecture,Avé,Maritime sans Grand Lomé,35-39,Urbain,Hommes,139
02,16,44,Préfecture,Avé,Maritime sans Grand Lomé,35-39,Urbain,Femmes,142
02,16,44,Préfecture,Avé,Maritime sans Grand Lomé,35-39,Urbain,Ensemble,281
02,16,44,Préfecture,Avé,Maritime sans Grand Lomé,35-39,Rural,Hommes,2902
02,16,44,Préfecture,Avé,Maritime sans Grand Lomé,35-39,Rural,Femmes,3393
02,16,44,Préfecture,Avé,Maritime sans Grand Lomé,35-39,Rural,Ensemble,6295
02,16,44,Préfecture,Avé,Maritime sans Grand Lomé,35-39,Total,Hommes,3041
02,16,44,Préfecture,Avé,Maritime sans Grand Lomé,35-39,Total,Femmes,3535
02,16,44,Préfecture,Avé,Maritime sans Grand Lomé,35-39,Total,Ensemble,6576
02,16,44,Préfecture,Avé,Maritime sans Grand Lomé,40-44,Urbain,Hommes,119
02,16,44,Préfecture,Avé,Maritime sans Grand Lomé,40-44,Urbain,Femmes,155
02,16,44,Préfecture,Avé,Maritime sans Grand Lomé,40-44,Urbain,Ensemble,274
02,16,44,Préfecture,Avé,Maritime sans Grand Lomé,40-44,Rural,Hommes,2741
02,16,44,Préfecture,Avé,Maritime sans Grand Lomé,40-44,Rural,Femmes,3013
02,16,44,Préfecture,Avé,Maritime sans Grand Lomé,40-44,Rural,Ensemble,5754
02,16,44,Préfecture,Avé,Maritime sans Grand Lomé,40-44,Total,Hommes,2860
02,16,44,Préfecture,Avé,Maritime sans Grand Lomé,40-44,Total,Femmes,3168
02,16,44,Préfecture,Avé,Maritime sans Grand Lomé,40-44,Total,Ensemble,6028
02,16,44,Préfecture,Avé,Maritime sans Grand Lomé,45-49,Urbain,Hommes,98
02,16,44,Préfecture,Avé,Maritime sans Grand Lomé,45-49,Urbain,Femmes,138
02,16,44,Préfecture,Avé,Maritime sans Grand Lomé,45-49,Urbain,Ensemble,236
02,16,44,Préfecture,Avé,Maritime sans Grand Lomé,45-49,Rural,Hommes,2194
02,16,44,Préfecture,Avé,Maritime sans Grand Lomé,45-49,Rural,Femmes,2251
02,16,44,Préfecture,Avé,Maritime sans Grand Lomé,45-49,Rural,Ensemble,4445
02,16,44,Préfecture,Avé,Maritime sans Grand Lomé,45-49,Total,Hommes,2292
02,16,44,Préfecture,Avé,Maritime sans Grand Lomé,45-49,Total,Femmes,2389
02,16,44,Préfecture,Avé,Maritime sans Grand Lomé,45-49,Total,Ensemble,4681
02,16,44,Préfecture,Avé,Maritime sans Grand Lomé,50-54,Urbain,Hommes,112
02,16,44,Préfecture,Avé,Maritime sans Grand Lomé,50-54,Urbain,Femmes,124
02,16,44,Préfecture,Avé,Maritime sans Grand Lomé,50-54,Urbain,Ensemble,236
02,16,44,Préfecture,Avé,Maritime sans Grand Lomé,50-54,Rural,Hommes,2005
02,16,44,Préfecture,Avé,Maritime sans Grand Lomé,50-54,Rural,Femmes,2346
02,16,44,Préfecture,Avé,Maritime sans Grand Lomé,50-54,Rural,Ensemble,4351
02,16,44,Préfecture,Avé,Maritime sans Grand Lomé,50-54,Total,Hommes,2117
02,16,44,Préfecture,Avé,Maritime sans Grand Lomé,50-54,Total,Femmes,2470
02,16,44,Préfecture,Avé,Maritime sans Grand Lomé,50-54,Total,Ensemble,4587
02,16,44,Préfecture,Avé,Maritime sans Grand Lomé,55-59,Urbain,Hommes,84
02,16,44,Préfecture,Avé,Maritime sans Grand Lomé,55-59,Urbain,Femmes,96
02,16,44,Préfecture,Avé,Maritime sans Grand Lomé,55-59,Urbain,Ensemble,180
02,16,44,Préfecture,Avé,Maritime sans Grand Lomé,55-59,Rural,Hommes,1403
02,16,44,Préfecture,Avé,Maritime sans Grand Lomé,55-59,Rural,Femmes,1574
02,16,44,Préfecture,Avé,Maritime sans Grand Lomé,55-59,Rural,Ensemble,2977
02,16,44,Préfecture,Avé,Maritime sans Grand Lomé,55-59,Total,Hommes,1487
02,16,44,Préfecture,Avé,Maritime sans Grand Lomé,55-59,Total,Femmes,1670
02,16,44,Préfecture,Avé,Maritime sans Grand Lomé,55-59,Total,Ensemble,3157
02,16,44,Préfecture,Avé,Maritime sans Grand Lomé,60-64,Urbain,Hommes,64
02,16,44,Préfecture,Avé,Maritime sans Grand Lomé,60-64,Urbain,Femmes,115
02,16,44,Préfecture,Avé,Maritime sans Grand Lomé,60-64,Urbain,Ensemble,179
02,16,44,Préfecture,Avé,Maritime sans Grand Lomé,60-64,Rural,Hommes,1253
02,16,44,Préfecture,Avé,Maritime sans Grand Lomé,60-64,Rural,Femmes,1646
02,16,44,Préfecture,Avé,Maritime sans Grand Lomé,60-64,Rural,Ensemble,2899
02,16,44,Préfecture,Avé,Maritime sans Grand Lomé,60-64,Total,Hommes,1317
02,16,44,Préfecture,Avé,Maritime sans Grand Lomé,60-64,Total,Femmes,1761
02,16,44,Préfecture,Avé,Maritime sans Grand Lomé,60-64,Total,Ensemble,3078
02,16,44,Préfecture,Avé,Maritime sans Grand Lomé,65-69,Urbain,Hommes,36
02,16,44,Préfecture,Avé,Maritime sans Grand Lomé,65-69,Urbain,Femmes,46
02,16,44,Préfecture,Avé,Maritime sans Grand Lomé,65-69,Urbain,Ensemble,82
02,16,44,Préfecture,Avé,Maritime sans Grand Lomé,65-69,Rural,Hommes,718
02,16,44,Préfecture,Avé,Maritime sans Grand Lomé,65-69,Rural,Femmes,893
02,16,44,Préfecture,Avé,Maritime sans Grand Lomé,65-69,Rural,Ensemble,1611
02,16,44,Préfecture,Avé,Maritime sans Grand Lomé,65-69,Total,Hommes,754
02,16,44,Préfecture,Avé,Maritime sans Grand Lomé,65-69,Total,Femmes,939
02,16,44,Préfecture,Avé,Maritime sans Grand Lomé,65-69,Total,Ensemble,1693
02,16,44,Préfecture,Avé,Maritime sans Grand Lomé,70-74,Urbain,Hommes,30
02,16,44,Préfecture,Avé,Maritime sans Grand Lomé,70-74,Urbain,Femmes,57
02,16,44,Préfecture,Avé,Maritime sans Grand Lomé,70-74,Urbain,Ensemble,87
02,16,44,Préfecture,Avé,Maritime sans Grand Lomé,70-74,Rural,Hommes,607
02,16,44,Préfecture,Avé,Maritime sans Grand Lomé,70-74,Rural,Femmes,937
02,16,44,Préfecture,Avé,Maritime sans Grand Lomé,70-74,Rural,Ensemble,1544
02,16,44,Préfecture,Avé,Maritime sans Grand Lomé,70-74,Total,Hommes,637
02,16,44,Préfecture,Avé,Maritime sans Grand Lomé,70-74,Total,Femmes,994
02,16,44,Préfecture,Avé,Maritime sans Grand Lomé,70-74,Total,Ensemble,1631
02,16,44,Préfecture,Avé,Maritime sans Grand Lomé,75-79,Urbain,Hommes,10
02,16,44,Préfecture,Avé,Maritime sans Grand Lomé,75-79,Urbain,Femmes,25
02,16,44,Préfecture,Avé,Maritime sans Grand Lomé,75-79,Urbain,Ensemble,35
02,16,44,Préfecture,Avé,Maritime sans Grand Lomé,75-79,Rural,Hommes,330
02,16,44,Préfecture,Avé,Maritime sans Grand Lomé,75-79,Rural,Femmes,466
02,16,44,Préfecture,Avé,Maritime sans Grand Lomé,75-79,Rural,Ensemble,796
02,16,44,Préfecture,Avé,Maritime sans Grand Lomé,75-79,Total,Hommes,340
02,16,44,Préfecture,Avé,Maritime sans Grand Lomé,75-79,Total,Femmes,491
02,16,44,Préfecture,Avé,Maritime sans Grand Lomé,75-79,Total,Ensemble,831
02,16,44,Préfecture,Avé,Maritime sans Grand Lomé,80-84,Urbain,Hommes,12
02,16,44,Préfecture,Avé,Maritime sans Grand Lomé,80-84,Urbain,Femmes,33
02,16,44,Préfecture,Avé,Maritime sans Grand Lomé,80-84,Urbain,Ensemble,45
02,16,44,Préfecture,Avé,Maritime sans Grand Lomé,80-84,Rural,Hommes,253
02,16,44,Préfecture,Avé,Maritime sans Grand Lomé,80-84,Rural,Femmes,510
02,16,44,Préfecture,Avé,Maritime sans Grand Lomé,80-84,Rural,Ensemble,763
02,16,44,Préfecture,Avé,Maritime sans Grand Lomé,80-84,Total,Hommes,265
02,16,44,Préfecture,Avé,Maritime sans Grand Lomé,80-84,Total,Femmes,543
02,16,44,Préfecture,Avé,Maritime sans Grand Lomé,80-84,Total,Ensemble,808
02,16,44,Préfecture,Avé,Maritime sans Grand Lomé,85 et +,Urbain,Hommes,6
02,16,44,Préfecture,Avé,Maritime sans Grand Lomé,85 et +,Urbain,Femmes,33
02,16,44,Préfecture,Avé,Maritime sans Grand Lomé,85 et +,Urbain,Ensemble,39
02,16,44,Préfecture,Avé,Maritime sans Grand Lomé,85 et +,Rural,Hommes,281
02,16,44,Préfecture,Avé,Maritime sans Grand Lomé,85 et +,Rural,Femmes,633
02,16,44,Préfecture,Avé,Maritime sans Grand Lomé,85 et +,Rural,Ensemble,914
02,16,44,Préfecture,Avé,Maritime sans Grand Lomé,85 et +,Total,Hommes,287
02,16,44,Préfecture,Avé,Maritime sans Grand Lomé,85 et +,Total,Femmes,666
02,16,44,Préfecture,Avé,Maritime sans Grand Lomé,85 et +,Total,Ensemble,953
02,16,44,Préfecture,Avé,Maritime sans Grand Lomé,ND,Urbain,Hommes,0
02,16,44,Préfecture,Avé,Maritime sans Grand Lomé,ND,Urbain,Femmes,0
02,16,44,Préfecture,Avé,Maritime sans Grand Lomé,ND,Urbain,Ensemble,0
02,16,44,Préfecture,Avé,Maritime sans Grand Lomé,ND,Rural,Hommes,76
02,16,44,Préfecture,Avé,Maritime sans Grand Lomé,ND,Rural,Femmes,64
02,16,44,Préfecture,Avé,Maritime sans Grand Lomé,ND,Rural,Ensemble,140
02,16,44,Préfecture,Avé,Maritime sans Grand Lomé,ND,Total,Hommes,76
02,16,44,Préfecture,Avé,Maritime sans Grand Lomé,ND,Total,Femmes,64
02,16,44,Préfecture,Avé,Maritime sans Grand Lomé,ND,Total,Ensemble,140
02,16,44,Préfecture,Avé,Maritime sans Grand Lomé,Total,Urbain,Hommes,2383
02,16,44,Préfecture,Avé,Maritime sans Grand Lomé,Total,Urbain,Femmes,2806
02,16,44,Préfecture,Avé,Maritime sans Grand Lomé,Total,Urbain,Ensemble,5189
02,16,44,Préfecture,Avé,Maritime sans Grand Lomé,Total,Rural,Hommes,50948
02,16,44,Préfecture,Avé,Maritime sans Grand Lomé,Total,Rural,Femmes,55077
02,16,44,Préfecture,Avé,Maritime sans Grand Lomé,Total,Rural,Ensemble,106025
02,16,44,Préfecture,Avé,Maritime sans Grand Lomé,Total,Total,Hommes,53331
02,16,44,Préfecture,Avé,Maritime sans Grand Lomé,Total,Total,Femmes,57883
02,16,44,Préfecture,Avé,Maritime sans Grand Lomé,Total,Total,Ensemble,111214
02,17,47,Préfecture,Ogou,Plateaux,0,Urbain,Hommes,1200
02,17,47,Préfecture,Ogou,Plateaux,0,Urbain,Femmes,1145
02,17,47,Préfecture,Ogou,Plateaux,0,Urbain,Ensemble,2345
02,17,47,Préfecture,Ogou,Plateaux,0,Rural,Hommes,2429
02,17,47,Préfecture,Ogou,Plateaux,0,Rural,Femmes,2333
02,17,47,Préfecture,Ogou,Plateaux,0,Rural,Ensemble,4762
02,17,47,Préfecture,Ogou,Plateaux,0,Total,Hommes,3629
02,17,47,Préfecture,Ogou,Plateaux,0,Total,Femmes,3478
02,17,47,Préfecture,Ogou,Plateaux,0,Total,Ensemble,7107
02,17,47,Préfecture,Ogou,Plateaux,1-4,Urbain,Hommes,5153
02,17,47,Préfecture,Ogou,Plateaux,1-4,Urbain,Femmes,4640
02,17,47,Préfecture,Ogou,Plateaux,1-4,Urbain,Ensemble,9793
02,17,47,Préfecture,Ogou,Plateaux,1-4,Rural,Hommes,10205
02,17,47,Préfecture,Ogou,Plateaux,1-4,Rural,Femmes,9794
02,17,47,Préfecture,Ogou,Plateaux,1-4,Rural,Ensemble,19999
02,17,47,Préfecture,Ogou,Plateaux,1-4,Total,Hommes,15358
02,17,47,Préfecture,Ogou,Plateaux,1-4,Total,Femmes,14434
02,17,47,Préfecture,Ogou,Plateaux,1-4,Total,Ensemble,29792
02,17,47,Préfecture,Ogou,Plateaux,5-9,Urbain,Hommes,6563
02,17,47,Préfecture,Ogou,Plateaux,5-9,Urbain,Femmes,6586
02,17,47,Préfecture,Ogou,Plateaux,5-9,Urbain,Ensemble,13149
02,17,47,Préfecture,Ogou,Plateaux,5-9,Rural,Hommes,13468
02,17,47,Préfecture,Ogou,Plateaux,5-9,Rural,Femmes,12878
02,17,47,Préfecture,Ogou,Plateaux,5-9,Rural,Ensemble,26346
02,17,47,Préfecture,Ogou,Plateaux,5-9,Total,Hommes,20031
02,17,47,Préfecture,Ogou,Plateaux,5-9,Total,Femmes,19464
02,17,47,Préfecture,Ogou,Plateaux,5-9,Total,Ensemble,39495
02,17,47,Préfecture,Ogou,Plateaux,10-14,Urbain,Hommes,6355
02,17,47,Préfecture,Ogou,Plateaux,10-14,Urbain,Femmes,6778
02,17,47,Préfecture,Ogou,Plateaux,10-14,Urbain,Ensemble,13133
02,17,47,Préfecture,Ogou,Plateaux,10-14,Rural,Hommes,11124
02,17,47,Préfecture,Ogou,Plateaux,10-14,Rural,Femmes,9712
02,17,47,Préfecture,Ogou,Plateaux,10-14,Rural,Ensemble,20836
02,17,47,Préfecture,Ogou,Plateaux,10-14,Total,Hommes,17479
02,17,47,Préfecture,Ogou,Plateaux,10-14,Total,Femmes,16490
02,17,47,Préfecture,Ogou,Plateaux,10-14,Total,Ensemble,33969
02,17,47,Préfecture,Ogou,Plateaux,15-19,Urbain,Hommes,6527
02,17,47,Préfecture,Ogou,Plateaux,15-19,Urbain,Femmes,6371
02,17,47,Préfecture,Ogou,Plateaux,15-19,Urbain,Ensemble,12898
02,17,47,Préfecture,Ogou,Plateaux,15-19,Rural,Hommes,7467
02,17,47,Préfecture,Ogou,Plateaux,15-19,Rural,Femmes,6864
02,17,47,Préfecture,Ogou,Plateaux,15-19,Rural,Ensemble,14331
02,17,47,Préfecture,Ogou,Plateaux,15-19,Total,Hommes,13994
02,17,47,Préfecture,Ogou,Plateaux,15-19,Total,Femmes,13235
02,17,47,Préfecture,Ogou,Plateaux,15-19,Total,Ensemble,27229
02,17,47,Préfecture,Ogou,Plateaux,20-24,Urbain,Hommes,4158
02,17,47,Préfecture,Ogou,Plateaux,20-24,Urbain,Femmes,4641
02,17,47,Préfecture,Ogou,Plateaux,20-24,Urbain,Ensemble,8799
02,17,47,Préfecture,Ogou,Plateaux,20-24,Rural,Hommes,4826
02,17,47,Préfecture,Ogou,Plateaux,20-24,Rural,Femmes,6340
02,17,47,Préfecture,Ogou,Plateaux,20-24,Rural,Ensemble,11166
02,17,47,Préfecture,Ogou,Plateaux,20-24,Total,Hommes,8984
02,17,47,Préfecture,Ogou,Plateaux,20-24,Total,Femmes,10981
02,17,47,Préfecture,Ogou,Plateaux,20-24,Total,Ensemble,19965
02,17,47,Préfecture,Ogou,Plateaux,25-29,Urbain,Hommes,3081
02,17,47,Préfecture,Ogou,Plateaux,25-29,Urbain,Femmes,3787
02,17,47,Préfecture,Ogou,Plateaux,25-29,Urbain,Ensemble,6868
02,17,47,Préfecture,Ogou,Plateaux,25-29,Rural,Hommes,4294
02,17,47,Préfecture,Ogou,Plateaux,25-29,Rural,Femmes,5794
02,17,47,Préfecture,Ogou,Plateaux,25-29,Rural,Ensemble,10088
02,17,47,Préfecture,Ogou,Plateaux,25-29,Total,Hommes,7375
02,17,47,Préfecture,Ogou,Plateaux,25-29,Total,Femmes,9581
02,17,47,Préfecture,Ogou,Plateaux,25-29,Total,Ensemble,16956
02,17,47,Préfecture,Ogou,Plateaux,30-34,Urbain,Hommes,3111
02,17,47,Préfecture,Ogou,Plateaux,30-34,Urbain,Femmes,3746
02,17,47,Préfecture,Ogou,Plateaux,30-34,Urbain,Ensemble,6857
02,17,47,Préfecture,Ogou,Plateaux,30-34,Rural,Hommes,4444
02,17,47,Préfecture,Ogou,Plateaux,30-34,Rural,Femmes,5321
02,17,47,Préfecture,Ogou,Plateaux,30-34,Rural,Ensemble,9765
02,17,47,Préfecture,Ogou,Plateaux,30-34,Total,Hommes,7555
02,17,47,Préfecture,Ogou,Plateaux,30-34,Total,Femmes,9067
02,17,47,Préfecture,Ogou,Plateaux,30-34,Total,Ensemble,16622
02,17,47,Préfecture,Ogou,Plateaux,35-39,Urbain,Hommes,2842
02,17,47,Préfecture,Ogou,Plateaux,35-39,Urbain,Femmes,3077
02,17,47,Préfecture,Ogou,Plateaux,35-39,Urbain,Ensemble,5919
02,17,47,Préfecture,Ogou,Plateaux,35-39,Rural,Hommes,4043
02,17,47,Préfecture,Ogou,Plateaux,35-39,Rural,Femmes,4762
02,17,47,Préfecture,Ogou,Plateaux,35-39,Rural,Ensemble,8805
02,17,47,Préfecture,Ogou,Plateaux,35-39,Total,Hommes,6885
02,17,47,Préfecture,Ogou,Plateaux,35-39,Total,Femmes,7839
02,17,47,Préfecture,Ogou,Plateaux,35-39,Total,Ensemble,14724
02,17,47,Préfecture,Ogou,Plateaux,40-44,Urbain,Hommes,2402
02,17,47,Préfecture,Ogou,Plateaux,40-44,Urbain,Femmes,2356
02,17,47,Préfecture,Ogou,Plateaux,40-44,Urbain,Ensemble,4758
02,17,47,Préfecture,Ogou,Plateaux,40-44,Rural,Hommes,3551
02,17,47,Préfecture,Ogou,Plateaux,40-44,Rural,Femmes,3957
02,17,47,Préfecture,Ogou,Plateaux,40-44,Rural,Ensemble,7508
02,17,47,Préfecture,Ogou,Plateaux,40-44,Total,Hommes,5953
02,17,47,Préfecture,Ogou,Plateaux,40-44,Total,Femmes,6313
02,17,47,Préfecture,Ogou,Plateaux,40-44,Total,Ensemble,12266
02,17,47,Préfecture,Ogou,Plateaux,45-49,Urbain,Hommes,1755
02,17,47,Préfecture,Ogou,Plateaux,45-49,Urbain,Femmes,1755
02,17,47,Préfecture,Ogou,Plateaux,45-49,Urbain,Ensemble,3510
02,17,47,Préfecture,Ogou,Plateaux,45-49,Rural,Hommes,2741
02,17,47,Préfecture,Ogou,Plateaux,45-49,Rural,Femmes,2631
02,17,47,Préfecture,Ogou,Plateaux,45-49,Rural,Ensemble,5372
02,17,47,Préfecture,Ogou,Plateaux,45-49,Total,Hommes,4496
02,17,47,Préfecture,Ogou,Plateaux,45-49,Total,Femmes,4386
02,17,47,Préfecture,Ogou,Plateaux,45-49,Total,Ensemble,8882
02,17,47,Préfecture,Ogou,Plateaux,50-54,Urbain,Hommes,1506
02,17,47,Préfecture,Ogou,Plateaux,50-54,Urbain,Femmes,1513
02,17,47,Préfecture,Ogou,Plateaux,50-54,Urbain,Ensemble,3019
02,17,47,Préfecture,Ogou,Plateaux,50-54,Rural,Hommes,2382
02,17,47,Préfecture,Ogou,Plateaux,50-54,Rural,Femmes,2621
02,17,47,Préfecture,Ogou,Plateaux,50-54,Rural,Ensemble,5003
02,17,47,Préfecture,Ogou,Plateaux,50-54,Total,Hommes,3888
02,17,47,Préfecture,Ogou,Plateaux,50-54,Total,Femmes,4134
02,17,47,Préfecture,Ogou,Plateaux,50-54,Total,Ensemble,8022
02,17,47,Préfecture,Ogou,Plateaux,55-59,Urbain,Hommes,1066
02,17,47,Préfecture,Ogou,Plateaux,55-59,Urbain,Femmes,1080
02,17,47,Préfecture,Ogou,Plateaux,55-59,Urbain,Ensemble,2146
02,17,47,Préfecture,Ogou,Plateaux,55-59,Rural,Hommes,1605
02,17,47,Préfecture,Ogou,Plateaux,55-59,Rural,Femmes,1481
02,17,47,Préfecture,Ogou,Plateaux,55-59,Rural,Ensemble,3086
02,17,47,Préfecture,Ogou,Plateaux,55-59,Total,Hommes,2671
02,17,47,Préfecture,Ogou,Plateaux,55-59,Total,Femmes,2561
02,17,47,Préfecture,Ogou,Plateaux,55-59,Total,Ensemble,5232
02,17,47,Préfecture,Ogou,Plateaux,60-64,Urbain,Hommes,831
02,17,47,Préfecture,Ogou,Plateaux,60-64,Urbain,Femmes,910
02,17,47,Préfecture,Ogou,Plateaux,60-64,Urbain,Ensemble,1741
02,17,47,Préfecture,Ogou,Plateaux,60-64,Rural,Hommes,1280
02,17,47,Préfecture,Ogou,Plateaux,60-64,Rural,Femmes,1540
02,17,47,Préfecture,Ogou,Plateaux,60-64,Rural,Ensemble,2820
02,17,47,Préfecture,Ogou,Plateaux,60-64,Total,Hommes,2111
02,17,47,Préfecture,Ogou,Plateaux,60-64,Total,Femmes,2450
02,17,47,Préfecture,Ogou,Plateaux,60-64,Total,Ensemble,4561
02,17,47,Préfecture,Ogou,Plateaux,65-69,Urbain,Hommes,514
02,17,47,Préfecture,Ogou,Plateaux,65-69,Urbain,Femmes,549
02,17,47,Préfecture,Ogou,Plateaux,65-69,Urbain,Ensemble,1063
02,17,47,Préfecture,Ogou,Plateaux,65-69,Rural,Hommes,660
02,17,47,Préfecture,Ogou,Plateaux,65-69,Rural,Femmes,812
02,17,47,Préfecture,Ogou,Plateaux,65-69,Rural,Ensemble,1472
02,17,47,Préfecture,Ogou,Plateaux,65-69,Total,Hommes,1174
02,17,47,Préfecture,Ogou,Plateaux,65-69,Total,Femmes,1361
02,17,47,Préfecture,Ogou,Plateaux,65-69,Total,Ensemble,2535
02,17,47,Préfecture,Ogou,Plateaux,70-74,Urbain,Hommes,304
02,17,47,Préfecture,Ogou,Plateaux,70-74,Urbain,Femmes,442
02,17,47,Préfecture,Ogou,Plateaux,70-74,Urbain,Ensemble,746
02,17,47,Préfecture,Ogou,Plateaux,70-74,Rural,Hommes,579
02,17,47,Préfecture,Ogou,Plateaux,70-74,Rural,Femmes,763
02,17,47,Préfecture,Ogou,Plateaux,70-74,Rural,Ensemble,1342
02,17,47,Préfecture,Ogou,Plateaux,70-74,Total,Hommes,883
02,17,47,Préfecture,Ogou,Plateaux,70-74,Total,Femmes,1205
02,17,47,Préfecture,Ogou,Plateaux,70-74,Total,Ensemble,2088
02,17,47,Préfecture,Ogou,Plateaux,75-79,Urbain,Hommes,150
02,17,47,Préfecture,Ogou,Plateaux,75-79,Urbain,Femmes,256
02,17,47,Préfecture,Ogou,Plateaux,75-79,Urbain,Ensemble,406
02,17,47,Préfecture,Ogou,Plateaux,75-79,Rural,Hommes,293
02,17,47,Préfecture,Ogou,Plateaux,75-79,Rural,Femmes,405
02,17,47,Préfecture,Ogou,Plateaux,75-79,Rural,Ensemble,698
02,17,47,Préfecture,Ogou,Plateaux,75-79,Total,Hommes,443
02,17,47,Préfecture,Ogou,Plateaux,75-79,Total,Femmes,661
02,17,47,Préfecture,Ogou,Plateaux,75-79,Total,Ensemble,1104
02,17,47,Préfecture,Ogou,Plateaux,80-84,Urbain,Hommes,71
02,17,47,Préfecture,Ogou,Plateaux,80-84,Urbain,Femmes,204
02,17,47,Préfecture,Ogou,Plateaux,80-84,Urbain,Ensemble,275
02,17,47,Préfecture,Ogou,Plateaux,80-84,Rural,Hommes,231
02,17,47,Préfecture,Ogou,Plateaux,80-84,Rural,Femmes,426
02,17,47,Préfecture,Ogou,Plateaux,80-84,Rural,Ensemble,657
02,17,47,Préfecture,Ogou,Plateaux,80-84,Total,Hommes,302
02,17,47,Préfecture,Ogou,Plateaux,80-84,Total,Femmes,630
02,17,47,Préfecture,Ogou,Plateaux,80-84,Total,Ensemble,932
02,17,47,Préfecture,Ogou,Plateaux,85 et +,Urbain,Hommes,86
02,17,47,Préfecture,Ogou,Plateaux,85 et +,Urbain,Femmes,218
02,17,47,Préfecture,Ogou,Plateaux,85 et +,Urbain,Ensemble,304
02,17,47,Préfecture,Ogou,Plateaux,85 et +,Rural,Hommes,270
02,17,47,Préfecture,Ogou,Plateaux,85 et +,Rural,Femmes,445
02,17,47,Préfecture,Ogou,Plateaux,85 et +,Rural,Ensemble,715
02,17,47,Préfecture,Ogou,Plateaux,85 et +,Total,Hommes,356
02,17,47,Préfecture,Ogou,Plateaux,85 et +,Total,Femmes,663
02,17,47,Préfecture,Ogou,Plateaux,85 et +,Total,Ensemble,1019
02,17,47,Préfecture,Ogou,Plateaux,ND,Urbain,Hommes,269
02,17,47,Préfecture,Ogou,Plateaux,ND,Urbain,Femmes,195
02,17,47,Préfecture,Ogou,Plateaux,ND,Urbain,Ensemble,464
02,17,47,Préfecture,Ogou,Plateaux,ND,Rural,Hommes,237
02,17,47,Préfecture,Ogou,Plateaux,ND,Rural,Femmes,266
02,17,47,Préfecture,Ogou,Plateaux,ND,Rural,Ensemble,503
02,17,47,Préfecture,Ogou,Plateaux,ND,Total,Hommes,506
02,17,47,Préfecture,Ogou,Plateaux,ND,Total,Femmes,461
02,17,47,Préfecture,Ogou,Plateaux,ND,Total,Ensemble,967
02,17,47,Préfecture,Ogou,Plateaux,Total,Urbain,Hommes,47944
02,17,47,Préfecture,Ogou,Plateaux,Total,Urbain,Femmes,50249
02,17,47,Préfecture,Ogou,Plateaux,Total,Urbain,Ensemble,98193
02,17,47,Préfecture,Ogou,Plateaux,Total,Rural,Hommes,76129
02,17,47,Préfecture,Ogou,Plateaux,Total,Rural,Femmes,79145
02,17,47,Préfecture,Ogou,Plateaux,Total,Rural,Ensemble,155274
02,17,47,Préfecture,Ogou,Plateaux,Total,Total,Hommes,124073
02,17,47,Préfecture,Ogou,Plateaux,Total,Total,Femmes,129394
02,17,47,Préfecture,Ogou,Plateaux,Total,Total,Ensemble,253467
02,18,48,Préfecture,Moyen-Mono,Plateaux,0,Urbain,Hommes,133
02,18,48,Préfecture,Moyen-Mono,Plateaux,0,Urbain,Femmes,135
02,18,48,Préfecture,Moyen-Mono,Plateaux,0,Urbain,Ensemble,268
02,18,48,Préfecture,Moyen-Mono,Plateaux,0,Rural,Hommes,1400
02,18,48,Préfecture,Moyen-Mono,Plateaux,0,Rural,Femmes,1309
02,18,48,Préfecture,Moyen-Mono,Plateaux,0,Rural,Ensemble,2709
02,18,48,Préfecture,Moyen-Mono,Plateaux,0,Total,Hommes,1533
02,18,48,Préfecture,Moyen-Mono,Plateaux,0,Total,Femmes,1444
02,18,48,Préfecture,Moyen-Mono,Plateaux,0,Total,Ensemble,2977
02,18,48,Préfecture,Moyen-Mono,Plateaux,1-4,Urbain,Hommes,523
02,18,48,Préfecture,Moyen-Mono,Plateaux,1-4,Urbain,Femmes,485
02,18,48,Préfecture,Moyen-Mono,Plateaux,1-4,Urbain,Ensemble,1008
02,18,48,Préfecture,Moyen-Mono,Plateaux,1-4,Rural,Hommes,5276
02,18,48,Préfecture,Moyen-Mono,Plateaux,1-4,Rural,Femmes,5376
02,18,48,Préfecture,Moyen-Mono,Plateaux,1-4,Rural,Ensemble,10652
02,18,48,Préfecture,Moyen-Mono,Plateaux,1-4,Total,Hommes,5799
02,18,48,Préfecture,Moyen-Mono,Plateaux,1-4,Total,Femmes,5861
02,18,48,Préfecture,Moyen-Mono,Plateaux,1-4,Total,Ensemble,11660
02,18,48,Préfecture,Moyen-Mono,Plateaux,5-9,Urbain,Hommes,595
02,18,48,Préfecture,Moyen-Mono,Plateaux,5-9,Urbain,Femmes,636
02,18,48,Préfecture,Moyen-Mono,Plateaux,5-9,Urbain,Ensemble,1231
02,18,48,Préfecture,Moyen-Mono,Plateaux,5-9,Rural,Hommes,7322
02,18,48,Préfecture,Moyen-Mono,Plateaux,5-9,Rural,Femmes,7317
02,18,48,Préfecture,Moyen-Mono,Plateaux,5-9,Rural,Ensemble,14639
02,18,48,Préfecture,Moyen-Mono,Plateaux,5-9,Total,Hommes,7917
02,18,48,Préfecture,Moyen-Mono,Plateaux,5-9,Total,Femmes,7953
02,18,48,Préfecture,Moyen-Mono,Plateaux,5-9,Total,Ensemble,15870
02,18,48,Préfecture,Moyen-Mono,Plateaux,10-14,Urbain,Hommes,523
02,18,48,Préfecture,Moyen-Mono,Plateaux,10-14,Urbain,Femmes,554
02,18,48,Préfecture,Moyen-Mono,Plateaux,10-14,Urbain,Ensemble,1077
02,18,48,Préfecture,Moyen-Mono,Plateaux,10-14,Rural,Hommes,5592
02,18,48,Préfecture,Moyen-Mono,Plateaux,10-14,Rural,Femmes,5236
02,18,48,Préfecture,Moyen-Mono,Plateaux,10-14,Rural,Ensemble,10828
02,18,48,Préfecture,Moyen-Mono,Plateaux,10-14,Total,Hommes,6115
02,18,48,Préfecture,Moyen-Mono,Plateaux,10-14,Total,Femmes,5790
02,18,48,Préfecture,Moyen-Mono,Plateaux,10-14,Total,Ensemble,11905
02,18,48,Préfecture,Moyen-Mono,Plateaux,15-19,Urbain,Hommes,433
02,18,48,Préfecture,Moyen-Mono,Plateaux,15-19,Urbain,Femmes,441
02,18,48,Préfecture,Moyen-Mono,Plateaux,15-19,Urbain,Ensemble,874
02,18,48,Préfecture,Moyen-Mono,Plateaux,15-19,Rural,Hommes,3855
02,18,48,Préfecture,Moyen-Mono,Plateaux,15-19,Rural,Femmes,4029
02,18,48,Préfecture,Moyen-Mono,Plateaux,15-19,Rural,Ensemble,7884
02,18,48,Préfecture,Moyen-Mono,Plateaux,15-19,Total,Hommes,4288
02,18,48,Préfecture,Moyen-Mono,Plateaux,15-19,Total,Femmes,4470
02,18,48,Préfecture,Moyen-Mono,Plateaux,15-19,Total,Ensemble,8758
02,18,48,Préfecture,Moyen-Mono,Plateaux,20-24,Urbain,Hommes,251
02,18,48,Préfecture,Moyen-Mono,Plateaux,20-24,Urbain,Femmes,331
02,18,48,Préfecture,Moyen-Mono,Plateaux,20-24,Urbain,Ensemble,582
02,18,48,Préfecture,Moyen-Mono,Plateaux,20-24,Rural,Hommes,2295
02,18,48,Préfecture,Moyen-Mono,Plateaux,20-24,Rural,Femmes,3639
02,18,48,Préfecture,Moyen-Mono,Plateaux,20-24,Rural,Ensemble,5934
02,18,48,Préfecture,Moyen-Mono,Plateaux,20-24,Total,Hommes,2546
02,18,48,Préfecture,Moyen-Mono,Plateaux,20-24,Total,Femmes,3970
02,18,48,Préfecture,Moyen-Mono,Plateaux,20-24,Total,Ensemble,6516
02,18,48,Préfecture,Moyen-Mono,Plateaux,25-29,Urbain,Hommes,250
02,18,48,Préfecture,Moyen-Mono,Plateaux,25-29,Urbain,Femmes,384
02,18,48,Préfecture,Moyen-Mono,Plateaux,25-29,Urbain,Ensemble,634
02,18,48,Préfecture,Moyen-Mono,Plateaux,25-29,Rural,Hommes,2051
02,18,48,Préfecture,Moyen-Mono,Plateaux,25-29,Rural,Femmes,3168
02,18,48,Préfecture,Moyen-Mono,Plateaux,25-29,Rural,Ensemble,5219
02,18,48,Préfecture,Moyen-Mono,Plateaux,25-29,Total,Hommes,2301
02,18,48,Préfecture,Moyen-Mono,Plateaux,25-29,Total,Femmes,3552
02,18,48,Préfecture,Moyen-Mono,Plateaux,25-29,Total,Ensemble,5853
02,18,48,Préfecture,Moyen-Mono,Plateaux,30-34,Urbain,Hommes,244
02,18,48,Préfecture,Moyen-Mono,Plateaux,30-34,Urbain,Femmes,319
02,18,48,Préfecture,Moyen-Mono,Plateaux,30-34,Urbain,Ensemble,563
02,18,48,Préfecture,Moyen-Mono,Plateaux,30-34,Rural,Hommes,1779
02,18,48,Préfecture,Moyen-Mono,Plateaux,30-34,Rural,Femmes,2759
02,18,48,Préfecture,Moyen-Mono,Plateaux,30-34,Rural,Ensemble,4538
02,18,48,Préfecture,Moyen-Mono,Plateaux,30-34,Total,Hommes,2023
02,18,48,Préfecture,Moyen-Mono,Plateaux,30-34,Total,Femmes,3078
02,18,48,Préfecture,Moyen-Mono,Plateaux,30-34,Total,Ensemble,5101
02,18,48,Préfecture,Moyen-Mono,Plateaux,35-39,Urbain,Hommes,224
02,18,48,Préfecture,Moyen-Mono,Plateaux,35-39,Urbain,Femmes,264
02,18,48,Préfecture,Moyen-Mono,Plateaux,35-39,Urbain,Ensemble,488
02,18,48,Préfecture,Moyen-Mono,Plateaux,35-39,Rural,Hommes,1517
02,18,48,Préfecture,Moyen-Mono,Plateaux,35-39,Rural,Femmes,2488
02,18,48,Préfecture,Moyen-Mono,Plateaux,35-39,Rural,Ensemble,4005
02,18,48,Préfecture,Moyen-Mono,Plateaux,35-39,Total,Hommes,1741
02,18,48,Préfecture,Moyen-Mono,Plateaux,35-39,Total,Femmes,2752
02,18,48,Préfecture,Moyen-Mono,Plateaux,35-39,Total,Ensemble,4493
02,18,48,Préfecture,Moyen-Mono,Plateaux,40-44,Urbain,Hommes,144
02,18,48,Préfecture,Moyen-Mono,Plateaux,40-44,Urbain,Femmes,189
02,18,48,Préfecture,Moyen-Mono,Plateaux,40-44,Urbain,Ensemble,333
02,18,48,Préfecture,Moyen-Mono,Plateaux,40-44,Rural,Hommes,1417
02,18,48,Préfecture,Moyen-Mono,Plateaux,40-44,Rural,Femmes,2319
02,18,48,Préfecture,Moyen-Mono,Plateaux,40-44,Rural,Ensemble,3736
02,18,48,Préfecture,Moyen-Mono,Plateaux,40-44,Total,Hommes,1561
02,18,48,Préfecture,Moyen-Mono,Plateaux,40-44,Total,Femmes,2508
02,18,48,Préfecture,Moyen-Mono,Plateaux,40-44,Total,Ensemble,4069
02,18,48,Préfecture,Moyen-Mono,Plateaux,45-49,Urbain,Hommes,154
02,18,48,Préfecture,Moyen-Mono,Plateaux,45-49,Urbain,Femmes,178
02,18,48,Préfecture,Moyen-Mono,Plateaux,45-49,Urbain,Ensemble,332
02,18,48,Préfecture,Moyen-Mono,Plateaux,45-49,Rural,Hommes,1152
02,18,48,Préfecture,Moyen-Mono,Plateaux,45-49,Rural,Femmes,1588
02,18,48,Préfecture,Moyen-Mono,Plateaux,45-49,Rural,Ensemble,2740
02,18,48,Préfecture,Moyen-Mono,Plateaux,45-49,Total,Hommes,1306
02,18,48,Préfecture,Moyen-Mono,Plateaux,45-49,Total,Femmes,1766
02,18,48,Préfecture,Moyen-Mono,Plateaux,45-49,Total,Ensemble,3072
02,18,48,Préfecture,Moyen-Mono,Plateaux,50-54,Urbain,Hommes,129
02,18,48,Préfecture,Moyen-Mono,Plateaux,50-54,Urbain,Femmes,155
02,18,48,Préfecture,Moyen-Mono,Plateaux,50-54,Urbain,Ensemble,284
02,18,48,Préfecture,Moyen-Mono,Plateaux,50-54,Rural,Hommes,1120
02,18,48,Préfecture,Moyen-Mono,Plateaux,50-54,Rural,Femmes,1457
02,18,48,Préfecture,Moyen-Mono,Plateaux,50-54,Rural,Ensemble,2577
02,18,48,Préfecture,Moyen-Mono,Plateaux,50-54,Total,Hommes,1249
02,18,48,Préfecture,Moyen-Mono,Plateaux,50-54,Total,Femmes,1612
02,18,48,Préfecture,Moyen-Mono,Plateaux,50-54,Total,Ensemble,2861
02,18,48,Préfecture,Moyen-Mono,Plateaux,55-59,Urbain,Hommes,110
02,18,48,Préfecture,Moyen-Mono,Plateaux,55-59,Urbain,Femmes,82
02,18,48,Préfecture,Moyen-Mono,Plateaux,55-59,Urbain,Ensemble,192
02,18,48,Préfecture,Moyen-Mono,Plateaux,55-59,Rural,Hommes,756
02,18,48,Préfecture,Moyen-Mono,Plateaux,55-59,Rural,Femmes,721
02,18,48,Préfecture,Moyen-Mono,Plateaux,55-59,Rural,Ensemble,1477
02,18,48,Préfecture,Moyen-Mono,Plateaux,55-59,Total,Hommes,866
02,18,48,Préfecture,Moyen-Mono,Plateaux,55-59,Total,Femmes,803
02,18,48,Préfecture,Moyen-Mono,Plateaux,55-59,Total,Ensemble,1669
02,18,48,Préfecture,Moyen-Mono,Plateaux,60-64,Urbain,Hommes,63
02,18,48,Préfecture,Moyen-Mono,Plateaux,60-64,Urbain,Femmes,114
02,18,48,Préfecture,Moyen-Mono,Plateaux,60-64,Urbain,Ensemble,177
02,18,48,Préfecture,Moyen-Mono,Plateaux,60-64,Rural,Hommes,653
02,18,48,Préfecture,Moyen-Mono,Plateaux,60-64,Rural,Femmes,958
02,18,48,Préfecture,Moyen-Mono,Plateaux,60-64,Rural,Ensemble,1611
02,18,48,Préfecture,Moyen-Mono,Plateaux,60-64,Total,Hommes,716
02,18,48,Préfecture,Moyen-Mono,Plateaux,60-64,Total,Femmes,1072
02,18,48,Préfecture,Moyen-Mono,Plateaux,60-64,Total,Ensemble,1788
02,18,48,Préfecture,Moyen-Mono,Plateaux,65-69,Urbain,Hommes,30
02,18,48,Préfecture,Moyen-Mono,Plateaux,65-69,Urbain,Femmes,59
02,18,48,Préfecture,Moyen-Mono,Plateaux,65-69,Urbain,Ensemble,89
02,18,48,Préfecture,Moyen-Mono,Plateaux,65-69,Rural,Hommes,263
02,18,48,Préfecture,Moyen-Mono,Plateaux,65-69,Rural,Femmes,413
02,18,48,Préfecture,Moyen-Mono,Plateaux,65-69,Rural,Ensemble,676
02,18,48,Préfecture,Moyen-Mono,Plateaux,65-69,Total,Hommes,293
02,18,48,Préfecture,Moyen-Mono,Plateaux,65-69,Total,Femmes,472
02,18,48,Préfecture,Moyen-Mono,Plateaux,65-69,Total,Ensemble,765
02,18,48,Préfecture,Moyen-Mono,Plateaux,70-74,Urbain,Hommes,23
02,18,48,Préfecture,Moyen-Mono,Plateaux,70-74,Urbain,Femmes,56
02,18,48,Préfecture,Moyen-Mono,Plateaux,70-74,Urbain,Ensemble,79
02,18,48,Préfecture,Moyen-Mono,Plateaux,70-74,Rural,Hommes,279
02,18,48,Préfecture,Moyen-Mono,Plateaux,70-74,Rural,Femmes,456
02,18,48,Préfecture,Moyen-Mono,Plateaux,70-74,Rural,Ensemble,735
02,18,48,Préfecture,Moyen-Mono,Plateaux,70-74,Total,Hommes,302
02,18,48,Préfecture,Moyen-Mono,Plateaux,70-74,Total,Femmes,512
02,18,48,Préfecture,Moyen-Mono,Plateaux,70-74,Total,Ensemble,814
02,18,48,Préfecture,Moyen-Mono,Plateaux,75-79,Urbain,Hommes,36
02,18,48,Préfecture,Moyen-Mono,Plateaux,75-79,Urbain,Femmes,55
02,18,48,Préfecture,Moyen-Mono,Plateaux,75-79,Urbain,Ensemble,91
02,18,48,Préfecture,Moyen-Mono,Plateaux,75-79,Rural,Hommes,161
02,18,48,Préfecture,Moyen-Mono,Plateaux,75-79,Rural,Femmes,294
02,18,48,Préfecture,Moyen-Mono,Plateaux,75-79,Rural,Ensemble,455
02,18,48,Préfecture,Moyen-Mono,Plateaux,75-79,Total,Hommes,197
02,18,48,Préfecture,Moyen-Mono,Plateaux,75-79,Total,Femmes,349
02,18,48,Préfecture,Moyen-Mono,Plateaux,75-79,Total,Ensemble,546
02,18,48,Préfecture,Moyen-Mono,Plateaux,80-84,Urbain,Hommes,18
02,18,48,Préfecture,Moyen-Mono,Plateaux,80-84,Urbain,Femmes,44
02,18,48,Préfecture,Moyen-Mono,Plateaux,80-84,Urbain,Ensemble,62
02,18,48,Préfecture,Moyen-Mono,Plateaux,80-84,Rural,Hommes,213
02,18,48,Préfecture,Moyen-Mono,Plateaux,80-84,Rural,Femmes,453
02,18,48,Préfecture,Moyen-Mono,Plateaux,80-84,Rural,Ensemble,666
02,18,48,Préfecture,Moyen-Mono,Plateaux,80-84,Total,Hommes,231
02,18,48,Préfecture,Moyen-Mono,Plateaux,80-84,Total,Femmes,497
02,18,48,Préfecture,Moyen-Mono,Plateaux,80-84,Total,Ensemble,728
02,18,48,Préfecture,Moyen-Mono,Plateaux,85 et +,Urbain,Hommes,30
02,18,48,Préfecture,Moyen-Mono,Plateaux,85 et +,Urbain,Femmes,55
02,18,48,Préfecture,Moyen-Mono,Plateaux,85 et +,Urbain,Ensemble,85
02,18,48,Préfecture,Moyen-Mono,Plateaux,85 et +,Rural,Hommes,224
02,18,48,Préfecture,Moyen-Mono,Plateaux,85 et +,Rural,Femmes,375
02,18,48,Préfecture,Moyen-Mono,Plateaux,85 et +,Rural,Ensemble,599
02,18,48,Préfecture,Moyen-Mono,Plateaux,85 et +,Total,Hommes,254
02,18,48,Préfecture,Moyen-Mono,Plateaux,85 et +,Total,Femmes,430
02,18,48,Préfecture,Moyen-Mono,Plateaux,85 et +,Total,Ensemble,684
02,18,48,Préfecture,Moyen-Mono,Plateaux,ND,Urbain,Hommes,45
02,18,48,Préfecture,Moyen-Mono,Plateaux,ND,Urbain,Femmes,42
02,18,48,Préfecture,Moyen-Mono,Plateaux,ND,Urbain,Ensemble,87
02,18,48,Préfecture,Moyen-Mono,Plateaux,ND,Rural,Hommes,130
02,18,48,Préfecture,Moyen-Mono,Plateaux,ND,Rural,Femmes,159
02,18,48,Préfecture,Moyen-Mono,Plateaux,ND,Rural,Ensemble,289
02,18,48,Préfecture,Moyen-Mono,Plateaux,ND,Total,Hommes,175
02,18,48,Préfecture,Moyen-Mono,Plateaux,ND,Total,Femmes,201
02,18,48,Préfecture,Moyen-Mono,Plateaux,ND,Total,Ensemble,376
02,18,48,Préfecture,Moyen-Mono,Plateaux,Total,Urbain,Hommes,3958
02,18,48,Préfecture,Moyen-Mono,Plateaux,Total,Urbain,Femmes,4578
02,18,48,Préfecture,Moyen-Mono,Plateaux,Total,Urbain,Ensemble,8536
02,18,48,Préfecture,Moyen-Mono,Plateaux,Total,Rural,Hommes,37455
02,18,48,Préfecture,Moyen-Mono,Plateaux,Total,Rural,Femmes,44514
02,18,48,Préfecture,Moyen-Mono,Plateaux,Total,Rural,Ensemble,81969
02,18,48,Préfecture,Moyen-Mono,Plateaux,Total,Total,Hommes,41413
02,18,48,Préfecture,Moyen-Mono,Plateaux,Total,Total,Femmes,49092
02,18,48,Préfecture,Moyen-Mono,Plateaux,Total,Total,Ensemble,90505
02,19,49,Préfecture,Haho,Plateaux,0,Urbain,Hommes,660
02,19,49,Préfecture,Haho,Plateaux,0,Urbain,Femmes,652
02,19,49,Préfecture,Haho,Plateaux,0,Urbain,Ensemble,1312
02,19,49,Préfecture,Haho,Plateaux,0,Rural,Hommes,3640
02,19,49,Préfecture,Haho,Plateaux,0,Rural,Femmes,3728
02,19,49,Préfecture,Haho,Plateaux,0,Rural,Ensemble,7368
02,19,49,Préfecture,Haho,Plateaux,0,Total,Hommes,4300
02,19,49,Préfecture,Haho,Plateaux,0,Total,Femmes,4380
02,19,49,Préfecture,Haho,Plateaux,0,Total,Ensemble,8680
02,19,49,Préfecture,Haho,Plateaux,1-4,Urbain,Hommes,2548
02,19,49,Préfecture,Haho,Plateaux,1-4,Urbain,Femmes,2478
02,19,49,Préfecture,Haho,Plateaux,1-4,Urbain,Ensemble,5026
02,19,49,Préfecture,Haho,Plateaux,1-4,Rural,Hommes,16781
02,19,49,Préfecture,Haho,Plateaux,1-4,Rural,Femmes,16512
02,19,49,Préfecture,Haho,Plateaux,1-4,Rural,Ensemble,33293
02,19,49,Préfecture,Haho,Plateaux,1-4,Total,Hommes,19329
02,19,49,Préfecture,Haho,Plateaux,1-4,Total,Femmes,18990
02,19,49,Préfecture,Haho,Plateaux,1-4,Total,Ensemble,38319
02,19,49,Préfecture,Haho,Plateaux,5-9,Urbain,Hommes,3170
02,19,49,Préfecture,Haho,Plateaux,5-9,Urbain,Femmes,3132
02,19,49,Préfecture,Haho,Plateaux,5-9,Urbain,Ensemble,6302
02,19,49,Préfecture,Haho,Plateaux,5-9,Rural,Hommes,22700
02,19,49,Préfecture,Haho,Plateaux,5-9,Rural,Femmes,22095
02,19,49,Préfecture,Haho,Plateaux,5-9,Rural,Ensemble,44795
02,19,49,Préfecture,Haho,Plateaux,5-9,Total,Hommes,25870
02,19,49,Préfecture,Haho,Plateaux,5-9,Total,Femmes,25227
02,19,49,Préfecture,Haho,Plateaux,5-9,Total,Ensemble,51097
02,19,49,Préfecture,Haho,Plateaux,10-14,Urbain,Hommes,3279
02,19,49,Préfecture,Haho,Plateaux,10-14,Urbain,Femmes,3450
02,19,49,Préfecture,Haho,Plateaux,10-14,Urbain,Ensemble,6729
02,19,49,Préfecture,Haho,Plateaux,10-14,Rural,Hommes,19644
02,19,49,Préfecture,Haho,Plateaux,10-14,Rural,Femmes,17508
02,19,49,Préfecture,Haho,Plateaux,10-14,Rural,Ensemble,37152
02,19,49,Préfecture,Haho,Plateaux,10-14,Total,Hommes,22923
02,19,49,Préfecture,Haho,Plateaux,10-14,Total,Femmes,20958
02,19,49,Préfecture,Haho,Plateaux,10-14,Total,Ensemble,43881
02,19,49,Préfecture,Haho,Plateaux,15-19,Urbain,Hommes,3471
02,19,49,Préfecture,Haho,Plateaux,15-19,Urbain,Femmes,3492
02,19,49,Préfecture,Haho,Plateaux,15-19,Urbain,Ensemble,6963
02,19,49,Préfecture,Haho,Plateaux,15-19,Rural,Hommes,13489
02,19,49,Préfecture,Haho,Plateaux,15-19,Rural,Femmes,12328
02,19,49,Préfecture,Haho,Plateaux,15-19,Rural,Ensemble,25817
02,19,49,Préfecture,Haho,Plateaux,15-19,Total,Hommes,16960
02,19,49,Préfecture,Haho,Plateaux,15-19,Total,Femmes,15820
02,19,49,Préfecture,Haho,Plateaux,15-19,Total,Ensemble,32780
02,19,49,Préfecture,Haho,Plateaux,20-24,Urbain,Hommes,2183
02,19,49,Préfecture,Haho,Plateaux,20-24,Urbain,Femmes,2552
02,19,49,Préfecture,Haho,Plateaux,20-24,Urbain,Ensemble,4735
02,19,49,Préfecture,Haho,Plateaux,20-24,Rural,Hommes,7793
02,19,49,Préfecture,Haho,Plateaux,20-24,Rural,Femmes,9999
02,19,49,Préfecture,Haho,Plateaux,20-24,Rural,Ensemble,17792
02,19,49,Préfecture,Haho,Plateaux,20-24,Total,Hommes,9976
02,19,49,Préfecture,Haho,Plateaux,20-24,Total,Femmes,12551
02,19,49,Préfecture,Haho,Plateaux,20-24,Total,Ensemble,22527
02,19,49,Préfecture,Haho,Plateaux,25-29,Urbain,Hommes,1503
02,19,49,Préfecture,Haho,Plateaux,25-29,Urbain,Femmes,1949
02,19,49,Préfecture,Haho,Plateaux,25-29,Urbain,Ensemble,3452
02,19,49,Préfecture,Haho,Plateaux,25-29,Rural,Hommes,6425
02,19,49,Préfecture,Haho,Plateaux,25-29,Rural,Femmes,8576
02,19,49,Préfecture,Haho,Plateaux,25-29,Rural,Ensemble,15001
02,19,49,Préfecture,Haho,Plateaux,25-29,Total,Hommes,7928
02,19,49,Préfecture,Haho,Plateaux,25-29,Total,Femmes,10525
02,19,49,Préfecture,Haho,Plateaux,25-29,Total,Ensemble,18453
02,19,49,Préfecture,Haho,Plateaux,30-34,Urbain,Hommes,1518
02,19,49,Préfecture,Haho,Plateaux,30-34,Urbain,Femmes,1770
02,19,49,Préfecture,Haho,Plateaux,30-34,Urbain,Ensemble,3288
02,19,49,Préfecture,Haho,Plateaux,30-34,Rural,Hommes,6382
02,19,49,Préfecture,Haho,Plateaux,30-34,Rural,Femmes,8496
02,19,49,Préfecture,Haho,Plateaux,30-34,Rural,Ensemble,14878
02,19,49,Préfecture,Haho,Plateaux,30-34,Total,Hommes,7900
02,19,49,Préfecture,Haho,Plateaux,30-34,Total,Femmes,10266
02,19,49,Préfecture,Haho,Plateaux,30-34,Total,Ensemble,18166
02,19,49,Préfecture,Haho,Plateaux,35-39,Urbain,Hommes,1247
02,19,49,Préfecture,Haho,Plateaux,35-39,Urbain,Femmes,1499
02,19,49,Préfecture,Haho,Plateaux,35-39,Urbain,Ensemble,2746
02,19,49,Préfecture,Haho,Plateaux,35-39,Rural,Hommes,5624
02,19,49,Préfecture,Haho,Plateaux,35-39,Rural,Femmes,7658
02,19,49,Préfecture,Haho,Plateaux,35-39,Rural,Ensemble,13282
02,19,49,Préfecture,Haho,Plateaux,35-39,Total,Hommes,6871
02,19,49,Préfecture,Haho,Plateaux,35-39,Total,Femmes,9157
02,19,49,Préfecture,Haho,Plateaux,35-39,Total,Ensemble,16028
02,19,49,Préfecture,Haho,Plateaux,40-44,Urbain,Hommes,1094
02,19,49,Préfecture,Haho,Plateaux,40-44,Urbain,Femmes,1159
02,19,49,Préfecture,Haho,Plateaux,40-44,Urbain,Ensemble,2253
02,19,49,Préfecture,Haho,Plateaux,40-44,Rural,Hommes,5178
02,19,49,Préfecture,Haho,Plateaux,40-44,Rural,Femmes,6969
02,19,49,Préfecture,Haho,Plateaux,40-44,Rural,Ensemble,12147
02,19,49,Préfecture,Haho,Plateaux,40-44,Total,Hommes,6272
02,19,49,Préfecture,Haho,Plateaux,40-44,Total,Femmes,8128
02,19,49,Préfecture,Haho,Plateaux,40-44,Total,Ensemble,14400
02,19,49,Préfecture,Haho,Plateaux,45-49,Urbain,Hommes,845
02,19,49,Préfecture,Haho,Plateaux,45-49,Urbain,Femmes,856
02,19,49,Préfecture,Haho,Plateaux,45-49,Urbain,Ensemble,1701
02,19,49,Préfecture,Haho,Plateaux,45-49,Rural,Hommes,4426
02,19,49,Préfecture,Haho,Plateaux,45-49,Rural,Femmes,4801
02,19,49,Préfecture,Haho,Plateaux,45-49,Rural,Ensemble,9227
02,19,49,Préfecture,Haho,Plateaux,45-49,Total,Hommes,5271
02,19,49,Préfecture,Haho,Plateaux,45-49,Total,Femmes,5657
02,19,49,Préfecture,Haho,Plateaux,45-49,Total,Ensemble,10928
02,19,49,Préfecture,Haho,Plateaux,50-54,Urbain,Hommes,727
02,19,49,Préfecture,Haho,Plateaux,50-54,Urbain,Femmes,721
02,19,49,Préfecture,Haho,Plateaux,50-54,Urbain,Ensemble,1448
02,19,49,Préfecture,Haho,Plateaux,50-54,Rural,Hommes,4101
02,19,49,Préfecture,Haho,Plateaux,50-54,Rural,Femmes,4175
02,19,49,Préfecture,Haho,Plateaux,50-54,Rural,Ensemble,8276
02,19,49,Préfecture,Haho,Plateaux,50-54,Total,Hommes,4828
02,19,49,Préfecture,Haho,Plateaux,50-54,Total,Femmes,4896
02,19,49,Préfecture,Haho,Plateaux,50-54,Total,Ensemble,9724
02,19,49,Préfecture,Haho,Plateaux,55-59,Urbain,Hommes,511
02,19,49,Préfecture,Haho,Plateaux,55-59,Urbain,Femmes,553
02,19,49,Préfecture,Haho,Plateaux,55-59,Urbain,Ensemble,1064
02,19,49,Préfecture,Haho,Plateaux,55-59,Rural,Hommes,2631
02,19,49,Préfecture,Haho,Plateaux,55-59,Rural,Femmes,2255
02,19,49,Préfecture,Haho,Plateaux,55-59,Rural,Ensemble,4886
02,19,49,Préfecture,Haho,Plateaux,55-59,Total,Hommes,3142
02,19,49,Préfecture,Haho,Plateaux,55-59,Total,Femmes,2808
02,19,49,Préfecture,Haho,Plateaux,55-59,Total,Ensemble,5950
02,19,49,Préfecture,Haho,Plateaux,60-64,Urbain,Hommes,404
02,19,49,Préfecture,Haho,Plateaux,60-64,Urbain,Femmes,411
02,19,49,Préfecture,Haho,Plateaux,60-64,Urbain,Ensemble,815
02,19,49,Préfecture,Haho,Plateaux,60-64,Rural,Hommes,2067
02,19,49,Préfecture,Haho,Plateaux,60-64,Rural,Femmes,2273
02,19,49,Préfecture,Haho,Plateaux,60-64,Rural,Ensemble,4340
02,19,49,Préfecture,Haho,Plateaux,60-64,Total,Hommes,2471
02,19,49,Préfecture,Haho,Plateaux,60-64,Total,Femmes,2684
02,19,49,Préfecture,Haho,Plateaux,60-64,Total,Ensemble,5155
02,19,49,Préfecture,Haho,Plateaux,65-69,Urbain,Hommes,212
02,19,49,Préfecture,Haho,Plateaux,65-69,Urbain,Femmes,225
02,19,49,Préfecture,Haho,Plateaux,65-69,Urbain,Ensemble,437
02,19,49,Préfecture,Haho,Plateaux,65-69,Rural,Hommes,947
02,19,49,Préfecture,Haho,Plateaux,65-69,Rural,Femmes,1042
02,19,49,Préfecture,Haho,Plateaux,65-69,Rural,Ensemble,1989
02,19,49,Préfecture,Haho,Plateaux,65-69,Total,Hommes,1159
02,19,49,Préfecture,Haho,Plateaux,65-69,Total,Femmes,1267
02,19,49,Préfecture,Haho,Plateaux,65-69,Total,Ensemble,2426
02,19,49,Préfecture,Haho,Plateaux,70-74,Urbain,Hommes,137
02,19,49,Préfecture,Haho,Plateaux,70-74,Urbain,Femmes,192
02,19,49,Préfecture,Haho,Plateaux,70-74,Urbain,Ensemble,329
02,19,49,Préfecture,Haho,Plateaux,70-74,Rural,Hommes,815
02,19,49,Préfecture,Haho,Plateaux,70-74,Rural,Femmes,1021
02,19,49,Préfecture,Haho,Plateaux,70-74,Rural,Ensemble,1836
02,19,49,Préfecture,Haho,Plateaux,70-74,Total,Hommes,952
02,19,49,Préfecture,Haho,Plateaux,70-74,Total,Femmes,1213
02,19,49,Préfecture,Haho,Plateaux,70-74,Total,Ensemble,2165
02,19,49,Préfecture,Haho,Plateaux,75-79,Urbain,Hommes,64
02,19,49,Préfecture,Haho,Plateaux,75-79,Urbain,Femmes,101
02,19,49,Préfecture,Haho,Plateaux,75-79,Urbain,Ensemble,165
02,19,49,Préfecture,Haho,Plateaux,75-79,Rural,Hommes,395
02,19,49,Préfecture,Haho,Plateaux,75-79,Rural,Femmes,488
02,19,49,Préfecture,Haho,Plateaux,75-79,Rural,Ensemble,883
02,19,49,Préfecture,Haho,Plateaux,75-79,Total,Hommes,459
02,19,49,Préfecture,Haho,Plateaux,75-79,Total,Femmes,589
02,19,49,Préfecture,Haho,Plateaux,75-79,Total,Ensemble,1048
02,19,49,Préfecture,Haho,Plateaux,80-84,Urbain,Hommes,46
02,19,49,Préfecture,Haho,Plateaux,80-84,Urbain,Femmes,96
02,19,49,Préfecture,Haho,Plateaux,80-84,Urbain,Ensemble,142
02,19,49,Préfecture,Haho,Plateaux,80-84,Rural,Hommes,364
02,19,49,Préfecture,Haho,Plateaux,80-84,Rural,Femmes,548
02,19,49,Préfecture,Haho,Plateaux,80-84,Rural,Ensemble,912
02,19,49,Préfecture,Haho,Plateaux,80-84,Total,Hommes,410
02,19,49,Préfecture,Haho,Plateaux,80-84,Total,Femmes,644
02,19,49,Préfecture,Haho,Plateaux,80-84,Total,Ensemble,1054
02,19,49,Préfecture,Haho,Plateaux,85 et +,Urbain,Hommes,28
02,19,49,Préfecture,Haho,Plateaux,85 et +,Urbain,Femmes,92
02,19,49,Préfecture,Haho,Plateaux,85 et +,Urbain,Ensemble,120
02,19,49,Préfecture,Haho,Plateaux,85 et +,Rural,Hommes,422
02,19,49,Préfecture,Haho,Plateaux,85 et +,Rural,Femmes,602
02,19,49,Préfecture,Haho,Plateaux,85 et +,Rural,Ensemble,1024
02,19,49,Préfecture,Haho,Plateaux,85 et +,Total,Hommes,450
02,19,49,Préfecture,Haho,Plateaux,85 et +,Total,Femmes,694
02,19,49,Préfecture,Haho,Plateaux,85 et +,Total,Ensemble,1144
02,19,49,Préfecture,Haho,Plateaux,ND,Urbain,Hommes,64
02,19,49,Préfecture,Haho,Plateaux,ND,Urbain,Femmes,52
02,19,49,Préfecture,Haho,Plateaux,ND,Urbain,Ensemble,116
02,19,49,Préfecture,Haho,Plateaux,ND,Rural,Hommes,494
02,19,49,Préfecture,Haho,Plateaux,ND,Rural,Femmes,561
02,19,49,Préfecture,Haho,Plateaux,ND,Rural,Ensemble,1055
02,19,49,Préfecture,Haho,Plateaux,ND,Total,Hommes,558
02,19,49,Préfecture,Haho,Plateaux,ND,Total,Femmes,613
02,19,49,Préfecture,Haho,Plateaux,ND,Total,Ensemble,1171
02,19,49,Préfecture,Haho,Plateaux,Total,Urbain,Hommes,23711
02,19,49,Préfecture,Haho,Plateaux,Total,Urbain,Femmes,25432
02,19,49,Préfecture,Haho,Plateaux,Total,Urbain,Ensemble,49143
02,19,49,Préfecture,Haho,Plateaux,Total,Rural,Hommes,124318
02,19,49,Préfecture,Haho,Plateaux,Total,Rural,Femmes,131635
02,19,49,Préfecture,Haho,Plateaux,Total,Rural,Ensemble,255953
02,19,49,Préfecture,Haho,Plateaux,Total,Total,Hommes,148029
02,19,49,Préfecture,Haho,Plateaux,Total,Total,Femmes,157067
02,19,49,Préfecture,Haho,Plateaux,Total,Total,Ensemble,305096
02,20,50,Préfecture,Agou,Plateaux,0,Urbain,Hommes,60
02,20,50,Préfecture,Agou,Plateaux,0,Urbain,Femmes,50
02,20,50,Préfecture,Agou,Plateaux,0,Urbain,Ensemble,110
02,20,50,Préfecture,Agou,Plateaux,0,Rural,Hommes,999
02,20,50,Préfecture,Agou,Plateaux,0,Rural,Femmes,911
02,20,50,Préfecture,Agou,Plateaux,0,Rural,Ensemble,1910
02,20,50,Préfecture,Agou,Plateaux,0,Total,Hommes,1059
02,20,50,Préfecture,Agou,Plateaux,0,Total,Femmes,961
02,20,50,Préfecture,Agou,Plateaux,0,Total,Ensemble,2020
02,20,50,Préfecture,Agou,Plateaux,1-4,Urbain,Hommes,230
02,20,50,Préfecture,Agou,Plateaux,1-4,Urbain,Femmes,184
02,20,50,Préfecture,Agou,Plateaux,1-4,Urbain,Ensemble,414
02,20,50,Préfecture,Agou,Plateaux,1-4,Rural,Hommes,4286
02,20,50,Préfecture,Agou,Plateaux,1-4,Rural,Femmes,3979
02,20,50,Préfecture,Agou,Plateaux,1-4,Rural,Ensemble,8265
02,20,50,Préfecture,Agou,Plateaux,1-4,Total,Hommes,4516
02,20,50,Préfecture,Agou,Plateaux,1-4,Total,Femmes,4163
02,20,50,Préfecture,Agou,Plateaux,1-4,Total,Ensemble,8679
02,20,50,Préfecture,Agou,Plateaux,5-9,Urbain,Hommes,279
02,20,50,Préfecture,Agou,Plateaux,5-9,Urbain,Femmes,285
02,20,50,Préfecture,Agou,Plateaux,5-9,Urbain,Ensemble,564
02,20,50,Préfecture,Agou,Plateaux,5-9,Rural,Hommes,5926
02,20,50,Préfecture,Agou,Plateaux,5-9,Rural,Femmes,5498
02,20,50,Préfecture,Agou,Plateaux,5-9,Rural,Ensemble,11424
02,20,50,Préfecture,Agou,Plateaux,5-9,Total,Hommes,6205
02,20,50,Préfecture,Agou,Plateaux,5-9,Total,Femmes,5783
02,20,50,Préfecture,Agou,Plateaux,5-9,Total,Ensemble,11988
02,20,50,Préfecture,Agou,Plateaux,10-14,Urbain,Hommes,308
02,20,50,Préfecture,Agou,Plateaux,10-14,Urbain,Femmes,287
02,20,50,Préfecture,Agou,Plateaux,10-14,Urbain,Ensemble,595
02,20,50,Préfecture,Agou,Plateaux,10-14,Rural,Hommes,6037
02,20,50,Préfecture,Agou,Plateaux,10-14,Rural,Femmes,5062
02,20,50,Préfecture,Agou,Plateaux,10-14,Rural,Ensemble,11099
02,20,50,Préfecture,Agou,Plateaux,10-14,Total,Hommes,6345
02,20,50,Préfecture,Agou,Plateaux,10-14,Total,Femmes,5349
02,20,50,Préfecture,Agou,Plateaux,10-14,Total,Ensemble,11694
02,20,50,Préfecture,Agou,Plateaux,15-19,Urbain,Hommes,273
02,20,50,Préfecture,Agou,Plateaux,15-19,Urbain,Femmes,294
02,20,50,Préfecture,Agou,Plateaux,15-19,Urbain,Ensemble,567
02,20,50,Préfecture,Agou,Plateaux,15-19,Rural,Hommes,3873
02,20,50,Préfecture,Agou,Plateaux,15-19,Rural,Femmes,3530
02,20,50,Préfecture,Agou,Plateaux,15-19,Rural,Ensemble,7403
02,20,50,Préfecture,Agou,Plateaux,15-19,Total,Hommes,4146
02,20,50,Préfecture,Agou,Plateaux,15-19,Total,Femmes,3824
02,20,50,Préfecture,Agou,Plateaux,15-19,Total,Ensemble,7970
02,20,50,Préfecture,Agou,Plateaux,20-24,Urbain,Hommes,154
02,20,50,Préfecture,Agou,Plateaux,20-24,Urbain,Femmes,197
02,20,50,Préfecture,Agou,Plateaux,20-24,Urbain,Ensemble,351
02,20,50,Préfecture,Agou,Plateaux,20-24,Rural,Hommes,2334
02,20,50,Préfecture,Agou,Plateaux,20-24,Rural,Femmes,2721
02,20,50,Préfecture,Agou,Plateaux,20-24,Rural,Ensemble,5055
02,20,50,Préfecture,Agou,Plateaux,20-24,Total,Hommes,2488
02,20,50,Préfecture,Agou,Plateaux,20-24,Total,Femmes,2918
02,20,50,Préfecture,Agou,Plateaux,20-24,Total,Ensemble,5406
02,20,50,Préfecture,Agou,Plateaux,25-29,Urbain,Hommes,106
02,20,50,Préfecture,Agou,Plateaux,25-29,Urbain,Femmes,150
02,20,50,Préfecture,Agou,Plateaux,25-29,Urbain,Ensemble,256
02,20,50,Préfecture,Agou,Plateaux,25-29,Rural,Hommes,1784
02,20,50,Préfecture,Agou,Plateaux,25-29,Rural,Femmes,2432
02,20,50,Préfecture,Agou,Plateaux,25-29,Rural,Ensemble,4216
02,20,50,Préfecture,Agou,Plateaux,25-29,Total,Hommes,1890
02,20,50,Préfecture,Agou,Plateaux,25-29,Total,Femmes,2582
02,20,50,Préfecture,Agou,Plateaux,25-29,Total,Ensemble,4472
02,20,50,Préfecture,Agou,Plateaux,30-34,Urbain,Hommes,122
02,20,50,Préfecture,Agou,Plateaux,30-34,Urbain,Femmes,153
02,20,50,Préfecture,Agou,Plateaux,30-34,Urbain,Ensemble,275
02,20,50,Préfecture,Agou,Plateaux,30-34,Rural,Hommes,2233
02,20,50,Préfecture,Agou,Plateaux,30-34,Rural,Femmes,2526
02,20,50,Préfecture,Agou,Plateaux,30-34,Rural,Ensemble,4759
02,20,50,Préfecture,Agou,Plateaux,30-34,Total,Hommes,2355
02,20,50,Préfecture,Agou,Plateaux,30-34,Total,Femmes,2679
02,20,50,Préfecture,Agou,Plateaux,30-34,Total,Ensemble,5034
02,20,50,Préfecture,Agou,Plateaux,35-39,Urbain,Hommes,136
02,20,50,Préfecture,Agou,Plateaux,35-39,Urbain,Femmes,144
02,20,50,Préfecture,Agou,Plateaux,35-39,Urbain,Ensemble,280
02,20,50,Préfecture,Agou,Plateaux,35-39,Rural,Hommes,2134
02,20,50,Préfecture,Agou,Plateaux,35-39,Rural,Femmes,2603
02,20,50,Préfecture,Agou,Plateaux,35-39,Rural,Ensemble,4737
02,20,50,Préfecture,Agou,Plateaux,35-39,Total,Hommes,2270
02,20,50,Préfecture,Agou,Plateaux,35-39,Total,Femmes,2747
02,20,50,Préfecture,Agou,Plateaux,35-39,Total,Ensemble,5017
02,20,50,Préfecture,Agou,Plateaux,40-44,Urbain,Hommes,98
02,20,50,Préfecture,Agou,Plateaux,40-44,Urbain,Femmes,137
02,20,50,Préfecture,Agou,Plateaux,40-44,Urbain,Ensemble,235
02,20,50,Préfecture,Agou,Plateaux,40-44,Rural,Hommes,2077
02,20,50,Préfecture,Agou,Plateaux,40-44,Rural,Femmes,2330
02,20,50,Préfecture,Agou,Plateaux,40-44,Rural,Ensemble,4407
02,20,50,Préfecture,Agou,Plateaux,40-44,Total,Hommes,2175
02,20,50,Préfecture,Agou,Plateaux,40-44,Total,Femmes,2467
02,20,50,Préfecture,Agou,Plateaux,40-44,Total,Ensemble,4642
02,20,50,Préfecture,Agou,Plateaux,45-49,Urbain,Hommes,124
02,20,50,Préfecture,Agou,Plateaux,45-49,Urbain,Femmes,85
02,20,50,Préfecture,Agou,Plateaux,45-49,Urbain,Ensemble,209
02,20,50,Préfecture,Agou,Plateaux,45-49,Rural,Hommes,1894
02,20,50,Préfecture,Agou,Plateaux,45-49,Rural,Femmes,1987
02,20,50,Préfecture,Agou,Plateaux,45-49,Rural,Ensemble,3881
02,20,50,Préfecture,Agou,Plateaux,45-49,Total,Hommes,2018
02,20,50,Préfecture,Agou,Plateaux,45-49,Total,Femmes,2072
02,20,50,Préfecture,Agou,Plateaux,45-49,Total,Ensemble,4090
02,20,50,Préfecture,Agou,Plateaux,50-54,Urbain,Hommes,84
02,20,50,Préfecture,Agou,Plateaux,50-54,Urbain,Femmes,87
02,20,50,Préfecture,Agou,Plateaux,50-54,Urbain,Ensemble,171
02,20,50,Préfecture,Agou,Plateaux,50-54,Rural,Hommes,1841
02,20,50,Préfecture,Agou,Plateaux,50-54,Rural,Femmes,1874
02,20,50,Préfecture,Agou,Plateaux,50-54,Rural,Ensemble,3715
02,20,50,Préfecture,Agou,Plateaux,50-54,Total,Hommes,1925
02,20,50,Préfecture,Agou,Plateaux,50-54,Total,Femmes,1961
02,20,50,Préfecture,Agou,Plateaux,50-54,Total,Ensemble,3886
02,20,50,Préfecture,Agou,Plateaux,55-59,Urbain,Hommes,67
02,20,50,Préfecture,Agou,Plateaux,55-59,Urbain,Femmes,74
02,20,50,Préfecture,Agou,Plateaux,55-59,Urbain,Ensemble,141
02,20,50,Préfecture,Agou,Plateaux,55-59,Rural,Hommes,1446
02,20,50,Préfecture,Agou,Plateaux,55-59,Rural,Femmes,1379
02,20,50,Préfecture,Agou,Plateaux,55-59,Rural,Ensemble,2825
02,20,50,Préfecture,Agou,Plateaux,55-59,Total,Hommes,1513
02,20,50,Préfecture,Agou,Plateaux,55-59,Total,Femmes,1453
02,20,50,Préfecture,Agou,Plateaux,55-59,Total,Ensemble,2966
02,20,50,Préfecture,Agou,Plateaux,60-64,Urbain,Hommes,63
02,20,50,Préfecture,Agou,Plateaux,60-64,Urbain,Femmes,75
02,20,50,Préfecture,Agou,Plateaux,60-64,Urbain,Ensemble,138
02,20,50,Préfecture,Agou,Plateaux,60-64,Rural,Hommes,1191
02,20,50,Préfecture,Agou,Plateaux,60-64,Rural,Femmes,1362
02,20,50,Préfecture,Agou,Plateaux,60-64,Rural,Ensemble,2553
02,20,50,Préfecture,Agou,Plateaux,60-64,Total,Hommes,1254
02,20,50,Préfecture,Agou,Plateaux,60-64,Total,Femmes,1437
02,20,50,Préfecture,Agou,Plateaux,60-64,Total,Ensemble,2691
02,20,50,Préfecture,Agou,Plateaux,65-69,Urbain,Hommes,40
02,20,50,Préfecture,Agou,Plateaux,65-69,Urbain,Femmes,49
02,20,50,Préfecture,Agou,Plateaux,65-69,Urbain,Ensemble,89
02,20,50,Préfecture,Agou,Plateaux,65-69,Rural,Hommes,770
02,20,50,Préfecture,Agou,Plateaux,65-69,Rural,Femmes,833
02,20,50,Préfecture,Agou,Plateaux,65-69,Rural,Ensemble,1603
02,20,50,Préfecture,Agou,Plateaux,65-69,Total,Hommes,810
02,20,50,Préfecture,Agou,Plateaux,65-69,Total,Femmes,882
02,20,50,Préfecture,Agou,Plateaux,65-69,Total,Ensemble,1692
02,20,50,Préfecture,Agou,Plateaux,70-74,Urbain,Hommes,31
02,20,50,Préfecture,Agou,Plateaux,70-74,Urbain,Femmes,50
02,20,50,Préfecture,Agou,Plateaux,70-74,Urbain,Ensemble,81
02,20,50,Préfecture,Agou,Plateaux,70-74,Rural,Hommes,581
02,20,50,Préfecture,Agou,Plateaux,70-74,Rural,Femmes,723
02,20,50,Préfecture,Agou,Plateaux,70-74,Rural,Ensemble,1304
02,20,50,Préfecture,Agou,Plateaux,70-74,Total,Hommes,612
02,20,50,Préfecture,Agou,Plateaux,70-74,Total,Femmes,773
02,20,50,Préfecture,Agou,Plateaux,70-74,Total,Ensemble,1385
02,20,50,Préfecture,Agou,Plateaux,75-79,Urbain,Hommes,14
02,20,50,Préfecture,Agou,Plateaux,75-79,Urbain,Femmes,25
02,20,50,Préfecture,Agou,Plateaux,75-79,Urbain,Ensemble,39
02,20,50,Préfecture,Agou,Plateaux,75-79,Rural,Hommes,360
02,20,50,Préfecture,Agou,Plateaux,75-79,Rural,Femmes,420
02,20,50,Préfecture,Agou,Plateaux,75-79,Rural,Ensemble,780
02,20,50,Préfecture,Agou,Plateaux,75-79,Total,Hommes,374
02,20,50,Préfecture,Agou,Plateaux,75-79,Total,Femmes,445
02,20,50,Préfecture,Agou,Plateaux,75-79,Total,Ensemble,819
02,20,50,Préfecture,Agou,Plateaux,80-84,Urbain,Hommes,4
02,20,50,Préfecture,Agou,Plateaux,80-84,Urbain,Femmes,15
02,20,50,Préfecture,Agou,Plateaux,80-84,Urbain,Ensemble,19
02,20,50,Préfecture,Agou,Plateaux,80-84,Rural,Hommes,229
02,20,50,Préfecture,Agou,Plateaux,80-84,Rural,Femmes,378
02,20,50,Préfecture,Agou,Plateaux,80-84,Rural,Ensemble,607
02,20,50,Préfecture,Agou,Plateaux,80-84,Total,Hommes,233
02,20,50,Préfecture,Agou,Plateaux,80-84,Total,Femmes,393
02,20,50,Préfecture,Agou,Plateaux,80-84,Total,Ensemble,626
02,20,50,Préfecture,Agou,Plateaux,85 et +,Urbain,Hommes,6
02,20,50,Préfecture,Agou,Plateaux,85 et +,Urbain,Femmes,14
02,20,50,Préfecture,Agou,Plateaux,85 et +,Urbain,Ensemble,20
02,20,50,Préfecture,Agou,Plateaux,85 et +,Rural,Hommes,226
02,20,50,Préfecture,Agou,Plateaux,85 et +,Rural,Femmes,415
02,20,50,Préfecture,Agou,Plateaux,85 et +,Rural,Ensemble,641
02,20,50,Préfecture,Agou,Plateaux,85 et +,Total,Hommes,232
02,20,50,Préfecture,Agou,Plateaux,85 et +,Total,Femmes,429
02,20,50,Préfecture,Agou,Plateaux,85 et +,Total,Ensemble,661
02,20,50,Préfecture,Agou,Plateaux,ND,Urbain,Hommes,0
02,20,50,Préfecture,Agou,Plateaux,ND,Urbain,Femmes,0
02,20,50,Préfecture,Agou,Plateaux,ND,Urbain,Ensemble,0
02,20,50,Préfecture,Agou,Plateaux,ND,Rural,Hommes,29
02,20,50,Préfecture,Agou,Plateaux,ND,Rural,Femmes,26
02,20,50,Préfecture,Agou,Plateaux,ND,Rural,Ensemble,55
02,20,50,Préfecture,Agou,Plateaux,ND,Total,Hommes,29
02,20,50,Préfecture,Agou,Plateaux,ND,Total,Femmes,26
02,20,50,Préfecture,Agou,Plateaux,ND,Total,Ensemble,55
02,20,50,Préfecture,Agou,Plateaux,Total,Urbain,Hommes,2199
02,20,50,Préfecture,Agou,Plateaux,Total,Urbain,Femmes,2355
02,20,50,Préfecture,Agou,Plateaux,Total,Urbain,Ensemble,4554
02,20,50,Préfecture,Agou,Plateaux,Total,Rural,Hommes,40250
02,20,50,Préfecture,Agou,Plateaux,Total,Rural,Femmes,40989
02,20,50,Préfecture,Agou,Plateaux,Total,Rural,Ensemble,81239
02,20,50,Préfecture,Agou,Plateaux,Total,Total,Hommes,42449
02,20,50,Préfecture,Agou,Plateaux,Total,Total,Femmes,43344
02,20,50,Préfecture,Agou,Plateaux,Total,Total,Ensemble,85793
02,21,51,Préfecture,Kloto,Plateaux,0,Urbain,Hommes,1124
02,21,51,Préfecture,Kloto,Plateaux,0,Urbain,Femmes,966
02,21,51,Préfecture,Kloto,Plateaux,0,Urbain,Ensemble,2090
02,21,51,Préfecture,Kloto,Plateaux,0,Rural,Hommes,573
02,21,51,Préfecture,Kloto,Plateaux,0,Rural,Femmes,616
02,21,51,Préfecture,Kloto,Plateaux,0,Rural,Ensemble,1189
02,21,51,Préfecture,Kloto,Plateaux,0,Total,Hommes,1697
02,21,51,Préfecture,Kloto,Plateaux,0,Total,Femmes,1582
02,21,51,Préfecture,Kloto,Plateaux,0,Total,Ensemble,3279
02,21,51,Préfecture,Kloto,Plateaux,1-4,Urbain,Hommes,4237
02,21,51,Préfecture,Kloto,Plateaux,1-4,Urbain,Femmes,4019
02,21,51,Préfecture,Kloto,Plateaux,1-4,Urbain,Ensemble,8256
02,21,51,Préfecture,Kloto,Plateaux,1-4,Rural,Hommes,2901
02,21,51,Préfecture,Kloto,Plateaux,1-4,Rural,Femmes,2739
02,21,51,Préfecture,Kloto,Plateaux,1-4,Rural,Ensemble,5640
02,21,51,Préfecture,Kloto,Plateaux,1-4,Total,Hommes,7138
02,21,51,Préfecture,Kloto,Plateaux,1-4,Total,Femmes,6758
02,21,51,Préfecture,Kloto,Plateaux,1-4,Total,Ensemble,13896
02,21,51,Préfecture,Kloto,Plateaux,5-9,Urbain,Hommes,5640
02,21,51,Préfecture,Kloto,Plateaux,5-9,Urbain,Femmes,5537
02,21,51,Préfecture,Kloto,Plateaux,5-9,Urbain,Ensemble,11177
02,21,51,Préfecture,Kloto,Plateaux,5-9,Rural,Hommes,3970
02,21,51,Préfecture,Kloto,Plateaux,5-9,Rural,Femmes,3761
02,21,51,Préfecture,Kloto,Plateaux,5-9,Rural,Ensemble,7731
02,21,51,Préfecture,Kloto,Plateaux,5-9,Total,Hommes,9610
02,21,51,Préfecture,Kloto,Plateaux,5-9,Total,Femmes,9298
02,21,51,Préfecture,Kloto,Plateaux,5-9,Total,Ensemble,18908
02,21,51,Préfecture,Kloto,Plateaux,10-14,Urbain,Hommes,5330
02,21,51,Préfecture,Kloto,Plateaux,10-14,Urbain,Femmes,5603
02,21,51,Préfecture,Kloto,Plateaux,10-14,Urbain,Ensemble,10933
02,21,51,Préfecture,Kloto,Plateaux,10-14,Rural,Hommes,4041
02,21,51,Préfecture,Kloto,Plateaux,10-14,Rural,Femmes,3572
02,21,51,Préfecture,Kloto,Plateaux,10-14,Rural,Ensemble,7613
02,21,51,Préfecture,Kloto,Plateaux,10-14,Total,Hommes,9371
02,21,51,Préfecture,Kloto,Plateaux,10-14,Total,Femmes,9175
02,21,51,Préfecture,Kloto,Plateaux,10-14,Total,Ensemble,18546
02,21,51,Préfecture,Kloto,Plateaux,15-19,Urbain,Hommes,5298
02,21,51,Préfecture,Kloto,Plateaux,15-19,Urbain,Femmes,5156
02,21,51,Préfecture,Kloto,Plateaux,15-19,Urbain,Ensemble,10454
02,21,51,Préfecture,Kloto,Plateaux,15-19,Rural,Hommes,2878
02,21,51,Préfecture,Kloto,Plateaux,15-19,Rural,Femmes,2576
02,21,51,Préfecture,Kloto,Plateaux,15-19,Rural,Ensemble,5454
02,21,51,Préfecture,Kloto,Plateaux,15-19,Total,Hommes,8176
02,21,51,Préfecture,Kloto,Plateaux,15-19,Total,Femmes,7732
02,21,51,Préfecture,Kloto,Plateaux,15-19,Total,Ensemble,15908
02,21,51,Préfecture,Kloto,Plateaux,20-24,Urbain,Hommes,3750
02,21,51,Préfecture,Kloto,Plateaux,20-24,Urbain,Femmes,4028
02,21,51,Préfecture,Kloto,Plateaux,20-24,Urbain,Ensemble,7778
02,21,51,Préfecture,Kloto,Plateaux,20-24,Rural,Hommes,1911
02,21,51,Préfecture,Kloto,Plateaux,20-24,Rural,Femmes,2029
02,21,51,Préfecture,Kloto,Plateaux,20-24,Rural,Ensemble,3940
02,21,51,Préfecture,Kloto,Plateaux,20-24,Total,Hommes,5661
02,21,51,Préfecture,Kloto,Plateaux,20-24,Total,Femmes,6057
02,21,51,Préfecture,Kloto,Plateaux,20-24,Total,Ensemble,11718
02,21,51,Préfecture,Kloto,Plateaux,25-29,Urbain,Hommes,2674
02,21,51,Préfecture,Kloto,Plateaux,25-29,Urbain,Femmes,3265
02,21,51,Préfecture,Kloto,Plateaux,25-29,Urbain,Ensemble,5939
02,21,51,Préfecture,Kloto,Plateaux,25-29,Rural,Hommes,1437
02,21,51,Préfecture,Kloto,Plateaux,25-29,Rural,Femmes,1655
02,21,51,Préfecture,Kloto,Plateaux,25-29,Rural,Ensemble,3092
02,21,51,Préfecture,Kloto,Plateaux,25-29,Total,Hommes,4111
02,21,51,Préfecture,Kloto,Plateaux,25-29,Total,Femmes,4920
02,21,51,Préfecture,Kloto,Plateaux,25-29,Total,Ensemble,9031
02,21,51,Préfecture,Kloto,Plateaux,30-34,Urbain,Hommes,2573
02,21,51,Préfecture,Kloto,Plateaux,30-34,Urbain,Femmes,3340
02,21,51,Préfecture,Kloto,Plateaux,30-34,Urbain,Ensemble,5913
02,21,51,Préfecture,Kloto,Plateaux,30-34,Rural,Hommes,1547
02,21,51,Préfecture,Kloto,Plateaux,30-34,Rural,Femmes,1689
02,21,51,Préfecture,Kloto,Plateaux,30-34,Rural,Ensemble,3236
02,21,51,Préfecture,Kloto,Plateaux,30-34,Total,Hommes,4120
02,21,51,Préfecture,Kloto,Plateaux,30-34,Total,Femmes,5029
02,21,51,Préfecture,Kloto,Plateaux,30-34,Total,Ensemble,9149
02,21,51,Préfecture,Kloto,Plateaux,35-39,Urbain,Hommes,2334
02,21,51,Préfecture,Kloto,Plateaux,35-39,Urbain,Femmes,2870
02,21,51,Préfecture,Kloto,Plateaux,35-39,Urbain,Ensemble,5204
02,21,51,Préfecture,Kloto,Plateaux,35-39,Rural,Hommes,1588
02,21,51,Préfecture,Kloto,Plateaux,35-39,Rural,Femmes,1710
02,21,51,Préfecture,Kloto,Plateaux,35-39,Rural,Ensemble,3298
02,21,51,Préfecture,Kloto,Plateaux,35-39,Total,Hommes,3922
02,21,51,Préfecture,Kloto,Plateaux,35-39,Total,Femmes,4580
02,21,51,Préfecture,Kloto,Plateaux,35-39,Total,Ensemble,8502
02,21,51,Préfecture,Kloto,Plateaux,40-44,Urbain,Hommes,2058
02,21,51,Préfecture,Kloto,Plateaux,40-44,Urbain,Femmes,2346
02,21,51,Préfecture,Kloto,Plateaux,40-44,Urbain,Ensemble,4404
02,21,51,Préfecture,Kloto,Plateaux,40-44,Rural,Hommes,1492
02,21,51,Préfecture,Kloto,Plateaux,40-44,Rural,Femmes,1638
02,21,51,Préfecture,Kloto,Plateaux,40-44,Rural,Ensemble,3130
02,21,51,Préfecture,Kloto,Plateaux,40-44,Total,Hommes,3550
02,21,51,Préfecture,Kloto,Plateaux,40-44,Total,Femmes,3984
02,21,51,Préfecture,Kloto,Plateaux,40-44,Total,Ensemble,7534
02,21,51,Préfecture,Kloto,Plateaux,45-49,Urbain,Hommes,1728
02,21,51,Préfecture,Kloto,Plateaux,45-49,Urbain,Femmes,2008
02,21,51,Préfecture,Kloto,Plateaux,45-49,Urbain,Ensemble,3736
02,21,51,Préfecture,Kloto,Plateaux,45-49,Rural,Hommes,1472
02,21,51,Préfecture,Kloto,Plateaux,45-49,Rural,Femmes,1403
02,21,51,Préfecture,Kloto,Plateaux,45-49,Rural,Ensemble,2875
02,21,51,Préfecture,Kloto,Plateaux,45-49,Total,Hommes,3200
02,21,51,Préfecture,Kloto,Plateaux,45-49,Total,Femmes,3411
02,21,51,Préfecture,Kloto,Plateaux,45-49,Total,Ensemble,6611
02,21,51,Préfecture,Kloto,Plateaux,50-54,Urbain,Hommes,1567
02,21,51,Préfecture,Kloto,Plateaux,50-54,Urbain,Femmes,1747
02,21,51,Préfecture,Kloto,Plateaux,50-54,Urbain,Ensemble,3314
02,21,51,Préfecture,Kloto,Plateaux,50-54,Rural,Hommes,1342
02,21,51,Préfecture,Kloto,Plateaux,50-54,Rural,Femmes,1423
02,21,51,Préfecture,Kloto,Plateaux,50-54,Rural,Ensemble,2765
02,21,51,Préfecture,Kloto,Plateaux,50-54,Total,Hommes,2909
02,21,51,Préfecture,Kloto,Plateaux,50-54,Total,Femmes,3170
02,21,51,Préfecture,Kloto,Plateaux,50-54,Total,Ensemble,6079
02,21,51,Préfecture,Kloto,Plateaux,55-59,Urbain,Hommes,1153
02,21,51,Préfecture,Kloto,Plateaux,55-59,Urbain,Femmes,1282
02,21,51,Préfecture,Kloto,Plateaux,55-59,Urbain,Ensemble,2435
02,21,51,Préfecture,Kloto,Plateaux,55-59,Rural,Hommes,1184
02,21,51,Préfecture,Kloto,Plateaux,55-59,Rural,Femmes,1193
02,21,51,Préfecture,Kloto,Plateaux,55-59,Rural,Ensemble,2377
02,21,51,Préfecture,Kloto,Plateaux,55-59,Total,Hommes,2337
02,21,51,Préfecture,Kloto,Plateaux,55-59,Total,Femmes,2475
02,21,51,Préfecture,Kloto,Plateaux,55-59,Total,Ensemble,4812
02,21,51,Préfecture,Kloto,Plateaux,60-64,Urbain,Hommes,1012
02,21,51,Préfecture,Kloto,Plateaux,60-64,Urbain,Femmes,1138
02,21,51,Préfecture,Kloto,Plateaux,60-64,Urbain,Ensemble,2150
02,21,51,Préfecture,Kloto,Plateaux,60-64,Rural,Hommes,1077
02,21,51,Préfecture,Kloto,Plateaux,60-64,Rural,Femmes,1070
02,21,51,Préfecture,Kloto,Plateaux,60-64,Rural,Ensemble,2147
02,21,51,Préfecture,Kloto,Plateaux,60-64,Total,Hommes,2089
02,21,51,Préfecture,Kloto,Plateaux,60-64,Total,Femmes,2208
02,21,51,Préfecture,Kloto,Plateaux,60-64,Total,Ensemble,4297
02,21,51,Préfecture,Kloto,Plateaux,65-69,Urbain,Hommes,653
02,21,51,Préfecture,Kloto,Plateaux,65-69,Urbain,Femmes,664
02,21,51,Préfecture,Kloto,Plateaux,65-69,Urbain,Ensemble,1317
02,21,51,Préfecture,Kloto,Plateaux,65-69,Rural,Hommes,535
02,21,51,Préfecture,Kloto,Plateaux,65-69,Rural,Femmes,663
02,21,51,Préfecture,Kloto,Plateaux,65-69,Rural,Ensemble,1198
02,21,51,Préfecture,Kloto,Plateaux,65-69,Total,Hommes,1188
02,21,51,Préfecture,Kloto,Plateaux,65-69,Total,Femmes,1327
02,21,51,Préfecture,Kloto,Plateaux,65-69,Total,Ensemble,2515
02,21,51,Préfecture,Kloto,Plateaux,70-74,Urbain,Hommes,432
02,21,51,Préfecture,Kloto,Plateaux,70-74,Urbain,Femmes,521
02,21,51,Préfecture,Kloto,Plateaux,70-74,Urbain,Ensemble,953
02,21,51,Préfecture,Kloto,Plateaux,70-74,Rural,Hommes,438
02,21,51,Préfecture,Kloto,Plateaux,70-74,Rural,Femmes,623
02,21,51,Préfecture,Kloto,Plateaux,70-74,Rural,Ensemble,1061
02,21,51,Préfecture,Kloto,Plateaux,70-74,Total,Hommes,870
02,21,51,Préfecture,Kloto,Plateaux,70-74,Total,Femmes,1144
02,21,51,Préfecture,Kloto,Plateaux,70-74,Total,Ensemble,2014
02,21,51,Préfecture,Kloto,Plateaux,75-79,Urbain,Hommes,183
02,21,51,Préfecture,Kloto,Plateaux,75-79,Urbain,Femmes,305
02,21,51,Préfecture,Kloto,Plateaux,75-79,Urbain,Ensemble,488
02,21,51,Préfecture,Kloto,Plateaux,75-79,Rural,Hommes,224
02,21,51,Préfecture,Kloto,Plateaux,75-79,Rural,Femmes,309
02,21,51,Préfecture,Kloto,Plateaux,75-79,Rural,Ensemble,533
02,21,51,Préfecture,Kloto,Plateaux,75-79,Total,Hommes,407
02,21,51,Préfecture,Kloto,Plateaux,75-79,Total,Femmes,614
02,21,51,Préfecture,Kloto,Plateaux,75-79,Total,Ensemble,1021
02,21,51,Préfecture,Kloto,Plateaux,80-84,Urbain,Hommes,130
02,21,51,Préfecture,Kloto,Plateaux,80-84,Urbain,Femmes,238
02,21,51,Préfecture,Kloto,Plateaux,80-84,Urbain,Ensemble,368
02,21,51,Préfecture,Kloto,Plateaux,80-84,Rural,Hommes,174
02,21,51,Préfecture,Kloto,Plateaux,80-84,Rural,Femmes,298
02,21,51,Préfecture,Kloto,Plateaux,80-84,Rural,Ensemble,472
02,21,51,Préfecture,Kloto,Plateaux,80-84,Total,Hommes,304
02,21,51,Préfecture,Kloto,Plateaux,80-84,Total,Femmes,536
02,21,51,Préfecture,Kloto,Plateaux,80-84,Total,Ensemble,840
02,21,51,Préfecture,Kloto,Plateaux,85 et +,Urbain,Hommes,115
02,21,51,Préfecture,Kloto,Plateaux,85 et +,Urbain,Femmes,327
02,21,51,Préfecture,Kloto,Plateaux,85 et +,Urbain,Ensemble,442
02,21,51,Préfecture,Kloto,Plateaux,85 et +,Rural,Hommes,163
02,21,51,Préfecture,Kloto,Plateaux,85 et +,Rural,Femmes,309
02,21,51,Préfecture,Kloto,Plateaux,85 et +,Rural,Ensemble,472
02,21,51,Préfecture,Kloto,Plateaux,85 et +,Total,Hommes,278
02,21,51,Préfecture,Kloto,Plateaux,85 et +,Total,Femmes,636
02,21,51,Préfecture,Kloto,Plateaux,85 et +,Total,Ensemble,914
02,21,51,Préfecture,Kloto,Plateaux,ND,Urbain,Hommes,67
02,21,51,Préfecture,Kloto,Plateaux,ND,Urbain,Femmes,60
02,21,51,Préfecture,Kloto,Plateaux,ND,Urbain,Ensemble,127
02,21,51,Préfecture,Kloto,Plateaux,ND,Rural,Hommes,156
02,21,51,Préfecture,Kloto,Plateaux,ND,Rural,Femmes,129
02,21,51,Préfecture,Kloto,Plateaux,ND,Rural,Ensemble,285
02,21,51,Préfecture,Kloto,Plateaux,ND,Total,Hommes,223
02,21,51,Préfecture,Kloto,Plateaux,ND,Total,Femmes,189
02,21,51,Préfecture,Kloto,Plateaux,ND,Total,Ensemble,412
02,21,51,Préfecture,Kloto,Plateaux,Total,Urbain,Hommes,42058
02,21,51,Préfecture,Kloto,Plateaux,Total,Urbain,Femmes,45420
02,21,51,Préfecture,Kloto,Plateaux,Total,Urbain,Ensemble,87478
02,21,51,Préfecture,Kloto,Plateaux,Total,Rural,Hommes,29103
02,21,51,Préfecture,Kloto,Plateaux,Total,Rural,Femmes,29405
02,21,51,Préfecture,Kloto,Plateaux,Total,Rural,Ensemble,58508
02,21,51,Préfecture,Kloto,Plateaux,Total,Total,Hommes,71161
02,21,51,Préfecture,Kloto,Plateaux,Total,Total,Femmes,74825
02,21,51,Préfecture,Kloto,Plateaux,Total,Total,Ensemble,145986
02,22,52,Préfecture,Kpele,Plateaux,0,Urbain,Hommes,201
02,22,52,Préfecture,Kpele,Plateaux,0,Urbain,Femmes,193
02,22,52,Préfecture,Kpele,Plateaux,0,Urbain,Ensemble,394
02,22,52,Préfecture,Kpele,Plateaux,0,Rural,Hommes,871
02,22,52,Préfecture,Kpele,Plateaux,0,Rural,Femmes,855
02,22,52,Préfecture,Kpele,Plateaux,0,Rural,Ensemble,1726
02,22,52,Préfecture,Kpele,Plateaux,0,Total,Hommes,1072
02,22,52,Préfecture,Kpele,Plateaux,0,Total,Femmes,1048
02,22,52,Préfecture,Kpele,Plateaux,0,Total,Ensemble,2120
02,22,52,Préfecture,Kpele,Plateaux,1-4,Urbain,Hommes,861
02,22,52,Préfecture,Kpele,Plateaux,1-4,Urbain,Femmes,755
02,22,52,Préfecture,Kpele,Plateaux,1-4,Urbain,Ensemble,1616
02,22,52,Préfecture,Kpele,Plateaux,1-4,Rural,Hommes,3752
02,22,52,Préfecture,Kpele,Plateaux,1-4,Rural,Femmes,3727
02,22,52,Préfecture,Kpele,Plateaux,1-4,Rural,Ensemble,7479
02,22,52,Préfecture,Kpele,Plateaux,1-4,Total,Hommes,4613
02,22,52,Préfecture,Kpele,Plateaux,1-4,Total,Femmes,4482
02,22,52,Préfecture,Kpele,Plateaux,1-4,Total,Ensemble,9095
02,22,52,Préfecture,Kpele,Plateaux,5-9,Urbain,Hommes,1066
02,22,52,Préfecture,Kpele,Plateaux,5-9,Urbain,Femmes,1057
02,22,52,Préfecture,Kpele,Plateaux,5-9,Urbain,Ensemble,2123
02,22,52,Préfecture,Kpele,Plateaux,5-9,Rural,Hommes,5127
02,22,52,Préfecture,Kpele,Plateaux,5-9,Rural,Femmes,4786
02,22,52,Préfecture,Kpele,Plateaux,5-9,Rural,Ensemble,9913
02,22,52,Préfecture,Kpele,Plateaux,5-9,Total,Hommes,6193
02,22,52,Préfecture,Kpele,Plateaux,5-9,Total,Femmes,5843
02,22,52,Préfecture,Kpele,Plateaux,5-9,Total,Ensemble,12036
02,22,52,Préfecture,Kpele,Plateaux,10-14,Urbain,Hommes,1025
02,22,52,Préfecture,Kpele,Plateaux,10-14,Urbain,Femmes,1059
02,22,52,Préfecture,Kpele,Plateaux,10-14,Urbain,Ensemble,2084
02,22,52,Préfecture,Kpele,Plateaux,10-14,Rural,Hommes,4715
02,22,52,Préfecture,Kpele,Plateaux,10-14,Rural,Femmes,4283
02,22,52,Préfecture,Kpele,Plateaux,10-14,Rural,Ensemble,8998
02,22,52,Préfecture,Kpele,Plateaux,10-14,Total,Hommes,5740
02,22,52,Préfecture,Kpele,Plateaux,10-14,Total,Femmes,5342
02,22,52,Préfecture,Kpele,Plateaux,10-14,Total,Ensemble,11082
02,22,52,Préfecture,Kpele,Plateaux,15-19,Urbain,Hommes,910
02,22,52,Préfecture,Kpele,Plateaux,15-19,Urbain,Femmes,960
02,22,52,Préfecture,Kpele,Plateaux,15-19,Urbain,Ensemble,1870
02,22,52,Préfecture,Kpele,Plateaux,15-19,Rural,Hommes,3289
02,22,52,Préfecture,Kpele,Plateaux,15-19,Rural,Femmes,2863
02,22,52,Préfecture,Kpele,Plateaux,15-19,Rural,Ensemble,6152
02,22,52,Préfecture,Kpele,Plateaux,15-19,Total,Hommes,4199
02,22,52,Préfecture,Kpele,Plateaux,15-19,Total,Femmes,3823
02,22,52,Préfecture,Kpele,Plateaux,15-19,Total,Ensemble,8022
02,22,52,Préfecture,Kpele,Plateaux,20-24,Urbain,Hommes,597
02,22,52,Préfecture,Kpele,Plateaux,20-24,Urbain,Femmes,714
02,22,52,Préfecture,Kpele,Plateaux,20-24,Urbain,Ensemble,1311
02,22,52,Préfecture,Kpele,Plateaux,20-24,Rural,Hommes,1934
02,22,52,Préfecture,Kpele,Plateaux,20-24,Rural,Femmes,2337
02,22,52,Préfecture,Kpele,Plateaux,20-24,Rural,Ensemble,4271
02,22,52,Préfecture,Kpele,Plateaux,20-24,Total,Hommes,2531
02,22,52,Préfecture,Kpele,Plateaux,20-24,Total,Femmes,3051
02,22,52,Préfecture,Kpele,Plateaux,20-24,Total,Ensemble,5582
02,22,52,Préfecture,Kpele,Plateaux,25-29,Urbain,Hommes,446
02,22,52,Préfecture,Kpele,Plateaux,25-29,Urbain,Femmes,614
02,22,52,Préfecture,Kpele,Plateaux,25-29,Urbain,Ensemble,1060
02,22,52,Préfecture,Kpele,Plateaux,25-29,Rural,Hommes,1598
02,22,52,Préfecture,Kpele,Plateaux,25-29,Rural,Femmes,1780
02,22,52,Préfecture,Kpele,Plateaux,25-29,Rural,Ensemble,3378
02,22,52,Préfecture,Kpele,Plateaux,25-29,Total,Hommes,2044
02,22,52,Préfecture,Kpele,Plateaux,25-29,Total,Femmes,2394
02,22,52,Préfecture,Kpele,Plateaux,25-29,Total,Ensemble,4438
02,22,52,Préfecture,Kpele,Plateaux,30-34,Urbain,Hommes,485
02,22,52,Préfecture,Kpele,Plateaux,30-34,Urbain,Femmes,515
02,22,52,Préfecture,Kpele,Plateaux,30-34,Urbain,Ensemble,1000
02,22,52,Préfecture,Kpele,Plateaux,30-34,Rural,Hommes,1743
02,22,52,Préfecture,Kpele,Plateaux,30-34,Rural,Femmes,2063
02,22,52,Préfecture,Kpele,Plateaux,30-34,Rural,Ensemble,3806
02,22,52,Préfecture,Kpele,Plateaux,30-34,Total,Hommes,2228
02,22,52,Préfecture,Kpele,Plateaux,30-34,Total,Femmes,2578
02,22,52,Préfecture,Kpele,Plateaux,30-34,Total,Ensemble,4806
02,22,52,Préfecture,Kpele,Plateaux,35-39,Urbain,Hommes,379
02,22,52,Préfecture,Kpele,Plateaux,35-39,Urbain,Femmes,455
02,22,52,Préfecture,Kpele,Plateaux,35-39,Urbain,Ensemble,834
02,22,52,Préfecture,Kpele,Plateaux,35-39,Rural,Hommes,1712
02,22,52,Préfecture,Kpele,Plateaux,35-39,Rural,Femmes,2113
02,22,52,Préfecture,Kpele,Plateaux,35-39,Rural,Ensemble,3825
02,22,52,Préfecture,Kpele,Plateaux,35-39,Total,Hommes,2091
02,22,52,Préfecture,Kpele,Plateaux,35-39,Total,Femmes,2568
02,22,52,Préfecture,Kpele,Plateaux,35-39,Total,Ensemble,4659
02,22,52,Préfecture,Kpele,Plateaux,40-44,Urbain,Hommes,342
02,22,52,Préfecture,Kpele,Plateaux,40-44,Urbain,Femmes,368
02,22,52,Préfecture,Kpele,Plateaux,40-44,Urbain,Ensemble,710
02,22,52,Préfecture,Kpele,Plateaux,40-44,Rural,Hommes,1712
02,22,52,Préfecture,Kpele,Plateaux,40-44,Rural,Femmes,1804
02,22,52,Préfecture,Kpele,Plateaux,40-44,Rural,Ensemble,3516
02,22,52,Préfecture,Kpele,Plateaux,40-44,Total,Hommes,2054
02,22,52,Préfecture,Kpele,Plateaux,40-44,Total,Femmes,2172
02,22,52,Préfecture,Kpele,Plateaux,40-44,Total,Ensemble,4226
02,22,52,Préfecture,Kpele,Plateaux,45-49,Urbain,Hommes,298
02,22,52,Préfecture,Kpele,Plateaux,45-49,Urbain,Femmes,317
02,22,52,Préfecture,Kpele,Plateaux,45-49,Urbain,Ensemble,615
02,22,52,Préfecture,Kpele,Plateaux,45-49,Rural,Hommes,1502
02,22,52,Préfecture,Kpele,Plateaux,45-49,Rural,Femmes,1422
02,22,52,Préfecture,Kpele,Plateaux,45-49,Rural,Ensemble,2924
02,22,52,Préfecture,Kpele,Plateaux,45-49,Total,Hommes,1800
02,22,52,Préfecture,Kpele,Plateaux,45-49,Total,Femmes,1739
02,22,52,Préfecture,Kpele,Plateaux,45-49,Total,Ensemble,3539
02,22,52,Préfecture,Kpele,Plateaux,50-54,Urbain,Hommes,224
02,22,52,Préfecture,Kpele,Plateaux,50-54,Urbain,Femmes,229
02,22,52,Préfecture,Kpele,Plateaux,50-54,Urbain,Ensemble,453
02,22,52,Préfecture,Kpele,Plateaux,50-54,Rural,Hommes,1444
02,22,52,Préfecture,Kpele,Plateaux,50-54,Rural,Femmes,1342
02,22,52,Préfecture,Kpele,Plateaux,50-54,Rural,Ensemble,2786
02,22,52,Préfecture,Kpele,Plateaux,50-54,Total,Hommes,1668
02,22,52,Préfecture,Kpele,Plateaux,50-54,Total,Femmes,1571
02,22,52,Préfecture,Kpele,Plateaux,50-54,Total,Ensemble,3239
02,22,52,Préfecture,Kpele,Plateaux,55-59,Urbain,Hommes,171
02,22,52,Préfecture,Kpele,Plateaux,55-59,Urbain,Femmes,190
02,22,52,Préfecture,Kpele,Plateaux,55-59,Urbain,Ensemble,361
02,22,52,Préfecture,Kpele,Plateaux,55-59,Rural,Hommes,1115
02,22,52,Préfecture,Kpele,Plateaux,55-59,Rural,Femmes,938
02,22,52,Préfecture,Kpele,Plateaux,55-59,Rural,Ensemble,2053
02,22,52,Préfecture,Kpele,Plateaux,55-59,Total,Hommes,1286
02,22,52,Préfecture,Kpele,Plateaux,55-59,Total,Femmes,1128
02,22,52,Préfecture,Kpele,Plateaux,55-59,Total,Ensemble,2414
02,22,52,Préfecture,Kpele,Plateaux,60-64,Urbain,Hommes,136
02,22,52,Préfecture,Kpele,Plateaux,60-64,Urbain,Femmes,114
02,22,52,Préfecture,Kpele,Plateaux,60-64,Urbain,Ensemble,250
02,22,52,Préfecture,Kpele,Plateaux,60-64,Rural,Hommes,869
02,22,52,Préfecture,Kpele,Plateaux,60-64,Rural,Femmes,836
02,22,52,Préfecture,Kpele,Plateaux,60-64,Rural,Ensemble,1705
02,22,52,Préfecture,Kpele,Plateaux,60-64,Total,Hommes,1005
02,22,52,Préfecture,Kpele,Plateaux,60-64,Total,Femmes,950
02,22,52,Préfecture,Kpele,Plateaux,60-64,Total,Ensemble,1955
02,22,52,Préfecture,Kpele,Plateaux,65-69,Urbain,Hommes,75
02,22,52,Préfecture,Kpele,Plateaux,65-69,Urbain,Femmes,97
02,22,52,Préfecture,Kpele,Plateaux,65-69,Urbain,Ensemble,172
02,22,52,Préfecture,Kpele,Plateaux,65-69,Rural,Hommes,488
02,22,52,Préfecture,Kpele,Plateaux,65-69,Rural,Femmes,540
02,22,52,Préfecture,Kpele,Plateaux,65-69,Rural,Ensemble,1028
02,22,52,Préfecture,Kpele,Plateaux,65-69,Total,Hommes,563
02,22,52,Préfecture,Kpele,Plateaux,65-69,Total,Femmes,637
02,22,52,Préfecture,Kpele,Plateaux,65-69,Total,Ensemble,1200
02,22,52,Préfecture,Kpele,Plateaux,70-74,Urbain,Hommes,33
02,22,52,Préfecture,Kpele,Plateaux,70-74,Urbain,Femmes,61
02,22,52,Préfecture,Kpele,Plateaux,70-74,Urbain,Ensemble,94
02,22,52,Préfecture,Kpele,Plateaux,70-74,Rural,Hommes,363
02,22,52,Préfecture,Kpele,Plateaux,70-74,Rural,Femmes,491
02,22,52,Préfecture,Kpele,Plateaux,70-74,Rural,Ensemble,854
02,22,52,Préfecture,Kpele,Plateaux,70-74,Total,Hommes,396
02,22,52,Préfecture,Kpele,Plateaux,70-74,Total,Femmes,552
02,22,52,Préfecture,Kpele,Plateaux,70-74,Total,Ensemble,948
02,22,52,Préfecture,Kpele,Plateaux,75-79,Urbain,Hommes,18
02,22,52,Préfecture,Kpele,Plateaux,75-79,Urbain,Femmes,41
02,22,52,Préfecture,Kpele,Plateaux,75-79,Urbain,Ensemble,59
02,22,52,Préfecture,Kpele,Plateaux,75-79,Rural,Hommes,226
02,22,52,Préfecture,Kpele,Plateaux,75-79,Rural,Femmes,250
02,22,52,Préfecture,Kpele,Plateaux,75-79,Rural,Ensemble,476
02,22,52,Préfecture,Kpele,Plateaux,75-79,Total,Hommes,244
02,22,52,Préfecture,Kpele,Plateaux,75-79,Total,Femmes,291
02,22,52,Préfecture,Kpele,Plateaux,75-79,Total,Ensemble,535
02,22,52,Préfecture,Kpele,Plateaux,80-84,Urbain,Hommes,18
02,22,52,Préfecture,Kpele,Plateaux,80-84,Urbain,Femmes,25
02,22,52,Préfecture,Kpele,Plateaux,80-84,Urbain,Ensemble,43
02,22,52,Préfecture,Kpele,Plateaux,80-84,Rural,Hommes,142
02,22,52,Préfecture,Kpele,Plateaux,80-84,Rural,Femmes,224
02,22,52,Préfecture,Kpele,Plateaux,80-84,Rural,Ensemble,366
02,22,52,Préfecture,Kpele,Plateaux,80-84,Total,Hommes,160
02,22,52,Préfecture,Kpele,Plateaux,80-84,Total,Femmes,249
02,22,52,Préfecture,Kpele,Plateaux,80-84,Total,Ensemble,409
02,22,52,Préfecture,Kpele,Plateaux,85 et +,Urbain,Hommes,12
02,22,52,Préfecture,Kpele,Plateaux,85 et +,Urbain,Femmes,43
02,22,52,Préfecture,Kpele,Plateaux,85 et +,Urbain,Ensemble,55
02,22,52,Préfecture,Kpele,Plateaux,85 et +,Rural,Hommes,176
02,22,52,Préfecture,Kpele,Plateaux,85 et +,Rural,Femmes,311
02,22,52,Préfecture,Kpele,Plateaux,85 et +,Rural,Ensemble,487
02,22,52,Préfecture,Kpele,Plateaux,85 et +,Total,Hommes,188
02,22,52,Préfecture,Kpele,Plateaux,85 et +,Total,Femmes,354
02,22,52,Préfecture,Kpele,Plateaux,85 et +,Total,Ensemble,542
02,22,52,Préfecture,Kpele,Plateaux,ND,Urbain,Hommes,26
02,22,52,Préfecture,Kpele,Plateaux,ND,Urbain,Femmes,16
02,22,52,Préfecture,Kpele,Plateaux,ND,Urbain,Ensemble,42
02,22,52,Préfecture,Kpele,Plateaux,ND,Rural,Hommes,28
02,22,52,Préfecture,Kpele,Plateaux,ND,Rural,Femmes,22
02,22,52,Préfecture,Kpele,Plateaux,ND,Rural,Ensemble,50
02,22,52,Préfecture,Kpele,Plateaux,ND,Total,Hommes,54
02,22,52,Préfecture,Kpele,Plateaux,ND,Total,Femmes,38
02,22,52,Préfecture,Kpele,Plateaux,ND,Total,Ensemble,92
02,22,52,Préfecture,Kpele,Plateaux,Total,Urbain,Hommes,7323
02,22,52,Préfecture,Kpele,Plateaux,Total,Urbain,Femmes,7823
02,22,52,Préfecture,Kpele,Plateaux,Total,Urbain,Ensemble,15146
02,22,52,Préfecture,Kpele,Plateaux,Total,Rural,Hommes,32806
02,22,52,Préfecture,Kpele,Plateaux,Total,Rural,Femmes,32987
02,22,52,Préfecture,Kpele,Plateaux,Total,Rural,Ensemble,65793
02,22,52,Préfecture,Kpele,Plateaux,Total,Total,Hommes,40129
02,22,52,Préfecture,Kpele,Plateaux,Total,Total,Femmes,40810
02,22,52,Préfecture,Kpele,Plateaux,Total,Total,Ensemble,80939
02,23,53,Préfecture,Danyi,Plateaux,0,Urbain,Hommes,87
02,23,53,Préfecture,Danyi,Plateaux,0,Urbain,Femmes,71
02,23,53,Préfecture,Danyi,Plateaux,0,Urbain,Ensemble,158
02,23,53,Préfecture,Danyi,Plateaux,0,Rural,Hommes,395
02,23,53,Préfecture,Danyi,Plateaux,0,Rural,Femmes,444
02,23,53,Préfecture,Danyi,Plateaux,0,Rural,Ensemble,839
02,23,53,Préfecture,Danyi,Plateaux,0,Total,Hommes,482
02,23,53,Préfecture,Danyi,Plateaux,0,Total,Femmes,515
02,23,53,Préfecture,Danyi,Plateaux,0,Total,Ensemble,997
02,23,53,Préfecture,Danyi,Plateaux,1-4,Urbain,Hommes,391
02,23,53,Préfecture,Danyi,Plateaux,1-4,Urbain,Femmes,318
02,23,53,Préfecture,Danyi,Plateaux,1-4,Urbain,Ensemble,709
02,23,53,Préfecture,Danyi,Plateaux,1-4,Rural,Hommes,1816
02,23,53,Préfecture,Danyi,Plateaux,1-4,Rural,Femmes,1734
02,23,53,Préfecture,Danyi,Plateaux,1-4,Rural,Ensemble,3550
02,23,53,Préfecture,Danyi,Plateaux,1-4,Total,Hommes,2207
02,23,53,Préfecture,Danyi,Plateaux,1-4,Total,Femmes,2052
02,23,53,Préfecture,Danyi,Plateaux,1-4,Total,Ensemble,4259
02,23,53,Préfecture,Danyi,Plateaux,5-9,Urbain,Hommes,433
02,23,53,Préfecture,Danyi,Plateaux,5-9,Urbain,Femmes,424
02,23,53,Préfecture,Danyi,Plateaux,5-9,Urbain,Ensemble,857
02,23,53,Préfecture,Danyi,Plateaux,5-9,Rural,Hommes,2465
02,23,53,Préfecture,Danyi,Plateaux,5-9,Rural,Femmes,2335
02,23,53,Préfecture,Danyi,Plateaux,5-9,Rural,Ensemble,4800
02,23,53,Préfecture,Danyi,Plateaux,5-9,Total,Hommes,2898
02,23,53,Préfecture,Danyi,Plateaux,5-9,Total,Femmes,2759
02,23,53,Préfecture,Danyi,Plateaux,5-9,Total,Ensemble,5657
02,23,53,Préfecture,Danyi,Plateaux,10-14,Urbain,Hommes,472
02,23,53,Préfecture,Danyi,Plateaux,10-14,Urbain,Femmes,408
02,23,53,Préfecture,Danyi,Plateaux,10-14,Urbain,Ensemble,880
02,23,53,Préfecture,Danyi,Plateaux,10-14,Rural,Hommes,2293
02,23,53,Préfecture,Danyi,Plateaux,10-14,Rural,Femmes,1977
02,23,53,Préfecture,Danyi,Plateaux,10-14,Rural,Ensemble,4270
02,23,53,Préfecture,Danyi,Plateaux,10-14,Total,Hommes,2765
02,23,53,Préfecture,Danyi,Plateaux,10-14,Total,Femmes,2385
02,23,53,Préfecture,Danyi,Plateaux,10-14,Total,Ensemble,5150
02,23,53,Préfecture,Danyi,Plateaux,15-19,Urbain,Hommes,403
02,23,53,Préfecture,Danyi,Plateaux,15-19,Urbain,Femmes,321
02,23,53,Préfecture,Danyi,Plateaux,15-19,Urbain,Ensemble,724
02,23,53,Préfecture,Danyi,Plateaux,15-19,Rural,Hommes,1517
02,23,53,Préfecture,Danyi,Plateaux,15-19,Rural,Femmes,1288
02,23,53,Préfecture,Danyi,Plateaux,15-19,Rural,Ensemble,2805
02,23,53,Préfecture,Danyi,Plateaux,15-19,Total,Hommes,1920
02,23,53,Préfecture,Danyi,Plateaux,15-19,Total,Femmes,1609
02,23,53,Préfecture,Danyi,Plateaux,15-19,Total,Ensemble,3529
02,23,53,Préfecture,Danyi,Plateaux,20-24,Urbain,Hommes,202
02,23,53,Préfecture,Danyi,Plateaux,20-24,Urbain,Femmes,238
02,23,53,Préfecture,Danyi,Plateaux,20-24,Urbain,Ensemble,440
02,23,53,Préfecture,Danyi,Plateaux,20-24,Rural,Hommes,964
02,23,53,Préfecture,Danyi,Plateaux,20-24,Rural,Femmes,1002
02,23,53,Préfecture,Danyi,Plateaux,20-24,Rural,Ensemble,1966
02,23,53,Préfecture,Danyi,Plateaux,20-24,Total,Hommes,1166
02,23,53,Préfecture,Danyi,Plateaux,20-24,Total,Femmes,1240
02,23,53,Préfecture,Danyi,Plateaux,20-24,Total,Ensemble,2406
02,23,53,Préfecture,Danyi,Plateaux,25-29,Urbain,Hommes,210
02,23,53,Préfecture,Danyi,Plateaux,25-29,Urbain,Femmes,273
02,23,53,Préfecture,Danyi,Plateaux,25-29,Urbain,Ensemble,483
02,23,53,Préfecture,Danyi,Plateaux,25-29,Rural,Hommes,910
02,23,53,Préfecture,Danyi,Plateaux,25-29,Rural,Femmes,955
02,23,53,Préfecture,Danyi,Plateaux,25-29,Rural,Ensemble,1865
02,23,53,Préfecture,Danyi,Plateaux,25-29,Total,Hommes,1120
02,23,53,Préfecture,Danyi,Plateaux,25-29,Total,Femmes,1228
02,23,53,Préfecture,Danyi,Plateaux,25-29,Total,Ensemble,2348
02,23,53,Préfecture,Danyi,Plateaux,30-34,Urbain,Hommes,204
02,23,53,Préfecture,Danyi,Plateaux,30-34,Urbain,Femmes,234
02,23,53,Préfecture,Danyi,Plateaux,30-34,Urbain,Ensemble,438
02,23,53,Préfecture,Danyi,Plateaux,30-34,Rural,Hommes,987
02,23,53,Préfecture,Danyi,Plateaux,30-34,Rural,Femmes,1023
02,23,53,Préfecture,Danyi,Plateaux,30-34,Rural,Ensemble,2010
02,23,53,Préfecture,Danyi,Plateaux,30-34,Total,Hommes,1191
02,23,53,Préfecture,Danyi,Plateaux,30-34,Total,Femmes,1257
02,23,53,Préfecture,Danyi,Plateaux,30-34,Total,Ensemble,2448
02,23,53,Préfecture,Danyi,Plateaux,35-39,Urbain,Hommes,228
02,23,53,Préfecture,Danyi,Plateaux,35-39,Urbain,Femmes,192
02,23,53,Préfecture,Danyi,Plateaux,35-39,Urbain,Ensemble,420
02,23,53,Préfecture,Danyi,Plateaux,35-39,Rural,Hommes,960
02,23,53,Préfecture,Danyi,Plateaux,35-39,Rural,Femmes,903
02,23,53,Préfecture,Danyi,Plateaux,35-39,Rural,Ensemble,1863
02,23,53,Préfecture,Danyi,Plateaux,35-39,Total,Hommes,1188
02,23,53,Préfecture,Danyi,Plateaux,35-39,Total,Femmes,1095
02,23,53,Préfecture,Danyi,Plateaux,35-39,Total,Ensemble,2283
02,23,53,Préfecture,Danyi,Plateaux,40-44,Urbain,Hommes,152
02,23,53,Préfecture,Danyi,Plateaux,40-44,Urbain,Femmes,140
02,23,53,Préfecture,Danyi,Plateaux,40-44,Urbain,Ensemble,292
02,23,53,Préfecture,Danyi,Plateaux,40-44,Rural,Hommes,876
02,23,53,Préfecture,Danyi,Plateaux,40-44,Rural,Femmes,860
02,23,53,Préfecture,Danyi,Plateaux,40-44,Rural,Ensemble,1736
02,23,53,Préfecture,Danyi,Plateaux,40-44,Total,Hommes,1028
02,23,53,Préfecture,Danyi,Plateaux,40-44,Total,Femmes,1000
02,23,53,Préfecture,Danyi,Plateaux,40-44,Total,Ensemble,2028
02,23,53,Préfecture,Danyi,Plateaux,45-49,Urbain,Hommes,144
02,23,53,Préfecture,Danyi,Plateaux,45-49,Urbain,Femmes,126
02,23,53,Préfecture,Danyi,Plateaux,45-49,Urbain,Ensemble,270
02,23,53,Préfecture,Danyi,Plateaux,45-49,Rural,Hommes,793
02,23,53,Préfecture,Danyi,Plateaux,45-49,Rural,Femmes,786
02,23,53,Préfecture,Danyi,Plateaux,45-49,Rural,Ensemble,1579
02,23,53,Préfecture,Danyi,Plateaux,45-49,Total,Hommes,937
02,23,53,Préfecture,Danyi,Plateaux,45-49,Total,Femmes,912
02,23,53,Préfecture,Danyi,Plateaux,45-49,Total,Ensemble,1849
02,23,53,Préfecture,Danyi,Plateaux,50-54,Urbain,Hommes,132
02,23,53,Préfecture,Danyi,Plateaux,50-54,Urbain,Femmes,126
02,23,53,Préfecture,Danyi,Plateaux,50-54,Urbain,Ensemble,258
02,23,53,Préfecture,Danyi,Plateaux,50-54,Rural,Hommes,900
02,23,53,Préfecture,Danyi,Plateaux,50-54,Rural,Femmes,818
02,23,53,Préfecture,Danyi,Plateaux,50-54,Rural,Ensemble,1718
02,23,53,Préfecture,Danyi,Plateaux,50-54,Total,Hommes,1032
02,23,53,Préfecture,Danyi,Plateaux,50-54,Total,Femmes,944
02,23,53,Préfecture,Danyi,Plateaux,50-54,Total,Ensemble,1976
02,23,53,Préfecture,Danyi,Plateaux,55-59,Urbain,Hommes,108
02,23,53,Préfecture,Danyi,Plateaux,55-59,Urbain,Femmes,118
02,23,53,Préfecture,Danyi,Plateaux,55-59,Urbain,Ensemble,226
02,23,53,Préfecture,Danyi,Plateaux,55-59,Rural,Hommes,705
02,23,53,Préfecture,Danyi,Plateaux,55-59,Rural,Femmes,580
02,23,53,Préfecture,Danyi,Plateaux,55-59,Rural,Ensemble,1285
02,23,53,Préfecture,Danyi,Plateaux,55-59,Total,Hommes,813
02,23,53,Préfecture,Danyi,Plateaux,55-59,Total,Femmes,698
02,23,53,Préfecture,Danyi,Plateaux,55-59,Total,Ensemble,1511
02,23,53,Préfecture,Danyi,Plateaux,60-64,Urbain,Hommes,98
02,23,53,Préfecture,Danyi,Plateaux,60-64,Urbain,Femmes,85
02,23,53,Préfecture,Danyi,Plateaux,60-64,Urbain,Ensemble,183
02,23,53,Préfecture,Danyi,Plateaux,60-64,Rural,Hommes,566
02,23,53,Préfecture,Danyi,Plateaux,60-64,Rural,Femmes,567
02,23,53,Préfecture,Danyi,Plateaux,60-64,Rural,Ensemble,1133
02,23,53,Préfecture,Danyi,Plateaux,60-64,Total,Hommes,664
02,23,53,Préfecture,Danyi,Plateaux,60-64,Total,Femmes,652
02,23,53,Préfecture,Danyi,Plateaux,60-64,Total,Ensemble,1316
02,23,53,Préfecture,Danyi,Plateaux,65-69,Urbain,Hommes,57
02,23,53,Préfecture,Danyi,Plateaux,65-69,Urbain,Femmes,71
02,23,53,Préfecture,Danyi,Plateaux,65-69,Urbain,Ensemble,128
02,23,53,Préfecture,Danyi,Plateaux,65-69,Rural,Hommes,360
02,23,53,Préfecture,Danyi,Plateaux,65-69,Rural,Femmes,335
02,23,53,Préfecture,Danyi,Plateaux,65-69,Rural,Ensemble,695
02,23,53,Préfecture,Danyi,Plateaux,65-69,Total,Hommes,417
02,23,53,Préfecture,Danyi,Plateaux,65-69,Total,Femmes,406
02,23,53,Préfecture,Danyi,Plateaux,65-69,Total,Ensemble,823
02,23,53,Préfecture,Danyi,Plateaux,70-74,Urbain,Hommes,40
02,23,53,Préfecture,Danyi,Plateaux,70-74,Urbain,Femmes,46
02,23,53,Préfecture,Danyi,Plateaux,70-74,Urbain,Ensemble,86
02,23,53,Préfecture,Danyi,Plateaux,70-74,Rural,Hommes,255
02,23,53,Préfecture,Danyi,Plateaux,70-74,Rural,Femmes,303
02,23,53,Préfecture,Danyi,Plateaux,70-74,Rural,Ensemble,558
02,23,53,Préfecture,Danyi,Plateaux,70-74,Total,Hommes,295
02,23,53,Préfecture,Danyi,Plateaux,70-74,Total,Femmes,349
02,23,53,Préfecture,Danyi,Plateaux,70-74,Total,Ensemble,644
02,23,53,Préfecture,Danyi,Plateaux,75-79,Urbain,Hommes,18
02,23,53,Préfecture,Danyi,Plateaux,75-79,Urbain,Femmes,25
02,23,53,Préfecture,Danyi,Plateaux,75-79,Urbain,Ensemble,43
02,23,53,Préfecture,Danyi,Plateaux,75-79,Rural,Hommes,136
02,23,53,Préfecture,Danyi,Plateaux,75-79,Rural,Femmes,195
02,23,53,Préfecture,Danyi,Plateaux,75-79,Rural,Ensemble,331
02,23,53,Préfecture,Danyi,Plateaux,75-79,Total,Hommes,154
02,23,53,Préfecture,Danyi,Plateaux,75-79,Total,Femmes,220
02,23,53,Préfecture,Danyi,Plateaux,75-79,Total,Ensemble,374
02,23,53,Préfecture,Danyi,Plateaux,80-84,Urbain,Hommes,13
02,23,53,Préfecture,Danyi,Plateaux,80-84,Urbain,Femmes,16
02,23,53,Préfecture,Danyi,Plateaux,80-84,Urbain,Ensemble,29
02,23,53,Préfecture,Danyi,Plateaux,80-84,Rural,Hommes,86
02,23,53,Préfecture,Danyi,Plateaux,80-84,Rural,Femmes,134
02,23,53,Préfecture,Danyi,Plateaux,80-84,Rural,Ensemble,220
02,23,53,Préfecture,Danyi,Plateaux,80-84,Total,Hommes,99
02,23,53,Préfecture,Danyi,Plateaux,80-84,Total,Femmes,150
02,23,53,Préfecture,Danyi,Plateaux,80-84,Total,Ensemble,249
02,23,53,Préfecture,Danyi,Plateaux,85 et +,Urbain,Hommes,12
02,23,53,Préfecture,Danyi,Plateaux,85 et +,Urbain,Femmes,30
02,23,53,Préfecture,Danyi,Plateaux,85 et +,Urbain,Ensemble,42
02,23,53,Préfecture,Danyi,Plateaux,85 et +,Rural,Hommes,112
02,23,53,Préfecture,Danyi,Plateaux,85 et +,Rural,Femmes,202
02,23,53,Préfecture,Danyi,Plateaux,85 et +,Rural,Ensemble,314
02,23,53,Préfecture,Danyi,Plateaux,85 et +,Total,Hommes,124
02,23,53,Préfecture,Danyi,Plateaux,85 et +,Total,Femmes,232
02,23,53,Préfecture,Danyi,Plateaux,85 et +,Total,Ensemble,356
02,23,53,Préfecture,Danyi,Plateaux,ND,Urbain,Hommes,5
02,23,53,Préfecture,Danyi,Plateaux,ND,Urbain,Femmes,0
02,23,53,Préfecture,Danyi,Plateaux,ND,Urbain,Ensemble,5
02,23,53,Préfecture,Danyi,Plateaux,ND,Rural,Hommes,7
02,23,53,Préfecture,Danyi,Plateaux,ND,Rural,Femmes,25
02,23,53,Préfecture,Danyi,Plateaux,ND,Rural,Ensemble,32
02,23,53,Préfecture,Danyi,Plateaux,ND,Total,Hommes,12
02,23,53,Préfecture,Danyi,Plateaux,ND,Total,Femmes,25
02,23,53,Préfecture,Danyi,Plateaux,ND,Total,Ensemble,37
02,23,53,Préfecture,Danyi,Plateaux,Total,Urbain,Hommes,3409
02,23,53,Préfecture,Danyi,Plateaux,Total,Urbain,Femmes,3262
02,23,53,Préfecture,Danyi,Plateaux,Total,Urbain,Ensemble,6671
02,23,53,Préfecture,Danyi,Plateaux,Total,Rural,Hommes,17103
02,23,53,Préfecture,Danyi,Plateaux,Total,Rural,Femmes,16466
02,23,53,Préfecture,Danyi,Plateaux,Total,Rural,Ensemble,33569
02,23,53,Préfecture,Danyi,Plateaux,Total,Total,Hommes,20512
02,23,53,Préfecture,Danyi,Plateaux,Total,Total,Femmes,19728
02,23,53,Préfecture,Danyi,Plateaux,Total,Total,Ensemble,40240
02,24,54,Préfecture,Wawa,Plateaux,0,Urbain,Hommes,149
02,24,54,Préfecture,Wawa,Plateaux,0,Urbain,Femmes,139
02,24,54,Préfecture,Wawa,Plateaux,0,Urbain,Ensemble,288
02,24,54,Préfecture,Wawa,Plateaux,0,Rural,Hommes,1208
02,24,54,Préfecture,Wawa,Plateaux,0,Rural,Femmes,1197
02,24,54,Préfecture,Wawa,Plateaux,0,Rural,Ensemble,2405
02,24,54,Préfecture,Wawa,Plateaux,0,Total,Hommes,1357
02,24,54,Préfecture,Wawa,Plateaux,0,Total,Femmes,1336
02,24,54,Préfecture,Wawa,Plateaux,0,Total,Ensemble,2693
02,24,54,Préfecture,Wawa,Plateaux,1-4,Urbain,Hommes,605
02,24,54,Préfecture,Wawa,Plateaux,1-4,Urbain,Femmes,596
02,24,54,Préfecture,Wawa,Plateaux,1-4,Urbain,Ensemble,1201
02,24,54,Préfecture,Wawa,Plateaux,1-4,Rural,Hommes,5199
02,24,54,Préfecture,Wawa,Plateaux,1-4,Rural,Femmes,5029
02,24,54,Préfecture,Wawa,Plateaux,1-4,Rural,Ensemble,10228
02,24,54,Préfecture,Wawa,Plateaux,1-4,Total,Hommes,5804
02,24,54,Préfecture,Wawa,Plateaux,1-4,Total,Femmes,5625
02,24,54,Préfecture,Wawa,Plateaux,1-4,Total,Ensemble,11429
02,24,54,Préfecture,Wawa,Plateaux,5-9,Urbain,Hommes,832
02,24,54,Préfecture,Wawa,Plateaux,5-9,Urbain,Femmes,770
02,24,54,Préfecture,Wawa,Plateaux,5-9,Urbain,Ensemble,1602
02,24,54,Préfecture,Wawa,Plateaux,5-9,Rural,Hommes,7068
02,24,54,Préfecture,Wawa,Plateaux,5-9,Rural,Femmes,6686
02,24,54,Préfecture,Wawa,Plateaux,5-9,Rural,Ensemble,13754
02,24,54,Préfecture,Wawa,Plateaux,5-9,Total,Hommes,7900
02,24,54,Préfecture,Wawa,Plateaux,5-9,Total,Femmes,7456
02,24,54,Préfecture,Wawa,Plateaux,5-9,Total,Ensemble,15356
02,24,54,Préfecture,Wawa,Plateaux,10-14,Urbain,Hommes,757
02,24,54,Préfecture,Wawa,Plateaux,10-14,Urbain,Femmes,800
02,24,54,Préfecture,Wawa,Plateaux,10-14,Urbain,Ensemble,1557
02,24,54,Préfecture,Wawa,Plateaux,10-14,Rural,Hommes,6610
02,24,54,Préfecture,Wawa,Plateaux,10-14,Rural,Femmes,5637
02,24,54,Préfecture,Wawa,Plateaux,10-14,Rural,Ensemble,12247
02,24,54,Préfecture,Wawa,Plateaux,10-14,Total,Hommes,7367
02,24,54,Préfecture,Wawa,Plateaux,10-14,Total,Femmes,6437
02,24,54,Préfecture,Wawa,Plateaux,10-14,Total,Ensemble,13804
02,24,54,Préfecture,Wawa,Plateaux,15-19,Urbain,Hommes,648
02,24,54,Préfecture,Wawa,Plateaux,15-19,Urbain,Femmes,621
02,24,54,Préfecture,Wawa,Plateaux,15-19,Urbain,Ensemble,1269
02,24,54,Préfecture,Wawa,Plateaux,15-19,Rural,Hommes,3967
02,24,54,Préfecture,Wawa,Plateaux,15-19,Rural,Femmes,3473
02,24,54,Préfecture,Wawa,Plateaux,15-19,Rural,Ensemble,7440
02,24,54,Préfecture,Wawa,Plateaux,15-19,Total,Hommes,4615
02,24,54,Préfecture,Wawa,Plateaux,15-19,Total,Femmes,4094
02,24,54,Préfecture,Wawa,Plateaux,15-19,Total,Ensemble,8709
02,24,54,Préfecture,Wawa,Plateaux,20-24,Urbain,Hommes,391
02,24,54,Préfecture,Wawa,Plateaux,20-24,Urbain,Femmes,451
02,24,54,Préfecture,Wawa,Plateaux,20-24,Urbain,Ensemble,842
02,24,54,Préfecture,Wawa,Plateaux,20-24,Rural,Hommes,2574
02,24,54,Préfecture,Wawa,Plateaux,20-24,Rural,Femmes,3079
02,24,54,Préfecture,Wawa,Plateaux,20-24,Rural,Ensemble,5653
02,24,54,Préfecture,Wawa,Plateaux,20-24,Total,Hommes,2965
02,24,54,Préfecture,Wawa,Plateaux,20-24,Total,Femmes,3530
02,24,54,Préfecture,Wawa,Plateaux,20-24,Total,Ensemble,6495
02,24,54,Préfecture,Wawa,Plateaux,25-29,Urbain,Hommes,365
02,24,54,Préfecture,Wawa,Plateaux,25-29,Urbain,Femmes,487
02,24,54,Préfecture,Wawa,Plateaux,25-29,Urbain,Ensemble,852
02,24,54,Préfecture,Wawa,Plateaux,25-29,Rural,Hommes,2332
02,24,54,Préfecture,Wawa,Plateaux,25-29,Rural,Femmes,2728
02,24,54,Préfecture,Wawa,Plateaux,25-29,Rural,Ensemble,5060
02,24,54,Préfecture,Wawa,Plateaux,25-29,Total,Hommes,2697
02,24,54,Préfecture,Wawa,Plateaux,25-29,Total,Femmes,3215
02,24,54,Préfecture,Wawa,Plateaux,25-29,Total,Ensemble,5912
02,24,54,Préfecture,Wawa,Plateaux,30-34,Urbain,Hommes,374
02,24,54,Préfecture,Wawa,Plateaux,30-34,Urbain,Femmes,457
02,24,54,Préfecture,Wawa,Plateaux,30-34,Urbain,Ensemble,831
02,24,54,Préfecture,Wawa,Plateaux,30-34,Rural,Hommes,2705
02,24,54,Préfecture,Wawa,Plateaux,30-34,Rural,Femmes,2769
02,24,54,Préfecture,Wawa,Plateaux,30-34,Rural,Ensemble,5474
02,24,54,Préfecture,Wawa,Plateaux,30-34,Total,Hommes,3079
02,24,54,Préfecture,Wawa,Plateaux,30-34,Total,Femmes,3226
02,24,54,Préfecture,Wawa,Plateaux,30-34,Total,Ensemble,6305
02,24,54,Préfecture,Wawa,Plateaux,35-39,Urbain,Hommes,387
02,24,54,Préfecture,Wawa,Plateaux,35-39,Urbain,Femmes,349
02,24,54,Préfecture,Wawa,Plateaux,35-39,Urbain,Ensemble,736
02,24,54,Préfecture,Wawa,Plateaux,35-39,Rural,Hommes,2599
02,24,54,Préfecture,Wawa,Plateaux,35-39,Rural,Femmes,2715
02,24,54,Préfecture,Wawa,Plateaux,35-39,Rural,Ensemble,5314
02,24,54,Préfecture,Wawa,Plateaux,35-39,Total,Hommes,2986
02,24,54,Préfecture,Wawa,Plateaux,35-39,Total,Femmes,3064
02,24,54,Préfecture,Wawa,Plateaux,35-39,Total,Ensemble,6050
02,24,54,Préfecture,Wawa,Plateaux,40-44,Urbain,Hommes,299
02,24,54,Préfecture,Wawa,Plateaux,40-44,Urbain,Femmes,280
02,24,54,Préfecture,Wawa,Plateaux,40-44,Urbain,Ensemble,579
02,24,54,Préfecture,Wawa,Plateaux,40-44,Rural,Hommes,2298
02,24,54,Préfecture,Wawa,Plateaux,40-44,Rural,Femmes,2355
02,24,54,Préfecture,Wawa,Plateaux,40-44,Rural,Ensemble,4653
02,24,54,Préfecture,Wawa,Plateaux,40-44,Total,Hommes,2597
02,24,54,Préfecture,Wawa,Plateaux,40-44,Total,Femmes,2635
02,24,54,Préfecture,Wawa,Plateaux,40-44,Total,Ensemble,5232
02,24,54,Préfecture,Wawa,Plateaux,45-49,Urbain,Hommes,240
02,24,54,Préfecture,Wawa,Plateaux,45-49,Urbain,Femmes,176
02,24,54,Préfecture,Wawa,Plateaux,45-49,Urbain,Ensemble,416
02,24,54,Préfecture,Wawa,Plateaux,45-49,Rural,Hommes,2062
02,24,54,Préfecture,Wawa,Plateaux,45-49,Rural,Femmes,1933
02,24,54,Préfecture,Wawa,Plateaux,45-49,Rural,Ensemble,3995
02,24,54,Préfecture,Wawa,Plateaux,45-49,Total,Hommes,2302
02,24,54,Préfecture,Wawa,Plateaux,45-49,Total,Femmes,2109
02,24,54,Préfecture,Wawa,Plateaux,45-49,Total,Ensemble,4411
02,24,54,Préfecture,Wawa,Plateaux,50-54,Urbain,Hommes,190
02,24,54,Préfecture,Wawa,Plateaux,50-54,Urbain,Femmes,194
02,24,54,Préfecture,Wawa,Plateaux,50-54,Urbain,Ensemble,384
02,24,54,Préfecture,Wawa,Plateaux,50-54,Rural,Hommes,1975
02,24,54,Préfecture,Wawa,Plateaux,50-54,Rural,Femmes,1868
02,24,54,Préfecture,Wawa,Plateaux,50-54,Rural,Ensemble,3843
02,24,54,Préfecture,Wawa,Plateaux,50-54,Total,Hommes,2165
02,24,54,Préfecture,Wawa,Plateaux,50-54,Total,Femmes,2062
02,24,54,Préfecture,Wawa,Plateaux,50-54,Total,Ensemble,4227
02,24,54,Préfecture,Wawa,Plateaux,55-59,Urbain,Hommes,164
02,24,54,Préfecture,Wawa,Plateaux,55-59,Urbain,Femmes,131
02,24,54,Préfecture,Wawa,Plateaux,55-59,Urbain,Ensemble,295
02,24,54,Préfecture,Wawa,Plateaux,55-59,Rural,Hommes,1663
02,24,54,Préfecture,Wawa,Plateaux,55-59,Rural,Femmes,1310
02,24,54,Préfecture,Wawa,Plateaux,55-59,Rural,Ensemble,2973
02,24,54,Préfecture,Wawa,Plateaux,55-59,Total,Hommes,1827
02,24,54,Préfecture,Wawa,Plateaux,55-59,Total,Femmes,1441
02,24,54,Préfecture,Wawa,Plateaux,55-59,Total,Ensemble,3268
02,24,54,Préfecture,Wawa,Plateaux,60-64,Urbain,Hommes,123
02,24,54,Préfecture,Wawa,Plateaux,60-64,Urbain,Femmes,127
02,24,54,Préfecture,Wawa,Plateaux,60-64,Urbain,Ensemble,250
02,24,54,Préfecture,Wawa,Plateaux,60-64,Rural,Hommes,1294
02,24,54,Préfecture,Wawa,Plateaux,60-64,Rural,Femmes,1183
02,24,54,Préfecture,Wawa,Plateaux,60-64,Rural,Ensemble,2477
02,24,54,Préfecture,Wawa,Plateaux,60-64,Total,Hommes,1417
02,24,54,Préfecture,Wawa,Plateaux,60-64,Total,Femmes,1310
02,24,54,Préfecture,Wawa,Plateaux,60-64,Total,Ensemble,2727
02,24,54,Préfecture,Wawa,Plateaux,65-69,Urbain,Hommes,84
02,24,54,Préfecture,Wawa,Plateaux,65-69,Urbain,Femmes,81
02,24,54,Préfecture,Wawa,Plateaux,65-69,Urbain,Ensemble,165
02,24,54,Préfecture,Wawa,Plateaux,65-69,Rural,Hommes,714
02,24,54,Préfecture,Wawa,Plateaux,65-69,Rural,Femmes,644
02,24,54,Préfecture,Wawa,Plateaux,65-69,Rural,Ensemble,1358
02,24,54,Préfecture,Wawa,Plateaux,65-69,Total,Hommes,798
02,24,54,Préfecture,Wawa,Plateaux,65-69,Total,Femmes,725
02,24,54,Préfecture,Wawa,Plateaux,65-69,Total,Ensemble,1523
02,24,54,Préfecture,Wawa,Plateaux,70-74,Urbain,Hommes,44
02,24,54,Préfecture,Wawa,Plateaux,70-74,Urbain,Femmes,39
02,24,54,Préfecture,Wawa,Plateaux,70-74,Urbain,Ensemble,83
02,24,54,Préfecture,Wawa,Plateaux,70-74,Rural,Hommes,544
02,24,54,Préfecture,Wawa,Plateaux,70-74,Rural,Femmes,522
02,24,54,Préfecture,Wawa,Plateaux,70-74,Rural,Ensemble,1066
02,24,54,Préfecture,Wawa,Plateaux,70-74,Total,Hommes,588
02,24,54,Préfecture,Wawa,Plateaux,70-74,Total,Femmes,561
02,24,54,Préfecture,Wawa,Plateaux,70-74,Total,Ensemble,1149
02,24,54,Préfecture,Wawa,Plateaux,75-79,Urbain,Hommes,30
02,24,54,Préfecture,Wawa,Plateaux,75-79,Urbain,Femmes,27
02,24,54,Préfecture,Wawa,Plateaux,75-79,Urbain,Ensemble,57
02,24,54,Préfecture,Wawa,Plateaux,75-79,Rural,Hommes,316
02,24,54,Préfecture,Wawa,Plateaux,75-79,Rural,Femmes,359
02,24,54,Préfecture,Wawa,Plateaux,75-79,Rural,Ensemble,675
02,24,54,Préfecture,Wawa,Plateaux,75-79,Total,Hommes,346
02,24,54,Préfecture,Wawa,Plateaux,75-79,Total,Femmes,386
02,24,54,Préfecture,Wawa,Plateaux,75-79,Total,Ensemble,732
02,24,54,Préfecture,Wawa,Plateaux,80-84,Urbain,Hommes,10
02,24,54,Préfecture,Wawa,Plateaux,80-84,Urbain,Femmes,26
02,24,54,Préfecture,Wawa,Plateaux,80-84,Urbain,Ensemble,36
02,24,54,Préfecture,Wawa,Plateaux,80-84,Rural,Hommes,249
02,24,54,Préfecture,Wawa,Plateaux,80-84,Rural,Femmes,277
02,24,54,Préfecture,Wawa,Plateaux,80-84,Rural,Ensemble,526
02,24,54,Préfecture,Wawa,Plateaux,80-84,Total,Hommes,259
02,24,54,Préfecture,Wawa,Plateaux,80-84,Total,Femmes,303
02,24,54,Préfecture,Wawa,Plateaux,80-84,Total,Ensemble,562
02,24,54,Préfecture,Wawa,Plateaux,85 et +,Urbain,Hommes,10
02,24,54,Préfecture,Wawa,Plateaux,85 et +,Urbain,Femmes,47
02,24,54,Préfecture,Wawa,Plateaux,85 et +,Urbain,Ensemble,57
02,24,54,Préfecture,Wawa,Plateaux,85 et +,Rural,Hommes,262
02,24,54,Préfecture,Wawa,Plateaux,85 et +,Rural,Femmes,320
02,24,54,Préfecture,Wawa,Plateaux,85 et +,Rural,Ensemble,582
02,24,54,Préfecture,Wawa,Plateaux,85 et +,Total,Hommes,272
02,24,54,Préfecture,Wawa,Plateaux,85 et +,Total,Femmes,367
02,24,54,Préfecture,Wawa,Plateaux,85 et +,Total,Ensemble,639
02,24,54,Préfecture,Wawa,Plateaux,ND,Urbain,Hommes,2
02,24,54,Préfecture,Wawa,Plateaux,ND,Urbain,Femmes,1
02,24,54,Préfecture,Wawa,Plateaux,ND,Urbain,Ensemble,3
02,24,54,Préfecture,Wawa,Plateaux,ND,Rural,Hommes,40
02,24,54,Préfecture,Wawa,Plateaux,ND,Rural,Femmes,34
02,24,54,Préfecture,Wawa,Plateaux,ND,Rural,Ensemble,74
02,24,54,Préfecture,Wawa,Plateaux,ND,Total,Hommes,42
02,24,54,Préfecture,Wawa,Plateaux,ND,Total,Femmes,35
02,24,54,Préfecture,Wawa,Plateaux,ND,Total,Ensemble,77
02,24,54,Préfecture,Wawa,Plateaux,Total,Urbain,Hommes,5704
02,24,54,Préfecture,Wawa,Plateaux,Total,Urbain,Femmes,5799
02,24,54,Préfecture,Wawa,Plateaux,Total,Urbain,Ensemble,11503
02,24,54,Préfecture,Wawa,Plateaux,Total,Rural,Hommes,45679
02,24,54,Préfecture,Wawa,Plateaux,Total,Rural,Femmes,44118
02,24,54,Préfecture,Wawa,Plateaux,Total,Rural,Ensemble,89797
02,24,54,Préfecture,Wawa,Plateaux,Total,Total,Hommes,51383
02,24,54,Préfecture,Wawa,Plateaux,Total,Total,Femmes,49917
02,24,54,Préfecture,Wawa,Plateaux,Total,Total,Ensemble,101300
02,25,55,Préfecture,Akebou,Plateaux,0,Urbain,Hommes,120
02,25,55,Préfecture,Akebou,Plateaux,0,Urbain,Femmes,115
02,25,55,Préfecture,Akebou,Plateaux,0,Urbain,Ensemble,235
02,25,55,Préfecture,Akebou,Plateaux,0,Rural,Hommes,876
02,25,55,Préfecture,Akebou,Plateaux,0,Rural,Femmes,846
02,25,55,Préfecture,Akebou,Plateaux,0,Rural,Ensemble,1722
02,25,55,Préfecture,Akebou,Plateaux,0,Total,Hommes,996
02,25,55,Préfecture,Akebou,Plateaux,0,Total,Femmes,961
02,25,55,Préfecture,Akebou,Plateaux,0,Total,Ensemble,1957
02,25,55,Préfecture,Akebou,Plateaux,1-4,Urbain,Hommes,446
02,25,55,Préfecture,Akebou,Plateaux,1-4,Urbain,Femmes,430
02,25,55,Préfecture,Akebou,Plateaux,1-4,Urbain,Ensemble,876
02,25,55,Préfecture,Akebou,Plateaux,1-4,Rural,Hommes,4093
02,25,55,Préfecture,Akebou,Plateaux,1-4,Rural,Femmes,3956
02,25,55,Préfecture,Akebou,Plateaux,1-4,Rural,Ensemble,8049
02,25,55,Préfecture,Akebou,Plateaux,1-4,Total,Hommes,4539
02,25,55,Préfecture,Akebou,Plateaux,1-4,Total,Femmes,4386
02,25,55,Préfecture,Akebou,Plateaux,1-4,Total,Ensemble,8925
02,25,55,Préfecture,Akebou,Plateaux,5-9,Urbain,Hommes,562
02,25,55,Préfecture,Akebou,Plateaux,5-9,Urbain,Femmes,515
02,25,55,Préfecture,Akebou,Plateaux,5-9,Urbain,Ensemble,1077
02,25,55,Préfecture,Akebou,Plateaux,5-9,Rural,Hommes,5751
02,25,55,Préfecture,Akebou,Plateaux,5-9,Rural,Femmes,5529
02,25,55,Préfecture,Akebou,Plateaux,5-9,Rural,Ensemble,11280
02,25,55,Préfecture,Akebou,Plateaux,5-9,Total,Hommes,6313
02,25,55,Préfecture,Akebou,Plateaux,5-9,Total,Femmes,6044
02,25,55,Préfecture,Akebou,Plateaux,5-9,Total,Ensemble,12357
02,25,55,Préfecture,Akebou,Plateaux,10-14,Urbain,Hommes,632
02,25,55,Préfecture,Akebou,Plateaux,10-14,Urbain,Femmes,554
02,25,55,Préfecture,Akebou,Plateaux,10-14,Urbain,Ensemble,1186
02,25,55,Préfecture,Akebou,Plateaux,10-14,Rural,Hommes,4718
02,25,55,Préfecture,Akebou,Plateaux,10-14,Rural,Femmes,3823
02,25,55,Préfecture,Akebou,Plateaux,10-14,Rural,Ensemble,8541
02,25,55,Préfecture,Akebou,Plateaux,10-14,Total,Hommes,5350
02,25,55,Préfecture,Akebou,Plateaux,10-14,Total,Femmes,4377
02,25,55,Préfecture,Akebou,Plateaux,10-14,Total,Ensemble,9727
02,25,55,Préfecture,Akebou,Plateaux,15-19,Urbain,Hommes,496
02,25,55,Préfecture,Akebou,Plateaux,15-19,Urbain,Femmes,520
02,25,55,Préfecture,Akebou,Plateaux,15-19,Urbain,Ensemble,1016
02,25,55,Préfecture,Akebou,Plateaux,15-19,Rural,Hommes,2700
02,25,55,Préfecture,Akebou,Plateaux,15-19,Rural,Femmes,2583
02,25,55,Préfecture,Akebou,Plateaux,15-19,Rural,Ensemble,5283
02,25,55,Préfecture,Akebou,Plateaux,15-19,Total,Hommes,3196
02,25,55,Préfecture,Akebou,Plateaux,15-19,Total,Femmes,3103
02,25,55,Préfecture,Akebou,Plateaux,15-19,Total,Ensemble,6299
02,25,55,Préfecture,Akebou,Plateaux,20-24,Urbain,Hommes,322
02,25,55,Préfecture,Akebou,Plateaux,20-24,Urbain,Femmes,358
02,25,55,Préfecture,Akebou,Plateaux,20-24,Urbain,Ensemble,680
02,25,55,Préfecture,Akebou,Plateaux,20-24,Rural,Hommes,2262
02,25,55,Préfecture,Akebou,Plateaux,20-24,Rural,Femmes,2940
02,25,55,Préfecture,Akebou,Plateaux,20-24,Rural,Ensemble,5202
02,25,55,Préfecture,Akebou,Plateaux,20-24,Total,Hommes,2584
02,25,55,Préfecture,Akebou,Plateaux,20-24,Total,Femmes,3298
02,25,55,Préfecture,Akebou,Plateaux,20-24,Total,Ensemble,5882
02,25,55,Préfecture,Akebou,Plateaux,25-29,Urbain,Hommes,218
02,25,55,Préfecture,Akebou,Plateaux,25-29,Urbain,Femmes,284
02,25,55,Préfecture,Akebou,Plateaux,25-29,Urbain,Ensemble,502
02,25,55,Préfecture,Akebou,Plateaux,25-29,Rural,Hommes,2163
02,25,55,Préfecture,Akebou,Plateaux,25-29,Rural,Femmes,2622
02,25,55,Préfecture,Akebou,Plateaux,25-29,Rural,Ensemble,4785
02,25,55,Préfecture,Akebou,Plateaux,25-29,Total,Hommes,2381
02,25,55,Préfecture,Akebou,Plateaux,25-29,Total,Femmes,2906
02,25,55,Préfecture,Akebou,Plateaux,25-29,Total,Ensemble,5287
02,25,55,Préfecture,Akebou,Plateaux,30-34,Urbain,Hommes,287
02,25,55,Préfecture,Akebou,Plateaux,30-34,Urbain,Femmes,310
02,25,55,Préfecture,Akebou,Plateaux,30-34,Urbain,Ensemble,597
02,25,55,Préfecture,Akebou,Plateaux,30-34,Rural,Hommes,2387
02,25,55,Préfecture,Akebou,Plateaux,30-34,Rural,Femmes,2410
02,25,55,Préfecture,Akebou,Plateaux,30-34,Rural,Ensemble,4797
02,25,55,Préfecture,Akebou,Plateaux,30-34,Total,Hommes,2674
02,25,55,Préfecture,Akebou,Plateaux,30-34,Total,Femmes,2720
02,25,55,Préfecture,Akebou,Plateaux,30-34,Total,Ensemble,5394
02,25,55,Préfecture,Akebou,Plateaux,35-39,Urbain,Hommes,261
02,25,55,Préfecture,Akebou,Plateaux,35-39,Urbain,Femmes,207
02,25,55,Préfecture,Akebou,Plateaux,35-39,Urbain,Ensemble,468
02,25,55,Préfecture,Akebou,Plateaux,35-39,Rural,Hommes,2006
02,25,55,Préfecture,Akebou,Plateaux,35-39,Rural,Femmes,1856
02,25,55,Préfecture,Akebou,Plateaux,35-39,Rural,Ensemble,3862
02,25,55,Préfecture,Akebou,Plateaux,35-39,Total,Hommes,2267
02,25,55,Préfecture,Akebou,Plateaux,35-39,Total,Femmes,2063
02,25,55,Préfecture,Akebou,Plateaux,35-39,Total,Ensemble,4330
02,25,55,Préfecture,Akebou,Plateaux,40-44,Urbain,Hommes,170
02,25,55,Préfecture,Akebou,Plateaux,40-44,Urbain,Femmes,156
02,25,55,Préfecture,Akebou,Plateaux,40-44,Urbain,Ensemble,326
02,25,55,Préfecture,Akebou,Plateaux,40-44,Rural,Hommes,1605
02,25,55,Préfecture,Akebou,Plateaux,40-44,Rural,Femmes,1591
02,25,55,Préfecture,Akebou,Plateaux,40-44,Rural,Ensemble,3196
02,25,55,Préfecture,Akebou,Plateaux,40-44,Total,Hommes,1775
02,25,55,Préfecture,Akebou,Plateaux,40-44,Total,Femmes,1747
02,25,55,Préfecture,Akebou,Plateaux,40-44,Total,Ensemble,3522
02,25,55,Préfecture,Akebou,Plateaux,45-49,Urbain,Hommes,108
02,25,55,Préfecture,Akebou,Plateaux,45-49,Urbain,Femmes,117
02,25,55,Préfecture,Akebou,Plateaux,45-49,Urbain,Ensemble,225
02,25,55,Préfecture,Akebou,Plateaux,45-49,Rural,Hommes,1160
02,25,55,Préfecture,Akebou,Plateaux,45-49,Rural,Femmes,1126
02,25,55,Préfecture,Akebou,Plateaux,45-49,Rural,Ensemble,2286
02,25,55,Préfecture,Akebou,Plateaux,45-49,Total,Hommes,1268
02,25,55,Préfecture,Akebou,Plateaux,45-49,Total,Femmes,1243
02,25,55,Préfecture,Akebou,Plateaux,45-49,Total,Ensemble,2511
02,25,55,Préfecture,Akebou,Plateaux,50-54,Urbain,Hommes,105
02,25,55,Préfecture,Akebou,Plateaux,50-54,Urbain,Femmes,105
02,25,55,Préfecture,Akebou,Plateaux,50-54,Urbain,Ensemble,210
02,25,55,Préfecture,Akebou,Plateaux,50-54,Rural,Hommes,1085
02,25,55,Préfecture,Akebou,Plateaux,50-54,Rural,Femmes,1041
02,25,55,Préfecture,Akebou,Plateaux,50-54,Rural,Ensemble,2126
02,25,55,Préfecture,Akebou,Plateaux,50-54,Total,Hommes,1190
02,25,55,Préfecture,Akebou,Plateaux,50-54,Total,Femmes,1146
02,25,55,Préfecture,Akebou,Plateaux,50-54,Total,Ensemble,2336
02,25,55,Préfecture,Akebou,Plateaux,55-59,Urbain,Hommes,67
02,25,55,Préfecture,Akebou,Plateaux,55-59,Urbain,Femmes,77
02,25,55,Préfecture,Akebou,Plateaux,55-59,Urbain,Ensemble,144
02,25,55,Préfecture,Akebou,Plateaux,55-59,Rural,Hommes,869
02,25,55,Préfecture,Akebou,Plateaux,55-59,Rural,Femmes,627
02,25,55,Préfecture,Akebou,Plateaux,55-59,Rural,Ensemble,1496
02,25,55,Préfecture,Akebou,Plateaux,55-59,Total,Hommes,936
02,25,55,Préfecture,Akebou,Plateaux,55-59,Total,Femmes,704
02,25,55,Préfecture,Akebou,Plateaux,55-59,Total,Ensemble,1640
02,25,55,Préfecture,Akebou,Plateaux,60-64,Urbain,Hommes,58
02,25,55,Préfecture,Akebou,Plateaux,60-64,Urbain,Femmes,76
02,25,55,Préfecture,Akebou,Plateaux,60-64,Urbain,Ensemble,134
02,25,55,Préfecture,Akebou,Plateaux,60-64,Rural,Hommes,656
02,25,55,Préfecture,Akebou,Plateaux,60-64,Rural,Femmes,591
02,25,55,Préfecture,Akebou,Plateaux,60-64,Rural,Ensemble,1247
02,25,55,Préfecture,Akebou,Plateaux,60-64,Total,Hommes,714
02,25,55,Préfecture,Akebou,Plateaux,60-64,Total,Femmes,667
02,25,55,Préfecture,Akebou,Plateaux,60-64,Total,Ensemble,1381
02,25,55,Préfecture,Akebou,Plateaux,65-69,Urbain,Hommes,32
02,25,55,Préfecture,Akebou,Plateaux,65-69,Urbain,Femmes,51
02,25,55,Préfecture,Akebou,Plateaux,65-69,Urbain,Ensemble,83
02,25,55,Préfecture,Akebou,Plateaux,65-69,Rural,Hommes,296
02,25,55,Préfecture,Akebou,Plateaux,65-69,Rural,Femmes,321
02,25,55,Préfecture,Akebou,Plateaux,65-69,Rural,Ensemble,617
02,25,55,Préfecture,Akebou,Plateaux,65-69,Total,Hommes,328
02,25,55,Préfecture,Akebou,Plateaux,65-69,Total,Femmes,372
02,25,55,Préfecture,Akebou,Plateaux,65-69,Total,Ensemble,700
02,25,55,Préfecture,Akebou,Plateaux,70-74,Urbain,Hommes,20
02,25,55,Préfecture,Akebou,Plateaux,70-74,Urbain,Femmes,32
02,25,55,Préfecture,Akebou,Plateaux,70-74,Urbain,Ensemble,52
02,25,55,Préfecture,Akebou,Plateaux,70-74,Rural,Hommes,257
02,25,55,Préfecture,Akebou,Plateaux,70-74,Rural,Femmes,276
02,25,55,Préfecture,Akebou,Plateaux,70-74,Rural,Ensemble,533
02,25,55,Préfecture,Akebou,Plateaux,70-74,Total,Hommes,277
02,25,55,Préfecture,Akebou,Plateaux,70-74,Total,Femmes,308
02,25,55,Préfecture,Akebou,Plateaux,70-74,Total,Ensemble,585
02,25,55,Préfecture,Akebou,Plateaux,75-79,Urbain,Hommes,6
02,25,55,Préfecture,Akebou,Plateaux,75-79,Urbain,Femmes,20
02,25,55,Préfecture,Akebou,Plateaux,75-79,Urbain,Ensemble,26
02,25,55,Préfecture,Akebou,Plateaux,75-79,Rural,Hommes,137
02,25,55,Préfecture,Akebou,Plateaux,75-79,Rural,Femmes,148
02,25,55,Préfecture,Akebou,Plateaux,75-79,Rural,Ensemble,285
02,25,55,Préfecture,Akebou,Plateaux,75-79,Total,Hommes,143
02,25,55,Préfecture,Akebou,Plateaux,75-79,Total,Femmes,168
02,25,55,Préfecture,Akebou,Plateaux,75-79,Total,Ensemble,311
02,25,55,Préfecture,Akebou,Plateaux,80-84,Urbain,Hommes,11
02,25,55,Préfecture,Akebou,Plateaux,80-84,Urbain,Femmes,20
02,25,55,Préfecture,Akebou,Plateaux,80-84,Urbain,Ensemble,31
02,25,55,Préfecture,Akebou,Plateaux,80-84,Rural,Hommes,111
02,25,55,Préfecture,Akebou,Plateaux,80-84,Rural,Femmes,131
02,25,55,Préfecture,Akebou,Plateaux,80-84,Rural,Ensemble,242
02,25,55,Préfecture,Akebou,Plateaux,80-84,Total,Hommes,122
02,25,55,Préfecture,Akebou,Plateaux,80-84,Total,Femmes,151
02,25,55,Préfecture,Akebou,Plateaux,80-84,Total,Ensemble,273
02,25,55,Préfecture,Akebou,Plateaux,85 et +,Urbain,Hommes,11
02,25,55,Préfecture,Akebou,Plateaux,85 et +,Urbain,Femmes,10
02,25,55,Préfecture,Akebou,Plateaux,85 et +,Urbain,Ensemble,21
02,25,55,Préfecture,Akebou,Plateaux,85 et +,Rural,Hommes,117
02,25,55,Préfecture,Akebou,Plateaux,85 et +,Rural,Femmes,188
02,25,55,Préfecture,Akebou,Plateaux,85 et +,Rural,Ensemble,305
02,25,55,Préfecture,Akebou,Plateaux,85 et +,Total,Hommes,128
02,25,55,Préfecture,Akebou,Plateaux,85 et +,Total,Femmes,198
02,25,55,Préfecture,Akebou,Plateaux,85 et +,Total,Ensemble,326
02,25,55,Préfecture,Akebou,Plateaux,ND,Urbain,Hommes,20
02,25,55,Préfecture,Akebou,Plateaux,ND,Urbain,Femmes,9
02,25,55,Préfecture,Akebou,Plateaux,ND,Urbain,Ensemble,29
02,25,55,Préfecture,Akebou,Plateaux,ND,Rural,Hommes,35
02,25,55,Préfecture,Akebou,Plateaux,ND,Rural,Femmes,23
02,25,55,Préfecture,Akebou,Plateaux,ND,Rural,Ensemble,58
02,25,55,Préfecture,Akebou,Plateaux,ND,Total,Hommes,55
02,25,55,Préfecture,Akebou,Plateaux,ND,Total,Femmes,32
02,25,55,Préfecture,Akebou,Plateaux,ND,Total,Ensemble,87
02,25,55,Préfecture,Akebou,Plateaux,Total,Urbain,Hommes,3952
02,25,55,Préfecture,Akebou,Plateaux,Total,Urbain,Femmes,3966
02,25,55,Préfecture,Akebou,Plateaux,Total,Urbain,Ensemble,7918
02,25,55,Préfecture,Akebou,Plateaux,Total,Rural,Hommes,33284
02,25,55,Préfecture,Akebou,Plateaux,Total,Rural,Femmes,32628
02,25,55,Préfecture,Akebou,Plateaux,Total,Rural,Ensemble,65912
02,25,55,Préfecture,Akebou,Plateaux,Total,Total,Hommes,37236
02,25,55,Préfecture,Akebou,Plateaux,Total,Total,Femmes,36594
02,25,55,Préfecture,Akebou,Plateaux,Total,Total,Ensemble,73830
02,26,56,Préfecture,Amou,Plateaux,0,Urbain,Hommes,102
02,26,56,Préfecture,Amou,Plateaux,0,Urbain,Femmes,109
02,26,56,Préfecture,Amou,Plateaux,0,Urbain,Ensemble,211
02,26,56,Préfecture,Amou,Plateaux,0,Rural,Hommes,1425
02,26,56,Préfecture,Amou,Plateaux,0,Rural,Femmes,1447
02,26,56,Préfecture,Amou,Plateaux,0,Rural,Ensemble,2872
02,26,56,Préfecture,Amou,Plateaux,0,Total,Hommes,1527
02,26,56,Préfecture,Amou,Plateaux,0,Total,Femmes,1556
02,26,56,Préfecture,Amou,Plateaux,0,Total,Ensemble,3083
02,26,56,Préfecture,Amou,Plateaux,1-4,Urbain,Hommes,369
02,26,56,Préfecture,Amou,Plateaux,1-4,Urbain,Femmes,373
02,26,56,Préfecture,Amou,Plateaux,1-4,Urbain,Ensemble,742
02,26,56,Préfecture,Amou,Plateaux,1-4,Rural,Hommes,6168
02,26,56,Préfecture,Amou,Plateaux,1-4,Rural,Femmes,5792
02,26,56,Préfecture,Amou,Plateaux,1-4,Rural,Ensemble,11960
02,26,56,Préfecture,Amou,Plateaux,1-4,Total,Hommes,6537
02,26,56,Préfecture,Amou,Plateaux,1-4,Total,Femmes,6165
02,26,56,Préfecture,Amou,Plateaux,1-4,Total,Ensemble,12702
02,26,56,Préfecture,Amou,Plateaux,5-9,Urbain,Hommes,501
02,26,56,Préfecture,Amou,Plateaux,5-9,Urbain,Femmes,487
02,26,56,Préfecture,Amou,Plateaux,5-9,Urbain,Ensemble,988
02,26,56,Préfecture,Amou,Plateaux,5-9,Rural,Hommes,8206
02,26,56,Préfecture,Amou,Plateaux,5-9,Rural,Femmes,7674
02,26,56,Préfecture,Amou,Plateaux,5-9,Rural,Ensemble,15880
02,26,56,Préfecture,Amou,Plateaux,5-9,Total,Hommes,8707
02,26,56,Préfecture,Amou,Plateaux,5-9,Total,Femmes,8161
02,26,56,Préfecture,Amou,Plateaux,5-9,Total,Ensemble,16868
02,26,56,Préfecture,Amou,Plateaux,10-14,Urbain,Hommes,661
02,26,56,Préfecture,Amou,Plateaux,10-14,Urbain,Femmes,657
02,26,56,Préfecture,Amou,Plateaux,10-14,Urbain,Ensemble,1318
02,26,56,Préfecture,Amou,Plateaux,10-14,Rural,Hommes,7579
02,26,56,Préfecture,Amou,Plateaux,10-14,Rural,Femmes,6663
02,26,56,Préfecture,Amou,Plateaux,10-14,Rural,Ensemble,14242
02,26,56,Préfecture,Amou,Plateaux,10-14,Total,Hommes,8240
02,26,56,Préfecture,Amou,Plateaux,10-14,Total,Femmes,7320
02,26,56,Préfecture,Amou,Plateaux,10-14,Total,Ensemble,15560
02,26,56,Préfecture,Amou,Plateaux,15-19,Urbain,Hommes,494
02,26,56,Préfecture,Amou,Plateaux,15-19,Urbain,Femmes,468
02,26,56,Préfecture,Amou,Plateaux,15-19,Urbain,Ensemble,962
02,26,56,Préfecture,Amou,Plateaux,15-19,Rural,Hommes,4958
02,26,56,Préfecture,Amou,Plateaux,15-19,Rural,Femmes,4429
02,26,56,Préfecture,Amou,Plateaux,15-19,Rural,Ensemble,9387
02,26,56,Préfecture,Amou,Plateaux,15-19,Total,Hommes,5452
02,26,56,Préfecture,Amou,Plateaux,15-19,Total,Femmes,4897
02,26,56,Préfecture,Amou,Plateaux,15-19,Total,Ensemble,10349
02,26,56,Préfecture,Amou,Plateaux,20-24,Urbain,Hommes,272
02,26,56,Préfecture,Amou,Plateaux,20-24,Urbain,Femmes,332
02,26,56,Préfecture,Amou,Plateaux,20-24,Urbain,Ensemble,604
02,26,56,Préfecture,Amou,Plateaux,20-24,Rural,Hommes,3145
02,26,56,Préfecture,Amou,Plateaux,20-24,Rural,Femmes,3823
02,26,56,Préfecture,Amou,Plateaux,20-24,Rural,Ensemble,6968
02,26,56,Préfecture,Amou,Plateaux,20-24,Total,Hommes,3417
02,26,56,Préfecture,Amou,Plateaux,20-24,Total,Femmes,4155
02,26,56,Préfecture,Amou,Plateaux,20-24,Total,Ensemble,7572
02,26,56,Préfecture,Amou,Plateaux,25-29,Urbain,Hommes,223
02,26,56,Préfecture,Amou,Plateaux,25-29,Urbain,Femmes,247
02,26,56,Préfecture,Amou,Plateaux,25-29,Urbain,Ensemble,470
02,26,56,Préfecture,Amou,Plateaux,25-29,Rural,Hommes,2755
02,26,56,Préfecture,Amou,Plateaux,25-29,Rural,Femmes,3389
02,26,56,Préfecture,Amou,Plateaux,25-29,Rural,Ensemble,6144
02,26,56,Préfecture,Amou,Plateaux,25-29,Total,Hommes,2978
02,26,56,Préfecture,Amou,Plateaux,25-29,Total,Femmes,3636
02,26,56,Préfecture,Amou,Plateaux,25-29,Total,Ensemble,6614
02,26,56,Préfecture,Amou,Plateaux,30-34,Urbain,Hommes,233
02,26,56,Préfecture,Amou,Plateaux,30-34,Urbain,Femmes,235
02,26,56,Préfecture,Amou,Plateaux,30-34,Urbain,Ensemble,468
02,26,56,Préfecture,Amou,Plateaux,30-34,Rural,Hommes,3142
02,26,56,Préfecture,Amou,Plateaux,30-34,Rural,Femmes,3417
02,26,56,Préfecture,Amou,Plateaux,30-34,Rural,Ensemble,6559
02,26,56,Préfecture,Amou,Plateaux,30-34,Total,Hommes,3375
02,26,56,Préfecture,Amou,Plateaux,30-34,Total,Femmes,3652
02,26,56,Préfecture,Amou,Plateaux,30-34,Total,Ensemble,7027
02,26,56,Préfecture,Amou,Plateaux,35-39,Urbain,Hommes,199
02,26,56,Préfecture,Amou,Plateaux,35-39,Urbain,Femmes,252
02,26,56,Préfecture,Amou,Plateaux,35-39,Urbain,Ensemble,451
02,26,56,Préfecture,Amou,Plateaux,35-39,Rural,Hommes,2949
02,26,56,Préfecture,Amou,Plateaux,35-39,Rural,Femmes,3253
02,26,56,Préfecture,Amou,Plateaux,35-39,Rural,Ensemble,6202
02,26,56,Préfecture,Amou,Plateaux,35-39,Total,Hommes,3148
02,26,56,Préfecture,Amou,Plateaux,35-39,Total,Femmes,3505
02,26,56,Préfecture,Amou,Plateaux,35-39,Total,Ensemble,6653
02,26,56,Préfecture,Amou,Plateaux,40-44,Urbain,Hommes,147
02,26,56,Préfecture,Amou,Plateaux,40-44,Urbain,Femmes,160
02,26,56,Préfecture,Amou,Plateaux,40-44,Urbain,Ensemble,307
02,26,56,Préfecture,Amou,Plateaux,40-44,Rural,Hommes,2467
02,26,56,Préfecture,Amou,Plateaux,40-44,Rural,Femmes,2848
02,26,56,Préfecture,Amou,Plateaux,40-44,Rural,Ensemble,5315
02,26,56,Préfecture,Amou,Plateaux,40-44,Total,Hommes,2614
02,26,56,Préfecture,Amou,Plateaux,40-44,Total,Femmes,3008
02,26,56,Préfecture,Amou,Plateaux,40-44,Total,Ensemble,5622
02,26,56,Préfecture,Amou,Plateaux,45-49,Urbain,Hommes,170
02,26,56,Préfecture,Amou,Plateaux,45-49,Urbain,Femmes,179
02,26,56,Préfecture,Amou,Plateaux,45-49,Urbain,Ensemble,349
02,26,56,Préfecture,Amou,Plateaux,45-49,Rural,Hommes,2242
02,26,56,Préfecture,Amou,Plateaux,45-49,Rural,Femmes,2260
02,26,56,Préfecture,Amou,Plateaux,45-49,Rural,Ensemble,4502
02,26,56,Préfecture,Amou,Plateaux,45-49,Total,Hommes,2412
02,26,56,Préfecture,Amou,Plateaux,45-49,Total,Femmes,2439
02,26,56,Préfecture,Amou,Plateaux,45-49,Total,Ensemble,4851
02,26,56,Préfecture,Amou,Plateaux,50-54,Urbain,Hommes,148
02,26,56,Préfecture,Amou,Plateaux,50-54,Urbain,Femmes,163
02,26,56,Préfecture,Amou,Plateaux,50-54,Urbain,Ensemble,311
02,26,56,Préfecture,Amou,Plateaux,50-54,Rural,Hommes,2213
02,26,56,Préfecture,Amou,Plateaux,50-54,Rural,Femmes,2331
02,26,56,Préfecture,Amou,Plateaux,50-54,Rural,Ensemble,4544
02,26,56,Préfecture,Amou,Plateaux,50-54,Total,Hommes,2361
02,26,56,Préfecture,Amou,Plateaux,50-54,Total,Femmes,2494
02,26,56,Préfecture,Amou,Plateaux,50-54,Total,Ensemble,4855
02,26,56,Préfecture,Amou,Plateaux,55-59,Urbain,Hommes,133
02,26,56,Préfecture,Amou,Plateaux,55-59,Urbain,Femmes,117
02,26,56,Préfecture,Amou,Plateaux,55-59,Urbain,Ensemble,250
02,26,56,Préfecture,Amou,Plateaux,55-59,Rural,Hommes,1759
02,26,56,Préfecture,Amou,Plateaux,55-59,Rural,Femmes,1692
02,26,56,Préfecture,Amou,Plateaux,55-59,Rural,Ensemble,3451
02,26,56,Préfecture,Amou,Plateaux,55-59,Total,Hommes,1892
02,26,56,Préfecture,Amou,Plateaux,55-59,Total,Femmes,1809
02,26,56,Préfecture,Amou,Plateaux,55-59,Total,Ensemble,3701
02,26,56,Préfecture,Amou,Plateaux,60-64,Urbain,Hommes,87
02,26,56,Préfecture,Amou,Plateaux,60-64,Urbain,Femmes,119
02,26,56,Préfecture,Amou,Plateaux,60-64,Urbain,Ensemble,206
02,26,56,Préfecture,Amou,Plateaux,60-64,Rural,Hommes,1303
02,26,56,Préfecture,Amou,Plateaux,60-64,Rural,Femmes,1485
02,26,56,Préfecture,Amou,Plateaux,60-64,Rural,Ensemble,2788
02,26,56,Préfecture,Amou,Plateaux,60-64,Total,Hommes,1390
02,26,56,Préfecture,Amou,Plateaux,60-64,Total,Femmes,1604
02,26,56,Préfecture,Amou,Plateaux,60-64,Total,Ensemble,2994
02,26,56,Préfecture,Amou,Plateaux,65-69,Urbain,Hommes,52
02,26,56,Préfecture,Amou,Plateaux,65-69,Urbain,Femmes,58
02,26,56,Préfecture,Amou,Plateaux,65-69,Urbain,Ensemble,110
02,26,56,Préfecture,Amou,Plateaux,65-69,Rural,Hommes,814
02,26,56,Préfecture,Amou,Plateaux,65-69,Rural,Femmes,855
02,26,56,Préfecture,Amou,Plateaux,65-69,Rural,Ensemble,1669
02,26,56,Préfecture,Amou,Plateaux,65-69,Total,Hommes,866
02,26,56,Préfecture,Amou,Plateaux,65-69,Total,Femmes,913
02,26,56,Préfecture,Amou,Plateaux,65-69,Total,Ensemble,1779
02,26,56,Préfecture,Amou,Plateaux,70-74,Urbain,Hommes,41
02,26,56,Préfecture,Amou,Plateaux,70-74,Urbain,Femmes,43
02,26,56,Préfecture,Amou,Plateaux,70-74,Urbain,Ensemble,84
02,26,56,Préfecture,Amou,Plateaux,70-74,Rural,Hommes,547
02,26,56,Préfecture,Amou,Plateaux,70-74,Rural,Femmes,790
02,26,56,Préfecture,Amou,Plateaux,70-74,Rural,Ensemble,1337
02,26,56,Préfecture,Amou,Plateaux,70-74,Total,Hommes,588
02,26,56,Préfecture,Amou,Plateaux,70-74,Total,Femmes,833
02,26,56,Préfecture,Amou,Plateaux,70-74,Total,Ensemble,1421
02,26,56,Préfecture,Amou,Plateaux,75-79,Urbain,Hommes,16
02,26,56,Préfecture,Amou,Plateaux,75-79,Urbain,Femmes,31
02,26,56,Préfecture,Amou,Plateaux,75-79,Urbain,Ensemble,47
02,26,56,Préfecture,Amou,Plateaux,75-79,Rural,Hommes,316
02,26,56,Préfecture,Amou,Plateaux,75-79,Rural,Femmes,394
02,26,56,Préfecture,Amou,Plateaux,75-79,Rural,Ensemble,710
02,26,56,Préfecture,Amou,Plateaux,75-79,Total,Hommes,332
02,26,56,Préfecture,Amou,Plateaux,75-79,Total,Femmes,425
02,26,56,Préfecture,Amou,Plateaux,75-79,Total,Ensemble,757
02,26,56,Préfecture,Amou,Plateaux,80-84,Urbain,Hommes,16
02,26,56,Préfecture,Amou,Plateaux,80-84,Urbain,Femmes,24
02,26,56,Préfecture,Amou,Plateaux,80-84,Urbain,Ensemble,40
02,26,56,Préfecture,Amou,Plateaux,80-84,Rural,Hommes,230
02,26,56,Préfecture,Amou,Plateaux,80-84,Rural,Femmes,323
02,26,56,Préfecture,Amou,Plateaux,80-84,Rural,Ensemble,553
02,26,56,Préfecture,Amou,Plateaux,80-84,Total,Hommes,246
02,26,56,Préfecture,Amou,Plateaux,80-84,Total,Femmes,347
02,26,56,Préfecture,Amou,Plateaux,80-84,Total,Ensemble,593
02,26,56,Préfecture,Amou,Plateaux,85 et +,Urbain,Hommes,13
02,26,56,Préfecture,Amou,Plateaux,85 et +,Urbain,Femmes,45
02,26,56,Préfecture,Amou,Plateaux,85 et +,Urbain,Ensemble,58
02,26,56,Préfecture,Amou,Plateaux,85 et +,Rural,Hommes,277
02,26,56,Préfecture,Amou,Plateaux,85 et +,Rural,Femmes,482
02,26,56,Préfecture,Amou,Plateaux,85 et +,Rural,Ensemble,759
02,26,56,Préfecture,Amou,Plateaux,85 et +,Total,Hommes,290
02,26,56,Préfecture,Amou,Plateaux,85 et +,Total,Femmes,527
02,26,56,Préfecture,Amou,Plateaux,85 et +,Total,Ensemble,817
02,26,56,Préfecture,Amou,Plateaux,ND,Urbain,Hommes,8
02,26,56,Préfecture,Amou,Plateaux,ND,Urbain,Femmes,12
02,26,56,Préfecture,Amou,Plateaux,ND,Urbain,Ensemble,20
02,26,56,Préfecture,Amou,Plateaux,ND,Rural,Hommes,163
02,26,56,Préfecture,Amou,Plateaux,ND,Rural,Femmes,171
02,26,56,Préfecture,Amou,Plateaux,ND,Rural,Ensemble,334
02,26,56,Préfecture,Amou,Plateaux,ND,Total,Hommes,171
02,26,56,Préfecture,Amou,Plateaux,ND,Total,Femmes,183
02,26,56,Préfecture,Amou,Plateaux,ND,Total,Ensemble,354
02,26,56,Préfecture,Amou,Plateaux,Total,Urbain,Hommes,3885
02,26,56,Préfecture,Amou,Plateaux,Total,Urbain,Femmes,4111
02,26,56,Préfecture,Amou,Plateaux,Total,Urbain,Ensemble,7996
02,26,56,Préfecture,Amou,Plateaux,Total,Rural,Hommes,52658
02,26,56,Préfecture,Amou,Plateaux,Total,Rural,Femmes,53518
02,26,56,Préfecture,Amou,Plateaux,Total,Rural,Ensemble,106176
02,26,56,Préfecture,Amou,Plateaux,Total,Total,Hommes,56543
02,26,56,Préfecture,Amou,Plateaux,Total,Total,Femmes,57629
02,26,56,Préfecture,Amou,Plateaux,Total,Total,Ensemble,114172
02,27,57,Préfecture,Anié,Plateaux,0,Urbain,Hommes,830
02,27,57,Préfecture,Anié,Plateaux,0,Urbain,Femmes,840
02,27,57,Préfecture,Anié,Plateaux,0,Urbain,Ensemble,1670
02,27,57,Préfecture,Anié,Plateaux,0,Rural,Hommes,2006
02,27,57,Préfecture,Anié,Plateaux,0,Rural,Femmes,1968
02,27,57,Préfecture,Anié,Plateaux,0,Rural,Ensemble,3974
02,27,57,Préfecture,Anié,Plateaux,0,Total,Hommes,2836
02,27,57,Préfecture,Anié,Plateaux,0,Total,Femmes,2808
02,27,57,Préfecture,Anié,Plateaux,0,Total,Ensemble,5644
02,27,57,Préfecture,Anié,Plateaux,1-4,Urbain,Hommes,3338
02,27,57,Préfecture,Anié,Plateaux,1-4,Urbain,Femmes,3075
02,27,57,Préfecture,Anié,Plateaux,1-4,Urbain,Ensemble,6413
02,27,57,Préfecture,Anié,Plateaux,1-4,Rural,Hommes,8564
02,27,57,Préfecture,Anié,Plateaux,1-4,Rural,Femmes,8143
02,27,57,Préfecture,Anié,Plateaux,1-4,Rural,Ensemble,16707
02,27,57,Préfecture,Anié,Plateaux,1-4,Total,Hommes,11902
02,27,57,Préfecture,Anié,Plateaux,1-4,Total,Femmes,11218
02,27,57,Préfecture,Anié,Plateaux,1-4,Total,Ensemble,23120
02,27,57,Préfecture,Anié,Plateaux,5-9,Urbain,Hommes,4445
02,27,57,Préfecture,Anié,Plateaux,5-9,Urbain,Femmes,4544
02,27,57,Préfecture,Anié,Plateaux,5-9,Urbain,Ensemble,8989
02,27,57,Préfecture,Anié,Plateaux,5-9,Rural,Hommes,10751
02,27,57,Préfecture,Anié,Plateaux,5-9,Rural,Femmes,10345
02,27,57,Préfecture,Anié,Plateaux,5-9,Rural,Ensemble,21096
02,27,57,Préfecture,Anié,Plateaux,5-9,Total,Hommes,15196
02,27,57,Préfecture,Anié,Plateaux,5-9,Total,Femmes,14889
02,27,57,Préfecture,Anié,Plateaux,5-9,Total,Ensemble,30085
02,27,57,Préfecture,Anié,Plateaux,10-14,Urbain,Hommes,4283
02,27,57,Préfecture,Anié,Plateaux,10-14,Urbain,Femmes,4223
02,27,57,Préfecture,Anié,Plateaux,10-14,Urbain,Ensemble,8506
02,27,57,Préfecture,Anié,Plateaux,10-14,Rural,Hommes,8428
02,27,57,Préfecture,Anié,Plateaux,10-14,Rural,Femmes,7111
02,27,57,Préfecture,Anié,Plateaux,10-14,Rural,Ensemble,15539
02,27,57,Préfecture,Anié,Plateaux,10-14,Total,Hommes,12711
02,27,57,Préfecture,Anié,Plateaux,10-14,Total,Femmes,11334
02,27,57,Préfecture,Anié,Plateaux,10-14,Total,Ensemble,24045
02,27,57,Préfecture,Anié,Plateaux,15-19,Urbain,Hommes,3953
02,27,57,Préfecture,Anié,Plateaux,15-19,Urbain,Femmes,3729
02,27,57,Préfecture,Anié,Plateaux,15-19,Urbain,Ensemble,7682
02,27,57,Préfecture,Anié,Plateaux,15-19,Rural,Hommes,5501
02,27,57,Préfecture,Anié,Plateaux,15-19,Rural,Femmes,4696
02,27,57,Préfecture,Anié,Plateaux,15-19,Rural,Ensemble,10197
02,27,57,Préfecture,Anié,Plateaux,15-19,Total,Hommes,9454
02,27,57,Préfecture,Anié,Plateaux,15-19,Total,Femmes,8425
02,27,57,Préfecture,Anié,Plateaux,15-19,Total,Ensemble,17879
02,27,57,Préfecture,Anié,Plateaux,20-24,Urbain,Hommes,2525
02,27,57,Préfecture,Anié,Plateaux,20-24,Urbain,Femmes,2829
02,27,57,Préfecture,Anié,Plateaux,20-24,Urbain,Ensemble,5354
02,27,57,Préfecture,Anié,Plateaux,20-24,Rural,Hommes,4135
02,27,57,Préfecture,Anié,Plateaux,20-24,Rural,Femmes,5125
02,27,57,Préfecture,Anié,Plateaux,20-24,Rural,Ensemble,9260
02,27,57,Préfecture,Anié,Plateaux,20-24,Total,Hommes,6660
02,27,57,Préfecture,Anié,Plateaux,20-24,Total,Femmes,7954
02,27,57,Préfecture,Anié,Plateaux,20-24,Total,Ensemble,14614
02,27,57,Préfecture,Anié,Plateaux,25-29,Urbain,Hommes,1900
02,27,57,Préfecture,Anié,Plateaux,25-29,Urbain,Femmes,2418
02,27,57,Préfecture,Anié,Plateaux,25-29,Urbain,Ensemble,4318
02,27,57,Préfecture,Anié,Plateaux,25-29,Rural,Hommes,3647
02,27,57,Préfecture,Anié,Plateaux,25-29,Rural,Femmes,4683
02,27,57,Préfecture,Anié,Plateaux,25-29,Rural,Ensemble,8330
02,27,57,Préfecture,Anié,Plateaux,25-29,Total,Hommes,5547
02,27,57,Préfecture,Anié,Plateaux,25-29,Total,Femmes,7101
02,27,57,Préfecture,Anié,Plateaux,25-29,Total,Ensemble,12648
02,27,57,Préfecture,Anié,Plateaux,30-34,Urbain,Hommes,1885
02,27,57,Préfecture,Anié,Plateaux,30-34,Urbain,Femmes,2308
02,27,57,Préfecture,Anié,Plateaux,30-34,Urbain,Ensemble,4193
02,27,57,Préfecture,Anié,Plateaux,30-34,Rural,Hommes,3808
02,27,57,Préfecture,Anié,Plateaux,30-34,Rural,Femmes,4181
02,27,57,Préfecture,Anié,Plateaux,30-34,Rural,Ensemble,7989
02,27,57,Préfecture,Anié,Plateaux,30-34,Total,Hommes,5693
02,27,57,Préfecture,Anié,Plateaux,30-34,Total,Femmes,6489
02,27,57,Préfecture,Anié,Plateaux,30-34,Total,Ensemble,12182
02,27,57,Préfecture,Anié,Plateaux,35-39,Urbain,Hommes,1795
02,27,57,Préfecture,Anié,Plateaux,35-39,Urbain,Femmes,1827
02,27,57,Préfecture,Anié,Plateaux,35-39,Urbain,Ensemble,3622
02,27,57,Préfecture,Anié,Plateaux,35-39,Rural,Hommes,3263
02,27,57,Préfecture,Anié,Plateaux,35-39,Rural,Femmes,3314
02,27,57,Préfecture,Anié,Plateaux,35-39,Rural,Ensemble,6577
02,27,57,Préfecture,Anié,Plateaux,35-39,Total,Hommes,5058
02,27,57,Préfecture,Anié,Plateaux,35-39,Total,Femmes,5141
02,27,57,Préfecture,Anié,Plateaux,35-39,Total,Ensemble,10199
02,27,57,Préfecture,Anié,Plateaux,40-44,Urbain,Hommes,1365
02,27,57,Préfecture,Anié,Plateaux,40-44,Urbain,Femmes,1410
02,27,57,Préfecture,Anié,Plateaux,40-44,Urbain,Ensemble,2775
02,27,57,Préfecture,Anié,Plateaux,40-44,Rural,Hommes,2661
02,27,57,Préfecture,Anié,Plateaux,40-44,Rural,Femmes,2664
02,27,57,Préfecture,Anié,Plateaux,40-44,Rural,Ensemble,5325
02,27,57,Préfecture,Anié,Plateaux,40-44,Total,Hommes,4026
02,27,57,Préfecture,Anié,Plateaux,40-44,Total,Femmes,4074
02,27,57,Préfecture,Anié,Plateaux,40-44,Total,Ensemble,8100
02,27,57,Préfecture,Anié,Plateaux,45-49,Urbain,Hommes,1041
02,27,57,Préfecture,Anié,Plateaux,45-49,Urbain,Femmes,1050
02,27,57,Préfecture,Anié,Plateaux,45-49,Urbain,Ensemble,2091
02,27,57,Préfecture,Anié,Plateaux,45-49,Rural,Hommes,1840
02,27,57,Préfecture,Anié,Plateaux,45-49,Rural,Femmes,1720
02,27,57,Préfecture,Anié,Plateaux,45-49,Rural,Ensemble,3560
02,27,57,Préfecture,Anié,Plateaux,45-49,Total,Hommes,2881
02,27,57,Préfecture,Anié,Plateaux,45-49,Total,Femmes,2770
02,27,57,Préfecture,Anié,Plateaux,45-49,Total,Ensemble,5651
02,27,57,Préfecture,Anié,Plateaux,50-54,Urbain,Hommes,859
02,27,57,Préfecture,Anié,Plateaux,50-54,Urbain,Femmes,829
02,27,57,Préfecture,Anié,Plateaux,50-54,Urbain,Ensemble,1688
02,27,57,Préfecture,Anié,Plateaux,50-54,Rural,Hommes,1635
02,27,57,Préfecture,Anié,Plateaux,50-54,Rural,Femmes,1685
02,27,57,Préfecture,Anié,Plateaux,50-54,Rural,Ensemble,3320
02,27,57,Préfecture,Anié,Plateaux,50-54,Total,Hommes,2494
02,27,57,Préfecture,Anié,Plateaux,50-54,Total,Femmes,2514
02,27,57,Préfecture,Anié,Plateaux,50-54,Total,Ensemble,5008
02,27,57,Préfecture,Anié,Plateaux,55-59,Urbain,Hommes,673
02,27,57,Préfecture,Anié,Plateaux,55-59,Urbain,Femmes,528
02,27,57,Préfecture,Anié,Plateaux,55-59,Urbain,Ensemble,1201
02,27,57,Préfecture,Anié,Plateaux,55-59,Rural,Hommes,1173
02,27,57,Préfecture,Anié,Plateaux,55-59,Rural,Femmes,995
02,27,57,Préfecture,Anié,Plateaux,55-59,Rural,Ensemble,2168
02,27,57,Préfecture,Anié,Plateaux,55-59,Total,Hommes,1846
02,27,57,Préfecture,Anié,Plateaux,55-59,Total,Femmes,1523
02,27,57,Préfecture,Anié,Plateaux,55-59,Total,Ensemble,3369
02,27,57,Préfecture,Anié,Plateaux,60-64,Urbain,Hommes,497
02,27,57,Préfecture,Anié,Plateaux,60-64,Urbain,Femmes,462
02,27,57,Préfecture,Anié,Plateaux,60-64,Urbain,Ensemble,959
02,27,57,Préfecture,Anié,Plateaux,60-64,Rural,Hommes,994
02,27,57,Préfecture,Anié,Plateaux,60-64,Rural,Femmes,984
02,27,57,Préfecture,Anié,Plateaux,60-64,Rural,Ensemble,1978
02,27,57,Préfecture,Anié,Plateaux,60-64,Total,Hommes,1491
02,27,57,Préfecture,Anié,Plateaux,60-64,Total,Femmes,1446
02,27,57,Préfecture,Anié,Plateaux,60-64,Total,Ensemble,2937
02,27,57,Préfecture,Anié,Plateaux,65-69,Urbain,Hommes,223
02,27,57,Préfecture,Anié,Plateaux,65-69,Urbain,Femmes,275
02,27,57,Préfecture,Anié,Plateaux,65-69,Urbain,Ensemble,498
02,27,57,Préfecture,Anié,Plateaux,65-69,Rural,Hommes,474
02,27,57,Préfecture,Anié,Plateaux,65-69,Rural,Femmes,528
02,27,57,Préfecture,Anié,Plateaux,65-69,Rural,Ensemble,1002
02,27,57,Préfecture,Anié,Plateaux,65-69,Total,Hommes,697
02,27,57,Préfecture,Anié,Plateaux,65-69,Total,Femmes,803
02,27,57,Préfecture,Anié,Plateaux,65-69,Total,Ensemble,1500
02,27,57,Préfecture,Anié,Plateaux,70-74,Urbain,Hommes,149
02,27,57,Préfecture,Anié,Plateaux,70-74,Urbain,Femmes,199
02,27,57,Préfecture,Anié,Plateaux,70-74,Urbain,Ensemble,348
02,27,57,Préfecture,Anié,Plateaux,70-74,Rural,Hommes,373
02,27,57,Préfecture,Anié,Plateaux,70-74,Rural,Femmes,379
02,27,57,Préfecture,Anié,Plateaux,70-74,Rural,Ensemble,752
02,27,57,Préfecture,Anié,Plateaux,70-74,Total,Hommes,522
02,27,57,Préfecture,Anié,Plateaux,70-74,Total,Femmes,578
02,27,57,Préfecture,Anié,Plateaux,70-74,Total,Ensemble,1100
02,27,57,Préfecture,Anié,Plateaux,75-79,Urbain,Hommes,69
02,27,57,Préfecture,Anié,Plateaux,75-79,Urbain,Femmes,112
02,27,57,Préfecture,Anié,Plateaux,75-79,Urbain,Ensemble,181
02,27,57,Préfecture,Anié,Plateaux,75-79,Rural,Hommes,178
02,27,57,Préfecture,Anié,Plateaux,75-79,Rural,Femmes,214
02,27,57,Préfecture,Anié,Plateaux,75-79,Rural,Ensemble,392
02,27,57,Préfecture,Anié,Plateaux,75-79,Total,Hommes,247
02,27,57,Préfecture,Anié,Plateaux,75-79,Total,Femmes,326
02,27,57,Préfecture,Anié,Plateaux,75-79,Total,Ensemble,573
02,27,57,Préfecture,Anié,Plateaux,80-84,Urbain,Hommes,49
02,27,57,Préfecture,Anié,Plateaux,80-84,Urbain,Femmes,116
02,27,57,Préfecture,Anié,Plateaux,80-84,Urbain,Ensemble,165
02,27,57,Préfecture,Anié,Plateaux,80-84,Rural,Hommes,164
02,27,57,Préfecture,Anié,Plateaux,80-84,Rural,Femmes,176
02,27,57,Préfecture,Anié,Plateaux,80-84,Rural,Ensemble,340
02,27,57,Préfecture,Anié,Plateaux,80-84,Total,Hommes,213
02,27,57,Préfecture,Anié,Plateaux,80-84,Total,Femmes,292
02,27,57,Préfecture,Anié,Plateaux,80-84,Total,Ensemble,505
02,27,57,Préfecture,Anié,Plateaux,85 et +,Urbain,Hommes,54
02,27,57,Préfecture,Anié,Plateaux,85 et +,Urbain,Femmes,112
02,27,57,Préfecture,Anié,Plateaux,85 et +,Urbain,Ensemble,166
02,27,57,Préfecture,Anié,Plateaux,85 et +,Rural,Hommes,142
02,27,57,Préfecture,Anié,Plateaux,85 et +,Rural,Femmes,239
02,27,57,Préfecture,Anié,Plateaux,85 et +,Rural,Ensemble,381
02,27,57,Préfecture,Anié,Plateaux,85 et +,Total,Hommes,196
02,27,57,Préfecture,Anié,Plateaux,85 et +,Total,Femmes,351
02,27,57,Préfecture,Anié,Plateaux,85 et +,Total,Ensemble,547
02,27,57,Préfecture,Anié,Plateaux,ND,Urbain,Hommes,113
02,27,57,Préfecture,Anié,Plateaux,ND,Urbain,Femmes,136
02,27,57,Préfecture,Anié,Plateaux,ND,Urbain,Ensemble,249
02,27,57,Préfecture,Anié,Plateaux,ND,Rural,Hommes,114
02,27,57,Préfecture,Anié,Plateaux,ND,Rural,Femmes,89
02,27,57,Préfecture,Anié,Plateaux,ND,Rural,Ensemble,203
02,27,57,Préfecture,Anié,Plateaux,ND,Total,Hommes,227
02,27,57,Préfecture,Anié,Plateaux,ND,Total,Femmes,225
02,27,57,Préfecture,Anié,Plateaux,ND,Total,Ensemble,452
02,27,57,Préfecture,Anié,Plateaux,Total,Urbain,Hommes,30046
02,27,57,Préfecture,Anié,Plateaux,Total,Urbain,Femmes,31022
02,27,57,Préfecture,Anié,Plateaux,Total,Urbain,Ensemble,61068
02,27,57,Préfecture,Anié,Plateaux,Total,Rural,Hommes,59851
02,27,57,Préfecture,Anié,Plateaux,Total,Rural,Femmes,59239
02,27,57,Préfecture,Anié,Plateaux,Total,Rural,Ensemble,119090
02,27,57,Préfecture,Anié,Plateaux,Total,Total,Hommes,89897
02,27,57,Préfecture,Anié,Plateaux,Total,Total,Femmes,90261
02,27,57,Préfecture,Anié,Plateaux,Total,Total,Ensemble,180158
02,28,58,Préfecture,Est-Mono,Plateaux,0,Urbain,Hommes,161
02,28,58,Préfecture,Est-Mono,Plateaux,0,Urbain,Femmes,166
02,28,58,Préfecture,Est-Mono,Plateaux,0,Urbain,Ensemble,327
02,28,58,Préfecture,Est-Mono,Plateaux,0,Rural,Hommes,2434
02,28,58,Préfecture,Est-Mono,Plateaux,0,Rural,Femmes,2419
02,28,58,Préfecture,Est-Mono,Plateaux,0,Rural,Ensemble,4853
02,28,58,Préfecture,Est-Mono,Plateaux,0,Total,Hommes,2595
02,28,58,Préfecture,Est-Mono,Plateaux,0,Total,Femmes,2585
02,28,58,Préfecture,Est-Mono,Plateaux,0,Total,Ensemble,5180
02,28,58,Préfecture,Est-Mono,Plateaux,1-4,Urbain,Hommes,545
02,28,58,Préfecture,Est-Mono,Plateaux,1-4,Urbain,Femmes,539
02,28,58,Préfecture,Est-Mono,Plateaux,1-4,Urbain,Ensemble,1084
02,28,58,Préfecture,Est-Mono,Plateaux,1-4,Rural,Hommes,10780
02,28,58,Préfecture,Est-Mono,Plateaux,1-4,Rural,Femmes,10209
02,28,58,Préfecture,Est-Mono,Plateaux,1-4,Rural,Ensemble,20989
02,28,58,Préfecture,Est-Mono,Plateaux,1-4,Total,Hommes,11325
02,28,58,Préfecture,Est-Mono,Plateaux,1-4,Total,Femmes,10748
02,28,58,Préfecture,Est-Mono,Plateaux,1-4,Total,Ensemble,22073
02,28,58,Préfecture,Est-Mono,Plateaux,5-9,Urbain,Hommes,690
02,28,58,Préfecture,Est-Mono,Plateaux,5-9,Urbain,Femmes,696
02,28,58,Préfecture,Est-Mono,Plateaux,5-9,Urbain,Ensemble,1386
02,28,58,Préfecture,Est-Mono,Plateaux,5-9,Rural,Hommes,12709
02,28,58,Préfecture,Est-Mono,Plateaux,5-9,Rural,Femmes,11969
02,28,58,Préfecture,Est-Mono,Plateaux,5-9,Rural,Ensemble,24678
02,28,58,Préfecture,Est-Mono,Plateaux,5-9,Total,Hommes,13399
02,28,58,Préfecture,Est-Mono,Plateaux,5-9,Total,Femmes,12665
02,28,58,Préfecture,Est-Mono,Plateaux,5-9,Total,Ensemble,26064
02,28,58,Préfecture,Est-Mono,Plateaux,10-14,Urbain,Hommes,811
02,28,58,Préfecture,Est-Mono,Plateaux,10-14,Urbain,Femmes,834
02,28,58,Préfecture,Est-Mono,Plateaux,10-14,Urbain,Ensemble,1645
02,28,58,Préfecture,Est-Mono,Plateaux,10-14,Rural,Hommes,10477
02,28,58,Préfecture,Est-Mono,Plateaux,10-14,Rural,Femmes,9356
02,28,58,Préfecture,Est-Mono,Plateaux,10-14,Rural,Ensemble,19833
02,28,58,Préfecture,Est-Mono,Plateaux,10-14,Total,Hommes,11288
02,28,58,Préfecture,Est-Mono,Plateaux,10-14,Total,Femmes,10190
02,28,58,Préfecture,Est-Mono,Plateaux,10-14,Total,Ensemble,21478
02,28,58,Préfecture,Est-Mono,Plateaux,15-19,Urbain,Hommes,822
02,28,58,Préfecture,Est-Mono,Plateaux,15-19,Urbain,Femmes,752
02,28,58,Préfecture,Est-Mono,Plateaux,15-19,Urbain,Ensemble,1574
02,28,58,Préfecture,Est-Mono,Plateaux,15-19,Rural,Hommes,8072
02,28,58,Préfecture,Est-Mono,Plateaux,15-19,Rural,Femmes,7025
02,28,58,Préfecture,Est-Mono,Plateaux,15-19,Rural,Ensemble,15097
02,28,58,Préfecture,Est-Mono,Plateaux,15-19,Total,Hommes,8894
02,28,58,Préfecture,Est-Mono,Plateaux,15-19,Total,Femmes,7777
02,28,58,Préfecture,Est-Mono,Plateaux,15-19,Total,Ensemble,16671
02,28,58,Préfecture,Est-Mono,Plateaux,20-24,Urbain,Hommes,557
02,28,58,Préfecture,Est-Mono,Plateaux,20-24,Urbain,Femmes,503
02,28,58,Préfecture,Est-Mono,Plateaux,20-24,Urbain,Ensemble,1060
02,28,58,Préfecture,Est-Mono,Plateaux,20-24,Rural,Hommes,6337
02,28,58,Préfecture,Est-Mono,Plateaux,20-24,Rural,Femmes,7005
02,28,58,Préfecture,Est-Mono,Plateaux,20-24,Rural,Ensemble,13342
02,28,58,Préfecture,Est-Mono,Plateaux,20-24,Total,Hommes,6894
02,28,58,Préfecture,Est-Mono,Plateaux,20-24,Total,Femmes,7508
02,28,58,Préfecture,Est-Mono,Plateaux,20-24,Total,Ensemble,14402
02,28,58,Préfecture,Est-Mono,Plateaux,25-29,Urbain,Hommes,375
02,28,58,Préfecture,Est-Mono,Plateaux,25-29,Urbain,Femmes,398
02,28,58,Préfecture,Est-Mono,Plateaux,25-29,Urbain,Ensemble,773
02,28,58,Préfecture,Est-Mono,Plateaux,25-29,Rural,Hommes,5512
02,28,58,Préfecture,Est-Mono,Plateaux,25-29,Rural,Femmes,5946
02,28,58,Préfecture,Est-Mono,Plateaux,25-29,Rural,Ensemble,11458
02,28,58,Préfecture,Est-Mono,Plateaux,25-29,Total,Hommes,5887
02,28,58,Préfecture,Est-Mono,Plateaux,25-29,Total,Femmes,6344
02,28,58,Préfecture,Est-Mono,Plateaux,25-29,Total,Ensemble,12231
02,28,58,Préfecture,Est-Mono,Plateaux,30-34,Urbain,Hommes,417
02,28,58,Préfecture,Est-Mono,Plateaux,30-34,Urbain,Femmes,382
02,28,58,Préfecture,Est-Mono,Plateaux,30-34,Urbain,Ensemble,799
02,28,58,Préfecture,Est-Mono,Plateaux,30-34,Rural,Hommes,5082
02,28,58,Préfecture,Est-Mono,Plateaux,30-34,Rural,Femmes,5439
02,28,58,Préfecture,Est-Mono,Plateaux,30-34,Rural,Ensemble,10521
02,28,58,Préfecture,Est-Mono,Plateaux,30-34,Total,Hommes,5499
02,28,58,Préfecture,Est-Mono,Plateaux,30-34,Total,Femmes,5821
02,28,58,Préfecture,Est-Mono,Plateaux,30-34,Total,Ensemble,11320
02,28,58,Préfecture,Est-Mono,Plateaux,35-39,Urbain,Hommes,315
02,28,58,Préfecture,Est-Mono,Plateaux,35-39,Urbain,Femmes,344
02,28,58,Préfecture,Est-Mono,Plateaux,35-39,Urbain,Ensemble,659
02,28,58,Préfecture,Est-Mono,Plateaux,35-39,Rural,Hommes,4020
02,28,58,Préfecture,Est-Mono,Plateaux,35-39,Rural,Femmes,4091
02,28,58,Préfecture,Est-Mono,Plateaux,35-39,Rural,Ensemble,8111
02,28,58,Préfecture,Est-Mono,Plateaux,35-39,Total,Hommes,4335
02,28,58,Préfecture,Est-Mono,Plateaux,35-39,Total,Femmes,4435
02,28,58,Préfecture,Est-Mono,Plateaux,35-39,Total,Ensemble,8770
02,28,58,Préfecture,Est-Mono,Plateaux,40-44,Urbain,Hommes,246
02,28,58,Préfecture,Est-Mono,Plateaux,40-44,Urbain,Femmes,207
02,28,58,Préfecture,Est-Mono,Plateaux,40-44,Urbain,Ensemble,453
02,28,58,Préfecture,Est-Mono,Plateaux,40-44,Rural,Hommes,3612
02,28,58,Préfecture,Est-Mono,Plateaux,40-44,Rural,Femmes,3416
02,28,58,Préfecture,Est-Mono,Plateaux,40-44,Rural,Ensemble,7028
02,28,58,Préfecture,Est-Mono,Plateaux,40-44,Total,Hommes,3858
02,28,58,Préfecture,Est-Mono,Plateaux,40-44,Total,Femmes,3623
02,28,58,Préfecture,Est-Mono,Plateaux,40-44,Total,Ensemble,7481
02,28,58,Préfecture,Est-Mono,Plateaux,45-49,Urbain,Hommes,181
02,28,58,Préfecture,Est-Mono,Plateaux,45-49,Urbain,Femmes,196
02,28,58,Préfecture,Est-Mono,Plateaux,45-49,Urbain,Ensemble,377
02,28,58,Préfecture,Est-Mono,Plateaux,45-49,Rural,Hommes,2255
02,28,58,Préfecture,Est-Mono,Plateaux,45-49,Rural,Femmes,2018
02,28,58,Préfecture,Est-Mono,Plateaux,45-49,Rural,Ensemble,4273
02,28,58,Préfecture,Est-Mono,Plateaux,45-49,Total,Hommes,2436
02,28,58,Préfecture,Est-Mono,Plateaux,45-49,Total,Femmes,2214
02,28,58,Préfecture,Est-Mono,Plateaux,45-49,Total,Ensemble,4650
02,28,58,Préfecture,Est-Mono,Plateaux,50-54,Urbain,Hommes,143
02,28,58,Préfecture,Est-Mono,Plateaux,50-54,Urbain,Femmes,177
02,28,58,Préfecture,Est-Mono,Plateaux,50-54,Urbain,Ensemble,320
02,28,58,Préfecture,Est-Mono,Plateaux,50-54,Rural,Hommes,2023
02,28,58,Préfecture,Est-Mono,Plateaux,50-54,Rural,Femmes,2120
02,28,58,Préfecture,Est-Mono,Plateaux,50-54,Rural,Ensemble,4143
02,28,58,Préfecture,Est-Mono,Plateaux,50-54,Total,Hommes,2166
02,28,58,Préfecture,Est-Mono,Plateaux,50-54,Total,Femmes,2297
02,28,58,Préfecture,Est-Mono,Plateaux,50-54,Total,Ensemble,4463
02,28,58,Préfecture,Est-Mono,Plateaux,55-59,Urbain,Hommes,138
02,28,58,Préfecture,Est-Mono,Plateaux,55-59,Urbain,Femmes,132
02,28,58,Préfecture,Est-Mono,Plateaux,55-59,Urbain,Ensemble,270
02,28,58,Préfecture,Est-Mono,Plateaux,55-59,Rural,Hommes,1267
02,28,58,Préfecture,Est-Mono,Plateaux,55-59,Rural,Femmes,1001
02,28,58,Préfecture,Est-Mono,Plateaux,55-59,Rural,Ensemble,2268
02,28,58,Préfecture,Est-Mono,Plateaux,55-59,Total,Hommes,1405
02,28,58,Préfecture,Est-Mono,Plateaux,55-59,Total,Femmes,1133
02,28,58,Préfecture,Est-Mono,Plateaux,55-59,Total,Ensemble,2538
02,28,58,Préfecture,Est-Mono,Plateaux,60-64,Urbain,Hommes,81
02,28,58,Préfecture,Est-Mono,Plateaux,60-64,Urbain,Femmes,91
02,28,58,Préfecture,Est-Mono,Plateaux,60-64,Urbain,Ensemble,172
02,28,58,Préfecture,Est-Mono,Plateaux,60-64,Rural,Hommes,1162
02,28,58,Préfecture,Est-Mono,Plateaux,60-64,Rural,Femmes,1253
02,28,58,Préfecture,Est-Mono,Plateaux,60-64,Rural,Ensemble,2415
02,28,58,Préfecture,Est-Mono,Plateaux,60-64,Total,Hommes,1243
02,28,58,Préfecture,Est-Mono,Plateaux,60-64,Total,Femmes,1344
02,28,58,Préfecture,Est-Mono,Plateaux,60-64,Total,Ensemble,2587
02,28,58,Préfecture,Est-Mono,Plateaux,65-69,Urbain,Hommes,50
02,28,58,Préfecture,Est-Mono,Plateaux,65-69,Urbain,Femmes,58
02,28,58,Préfecture,Est-Mono,Plateaux,65-69,Urbain,Ensemble,108
02,28,58,Préfecture,Est-Mono,Plateaux,65-69,Rural,Hommes,503
02,28,58,Préfecture,Est-Mono,Plateaux,65-69,Rural,Femmes,579
02,28,58,Préfecture,Est-Mono,Plateaux,65-69,Rural,Ensemble,1082
02,28,58,Préfecture,Est-Mono,Plateaux,65-69,Total,Hommes,553
02,28,58,Préfecture,Est-Mono,Plateaux,65-69,Total,Femmes,637
02,28,58,Préfecture,Est-Mono,Plateaux,65-69,Total,Ensemble,1190
02,28,58,Préfecture,Est-Mono,Plateaux,70-74,Urbain,Hommes,18
02,28,58,Préfecture,Est-Mono,Plateaux,70-74,Urbain,Femmes,32
02,28,58,Préfecture,Est-Mono,Plateaux,70-74,Urbain,Ensemble,50
02,28,58,Préfecture,Est-Mono,Plateaux,70-74,Rural,Hommes,441
02,28,58,Préfecture,Est-Mono,Plateaux,70-74,Rural,Femmes,521
02,28,58,Préfecture,Est-Mono,Plateaux,70-74,Rural,Ensemble,962
02,28,58,Préfecture,Est-Mono,Plateaux,70-74,Total,Hommes,459
02,28,58,Préfecture,Est-Mono,Plateaux,70-74,Total,Femmes,553
02,28,58,Préfecture,Est-Mono,Plateaux,70-74,Total,Ensemble,1012
02,28,58,Préfecture,Est-Mono,Plateaux,75-79,Urbain,Hommes,16
02,28,58,Préfecture,Est-Mono,Plateaux,75-79,Urbain,Femmes,32
02,28,58,Préfecture,Est-Mono,Plateaux,75-79,Urbain,Ensemble,48
02,28,58,Préfecture,Est-Mono,Plateaux,75-79,Rural,Hommes,215
02,28,58,Préfecture,Est-Mono,Plateaux,75-79,Rural,Femmes,260
02,28,58,Préfecture,Est-Mono,Plateaux,75-79,Rural,Ensemble,475
02,28,58,Préfecture,Est-Mono,Plateaux,75-79,Total,Hommes,231
02,28,58,Préfecture,Est-Mono,Plateaux,75-79,Total,Femmes,292
02,28,58,Préfecture,Est-Mono,Plateaux,75-79,Total,Ensemble,523
02,28,58,Préfecture,Est-Mono,Plateaux,80-84,Urbain,Hommes,13
02,28,58,Préfecture,Est-Mono,Plateaux,80-84,Urbain,Femmes,16
02,28,58,Préfecture,Est-Mono,Plateaux,80-84,Urbain,Ensemble,29
02,28,58,Préfecture,Est-Mono,Plateaux,80-84,Rural,Hommes,222
02,28,58,Préfecture,Est-Mono,Plateaux,80-84,Rural,Femmes,292
02,28,58,Préfecture,Est-Mono,Plateaux,80-84,Rural,Ensemble,514
02,28,58,Préfecture,Est-Mono,Plateaux,80-84,Total,Hommes,235
02,28,58,Préfecture,Est-Mono,Plateaux,80-84,Total,Femmes,308
02,28,58,Préfecture,Est-Mono,Plateaux,80-84,Total,Ensemble,543
02,28,58,Préfecture,Est-Mono,Plateaux,85 et +,Urbain,Hommes,6
02,28,58,Préfecture,Est-Mono,Plateaux,85 et +,Urbain,Femmes,21
02,28,58,Préfecture,Est-Mono,Plateaux,85 et +,Urbain,Ensemble,27
02,28,58,Préfecture,Est-Mono,Plateaux,85 et +,Rural,Hommes,225
02,28,58,Préfecture,Est-Mono,Plateaux,85 et +,Rural,Femmes,307
02,28,58,Préfecture,Est-Mono,Plateaux,85 et +,Rural,Ensemble,532
02,28,58,Préfecture,Est-Mono,Plateaux,85 et +,Total,Hommes,231
02,28,58,Préfecture,Est-Mono,Plateaux,85 et +,Total,Femmes,328
02,28,58,Préfecture,Est-Mono,Plateaux,85 et +,Total,Ensemble,559
02,28,58,Préfecture,Est-Mono,Plateaux,ND,Urbain,Hommes,5
02,28,58,Préfecture,Est-Mono,Plateaux,ND,Urbain,Femmes,5
02,28,58,Préfecture,Est-Mono,Plateaux,ND,Urbain,Ensemble,10
02,28,58,Préfecture,Est-Mono,Plateaux,ND,Rural,Hommes,391
02,28,58,Préfecture,Est-Mono,Plateaux,ND,Rural,Femmes,324
02,28,58,Préfecture,Est-Mono,Plateaux,ND,Rural,Ensemble,715
02,28,58,Préfecture,Est-Mono,Plateaux,ND,Total,Hommes,396
02,28,58,Préfecture,Est-Mono,Plateaux,ND,Total,Femmes,329
02,28,58,Préfecture,Est-Mono,Plateaux,ND,Total,Ensemble,725
02,28,58,Préfecture,Est-Mono,Plateaux,Total,Urbain,Hommes,5590
02,28,58,Préfecture,Est-Mono,Plateaux,Total,Urbain,Femmes,5581
02,28,58,Préfecture,Est-Mono,Plateaux,Total,Urbain,Ensemble,11171
02,28,58,Préfecture,Est-Mono,Plateaux,Total,Rural,Hommes,77739
02,28,58,Préfecture,Est-Mono,Plateaux,Total,Rural,Femmes,75550
02,28,58,Préfecture,Est-Mono,Plateaux,Total,Rural,Ensemble,153289
02,28,58,Préfecture,Est-Mono,Plateaux,Total,Total,Hommes,83329
02,28,58,Préfecture,Est-Mono,Plateaux,Total,Total,Femmes,81131
02,28,58,Préfecture,Est-Mono,Plateaux,Total,Total,Ensemble,164460
02,29,61,Préfecture,Tchaoudjo,Centrale,0,Urbain,Hommes,1385
02,29,61,Préfecture,Tchaoudjo,Centrale,0,Urbain,Femmes,1307
02,29,61,Préfecture,Tchaoudjo,Centrale,0,Urbain,Ensemble,2692
02,29,61,Préfecture,Tchaoudjo,Centrale,0,Rural,Hommes,1832
02,29,61,Préfecture,Tchaoudjo,Centrale,0,Rural,Femmes,1902
02,29,61,Préfecture,Tchaoudjo,Centrale,0,Rural,Ensemble,3734
02,29,61,Préfecture,Tchaoudjo,Centrale,0,Total,Hommes,3217
02,29,61,Préfecture,Tchaoudjo,Centrale,0,Total,Femmes,3209
02,29,61,Préfecture,Tchaoudjo,Centrale,0,Total,Ensemble,6426
02,29,61,Préfecture,Tchaoudjo,Centrale,1-4,Urbain,Hommes,5700
02,29,61,Préfecture,Tchaoudjo,Centrale,1-4,Urbain,Femmes,5393
02,29,61,Préfecture,Tchaoudjo,Centrale,1-4,Urbain,Ensemble,11093
02,29,61,Préfecture,Tchaoudjo,Centrale,1-4,Rural,Hommes,8094
02,29,61,Préfecture,Tchaoudjo,Centrale,1-4,Rural,Femmes,7662
02,29,61,Préfecture,Tchaoudjo,Centrale,1-4,Rural,Ensemble,15756
02,29,61,Préfecture,Tchaoudjo,Centrale,1-4,Total,Hommes,13794
02,29,61,Préfecture,Tchaoudjo,Centrale,1-4,Total,Femmes,13055
02,29,61,Préfecture,Tchaoudjo,Centrale,1-4,Total,Ensemble,26849
02,29,61,Préfecture,Tchaoudjo,Centrale,5-9,Urbain,Hommes,7840
02,29,61,Préfecture,Tchaoudjo,Centrale,5-9,Urbain,Femmes,7421
02,29,61,Préfecture,Tchaoudjo,Centrale,5-9,Urbain,Ensemble,15261
02,29,61,Préfecture,Tchaoudjo,Centrale,5-9,Rural,Hommes,10490
02,29,61,Préfecture,Tchaoudjo,Centrale,5-9,Rural,Femmes,10066
02,29,61,Préfecture,Tchaoudjo,Centrale,5-9,Rural,Ensemble,20556
02,29,61,Préfecture,Tchaoudjo,Centrale,5-9,Total,Hommes,18330
02,29,61,Préfecture,Tchaoudjo,Centrale,5-9,Total,Femmes,17487
02,29,61,Préfecture,Tchaoudjo,Centrale,5-9,Total,Ensemble,35817
02,29,61,Préfecture,Tchaoudjo,Centrale,10-14,Urbain,Hommes,8002
02,29,61,Préfecture,Tchaoudjo,Centrale,10-14,Urbain,Femmes,7750
02,29,61,Préfecture,Tchaoudjo,Centrale,10-14,Urbain,Ensemble,15752
02,29,61,Préfecture,Tchaoudjo,Centrale,10-14,Rural,Hommes,9015
02,29,61,Préfecture,Tchaoudjo,Centrale,10-14,Rural,Femmes,7857
02,29,61,Préfecture,Tchaoudjo,Centrale,10-14,Rural,Ensemble,16872
02,29,61,Préfecture,Tchaoudjo,Centrale,10-14,Total,Hommes,17017
02,29,61,Préfecture,Tchaoudjo,Centrale,10-14,Total,Femmes,15607
02,29,61,Préfecture,Tchaoudjo,Centrale,10-14,Total,Ensemble,32624
02,29,61,Préfecture,Tchaoudjo,Centrale,15-19,Urbain,Hommes,7745
02,29,61,Préfecture,Tchaoudjo,Centrale,15-19,Urbain,Femmes,6849
02,29,61,Préfecture,Tchaoudjo,Centrale,15-19,Urbain,Ensemble,14594
02,29,61,Préfecture,Tchaoudjo,Centrale,15-19,Rural,Hommes,6223
02,29,61,Préfecture,Tchaoudjo,Centrale,15-19,Rural,Femmes,5255
02,29,61,Préfecture,Tchaoudjo,Centrale,15-19,Rural,Ensemble,11478
02,29,61,Préfecture,Tchaoudjo,Centrale,15-19,Total,Hommes,13968
02,29,61,Préfecture,Tchaoudjo,Centrale,15-19,Total,Femmes,12104
02,29,61,Préfecture,Tchaoudjo,Centrale,15-19,Total,Ensemble,26072
02,29,61,Préfecture,Tchaoudjo,Centrale,20-24,Urbain,Hommes,5241
02,29,61,Préfecture,Tchaoudjo,Centrale,20-24,Urbain,Femmes,4960
02,29,61,Préfecture,Tchaoudjo,Centrale,20-24,Urbain,Ensemble,10201
02,29,61,Préfecture,Tchaoudjo,Centrale,20-24,Rural,Hommes,3915
02,29,61,Préfecture,Tchaoudjo,Centrale,20-24,Rural,Femmes,4805
02,29,61,Préfecture,Tchaoudjo,Centrale,20-24,Rural,Ensemble,8720
02,29,61,Préfecture,Tchaoudjo,Centrale,20-24,Total,Hommes,9156
02,29,61,Préfecture,Tchaoudjo,Centrale,20-24,Total,Femmes,9765
02,29,61,Préfecture,Tchaoudjo,Centrale,20-24,Total,Ensemble,18921
02,29,61,Préfecture,Tchaoudjo,Centrale,25-29,Urbain,Hommes,3583
02,29,61,Préfecture,Tchaoudjo,Centrale,25-29,Urbain,Femmes,4333
02,29,61,Préfecture,Tchaoudjo,Centrale,25-29,Urbain,Ensemble,7916
02,29,61,Préfecture,Tchaoudjo,Centrale,25-29,Rural,Hommes,3352
02,29,61,Préfecture,Tchaoudjo,Centrale,25-29,Rural,Femmes,4505
02,29,61,Préfecture,Tchaoudjo,Centrale,25-29,Rural,Ensemble,7857
02,29,61,Préfecture,Tchaoudjo,Centrale,25-29,Total,Hommes,6935
02,29,61,Préfecture,Tchaoudjo,Centrale,25-29,Total,Femmes,8838
02,29,61,Préfecture,Tchaoudjo,Centrale,25-29,Total,Ensemble,15773
02,29,61,Préfecture,Tchaoudjo,Centrale,30-34,Urbain,Hommes,3318
02,29,61,Préfecture,Tchaoudjo,Centrale,30-34,Urbain,Femmes,3896
02,29,61,Préfecture,Tchaoudjo,Centrale,30-34,Urbain,Ensemble,7214
02,29,61,Préfecture,Tchaoudjo,Centrale,30-34,Rural,Hommes,3579
02,29,61,Préfecture,Tchaoudjo,Centrale,30-34,Rural,Femmes,4297
02,29,61,Préfecture,Tchaoudjo,Centrale,30-34,Rural,Ensemble,7876
02,29,61,Préfecture,Tchaoudjo,Centrale,30-34,Total,Hommes,6897
02,29,61,Préfecture,Tchaoudjo,Centrale,30-34,Total,Femmes,8193
02,29,61,Préfecture,Tchaoudjo,Centrale,30-34,Total,Ensemble,15090
02,29,61,Préfecture,Tchaoudjo,Centrale,35-39,Urbain,Hommes,3123
02,29,61,Préfecture,Tchaoudjo,Centrale,35-39,Urbain,Femmes,3553
02,29,61,Préfecture,Tchaoudjo,Centrale,35-39,Urbain,Ensemble,6676
02,29,61,Préfecture,Tchaoudjo,Centrale,35-39,Rural,Hommes,3304
02,29,61,Préfecture,Tchaoudjo,Centrale,35-39,Rural,Femmes,3667
02,29,61,Préfecture,Tchaoudjo,Centrale,35-39,Rural,Ensemble,6971
02,29,61,Préfecture,Tchaoudjo,Centrale,35-39,Total,Hommes,6427
02,29,61,Préfecture,Tchaoudjo,Centrale,35-39,Total,Femmes,7220
02,29,61,Préfecture,Tchaoudjo,Centrale,35-39,Total,Ensemble,13647
02,29,61,Préfecture,Tchaoudjo,Centrale,40-44,Urbain,Hommes,2555
02,29,61,Préfecture,Tchaoudjo,Centrale,40-44,Urbain,Femmes,2833
02,29,61,Préfecture,Tchaoudjo,Centrale,40-44,Urbain,Ensemble,5388
02,29,61,Préfecture,Tchaoudjo,Centrale,40-44,Rural,Hommes,2813
02,29,61,Préfecture,Tchaoudjo,Centrale,40-44,Rural,Femmes,2968
02,29,61,Préfecture,Tchaoudjo,Centrale,40-44,Rural,Ensemble,5781
02,29,61,Préfecture,Tchaoudjo,Centrale,40-44,Total,Hommes,5368
02,29,61,Préfecture,Tchaoudjo,Centrale,40-44,Total,Femmes,5801
02,29,61,Préfecture,Tchaoudjo,Centrale,40-44,Total,Ensemble,11169
02,29,61,Préfecture,Tchaoudjo,Centrale,45-49,Urbain,Hommes,2191
02,29,61,Préfecture,Tchaoudjo,Centrale,45-49,Urbain,Femmes,2267
02,29,61,Préfecture,Tchaoudjo,Centrale,45-49,Urbain,Ensemble,4458
02,29,61,Préfecture,Tchaoudjo,Centrale,45-49,Rural,Hommes,2153
02,29,61,Préfecture,Tchaoudjo,Centrale,45-49,Rural,Femmes,2134
02,29,61,Préfecture,Tchaoudjo,Centrale,45-49,Rural,Ensemble,4287
02,29,61,Préfecture,Tchaoudjo,Centrale,45-49,Total,Hommes,4344
02,29,61,Préfecture,Tchaoudjo,Centrale,45-49,Total,Femmes,4401
02,29,61,Préfecture,Tchaoudjo,Centrale,45-49,Total,Ensemble,8745
02,29,61,Préfecture,Tchaoudjo,Centrale,50-54,Urbain,Hommes,1835
02,29,61,Préfecture,Tchaoudjo,Centrale,50-54,Urbain,Femmes,1976
02,29,61,Préfecture,Tchaoudjo,Centrale,50-54,Urbain,Ensemble,3811
02,29,61,Préfecture,Tchaoudjo,Centrale,50-54,Rural,Hommes,1978
02,29,61,Préfecture,Tchaoudjo,Centrale,50-54,Rural,Femmes,2166
02,29,61,Préfecture,Tchaoudjo,Centrale,50-54,Rural,Ensemble,4144
02,29,61,Préfecture,Tchaoudjo,Centrale,50-54,Total,Hommes,3813
02,29,61,Préfecture,Tchaoudjo,Centrale,50-54,Total,Femmes,4142
02,29,61,Préfecture,Tchaoudjo,Centrale,50-54,Total,Ensemble,7955
02,29,61,Préfecture,Tchaoudjo,Centrale,55-59,Urbain,Hommes,1443
02,29,61,Préfecture,Tchaoudjo,Centrale,55-59,Urbain,Femmes,1557
02,29,61,Préfecture,Tchaoudjo,Centrale,55-59,Urbain,Ensemble,3000
02,29,61,Préfecture,Tchaoudjo,Centrale,55-59,Rural,Hommes,1496
02,29,61,Préfecture,Tchaoudjo,Centrale,55-59,Rural,Femmes,1417
02,29,61,Préfecture,Tchaoudjo,Centrale,55-59,Rural,Ensemble,2913
02,29,61,Préfecture,Tchaoudjo,Centrale,55-59,Total,Hommes,2939
02,29,61,Préfecture,Tchaoudjo,Centrale,55-59,Total,Femmes,2974
02,29,61,Préfecture,Tchaoudjo,Centrale,55-59,Total,Ensemble,5913
02,29,61,Préfecture,Tchaoudjo,Centrale,60-64,Urbain,Hommes,1235
02,29,61,Préfecture,Tchaoudjo,Centrale,60-64,Urbain,Femmes,1388
02,29,61,Préfecture,Tchaoudjo,Centrale,60-64,Urbain,Ensemble,2623
02,29,61,Préfecture,Tchaoudjo,Centrale,60-64,Rural,Hommes,1246
02,29,61,Préfecture,Tchaoudjo,Centrale,60-64,Rural,Femmes,1313
02,29,61,Préfecture,Tchaoudjo,Centrale,60-64,Rural,Ensemble,2559
02,29,61,Préfecture,Tchaoudjo,Centrale,60-64,Total,Hommes,2481
02,29,61,Préfecture,Tchaoudjo,Centrale,60-64,Total,Femmes,2701
02,29,61,Préfecture,Tchaoudjo,Centrale,60-64,Total,Ensemble,5182
02,29,61,Préfecture,Tchaoudjo,Centrale,65-69,Urbain,Hommes,780
02,29,61,Préfecture,Tchaoudjo,Centrale,65-69,Urbain,Femmes,834
02,29,61,Préfecture,Tchaoudjo,Centrale,65-69,Urbain,Ensemble,1614
02,29,61,Préfecture,Tchaoudjo,Centrale,65-69,Rural,Hommes,761
02,29,61,Préfecture,Tchaoudjo,Centrale,65-69,Rural,Femmes,850
02,29,61,Préfecture,Tchaoudjo,Centrale,65-69,Rural,Ensemble,1611
02,29,61,Préfecture,Tchaoudjo,Centrale,65-69,Total,Hommes,1541
02,29,61,Préfecture,Tchaoudjo,Centrale,65-69,Total,Femmes,1684
02,29,61,Préfecture,Tchaoudjo,Centrale,65-69,Total,Ensemble,3225
02,29,61,Préfecture,Tchaoudjo,Centrale,70-74,Urbain,Hommes,526
02,29,61,Préfecture,Tchaoudjo,Centrale,70-74,Urbain,Femmes,634
02,29,61,Préfecture,Tchaoudjo,Centrale,70-74,Urbain,Ensemble,1160
02,29,61,Préfecture,Tchaoudjo,Centrale,70-74,Rural,Hommes,552
02,29,61,Préfecture,Tchaoudjo,Centrale,70-74,Rural,Femmes,686
02,29,61,Préfecture,Tchaoudjo,Centrale,70-74,Rural,Ensemble,1238
02,29,61,Préfecture,Tchaoudjo,Centrale,70-74,Total,Hommes,1078
02,29,61,Préfecture,Tchaoudjo,Centrale,70-74,Total,Femmes,1320
02,29,61,Préfecture,Tchaoudjo,Centrale,70-74,Total,Ensemble,2398
02,29,61,Préfecture,Tchaoudjo,Centrale,75-79,Urbain,Hommes,266
02,29,61,Préfecture,Tchaoudjo,Centrale,75-79,Urbain,Femmes,418
02,29,61,Préfecture,Tchaoudjo,Centrale,75-79,Urbain,Ensemble,684
02,29,61,Préfecture,Tchaoudjo,Centrale,75-79,Rural,Hommes,285
02,29,61,Préfecture,Tchaoudjo,Centrale,75-79,Rural,Femmes,430
02,29,61,Préfecture,Tchaoudjo,Centrale,75-79,Rural,Ensemble,715
02,29,61,Préfecture,Tchaoudjo,Centrale,75-79,Total,Hommes,551
02,29,61,Préfecture,Tchaoudjo,Centrale,75-79,Total,Femmes,848
02,29,61,Préfecture,Tchaoudjo,Centrale,75-79,Total,Ensemble,1399
02,29,61,Préfecture,Tchaoudjo,Centrale,80-84,Urbain,Hommes,170
02,29,61,Préfecture,Tchaoudjo,Centrale,80-84,Urbain,Femmes,307
02,29,61,Préfecture,Tchaoudjo,Centrale,80-84,Urbain,Ensemble,477
02,29,61,Préfecture,Tchaoudjo,Centrale,80-84,Rural,Hommes,268
02,29,61,Préfecture,Tchaoudjo,Centrale,80-84,Rural,Femmes,390
02,29,61,Préfecture,Tchaoudjo,Centrale,80-84,Rural,Ensemble,658
02,29,61,Préfecture,Tchaoudjo,Centrale,80-84,Total,Hommes,438
02,29,61,Préfecture,Tchaoudjo,Centrale,80-84,Total,Femmes,697
02,29,61,Préfecture,Tchaoudjo,Centrale,80-84,Total,Ensemble,1135
02,29,61,Préfecture,Tchaoudjo,Centrale,85 et +,Urbain,Hommes,174
02,29,61,Préfecture,Tchaoudjo,Centrale,85 et +,Urbain,Femmes,386
02,29,61,Préfecture,Tchaoudjo,Centrale,85 et +,Urbain,Ensemble,560
02,29,61,Préfecture,Tchaoudjo,Centrale,85 et +,Rural,Hommes,364
02,29,61,Préfecture,Tchaoudjo,Centrale,85 et +,Rural,Femmes,493
02,29,61,Préfecture,Tchaoudjo,Centrale,85 et +,Rural,Ensemble,857
02,29,61,Préfecture,Tchaoudjo,Centrale,85 et +,Total,Hommes,538
02,29,61,Préfecture,Tchaoudjo,Centrale,85 et +,Total,Femmes,879
02,29,61,Préfecture,Tchaoudjo,Centrale,85 et +,Total,Ensemble,1417
02,29,61,Préfecture,Tchaoudjo,Centrale,ND,Urbain,Hommes,138
02,29,61,Préfecture,Tchaoudjo,Centrale,ND,Urbain,Femmes,130
02,29,61,Préfecture,Tchaoudjo,Centrale,ND,Urbain,Ensemble,268
02,29,61,Préfecture,Tchaoudjo,Centrale,ND,Rural,Hommes,156
02,29,61,Préfecture,Tchaoudjo,Centrale,ND,Rural,Femmes,179
02,29,61,Préfecture,Tchaoudjo,Centrale,ND,Rural,Ensemble,335
02,29,61,Préfecture,Tchaoudjo,Centrale,ND,Total,Hommes,294
02,29,61,Préfecture,Tchaoudjo,Centrale,ND,Total,Femmes,309
02,29,61,Préfecture,Tchaoudjo,Centrale,ND,Total,Ensemble,603
02,29,61,Préfecture,Tchaoudjo,Centrale,Total,Urbain,Hommes,57250
02,29,61,Préfecture,Tchaoudjo,Centrale,Total,Urbain,Femmes,58192
02,29,61,Préfecture,Tchaoudjo,Centrale,Total,Urbain,Ensemble,115442
02,29,61,Préfecture,Tchaoudjo,Centrale,Total,Rural,Hommes,61876
02,29,61,Préfecture,Tchaoudjo,Centrale,Total,Rural,Femmes,63042
02,29,61,Préfecture,Tchaoudjo,Centrale,Total,Rural,Ensemble,124918
02,29,61,Préfecture,Tchaoudjo,Centrale,Total,Total,Hommes,119126
02,29,61,Préfecture,Tchaoudjo,Centrale,Total,Total,Femmes,121234
02,29,61,Préfecture,Tchaoudjo,Centrale,Total,Total,Ensemble,240360
02,30,62,Préfecture,Tchamba,Centrale,0,Urbain,Hommes,594
02,30,62,Préfecture,Tchamba,Centrale,0,Urbain,Femmes,568
02,30,62,Préfecture,Tchamba,Centrale,0,Urbain,Ensemble,1162
02,30,62,Préfecture,Tchamba,Centrale,0,Rural,Hommes,2721
02,30,62,Préfecture,Tchamba,Centrale,0,Rural,Femmes,2594
02,30,62,Préfecture,Tchamba,Centrale,0,Rural,Ensemble,5315
02,30,62,Préfecture,Tchamba,Centrale,0,Total,Hommes,3315
02,30,62,Préfecture,Tchamba,Centrale,0,Total,Femmes,3162
02,30,62,Préfecture,Tchamba,Centrale,0,Total,Ensemble,6477
02,30,62,Préfecture,Tchamba,Centrale,1-4,Urbain,Hommes,2237
02,30,62,Préfecture,Tchamba,Centrale,1-4,Urbain,Femmes,2102
02,30,62,Préfecture,Tchamba,Centrale,1-4,Urbain,Ensemble,4339
02,30,62,Préfecture,Tchamba,Centrale,1-4,Rural,Hommes,11695
02,30,62,Préfecture,Tchamba,Centrale,1-4,Rural,Femmes,11087
02,30,62,Préfecture,Tchamba,Centrale,1-4,Rural,Ensemble,22782
02,30,62,Préfecture,Tchamba,Centrale,1-4,Total,Hommes,13932
02,30,62,Préfecture,Tchamba,Centrale,1-4,Total,Femmes,13189
02,30,62,Préfecture,Tchamba,Centrale,1-4,Total,Ensemble,27121
02,30,62,Préfecture,Tchamba,Centrale,5-9,Urbain,Hommes,2917
02,30,62,Préfecture,Tchamba,Centrale,5-9,Urbain,Femmes,2553
02,30,62,Préfecture,Tchamba,Centrale,5-9,Urbain,Ensemble,5470
02,30,62,Préfecture,Tchamba,Centrale,5-9,Rural,Hommes,14014
02,30,62,Préfecture,Tchamba,Centrale,5-9,Rural,Femmes,13048
02,30,62,Préfecture,Tchamba,Centrale,5-9,Rural,Ensemble,27062
02,30,62,Préfecture,Tchamba,Centrale,5-9,Total,Hommes,16931
02,30,62,Préfecture,Tchamba,Centrale,5-9,Total,Femmes,15601
02,30,62,Préfecture,Tchamba,Centrale,5-9,Total,Ensemble,32532
02,30,62,Préfecture,Tchamba,Centrale,10-14,Urbain,Hommes,2370
02,30,62,Préfecture,Tchamba,Centrale,10-14,Urbain,Femmes,2116
02,30,62,Préfecture,Tchamba,Centrale,10-14,Urbain,Ensemble,4486
02,30,62,Préfecture,Tchamba,Centrale,10-14,Rural,Hommes,11304
02,30,62,Préfecture,Tchamba,Centrale,10-14,Rural,Femmes,9868
02,30,62,Préfecture,Tchamba,Centrale,10-14,Rural,Ensemble,21172
02,30,62,Préfecture,Tchamba,Centrale,10-14,Total,Hommes,13674
02,30,62,Préfecture,Tchamba,Centrale,10-14,Total,Femmes,11984
02,30,62,Préfecture,Tchamba,Centrale,10-14,Total,Ensemble,25658
02,30,62,Préfecture,Tchamba,Centrale,15-19,Urbain,Hommes,1986
02,30,62,Préfecture,Tchamba,Centrale,15-19,Urbain,Femmes,1782
02,30,62,Préfecture,Tchamba,Centrale,15-19,Urbain,Ensemble,3768
02,30,62,Préfecture,Tchamba,Centrale,15-19,Rural,Hommes,8199
02,30,62,Préfecture,Tchamba,Centrale,15-19,Rural,Femmes,6955
02,30,62,Préfecture,Tchamba,Centrale,15-19,Rural,Ensemble,15154
02,30,62,Préfecture,Tchamba,Centrale,15-19,Total,Hommes,10185
02,30,62,Préfecture,Tchamba,Centrale,15-19,Total,Femmes,8737
02,30,62,Préfecture,Tchamba,Centrale,15-19,Total,Ensemble,18922
02,30,62,Préfecture,Tchamba,Centrale,20-24,Urbain,Hommes,1479
02,30,62,Préfecture,Tchamba,Centrale,20-24,Urbain,Femmes,1704
02,30,62,Préfecture,Tchamba,Centrale,20-24,Urbain,Ensemble,3183
02,30,62,Préfecture,Tchamba,Centrale,20-24,Rural,Hommes,6203
02,30,62,Préfecture,Tchamba,Centrale,20-24,Rural,Femmes,7301
02,30,62,Préfecture,Tchamba,Centrale,20-24,Rural,Ensemble,13504
02,30,62,Préfecture,Tchamba,Centrale,20-24,Total,Hommes,7682
02,30,62,Préfecture,Tchamba,Centrale,20-24,Total,Femmes,9005
02,30,62,Préfecture,Tchamba,Centrale,20-24,Total,Ensemble,16687
02,30,62,Préfecture,Tchamba,Centrale,25-29,Urbain,Hommes,1094
02,30,62,Préfecture,Tchamba,Centrale,25-29,Urbain,Femmes,1490
02,30,62,Préfecture,Tchamba,Centrale,25-29,Urbain,Ensemble,2584
02,30,62,Préfecture,Tchamba,Centrale,25-29,Rural,Hommes,5448
02,30,62,Préfecture,Tchamba,Centrale,25-29,Rural,Femmes,6162
02,30,62,Préfecture,Tchamba,Centrale,25-29,Rural,Ensemble,11610
02,30,62,Préfecture,Tchamba,Centrale,25-29,Total,Hommes,6542
02,30,62,Préfecture,Tchamba,Centrale,25-29,Total,Femmes,7652
02,30,62,Préfecture,Tchamba,Centrale,25-29,Total,Ensemble,14194
02,30,62,Préfecture,Tchamba,Centrale,30-34,Urbain,Hommes,1011
02,30,62,Préfecture,Tchamba,Centrale,30-34,Urbain,Femmes,1467
02,30,62,Préfecture,Tchamba,Centrale,30-34,Urbain,Ensemble,2478
02,30,62,Préfecture,Tchamba,Centrale,30-34,Rural,Hommes,5142
02,30,62,Préfecture,Tchamba,Centrale,30-34,Rural,Femmes,5807
02,30,62,Préfecture,Tchamba,Centrale,30-34,Rural,Ensemble,10949
02,30,62,Préfecture,Tchamba,Centrale,30-34,Total,Hommes,6153
02,30,62,Préfecture,Tchamba,Centrale,30-34,Total,Femmes,7274
02,30,62,Préfecture,Tchamba,Centrale,30-34,Total,Ensemble,13427
02,30,62,Préfecture,Tchamba,Centrale,35-39,Urbain,Hommes,967
02,30,62,Préfecture,Tchamba,Centrale,35-39,Urbain,Femmes,1089
02,30,62,Préfecture,Tchamba,Centrale,35-39,Urbain,Ensemble,2056
02,30,62,Préfecture,Tchamba,Centrale,35-39,Rural,Hommes,4339
02,30,62,Préfecture,Tchamba,Centrale,35-39,Rural,Femmes,4532
02,30,62,Préfecture,Tchamba,Centrale,35-39,Rural,Ensemble,8871
02,30,62,Préfecture,Tchamba,Centrale,35-39,Total,Hommes,5306
02,30,62,Préfecture,Tchamba,Centrale,35-39,Total,Femmes,5621
02,30,62,Préfecture,Tchamba,Centrale,35-39,Total,Ensemble,10927
02,30,62,Préfecture,Tchamba,Centrale,40-44,Urbain,Hommes,802
02,30,62,Préfecture,Tchamba,Centrale,40-44,Urbain,Femmes,849
02,30,62,Préfecture,Tchamba,Centrale,40-44,Urbain,Ensemble,1651
02,30,62,Préfecture,Tchamba,Centrale,40-44,Rural,Hommes,3540
02,30,62,Préfecture,Tchamba,Centrale,40-44,Rural,Femmes,3725
02,30,62,Préfecture,Tchamba,Centrale,40-44,Rural,Ensemble,7265
02,30,62,Préfecture,Tchamba,Centrale,40-44,Total,Hommes,4342
02,30,62,Préfecture,Tchamba,Centrale,40-44,Total,Femmes,4574
02,30,62,Préfecture,Tchamba,Centrale,40-44,Total,Ensemble,8916
02,30,62,Préfecture,Tchamba,Centrale,45-49,Urbain,Hommes,602
02,30,62,Préfecture,Tchamba,Centrale,45-49,Urbain,Femmes,568
02,30,62,Préfecture,Tchamba,Centrale,45-49,Urbain,Ensemble,1170
02,30,62,Préfecture,Tchamba,Centrale,45-49,Rural,Hommes,2731
02,30,62,Préfecture,Tchamba,Centrale,45-49,Rural,Femmes,2541
02,30,62,Préfecture,Tchamba,Centrale,45-49,Rural,Ensemble,5272
02,30,62,Préfecture,Tchamba,Centrale,45-49,Total,Hommes,3333
02,30,62,Préfecture,Tchamba,Centrale,45-49,Total,Femmes,3109
02,30,62,Préfecture,Tchamba,Centrale,45-49,Total,Ensemble,6442
02,30,62,Préfecture,Tchamba,Centrale,50-54,Urbain,Hommes,482
02,30,62,Préfecture,Tchamba,Centrale,50-54,Urbain,Femmes,479
02,30,62,Préfecture,Tchamba,Centrale,50-54,Urbain,Ensemble,961
02,30,62,Préfecture,Tchamba,Centrale,50-54,Rural,Hommes,2401
02,30,62,Préfecture,Tchamba,Centrale,50-54,Rural,Femmes,2326
02,30,62,Préfecture,Tchamba,Centrale,50-54,Rural,Ensemble,4727
02,30,62,Préfecture,Tchamba,Centrale,50-54,Total,Hommes,2883
02,30,62,Préfecture,Tchamba,Centrale,50-54,Total,Femmes,2805
02,30,62,Préfecture,Tchamba,Centrale,50-54,Total,Ensemble,5688
02,30,62,Préfecture,Tchamba,Centrale,55-59,Urbain,Hommes,373
02,30,62,Préfecture,Tchamba,Centrale,55-59,Urbain,Femmes,341
02,30,62,Préfecture,Tchamba,Centrale,55-59,Urbain,Ensemble,714
02,30,62,Préfecture,Tchamba,Centrale,55-59,Rural,Hommes,1648
02,30,62,Préfecture,Tchamba,Centrale,55-59,Rural,Femmes,1370
02,30,62,Préfecture,Tchamba,Centrale,55-59,Rural,Ensemble,3018
02,30,62,Préfecture,Tchamba,Centrale,55-59,Total,Hommes,2021
02,30,62,Préfecture,Tchamba,Centrale,55-59,Total,Femmes,1711
02,30,62,Préfecture,Tchamba,Centrale,55-59,Total,Ensemble,3732
02,30,62,Préfecture,Tchamba,Centrale,60-64,Urbain,Hommes,276
02,30,62,Préfecture,Tchamba,Centrale,60-64,Urbain,Femmes,298
02,30,62,Préfecture,Tchamba,Centrale,60-64,Urbain,Ensemble,574
02,30,62,Préfecture,Tchamba,Centrale,60-64,Rural,Hommes,1340
02,30,62,Préfecture,Tchamba,Centrale,60-64,Rural,Femmes,1384
02,30,62,Préfecture,Tchamba,Centrale,60-64,Rural,Ensemble,2724
02,30,62,Préfecture,Tchamba,Centrale,60-64,Total,Hommes,1616
02,30,62,Préfecture,Tchamba,Centrale,60-64,Total,Femmes,1682
02,30,62,Préfecture,Tchamba,Centrale,60-64,Total,Ensemble,3298
02,30,62,Préfecture,Tchamba,Centrale,65-69,Urbain,Hommes,201
02,30,62,Préfecture,Tchamba,Centrale,65-69,Urbain,Femmes,198
02,30,62,Préfecture,Tchamba,Centrale,65-69,Urbain,Ensemble,399
02,30,62,Préfecture,Tchamba,Centrale,65-69,Rural,Hommes,703
02,30,62,Préfecture,Tchamba,Centrale,65-69,Rural,Femmes,693
02,30,62,Préfecture,Tchamba,Centrale,65-69,Rural,Ensemble,1396
02,30,62,Préfecture,Tchamba,Centrale,65-69,Total,Hommes,904
02,30,62,Préfecture,Tchamba,Centrale,65-69,Total,Femmes,891
02,30,62,Préfecture,Tchamba,Centrale,65-69,Total,Ensemble,1795
02,30,62,Préfecture,Tchamba,Centrale,70-74,Urbain,Hommes,154
02,30,62,Préfecture,Tchamba,Centrale,70-74,Urbain,Femmes,163
02,30,62,Préfecture,Tchamba,Centrale,70-74,Urbain,Ensemble,317
02,30,62,Préfecture,Tchamba,Centrale,70-74,Rural,Hommes,618
02,30,62,Préfecture,Tchamba,Centrale,70-74,Rural,Femmes,637
02,30,62,Préfecture,Tchamba,Centrale,70-74,Rural,Ensemble,1255
02,30,62,Préfecture,Tchamba,Centrale,70-74,Total,Hommes,772
02,30,62,Préfecture,Tchamba,Centrale,70-74,Total,Femmes,800
02,30,62,Préfecture,Tchamba,Centrale,70-74,Total,Ensemble,1572
02,30,62,Préfecture,Tchamba,Centrale,75-79,Urbain,Hommes,86
02,30,62,Préfecture,Tchamba,Centrale,75-79,Urbain,Femmes,102
02,30,62,Préfecture,Tchamba,Centrale,75-79,Urbain,Ensemble,188
02,30,62,Préfecture,Tchamba,Centrale,75-79,Rural,Hommes,268
02,30,62,Préfecture,Tchamba,Centrale,75-79,Rural,Femmes,334
02,30,62,Préfecture,Tchamba,Centrale,75-79,Rural,Ensemble,602
02,30,62,Préfecture,Tchamba,Centrale,75-79,Total,Hommes,354
02,30,62,Préfecture,Tchamba,Centrale,75-79,Total,Femmes,436
02,30,62,Préfecture,Tchamba,Centrale,75-79,Total,Ensemble,790
02,30,62,Préfecture,Tchamba,Centrale,80-84,Urbain,Hommes,60
02,30,62,Préfecture,Tchamba,Centrale,80-84,Urbain,Femmes,81
02,30,62,Préfecture,Tchamba,Centrale,80-84,Urbain,Ensemble,141
02,30,62,Préfecture,Tchamba,Centrale,80-84,Rural,Hommes,232
02,30,62,Préfecture,Tchamba,Centrale,80-84,Rural,Femmes,345
02,30,62,Préfecture,Tchamba,Centrale,80-84,Rural,Ensemble,577
02,30,62,Préfecture,Tchamba,Centrale,80-84,Total,Hommes,292
02,30,62,Préfecture,Tchamba,Centrale,80-84,Total,Femmes,426
02,30,62,Préfecture,Tchamba,Centrale,80-84,Total,Ensemble,718
02,30,62,Préfecture,Tchamba,Centrale,85 et +,Urbain,Hommes,77
02,30,62,Préfecture,Tchamba,Centrale,85 et +,Urbain,Femmes,103
02,30,62,Préfecture,Tchamba,Centrale,85 et +,Urbain,Ensemble,180
02,30,62,Préfecture,Tchamba,Centrale,85 et +,Rural,Hommes,249
02,30,62,Préfecture,Tchamba,Centrale,85 et +,Rural,Femmes,334
02,30,62,Préfecture,Tchamba,Centrale,85 et +,Rural,Ensemble,583
02,30,62,Préfecture,Tchamba,Centrale,85 et +,Total,Hommes,326
02,30,62,Préfecture,Tchamba,Centrale,85 et +,Total,Femmes,437
02,30,62,Préfecture,Tchamba,Centrale,85 et +,Total,Ensemble,763
02,30,62,Préfecture,Tchamba,Centrale,ND,Urbain,Hommes,147
02,30,62,Préfecture,Tchamba,Centrale,ND,Urbain,Femmes,205
02,30,62,Préfecture,Tchamba,Centrale,ND,Urbain,Ensemble,352
02,30,62,Préfecture,Tchamba,Centrale,ND,Rural,Hommes,270
02,30,62,Préfecture,Tchamba,Centrale,ND,Rural,Femmes,304
02,30,62,Préfecture,Tchamba,Centrale,ND,Rural,Ensemble,574
02,30,62,Préfecture,Tchamba,Centrale,ND,Total,Hommes,417
02,30,62,Préfecture,Tchamba,Centrale,ND,Total,Femmes,509
02,30,62,Préfecture,Tchamba,Centrale,ND,Total,Ensemble,926
02,30,62,Préfecture,Tchamba,Centrale,Total,Urbain,Hommes,17915
02,30,62,Préfecture,Tchamba,Centrale,Total,Urbain,Femmes,18258
02,30,62,Préfecture,Tchamba,Centrale,Total,Urbain,Ensemble,36173
02,30,62,Préfecture,Tchamba,Centrale,Total,Rural,Hommes,83065
02,30,62,Préfecture,Tchamba,Centrale,Total,Rural,Femmes,81347
02,30,62,Préfecture,Tchamba,Centrale,Total,Rural,Ensemble,164412
02,30,62,Préfecture,Tchamba,Centrale,Total,Total,Hommes,100980
02,30,62,Préfecture,Tchamba,Centrale,Total,Total,Femmes,99605
02,30,62,Préfecture,Tchamba,Centrale,Total,Total,Ensemble,200585
02,31,63,Préfecture,Blitta,Centrale,0,Urbain,Hommes,123
02,31,63,Préfecture,Blitta,Centrale,0,Urbain,Femmes,134
02,31,63,Préfecture,Blitta,Centrale,0,Urbain,Ensemble,257
02,31,63,Préfecture,Blitta,Centrale,0,Rural,Hommes,2154
02,31,63,Préfecture,Blitta,Centrale,0,Rural,Femmes,2108
02,31,63,Préfecture,Blitta,Centrale,0,Rural,Ensemble,4262
02,31,63,Préfecture,Blitta,Centrale,0,Total,Hommes,2277
02,31,63,Préfecture,Blitta,Centrale,0,Total,Femmes,2242
02,31,63,Préfecture,Blitta,Centrale,0,Total,Ensemble,4519
02,31,63,Préfecture,Blitta,Centrale,1-4,Urbain,Hommes,569
02,31,63,Préfecture,Blitta,Centrale,1-4,Urbain,Femmes,557
02,31,63,Préfecture,Blitta,Centrale,1-4,Urbain,Ensemble,1126
02,31,63,Préfecture,Blitta,Centrale,1-4,Rural,Hommes,9663
02,31,63,Préfecture,Blitta,Centrale,1-4,Rural,Femmes,9303
02,31,63,Préfecture,Blitta,Centrale,1-4,Rural,Ensemble,18966
02,31,63,Préfecture,Blitta,Centrale,1-4,Total,Hommes,10232
02,31,63,Préfecture,Blitta,Centrale,1-4,Total,Femmes,9860
02,31,63,Préfecture,Blitta,Centrale,1-4,Total,Ensemble,20092
02,31,63,Préfecture,Blitta,Centrale,5-9,Urbain,Hommes,636
02,31,63,Préfecture,Blitta,Centrale,5-9,Urbain,Femmes,665
02,31,63,Préfecture,Blitta,Centrale,5-9,Urbain,Ensemble,1301
02,31,63,Préfecture,Blitta,Centrale,5-9,Rural,Hommes,11701
02,31,63,Préfecture,Blitta,Centrale,5-9,Rural,Femmes,11358
02,31,63,Préfecture,Blitta,Centrale,5-9,Rural,Ensemble,23059
02,31,63,Préfecture,Blitta,Centrale,5-9,Total,Hommes,12337
02,31,63,Préfecture,Blitta,Centrale,5-9,Total,Femmes,12023
02,31,63,Préfecture,Blitta,Centrale,5-9,Total,Ensemble,24360
02,31,63,Préfecture,Blitta,Centrale,10-14,Urbain,Hommes,695
02,31,63,Préfecture,Blitta,Centrale,10-14,Urbain,Femmes,763
02,31,63,Préfecture,Blitta,Centrale,10-14,Urbain,Ensemble,1458
02,31,63,Préfecture,Blitta,Centrale,10-14,Rural,Hommes,10981
02,31,63,Préfecture,Blitta,Centrale,10-14,Rural,Femmes,9570
02,31,63,Préfecture,Blitta,Centrale,10-14,Rural,Ensemble,20551
02,31,63,Préfecture,Blitta,Centrale,10-14,Total,Hommes,11676
02,31,63,Préfecture,Blitta,Centrale,10-14,Total,Femmes,10333
02,31,63,Préfecture,Blitta,Centrale,10-14,Total,Ensemble,22009
02,31,63,Préfecture,Blitta,Centrale,15-19,Urbain,Hommes,797
02,31,63,Préfecture,Blitta,Centrale,15-19,Urbain,Femmes,674
02,31,63,Préfecture,Blitta,Centrale,15-19,Urbain,Ensemble,1471
02,31,63,Préfecture,Blitta,Centrale,15-19,Rural,Hommes,7642
02,31,63,Préfecture,Blitta,Centrale,15-19,Rural,Femmes,6689
02,31,63,Préfecture,Blitta,Centrale,15-19,Rural,Ensemble,14331
02,31,63,Préfecture,Blitta,Centrale,15-19,Total,Hommes,8439
02,31,63,Préfecture,Blitta,Centrale,15-19,Total,Femmes,7363
02,31,63,Préfecture,Blitta,Centrale,15-19,Total,Ensemble,15802
02,31,63,Préfecture,Blitta,Centrale,20-24,Urbain,Hommes,461
02,31,63,Préfecture,Blitta,Centrale,20-24,Urbain,Femmes,446
02,31,63,Préfecture,Blitta,Centrale,20-24,Urbain,Ensemble,907
02,31,63,Préfecture,Blitta,Centrale,20-24,Rural,Hommes,5153
02,31,63,Préfecture,Blitta,Centrale,20-24,Rural,Femmes,6216
02,31,63,Préfecture,Blitta,Centrale,20-24,Rural,Ensemble,11369
02,31,63,Préfecture,Blitta,Centrale,20-24,Total,Hommes,5614
02,31,63,Préfecture,Blitta,Centrale,20-24,Total,Femmes,6662
02,31,63,Préfecture,Blitta,Centrale,20-24,Total,Ensemble,12276
02,31,63,Préfecture,Blitta,Centrale,25-29,Urbain,Hommes,395
02,31,63,Préfecture,Blitta,Centrale,25-29,Urbain,Femmes,377
02,31,63,Préfecture,Blitta,Centrale,25-29,Urbain,Ensemble,772
02,31,63,Préfecture,Blitta,Centrale,25-29,Rural,Hommes,4937
02,31,63,Préfecture,Blitta,Centrale,25-29,Rural,Femmes,5321
02,31,63,Préfecture,Blitta,Centrale,25-29,Rural,Ensemble,10258
02,31,63,Préfecture,Blitta,Centrale,25-29,Total,Hommes,5332
02,31,63,Préfecture,Blitta,Centrale,25-29,Total,Femmes,5698
02,31,63,Préfecture,Blitta,Centrale,25-29,Total,Ensemble,11030
02,31,63,Préfecture,Blitta,Centrale,30-34,Urbain,Hommes,372
02,31,63,Préfecture,Blitta,Centrale,30-34,Urbain,Femmes,385
02,31,63,Préfecture,Blitta,Centrale,30-34,Urbain,Ensemble,757
02,31,63,Préfecture,Blitta,Centrale,30-34,Rural,Hommes,5000
02,31,63,Préfecture,Blitta,Centrale,30-34,Rural,Femmes,5171
02,31,63,Préfecture,Blitta,Centrale,30-34,Rural,Ensemble,10171
02,31,63,Préfecture,Blitta,Centrale,30-34,Total,Hommes,5372
02,31,63,Préfecture,Blitta,Centrale,30-34,Total,Femmes,5556
02,31,63,Préfecture,Blitta,Centrale,30-34,Total,Ensemble,10928
02,31,63,Préfecture,Blitta,Centrale,35-39,Urbain,Hommes,331
02,31,63,Préfecture,Blitta,Centrale,35-39,Urbain,Femmes,342
02,31,63,Préfecture,Blitta,Centrale,35-39,Urbain,Ensemble,673
02,31,63,Préfecture,Blitta,Centrale,35-39,Rural,Hommes,4411
02,31,63,Préfecture,Blitta,Centrale,35-39,Rural,Femmes,4540
02,31,63,Préfecture,Blitta,Centrale,35-39,Rural,Ensemble,8951
02,31,63,Préfecture,Blitta,Centrale,35-39,Total,Hommes,4742
02,31,63,Préfecture,Blitta,Centrale,35-39,Total,Femmes,4882
02,31,63,Préfecture,Blitta,Centrale,35-39,Total,Ensemble,9624
02,31,63,Préfecture,Blitta,Centrale,40-44,Urbain,Hommes,246
02,31,63,Préfecture,Blitta,Centrale,40-44,Urbain,Femmes,249
02,31,63,Préfecture,Blitta,Centrale,40-44,Urbain,Ensemble,495
02,31,63,Préfecture,Blitta,Centrale,40-44,Rural,Hommes,3582
02,31,63,Préfecture,Blitta,Centrale,40-44,Rural,Femmes,3833
02,31,63,Préfecture,Blitta,Centrale,40-44,Rural,Ensemble,7415
02,31,63,Préfecture,Blitta,Centrale,40-44,Total,Hommes,3828
02,31,63,Préfecture,Blitta,Centrale,40-44,Total,Femmes,4082
02,31,63,Préfecture,Blitta,Centrale,40-44,Total,Ensemble,7910
02,31,63,Préfecture,Blitta,Centrale,45-49,Urbain,Hommes,212
02,31,63,Préfecture,Blitta,Centrale,45-49,Urbain,Femmes,200
02,31,63,Préfecture,Blitta,Centrale,45-49,Urbain,Ensemble,412
02,31,63,Préfecture,Blitta,Centrale,45-49,Rural,Hommes,2736
02,31,63,Préfecture,Blitta,Centrale,45-49,Rural,Femmes,2823
02,31,63,Préfecture,Blitta,Centrale,45-49,Rural,Ensemble,5559
02,31,63,Préfecture,Blitta,Centrale,45-49,Total,Hommes,2948
02,31,63,Préfecture,Blitta,Centrale,45-49,Total,Femmes,3023
02,31,63,Préfecture,Blitta,Centrale,45-49,Total,Ensemble,5971
02,31,63,Préfecture,Blitta,Centrale,50-54,Urbain,Hommes,179
02,31,63,Préfecture,Blitta,Centrale,50-54,Urbain,Femmes,195
02,31,63,Préfecture,Blitta,Centrale,50-54,Urbain,Ensemble,374
02,31,63,Préfecture,Blitta,Centrale,50-54,Rural,Hommes,2601
02,31,63,Préfecture,Blitta,Centrale,50-54,Rural,Femmes,2674
02,31,63,Préfecture,Blitta,Centrale,50-54,Rural,Ensemble,5275
02,31,63,Préfecture,Blitta,Centrale,50-54,Total,Hommes,2780
02,31,63,Préfecture,Blitta,Centrale,50-54,Total,Femmes,2869
02,31,63,Préfecture,Blitta,Centrale,50-54,Total,Ensemble,5649
02,31,63,Préfecture,Blitta,Centrale,55-59,Urbain,Hommes,153
02,31,63,Préfecture,Blitta,Centrale,55-59,Urbain,Femmes,157
02,31,63,Préfecture,Blitta,Centrale,55-59,Urbain,Ensemble,310
02,31,63,Préfecture,Blitta,Centrale,55-59,Rural,Hommes,1882
02,31,63,Préfecture,Blitta,Centrale,55-59,Rural,Femmes,1855
02,31,63,Préfecture,Blitta,Centrale,55-59,Rural,Ensemble,3737
02,31,63,Préfecture,Blitta,Centrale,55-59,Total,Hommes,2035
02,31,63,Préfecture,Blitta,Centrale,55-59,Total,Femmes,2012
02,31,63,Préfecture,Blitta,Centrale,55-59,Total,Ensemble,4047
02,31,63,Préfecture,Blitta,Centrale,60-64,Urbain,Hommes,87
02,31,63,Préfecture,Blitta,Centrale,60-64,Urbain,Femmes,135
02,31,63,Préfecture,Blitta,Centrale,60-64,Urbain,Ensemble,222
02,31,63,Préfecture,Blitta,Centrale,60-64,Rural,Hommes,1460
02,31,63,Préfecture,Blitta,Centrale,60-64,Rural,Femmes,1673
02,31,63,Préfecture,Blitta,Centrale,60-64,Rural,Ensemble,3133
02,31,63,Préfecture,Blitta,Centrale,60-64,Total,Hommes,1547
02,31,63,Préfecture,Blitta,Centrale,60-64,Total,Femmes,1808
02,31,63,Préfecture,Blitta,Centrale,60-64,Total,Ensemble,3355
02,31,63,Préfecture,Blitta,Centrale,65-69,Urbain,Hommes,72
02,31,63,Préfecture,Blitta,Centrale,65-69,Urbain,Femmes,85
02,31,63,Préfecture,Blitta,Centrale,65-69,Urbain,Ensemble,157
02,31,63,Préfecture,Blitta,Centrale,65-69,Rural,Hommes,777
02,31,63,Préfecture,Blitta,Centrale,65-69,Rural,Femmes,832
02,31,63,Préfecture,Blitta,Centrale,65-69,Rural,Ensemble,1609
02,31,63,Préfecture,Blitta,Centrale,65-69,Total,Hommes,849
02,31,63,Préfecture,Blitta,Centrale,65-69,Total,Femmes,917
02,31,63,Préfecture,Blitta,Centrale,65-69,Total,Ensemble,1766
02,31,63,Préfecture,Blitta,Centrale,70-74,Urbain,Hommes,43
02,31,63,Préfecture,Blitta,Centrale,70-74,Urbain,Femmes,64
02,31,63,Préfecture,Blitta,Centrale,70-74,Urbain,Ensemble,107
02,31,63,Préfecture,Blitta,Centrale,70-74,Rural,Hommes,548
02,31,63,Préfecture,Blitta,Centrale,70-74,Rural,Femmes,727
02,31,63,Préfecture,Blitta,Centrale,70-74,Rural,Ensemble,1275
02,31,63,Préfecture,Blitta,Centrale,70-74,Total,Hommes,591
02,31,63,Préfecture,Blitta,Centrale,70-74,Total,Femmes,791
02,31,63,Préfecture,Blitta,Centrale,70-74,Total,Ensemble,1382
02,31,63,Préfecture,Blitta,Centrale,75-79,Urbain,Hommes,9
02,31,63,Préfecture,Blitta,Centrale,75-79,Urbain,Femmes,30
02,31,63,Préfecture,Blitta,Centrale,75-79,Urbain,Ensemble,39
02,31,63,Préfecture,Blitta,Centrale,75-79,Rural,Hommes,257
02,31,63,Préfecture,Blitta,Centrale,75-79,Rural,Femmes,413
02,31,63,Préfecture,Blitta,Centrale,75-79,Rural,Ensemble,670
02,31,63,Préfecture,Blitta,Centrale,75-79,Total,Hommes,266
02,31,63,Préfecture,Blitta,Centrale,75-79,Total,Femmes,443
02,31,63,Préfecture,Blitta,Centrale,75-79,Total,Ensemble,709
02,31,63,Préfecture,Blitta,Centrale,80-84,Urbain,Hommes,16
02,31,63,Préfecture,Blitta,Centrale,80-84,Urbain,Femmes,30
02,31,63,Préfecture,Blitta,Centrale,80-84,Urbain,Ensemble,46
02,31,63,Préfecture,Blitta,Centrale,80-84,Rural,Hommes,218
02,31,63,Préfecture,Blitta,Centrale,80-84,Rural,Femmes,330
02,31,63,Préfecture,Blitta,Centrale,80-84,Rural,Ensemble,548
02,31,63,Préfecture,Blitta,Centrale,80-84,Total,Hommes,234
02,31,63,Préfecture,Blitta,Centrale,80-84,Total,Femmes,360
02,31,63,Préfecture,Blitta,Centrale,80-84,Total,Ensemble,594
02,31,63,Préfecture,Blitta,Centrale,85 et +,Urbain,Hommes,8
02,31,63,Préfecture,Blitta,Centrale,85 et +,Urbain,Femmes,23
02,31,63,Préfecture,Blitta,Centrale,85 et +,Urbain,Ensemble,31
02,31,63,Préfecture,Blitta,Centrale,85 et +,Rural,Hommes,250
02,31,63,Préfecture,Blitta,Centrale,85 et +,Rural,Femmes,376
02,31,63,Préfecture,Blitta,Centrale,85 et +,Rural,Ensemble,626
02,31,63,Préfecture,Blitta,Centrale,85 et +,Total,Hommes,258
02,31,63,Préfecture,Blitta,Centrale,85 et +,Total,Femmes,399
02,31,63,Préfecture,Blitta,Centrale,85 et +,Total,Ensemble,657
02,31,63,Préfecture,Blitta,Centrale,ND,Urbain,Hommes,0
02,31,63,Préfecture,Blitta,Centrale,ND,Urbain,Femmes,0
02,31,63,Préfecture,Blitta,Centrale,ND,Urbain,Ensemble,0
02,31,63,Préfecture,Blitta,Centrale,ND,Rural,Hommes,245
02,31,63,Préfecture,Blitta,Centrale,ND,Rural,Femmes,347
02,31,63,Préfecture,Blitta,Centrale,ND,Rural,Ensemble,592
02,31,63,Préfecture,Blitta,Centrale,ND,Total,Hommes,245
02,31,63,Préfecture,Blitta,Centrale,ND,Total,Femmes,347
02,31,63,Préfecture,Blitta,Centrale,ND,Total,Ensemble,592
02,31,63,Préfecture,Blitta,Centrale,Total,Urbain,Hommes,5404
02,31,63,Préfecture,Blitta,Centrale,Total,Urbain,Femmes,5511
02,31,63,Préfecture,Blitta,Centrale,Total,Urbain,Ensemble,10915
02,31,63,Préfecture,Blitta,Centrale,Total,Rural,Hommes,76198
02,31,63,Préfecture,Blitta,Centrale,Total,Rural,Femmes,76159
02,31,63,Préfecture,Blitta,Centrale,Total,Rural,Ensemble,152357
02,31,63,Préfecture,Blitta,Centrale,Total,Total,Hommes,81602
02,31,63,Préfecture,Blitta,Centrale,Total,Total,Femmes,81670
02,31,63,Préfecture,Blitta,Centrale,Total,Total,Ensemble,163272
02,32,64,Préfecture,Sotouboua,Centrale,0,Urbain,Hommes,404
02,32,64,Préfecture,Sotouboua,Centrale,0,Urbain,Femmes,374
02,32,64,Préfecture,Sotouboua,Centrale,0,Urbain,Ensemble,778
02,32,64,Préfecture,Sotouboua,Centrale,0,Rural,Hommes,1359
02,32,64,Préfecture,Sotouboua,Centrale,0,Rural,Femmes,1293
02,32,64,Préfecture,Sotouboua,Centrale,0,Rural,Ensemble,2652
02,32,64,Préfecture,Sotouboua,Centrale,0,Total,Hommes,1763
02,32,64,Préfecture,Sotouboua,Centrale,0,Total,Femmes,1667
02,32,64,Préfecture,Sotouboua,Centrale,0,Total,Ensemble,3430
02,32,64,Préfecture,Sotouboua,Centrale,1-4,Urbain,Hommes,1651
02,32,64,Préfecture,Sotouboua,Centrale,1-4,Urbain,Femmes,1597
02,32,64,Préfecture,Sotouboua,Centrale,1-4,Urbain,Ensemble,3248
02,32,64,Préfecture,Sotouboua,Centrale,1-4,Rural,Hommes,6075
02,32,64,Préfecture,Sotouboua,Centrale,1-4,Rural,Femmes,5966
02,32,64,Préfecture,Sotouboua,Centrale,1-4,Rural,Ensemble,12041
02,32,64,Préfecture,Sotouboua,Centrale,1-4,Total,Hommes,7726
02,32,64,Préfecture,Sotouboua,Centrale,1-4,Total,Femmes,7563
02,32,64,Préfecture,Sotouboua,Centrale,1-4,Total,Ensemble,15289
02,32,64,Préfecture,Sotouboua,Centrale,5-9,Urbain,Hommes,2056
02,32,64,Préfecture,Sotouboua,Centrale,5-9,Urbain,Femmes,2011
02,32,64,Préfecture,Sotouboua,Centrale,5-9,Urbain,Ensemble,4067
02,32,64,Préfecture,Sotouboua,Centrale,5-9,Rural,Hommes,7986
02,32,64,Préfecture,Sotouboua,Centrale,5-9,Rural,Femmes,7487
02,32,64,Préfecture,Sotouboua,Centrale,5-9,Rural,Ensemble,15473
02,32,64,Préfecture,Sotouboua,Centrale,5-9,Total,Hommes,10042
02,32,64,Préfecture,Sotouboua,Centrale,5-9,Total,Femmes,9498
02,32,64,Préfecture,Sotouboua,Centrale,5-9,Total,Ensemble,19540
02,32,64,Préfecture,Sotouboua,Centrale,10-14,Urbain,Hommes,2067
02,32,64,Préfecture,Sotouboua,Centrale,10-14,Urbain,Femmes,2060
02,32,64,Préfecture,Sotouboua,Centrale,10-14,Urbain,Ensemble,4127
02,32,64,Préfecture,Sotouboua,Centrale,10-14,Rural,Hommes,7545
02,32,64,Préfecture,Sotouboua,Centrale,10-14,Rural,Femmes,6711
02,32,64,Préfecture,Sotouboua,Centrale,10-14,Rural,Ensemble,14256
02,32,64,Préfecture,Sotouboua,Centrale,10-14,Total,Hommes,9612
02,32,64,Préfecture,Sotouboua,Centrale,10-14,Total,Femmes,8771
02,32,64,Préfecture,Sotouboua,Centrale,10-14,Total,Ensemble,18383
02,32,64,Préfecture,Sotouboua,Centrale,15-19,Urbain,Hommes,2232
02,32,64,Préfecture,Sotouboua,Centrale,15-19,Urbain,Femmes,2064
02,32,64,Préfecture,Sotouboua,Centrale,15-19,Urbain,Ensemble,4296
02,32,64,Préfecture,Sotouboua,Centrale,15-19,Rural,Hommes,5497
02,32,64,Préfecture,Sotouboua,Centrale,15-19,Rural,Femmes,4599
02,32,64,Préfecture,Sotouboua,Centrale,15-19,Rural,Ensemble,10096
02,32,64,Préfecture,Sotouboua,Centrale,15-19,Total,Hommes,7729
02,32,64,Préfecture,Sotouboua,Centrale,15-19,Total,Femmes,6663
02,32,64,Préfecture,Sotouboua,Centrale,15-19,Total,Ensemble,14392
02,32,64,Préfecture,Sotouboua,Centrale,20-24,Urbain,Hommes,1468
02,32,64,Préfecture,Sotouboua,Centrale,20-24,Urbain,Femmes,1566
02,32,64,Préfecture,Sotouboua,Centrale,20-24,Urbain,Ensemble,3034
02,32,64,Préfecture,Sotouboua,Centrale,20-24,Rural,Hommes,3855
02,32,64,Préfecture,Sotouboua,Centrale,20-24,Rural,Femmes,4269
02,32,64,Préfecture,Sotouboua,Centrale,20-24,Rural,Ensemble,8124
02,32,64,Préfecture,Sotouboua,Centrale,20-24,Total,Hommes,5323
02,32,64,Préfecture,Sotouboua,Centrale,20-24,Total,Femmes,5835
02,32,64,Préfecture,Sotouboua,Centrale,20-24,Total,Ensemble,11158
02,32,64,Préfecture,Sotouboua,Centrale,25-29,Urbain,Hommes,1163
02,32,64,Préfecture,Sotouboua,Centrale,25-29,Urbain,Femmes,1141
02,32,64,Préfecture,Sotouboua,Centrale,25-29,Urbain,Ensemble,2304
02,32,64,Préfecture,Sotouboua,Centrale,25-29,Rural,Hommes,3362
02,32,64,Préfecture,Sotouboua,Centrale,25-29,Rural,Femmes,3392
02,32,64,Préfecture,Sotouboua,Centrale,25-29,Rural,Ensemble,6754
02,32,64,Préfecture,Sotouboua,Centrale,25-29,Total,Hommes,4525
02,32,64,Préfecture,Sotouboua,Centrale,25-29,Total,Femmes,4533
02,32,64,Préfecture,Sotouboua,Centrale,25-29,Total,Ensemble,9058
02,32,64,Préfecture,Sotouboua,Centrale,30-34,Urbain,Hommes,1079
02,32,64,Préfecture,Sotouboua,Centrale,30-34,Urbain,Femmes,1118
02,32,64,Préfecture,Sotouboua,Centrale,30-34,Urbain,Ensemble,2197
02,32,64,Préfecture,Sotouboua,Centrale,30-34,Rural,Hommes,3322
02,32,64,Préfecture,Sotouboua,Centrale,30-34,Rural,Femmes,3425
02,32,64,Préfecture,Sotouboua,Centrale,30-34,Rural,Ensemble,6747
02,32,64,Préfecture,Sotouboua,Centrale,30-34,Total,Hommes,4401
02,32,64,Préfecture,Sotouboua,Centrale,30-34,Total,Femmes,4543
02,32,64,Préfecture,Sotouboua,Centrale,30-34,Total,Ensemble,8944
02,32,64,Préfecture,Sotouboua,Centrale,35-39,Urbain,Hommes,888
02,32,64,Préfecture,Sotouboua,Centrale,35-39,Urbain,Femmes,1019
02,32,64,Préfecture,Sotouboua,Centrale,35-39,Urbain,Ensemble,1907
02,32,64,Préfecture,Sotouboua,Centrale,35-39,Rural,Hommes,3059
02,32,64,Préfecture,Sotouboua,Centrale,35-39,Rural,Femmes,3096
02,32,64,Préfecture,Sotouboua,Centrale,35-39,Rural,Ensemble,6155
02,32,64,Préfecture,Sotouboua,Centrale,35-39,Total,Hommes,3947
02,32,64,Préfecture,Sotouboua,Centrale,35-39,Total,Femmes,4115
02,32,64,Préfecture,Sotouboua,Centrale,35-39,Total,Ensemble,8062
02,32,64,Préfecture,Sotouboua,Centrale,40-44,Urbain,Hommes,789
02,32,64,Préfecture,Sotouboua,Centrale,40-44,Urbain,Femmes,709
02,32,64,Préfecture,Sotouboua,Centrale,40-44,Urbain,Ensemble,1498
02,32,64,Préfecture,Sotouboua,Centrale,40-44,Rural,Hommes,2456
02,32,64,Préfecture,Sotouboua,Centrale,40-44,Rural,Femmes,2729
02,32,64,Préfecture,Sotouboua,Centrale,40-44,Rural,Ensemble,5185
02,32,64,Préfecture,Sotouboua,Centrale,40-44,Total,Hommes,3245
02,32,64,Préfecture,Sotouboua,Centrale,40-44,Total,Femmes,3438
02,32,64,Préfecture,Sotouboua,Centrale,40-44,Total,Ensemble,6683
02,32,64,Préfecture,Sotouboua,Centrale,45-49,Urbain,Hommes,560
02,32,64,Préfecture,Sotouboua,Centrale,45-49,Urbain,Femmes,626
02,32,64,Préfecture,Sotouboua,Centrale,45-49,Urbain,Ensemble,1186
02,32,64,Préfecture,Sotouboua,Centrale,45-49,Rural,Hommes,2075
02,32,64,Préfecture,Sotouboua,Centrale,45-49,Rural,Femmes,2176
02,32,64,Préfecture,Sotouboua,Centrale,45-49,Rural,Ensemble,4251
02,32,64,Préfecture,Sotouboua,Centrale,45-49,Total,Hommes,2635
02,32,64,Préfecture,Sotouboua,Centrale,45-49,Total,Femmes,2802
02,32,64,Préfecture,Sotouboua,Centrale,45-49,Total,Ensemble,5437
02,32,64,Préfecture,Sotouboua,Centrale,50-54,Urbain,Hommes,495
02,32,64,Préfecture,Sotouboua,Centrale,50-54,Urbain,Femmes,570
02,32,64,Préfecture,Sotouboua,Centrale,50-54,Urbain,Ensemble,1065
02,32,64,Préfecture,Sotouboua,Centrale,50-54,Rural,Hommes,1991
02,32,64,Préfecture,Sotouboua,Centrale,50-54,Rural,Femmes,2244
02,32,64,Préfecture,Sotouboua,Centrale,50-54,Rural,Ensemble,4235
02,32,64,Préfecture,Sotouboua,Centrale,50-54,Total,Hommes,2486
02,32,64,Préfecture,Sotouboua,Centrale,50-54,Total,Femmes,2814
02,32,64,Préfecture,Sotouboua,Centrale,50-54,Total,Ensemble,5300
02,32,64,Préfecture,Sotouboua,Centrale,55-59,Urbain,Hommes,383
02,32,64,Préfecture,Sotouboua,Centrale,55-59,Urbain,Femmes,482
02,32,64,Préfecture,Sotouboua,Centrale,55-59,Urbain,Ensemble,865
02,32,64,Préfecture,Sotouboua,Centrale,55-59,Rural,Hommes,1596
02,32,64,Préfecture,Sotouboua,Centrale,55-59,Rural,Femmes,1612
02,32,64,Préfecture,Sotouboua,Centrale,55-59,Rural,Ensemble,3208
02,32,64,Préfecture,Sotouboua,Centrale,55-59,Total,Hommes,1979
02,32,64,Préfecture,Sotouboua,Centrale,55-59,Total,Femmes,2094
02,32,64,Préfecture,Sotouboua,Centrale,55-59,Total,Ensemble,4073
02,32,64,Préfecture,Sotouboua,Centrale,60-64,Urbain,Hommes,289
02,32,64,Préfecture,Sotouboua,Centrale,60-64,Urbain,Femmes,344
02,32,64,Préfecture,Sotouboua,Centrale,60-64,Urbain,Ensemble,633
02,32,64,Préfecture,Sotouboua,Centrale,60-64,Rural,Hommes,1151
02,32,64,Préfecture,Sotouboua,Centrale,60-64,Rural,Femmes,1378
02,32,64,Préfecture,Sotouboua,Centrale,60-64,Rural,Ensemble,2529
02,32,64,Préfecture,Sotouboua,Centrale,60-64,Total,Hommes,1440
02,32,64,Préfecture,Sotouboua,Centrale,60-64,Total,Femmes,1722
02,32,64,Préfecture,Sotouboua,Centrale,60-64,Total,Ensemble,3162
02,32,64,Préfecture,Sotouboua,Centrale,65-69,Urbain,Hommes,199
02,32,64,Préfecture,Sotouboua,Centrale,65-69,Urbain,Femmes,238
02,32,64,Préfecture,Sotouboua,Centrale,65-69,Urbain,Ensemble,437
02,32,64,Préfecture,Sotouboua,Centrale,65-69,Rural,Hommes,605
02,32,64,Préfecture,Sotouboua,Centrale,65-69,Rural,Femmes,777
02,32,64,Préfecture,Sotouboua,Centrale,65-69,Rural,Ensemble,1382
02,32,64,Préfecture,Sotouboua,Centrale,65-69,Total,Hommes,804
02,32,64,Préfecture,Sotouboua,Centrale,65-69,Total,Femmes,1015
02,32,64,Préfecture,Sotouboua,Centrale,65-69,Total,Ensemble,1819
02,32,64,Préfecture,Sotouboua,Centrale,70-74,Urbain,Hommes,93
02,32,64,Préfecture,Sotouboua,Centrale,70-74,Urbain,Femmes,168
02,32,64,Préfecture,Sotouboua,Centrale,70-74,Urbain,Ensemble,261
02,32,64,Préfecture,Sotouboua,Centrale,70-74,Rural,Hommes,467
02,32,64,Préfecture,Sotouboua,Centrale,70-74,Rural,Femmes,729
02,32,64,Préfecture,Sotouboua,Centrale,70-74,Rural,Ensemble,1196
02,32,64,Préfecture,Sotouboua,Centrale,70-74,Total,Hommes,560
02,32,64,Préfecture,Sotouboua,Centrale,70-74,Total,Femmes,897
02,32,64,Préfecture,Sotouboua,Centrale,70-74,Total,Ensemble,1457
02,32,64,Préfecture,Sotouboua,Centrale,75-79,Urbain,Hommes,30
02,32,64,Préfecture,Sotouboua,Centrale,75-79,Urbain,Femmes,114
02,32,64,Préfecture,Sotouboua,Centrale,75-79,Urbain,Ensemble,144
02,32,64,Préfecture,Sotouboua,Centrale,75-79,Rural,Hommes,252
02,32,64,Préfecture,Sotouboua,Centrale,75-79,Rural,Femmes,445
02,32,64,Préfecture,Sotouboua,Centrale,75-79,Rural,Ensemble,697
02,32,64,Préfecture,Sotouboua,Centrale,75-79,Total,Hommes,282
02,32,64,Préfecture,Sotouboua,Centrale,75-79,Total,Femmes,559
02,32,64,Préfecture,Sotouboua,Centrale,75-79,Total,Ensemble,841
02,32,64,Préfecture,Sotouboua,Centrale,80-84,Urbain,Hommes,27
02,32,64,Préfecture,Sotouboua,Centrale,80-84,Urbain,Femmes,102
02,32,64,Préfecture,Sotouboua,Centrale,80-84,Urbain,Ensemble,129
02,32,64,Préfecture,Sotouboua,Centrale,80-84,Rural,Hommes,186
02,32,64,Préfecture,Sotouboua,Centrale,80-84,Rural,Femmes,336
02,32,64,Préfecture,Sotouboua,Centrale,80-84,Rural,Ensemble,522
02,32,64,Préfecture,Sotouboua,Centrale,80-84,Total,Hommes,213
02,32,64,Préfecture,Sotouboua,Centrale,80-84,Total,Femmes,438
02,32,64,Préfecture,Sotouboua,Centrale,80-84,Total,Ensemble,651
02,32,64,Préfecture,Sotouboua,Centrale,85 et +,Urbain,Hommes,35
02,32,64,Préfecture,Sotouboua,Centrale,85 et +,Urbain,Femmes,106
02,32,64,Préfecture,Sotouboua,Centrale,85 et +,Urbain,Ensemble,141
02,32,64,Préfecture,Sotouboua,Centrale,85 et +,Rural,Hommes,205
02,32,64,Préfecture,Sotouboua,Centrale,85 et +,Rural,Femmes,402
02,32,64,Préfecture,Sotouboua,Centrale,85 et +,Rural,Ensemble,607
02,32,64,Préfecture,Sotouboua,Centrale,85 et +,Total,Hommes,240
02,32,64,Préfecture,Sotouboua,Centrale,85 et +,Total,Femmes,508
02,32,64,Préfecture,Sotouboua,Centrale,85 et +,Total,Ensemble,748
02,32,64,Préfecture,Sotouboua,Centrale,ND,Urbain,Hommes,61
02,32,64,Préfecture,Sotouboua,Centrale,ND,Urbain,Femmes,86
02,32,64,Préfecture,Sotouboua,Centrale,ND,Urbain,Ensemble,147
02,32,64,Préfecture,Sotouboua,Centrale,ND,Rural,Hommes,127
02,32,64,Préfecture,Sotouboua,Centrale,ND,Rural,Femmes,163
02,32,64,Préfecture,Sotouboua,Centrale,ND,Rural,Ensemble,290
02,32,64,Préfecture,Sotouboua,Centrale,ND,Total,Hommes,188
02,32,64,Préfecture,Sotouboua,Centrale,ND,Total,Femmes,249
02,32,64,Préfecture,Sotouboua,Centrale,ND,Total,Ensemble,437
02,32,64,Préfecture,Sotouboua,Centrale,Total,Urbain,Hommes,15969
02,32,64,Préfecture,Sotouboua,Centrale,Total,Urbain,Femmes,16495
02,32,64,Préfecture,Sotouboua,Centrale,Total,Urbain,Ensemble,32464
02,32,64,Préfecture,Sotouboua,Centrale,Total,Rural,Hommes,53171
02,32,64,Préfecture,Sotouboua,Centrale,Total,Rural,Femmes,53229
02,32,64,Préfecture,Sotouboua,Centrale,Total,Rural,Ensemble,106400
02,32,64,Préfecture,Sotouboua,Centrale,Total,Total,Hommes,69140
02,32,64,Préfecture,Sotouboua,Centrale,Total,Total,Femmes,69724
02,32,64,Préfecture,Sotouboua,Centrale,Total,Total,Ensemble,138864
02,33,65,Préfecture,Mô,Centrale,0,Urbain,Hommes,116
02,33,65,Préfecture,Mô,Centrale,0,Urbain,Femmes,116
02,33,65,Préfecture,Mô,Centrale,0,Urbain,Ensemble,232
02,33,65,Préfecture,Mô,Centrale,0,Rural,Hommes,632
02,33,65,Préfecture,Mô,Centrale,0,Rural,Femmes,653
02,33,65,Préfecture,Mô,Centrale,0,Rural,Ensemble,1285
02,33,65,Préfecture,Mô,Centrale,0,Total,Hommes,748
02,33,65,Préfecture,Mô,Centrale,0,Total,Femmes,769
02,33,65,Préfecture,Mô,Centrale,0,Total,Ensemble,1517
02,33,65,Préfecture,Mô,Centrale,1-4,Urbain,Hommes,553
02,33,65,Préfecture,Mô,Centrale,1-4,Urbain,Femmes,519
02,33,65,Préfecture,Mô,Centrale,1-4,Urbain,Ensemble,1072
02,33,65,Préfecture,Mô,Centrale,1-4,Rural,Hommes,3180
02,33,65,Préfecture,Mô,Centrale,1-4,Rural,Femmes,3102
02,33,65,Préfecture,Mô,Centrale,1-4,Rural,Ensemble,6282
02,33,65,Préfecture,Mô,Centrale,1-4,Total,Hommes,3733
02,33,65,Préfecture,Mô,Centrale,1-4,Total,Femmes,3621
02,33,65,Préfecture,Mô,Centrale,1-4,Total,Ensemble,7354
02,33,65,Préfecture,Mô,Centrale,5-9,Urbain,Hommes,760
02,33,65,Préfecture,Mô,Centrale,5-9,Urbain,Femmes,688
02,33,65,Préfecture,Mô,Centrale,5-9,Urbain,Ensemble,1448
02,33,65,Préfecture,Mô,Centrale,5-9,Rural,Hommes,4329
02,33,65,Préfecture,Mô,Centrale,5-9,Rural,Femmes,4010
02,33,65,Préfecture,Mô,Centrale,5-9,Rural,Ensemble,8339
02,33,65,Préfecture,Mô,Centrale,5-9,Total,Hommes,5089
02,33,65,Préfecture,Mô,Centrale,5-9,Total,Femmes,4698
02,33,65,Préfecture,Mô,Centrale,5-9,Total,Ensemble,9787
02,33,65,Préfecture,Mô,Centrale,10-14,Urbain,Hommes,612
02,33,65,Préfecture,Mô,Centrale,10-14,Urbain,Femmes,514
02,33,65,Préfecture,Mô,Centrale,10-14,Urbain,Ensemble,1126
02,33,65,Préfecture,Mô,Centrale,10-14,Rural,Hommes,3010
02,33,65,Préfecture,Mô,Centrale,10-14,Rural,Femmes,2604
02,33,65,Préfecture,Mô,Centrale,10-14,Rural,Ensemble,5614
02,33,65,Préfecture,Mô,Centrale,10-14,Total,Hommes,3622
02,33,65,Préfecture,Mô,Centrale,10-14,Total,Femmes,3118
02,33,65,Préfecture,Mô,Centrale,10-14,Total,Ensemble,6740
02,33,65,Préfecture,Mô,Centrale,15-19,Urbain,Hommes,452
02,33,65,Préfecture,Mô,Centrale,15-19,Urbain,Femmes,357
02,33,65,Préfecture,Mô,Centrale,15-19,Urbain,Ensemble,809
02,33,65,Préfecture,Mô,Centrale,15-19,Rural,Hommes,2163
02,33,65,Préfecture,Mô,Centrale,15-19,Rural,Femmes,1742
02,33,65,Préfecture,Mô,Centrale,15-19,Rural,Ensemble,3905
02,33,65,Préfecture,Mô,Centrale,15-19,Total,Hommes,2615
02,33,65,Préfecture,Mô,Centrale,15-19,Total,Femmes,2099
02,33,65,Préfecture,Mô,Centrale,15-19,Total,Ensemble,4714
02,33,65,Préfecture,Mô,Centrale,20-24,Urbain,Hommes,261
02,33,65,Préfecture,Mô,Centrale,20-24,Urbain,Femmes,303
02,33,65,Préfecture,Mô,Centrale,20-24,Urbain,Ensemble,564
02,33,65,Préfecture,Mô,Centrale,20-24,Rural,Hommes,1591
02,33,65,Préfecture,Mô,Centrale,20-24,Rural,Femmes,1941
02,33,65,Préfecture,Mô,Centrale,20-24,Rural,Ensemble,3532
02,33,65,Préfecture,Mô,Centrale,20-24,Total,Hommes,1852
02,33,65,Préfecture,Mô,Centrale,20-24,Total,Femmes,2244
02,33,65,Préfecture,Mô,Centrale,20-24,Total,Ensemble,4096
02,33,65,Préfecture,Mô,Centrale,25-29,Urbain,Hommes,219
02,33,65,Préfecture,Mô,Centrale,25-29,Urbain,Femmes,306
02,33,65,Préfecture,Mô,Centrale,25-29,Urbain,Ensemble,525
02,33,65,Préfecture,Mô,Centrale,25-29,Rural,Hommes,1322
02,33,65,Préfecture,Mô,Centrale,25-29,Rural,Femmes,1688
02,33,65,Préfecture,Mô,Centrale,25-29,Rural,Ensemble,3010
02,33,65,Préfecture,Mô,Centrale,25-29,Total,Hommes,1541
02,33,65,Préfecture,Mô,Centrale,25-29,Total,Femmes,1994
02,33,65,Préfecture,Mô,Centrale,25-29,Total,Ensemble,3535
02,33,65,Préfecture,Mô,Centrale,30-34,Urbain,Hommes,260
02,33,65,Préfecture,Mô,Centrale,30-34,Urbain,Femmes,252
02,33,65,Préfecture,Mô,Centrale,30-34,Urbain,Ensemble,512
02,33,65,Préfecture,Mô,Centrale,30-34,Rural,Hommes,1327
02,33,65,Préfecture,Mô,Centrale,30-34,Rural,Femmes,1470
02,33,65,Préfecture,Mô,Centrale,30-34,Rural,Ensemble,2797
02,33,65,Préfecture,Mô,Centrale,30-34,Total,Hommes,1587
02,33,65,Préfecture,Mô,Centrale,30-34,Total,Femmes,1722
02,33,65,Préfecture,Mô,Centrale,30-34,Total,Ensemble,3309
02,33,65,Préfecture,Mô,Centrale,35-39,Urbain,Hommes,252
02,33,65,Préfecture,Mô,Centrale,35-39,Urbain,Femmes,217
02,33,65,Préfecture,Mô,Centrale,35-39,Urbain,Ensemble,469
02,33,65,Préfecture,Mô,Centrale,35-39,Rural,Hommes,1183
02,33,65,Préfecture,Mô,Centrale,35-39,Rural,Femmes,1246
02,33,65,Préfecture,Mô,Centrale,35-39,Rural,Ensemble,2429
02,33,65,Préfecture,Mô,Centrale,35-39,Total,Hommes,1435
02,33,65,Préfecture,Mô,Centrale,35-39,Total,Femmes,1463
02,33,65,Préfecture,Mô,Centrale,35-39,Total,Ensemble,2898
02,33,65,Préfecture,Mô,Centrale,40-44,Urbain,Hommes,156
02,33,65,Préfecture,Mô,Centrale,40-44,Urbain,Femmes,157
02,33,65,Préfecture,Mô,Centrale,40-44,Urbain,Ensemble,313
02,33,65,Préfecture,Mô,Centrale,40-44,Rural,Hommes,989
02,33,65,Préfecture,Mô,Centrale,40-44,Rural,Femmes,929
02,33,65,Préfecture,Mô,Centrale,40-44,Rural,Ensemble,1918
02,33,65,Préfecture,Mô,Centrale,40-44,Total,Hommes,1145
02,33,65,Préfecture,Mô,Centrale,40-44,Total,Femmes,1086
02,33,65,Préfecture,Mô,Centrale,40-44,Total,Ensemble,2231
02,33,65,Préfecture,Mô,Centrale,45-49,Urbain,Hommes,127
02,33,65,Préfecture,Mô,Centrale,45-49,Urbain,Femmes,160
02,33,65,Préfecture,Mô,Centrale,45-49,Urbain,Ensemble,287
02,33,65,Préfecture,Mô,Centrale,45-49,Rural,Hommes,700
02,33,65,Préfecture,Mô,Centrale,45-49,Rural,Femmes,624
02,33,65,Préfecture,Mô,Centrale,45-49,Rural,Ensemble,1324
02,33,65,Préfecture,Mô,Centrale,45-49,Total,Hommes,827
02,33,65,Préfecture,Mô,Centrale,45-49,Total,Femmes,784
02,33,65,Préfecture,Mô,Centrale,45-49,Total,Ensemble,1611
02,33,65,Préfecture,Mô,Centrale,50-54,Urbain,Hommes,111
02,33,65,Préfecture,Mô,Centrale,50-54,Urbain,Femmes,114
02,33,65,Préfecture,Mô,Centrale,50-54,Urbain,Ensemble,225
02,33,65,Préfecture,Mô,Centrale,50-54,Rural,Hommes,560
02,33,65,Préfecture,Mô,Centrale,50-54,Rural,Femmes,633
02,33,65,Préfecture,Mô,Centrale,50-54,Rural,Ensemble,1193
02,33,65,Préfecture,Mô,Centrale,50-54,Total,Hommes,671
02,33,65,Préfecture,Mô,Centrale,50-54,Total,Femmes,747
02,33,65,Préfecture,Mô,Centrale,50-54,Total,Ensemble,1418
02,33,65,Préfecture,Mô,Centrale,55-59,Urbain,Hommes,67
02,33,65,Préfecture,Mô,Centrale,55-59,Urbain,Femmes,40
02,33,65,Préfecture,Mô,Centrale,55-59,Urbain,Ensemble,107
02,33,65,Préfecture,Mô,Centrale,55-59,Rural,Hommes,375
02,33,65,Préfecture,Mô,Centrale,55-59,Rural,Femmes,368
02,33,65,Préfecture,Mô,Centrale,55-59,Rural,Ensemble,743
02,33,65,Préfecture,Mô,Centrale,55-59,Total,Hommes,442
02,33,65,Préfecture,Mô,Centrale,55-59,Total,Femmes,408
02,33,65,Préfecture,Mô,Centrale,55-59,Total,Ensemble,850
02,33,65,Préfecture,Mô,Centrale,60-64,Urbain,Hommes,55
02,33,65,Préfecture,Mô,Centrale,60-64,Urbain,Femmes,78
02,33,65,Préfecture,Mô,Centrale,60-64,Urbain,Ensemble,133
02,33,65,Préfecture,Mô,Centrale,60-64,Rural,Hommes,344
02,33,65,Préfecture,Mô,Centrale,60-64,Rural,Femmes,306
02,33,65,Préfecture,Mô,Centrale,60-64,Rural,Ensemble,650
02,33,65,Préfecture,Mô,Centrale,60-64,Total,Hommes,399
02,33,65,Préfecture,Mô,Centrale,60-64,Total,Femmes,384
02,33,65,Préfecture,Mô,Centrale,60-64,Total,Ensemble,783
02,33,65,Préfecture,Mô,Centrale,65-69,Urbain,Hommes,30
02,33,65,Préfecture,Mô,Centrale,65-69,Urbain,Femmes,30
02,33,65,Préfecture,Mô,Centrale,65-69,Urbain,Ensemble,60
02,33,65,Préfecture,Mô,Centrale,65-69,Rural,Hommes,180
02,33,65,Préfecture,Mô,Centrale,65-69,Rural,Femmes,202
02,33,65,Préfecture,Mô,Centrale,65-69,Rural,Ensemble,382
02,33,65,Préfecture,Mô,Centrale,65-69,Total,Hommes,210
02,33,65,Préfecture,Mô,Centrale,65-69,Total,Femmes,232
02,33,65,Préfecture,Mô,Centrale,65-69,Total,Ensemble,442
02,33,65,Préfecture,Mô,Centrale,70-74,Urbain,Hommes,36
02,33,65,Préfecture,Mô,Centrale,70-74,Urbain,Femmes,47
02,33,65,Préfecture,Mô,Centrale,70-74,Urbain,Ensemble,83
02,33,65,Préfecture,Mô,Centrale,70-74,Rural,Hommes,172
02,33,65,Préfecture,Mô,Centrale,70-74,Rural,Femmes,175
02,33,65,Préfecture,Mô,Centrale,70-74,Rural,Ensemble,347
02,33,65,Préfecture,Mô,Centrale,70-74,Total,Hommes,208
02,33,65,Préfecture,Mô,Centrale,70-74,Total,Femmes,222
02,33,65,Préfecture,Mô,Centrale,70-74,Total,Ensemble,430
02,33,65,Préfecture,Mô,Centrale,75-79,Urbain,Hommes,29
02,33,65,Préfecture,Mô,Centrale,75-79,Urbain,Femmes,11
02,33,65,Préfecture,Mô,Centrale,75-79,Urbain,Ensemble,40
02,33,65,Préfecture,Mô,Centrale,75-79,Rural,Hommes,81
02,33,65,Préfecture,Mô,Centrale,75-79,Rural,Femmes,102
02,33,65,Préfecture,Mô,Centrale,75-79,Rural,Ensemble,183
02,33,65,Préfecture,Mô,Centrale,75-79,Total,Hommes,110
02,33,65,Préfecture,Mô,Centrale,75-79,Total,Femmes,113
02,33,65,Préfecture,Mô,Centrale,75-79,Total,Ensemble,223
02,33,65,Préfecture,Mô,Centrale,80-84,Urbain,Hommes,20
02,33,65,Préfecture,Mô,Centrale,80-84,Urbain,Femmes,16
02,33,65,Préfecture,Mô,Centrale,80-84,Urbain,Ensemble,36
02,33,65,Préfecture,Mô,Centrale,80-84,Rural,Hommes,88
02,33,65,Préfecture,Mô,Centrale,80-84,Rural,Femmes,94
02,33,65,Préfecture,Mô,Centrale,80-84,Rural,Ensemble,182
02,33,65,Préfecture,Mô,Centrale,80-84,Total,Hommes,108
02,33,65,Préfecture,Mô,Centrale,80-84,Total,Femmes,110
02,33,65,Préfecture,Mô,Centrale,80-84,Total,Ensemble,218
02,33,65,Préfecture,Mô,Centrale,85 et +,Urbain,Hommes,20
02,33,65,Préfecture,Mô,Centrale,85 et +,Urbain,Femmes,27
02,33,65,Préfecture,Mô,Centrale,85 et +,Urbain,Ensemble,47
02,33,65,Préfecture,Mô,Centrale,85 et +,Rural,Hommes,88
02,33,65,Préfecture,Mô,Centrale,85 et +,Rural,Femmes,95
02,33,65,Préfecture,Mô,Centrale,85 et +,Rural,Ensemble,183
02,33,65,Préfecture,Mô,Centrale,85 et +,Total,Hommes,108
02,33,65,Préfecture,Mô,Centrale,85 et +,Total,Femmes,122
02,33,65,Préfecture,Mô,Centrale,85 et +,Total,Ensemble,230
02,33,65,Préfecture,Mô,Centrale,ND,Urbain,Hommes,15
02,33,65,Préfecture,Mô,Centrale,ND,Urbain,Femmes,10
02,33,65,Préfecture,Mô,Centrale,ND,Urbain,Ensemble,25
02,33,65,Préfecture,Mô,Centrale,ND,Rural,Hommes,23
02,33,65,Préfecture,Mô,Centrale,ND,Rural,Femmes,14
02,33,65,Préfecture,Mô,Centrale,ND,Rural,Ensemble,37
02,33,65,Préfecture,Mô,Centrale,ND,Total,Hommes,38
02,33,65,Préfecture,Mô,Centrale,ND,Total,Femmes,24
02,33,65,Préfecture,Mô,Centrale,ND,Total,Ensemble,62
02,33,65,Préfecture,Mô,Centrale,Total,Urbain,Hommes,4151
02,33,65,Préfecture,Mô,Centrale,Total,Urbain,Femmes,3962
02,33,65,Préfecture,Mô,Centrale,Total,Urbain,Ensemble,8113
02,33,65,Préfecture,Mô,Centrale,Total,Rural,Hommes,22337
02,33,65,Préfecture,Mô,Centrale,Total,Rural,Femmes,21998
02,33,65,Préfecture,Mô,Centrale,Total,Rural,Ensemble,44335
02,33,65,Préfecture,Mô,Centrale,Total,Total,Hommes,26488
02,33,65,Préfecture,Mô,Centrale,Total,Total,Femmes,25960
02,33,65,Préfecture,Mô,Centrale,Total,Total,Ensemble,52448
02,34,69,Préfecture,Kozah,Kara,0,Urbain,Hommes,1793
02,34,69,Préfecture,Kozah,Kara,0,Urbain,Femmes,1752
02,34,69,Préfecture,Kozah,Kara,0,Urbain,Ensemble,3545
02,34,69,Préfecture,Kozah,Kara,0,Rural,Hommes,1532
02,34,69,Préfecture,Kozah,Kara,0,Rural,Femmes,1494
02,34,69,Préfecture,Kozah,Kara,0,Rural,Ensemble,3026
02,34,69,Préfecture,Kozah,Kara,0,Total,Hommes,3325
02,34,69,Préfecture,Kozah,Kara,0,Total,Femmes,3246
02,34,69,Préfecture,Kozah,Kara,0,Total,Ensemble,6571
02,34,69,Préfecture,Kozah,Kara,1-4,Urbain,Hommes,6953
02,34,69,Préfecture,Kozah,Kara,1-4,Urbain,Femmes,6859
02,34,69,Préfecture,Kozah,Kara,1-4,Urbain,Ensemble,13812
02,34,69,Préfecture,Kozah,Kara,1-4,Rural,Hommes,6064
02,34,69,Préfecture,Kozah,Kara,1-4,Rural,Femmes,6213
02,34,69,Préfecture,Kozah,Kara,1-4,Rural,Ensemble,12277
02,34,69,Préfecture,Kozah,Kara,1-4,Total,Hommes,13017
02,34,69,Préfecture,Kozah,Kara,1-4,Total,Femmes,13072
02,34,69,Préfecture,Kozah,Kara,1-4,Total,Ensemble,26089
02,34,69,Préfecture,Kozah,Kara,5-9,Urbain,Hommes,8714
02,34,69,Préfecture,Kozah,Kara,5-9,Urbain,Femmes,8705
02,34,69,Préfecture,Kozah,Kara,5-9,Urbain,Ensemble,17419
02,34,69,Préfecture,Kozah,Kara,5-9,Rural,Hommes,8658
02,34,69,Préfecture,Kozah,Kara,5-9,Rural,Femmes,8327
02,34,69,Préfecture,Kozah,Kara,5-9,Rural,Ensemble,16985
02,34,69,Préfecture,Kozah,Kara,5-9,Total,Hommes,17372
02,34,69,Préfecture,Kozah,Kara,5-9,Total,Femmes,17032
02,34,69,Préfecture,Kozah,Kara,5-9,Total,Ensemble,34404
02,34,69,Préfecture,Kozah,Kara,10-14,Urbain,Hommes,8470
02,34,69,Préfecture,Kozah,Kara,10-14,Urbain,Femmes,9142
02,34,69,Préfecture,Kozah,Kara,10-14,Urbain,Ensemble,17612
02,34,69,Préfecture,Kozah,Kara,10-14,Rural,Hommes,8381
02,34,69,Préfecture,Kozah,Kara,10-14,Rural,Femmes,7555
02,34,69,Préfecture,Kozah,Kara,10-14,Rural,Ensemble,15936
02,34,69,Préfecture,Kozah,Kara,10-14,Total,Hommes,16851
02,34,69,Préfecture,Kozah,Kara,10-14,Total,Femmes,16697
02,34,69,Préfecture,Kozah,Kara,10-14,Total,Ensemble,33548
02,34,69,Préfecture,Kozah,Kara,15-19,Urbain,Hommes,9871
02,34,69,Préfecture,Kozah,Kara,15-19,Urbain,Femmes,9933
02,34,69,Préfecture,Kozah,Kara,15-19,Urbain,Ensemble,19804
02,34,69,Préfecture,Kozah,Kara,15-19,Rural,Hommes,7662
02,34,69,Préfecture,Kozah,Kara,15-19,Rural,Femmes,6054
02,34,69,Préfecture,Kozah,Kara,15-19,Rural,Ensemble,13716
02,34,69,Préfecture,Kozah,Kara,15-19,Total,Hommes,17533
02,34,69,Préfecture,Kozah,Kara,15-19,Total,Femmes,15987
02,34,69,Préfecture,Kozah,Kara,15-19,Total,Ensemble,33520
02,34,69,Préfecture,Kozah,Kara,20-24,Urbain,Hommes,12288
02,34,69,Préfecture,Kozah,Kara,20-24,Urbain,Femmes,9793
02,34,69,Préfecture,Kozah,Kara,20-24,Urbain,Ensemble,22081
02,34,69,Préfecture,Kozah,Kara,20-24,Rural,Hommes,5823
02,34,69,Préfecture,Kozah,Kara,20-24,Rural,Femmes,4907
02,34,69,Préfecture,Kozah,Kara,20-24,Rural,Ensemble,10730
02,34,69,Préfecture,Kozah,Kara,20-24,Total,Hommes,18111
02,34,69,Préfecture,Kozah,Kara,20-24,Total,Femmes,14700
02,34,69,Préfecture,Kozah,Kara,20-24,Total,Ensemble,32811
02,34,69,Préfecture,Kozah,Kara,25-29,Urbain,Hommes,7686
02,34,69,Préfecture,Kozah,Kara,25-29,Urbain,Femmes,6651
02,34,69,Préfecture,Kozah,Kara,25-29,Urbain,Ensemble,14337
02,34,69,Préfecture,Kozah,Kara,25-29,Rural,Hommes,3975
02,34,69,Préfecture,Kozah,Kara,25-29,Rural,Femmes,3825
02,34,69,Préfecture,Kozah,Kara,25-29,Rural,Ensemble,7800
02,34,69,Préfecture,Kozah,Kara,25-29,Total,Hommes,11661
02,34,69,Préfecture,Kozah,Kara,25-29,Total,Femmes,10476
02,34,69,Préfecture,Kozah,Kara,25-29,Total,Ensemble,22137
02,34,69,Préfecture,Kozah,Kara,30-34,Urbain,Hommes,5855
02,34,69,Préfecture,Kozah,Kara,30-34,Urbain,Femmes,5818
02,34,69,Préfecture,Kozah,Kara,30-34,Urbain,Ensemble,11673
02,34,69,Préfecture,Kozah,Kara,30-34,Rural,Hommes,3702
02,34,69,Préfecture,Kozah,Kara,30-34,Rural,Femmes,3738
02,34,69,Préfecture,Kozah,Kara,30-34,Rural,Ensemble,7440
02,34,69,Préfecture,Kozah,Kara,30-34,Total,Hommes,9557
02,34,69,Préfecture,Kozah,Kara,30-34,Total,Femmes,9556
02,34,69,Préfecture,Kozah,Kara,30-34,Total,Ensemble,19113
02,34,69,Préfecture,Kozah,Kara,35-39,Urbain,Hommes,4808
02,34,69,Préfecture,Kozah,Kara,35-39,Urbain,Femmes,4811
02,34,69,Préfecture,Kozah,Kara,35-39,Urbain,Ensemble,9619
02,34,69,Préfecture,Kozah,Kara,35-39,Rural,Hommes,3340
02,34,69,Préfecture,Kozah,Kara,35-39,Rural,Femmes,3565
02,34,69,Préfecture,Kozah,Kara,35-39,Rural,Ensemble,6905
02,34,69,Préfecture,Kozah,Kara,35-39,Total,Hommes,8148
02,34,69,Préfecture,Kozah,Kara,35-39,Total,Femmes,8376
02,34,69,Préfecture,Kozah,Kara,35-39,Total,Ensemble,16524
02,34,69,Préfecture,Kozah,Kara,40-44,Urbain,Hommes,3564
02,34,69,Préfecture,Kozah,Kara,40-44,Urbain,Femmes,3563
02,34,69,Préfecture,Kozah,Kara,40-44,Urbain,Ensemble,7127
02,34,69,Préfecture,Kozah,Kara,40-44,Rural,Hommes,2550
02,34,69,Préfecture,Kozah,Kara,40-44,Rural,Femmes,3104
02,34,69,Préfecture,Kozah,Kara,40-44,Rural,Ensemble,5654
02,34,69,Préfecture,Kozah,Kara,40-44,Total,Hommes,6114
02,34,69,Préfecture,Kozah,Kara,40-44,Total,Femmes,6667
02,34,69,Préfecture,Kozah,Kara,40-44,Total,Ensemble,12781
02,34,69,Préfecture,Kozah,Kara,45-49,Urbain,Hommes,2664
02,34,69,Préfecture,Kozah,Kara,45-49,Urbain,Femmes,2796
02,34,69,Préfecture,Kozah,Kara,45-49,Urbain,Ensemble,5460
02,34,69,Préfecture,Kozah,Kara,45-49,Rural,Hommes,2253
02,34,69,Préfecture,Kozah,Kara,45-49,Rural,Femmes,2648
02,34,69,Préfecture,Kozah,Kara,45-49,Rural,Ensemble,4901
02,34,69,Préfecture,Kozah,Kara,45-49,Total,Hommes,4917
02,34,69,Préfecture,Kozah,Kara,45-49,Total,Femmes,5444
02,34,69,Préfecture,Kozah,Kara,45-49,Total,Ensemble,10361
02,34,69,Préfecture,Kozah,Kara,50-54,Urbain,Hommes,2218
02,34,69,Préfecture,Kozah,Kara,50-54,Urbain,Femmes,2400
02,34,69,Préfecture,Kozah,Kara,50-54,Urbain,Ensemble,4618
02,34,69,Préfecture,Kozah,Kara,50-54,Rural,Hommes,2023
02,34,69,Préfecture,Kozah,Kara,50-54,Rural,Femmes,2680
02,34,69,Préfecture,Kozah,Kara,50-54,Rural,Ensemble,4703
02,34,69,Préfecture,Kozah,Kara,50-54,Total,Hommes,4241
02,34,69,Préfecture,Kozah,Kara,50-54,Total,Femmes,5080
02,34,69,Préfecture,Kozah,Kara,50-54,Total,Ensemble,9321
02,34,69,Préfecture,Kozah,Kara,55-59,Urbain,Hommes,1764
02,34,69,Préfecture,Kozah,Kara,55-59,Urbain,Femmes,1929
02,34,69,Préfecture,Kozah,Kara,55-59,Urbain,Ensemble,3693
02,34,69,Préfecture,Kozah,Kara,55-59,Rural,Hommes,1776
02,34,69,Préfecture,Kozah,Kara,55-59,Rural,Femmes,2204
02,34,69,Préfecture,Kozah,Kara,55-59,Rural,Ensemble,3980
02,34,69,Préfecture,Kozah,Kara,55-59,Total,Hommes,3540
02,34,69,Préfecture,Kozah,Kara,55-59,Total,Femmes,4133
02,34,69,Préfecture,Kozah,Kara,55-59,Total,Ensemble,7673
02,34,69,Préfecture,Kozah,Kara,60-64,Urbain,Hommes,1201
02,34,69,Préfecture,Kozah,Kara,60-64,Urbain,Femmes,1490
02,34,69,Préfecture,Kozah,Kara,60-64,Urbain,Ensemble,2691
02,34,69,Préfecture,Kozah,Kara,60-64,Rural,Hommes,1280
02,34,69,Préfecture,Kozah,Kara,60-64,Rural,Femmes,2005
02,34,69,Préfecture,Kozah,Kara,60-64,Rural,Ensemble,3285
02,34,69,Préfecture,Kozah,Kara,60-64,Total,Hommes,2481
02,34,69,Préfecture,Kozah,Kara,60-64,Total,Femmes,3495
02,34,69,Préfecture,Kozah,Kara,60-64,Total,Ensemble,5976
02,34,69,Préfecture,Kozah,Kara,65-69,Urbain,Hommes,741
02,34,69,Préfecture,Kozah,Kara,65-69,Urbain,Femmes,943
02,34,69,Préfecture,Kozah,Kara,65-69,Urbain,Ensemble,1684
02,34,69,Préfecture,Kozah,Kara,65-69,Rural,Hommes,808
02,34,69,Préfecture,Kozah,Kara,65-69,Rural,Femmes,1579
02,34,69,Préfecture,Kozah,Kara,65-69,Rural,Ensemble,2387
02,34,69,Préfecture,Kozah,Kara,65-69,Total,Hommes,1549
02,34,69,Préfecture,Kozah,Kara,65-69,Total,Femmes,2522
02,34,69,Préfecture,Kozah,Kara,65-69,Total,Ensemble,4071
02,34,69,Préfecture,Kozah,Kara,70-74,Urbain,Hommes,400
02,34,69,Préfecture,Kozah,Kara,70-74,Urbain,Femmes,636
02,34,69,Préfecture,Kozah,Kara,70-74,Urbain,Ensemble,1036
02,34,69,Préfecture,Kozah,Kara,70-74,Rural,Hommes,609
02,34,69,Préfecture,Kozah,Kara,70-74,Rural,Femmes,1391
02,34,69,Préfecture,Kozah,Kara,70-74,Rural,Ensemble,2000
02,34,69,Préfecture,Kozah,Kara,70-74,Total,Hommes,1009
02,34,69,Préfecture,Kozah,Kara,70-74,Total,Femmes,2027
02,34,69,Préfecture,Kozah,Kara,70-74,Total,Ensemble,3036
02,34,69,Préfecture,Kozah,Kara,75-79,Urbain,Hommes,171
02,34,69,Préfecture,Kozah,Kara,75-79,Urbain,Femmes,378
02,34,69,Préfecture,Kozah,Kara,75-79,Urbain,Ensemble,549
02,34,69,Préfecture,Kozah,Kara,75-79,Rural,Hommes,407
02,34,69,Préfecture,Kozah,Kara,75-79,Rural,Femmes,1027
02,34,69,Préfecture,Kozah,Kara,75-79,Rural,Ensemble,1434
02,34,69,Préfecture,Kozah,Kara,75-79,Total,Hommes,578
02,34,69,Préfecture,Kozah,Kara,75-79,Total,Femmes,1405
02,34,69,Préfecture,Kozah,Kara,75-79,Total,Ensemble,1983
02,34,69,Préfecture,Kozah,Kara,80-84,Urbain,Hommes,94
02,34,69,Préfecture,Kozah,Kara,80-84,Urbain,Femmes,256
02,34,69,Préfecture,Kozah,Kara,80-84,Urbain,Ensemble,350
02,34,69,Préfecture,Kozah,Kara,80-84,Rural,Hommes,275
02,34,69,Préfecture,Kozah,Kara,80-84,Rural,Femmes,724
02,34,69,Préfecture,Kozah,Kara,80-84,Rural,Ensemble,999
02,34,69,Préfecture,Kozah,Kara,80-84,Total,Hommes,369
02,34,69,Préfecture,Kozah,Kara,80-84,Total,Femmes,980
02,34,69,Préfecture,Kozah,Kara,80-84,Total,Ensemble,1349
02,34,69,Préfecture,Kozah,Kara,85 et +,Urbain,Hommes,122
02,34,69,Préfecture,Kozah,Kara,85 et +,Urbain,Femmes,396
02,34,69,Préfecture,Kozah,Kara,85 et +,Urbain,Ensemble,518
02,34,69,Préfecture,Kozah,Kara,85 et +,Rural,Hommes,411
02,34,69,Préfecture,Kozah,Kara,85 et +,Rural,Femmes,974
02,34,69,Préfecture,Kozah,Kara,85 et +,Rural,Ensemble,1385
02,34,69,Préfecture,Kozah,Kara,85 et +,Total,Hommes,533
02,34,69,Préfecture,Kozah,Kara,85 et +,Total,Femmes,1370
02,34,69,Préfecture,Kozah,Kara,85 et +,Total,Ensemble,1903
02,34,69,Préfecture,Kozah,Kara,ND,Urbain,Hommes,236
02,34,69,Préfecture,Kozah,Kara,ND,Urbain,Femmes,226
02,34,69,Préfecture,Kozah,Kara,ND,Urbain,Ensemble,462
02,34,69,Préfecture,Kozah,Kara,ND,Rural,Hommes,46
02,34,69,Préfecture,Kozah,Kara,ND,Rural,Femmes,59
02,34,69,Préfecture,Kozah,Kara,ND,Rural,Ensemble,105
02,34,69,Préfecture,Kozah,Kara,ND,Total,Hommes,282
02,34,69,Préfecture,Kozah,Kara,ND,Total,Femmes,285
02,34,69,Préfecture,Kozah,Kara,ND,Total,Ensemble,567
02,34,69,Préfecture,Kozah,Kara,Total,Urbain,Hommes,79613
02,34,69,Préfecture,Kozah,Kara,Total,Urbain,Femmes,78477
02,34,69,Préfecture,Kozah,Kara,Total,Urbain,Ensemble,158090
02,34,69,Préfecture,Kozah,Kara,Total,Rural,Hommes,61575
02,34,69,Préfecture,Kozah,Kara,Total,Rural,Femmes,64073
02,34,69,Préfecture,Kozah,Kara,Total,Rural,Ensemble,125648
02,34,69,Préfecture,Kozah,Kara,Total,Total,Hommes,141188
02,34,69,Préfecture,Kozah,Kara,Total,Total,Femmes,142550
02,34,69,Préfecture,Kozah,Kara,Total,Total,Ensemble,283738
02,35,70,Préfecture,Assoli,Kara,0,Urbain,Hommes,301
02,35,70,Préfecture,Assoli,Kara,0,Urbain,Femmes,260
02,35,70,Préfecture,Assoli,Kara,0,Urbain,Ensemble,561
02,35,70,Préfecture,Assoli,Kara,0,Rural,Hommes,672
02,35,70,Préfecture,Assoli,Kara,0,Rural,Femmes,606
02,35,70,Préfecture,Assoli,Kara,0,Rural,Ensemble,1278
02,35,70,Préfecture,Assoli,Kara,0,Total,Hommes,973
02,35,70,Préfecture,Assoli,Kara,0,Total,Femmes,866
02,35,70,Préfecture,Assoli,Kara,0,Total,Ensemble,1839
02,35,70,Préfecture,Assoli,Kara,1-4,Urbain,Hommes,1259
02,35,70,Préfecture,Assoli,Kara,1-4,Urbain,Femmes,1151
02,35,70,Préfecture,Assoli,Kara,1-4,Urbain,Ensemble,2410
02,35,70,Préfecture,Assoli,Kara,1-4,Rural,Hommes,2962
02,35,70,Préfecture,Assoli,Kara,1-4,Rural,Femmes,2765
02,35,70,Préfecture,Assoli,Kara,1-4,Rural,Ensemble,5727
02,35,70,Préfecture,Assoli,Kara,1-4,Total,Hommes,4221
02,35,70,Préfecture,Assoli,Kara,1-4,Total,Femmes,3916
02,35,70,Préfecture,Assoli,Kara,1-4,Total,Ensemble,8137
02,35,70,Préfecture,Assoli,Kara,5-9,Urbain,Hommes,1890
02,35,70,Préfecture,Assoli,Kara,5-9,Urbain,Femmes,1598
02,35,70,Préfecture,Assoli,Kara,5-9,Urbain,Ensemble,3488
02,35,70,Préfecture,Assoli,Kara,5-9,Rural,Hommes,3644
02,35,70,Préfecture,Assoli,Kara,5-9,Rural,Femmes,3247
02,35,70,Préfecture,Assoli,Kara,5-9,Rural,Ensemble,6891
02,35,70,Préfecture,Assoli,Kara,5-9,Total,Hommes,5534
02,35,70,Préfecture,Assoli,Kara,5-9,Total,Femmes,4845
02,35,70,Préfecture,Assoli,Kara,5-9,Total,Ensemble,10379
02,35,70,Préfecture,Assoli,Kara,10-14,Urbain,Hommes,1809
02,35,70,Préfecture,Assoli,Kara,10-14,Urbain,Femmes,1480
02,35,70,Préfecture,Assoli,Kara,10-14,Urbain,Ensemble,3289
02,35,70,Préfecture,Assoli,Kara,10-14,Rural,Hommes,3078
02,35,70,Préfecture,Assoli,Kara,10-14,Rural,Femmes,2606
02,35,70,Préfecture,Assoli,Kara,10-14,Rural,Ensemble,5684
02,35,70,Préfecture,Assoli,Kara,10-14,Total,Hommes,4887
02,35,70,Préfecture,Assoli,Kara,10-14,Total,Femmes,4086
02,35,70,Préfecture,Assoli,Kara,10-14,Total,Ensemble,8973
02,35,70,Préfecture,Assoli,Kara,15-19,Urbain,Hommes,1436
02,35,70,Préfecture,Assoli,Kara,15-19,Urbain,Femmes,1223
02,35,70,Préfecture,Assoli,Kara,15-19,Urbain,Ensemble,2659
02,35,70,Préfecture,Assoli,Kara,15-19,Rural,Hommes,2066
02,35,70,Préfecture,Assoli,Kara,15-19,Rural,Femmes,1862
02,35,70,Préfecture,Assoli,Kara,15-19,Rural,Ensemble,3928
02,35,70,Préfecture,Assoli,Kara,15-19,Total,Hommes,3502
02,35,70,Préfecture,Assoli,Kara,15-19,Total,Femmes,3085
02,35,70,Préfecture,Assoli,Kara,15-19,Total,Ensemble,6587
02,35,70,Préfecture,Assoli,Kara,20-24,Urbain,Hommes,997
02,35,70,Préfecture,Assoli,Kara,20-24,Urbain,Femmes,985
02,35,70,Préfecture,Assoli,Kara,20-24,Urbain,Ensemble,1982
02,35,70,Préfecture,Assoli,Kara,20-24,Rural,Hommes,1498
02,35,70,Préfecture,Assoli,Kara,20-24,Rural,Femmes,1772
02,35,70,Préfecture,Assoli,Kara,20-24,Rural,Ensemble,3270
02,35,70,Préfecture,Assoli,Kara,20-24,Total,Hommes,2495
02,35,70,Préfecture,Assoli,Kara,20-24,Total,Femmes,2757
02,35,70,Préfecture,Assoli,Kara,20-24,Total,Ensemble,5252
02,35,70,Préfecture,Assoli,Kara,25-29,Urbain,Hommes,690
02,35,70,Préfecture,Assoli,Kara,25-29,Urbain,Femmes,784
02,35,70,Préfecture,Assoli,Kara,25-29,Urbain,Ensemble,1474
02,35,70,Préfecture,Assoli,Kara,25-29,Rural,Hommes,1170
02,35,70,Préfecture,Assoli,Kara,25-29,Rural,Femmes,1554
02,35,70,Préfecture,Assoli,Kara,25-29,Rural,Ensemble,2724
02,35,70,Préfecture,Assoli,Kara,25-29,Total,Hommes,1860
02,35,70,Préfecture,Assoli,Kara,25-29,Total,Femmes,2338
02,35,70,Préfecture,Assoli,Kara,25-29,Total,Ensemble,4198
02,35,70,Préfecture,Assoli,Kara,30-34,Urbain,Hommes,668
02,35,70,Préfecture,Assoli,Kara,30-34,Urbain,Femmes,705
02,35,70,Préfecture,Assoli,Kara,30-34,Urbain,Ensemble,1373
02,35,70,Préfecture,Assoli,Kara,30-34,Rural,Hommes,1239
02,35,70,Préfecture,Assoli,Kara,30-34,Rural,Femmes,1433
02,35,70,Préfecture,Assoli,Kara,30-34,Rural,Ensemble,2672
02,35,70,Préfecture,Assoli,Kara,30-34,Total,Hommes,1907
02,35,70,Préfecture,Assoli,Kara,30-34,Total,Femmes,2138
02,35,70,Préfecture,Assoli,Kara,30-34,Total,Ensemble,4045
02,35,70,Préfecture,Assoli,Kara,35-39,Urbain,Hommes,662
02,35,70,Préfecture,Assoli,Kara,35-39,Urbain,Femmes,723
02,35,70,Préfecture,Assoli,Kara,35-39,Urbain,Ensemble,1385
02,35,70,Préfecture,Assoli,Kara,35-39,Rural,Hommes,1020
02,35,70,Préfecture,Assoli,Kara,35-39,Rural,Femmes,1078
02,35,70,Préfecture,Assoli,Kara,35-39,Rural,Ensemble,2098
02,35,70,Préfecture,Assoli,Kara,35-39,Total,Hommes,1682
02,35,70,Préfecture,Assoli,Kara,35-39,Total,Femmes,1801
02,35,70,Préfecture,Assoli,Kara,35-39,Total,Ensemble,3483
02,35,70,Préfecture,Assoli,Kara,40-44,Urbain,Hommes,479
02,35,70,Préfecture,Assoli,Kara,40-44,Urbain,Femmes,605
02,35,70,Préfecture,Assoli,Kara,40-44,Urbain,Ensemble,1084
02,35,70,Préfecture,Assoli,Kara,40-44,Rural,Hommes,897
02,35,70,Préfecture,Assoli,Kara,40-44,Rural,Femmes,977
02,35,70,Préfecture,Assoli,Kara,40-44,Rural,Ensemble,1874
02,35,70,Préfecture,Assoli,Kara,40-44,Total,Hommes,1376
02,35,70,Préfecture,Assoli,Kara,40-44,Total,Femmes,1582
02,35,70,Préfecture,Assoli,Kara,40-44,Total,Ensemble,2958
02,35,70,Préfecture,Assoli,Kara,45-49,Urbain,Hommes,389
02,35,70,Préfecture,Assoli,Kara,45-49,Urbain,Femmes,406
02,35,70,Préfecture,Assoli,Kara,45-49,Urbain,Ensemble,795
02,35,70,Préfecture,Assoli,Kara,45-49,Rural,Hommes,683
02,35,70,Préfecture,Assoli,Kara,45-49,Rural,Femmes,728
02,35,70,Préfecture,Assoli,Kara,45-49,Rural,Ensemble,1411
02,35,70,Préfecture,Assoli,Kara,45-49,Total,Hommes,1072
02,35,70,Préfecture,Assoli,Kara,45-49,Total,Femmes,1134
02,35,70,Préfecture,Assoli,Kara,45-49,Total,Ensemble,2206
02,35,70,Préfecture,Assoli,Kara,50-54,Urbain,Hommes,372
02,35,70,Préfecture,Assoli,Kara,50-54,Urbain,Femmes,417
02,35,70,Préfecture,Assoli,Kara,50-54,Urbain,Ensemble,789
02,35,70,Préfecture,Assoli,Kara,50-54,Rural,Hommes,600
02,35,70,Préfecture,Assoli,Kara,50-54,Rural,Femmes,678
02,35,70,Préfecture,Assoli,Kara,50-54,Rural,Ensemble,1278
02,35,70,Préfecture,Assoli,Kara,50-54,Total,Hommes,972
02,35,70,Préfecture,Assoli,Kara,50-54,Total,Femmes,1095
02,35,70,Préfecture,Assoli,Kara,50-54,Total,Ensemble,2067
02,35,70,Préfecture,Assoli,Kara,55-59,Urbain,Hommes,275
02,35,70,Préfecture,Assoli,Kara,55-59,Urbain,Femmes,316
02,35,70,Préfecture,Assoli,Kara,55-59,Urbain,Ensemble,591
02,35,70,Préfecture,Assoli,Kara,55-59,Rural,Hommes,460
02,35,70,Préfecture,Assoli,Kara,55-59,Rural,Femmes,513
02,35,70,Préfecture,Assoli,Kara,55-59,Rural,Ensemble,973
02,35,70,Préfecture,Assoli,Kara,55-59,Total,Hommes,735
02,35,70,Préfecture,Assoli,Kara,55-59,Total,Femmes,829
02,35,70,Préfecture,Assoli,Kara,55-59,Total,Ensemble,1564
02,35,70,Préfecture,Assoli,Kara,60-64,Urbain,Hommes,265
02,35,70,Préfecture,Assoli,Kara,60-64,Urbain,Femmes,341
02,35,70,Préfecture,Assoli,Kara,60-64,Urbain,Ensemble,606
02,35,70,Préfecture,Assoli,Kara,60-64,Rural,Hommes,441
02,35,70,Préfecture,Assoli,Kara,60-64,Rural,Femmes,502
02,35,70,Préfecture,Assoli,Kara,60-64,Rural,Ensemble,943
02,35,70,Préfecture,Assoli,Kara,60-64,Total,Hommes,706
02,35,70,Préfecture,Assoli,Kara,60-64,Total,Femmes,843
02,35,70,Préfecture,Assoli,Kara,60-64,Total,Ensemble,1549
02,35,70,Préfecture,Assoli,Kara,65-69,Urbain,Hommes,123
02,35,70,Préfecture,Assoli,Kara,65-69,Urbain,Femmes,179
02,35,70,Préfecture,Assoli,Kara,65-69,Urbain,Ensemble,302
02,35,70,Préfecture,Assoli,Kara,65-69,Rural,Hommes,248
02,35,70,Préfecture,Assoli,Kara,65-69,Rural,Femmes,320
02,35,70,Préfecture,Assoli,Kara,65-69,Rural,Ensemble,568
02,35,70,Préfecture,Assoli,Kara,65-69,Total,Hommes,371
02,35,70,Préfecture,Assoli,Kara,65-69,Total,Femmes,499
02,35,70,Préfecture,Assoli,Kara,65-69,Total,Ensemble,870
02,35,70,Préfecture,Assoli,Kara,70-74,Urbain,Hommes,114
02,35,70,Préfecture,Assoli,Kara,70-74,Urbain,Femmes,174
02,35,70,Préfecture,Assoli,Kara,70-74,Urbain,Ensemble,288
02,35,70,Préfecture,Assoli,Kara,70-74,Rural,Hommes,218
02,35,70,Préfecture,Assoli,Kara,70-74,Rural,Femmes,272
02,35,70,Préfecture,Assoli,Kara,70-74,Rural,Ensemble,490
02,35,70,Préfecture,Assoli,Kara,70-74,Total,Hommes,332
02,35,70,Préfecture,Assoli,Kara,70-74,Total,Femmes,446
02,35,70,Préfecture,Assoli,Kara,70-74,Total,Ensemble,778
02,35,70,Préfecture,Assoli,Kara,75-79,Urbain,Hommes,78
02,35,70,Préfecture,Assoli,Kara,75-79,Urbain,Femmes,82
02,35,70,Préfecture,Assoli,Kara,75-79,Urbain,Ensemble,160
02,35,70,Préfecture,Assoli,Kara,75-79,Rural,Hommes,120
02,35,70,Préfecture,Assoli,Kara,75-79,Rural,Femmes,185
02,35,70,Préfecture,Assoli,Kara,75-79,Rural,Ensemble,305
02,35,70,Préfecture,Assoli,Kara,75-79,Total,Hommes,198
02,35,70,Préfecture,Assoli,Kara,75-79,Total,Femmes,267
02,35,70,Préfecture,Assoli,Kara,75-79,Total,Ensemble,465
02,35,70,Préfecture,Assoli,Kara,80-84,Urbain,Hommes,57
02,35,70,Préfecture,Assoli,Kara,80-84,Urbain,Femmes,93
02,35,70,Préfecture,Assoli,Kara,80-84,Urbain,Ensemble,150
02,35,70,Préfecture,Assoli,Kara,80-84,Rural,Hommes,80
02,35,70,Préfecture,Assoli,Kara,80-84,Rural,Femmes,146
02,35,70,Préfecture,Assoli,Kara,80-84,Rural,Ensemble,226
02,35,70,Préfecture,Assoli,Kara,80-84,Total,Hommes,137
02,35,70,Préfecture,Assoli,Kara,80-84,Total,Femmes,239
02,35,70,Préfecture,Assoli,Kara,80-84,Total,Ensemble,376
02,35,70,Préfecture,Assoli,Kara,85 et +,Urbain,Hommes,47
02,35,70,Préfecture,Assoli,Kara,85 et +,Urbain,Femmes,99
02,35,70,Préfecture,Assoli,Kara,85 et +,Urbain,Ensemble,146
02,35,70,Préfecture,Assoli,Kara,85 et +,Rural,Hommes,128
02,35,70,Préfecture,Assoli,Kara,85 et +,Rural,Femmes,183
02,35,70,Préfecture,Assoli,Kara,85 et +,Rural,Ensemble,311
02,35,70,Préfecture,Assoli,Kara,85 et +,Total,Hommes,175
02,35,70,Préfecture,Assoli,Kara,85 et +,Total,Femmes,282
02,35,70,Préfecture,Assoli,Kara,85 et +,Total,Ensemble,457
02,35,70,Préfecture,Assoli,Kara,ND,Urbain,Hommes,58
02,35,70,Préfecture,Assoli,Kara,ND,Urbain,Femmes,37
02,35,70,Préfecture,Assoli,Kara,ND,Urbain,Ensemble,95
02,35,70,Préfecture,Assoli,Kara,ND,Rural,Hommes,53
02,35,70,Préfecture,Assoli,Kara,ND,Rural,Femmes,63
02,35,70,Préfecture,Assoli,Kara,ND,Rural,Ensemble,116
02,35,70,Préfecture,Assoli,Kara,ND,Total,Hommes,111
02,35,70,Préfecture,Assoli,Kara,ND,Total,Femmes,100
02,35,70,Préfecture,Assoli,Kara,ND,Total,Ensemble,211
02,35,70,Préfecture,Assoli,Kara,Total,Urbain,Hommes,11969
02,35,70,Préfecture,Assoli,Kara,Total,Urbain,Femmes,11658
02,35,70,Préfecture,Assoli,Kara,Total,Urbain,Ensemble,23627
02,35,70,Préfecture,Assoli,Kara,Total,Rural,Hommes,21277
02,35,70,Préfecture,Assoli,Kara,Total,Rural,Femmes,21490
02,35,70,Préfecture,Assoli,Kara,Total,Rural,Ensemble,42767
02,35,70,Préfecture,Assoli,Kara,Total,Total,Hommes,33246
02,35,70,Préfecture,Assoli,Kara,Total,Total,Femmes,33148
02,35,70,Préfecture,Assoli,Kara,Total,Total,Ensemble,66394
02,36,71,Préfecture,Bassar,Kara,0,Urbain,Hommes,383
02,36,71,Préfecture,Bassar,Kara,0,Urbain,Femmes,318
02,36,71,Préfecture,Bassar,Kara,0,Urbain,Ensemble,701
02,36,71,Préfecture,Bassar,Kara,0,Rural,Hommes,1972
02,36,71,Préfecture,Bassar,Kara,0,Rural,Femmes,1829
02,36,71,Préfecture,Bassar,Kara,0,Rural,Ensemble,3801
02,36,71,Préfecture,Bassar,Kara,0,Total,Hommes,2355
02,36,71,Préfecture,Bassar,Kara,0,Total,Femmes,2147
02,36,71,Préfecture,Bassar,Kara,0,Total,Ensemble,4502
02,36,71,Préfecture,Bassar,Kara,1-4,Urbain,Hommes,1616
02,36,71,Préfecture,Bassar,Kara,1-4,Urbain,Femmes,1534
02,36,71,Préfecture,Bassar,Kara,1-4,Urbain,Ensemble,3150
02,36,71,Préfecture,Bassar,Kara,1-4,Rural,Hommes,8291
02,36,71,Préfecture,Bassar,Kara,1-4,Rural,Femmes,7953
02,36,71,Préfecture,Bassar,Kara,1-4,Rural,Ensemble,16244
02,36,71,Préfecture,Bassar,Kara,1-4,Total,Hommes,9907
02,36,71,Préfecture,Bassar,Kara,1-4,Total,Femmes,9487
02,36,71,Préfecture,Bassar,Kara,1-4,Total,Ensemble,19394
02,36,71,Préfecture,Bassar,Kara,5-9,Urbain,Hommes,2250
02,36,71,Préfecture,Bassar,Kara,5-9,Urbain,Femmes,2092
02,36,71,Préfecture,Bassar,Kara,5-9,Urbain,Ensemble,4342
02,36,71,Préfecture,Bassar,Kara,5-9,Rural,Hommes,10892
02,36,71,Préfecture,Bassar,Kara,5-9,Rural,Femmes,10065
02,36,71,Préfecture,Bassar,Kara,5-9,Rural,Ensemble,20957
02,36,71,Préfecture,Bassar,Kara,5-9,Total,Hommes,13142
02,36,71,Préfecture,Bassar,Kara,5-9,Total,Femmes,12157
02,36,71,Préfecture,Bassar,Kara,5-9,Total,Ensemble,25299
02,36,71,Préfecture,Bassar,Kara,10-14,Urbain,Hommes,2453
02,36,71,Préfecture,Bassar,Kara,10-14,Urbain,Femmes,2260
02,36,71,Préfecture,Bassar,Kara,10-14,Urbain,Ensemble,4713
02,36,71,Préfecture,Bassar,Kara,10-14,Rural,Hommes,8411
02,36,71,Préfecture,Bassar,Kara,10-14,Rural,Femmes,6607
02,36,71,Préfecture,Bassar,Kara,10-14,Rural,Ensemble,15018
02,36,71,Préfecture,Bassar,Kara,10-14,Total,Hommes,10864
02,36,71,Préfecture,Bassar,Kara,10-14,Total,Femmes,8867
02,36,71,Préfecture,Bassar,Kara,10-14,Total,Ensemble,19731
02,36,71,Préfecture,Bassar,Kara,15-19,Urbain,Hommes,2101
02,36,71,Préfecture,Bassar,Kara,15-19,Urbain,Femmes,1798
02,36,71,Préfecture,Bassar,Kara,15-19,Urbain,Ensemble,3899
02,36,71,Préfecture,Bassar,Kara,15-19,Rural,Hommes,5385
02,36,71,Préfecture,Bassar,Kara,15-19,Rural,Femmes,4118
02,36,71,Préfecture,Bassar,Kara,15-19,Rural,Ensemble,9503
02,36,71,Préfecture,Bassar,Kara,15-19,Total,Hommes,7486
02,36,71,Préfecture,Bassar,Kara,15-19,Total,Femmes,5916
02,36,71,Préfecture,Bassar,Kara,15-19,Total,Ensemble,13402
02,36,71,Préfecture,Bassar,Kara,20-24,Urbain,Hommes,1318
02,36,71,Préfecture,Bassar,Kara,20-24,Urbain,Femmes,1296
02,36,71,Préfecture,Bassar,Kara,20-24,Urbain,Ensemble,2614
02,36,71,Préfecture,Bassar,Kara,20-24,Rural,Hommes,3762
02,36,71,Préfecture,Bassar,Kara,20-24,Rural,Femmes,4567
02,36,71,Préfecture,Bassar,Kara,20-24,Rural,Ensemble,8329
02,36,71,Préfecture,Bassar,Kara,20-24,Total,Hommes,5080
02,36,71,Préfecture,Bassar,Kara,20-24,Total,Femmes,5863
02,36,71,Préfecture,Bassar,Kara,20-24,Total,Ensemble,10943
02,36,71,Préfecture,Bassar,Kara,25-29,Urbain,Hommes,1012
02,36,71,Préfecture,Bassar,Kara,25-29,Urbain,Femmes,1115
02,36,71,Préfecture,Bassar,Kara,25-29,Urbain,Ensemble,2127
02,36,71,Préfecture,Bassar,Kara,25-29,Rural,Hommes,3562
02,36,71,Préfecture,Bassar,Kara,25-29,Rural,Femmes,4218
02,36,71,Préfecture,Bassar,Kara,25-29,Rural,Ensemble,7780
02,36,71,Préfecture,Bassar,Kara,25-29,Total,Hommes,4574
02,36,71,Préfecture,Bassar,Kara,25-29,Total,Femmes,5333
02,36,71,Préfecture,Bassar,Kara,25-29,Total,Ensemble,9907
02,36,71,Préfecture,Bassar,Kara,30-34,Urbain,Hommes,1023
02,36,71,Préfecture,Bassar,Kara,30-34,Urbain,Femmes,1056
02,36,71,Préfecture,Bassar,Kara,30-34,Urbain,Ensemble,2079
02,36,71,Préfecture,Bassar,Kara,30-34,Rural,Hommes,3537
02,36,71,Préfecture,Bassar,Kara,30-34,Rural,Femmes,3988
02,36,71,Préfecture,Bassar,Kara,30-34,Rural,Ensemble,7525
02,36,71,Préfecture,Bassar,Kara,30-34,Total,Hommes,4560
02,36,71,Préfecture,Bassar,Kara,30-34,Total,Femmes,5044
02,36,71,Préfecture,Bassar,Kara,30-34,Total,Ensemble,9604
02,36,71,Préfecture,Bassar,Kara,35-39,Urbain,Hommes,971
02,36,71,Préfecture,Bassar,Kara,35-39,Urbain,Femmes,978
02,36,71,Préfecture,Bassar,Kara,35-39,Urbain,Ensemble,1949
02,36,71,Préfecture,Bassar,Kara,35-39,Rural,Hommes,3001
02,36,71,Préfecture,Bassar,Kara,35-39,Rural,Femmes,3311
02,36,71,Préfecture,Bassar,Kara,35-39,Rural,Ensemble,6312
02,36,71,Préfecture,Bassar,Kara,35-39,Total,Hommes,3972
02,36,71,Préfecture,Bassar,Kara,35-39,Total,Femmes,4289
02,36,71,Préfecture,Bassar,Kara,35-39,Total,Ensemble,8261
02,36,71,Préfecture,Bassar,Kara,40-44,Urbain,Hommes,767
02,36,71,Préfecture,Bassar,Kara,40-44,Urbain,Femmes,800
02,36,71,Préfecture,Bassar,Kara,40-44,Urbain,Ensemble,1567
02,36,71,Préfecture,Bassar,Kara,40-44,Rural,Hommes,2502
02,36,71,Préfecture,Bassar,Kara,40-44,Rural,Femmes,2771
02,36,71,Préfecture,Bassar,Kara,40-44,Rural,Ensemble,5273
02,36,71,Préfecture,Bassar,Kara,40-44,Total,Hommes,3269
02,36,71,Préfecture,Bassar,Kara,40-44,Total,Femmes,3571
02,36,71,Préfecture,Bassar,Kara,40-44,Total,Ensemble,6840
02,36,71,Préfecture,Bassar,Kara,45-49,Urbain,Hommes,644
02,36,71,Préfecture,Bassar,Kara,45-49,Urbain,Femmes,636
02,36,71,Préfecture,Bassar,Kara,45-49,Urbain,Ensemble,1280
02,36,71,Préfecture,Bassar,Kara,45-49,Rural,Hommes,2012
02,36,71,Préfecture,Bassar,Kara,45-49,Rural,Femmes,2082
02,36,71,Préfecture,Bassar,Kara,45-49,Rural,Ensemble,4094
02,36,71,Préfecture,Bassar,Kara,45-49,Total,Hommes,2656
02,36,71,Préfecture,Bassar,Kara,45-49,Total,Femmes,2718
02,36,71,Préfecture,Bassar,Kara,45-49,Total,Ensemble,5374
02,36,71,Préfecture,Bassar,Kara,50-54,Urbain,Hommes,556
02,36,71,Préfecture,Bassar,Kara,50-54,Urbain,Femmes,561
02,36,71,Préfecture,Bassar,Kara,50-54,Urbain,Ensemble,1117
02,36,71,Préfecture,Bassar,Kara,50-54,Rural,Hommes,1737
02,36,71,Préfecture,Bassar,Kara,50-54,Rural,Femmes,2035
02,36,71,Préfecture,Bassar,Kara,50-54,Rural,Ensemble,3772
02,36,71,Préfecture,Bassar,Kara,50-54,Total,Hommes,2293
02,36,71,Préfecture,Bassar,Kara,50-54,Total,Femmes,2596
02,36,71,Préfecture,Bassar,Kara,50-54,Total,Ensemble,4889
02,36,71,Préfecture,Bassar,Kara,55-59,Urbain,Hommes,454
02,36,71,Préfecture,Bassar,Kara,55-59,Urbain,Femmes,483
02,36,71,Préfecture,Bassar,Kara,55-59,Urbain,Ensemble,937
02,36,71,Préfecture,Bassar,Kara,55-59,Rural,Hommes,1287
02,36,71,Préfecture,Bassar,Kara,55-59,Rural,Femmes,1341
02,36,71,Préfecture,Bassar,Kara,55-59,Rural,Ensemble,2628
02,36,71,Préfecture,Bassar,Kara,55-59,Total,Hommes,1741
02,36,71,Préfecture,Bassar,Kara,55-59,Total,Femmes,1824
02,36,71,Préfecture,Bassar,Kara,55-59,Total,Ensemble,3565
02,36,71,Préfecture,Bassar,Kara,60-64,Urbain,Hommes,381
02,36,71,Préfecture,Bassar,Kara,60-64,Urbain,Femmes,441
02,36,71,Préfecture,Bassar,Kara,60-64,Urbain,Ensemble,822
02,36,71,Préfecture,Bassar,Kara,60-64,Rural,Hommes,1026
02,36,71,Préfecture,Bassar,Kara,60-64,Rural,Femmes,1342
02,36,71,Préfecture,Bassar,Kara,60-64,Rural,Ensemble,2368
02,36,71,Préfecture,Bassar,Kara,60-64,Total,Hommes,1407
02,36,71,Préfecture,Bassar,Kara,60-64,Total,Femmes,1783
02,36,71,Préfecture,Bassar,Kara,60-64,Total,Ensemble,3190
02,36,71,Préfecture,Bassar,Kara,65-69,Urbain,Hommes,219
02,36,71,Préfecture,Bassar,Kara,65-69,Urbain,Femmes,307
02,36,71,Préfecture,Bassar,Kara,65-69,Urbain,Ensemble,526
02,36,71,Préfecture,Bassar,Kara,65-69,Rural,Hommes,663
02,36,71,Préfecture,Bassar,Kara,65-69,Rural,Femmes,803
02,36,71,Préfecture,Bassar,Kara,65-69,Rural,Ensemble,1466
02,36,71,Préfecture,Bassar,Kara,65-69,Total,Hommes,882
02,36,71,Préfecture,Bassar,Kara,65-69,Total,Femmes,1110
02,36,71,Préfecture,Bassar,Kara,65-69,Total,Ensemble,1992
02,36,71,Préfecture,Bassar,Kara,70-74,Urbain,Hommes,178
02,36,71,Préfecture,Bassar,Kara,70-74,Urbain,Femmes,253
02,36,71,Préfecture,Bassar,Kara,70-74,Urbain,Ensemble,431
02,36,71,Préfecture,Bassar,Kara,70-74,Rural,Hommes,490
02,36,71,Préfecture,Bassar,Kara,70-74,Rural,Femmes,739
02,36,71,Préfecture,Bassar,Kara,70-74,Rural,Ensemble,1229
02,36,71,Préfecture,Bassar,Kara,70-74,Total,Hommes,668
02,36,71,Préfecture,Bassar,Kara,70-74,Total,Femmes,992
02,36,71,Préfecture,Bassar,Kara,70-74,Total,Ensemble,1660
02,36,71,Préfecture,Bassar,Kara,75-79,Urbain,Hommes,93
02,36,71,Préfecture,Bassar,Kara,75-79,Urbain,Femmes,188
02,36,71,Préfecture,Bassar,Kara,75-79,Urbain,Ensemble,281
02,36,71,Préfecture,Bassar,Kara,75-79,Rural,Hommes,299
02,36,71,Préfecture,Bassar,Kara,75-79,Rural,Femmes,427
02,36,71,Préfecture,Bassar,Kara,75-79,Rural,Ensemble,726
02,36,71,Préfecture,Bassar,Kara,75-79,Total,Hommes,392
02,36,71,Préfecture,Bassar,Kara,75-79,Total,Femmes,615
02,36,71,Préfecture,Bassar,Kara,75-79,Total,Ensemble,1007
02,36,71,Préfecture,Bassar,Kara,80-84,Urbain,Hommes,67
02,36,71,Préfecture,Bassar,Kara,80-84,Urbain,Femmes,155
02,36,71,Préfecture,Bassar,Kara,80-84,Urbain,Ensemble,222
02,36,71,Préfecture,Bassar,Kara,80-84,Rural,Hommes,264
02,36,71,Préfecture,Bassar,Kara,80-84,Rural,Femmes,364
02,36,71,Préfecture,Bassar,Kara,80-84,Rural,Ensemble,628
02,36,71,Préfecture,Bassar,Kara,80-84,Total,Hommes,331
02,36,71,Préfecture,Bassar,Kara,80-84,Total,Femmes,519
02,36,71,Préfecture,Bassar,Kara,80-84,Total,Ensemble,850
02,36,71,Préfecture,Bassar,Kara,85 et +,Urbain,Hommes,92
02,36,71,Préfecture,Bassar,Kara,85 et +,Urbain,Femmes,193
02,36,71,Préfecture,Bassar,Kara,85 et +,Urbain,Ensemble,285
02,36,71,Préfecture,Bassar,Kara,85 et +,Rural,Hommes,257
02,36,71,Préfecture,Bassar,Kara,85 et +,Rural,Femmes,458
02,36,71,Préfecture,Bassar,Kara,85 et +,Rural,Ensemble,715
02,36,71,Préfecture,Bassar,Kara,85 et +,Total,Hommes,349
02,36,71,Préfecture,Bassar,Kara,85 et +,Total,Femmes,651
02,36,71,Préfecture,Bassar,Kara,85 et +,Total,Ensemble,1000
02,36,71,Préfecture,Bassar,Kara,ND,Urbain,Hommes,58
02,36,71,Préfecture,Bassar,Kara,ND,Urbain,Femmes,56
02,36,71,Préfecture,Bassar,Kara,ND,Urbain,Ensemble,114
02,36,71,Préfecture,Bassar,Kara,ND,Rural,Hommes,249
02,36,71,Préfecture,Bassar,Kara,ND,Rural,Femmes,292
02,36,71,Préfecture,Bassar,Kara,ND,Rural,Ensemble,541
02,36,71,Préfecture,Bassar,Kara,ND,Total,Hommes,307
02,36,71,Préfecture,Bassar,Kara,ND,Total,Femmes,348
02,36,71,Préfecture,Bassar,Kara,ND,Total,Ensemble,655
02,36,71,Préfecture,Bassar,Kara,Total,Urbain,Hommes,16636
02,36,71,Préfecture,Bassar,Kara,Total,Urbain,Femmes,16520
02,36,71,Préfecture,Bassar,Kara,Total,Urbain,Ensemble,33156
02,36,71,Préfecture,Bassar,Kara,Total,Rural,Hommes,59599
02,36,71,Préfecture,Bassar,Kara,Total,Rural,Femmes,59310
02,36,71,Préfecture,Bassar,Kara,Total,Rural,Ensemble,118909
02,36,71,Préfecture,Bassar,Kara,Total,Total,Hommes,76235
02,36,71,Préfecture,Bassar,Kara,Total,Total,Femmes,75830
02,36,71,Préfecture,Bassar,Kara,Total,Total,Ensemble,152065
02,37,72,Préfecture,Dankpen,Kara,0,Urbain,Hommes,273
02,37,72,Préfecture,Dankpen,Kara,0,Urbain,Femmes,255
02,37,72,Préfecture,Dankpen,Kara,0,Urbain,Ensemble,528
02,37,72,Préfecture,Dankpen,Kara,0,Rural,Hommes,3082
02,37,72,Préfecture,Dankpen,Kara,0,Rural,Femmes,2950
02,37,72,Préfecture,Dankpen,Kara,0,Rural,Ensemble,6032
02,37,72,Préfecture,Dankpen,Kara,0,Total,Hommes,3355
02,37,72,Préfecture,Dankpen,Kara,0,Total,Femmes,3205
02,37,72,Préfecture,Dankpen,Kara,0,Total,Ensemble,6560
02,37,72,Préfecture,Dankpen,Kara,1-4,Urbain,Hommes,1193
02,37,72,Préfecture,Dankpen,Kara,1-4,Urbain,Femmes,1116
02,37,72,Préfecture,Dankpen,Kara,1-4,Urbain,Ensemble,2309
02,37,72,Préfecture,Dankpen,Kara,1-4,Rural,Hommes,14040
02,37,72,Préfecture,Dankpen,Kara,1-4,Rural,Femmes,13589
02,37,72,Préfecture,Dankpen,Kara,1-4,Rural,Ensemble,27629
02,37,72,Préfecture,Dankpen,Kara,1-4,Total,Hommes,15233
02,37,72,Préfecture,Dankpen,Kara,1-4,Total,Femmes,14705
02,37,72,Préfecture,Dankpen,Kara,1-4,Total,Ensemble,29938
02,37,72,Préfecture,Dankpen,Kara,5-9,Urbain,Hommes,1375
02,37,72,Préfecture,Dankpen,Kara,5-9,Urbain,Femmes,1388
02,37,72,Préfecture,Dankpen,Kara,5-9,Urbain,Ensemble,2763
02,37,72,Préfecture,Dankpen,Kara,5-9,Rural,Hommes,17299
02,37,72,Préfecture,Dankpen,Kara,5-9,Rural,Femmes,16319
02,37,72,Préfecture,Dankpen,Kara,5-9,Rural,Ensemble,33618
02,37,72,Préfecture,Dankpen,Kara,5-9,Total,Hommes,18674
02,37,72,Préfecture,Dankpen,Kara,5-9,Total,Femmes,17707
02,37,72,Préfecture,Dankpen,Kara,5-9,Total,Ensemble,36381
02,37,72,Préfecture,Dankpen,Kara,10-14,Urbain,Hommes,1288
02,37,72,Préfecture,Dankpen,Kara,10-14,Urbain,Femmes,1428
02,37,72,Préfecture,Dankpen,Kara,10-14,Urbain,Ensemble,2716
02,37,72,Préfecture,Dankpen,Kara,10-14,Rural,Hommes,11595
02,37,72,Préfecture,Dankpen,Kara,10-14,Rural,Femmes,9135
02,37,72,Préfecture,Dankpen,Kara,10-14,Rural,Ensemble,20730
02,37,72,Préfecture,Dankpen,Kara,10-14,Total,Hommes,12883
02,37,72,Préfecture,Dankpen,Kara,10-14,Total,Femmes,10563
02,37,72,Préfecture,Dankpen,Kara,10-14,Total,Ensemble,23446
02,37,72,Préfecture,Dankpen,Kara,15-19,Urbain,Hommes,1562
02,37,72,Préfecture,Dankpen,Kara,15-19,Urbain,Femmes,1306
02,37,72,Préfecture,Dankpen,Kara,15-19,Urbain,Ensemble,2868
02,37,72,Préfecture,Dankpen,Kara,15-19,Rural,Hommes,6805
02,37,72,Préfecture,Dankpen,Kara,15-19,Rural,Femmes,5296
02,37,72,Préfecture,Dankpen,Kara,15-19,Rural,Ensemble,12101
02,37,72,Préfecture,Dankpen,Kara,15-19,Total,Hommes,8367
02,37,72,Préfecture,Dankpen,Kara,15-19,Total,Femmes,6602
02,37,72,Préfecture,Dankpen,Kara,15-19,Total,Ensemble,14969
02,37,72,Préfecture,Dankpen,Kara,20-24,Urbain,Hommes,952
02,37,72,Préfecture,Dankpen,Kara,20-24,Urbain,Femmes,1108
02,37,72,Préfecture,Dankpen,Kara,20-24,Urbain,Ensemble,2060
02,37,72,Préfecture,Dankpen,Kara,20-24,Rural,Hommes,5435
02,37,72,Préfecture,Dankpen,Kara,20-24,Rural,Femmes,7098
02,37,72,Préfecture,Dankpen,Kara,20-24,Rural,Ensemble,12533
02,37,72,Préfecture,Dankpen,Kara,20-24,Total,Hommes,6387
02,37,72,Préfecture,Dankpen,Kara,20-24,Total,Femmes,8206
02,37,72,Préfecture,Dankpen,Kara,20-24,Total,Ensemble,14593
02,37,72,Préfecture,Dankpen,Kara,25-29,Urbain,Hommes,737
02,37,72,Préfecture,Dankpen,Kara,25-29,Urbain,Femmes,798
02,37,72,Préfecture,Dankpen,Kara,25-29,Urbain,Ensemble,1535
02,37,72,Préfecture,Dankpen,Kara,25-29,Rural,Hommes,4912
02,37,72,Préfecture,Dankpen,Kara,25-29,Rural,Femmes,6417
02,37,72,Préfecture,Dankpen,Kara,25-29,Rural,Ensemble,11329
02,37,72,Préfecture,Dankpen,Kara,25-29,Total,Hommes,5649
02,37,72,Préfecture,Dankpen,Kara,25-29,Total,Femmes,7215
02,37,72,Préfecture,Dankpen,Kara,25-29,Total,Ensemble,12864
02,37,72,Préfecture,Dankpen,Kara,30-34,Urbain,Hommes,661
02,37,72,Préfecture,Dankpen,Kara,30-34,Urbain,Femmes,706
02,37,72,Préfecture,Dankpen,Kara,30-34,Urbain,Ensemble,1367
02,37,72,Préfecture,Dankpen,Kara,30-34,Rural,Hommes,4753
02,37,72,Préfecture,Dankpen,Kara,30-34,Rural,Femmes,5896
02,37,72,Préfecture,Dankpen,Kara,30-34,Rural,Ensemble,10649
02,37,72,Préfecture,Dankpen,Kara,30-34,Total,Hommes,5414
02,37,72,Préfecture,Dankpen,Kara,30-34,Total,Femmes,6602
02,37,72,Préfecture,Dankpen,Kara,30-34,Total,Ensemble,12016
02,37,72,Préfecture,Dankpen,Kara,35-39,Urbain,Hommes,538
02,37,72,Préfecture,Dankpen,Kara,35-39,Urbain,Femmes,509
02,37,72,Préfecture,Dankpen,Kara,35-39,Urbain,Ensemble,1047
02,37,72,Préfecture,Dankpen,Kara,35-39,Rural,Hommes,3297
02,37,72,Préfecture,Dankpen,Kara,35-39,Rural,Femmes,4197
02,37,72,Préfecture,Dankpen,Kara,35-39,Rural,Ensemble,7494
02,37,72,Préfecture,Dankpen,Kara,35-39,Total,Hommes,3835
02,37,72,Préfecture,Dankpen,Kara,35-39,Total,Femmes,4706
02,37,72,Préfecture,Dankpen,Kara,35-39,Total,Ensemble,8541
02,37,72,Préfecture,Dankpen,Kara,40-44,Urbain,Hommes,416
02,37,72,Préfecture,Dankpen,Kara,40-44,Urbain,Femmes,378
02,37,72,Préfecture,Dankpen,Kara,40-44,Urbain,Ensemble,794
02,37,72,Préfecture,Dankpen,Kara,40-44,Rural,Hommes,2848
02,37,72,Préfecture,Dankpen,Kara,40-44,Rural,Femmes,3846
02,37,72,Préfecture,Dankpen,Kara,40-44,Rural,Ensemble,6694
02,37,72,Préfecture,Dankpen,Kara,40-44,Total,Hommes,3264
02,37,72,Préfecture,Dankpen,Kara,40-44,Total,Femmes,4224
02,37,72,Préfecture,Dankpen,Kara,40-44,Total,Ensemble,7488
02,37,72,Préfecture,Dankpen,Kara,45-49,Urbain,Hommes,264
02,37,72,Préfecture,Dankpen,Kara,45-49,Urbain,Femmes,255
02,37,72,Préfecture,Dankpen,Kara,45-49,Urbain,Ensemble,519
02,37,72,Préfecture,Dankpen,Kara,45-49,Rural,Hommes,1976
02,37,72,Préfecture,Dankpen,Kara,45-49,Rural,Femmes,2318
02,37,72,Préfecture,Dankpen,Kara,45-49,Rural,Ensemble,4294
02,37,72,Préfecture,Dankpen,Kara,45-49,Total,Hommes,2240
02,37,72,Préfecture,Dankpen,Kara,45-49,Total,Femmes,2573
02,37,72,Préfecture,Dankpen,Kara,45-49,Total,Ensemble,4813
02,37,72,Préfecture,Dankpen,Kara,50-54,Urbain,Hommes,211
02,37,72,Préfecture,Dankpen,Kara,50-54,Urbain,Femmes,234
02,37,72,Préfecture,Dankpen,Kara,50-54,Urbain,Ensemble,445
02,37,72,Préfecture,Dankpen,Kara,50-54,Rural,Hommes,1846
02,37,72,Préfecture,Dankpen,Kara,50-54,Rural,Femmes,2178
02,37,72,Préfecture,Dankpen,Kara,50-54,Rural,Ensemble,4024
02,37,72,Préfecture,Dankpen,Kara,50-54,Total,Hommes,2057
02,37,72,Préfecture,Dankpen,Kara,50-54,Total,Femmes,2412
02,37,72,Préfecture,Dankpen,Kara,50-54,Total,Ensemble,4469
02,37,72,Préfecture,Dankpen,Kara,55-59,Urbain,Hommes,158
02,37,72,Préfecture,Dankpen,Kara,55-59,Urbain,Femmes,163
02,37,72,Préfecture,Dankpen,Kara,55-59,Urbain,Ensemble,321
02,37,72,Préfecture,Dankpen,Kara,55-59,Rural,Hommes,1175
02,37,72,Préfecture,Dankpen,Kara,55-59,Rural,Femmes,1331
02,37,72,Préfecture,Dankpen,Kara,55-59,Rural,Ensemble,2506
02,37,72,Préfecture,Dankpen,Kara,55-59,Total,Hommes,1333
02,37,72,Préfecture,Dankpen,Kara,55-59,Total,Femmes,1494
02,37,72,Préfecture,Dankpen,Kara,55-59,Total,Ensemble,2827
02,37,72,Préfecture,Dankpen,Kara,60-64,Urbain,Hommes,133
02,37,72,Préfecture,Dankpen,Kara,60-64,Urbain,Femmes,167
02,37,72,Préfecture,Dankpen,Kara,60-64,Urbain,Ensemble,300
02,37,72,Préfecture,Dankpen,Kara,60-64,Rural,Hommes,989
02,37,72,Préfecture,Dankpen,Kara,60-64,Rural,Femmes,1257
02,37,72,Préfecture,Dankpen,Kara,60-64,Rural,Ensemble,2246
02,37,72,Préfecture,Dankpen,Kara,60-64,Total,Hommes,1122
02,37,72,Préfecture,Dankpen,Kara,60-64,Total,Femmes,1424
02,37,72,Préfecture,Dankpen,Kara,60-64,Total,Ensemble,2546
02,37,72,Préfecture,Dankpen,Kara,65-69,Urbain,Hommes,65
02,37,72,Préfecture,Dankpen,Kara,65-69,Urbain,Femmes,95
02,37,72,Préfecture,Dankpen,Kara,65-69,Urbain,Ensemble,160
02,37,72,Préfecture,Dankpen,Kara,65-69,Rural,Hommes,481
02,37,72,Préfecture,Dankpen,Kara,65-69,Rural,Femmes,676
02,37,72,Préfecture,Dankpen,Kara,65-69,Rural,Ensemble,1157
02,37,72,Préfecture,Dankpen,Kara,65-69,Total,Hommes,546
02,37,72,Préfecture,Dankpen,Kara,65-69,Total,Femmes,771
02,37,72,Préfecture,Dankpen,Kara,65-69,Total,Ensemble,1317
02,37,72,Préfecture,Dankpen,Kara,70-74,Urbain,Hommes,43
02,37,72,Préfecture,Dankpen,Kara,70-74,Urbain,Femmes,61
02,37,72,Préfecture,Dankpen,Kara,70-74,Urbain,Ensemble,104
02,37,72,Préfecture,Dankpen,Kara,70-74,Rural,Hommes,410
02,37,72,Préfecture,Dankpen,Kara,70-74,Rural,Femmes,564
02,37,72,Préfecture,Dankpen,Kara,70-74,Rural,Ensemble,974
02,37,72,Préfecture,Dankpen,Kara,70-74,Total,Hommes,453
02,37,72,Préfecture,Dankpen,Kara,70-74,Total,Femmes,625
02,37,72,Préfecture,Dankpen,Kara,70-74,Total,Ensemble,1078
02,37,72,Préfecture,Dankpen,Kara,75-79,Urbain,Hommes,25
02,37,72,Préfecture,Dankpen,Kara,75-79,Urbain,Femmes,28
02,37,72,Préfecture,Dankpen,Kara,75-79,Urbain,Ensemble,53
02,37,72,Préfecture,Dankpen,Kara,75-79,Rural,Hommes,208
02,37,72,Préfecture,Dankpen,Kara,75-79,Rural,Femmes,296
02,37,72,Préfecture,Dankpen,Kara,75-79,Rural,Ensemble,504
02,37,72,Préfecture,Dankpen,Kara,75-79,Total,Hommes,233
02,37,72,Préfecture,Dankpen,Kara,75-79,Total,Femmes,324
02,37,72,Préfecture,Dankpen,Kara,75-79,Total,Ensemble,557
02,37,72,Préfecture,Dankpen,Kara,80-84,Urbain,Hommes,9
02,37,72,Préfecture,Dankpen,Kara,80-84,Urbain,Femmes,13
02,37,72,Préfecture,Dankpen,Kara,80-84,Urbain,Ensemble,22
02,37,72,Préfecture,Dankpen,Kara,80-84,Rural,Hommes,140
02,37,72,Préfecture,Dankpen,Kara,80-84,Rural,Femmes,206
02,37,72,Préfecture,Dankpen,Kara,80-84,Rural,Ensemble,346
02,37,72,Préfecture,Dankpen,Kara,80-84,Total,Hommes,149
02,37,72,Préfecture,Dankpen,Kara,80-84,Total,Femmes,219
02,37,72,Préfecture,Dankpen,Kara,80-84,Total,Ensemble,368
02,37,72,Préfecture,Dankpen,Kara,85 et +,Urbain,Hommes,11
02,37,72,Préfecture,Dankpen,Kara,85 et +,Urbain,Femmes,17
02,37,72,Préfecture,Dankpen,Kara,85 et +,Urbain,Ensemble,28
02,37,72,Préfecture,Dankpen,Kara,85 et +,Rural,Hommes,222
02,37,72,Préfecture,Dankpen,Kara,85 et +,Rural,Femmes,304
02,37,72,Préfecture,Dankpen,Kara,85 et +,Rural,Ensemble,526
02,37,72,Préfecture,Dankpen,Kara,85 et +,Total,Hommes,233
02,37,72,Préfecture,Dankpen,Kara,85 et +,Total,Femmes,321
02,37,72,Préfecture,Dankpen,Kara,85 et +,Total,Ensemble,554
02,37,72,Préfecture,Dankpen,Kara,ND,Urbain,Hommes,41
02,37,72,Préfecture,Dankpen,Kara,ND,Urbain,Femmes,67
02,37,72,Préfecture,Dankpen,Kara,ND,Urbain,Ensemble,108
02,37,72,Préfecture,Dankpen,Kara,ND,Rural,Hommes,99
02,37,72,Préfecture,Dankpen,Kara,ND,Rural,Femmes,130
02,37,72,Préfecture,Dankpen,Kara,ND,Rural,Ensemble,229
02,37,72,Préfecture,Dankpen,Kara,ND,Total,Hommes,140
02,37,72,Préfecture,Dankpen,Kara,ND,Total,Femmes,197
02,37,72,Préfecture,Dankpen,Kara,ND,Total,Ensemble,337
02,37,72,Préfecture,Dankpen,Kara,Total,Urbain,Hommes,9955
02,37,72,Préfecture,Dankpen,Kara,Total,Urbain,Femmes,10092
02,37,72,Préfecture,Dankpen,Kara,Total,Urbain,Ensemble,20047
02,37,72,Préfecture,Dankpen,Kara,Total,Rural,Hommes,81612
02,37,72,Préfecture,Dankpen,Kara,Total,Rural,Femmes,84003
02,37,72,Préfecture,Dankpen,Kara,Total,Rural,Ensemble,165615
02,37,72,Préfecture,Dankpen,Kara,Total,Total,Hommes,91567
02,37,72,Préfecture,Dankpen,Kara,Total,Total,Femmes,94095
02,37,72,Préfecture,Dankpen,Kara,Total,Total,Ensemble,185662
02,38,73,Préfecture,Kéran,Kara,0,Urbain,Hommes,183
02,38,73,Préfecture,Kéran,Kara,0,Urbain,Femmes,188
02,38,73,Préfecture,Kéran,Kara,0,Urbain,Ensemble,371
02,38,73,Préfecture,Kéran,Kara,0,Rural,Hommes,2004
02,38,73,Préfecture,Kéran,Kara,0,Rural,Femmes,1914
02,38,73,Préfecture,Kéran,Kara,0,Rural,Ensemble,3918
02,38,73,Préfecture,Kéran,Kara,0,Total,Hommes,2187
02,38,73,Préfecture,Kéran,Kara,0,Total,Femmes,2102
02,38,73,Préfecture,Kéran,Kara,0,Total,Ensemble,4289
02,38,73,Préfecture,Kéran,Kara,1-4,Urbain,Hommes,809
02,38,73,Préfecture,Kéran,Kara,1-4,Urbain,Femmes,759
02,38,73,Préfecture,Kéran,Kara,1-4,Urbain,Ensemble,1568
02,38,73,Préfecture,Kéran,Kara,1-4,Rural,Hommes,9278
02,38,73,Préfecture,Kéran,Kara,1-4,Rural,Femmes,8915
02,38,73,Préfecture,Kéran,Kara,1-4,Rural,Ensemble,18193
02,38,73,Préfecture,Kéran,Kara,1-4,Total,Hommes,10087
02,38,73,Préfecture,Kéran,Kara,1-4,Total,Femmes,9674
02,38,73,Préfecture,Kéran,Kara,1-4,Total,Ensemble,19761
02,38,73,Préfecture,Kéran,Kara,5-9,Urbain,Hommes,1061
02,38,73,Préfecture,Kéran,Kara,5-9,Urbain,Femmes,1018
02,38,73,Préfecture,Kéran,Kara,5-9,Urbain,Ensemble,2079
02,38,73,Préfecture,Kéran,Kara,5-9,Rural,Hommes,11185
02,38,73,Préfecture,Kéran,Kara,5-9,Rural,Femmes,10376
02,38,73,Préfecture,Kéran,Kara,5-9,Rural,Ensemble,21561
02,38,73,Préfecture,Kéran,Kara,5-9,Total,Hommes,12246
02,38,73,Préfecture,Kéran,Kara,5-9,Total,Femmes,11394
02,38,73,Préfecture,Kéran,Kara,5-9,Total,Ensemble,23640
02,38,73,Préfecture,Kéran,Kara,10-14,Urbain,Hommes,1089
02,38,73,Préfecture,Kéran,Kara,10-14,Urbain,Femmes,1083
02,38,73,Préfecture,Kéran,Kara,10-14,Urbain,Ensemble,2172
02,38,73,Préfecture,Kéran,Kara,10-14,Rural,Hommes,7825
02,38,73,Préfecture,Kéran,Kara,10-14,Rural,Femmes,6202
02,38,73,Préfecture,Kéran,Kara,10-14,Rural,Ensemble,14027
02,38,73,Préfecture,Kéran,Kara,10-14,Total,Hommes,8914
02,38,73,Préfecture,Kéran,Kara,10-14,Total,Femmes,7285
02,38,73,Préfecture,Kéran,Kara,10-14,Total,Ensemble,16199
02,38,73,Préfecture,Kéran,Kara,15-19,Urbain,Hommes,1093
02,38,73,Préfecture,Kéran,Kara,15-19,Urbain,Femmes,994
02,38,73,Préfecture,Kéran,Kara,15-19,Urbain,Ensemble,2087
02,38,73,Préfecture,Kéran,Kara,15-19,Rural,Hommes,4709
02,38,73,Préfecture,Kéran,Kara,15-19,Rural,Femmes,4236
02,38,73,Préfecture,Kéran,Kara,15-19,Rural,Ensemble,8945
02,38,73,Préfecture,Kéran,Kara,15-19,Total,Hommes,5802
02,38,73,Préfecture,Kéran,Kara,15-19,Total,Femmes,5230
02,38,73,Préfecture,Kéran,Kara,15-19,Total,Ensemble,11032
02,38,73,Préfecture,Kéran,Kara,20-24,Urbain,Hommes,685
02,38,73,Préfecture,Kéran,Kara,20-24,Urbain,Femmes,695
02,38,73,Préfecture,Kéran,Kara,20-24,Urbain,Ensemble,1380
02,38,73,Préfecture,Kéran,Kara,20-24,Rural,Hommes,3958
02,38,73,Préfecture,Kéran,Kara,20-24,Rural,Femmes,5029
02,38,73,Préfecture,Kéran,Kara,20-24,Rural,Ensemble,8987
02,38,73,Préfecture,Kéran,Kara,20-24,Total,Hommes,4643
02,38,73,Préfecture,Kéran,Kara,20-24,Total,Femmes,5724
02,38,73,Préfecture,Kéran,Kara,20-24,Total,Ensemble,10367
02,38,73,Préfecture,Kéran,Kara,25-29,Urbain,Hommes,473
02,38,73,Préfecture,Kéran,Kara,25-29,Urbain,Femmes,539
02,38,73,Préfecture,Kéran,Kara,25-29,Urbain,Ensemble,1012
02,38,73,Préfecture,Kéran,Kara,25-29,Rural,Hommes,3267
02,38,73,Préfecture,Kéran,Kara,25-29,Rural,Femmes,3844
02,38,73,Préfecture,Kéran,Kara,25-29,Rural,Ensemble,7111
02,38,73,Préfecture,Kéran,Kara,25-29,Total,Hommes,3740
02,38,73,Préfecture,Kéran,Kara,25-29,Total,Femmes,4383
02,38,73,Préfecture,Kéran,Kara,25-29,Total,Ensemble,8123
02,38,73,Préfecture,Kéran,Kara,30-34,Urbain,Hommes,469
02,38,73,Préfecture,Kéran,Kara,30-34,Urbain,Femmes,526
02,38,73,Préfecture,Kéran,Kara,30-34,Urbain,Ensemble,995
02,38,73,Préfecture,Kéran,Kara,30-34,Rural,Hommes,3093
02,38,73,Préfecture,Kéran,Kara,30-34,Rural,Femmes,3713
02,38,73,Préfecture,Kéran,Kara,30-34,Rural,Ensemble,6806
02,38,73,Préfecture,Kéran,Kara,30-34,Total,Hommes,3562
02,38,73,Préfecture,Kéran,Kara,30-34,Total,Femmes,4239
02,38,73,Préfecture,Kéran,Kara,30-34,Total,Ensemble,7801
02,38,73,Préfecture,Kéran,Kara,35-39,Urbain,Hommes,430
02,38,73,Préfecture,Kéran,Kara,35-39,Urbain,Femmes,465
02,38,73,Préfecture,Kéran,Kara,35-39,Urbain,Ensemble,895
02,38,73,Préfecture,Kéran,Kara,35-39,Rural,Hommes,2587
02,38,73,Préfecture,Kéran,Kara,35-39,Rural,Femmes,3003
02,38,73,Préfecture,Kéran,Kara,35-39,Rural,Ensemble,5590
02,38,73,Préfecture,Kéran,Kara,35-39,Total,Hommes,3017
02,38,73,Préfecture,Kéran,Kara,35-39,Total,Femmes,3468
02,38,73,Préfecture,Kéran,Kara,35-39,Total,Ensemble,6485
02,38,73,Préfecture,Kéran,Kara,40-44,Urbain,Hommes,365
02,38,73,Préfecture,Kéran,Kara,40-44,Urbain,Femmes,349
02,38,73,Préfecture,Kéran,Kara,40-44,Urbain,Ensemble,714
02,38,73,Préfecture,Kéran,Kara,40-44,Rural,Hommes,2230
02,38,73,Préfecture,Kéran,Kara,40-44,Rural,Femmes,2612
02,38,73,Préfecture,Kéran,Kara,40-44,Rural,Ensemble,4842
02,38,73,Préfecture,Kéran,Kara,40-44,Total,Hommes,2595
02,38,73,Préfecture,Kéran,Kara,40-44,Total,Femmes,2961
02,38,73,Préfecture,Kéran,Kara,40-44,Total,Ensemble,5556
02,38,73,Préfecture,Kéran,Kara,45-49,Urbain,Hommes,315
02,38,73,Préfecture,Kéran,Kara,45-49,Urbain,Femmes,268
02,38,73,Préfecture,Kéran,Kara,45-49,Urbain,Ensemble,583
02,38,73,Préfecture,Kéran,Kara,45-49,Rural,Hommes,1553
02,38,73,Préfecture,Kéran,Kara,45-49,Rural,Femmes,1801
02,38,73,Préfecture,Kéran,Kara,45-49,Rural,Ensemble,3354
02,38,73,Préfecture,Kéran,Kara,45-49,Total,Hommes,1868
02,38,73,Préfecture,Kéran,Kara,45-49,Total,Femmes,2069
02,38,73,Préfecture,Kéran,Kara,45-49,Total,Ensemble,3937
02,38,73,Préfecture,Kéran,Kara,50-54,Urbain,Hommes,180
02,38,73,Préfecture,Kéran,Kara,50-54,Urbain,Femmes,251
02,38,73,Préfecture,Kéran,Kara,50-54,Urbain,Ensemble,431
02,38,73,Préfecture,Kéran,Kara,50-54,Rural,Hommes,1426
02,38,73,Préfecture,Kéran,Kara,50-54,Rural,Femmes,1698
02,38,73,Préfecture,Kéran,Kara,50-54,Rural,Ensemble,3124
02,38,73,Préfecture,Kéran,Kara,50-54,Total,Hommes,1606
02,38,73,Préfecture,Kéran,Kara,50-54,Total,Femmes,1949
02,38,73,Préfecture,Kéran,Kara,50-54,Total,Ensemble,3555
02,38,73,Préfecture,Kéran,Kara,55-59,Urbain,Hommes,197
02,38,73,Préfecture,Kéran,Kara,55-59,Urbain,Femmes,157
02,38,73,Préfecture,Kéran,Kara,55-59,Urbain,Ensemble,354
02,38,73,Préfecture,Kéran,Kara,55-59,Rural,Hommes,903
02,38,73,Préfecture,Kéran,Kara,55-59,Rural,Femmes,1101
02,38,73,Préfecture,Kéran,Kara,55-59,Rural,Ensemble,2004
02,38,73,Préfecture,Kéran,Kara,55-59,Total,Hommes,1100
02,38,73,Préfecture,Kéran,Kara,55-59,Total,Femmes,1258
02,38,73,Préfecture,Kéran,Kara,55-59,Total,Ensemble,2358
02,38,73,Préfecture,Kéran,Kara,60-64,Urbain,Hommes,107
02,38,73,Préfecture,Kéran,Kara,60-64,Urbain,Femmes,160
02,38,73,Préfecture,Kéran,Kara,60-64,Urbain,Ensemble,267
02,38,73,Préfecture,Kéran,Kara,60-64,Rural,Hommes,797
02,38,73,Préfecture,Kéran,Kara,60-64,Rural,Femmes,1097
02,38,73,Préfecture,Kéran,Kara,60-64,Rural,Ensemble,1894
02,38,73,Préfecture,Kéran,Kara,60-64,Total,Hommes,904
02,38,73,Préfecture,Kéran,Kara,60-64,Total,Femmes,1257
02,38,73,Préfecture,Kéran,Kara,60-64,Total,Ensemble,2161
02,38,73,Préfecture,Kéran,Kara,65-69,Urbain,Hommes,61
02,38,73,Préfecture,Kéran,Kara,65-69,Urbain,Femmes,106
02,38,73,Préfecture,Kéran,Kara,65-69,Urbain,Ensemble,167
02,38,73,Préfecture,Kéran,Kara,65-69,Rural,Hommes,511
02,38,73,Préfecture,Kéran,Kara,65-69,Rural,Femmes,635
02,38,73,Préfecture,Kéran,Kara,65-69,Rural,Ensemble,1146
02,38,73,Préfecture,Kéran,Kara,65-69,Total,Hommes,572
02,38,73,Préfecture,Kéran,Kara,65-69,Total,Femmes,741
02,38,73,Préfecture,Kéran,Kara,65-69,Total,Ensemble,1313
02,38,73,Préfecture,Kéran,Kara,70-74,Urbain,Hommes,36
02,38,73,Préfecture,Kéran,Kara,70-74,Urbain,Femmes,57
02,38,73,Préfecture,Kéran,Kara,70-74,Urbain,Ensemble,93
02,38,73,Préfecture,Kéran,Kara,70-74,Rural,Hommes,357
02,38,73,Préfecture,Kéran,Kara,70-74,Rural,Femmes,447
02,38,73,Préfecture,Kéran,Kara,70-74,Rural,Ensemble,804
02,38,73,Préfecture,Kéran,Kara,70-74,Total,Hommes,393
02,38,73,Préfecture,Kéran,Kara,70-74,Total,Femmes,504
02,38,73,Préfecture,Kéran,Kara,70-74,Total,Ensemble,897
02,38,73,Préfecture,Kéran,Kara,75-79,Urbain,Hommes,16
02,38,73,Préfecture,Kéran,Kara,75-79,Urbain,Femmes,44
02,38,73,Préfecture,Kéran,Kara,75-79,Urbain,Ensemble,60
02,38,73,Préfecture,Kéran,Kara,75-79,Rural,Hommes,162
02,38,73,Préfecture,Kéran,Kara,75-79,Rural,Femmes,228
02,38,73,Préfecture,Kéran,Kara,75-79,Rural,Ensemble,390
02,38,73,Préfecture,Kéran,Kara,75-79,Total,Hommes,178
02,38,73,Préfecture,Kéran,Kara,75-79,Total,Femmes,272
02,38,73,Préfecture,Kéran,Kara,75-79,Total,Ensemble,450
02,38,73,Préfecture,Kéran,Kara,80-84,Urbain,Hommes,12
02,38,73,Préfecture,Kéran,Kara,80-84,Urbain,Femmes,26
02,38,73,Préfecture,Kéran,Kara,80-84,Urbain,Ensemble,38
02,38,73,Préfecture,Kéran,Kara,80-84,Rural,Hommes,102
02,38,73,Préfecture,Kéran,Kara,80-84,Rural,Femmes,145
02,38,73,Préfecture,Kéran,Kara,80-84,Rural,Ensemble,247
02,38,73,Préfecture,Kéran,Kara,80-84,Total,Hommes,114
02,38,73,Préfecture,Kéran,Kara,80-84,Total,Femmes,171
02,38,73,Préfecture,Kéran,Kara,80-84,Total,Ensemble,285
02,38,73,Préfecture,Kéran,Kara,85 et +,Urbain,Hommes,10
02,38,73,Préfecture,Kéran,Kara,85 et +,Urbain,Femmes,25
02,38,73,Préfecture,Kéran,Kara,85 et +,Urbain,Ensemble,35
02,38,73,Préfecture,Kéran,Kara,85 et +,Rural,Hommes,90
02,38,73,Préfecture,Kéran,Kara,85 et +,Rural,Femmes,139
02,38,73,Préfecture,Kéran,Kara,85 et +,Rural,Ensemble,229
02,38,73,Préfecture,Kéran,Kara,85 et +,Total,Hommes,100
02,38,73,Préfecture,Kéran,Kara,85 et +,Total,Femmes,164
02,38,73,Préfecture,Kéran,Kara,85 et +,Total,Ensemble,264
02,38,73,Préfecture,Kéran,Kara,ND,Urbain,Hommes,9
02,38,73,Préfecture,Kéran,Kara,ND,Urbain,Femmes,3
02,38,73,Préfecture,Kéran,Kara,ND,Urbain,Ensemble,12
02,38,73,Préfecture,Kéran,Kara,ND,Rural,Hommes,94
02,38,73,Préfecture,Kéran,Kara,ND,Rural,Femmes,108
02,38,73,Préfecture,Kéran,Kara,ND,Rural,Ensemble,202
02,38,73,Préfecture,Kéran,Kara,ND,Total,Hommes,103
02,38,73,Préfecture,Kéran,Kara,ND,Total,Femmes,111
02,38,73,Préfecture,Kéran,Kara,ND,Total,Ensemble,214
02,38,73,Préfecture,Kéran,Kara,Total,Urbain,Hommes,7600
02,38,73,Préfecture,Kéran,Kara,Total,Urbain,Femmes,7713
02,38,73,Préfecture,Kéran,Kara,Total,Urbain,Ensemble,15313
02,38,73,Préfecture,Kéran,Kara,Total,Rural,Hommes,56131
02,38,73,Préfecture,Kéran,Kara,Total,Rural,Femmes,57243
02,38,73,Préfecture,Kéran,Kara,Total,Rural,Ensemble,113374
02,38,73,Préfecture,Kéran,Kara,Total,Total,Hommes,63731
02,38,73,Préfecture,Kéran,Kara,Total,Total,Femmes,64956
02,38,73,Préfecture,Kéran,Kara,Total,Total,Ensemble,128687
02,39,74,Préfecture,Doufelgou,Kara,0,Urbain,Hommes,342
02,39,74,Préfecture,Doufelgou,Kara,0,Urbain,Femmes,285
02,39,74,Préfecture,Doufelgou,Kara,0,Urbain,Ensemble,627
02,39,74,Préfecture,Doufelgou,Kara,0,Rural,Hommes,788
02,39,74,Préfecture,Doufelgou,Kara,0,Rural,Femmes,772
02,39,74,Préfecture,Doufelgou,Kara,0,Rural,Ensemble,1560
02,39,74,Préfecture,Doufelgou,Kara,0,Total,Hommes,1130
02,39,74,Préfecture,Doufelgou,Kara,0,Total,Femmes,1057
02,39,74,Préfecture,Doufelgou,Kara,0,Total,Ensemble,2187
02,39,74,Préfecture,Doufelgou,Kara,1-4,Urbain,Hommes,1324
02,39,74,Préfecture,Doufelgou,Kara,1-4,Urbain,Femmes,1244
02,39,74,Préfecture,Doufelgou,Kara,1-4,Urbain,Ensemble,2568
02,39,74,Préfecture,Doufelgou,Kara,1-4,Rural,Hommes,3615
02,39,74,Préfecture,Doufelgou,Kara,1-4,Rural,Femmes,3438
02,39,74,Préfecture,Doufelgou,Kara,1-4,Rural,Ensemble,7053
02,39,74,Préfecture,Doufelgou,Kara,1-4,Total,Hommes,4939
02,39,74,Préfecture,Doufelgou,Kara,1-4,Total,Femmes,4682
02,39,74,Préfecture,Doufelgou,Kara,1-4,Total,Ensemble,9621
02,39,74,Préfecture,Doufelgou,Kara,5-9,Urbain,Hommes,1861
02,39,74,Préfecture,Doufelgou,Kara,5-9,Urbain,Femmes,1863
02,39,74,Préfecture,Doufelgou,Kara,5-9,Urbain,Ensemble,3724
02,39,74,Préfecture,Doufelgou,Kara,5-9,Rural,Hommes,4943
02,39,74,Préfecture,Doufelgou,Kara,5-9,Rural,Femmes,4759
02,39,74,Préfecture,Doufelgou,Kara,5-9,Rural,Ensemble,9702
02,39,74,Préfecture,Doufelgou,Kara,5-9,Total,Hommes,6804
02,39,74,Préfecture,Doufelgou,Kara,5-9,Total,Femmes,6622
02,39,74,Préfecture,Doufelgou,Kara,5-9,Total,Ensemble,13426
02,39,74,Préfecture,Doufelgou,Kara,10-14,Urbain,Hommes,1764
02,39,74,Préfecture,Doufelgou,Kara,10-14,Urbain,Femmes,1725
02,39,74,Préfecture,Doufelgou,Kara,10-14,Urbain,Ensemble,3489
02,39,74,Préfecture,Doufelgou,Kara,10-14,Rural,Hommes,4286
02,39,74,Préfecture,Doufelgou,Kara,10-14,Rural,Femmes,3693
02,39,74,Préfecture,Doufelgou,Kara,10-14,Rural,Ensemble,7979
02,39,74,Préfecture,Doufelgou,Kara,10-14,Total,Hommes,6050
02,39,74,Préfecture,Doufelgou,Kara,10-14,Total,Femmes,5418
02,39,74,Préfecture,Doufelgou,Kara,10-14,Total,Ensemble,11468
02,39,74,Préfecture,Doufelgou,Kara,15-19,Urbain,Hommes,1402
02,39,74,Préfecture,Doufelgou,Kara,15-19,Urbain,Femmes,1311
02,39,74,Préfecture,Doufelgou,Kara,15-19,Urbain,Ensemble,2713
02,39,74,Préfecture,Doufelgou,Kara,15-19,Rural,Hommes,2586
02,39,74,Préfecture,Doufelgou,Kara,15-19,Rural,Femmes,2332
02,39,74,Préfecture,Doufelgou,Kara,15-19,Rural,Ensemble,4918
02,39,74,Préfecture,Doufelgou,Kara,15-19,Total,Hommes,3988
02,39,74,Préfecture,Doufelgou,Kara,15-19,Total,Femmes,3643
02,39,74,Préfecture,Doufelgou,Kara,15-19,Total,Ensemble,7631
02,39,74,Préfecture,Doufelgou,Kara,20-24,Urbain,Hommes,973
02,39,74,Préfecture,Doufelgou,Kara,20-24,Urbain,Femmes,1050
02,39,74,Préfecture,Doufelgou,Kara,20-24,Urbain,Ensemble,2023
02,39,74,Préfecture,Doufelgou,Kara,20-24,Rural,Hommes,1827
02,39,74,Préfecture,Doufelgou,Kara,20-24,Rural,Femmes,2160
02,39,74,Préfecture,Doufelgou,Kara,20-24,Rural,Ensemble,3987
02,39,74,Préfecture,Doufelgou,Kara,20-24,Total,Hommes,2800
02,39,74,Préfecture,Doufelgou,Kara,20-24,Total,Femmes,3210
02,39,74,Préfecture,Doufelgou,Kara,20-24,Total,Ensemble,6010
02,39,74,Préfecture,Doufelgou,Kara,25-29,Urbain,Hommes,875
02,39,74,Préfecture,Doufelgou,Kara,25-29,Urbain,Femmes,908
02,39,74,Préfecture,Doufelgou,Kara,25-29,Urbain,Ensemble,1783
02,39,74,Préfecture,Doufelgou,Kara,25-29,Rural,Hommes,1628
02,39,74,Préfecture,Doufelgou,Kara,25-29,Rural,Femmes,1910
02,39,74,Préfecture,Doufelgou,Kara,25-29,Rural,Ensemble,3537
02,39,74,Préfecture,Doufelgou,Kara,25-29,Total,Hommes,2503
02,39,74,Préfecture,Doufelgou,Kara,25-29,Total,Femmes,2818
02,39,74,Préfecture,Doufelgou,Kara,25-29,Total,Ensemble,5320
02,39,74,Préfecture,Doufelgou,Kara,30-34,Urbain,Hommes,958
02,39,74,Préfecture,Doufelgou,Kara,30-34,Urbain,Femmes,928
02,39,74,Préfecture,Doufelgou,Kara,30-34,Urbain,Ensemble,1886
02,39,74,Préfecture,Doufelgou,Kara,30-34,Rural,Hommes,1529
02,39,74,Préfecture,Doufelgou,Kara,30-34,Rural,Femmes,1722
02,39,74,Préfecture,Doufelgou,Kara,30-34,Rural,Ensemble,3251
02,39,74,Préfecture,Doufelgou,Kara,30-34,Total,Hommes,2487
02,39,74,Préfecture,Doufelgou,Kara,30-34,Total,Femmes,2650
02,39,74,Préfecture,Doufelgou,Kara,30-34,Total,Ensemble,5137
02,39,74,Préfecture,Doufelgou,Kara,35-39,Urbain,Hommes,813
02,39,74,Préfecture,Doufelgou,Kara,35-39,Urbain,Femmes,786
02,39,74,Préfecture,Doufelgou,Kara,35-39,Urbain,Ensemble,1599
02,39,74,Préfecture,Doufelgou,Kara,35-39,Rural,Hommes,1452
02,39,74,Préfecture,Doufelgou,Kara,35-39,Rural,Femmes,1634
02,39,74,Préfecture,Doufelgou,Kara,35-39,Rural,Ensemble,3086
02,39,74,Préfecture,Doufelgou,Kara,35-39,Total,Hommes,2265
02,39,74,Préfecture,Doufelgou,Kara,35-39,Total,Femmes,2420
02,39,74,Préfecture,Doufelgou,Kara,35-39,Total,Ensemble,4685
02,39,74,Préfecture,Doufelgou,Kara,40-44,Urbain,Hommes,607
02,39,74,Préfecture,Doufelgou,Kara,40-44,Urbain,Femmes,658
02,39,74,Préfecture,Doufelgou,Kara,40-44,Urbain,Ensemble,1265
02,39,74,Préfecture,Doufelgou,Kara,40-44,Rural,Hommes,1135
02,39,74,Préfecture,Doufelgou,Kara,40-44,Rural,Femmes,1319
02,39,74,Préfecture,Doufelgou,Kara,40-44,Rural,Ensemble,2454
02,39,74,Préfecture,Doufelgou,Kara,40-44,Total,Hommes,1742
02,39,74,Préfecture,Doufelgou,Kara,40-44,Total,Femmes,1977
02,39,74,Préfecture,Doufelgou,Kara,40-44,Total,Ensemble,3719
02,39,74,Préfecture,Doufelgou,Kara,45-49,Urbain,Hommes,536
02,39,74,Préfecture,Doufelgou,Kara,45-49,Urbain,Femmes,575
02,39,74,Préfecture,Doufelgou,Kara,45-49,Urbain,Ensemble,1111
02,39,74,Préfecture,Doufelgou,Kara,45-49,Rural,Hommes,882
02,39,74,Préfecture,Doufelgou,Kara,45-49,Rural,Femmes,1107
02,39,74,Préfecture,Doufelgou,Kara,45-49,Rural,Ensemble,1989
02,39,74,Préfecture,Doufelgou,Kara,45-49,Total,Hommes,1418
02,39,74,Préfecture,Doufelgou,Kara,45-49,Total,Femmes,1682
02,39,74,Préfecture,Doufelgou,Kara,45-49,Total,Ensemble,3100
02,39,74,Préfecture,Doufelgou,Kara,50-54,Urbain,Hommes,495
02,39,74,Préfecture,Doufelgou,Kara,50-54,Urbain,Femmes,633
02,39,74,Préfecture,Doufelgou,Kara,50-54,Urbain,Ensemble,1128
02,39,74,Préfecture,Doufelgou,Kara,50-54,Rural,Hommes,809
02,39,74,Préfecture,Doufelgou,Kara,50-54,Rural,Femmes,1167
02,39,74,Préfecture,Doufelgou,Kara,50-54,Rural,Ensemble,1976
02,39,74,Préfecture,Doufelgou,Kara,50-54,Total,Hommes,1304
02,39,74,Préfecture,Doufelgou,Kara,50-54,Total,Femmes,1800
02,39,74,Préfecture,Doufelgou,Kara,50-54,Total,Ensemble,3104
02,39,74,Préfecture,Doufelgou,Kara,55-59,Urbain,Hommes,512
02,39,74,Préfecture,Doufelgou,Kara,55-59,Urbain,Femmes,534
02,39,74,Préfecture,Doufelgou,Kara,55-59,Urbain,Ensemble,1046
02,39,74,Préfecture,Doufelgou,Kara,55-59,Rural,Hommes,735
02,39,74,Préfecture,Doufelgou,Kara,55-59,Rural,Femmes,925
02,39,74,Préfecture,Doufelgou,Kara,55-59,Rural,Ensemble,1660
02,39,74,Préfecture,Doufelgou,Kara,55-59,Total,Hommes,1247
02,39,74,Préfecture,Doufelgou,Kara,55-59,Total,Femmes,1459
02,39,74,Préfecture,Doufelgou,Kara,55-59,Total,Ensemble,2706
02,39,74,Préfecture,Doufelgou,Kara,60-64,Urbain,Hommes,319
02,39,74,Préfecture,Doufelgou,Kara,60-64,Urbain,Femmes,488
02,39,74,Préfecture,Doufelgou,Kara,60-64,Urbain,Ensemble,807
02,39,74,Préfecture,Doufelgou,Kara,60-64,Rural,Hommes,466
02,39,74,Préfecture,Doufelgou,Kara,60-64,Rural,Femmes,868
02,39,74,Préfecture,Doufelgou,Kara,60-64,Rural,Ensemble,1334
02,39,74,Préfecture,Doufelgou,Kara,60-64,Total,Hommes,785
02,39,74,Préfecture,Doufelgou,Kara,60-64,Total,Femmes,1356
02,39,74,Préfecture,Doufelgou,Kara,60-64,Total,Ensemble,2141
02,39,74,Préfecture,Doufelgou,Kara,65-69,Urbain,Hommes,182
02,39,74,Préfecture,Doufelgou,Kara,65-69,Urbain,Femmes,301
02,39,74,Préfecture,Doufelgou,Kara,65-69,Urbain,Ensemble,483
02,39,74,Préfecture,Doufelgou,Kara,65-69,Rural,Hommes,331
02,39,74,Préfecture,Doufelgou,Kara,65-69,Rural,Femmes,541
02,39,74,Préfecture,Doufelgou,Kara,65-69,Rural,Ensemble,872
02,39,74,Préfecture,Doufelgou,Kara,65-69,Total,Hommes,513
02,39,74,Préfecture,Doufelgou,Kara,65-69,Total,Femmes,842
02,39,74,Préfecture,Doufelgou,Kara,65-69,Total,Ensemble,1355
02,39,74,Préfecture,Doufelgou,Kara,70-74,Urbain,Hommes,99
02,39,74,Préfecture,Doufelgou,Kara,70-74,Urbain,Femmes,247
02,39,74,Préfecture,Doufelgou,Kara,70-74,Urbain,Ensemble,346
02,39,74,Préfecture,Doufelgou,Kara,70-74,Rural,Hommes,217
02,39,74,Préfecture,Doufelgou,Kara,70-74,Rural,Femmes,500
02,39,74,Préfecture,Doufelgou,Kara,70-74,Rural,Ensemble,717
02,39,74,Préfecture,Doufelgou,Kara,70-74,Total,Hommes,316
02,39,74,Préfecture,Doufelgou,Kara,70-74,Total,Femmes,747
02,39,74,Préfecture,Doufelgou,Kara,70-74,Total,Ensemble,1063
02,39,74,Préfecture,Doufelgou,Kara,75-79,Urbain,Hommes,34
02,39,74,Préfecture,Doufelgou,Kara,75-79,Urbain,Femmes,128
02,39,74,Préfecture,Doufelgou,Kara,75-79,Urbain,Ensemble,162
02,39,74,Préfecture,Doufelgou,Kara,75-79,Rural,Hommes,125
02,39,74,Préfecture,Doufelgou,Kara,75-79,Rural,Femmes,289
02,39,74,Préfecture,Doufelgou,Kara,75-79,Rural,Ensemble,414
02,39,74,Préfecture,Doufelgou,Kara,75-79,Total,Hommes,159
02,39,74,Préfecture,Doufelgou,Kara,75-79,Total,Femmes,417
02,39,74,Préfecture,Doufelgou,Kara,75-79,Total,Ensemble,576
02,39,74,Préfecture,Doufelgou,Kara,80-84,Urbain,Hommes,22
02,39,74,Préfecture,Doufelgou,Kara,80-84,Urbain,Femmes,137
02,39,74,Préfecture,Doufelgou,Kara,80-84,Urbain,Ensemble,159
02,39,74,Préfecture,Doufelgou,Kara,80-84,Rural,Hommes,81
02,39,74,Préfecture,Doufelgou,Kara,80-84,Rural,Femmes,207
02,39,74,Préfecture,Doufelgou,Kara,80-84,Rural,Ensemble,288
02,39,74,Préfecture,Doufelgou,Kara,80-84,Total,Hommes,103
02,39,74,Préfecture,Doufelgou,Kara,80-84,Total,Femmes,344
02,39,74,Préfecture,Doufelgou,Kara,80-84,Total,Ensemble,447
02,39,74,Préfecture,Doufelgou,Kara,85 et +,Urbain,Hommes,30
02,39,74,Préfecture,Doufelgou,Kara,85 et +,Urbain,Femmes,142
02,39,74,Préfecture,Doufelgou,Kara,85 et +,Urbain,Ensemble,172
02,39,74,Préfecture,Doufelgou,Kara,85 et +,Rural,Hommes,89
02,39,74,Préfecture,Doufelgou,Kara,85 et +,Rural,Femmes,184
02,39,74,Préfecture,Doufelgou,Kara,85 et +,Rural,Ensemble,272
02,39,74,Préfecture,Doufelgou,Kara,85 et +,Total,Hommes,119
02,39,74,Préfecture,Doufelgou,Kara,85 et +,Total,Femmes,326
02,39,74,Préfecture,Doufelgou,Kara,85 et +,Total,Ensemble,444
02,39,74,Préfecture,Doufelgou,Kara,ND,Urbain,Hommes,12
02,39,74,Préfecture,Doufelgou,Kara,ND,Urbain,Femmes,29
02,39,74,Préfecture,Doufelgou,Kara,ND,Urbain,Ensemble,41
02,39,74,Préfecture,Doufelgou,Kara,ND,Rural,Hommes,291
02,39,74,Préfecture,Doufelgou,Kara,ND,Rural,Femmes,295
02,39,74,Préfecture,Doufelgou,Kara,ND,Rural,Ensemble,586
02,39,74,Préfecture,Doufelgou,Kara,ND,Total,Hommes,303
02,39,74,Préfecture,Doufelgou,Kara,ND,Total,Femmes,324
02,39,74,Préfecture,Doufelgou,Kara,ND,Total,Ensemble,627
02,39,74,Préfecture,Doufelgou,Kara,Total,Urbain,Hommes,13160
02,39,74,Préfecture,Doufelgou,Kara,Total,Urbain,Femmes,13972
02,39,74,Préfecture,Doufelgou,Kara,Total,Urbain,Ensemble,27132
02,39,74,Préfecture,Doufelgou,Kara,Total,Rural,Hommes,27813
02,39,74,Préfecture,Doufelgou,Kara,Total,Rural,Femmes,29822
02,39,74,Préfecture,Doufelgou,Kara,Total,Rural,Ensemble,57635
02,39,74,Préfecture,Doufelgou,Kara,Total,Total,Hommes,40973
02,39,74,Préfecture,Doufelgou,Kara,Total,Total,Femmes,43794
02,39,74,Préfecture,Doufelgou,Kara,Total,Total,Ensemble,84767
02,40,75,Préfecture,Binah,Kara,0,Urbain,Hommes,55
02,40,75,Préfecture,Binah,Kara,0,Urbain,Femmes,71
02,40,75,Préfecture,Binah,Kara,0,Urbain,Ensemble,126
02,40,75,Préfecture,Binah,Kara,0,Rural,Hommes,1004
02,40,75,Préfecture,Binah,Kara,0,Rural,Femmes,981
02,40,75,Préfecture,Binah,Kara,0,Rural,Ensemble,1985
02,40,75,Préfecture,Binah,Kara,0,Total,Hommes,1059
02,40,75,Préfecture,Binah,Kara,0,Total,Femmes,1052
02,40,75,Préfecture,Binah,Kara,0,Total,Ensemble,2111
02,40,75,Préfecture,Binah,Kara,1-4,Urbain,Hommes,360
02,40,75,Préfecture,Binah,Kara,1-4,Urbain,Femmes,341
02,40,75,Préfecture,Binah,Kara,1-4,Urbain,Ensemble,701
02,40,75,Préfecture,Binah,Kara,1-4,Rural,Hommes,4619
02,40,75,Préfecture,Binah,Kara,1-4,Rural,Femmes,4550
02,40,75,Préfecture,Binah,Kara,1-4,Rural,Ensemble,9169
02,40,75,Préfecture,Binah,Kara,1-4,Total,Hommes,4979
02,40,75,Préfecture,Binah,Kara,1-4,Total,Femmes,4891
02,40,75,Préfecture,Binah,Kara,1-4,Total,Ensemble,9870
02,40,75,Préfecture,Binah,Kara,5-9,Urbain,Hommes,462
02,40,75,Préfecture,Binah,Kara,5-9,Urbain,Femmes,508
02,40,75,Préfecture,Binah,Kara,5-9,Urbain,Ensemble,970
02,40,75,Préfecture,Binah,Kara,5-9,Rural,Hommes,6379
02,40,75,Préfecture,Binah,Kara,5-9,Rural,Femmes,6065
02,40,75,Préfecture,Binah,Kara,5-9,Rural,Ensemble,12444
02,40,75,Préfecture,Binah,Kara,5-9,Total,Hommes,6841
02,40,75,Préfecture,Binah,Kara,5-9,Total,Femmes,6573
02,40,75,Préfecture,Binah,Kara,5-9,Total,Ensemble,13414
02,40,75,Préfecture,Binah,Kara,10-14,Urbain,Hommes,535
02,40,75,Préfecture,Binah,Kara,10-14,Urbain,Femmes,493
02,40,75,Préfecture,Binah,Kara,10-14,Urbain,Ensemble,1028
02,40,75,Préfecture,Binah,Kara,10-14,Rural,Hommes,5444
02,40,75,Préfecture,Binah,Kara,10-14,Rural,Femmes,4759
02,40,75,Préfecture,Binah,Kara,10-14,Rural,Ensemble,10203
02,40,75,Préfecture,Binah,Kara,10-14,Total,Hommes,5979
02,40,75,Préfecture,Binah,Kara,10-14,Total,Femmes,5252
02,40,75,Préfecture,Binah,Kara,10-14,Total,Ensemble,11231
02,40,75,Préfecture,Binah,Kara,15-19,Urbain,Hommes,598
02,40,75,Préfecture,Binah,Kara,15-19,Urbain,Femmes,418
02,40,75,Préfecture,Binah,Kara,15-19,Urbain,Ensemble,1016
02,40,75,Préfecture,Binah,Kara,15-19,Rural,Hommes,3689
02,40,75,Préfecture,Binah,Kara,15-19,Rural,Femmes,3277
02,40,75,Préfecture,Binah,Kara,15-19,Rural,Ensemble,6966
02,40,75,Préfecture,Binah,Kara,15-19,Total,Hommes,4287
02,40,75,Préfecture,Binah,Kara,15-19,Total,Femmes,3695
02,40,75,Préfecture,Binah,Kara,15-19,Total,Ensemble,7982
02,40,75,Préfecture,Binah,Kara,20-24,Urbain,Hommes,287
02,40,75,Préfecture,Binah,Kara,20-24,Urbain,Femmes,301
02,40,75,Préfecture,Binah,Kara,20-24,Urbain,Ensemble,588
02,40,75,Préfecture,Binah,Kara,20-24,Rural,Hommes,2683
02,40,75,Préfecture,Binah,Kara,20-24,Rural,Femmes,3122
02,40,75,Préfecture,Binah,Kara,20-24,Rural,Ensemble,5805
02,40,75,Préfecture,Binah,Kara,20-24,Total,Hommes,2970
02,40,75,Préfecture,Binah,Kara,20-24,Total,Femmes,3423
02,40,75,Préfecture,Binah,Kara,20-24,Total,Ensemble,6393
02,40,75,Préfecture,Binah,Kara,25-29,Urbain,Hommes,249
02,40,75,Préfecture,Binah,Kara,25-29,Urbain,Femmes,254
02,40,75,Préfecture,Binah,Kara,25-29,Urbain,Ensemble,503
02,40,75,Préfecture,Binah,Kara,25-29,Rural,Hommes,2315
02,40,75,Préfecture,Binah,Kara,25-29,Rural,Femmes,2621
02,40,75,Préfecture,Binah,Kara,25-29,Rural,Ensemble,4936
02,40,75,Préfecture,Binah,Kara,25-29,Total,Hommes,2564
02,40,75,Préfecture,Binah,Kara,25-29,Total,Femmes,2875
02,40,75,Préfecture,Binah,Kara,25-29,Total,Ensemble,5439
02,40,75,Préfecture,Binah,Kara,30-34,Urbain,Hommes,202
02,40,75,Préfecture,Binah,Kara,30-34,Urbain,Femmes,236
02,40,75,Préfecture,Binah,Kara,30-34,Urbain,Ensemble,438
02,40,75,Préfecture,Binah,Kara,30-34,Rural,Hommes,2368
02,40,75,Préfecture,Binah,Kara,30-34,Rural,Femmes,2493
02,40,75,Préfecture,Binah,Kara,30-34,Rural,Ensemble,4861
02,40,75,Préfecture,Binah,Kara,30-34,Total,Hommes,2570
02,40,75,Préfecture,Binah,Kara,30-34,Total,Femmes,2729
02,40,75,Préfecture,Binah,Kara,30-34,Total,Ensemble,5299
02,40,75,Préfecture,Binah,Kara,35-39,Urbain,Hommes,201
02,40,75,Préfecture,Binah,Kara,35-39,Urbain,Femmes,195
02,40,75,Préfecture,Binah,Kara,35-39,Urbain,Ensemble,396
02,40,75,Préfecture,Binah,Kara,35-39,Rural,Hommes,2006
02,40,75,Préfecture,Binah,Kara,35-39,Rural,Femmes,2065
02,40,75,Préfecture,Binah,Kara,35-39,Rural,Ensemble,4071
02,40,75,Préfecture,Binah,Kara,35-39,Total,Hommes,2207
02,40,75,Préfecture,Binah,Kara,35-39,Total,Femmes,2260
02,40,75,Préfecture,Binah,Kara,35-39,Total,Ensemble,4467
02,40,75,Préfecture,Binah,Kara,40-44,Urbain,Hommes,157
02,40,75,Préfecture,Binah,Kara,40-44,Urbain,Femmes,164
02,40,75,Préfecture,Binah,Kara,40-44,Urbain,Ensemble,321
02,40,75,Préfecture,Binah,Kara,40-44,Rural,Hommes,1587
02,40,75,Préfecture,Binah,Kara,40-44,Rural,Femmes,1783
02,40,75,Préfecture,Binah,Kara,40-44,Rural,Ensemble,3370
02,40,75,Préfecture,Binah,Kara,40-44,Total,Hommes,1744
02,40,75,Préfecture,Binah,Kara,40-44,Total,Femmes,1947
02,40,75,Préfecture,Binah,Kara,40-44,Total,Ensemble,3691
02,40,75,Préfecture,Binah,Kara,45-49,Urbain,Hommes,129
02,40,75,Préfecture,Binah,Kara,45-49,Urbain,Femmes,134
02,40,75,Préfecture,Binah,Kara,45-49,Urbain,Ensemble,263
02,40,75,Préfecture,Binah,Kara,45-49,Rural,Hommes,1282
02,40,75,Préfecture,Binah,Kara,45-49,Rural,Femmes,1437
02,40,75,Préfecture,Binah,Kara,45-49,Rural,Ensemble,2719
02,40,75,Préfecture,Binah,Kara,45-49,Total,Hommes,1411
02,40,75,Préfecture,Binah,Kara,45-49,Total,Femmes,1571
02,40,75,Préfecture,Binah,Kara,45-49,Total,Ensemble,2982
02,40,75,Préfecture,Binah,Kara,50-54,Urbain,Hommes,114
02,40,75,Préfecture,Binah,Kara,50-54,Urbain,Femmes,153
02,40,75,Préfecture,Binah,Kara,50-54,Urbain,Ensemble,267
02,40,75,Préfecture,Binah,Kara,50-54,Rural,Hommes,1147
02,40,75,Préfecture,Binah,Kara,50-54,Rural,Femmes,1453
02,40,75,Préfecture,Binah,Kara,50-54,Rural,Ensemble,2600
02,40,75,Préfecture,Binah,Kara,50-54,Total,Hommes,1261
02,40,75,Préfecture,Binah,Kara,50-54,Total,Femmes,1606
02,40,75,Préfecture,Binah,Kara,50-54,Total,Ensemble,2867
02,40,75,Préfecture,Binah,Kara,55-59,Urbain,Hommes,106
02,40,75,Préfecture,Binah,Kara,55-59,Urbain,Femmes,156
02,40,75,Préfecture,Binah,Kara,55-59,Urbain,Ensemble,262
02,40,75,Préfecture,Binah,Kara,55-59,Rural,Hommes,898
02,40,75,Préfecture,Binah,Kara,55-59,Rural,Femmes,1170
02,40,75,Préfecture,Binah,Kara,55-59,Rural,Ensemble,2068
02,40,75,Préfecture,Binah,Kara,55-59,Total,Hommes,1004
02,40,75,Préfecture,Binah,Kara,55-59,Total,Femmes,1326
02,40,75,Préfecture,Binah,Kara,55-59,Total,Ensemble,2330
02,40,75,Préfecture,Binah,Kara,60-64,Urbain,Hommes,82
02,40,75,Préfecture,Binah,Kara,60-64,Urbain,Femmes,124
02,40,75,Préfecture,Binah,Kara,60-64,Urbain,Ensemble,206
02,40,75,Préfecture,Binah,Kara,60-64,Rural,Hommes,738
02,40,75,Préfecture,Binah,Kara,60-64,Rural,Femmes,1074
02,40,75,Préfecture,Binah,Kara,60-64,Rural,Ensemble,1812
02,40,75,Préfecture,Binah,Kara,60-64,Total,Hommes,820
02,40,75,Préfecture,Binah,Kara,60-64,Total,Femmes,1198
02,40,75,Préfecture,Binah,Kara,60-64,Total,Ensemble,2018
02,40,75,Préfecture,Binah,Kara,65-69,Urbain,Hommes,46
02,40,75,Préfecture,Binah,Kara,65-69,Urbain,Femmes,69
02,40,75,Préfecture,Binah,Kara,65-69,Urbain,Ensemble,115
02,40,75,Préfecture,Binah,Kara,65-69,Rural,Hommes,520
02,40,75,Préfecture,Binah,Kara,65-69,Rural,Femmes,751
02,40,75,Préfecture,Binah,Kara,65-69,Rural,Ensemble,1271
02,40,75,Préfecture,Binah,Kara,65-69,Total,Hommes,566
02,40,75,Préfecture,Binah,Kara,65-69,Total,Femmes,820
02,40,75,Préfecture,Binah,Kara,65-69,Total,Ensemble,1386
02,40,75,Préfecture,Binah,Kara,70-74,Urbain,Hommes,28
02,40,75,Préfecture,Binah,Kara,70-74,Urbain,Femmes,58
02,40,75,Préfecture,Binah,Kara,70-74,Urbain,Ensemble,86
02,40,75,Préfecture,Binah,Kara,70-74,Rural,Hommes,380
02,40,75,Préfecture,Binah,Kara,70-74,Rural,Femmes,577
02,40,75,Préfecture,Binah,Kara,70-74,Rural,Ensemble,957
02,40,75,Préfecture,Binah,Kara,70-74,Total,Hommes,408
02,40,75,Préfecture,Binah,Kara,70-74,Total,Femmes,635
02,40,75,Préfecture,Binah,Kara,70-74,Total,Ensemble,1043
02,40,75,Préfecture,Binah,Kara,75-79,Urbain,Hommes,18
02,40,75,Préfecture,Binah,Kara,75-79,Urbain,Femmes,42
02,40,75,Préfecture,Binah,Kara,75-79,Urbain,Ensemble,60
02,40,75,Préfecture,Binah,Kara,75-79,Rural,Hommes,271
02,40,75,Préfecture,Binah,Kara,75-79,Rural,Femmes,391
02,40,75,Préfecture,Binah,Kara,75-79,Rural,Ensemble,662
02,40,75,Préfecture,Binah,Kara,75-79,Total,Hommes,289
02,40,75,Préfecture,Binah,Kara,75-79,Total,Femmes,433
02,40,75,Préfecture,Binah,Kara,75-79,Total,Ensemble,722
02,40,75,Préfecture,Binah,Kara,80-84,Urbain,Hommes,5
02,40,75,Préfecture,Binah,Kara,80-84,Urbain,Femmes,27
02,40,75,Préfecture,Binah,Kara,80-84,Urbain,Ensemble,32
02,40,75,Préfecture,Binah,Kara,80-84,Rural,Hommes,153
02,40,75,Préfecture,Binah,Kara,80-84,Rural,Femmes,267
02,40,75,Préfecture,Binah,Kara,80-84,Rural,Ensemble,420
02,40,75,Préfecture,Binah,Kara,80-84,Total,Hommes,158
02,40,75,Préfecture,Binah,Kara,80-84,Total,Femmes,294
02,40,75,Préfecture,Binah,Kara,80-84,Total,Ensemble,452
02,40,75,Préfecture,Binah,Kara,85 et +,Urbain,Hommes,7
02,40,75,Préfecture,Binah,Kara,85 et +,Urbain,Femmes,50
02,40,75,Préfecture,Binah,Kara,85 et +,Urbain,Ensemble,57
02,40,75,Préfecture,Binah,Kara,85 et +,Rural,Hommes,143
02,40,75,Préfecture,Binah,Kara,85 et +,Rural,Femmes,273
02,40,75,Préfecture,Binah,Kara,85 et +,Rural,Ensemble,416
02,40,75,Préfecture,Binah,Kara,85 et +,Total,Hommes,150
02,40,75,Préfecture,Binah,Kara,85 et +,Total,Femmes,323
02,40,75,Préfecture,Binah,Kara,85 et +,Total,Ensemble,473
02,40,75,Préfecture,Binah,Kara,ND,Urbain,Hommes,9
02,40,75,Préfecture,Binah,Kara,ND,Urbain,Femmes,6
02,40,75,Préfecture,Binah,Kara,ND,Urbain,Ensemble,15
02,40,75,Préfecture,Binah,Kara,ND,Rural,Hommes,9
02,40,75,Préfecture,Binah,Kara,ND,Rural,Femmes,5
02,40,75,Préfecture,Binah,Kara,ND,Rural,Ensemble,14
02,40,75,Préfecture,Binah,Kara,ND,Total,Hommes,18
02,40,75,Préfecture,Binah,Kara,ND,Total,Femmes,11
02,40,75,Préfecture,Binah,Kara,ND,Total,Ensemble,29
02,40,75,Préfecture,Binah,Kara,Total,Urbain,Hommes,3650
02,40,75,Préfecture,Binah,Kara,Total,Urbain,Femmes,3800
02,40,75,Préfecture,Binah,Kara,Total,Urbain,Ensemble,7450
02,40,75,Préfecture,Binah,Kara,Total,Rural,Hommes,37635
02,40,75,Préfecture,Binah,Kara,Total,Rural,Femmes,39114
02,40,75,Préfecture,Binah,Kara,Total,Rural,Ensemble,76749
02,40,75,Préfecture,Binah,Kara,Total,Total,Hommes,41285
02,40,75,Préfecture,Binah,Kara,Total,Total,Femmes,42914
02,40,75,Préfecture,Binah,Kara,Total,Total,Ensemble,84199
02,41,79,Préfecture,Tône,Savanes,0,Urbain,Hommes,1601
02,41,79,Préfecture,Tône,Savanes,0,Urbain,Femmes,1543
02,41,79,Préfecture,Tône,Savanes,0,Urbain,Ensemble,3144
02,41,79,Préfecture,Tône,Savanes,0,Rural,Hommes,3986
02,41,79,Préfecture,Tône,Savanes,0,Rural,Femmes,3973
02,41,79,Préfecture,Tône,Savanes,0,Rural,Ensemble,7959
02,41,79,Préfecture,Tône,Savanes,0,Total,Hommes,5587
02,41,79,Préfecture,Tône,Savanes,0,Total,Femmes,5516
02,41,79,Préfecture,Tône,Savanes,0,Total,Ensemble,11103
02,41,79,Préfecture,Tône,Savanes,1-4,Urbain,Hommes,6798
02,41,79,Préfecture,Tône,Savanes,1-4,Urbain,Femmes,6355
02,41,79,Préfecture,Tône,Savanes,1-4,Urbain,Ensemble,13153
02,41,79,Préfecture,Tône,Savanes,1-4,Rural,Hommes,17520
02,41,79,Préfecture,Tône,Savanes,1-4,Rural,Femmes,17009
02,41,79,Préfecture,Tône,Savanes,1-4,Rural,Ensemble,34529
02,41,79,Préfecture,Tône,Savanes,1-4,Total,Hommes,24318
02,41,79,Préfecture,Tône,Savanes,1-4,Total,Femmes,23364
02,41,79,Préfecture,Tône,Savanes,1-4,Total,Ensemble,47682
02,41,79,Préfecture,Tône,Savanes,5-9,Urbain,Hommes,8074
02,41,79,Préfecture,Tône,Savanes,5-9,Urbain,Femmes,7798
02,41,79,Préfecture,Tône,Savanes,5-9,Urbain,Ensemble,15872
02,41,79,Préfecture,Tône,Savanes,5-9,Rural,Hommes,24904
02,41,79,Préfecture,Tône,Savanes,5-9,Rural,Femmes,23391
02,41,79,Préfecture,Tône,Savanes,5-9,Rural,Ensemble,48295
02,41,79,Préfecture,Tône,Savanes,5-9,Total,Hommes,32978
02,41,79,Préfecture,Tône,Savanes,5-9,Total,Femmes,31189
02,41,79,Préfecture,Tône,Savanes,5-9,Total,Ensemble,64167
02,41,79,Préfecture,Tône,Savanes,10-14,Urbain,Hommes,7592
02,41,79,Préfecture,Tône,Savanes,10-14,Urbain,Femmes,7963
02,41,79,Préfecture,Tône,Savanes,10-14,Urbain,Ensemble,15555
02,41,79,Préfecture,Tône,Savanes,10-14,Rural,Hommes,21969
02,41,79,Préfecture,Tône,Savanes,10-14,Rural,Femmes,19823
02,41,79,Préfecture,Tône,Savanes,10-14,Rural,Ensemble,41792
02,41,79,Préfecture,Tône,Savanes,10-14,Total,Hommes,29561
02,41,79,Préfecture,Tône,Savanes,10-14,Total,Femmes,27786
02,41,79,Préfecture,Tône,Savanes,10-14,Total,Ensemble,57347
02,41,79,Préfecture,Tône,Savanes,15-19,Urbain,Hommes,7334
02,41,79,Préfecture,Tône,Savanes,15-19,Urbain,Femmes,8209
02,41,79,Préfecture,Tône,Savanes,15-19,Urbain,Ensemble,15543
02,41,79,Préfecture,Tône,Savanes,15-19,Rural,Hommes,13715
02,41,79,Préfecture,Tône,Savanes,15-19,Rural,Femmes,13848
02,41,79,Préfecture,Tône,Savanes,15-19,Rural,Ensemble,27563
02,41,79,Préfecture,Tône,Savanes,15-19,Total,Hommes,21049
02,41,79,Préfecture,Tône,Savanes,15-19,Total,Femmes,22057
02,41,79,Préfecture,Tône,Savanes,15-19,Total,Ensemble,43106
02,41,79,Préfecture,Tône,Savanes,20-24,Urbain,Hommes,4888
02,41,79,Préfecture,Tône,Savanes,20-24,Urbain,Femmes,6114
02,41,79,Préfecture,Tône,Savanes,20-24,Urbain,Ensemble,11002
02,41,79,Préfecture,Tône,Savanes,20-24,Rural,Hommes,7840
02,41,79,Préfecture,Tône,Savanes,20-24,Rural,Femmes,11261
02,41,79,Préfecture,Tône,Savanes,20-24,Rural,Ensemble,19101
02,41,79,Préfecture,Tône,Savanes,20-24,Total,Hommes,12728
02,41,79,Préfecture,Tône,Savanes,20-24,Total,Femmes,17375
02,41,79,Préfecture,Tône,Savanes,20-24,Total,Ensemble,30103
02,41,79,Préfecture,Tône,Savanes,25-29,Urbain,Hommes,3996
02,41,79,Préfecture,Tône,Savanes,25-29,Urbain,Femmes,5186
02,41,79,Préfecture,Tône,Savanes,25-29,Urbain,Ensemble,9182
02,41,79,Préfecture,Tône,Savanes,25-29,Rural,Hommes,6239
02,41,79,Préfecture,Tône,Savanes,25-29,Rural,Femmes,8115
02,41,79,Préfecture,Tône,Savanes,25-29,Rural,Ensemble,14354
02,41,79,Préfecture,Tône,Savanes,25-29,Total,Hommes,10235
02,41,79,Préfecture,Tône,Savanes,25-29,Total,Femmes,13301
02,41,79,Préfecture,Tône,Savanes,25-29,Total,Ensemble,23536
02,41,79,Préfecture,Tône,Savanes,30-34,Urbain,Hommes,3914
02,41,79,Préfecture,Tône,Savanes,30-34,Urbain,Femmes,4460
02,41,79,Préfecture,Tône,Savanes,30-34,Urbain,Ensemble,8374
02,41,79,Préfecture,Tône,Savanes,30-34,Rural,Hommes,5642
02,41,79,Préfecture,Tône,Savanes,30-34,Rural,Femmes,7993
02,41,79,Préfecture,Tône,Savanes,30-34,Rural,Ensemble,13635
02,41,79,Préfecture,Tône,Savanes,30-34,Total,Hommes,9556
02,41,79,Préfecture,Tône,Savanes,30-34,Total,Femmes,12453
02,41,79,Préfecture,Tône,Savanes,30-34,Total,Ensemble,22009
02,41,79,Préfecture,Tône,Savanes,35-39,Urbain,Hommes,3617
02,41,79,Préfecture,Tône,Savanes,35-39,Urbain,Femmes,3496
02,41,79,Préfecture,Tône,Savanes,35-39,Urbain,Ensemble,7113
02,41,79,Préfecture,Tône,Savanes,35-39,Rural,Hommes,5151
02,41,79,Préfecture,Tône,Savanes,35-39,Rural,Femmes,7253
02,41,79,Préfecture,Tône,Savanes,35-39,Rural,Ensemble,12404
02,41,79,Préfecture,Tône,Savanes,35-39,Total,Hommes,8768
02,41,79,Préfecture,Tône,Savanes,35-39,Total,Femmes,10749
02,41,79,Préfecture,Tône,Savanes,35-39,Total,Ensemble,19517
02,41,79,Préfecture,Tône,Savanes,40-44,Urbain,Hommes,2724
02,41,79,Préfecture,Tône,Savanes,40-44,Urbain,Femmes,2568
02,41,79,Préfecture,Tône,Savanes,40-44,Urbain,Ensemble,5292
02,41,79,Préfecture,Tône,Savanes,40-44,Rural,Hommes,4817
02,41,79,Préfecture,Tône,Savanes,40-44,Rural,Femmes,6811
02,41,79,Préfecture,Tône,Savanes,40-44,Rural,Ensemble,11628
02,41,79,Préfecture,Tône,Savanes,40-44,Total,Hommes,7541
02,41,79,Préfecture,Tône,Savanes,40-44,Total,Femmes,9379
02,41,79,Préfecture,Tône,Savanes,40-44,Total,Ensemble,16920
02,41,79,Préfecture,Tône,Savanes,45-49,Urbain,Hommes,1960
02,41,79,Préfecture,Tône,Savanes,45-49,Urbain,Femmes,1887
02,41,79,Préfecture,Tône,Savanes,45-49,Urbain,Ensemble,3847
02,41,79,Préfecture,Tône,Savanes,45-49,Rural,Hommes,3690
02,41,79,Préfecture,Tône,Savanes,45-49,Rural,Femmes,4961
02,41,79,Préfecture,Tône,Savanes,45-49,Rural,Ensemble,8651
02,41,79,Préfecture,Tône,Savanes,45-49,Total,Hommes,5650
02,41,79,Préfecture,Tône,Savanes,45-49,Total,Femmes,6848
02,41,79,Préfecture,Tône,Savanes,45-49,Total,Ensemble,12498
02,41,79,Préfecture,Tône,Savanes,50-54,Urbain,Hommes,1590
02,41,79,Préfecture,Tône,Savanes,50-54,Urbain,Femmes,1517
02,41,79,Préfecture,Tône,Savanes,50-54,Urbain,Ensemble,3107
02,41,79,Préfecture,Tône,Savanes,50-54,Rural,Hommes,3553
02,41,79,Préfecture,Tône,Savanes,50-54,Rural,Femmes,4965
02,41,79,Préfecture,Tône,Savanes,50-54,Rural,Ensemble,8518
02,41,79,Préfecture,Tône,Savanes,50-54,Total,Hommes,5143
02,41,79,Préfecture,Tône,Savanes,50-54,Total,Femmes,6482
02,41,79,Préfecture,Tône,Savanes,50-54,Total,Ensemble,11625
02,41,79,Préfecture,Tône,Savanes,55-59,Urbain,Hommes,1098
02,41,79,Préfecture,Tône,Savanes,55-59,Urbain,Femmes,1079
02,41,79,Préfecture,Tône,Savanes,55-59,Urbain,Ensemble,2177
02,41,79,Préfecture,Tône,Savanes,55-59,Rural,Hommes,2605
02,41,79,Préfecture,Tône,Savanes,55-59,Rural,Femmes,3061
02,41,79,Préfecture,Tône,Savanes,55-59,Rural,Ensemble,5666
02,41,79,Préfecture,Tône,Savanes,55-59,Total,Hommes,3703
02,41,79,Préfecture,Tône,Savanes,55-59,Total,Femmes,4140
02,41,79,Préfecture,Tône,Savanes,55-59,Total,Ensemble,7843
02,41,79,Préfecture,Tône,Savanes,60-64,Urbain,Hommes,722
02,41,79,Préfecture,Tône,Savanes,60-64,Urbain,Femmes,868
02,41,79,Préfecture,Tône,Savanes,60-64,Urbain,Ensemble,1590
02,41,79,Préfecture,Tône,Savanes,60-64,Rural,Hommes,2150
02,41,79,Préfecture,Tône,Savanes,60-64,Rural,Femmes,3464
02,41,79,Préfecture,Tône,Savanes,60-64,Rural,Ensemble,5614
02,41,79,Préfecture,Tône,Savanes,60-64,Total,Hommes,2872
02,41,79,Préfecture,Tône,Savanes,60-64,Total,Femmes,4332
02,41,79,Préfecture,Tône,Savanes,60-64,Total,Ensemble,7204
02,41,79,Préfecture,Tône,Savanes,65-69,Urbain,Hommes,460
02,41,79,Préfecture,Tône,Savanes,65-69,Urbain,Femmes,492
02,41,79,Préfecture,Tône,Savanes,65-69,Urbain,Ensemble,952
02,41,79,Préfecture,Tône,Savanes,65-69,Rural,Hommes,1348
02,41,79,Préfecture,Tône,Savanes,65-69,Rural,Femmes,1721
02,41,79,Préfecture,Tône,Savanes,65-69,Rural,Ensemble,3069
02,41,79,Préfecture,Tône,Savanes,65-69,Total,Hommes,1808
02,41,79,Préfecture,Tône,Savanes,65-69,Total,Femmes,2213
02,41,79,Préfecture,Tône,Savanes,65-69,Total,Ensemble,4021
02,41,79,Préfecture,Tône,Savanes,70-74,Urbain,Hommes,313
02,41,79,Préfecture,Tône,Savanes,70-74,Urbain,Femmes,441
02,41,79,Préfecture,Tône,Savanes,70-74,Urbain,Ensemble,754
02,41,79,Préfecture,Tône,Savanes,70-74,Rural,Hommes,1169
02,41,79,Préfecture,Tône,Savanes,70-74,Rural,Femmes,1920
02,41,79,Préfecture,Tône,Savanes,70-74,Rural,Ensemble,3089
02,41,79,Préfecture,Tône,Savanes,70-74,Total,Hommes,1482
02,41,79,Préfecture,Tône,Savanes,70-74,Total,Femmes,2361
02,41,79,Préfecture,Tône,Savanes,70-74,Total,Ensemble,3843
02,41,79,Préfecture,Tône,Savanes,75-79,Urbain,Hommes,116
02,41,79,Préfecture,Tône,Savanes,75-79,Urbain,Femmes,246
02,41,79,Préfecture,Tône,Savanes,75-79,Urbain,Ensemble,362
02,41,79,Préfecture,Tône,Savanes,75-79,Rural,Hommes,638
02,41,79,Préfecture,Tône,Savanes,75-79,Rural,Femmes,880
02,41,79,Préfecture,Tône,Savanes,75-79,Rural,Ensemble,1518
02,41,79,Préfecture,Tône,Savanes,75-79,Total,Hommes,754
02,41,79,Préfecture,Tône,Savanes,75-79,Total,Femmes,1126
02,41,79,Préfecture,Tône,Savanes,75-79,Total,Ensemble,1880
02,41,79,Préfecture,Tône,Savanes,80-84,Urbain,Hommes,67
02,41,79,Préfecture,Tône,Savanes,80-84,Urbain,Femmes,227
02,41,79,Préfecture,Tône,Savanes,80-84,Urbain,Ensemble,294
02,41,79,Préfecture,Tône,Savanes,80-84,Rural,Hommes,660
02,41,79,Préfecture,Tône,Savanes,80-84,Rural,Femmes,984
02,41,79,Préfecture,Tône,Savanes,80-84,Rural,Ensemble,1644
02,41,79,Préfecture,Tône,Savanes,80-84,Total,Hommes,727
02,41,79,Préfecture,Tône,Savanes,80-84,Total,Femmes,1211
02,41,79,Préfecture,Tône,Savanes,80-84,Total,Ensemble,1938
02,41,79,Préfecture,Tône,Savanes,85 et +,Urbain,Hommes,69
02,41,79,Préfecture,Tône,Savanes,85 et +,Urbain,Femmes,219
02,41,79,Préfecture,Tône,Savanes,85 et +,Urbain,Ensemble,288
02,41,79,Préfecture,Tône,Savanes,85 et +,Rural,Hommes,754
02,41,79,Préfecture,Tône,Savanes,85 et +,Rural,Femmes,992
02,41,79,Préfecture,Tône,Savanes,85 et +,Rural,Ensemble,1746
02,41,79,Préfecture,Tône,Savanes,85 et +,Total,Hommes,823
02,41,79,Préfecture,Tône,Savanes,85 et +,Total,Femmes,1211
02,41,79,Préfecture,Tône,Savanes,85 et +,Total,Ensemble,2034
02,41,79,Préfecture,Tône,Savanes,ND,Urbain,Hommes,43
02,41,79,Préfecture,Tône,Savanes,ND,Urbain,Femmes,31
02,41,79,Préfecture,Tône,Savanes,ND,Urbain,Ensemble,74
02,41,79,Préfecture,Tône,Savanes,ND,Rural,Hommes,154
02,41,79,Préfecture,Tône,Savanes,ND,Rural,Femmes,171
02,41,79,Préfecture,Tône,Savanes,ND,Rural,Ensemble,325
02,41,79,Préfecture,Tône,Savanes,ND,Total,Hommes,197
02,41,79,Préfecture,Tône,Savanes,ND,Total,Femmes,202
02,41,79,Préfecture,Tône,Savanes,ND,Total,Ensemble,399
02,41,79,Préfecture,Tône,Savanes,Total,Urbain,Hommes,56976
02,41,79,Préfecture,Tône,Savanes,Total,Urbain,Femmes,60699
02,41,79,Préfecture,Tône,Savanes,Total,Urbain,Ensemble,117675
02,41,79,Préfecture,Tône,Savanes,Total,Rural,Hommes,128504
02,41,79,Préfecture,Tône,Savanes,Total,Rural,Femmes,142596
02,41,79,Préfecture,Tône,Savanes,Total,Rural,Ensemble,271100
02,41,79,Préfecture,Tône,Savanes,Total,Total,Hommes,185480
02,41,79,Préfecture,Tône,Savanes,Total,Total,Femmes,203295
02,41,79,Préfecture,Tône,Savanes,Total,Total,Ensemble,388775
02,42,80,Préfecture,Cinkassé,Savanes,0,Urbain,Hommes,972
02,42,80,Préfecture,Cinkassé,Savanes,0,Urbain,Femmes,877
02,42,80,Préfecture,Cinkassé,Savanes,0,Urbain,Ensemble,1849
02,42,80,Préfecture,Cinkassé,Savanes,0,Rural,Hommes,1097
02,42,80,Préfecture,Cinkassé,Savanes,0,Rural,Femmes,1056
02,42,80,Préfecture,Cinkassé,Savanes,0,Rural,Ensemble,2153
02,42,80,Préfecture,Cinkassé,Savanes,0,Total,Hommes,2069
02,42,80,Préfecture,Cinkassé,Savanes,0,Total,Femmes,1933
02,42,80,Préfecture,Cinkassé,Savanes,0,Total,Ensemble,4002
02,42,80,Préfecture,Cinkassé,Savanes,1-4,Urbain,Hommes,3943
02,42,80,Préfecture,Cinkassé,Savanes,1-4,Urbain,Femmes,3585
02,42,80,Préfecture,Cinkassé,Savanes,1-4,Urbain,Ensemble,7528
02,42,80,Préfecture,Cinkassé,Savanes,1-4,Rural,Hommes,4873
02,42,80,Préfecture,Cinkassé,Savanes,1-4,Rural,Femmes,4459
02,42,80,Préfecture,Cinkassé,Savanes,1-4,Rural,Ensemble,9332
02,42,80,Préfecture,Cinkassé,Savanes,1-4,Total,Hommes,8816
02,42,80,Préfecture,Cinkassé,Savanes,1-4,Total,Femmes,8044
02,42,80,Préfecture,Cinkassé,Savanes,1-4,Total,Ensemble,16860
02,42,80,Préfecture,Cinkassé,Savanes,5-9,Urbain,Hommes,4378
02,42,80,Préfecture,Cinkassé,Savanes,5-9,Urbain,Femmes,4248
02,42,80,Préfecture,Cinkassé,Savanes,5-9,Urbain,Ensemble,8626
02,42,80,Préfecture,Cinkassé,Savanes,5-9,Rural,Hommes,6100
02,42,80,Préfecture,Cinkassé,Savanes,5-9,Rural,Femmes,5774
02,42,80,Préfecture,Cinkassé,Savanes,5-9,Rural,Ensemble,11874
02,42,80,Préfecture,Cinkassé,Savanes,5-9,Total,Hommes,10478
02,42,80,Préfecture,Cinkassé,Savanes,5-9,Total,Femmes,10022
02,42,80,Préfecture,Cinkassé,Savanes,5-9,Total,Ensemble,20500
02,42,80,Préfecture,Cinkassé,Savanes,10-14,Urbain,Hommes,3562
02,42,80,Préfecture,Cinkassé,Savanes,10-14,Urbain,Femmes,3551
02,42,80,Préfecture,Cinkassé,Savanes,10-14,Urbain,Ensemble,7113
02,42,80,Préfecture,Cinkassé,Savanes,10-14,Rural,Hommes,5324
02,42,80,Préfecture,Cinkassé,Savanes,10-14,Rural,Femmes,4818
02,42,80,Préfecture,Cinkassé,Savanes,10-14,Rural,Ensemble,10142
02,42,80,Préfecture,Cinkassé,Savanes,10-14,Total,Hommes,8886
02,42,80,Préfecture,Cinkassé,Savanes,10-14,Total,Femmes,8369
02,42,80,Préfecture,Cinkassé,Savanes,10-14,Total,Ensemble,17255
02,42,80,Préfecture,Cinkassé,Savanes,15-19,Urbain,Hommes,3378
02,42,80,Préfecture,Cinkassé,Savanes,15-19,Urbain,Femmes,3417
02,42,80,Préfecture,Cinkassé,Savanes,15-19,Urbain,Ensemble,6795
02,42,80,Préfecture,Cinkassé,Savanes,15-19,Rural,Hommes,3965
02,42,80,Préfecture,Cinkassé,Savanes,15-19,Rural,Femmes,3988
02,42,80,Préfecture,Cinkassé,Savanes,15-19,Rural,Ensemble,7953
02,42,80,Préfecture,Cinkassé,Savanes,15-19,Total,Hommes,7343
02,42,80,Préfecture,Cinkassé,Savanes,15-19,Total,Femmes,7405
02,42,80,Préfecture,Cinkassé,Savanes,15-19,Total,Ensemble,14748
02,42,80,Préfecture,Cinkassé,Savanes,20-24,Urbain,Hommes,2554
02,42,80,Préfecture,Cinkassé,Savanes,20-24,Urbain,Femmes,3366
02,42,80,Préfecture,Cinkassé,Savanes,20-24,Urbain,Ensemble,5920
02,42,80,Préfecture,Cinkassé,Savanes,20-24,Rural,Hommes,2518
02,42,80,Préfecture,Cinkassé,Savanes,20-24,Rural,Femmes,3692
02,42,80,Préfecture,Cinkassé,Savanes,20-24,Rural,Ensemble,6210
02,42,80,Préfecture,Cinkassé,Savanes,20-24,Total,Hommes,5072
02,42,80,Préfecture,Cinkassé,Savanes,20-24,Total,Femmes,7058
02,42,80,Préfecture,Cinkassé,Savanes,20-24,Total,Ensemble,12130
02,42,80,Préfecture,Cinkassé,Savanes,25-29,Urbain,Hommes,2037
02,42,80,Préfecture,Cinkassé,Savanes,25-29,Urbain,Femmes,2687
02,42,80,Préfecture,Cinkassé,Savanes,25-29,Urbain,Ensemble,4724
02,42,80,Préfecture,Cinkassé,Savanes,25-29,Rural,Hommes,1990
02,42,80,Préfecture,Cinkassé,Savanes,25-29,Rural,Femmes,2650
02,42,80,Préfecture,Cinkassé,Savanes,25-29,Rural,Ensemble,4640
02,42,80,Préfecture,Cinkassé,Savanes,25-29,Total,Hommes,4027
02,42,80,Préfecture,Cinkassé,Savanes,25-29,Total,Femmes,5337
02,42,80,Préfecture,Cinkassé,Savanes,25-29,Total,Ensemble,9364
02,42,80,Préfecture,Cinkassé,Savanes,30-34,Urbain,Hommes,1900
02,42,80,Préfecture,Cinkassé,Savanes,30-34,Urbain,Femmes,2161
02,42,80,Préfecture,Cinkassé,Savanes,30-34,Urbain,Ensemble,4061
02,42,80,Préfecture,Cinkassé,Savanes,30-34,Rural,Hommes,1758
02,42,80,Préfecture,Cinkassé,Savanes,30-34,Rural,Femmes,2246
02,42,80,Préfecture,Cinkassé,Savanes,30-34,Rural,Ensemble,4004
02,42,80,Préfecture,Cinkassé,Savanes,30-34,Total,Hommes,3658
02,42,80,Préfecture,Cinkassé,Savanes,30-34,Total,Femmes,4407
02,42,80,Préfecture,Cinkassé,Savanes,30-34,Total,Ensemble,8065
02,42,80,Préfecture,Cinkassé,Savanes,35-39,Urbain,Hommes,1524
02,42,80,Préfecture,Cinkassé,Savanes,35-39,Urbain,Femmes,1538
02,42,80,Préfecture,Cinkassé,Savanes,35-39,Urbain,Ensemble,3062
02,42,80,Préfecture,Cinkassé,Savanes,35-39,Rural,Hommes,1507
02,42,80,Préfecture,Cinkassé,Savanes,35-39,Rural,Femmes,1876
02,42,80,Préfecture,Cinkassé,Savanes,35-39,Rural,Ensemble,3383
02,42,80,Préfecture,Cinkassé,Savanes,35-39,Total,Hommes,3031
02,42,80,Préfecture,Cinkassé,Savanes,35-39,Total,Femmes,3414
02,42,80,Préfecture,Cinkassé,Savanes,35-39,Total,Ensemble,6445
02,42,80,Préfecture,Cinkassé,Savanes,40-44,Urbain,Hommes,1323
02,42,80,Préfecture,Cinkassé,Savanes,40-44,Urbain,Femmes,1015
02,42,80,Préfecture,Cinkassé,Savanes,40-44,Urbain,Ensemble,2338
02,42,80,Préfecture,Cinkassé,Savanes,40-44,Rural,Hommes,1296
02,42,80,Préfecture,Cinkassé,Savanes,40-44,Rural,Femmes,1669
02,42,80,Préfecture,Cinkassé,Savanes,40-44,Rural,Ensemble,2965
02,42,80,Préfecture,Cinkassé,Savanes,40-44,Total,Hommes,2619
02,42,80,Préfecture,Cinkassé,Savanes,40-44,Total,Femmes,2684
02,42,80,Préfecture,Cinkassé,Savanes,40-44,Total,Ensemble,5303
02,42,80,Préfecture,Cinkassé,Savanes,45-49,Urbain,Hommes,770
02,42,80,Préfecture,Cinkassé,Savanes,45-49,Urbain,Femmes,617
02,42,80,Préfecture,Cinkassé,Savanes,45-49,Urbain,Ensemble,1387
02,42,80,Préfecture,Cinkassé,Savanes,45-49,Rural,Hommes,914
02,42,80,Préfecture,Cinkassé,Savanes,45-49,Rural,Femmes,1172
02,42,80,Préfecture,Cinkassé,Savanes,45-49,Rural,Ensemble,2086
02,42,80,Préfecture,Cinkassé,Savanes,45-49,Total,Hommes,1684
02,42,80,Préfecture,Cinkassé,Savanes,45-49,Total,Femmes,1789
02,42,80,Préfecture,Cinkassé,Savanes,45-49,Total,Ensemble,3473
02,42,80,Préfecture,Cinkassé,Savanes,50-54,Urbain,Hommes,617
02,42,80,Préfecture,Cinkassé,Savanes,50-54,Urbain,Femmes,510
02,42,80,Préfecture,Cinkassé,Savanes,50-54,Urbain,Ensemble,1127
02,42,80,Préfecture,Cinkassé,Savanes,50-54,Rural,Hommes,892
02,42,80,Préfecture,Cinkassé,Savanes,50-54,Rural,Femmes,1123
02,42,80,Préfecture,Cinkassé,Savanes,50-54,Rural,Ensemble,2015
02,42,80,Préfecture,Cinkassé,Savanes,50-54,Total,Hommes,1509
02,42,80,Préfecture,Cinkassé,Savanes,50-54,Total,Femmes,1633
02,42,80,Préfecture,Cinkassé,Savanes,50-54,Total,Ensemble,3142
02,42,80,Préfecture,Cinkassé,Savanes,55-59,Urbain,Hommes,308
02,42,80,Préfecture,Cinkassé,Savanes,55-59,Urbain,Femmes,266
02,42,80,Préfecture,Cinkassé,Savanes,55-59,Urbain,Ensemble,574
02,42,80,Préfecture,Cinkassé,Savanes,55-59,Rural,Hommes,582
02,42,80,Préfecture,Cinkassé,Savanes,55-59,Rural,Femmes,629
02,42,80,Préfecture,Cinkassé,Savanes,55-59,Rural,Ensemble,1211
02,42,80,Préfecture,Cinkassé,Savanes,55-59,Total,Hommes,890
02,42,80,Préfecture,Cinkassé,Savanes,55-59,Total,Femmes,895
02,42,80,Préfecture,Cinkassé,Savanes,55-59,Total,Ensemble,1785
02,42,80,Préfecture,Cinkassé,Savanes,60-64,Urbain,Hommes,308
02,42,80,Préfecture,Cinkassé,Savanes,60-64,Urbain,Femmes,301
02,42,80,Préfecture,Cinkassé,Savanes,60-64,Urbain,Ensemble,609
02,42,80,Préfecture,Cinkassé,Savanes,60-64,Rural,Hommes,527
02,42,80,Préfecture,Cinkassé,Savanes,60-64,Rural,Femmes,738
02,42,80,Préfecture,Cinkassé,Savanes,60-64,Rural,Ensemble,1265
02,42,80,Préfecture,Cinkassé,Savanes,60-64,Total,Hommes,835
02,42,80,Préfecture,Cinkassé,Savanes,60-64,Total,Femmes,1039
02,42,80,Préfecture,Cinkassé,Savanes,60-64,Total,Ensemble,1874
02,42,80,Préfecture,Cinkassé,Savanes,65-69,Urbain,Hommes,138
02,42,80,Préfecture,Cinkassé,Savanes,65-69,Urbain,Femmes,132
02,42,80,Préfecture,Cinkassé,Savanes,65-69,Urbain,Ensemble,270
02,42,80,Préfecture,Cinkassé,Savanes,65-69,Rural,Hommes,318
02,42,80,Préfecture,Cinkassé,Savanes,65-69,Rural,Femmes,431
02,42,80,Préfecture,Cinkassé,Savanes,65-69,Rural,Ensemble,749
02,42,80,Préfecture,Cinkassé,Savanes,65-69,Total,Hommes,456
02,42,80,Préfecture,Cinkassé,Savanes,65-69,Total,Femmes,563
02,42,80,Préfecture,Cinkassé,Savanes,65-69,Total,Ensemble,1019
02,42,80,Préfecture,Cinkassé,Savanes,70-74,Urbain,Hommes,115
02,42,80,Préfecture,Cinkassé,Savanes,70-74,Urbain,Femmes,178
02,42,80,Préfecture,Cinkassé,Savanes,70-74,Urbain,Ensemble,293
02,42,80,Préfecture,Cinkassé,Savanes,70-74,Rural,Hommes,297
02,42,80,Préfecture,Cinkassé,Savanes,70-74,Rural,Femmes,492
02,42,80,Préfecture,Cinkassé,Savanes,70-74,Rural,Ensemble,789
02,42,80,Préfecture,Cinkassé,Savanes,70-74,Total,Hommes,412
02,42,80,Préfecture,Cinkassé,Savanes,70-74,Total,Femmes,670
02,42,80,Préfecture,Cinkassé,Savanes,70-74,Total,Ensemble,1082
02,42,80,Préfecture,Cinkassé,Savanes,75-79,Urbain,Hommes,47
02,42,80,Préfecture,Cinkassé,Savanes,75-79,Urbain,Femmes,82
02,42,80,Préfecture,Cinkassé,Savanes,75-79,Urbain,Ensemble,129
02,42,80,Préfecture,Cinkassé,Savanes,75-79,Rural,Hommes,165
02,42,80,Préfecture,Cinkassé,Savanes,75-79,Rural,Femmes,237
02,42,80,Préfecture,Cinkassé,Savanes,75-79,Rural,Ensemble,402
02,42,80,Préfecture,Cinkassé,Savanes,75-79,Total,Hommes,212
02,42,80,Préfecture,Cinkassé,Savanes,75-79,Total,Femmes,319
02,42,80,Préfecture,Cinkassé,Savanes,75-79,Total,Ensemble,531
02,42,80,Préfecture,Cinkassé,Savanes,80-84,Urbain,Hommes,65
02,42,80,Préfecture,Cinkassé,Savanes,80-84,Urbain,Femmes,77
02,42,80,Préfecture,Cinkassé,Savanes,80-84,Urbain,Ensemble,142
02,42,80,Préfecture,Cinkassé,Savanes,80-84,Rural,Hommes,165
02,42,80,Préfecture,Cinkassé,Savanes,80-84,Rural,Femmes,246
02,42,80,Préfecture,Cinkassé,Savanes,80-84,Rural,Ensemble,411
02,42,80,Préfecture,Cinkassé,Savanes,80-84,Total,Hommes,230
02,42,80,Préfecture,Cinkassé,Savanes,80-84,Total,Femmes,323
02,42,80,Préfecture,Cinkassé,Savanes,80-84,Total,Ensemble,553
02,42,80,Préfecture,Cinkassé,Savanes,85 et +,Urbain,Hommes,57
02,42,80,Préfecture,Cinkassé,Savanes,85 et +,Urbain,Femmes,106
02,42,80,Préfecture,Cinkassé,Savanes,85 et +,Urbain,Ensemble,163
02,42,80,Préfecture,Cinkassé,Savanes,85 et +,Rural,Hommes,203
02,42,80,Préfecture,Cinkassé,Savanes,85 et +,Rural,Femmes,266
02,42,80,Préfecture,Cinkassé,Savanes,85 et +,Rural,Ensemble,469
02,42,80,Préfecture,Cinkassé,Savanes,85 et +,Total,Hommes,260
02,42,80,Préfecture,Cinkassé,Savanes,85 et +,Total,Femmes,372
02,42,80,Préfecture,Cinkassé,Savanes,85 et +,Total,Ensemble,632
02,42,80,Préfecture,Cinkassé,Savanes,ND,Urbain,Hommes,60
02,42,80,Préfecture,Cinkassé,Savanes,ND,Urbain,Femmes,60
02,42,80,Préfecture,Cinkassé,Savanes,ND,Urbain,Ensemble,120
02,42,80,Préfecture,Cinkassé,Savanes,ND,Rural,Hommes,27
02,42,80,Préfecture,Cinkassé,Savanes,ND,Rural,Femmes,49
02,42,80,Préfecture,Cinkassé,Savanes,ND,Rural,Ensemble,76
02,42,80,Préfecture,Cinkassé,Savanes,ND,Total,Hommes,87
02,42,80,Préfecture,Cinkassé,Savanes,ND,Total,Femmes,109
02,42,80,Préfecture,Cinkassé,Savanes,ND,Total,Ensemble,196
02,42,80,Préfecture,Cinkassé,Savanes,Total,Urbain,Hommes,28056
02,42,80,Préfecture,Cinkassé,Savanes,Total,Urbain,Femmes,28774
02,42,80,Préfecture,Cinkassé,Savanes,Total,Urbain,Ensemble,56830
02,42,80,Préfecture,Cinkassé,Savanes,Total,Rural,Hommes,34518
02,42,80,Préfecture,Cinkassé,Savanes,Total,Rural,Femmes,37611
02,42,80,Préfecture,Cinkassé,Savanes,Total,Rural,Ensemble,72129
02,42,80,Préfecture,Cinkassé,Savanes,Total,Total,Hommes,62574
02,42,80,Préfecture,Cinkassé,Savanes,Total,Total,Femmes,66385
02,42,80,Préfecture,Cinkassé,Savanes,Total,Total,Ensemble,128959
02,43,81,Préfecture,Kpendjal-Ouest,Savanes,0,Urbain,Hommes,55
02,43,81,Préfecture,Kpendjal-Ouest,Savanes,0,Urbain,Femmes,59
02,43,81,Préfecture,Kpendjal-Ouest,Savanes,0,Urbain,Ensemble,114
02,43,81,Préfecture,Kpendjal-Ouest,Savanes,0,Rural,Hommes,1507
02,43,81,Préfecture,Kpendjal-Ouest,Savanes,0,Rural,Femmes,1398
02,43,81,Préfecture,Kpendjal-Ouest,Savanes,0,Rural,Ensemble,2905
02,43,81,Préfecture,Kpendjal-Ouest,Savanes,0,Total,Hommes,1562
02,43,81,Préfecture,Kpendjal-Ouest,Savanes,0,Total,Femmes,1457
02,43,81,Préfecture,Kpendjal-Ouest,Savanes,0,Total,Ensemble,3019
02,43,81,Préfecture,Kpendjal-Ouest,Savanes,1-4,Urbain,Hommes,382
02,43,81,Préfecture,Kpendjal-Ouest,Savanes,1-4,Urbain,Femmes,381
02,43,81,Préfecture,Kpendjal-Ouest,Savanes,1-4,Urbain,Ensemble,763
02,43,81,Préfecture,Kpendjal-Ouest,Savanes,1-4,Rural,Hommes,8044
02,43,81,Préfecture,Kpendjal-Ouest,Savanes,1-4,Rural,Femmes,7791
02,43,81,Préfecture,Kpendjal-Ouest,Savanes,1-4,Rural,Ensemble,15835
02,43,81,Préfecture,Kpendjal-Ouest,Savanes,1-4,Total,Hommes,8426
02,43,81,Préfecture,Kpendjal-Ouest,Savanes,1-4,Total,Femmes,8172
02,43,81,Préfecture,Kpendjal-Ouest,Savanes,1-4,Total,Ensemble,16598
02,43,81,Préfecture,Kpendjal-Ouest,Savanes,5-9,Urbain,Hommes,590
02,43,81,Préfecture,Kpendjal-Ouest,Savanes,5-9,Urbain,Femmes,553
02,43,81,Préfecture,Kpendjal-Ouest,Savanes,5-9,Urbain,Ensemble,1143
02,43,81,Préfecture,Kpendjal-Ouest,Savanes,5-9,Rural,Hommes,12201
02,43,81,Préfecture,Kpendjal-Ouest,Savanes,5-9,Rural,Femmes,11536
02,43,81,Préfecture,Kpendjal-Ouest,Savanes,5-9,Rural,Ensemble,23737
02,43,81,Préfecture,Kpendjal-Ouest,Savanes,5-9,Total,Hommes,12791
02,43,81,Préfecture,Kpendjal-Ouest,Savanes,5-9,Total,Femmes,12089
02,43,81,Préfecture,Kpendjal-Ouest,Savanes,5-9,Total,Ensemble,24880
02,43,81,Préfecture,Kpendjal-Ouest,Savanes,10-14,Urbain,Hommes,546
02,43,81,Préfecture,Kpendjal-Ouest,Savanes,10-14,Urbain,Femmes,523
02,43,81,Préfecture,Kpendjal-Ouest,Savanes,10-14,Urbain,Ensemble,1069
02,43,81,Préfecture,Kpendjal-Ouest,Savanes,10-14,Rural,Hommes,9827
02,43,81,Préfecture,Kpendjal-Ouest,Savanes,10-14,Rural,Femmes,8677
02,43,81,Préfecture,Kpendjal-Ouest,Savanes,10-14,Rural,Ensemble,18504
02,43,81,Préfecture,Kpendjal-Ouest,Savanes,10-14,Total,Hommes,10373
02,43,81,Préfecture,Kpendjal-Ouest,Savanes,10-14,Total,Femmes,9200
02,43,81,Préfecture,Kpendjal-Ouest,Savanes,10-14,Total,Ensemble,19573
02,43,81,Préfecture,Kpendjal-Ouest,Savanes,15-19,Urbain,Hommes,364
02,43,81,Préfecture,Kpendjal-Ouest,Savanes,15-19,Urbain,Femmes,331
02,43,81,Préfecture,Kpendjal-Ouest,Savanes,15-19,Urbain,Ensemble,695
02,43,81,Préfecture,Kpendjal-Ouest,Savanes,15-19,Rural,Hommes,5341
02,43,81,Préfecture,Kpendjal-Ouest,Savanes,15-19,Rural,Femmes,5749
02,43,81,Préfecture,Kpendjal-Ouest,Savanes,15-19,Rural,Ensemble,11090
02,43,81,Préfecture,Kpendjal-Ouest,Savanes,15-19,Total,Hommes,5705
02,43,81,Préfecture,Kpendjal-Ouest,Savanes,15-19,Total,Femmes,6080
02,43,81,Préfecture,Kpendjal-Ouest,Savanes,15-19,Total,Ensemble,11785
02,43,81,Préfecture,Kpendjal-Ouest,Savanes,20-24,Urbain,Hommes,186
02,43,81,Préfecture,Kpendjal-Ouest,Savanes,20-24,Urbain,Femmes,274
02,43,81,Préfecture,Kpendjal-Ouest,Savanes,20-24,Urbain,Ensemble,460
02,43,81,Préfecture,Kpendjal-Ouest,Savanes,20-24,Rural,Hommes,2944
02,43,81,Préfecture,Kpendjal-Ouest,Savanes,20-24,Rural,Femmes,4196
02,43,81,Préfecture,Kpendjal-Ouest,Savanes,20-24,Rural,Ensemble,7140
02,43,81,Préfecture,Kpendjal-Ouest,Savanes,20-24,Total,Hommes,3130
02,43,81,Préfecture,Kpendjal-Ouest,Savanes,20-24,Total,Femmes,4470
02,43,81,Préfecture,Kpendjal-Ouest,Savanes,20-24,Total,Ensemble,7600
02,43,81,Préfecture,Kpendjal-Ouest,Savanes,25-29,Urbain,Hommes,121
02,43,81,Préfecture,Kpendjal-Ouest,Savanes,25-29,Urbain,Femmes,218
02,43,81,Préfecture,Kpendjal-Ouest,Savanes,25-29,Urbain,Ensemble,339
02,43,81,Préfecture,Kpendjal-Ouest,Savanes,25-29,Rural,Hommes,2077
02,43,81,Préfecture,Kpendjal-Ouest,Savanes,25-29,Rural,Femmes,3464
02,43,81,Préfecture,Kpendjal-Ouest,Savanes,25-29,Rural,Ensemble,5541
02,43,81,Préfecture,Kpendjal-Ouest,Savanes,25-29,Total,Hommes,2198
02,43,81,Préfecture,Kpendjal-Ouest,Savanes,25-29,Total,Femmes,3682
02,43,81,Préfecture,Kpendjal-Ouest,Savanes,25-29,Total,Ensemble,5880
02,43,81,Préfecture,Kpendjal-Ouest,Savanes,30-34,Urbain,Hommes,112
02,43,81,Préfecture,Kpendjal-Ouest,Savanes,30-34,Urbain,Femmes,214
02,43,81,Préfecture,Kpendjal-Ouest,Savanes,30-34,Urbain,Ensemble,326
02,43,81,Préfecture,Kpendjal-Ouest,Savanes,30-34,Rural,Hommes,2169
02,43,81,Préfecture,Kpendjal-Ouest,Savanes,30-34,Rural,Femmes,3746
02,43,81,Préfecture,Kpendjal-Ouest,Savanes,30-34,Rural,Ensemble,5915
02,43,81,Préfecture,Kpendjal-Ouest,Savanes,30-34,Total,Hommes,2281
02,43,81,Préfecture,Kpendjal-Ouest,Savanes,30-34,Total,Femmes,3960
02,43,81,Préfecture,Kpendjal-Ouest,Savanes,30-34,Total,Ensemble,6241
02,43,81,Préfecture,Kpendjal-Ouest,Savanes,35-39,Urbain,Hommes,122
02,43,81,Préfecture,Kpendjal-Ouest,Savanes,35-39,Urbain,Femmes,162
02,43,81,Préfecture,Kpendjal-Ouest,Savanes,35-39,Urbain,Ensemble,284
02,43,81,Préfecture,Kpendjal-Ouest,Savanes,35-39,Rural,Hommes,2064
02,43,81,Préfecture,Kpendjal-Ouest,Savanes,35-39,Rural,Femmes,3195
02,43,81,Préfecture,Kpendjal-Ouest,Savanes,35-39,Rural,Ensemble,5259
02,43,81,Préfecture,Kpendjal-Ouest,Savanes,35-39,Total,Hommes,2186
02,43,81,Préfecture,Kpendjal-Ouest,Savanes,35-39,Total,Femmes,3357
02,43,81,Préfecture,Kpendjal-Ouest,Savanes,35-39,Total,Ensemble,5543
02,43,81,Préfecture,Kpendjal-Ouest,Savanes,40-44,Urbain,Hommes,121
02,43,81,Préfecture,Kpendjal-Ouest,Savanes,40-44,Urbain,Femmes,176
02,43,81,Préfecture,Kpendjal-Ouest,Savanes,40-44,Urbain,Ensemble,297
02,43,81,Préfecture,Kpendjal-Ouest,Savanes,40-44,Rural,Hommes,1977
02,43,81,Préfecture,Kpendjal-Ouest,Savanes,40-44,Rural,Femmes,3045
02,43,81,Préfecture,Kpendjal-Ouest,Savanes,40-44,Rural,Ensemble,5022
02,43,81,Préfecture,Kpendjal-Ouest,Savanes,40-44,Total,Hommes,2098
02,43,81,Préfecture,Kpendjal-Ouest,Savanes,40-44,Total,Femmes,3221
02,43,81,Préfecture,Kpendjal-Ouest,Savanes,40-44,Total,Ensemble,5319
02,43,81,Préfecture,Kpendjal-Ouest,Savanes,45-49,Urbain,Hommes,93
02,43,81,Préfecture,Kpendjal-Ouest,Savanes,45-49,Urbain,Femmes,101
02,43,81,Préfecture,Kpendjal-Ouest,Savanes,45-49,Urbain,Ensemble,194
02,43,81,Préfecture,Kpendjal-Ouest,Savanes,45-49,Rural,Hommes,1581
02,43,81,Préfecture,Kpendjal-Ouest,Savanes,45-49,Rural,Femmes,1904
02,43,81,Préfecture,Kpendjal-Ouest,Savanes,45-49,Rural,Ensemble,3485
02,43,81,Préfecture,Kpendjal-Ouest,Savanes,45-49,Total,Hommes,1674
02,43,81,Préfecture,Kpendjal-Ouest,Savanes,45-49,Total,Femmes,2005
02,43,81,Préfecture,Kpendjal-Ouest,Savanes,45-49,Total,Ensemble,3679
02,43,81,Préfecture,Kpendjal-Ouest,Savanes,50-54,Urbain,Hommes,93
02,43,81,Préfecture,Kpendjal-Ouest,Savanes,50-54,Urbain,Femmes,101
02,43,81,Préfecture,Kpendjal-Ouest,Savanes,50-54,Urbain,Ensemble,194
02,43,81,Préfecture,Kpendjal-Ouest,Savanes,50-54,Rural,Hommes,1532
02,43,81,Préfecture,Kpendjal-Ouest,Savanes,50-54,Rural,Femmes,2044
02,43,81,Préfecture,Kpendjal-Ouest,Savanes,50-54,Rural,Ensemble,3576
02,43,81,Préfecture,Kpendjal-Ouest,Savanes,50-54,Total,Hommes,1625
02,43,81,Préfecture,Kpendjal-Ouest,Savanes,50-54,Total,Femmes,2145
02,43,81,Préfecture,Kpendjal-Ouest,Savanes,50-54,Total,Ensemble,3770
02,43,81,Préfecture,Kpendjal-Ouest,Savanes,55-59,Urbain,Hommes,57
02,43,81,Préfecture,Kpendjal-Ouest,Savanes,55-59,Urbain,Femmes,59
02,43,81,Préfecture,Kpendjal-Ouest,Savanes,55-59,Urbain,Ensemble,116
02,43,81,Préfecture,Kpendjal-Ouest,Savanes,55-59,Rural,Hommes,1003
02,43,81,Préfecture,Kpendjal-Ouest,Savanes,55-59,Rural,Femmes,1139
02,43,81,Préfecture,Kpendjal-Ouest,Savanes,55-59,Rural,Ensemble,2142
02,43,81,Préfecture,Kpendjal-Ouest,Savanes,55-59,Total,Hommes,1060
02,43,81,Préfecture,Kpendjal-Ouest,Savanes,55-59,Total,Femmes,1198
02,43,81,Préfecture,Kpendjal-Ouest,Savanes,55-59,Total,Ensemble,2258
02,43,81,Préfecture,Kpendjal-Ouest,Savanes,60-64,Urbain,Hommes,50
02,43,81,Préfecture,Kpendjal-Ouest,Savanes,60-64,Urbain,Femmes,75
02,43,81,Préfecture,Kpendjal-Ouest,Savanes,60-64,Urbain,Ensemble,125
02,43,81,Préfecture,Kpendjal-Ouest,Savanes,60-64,Rural,Hommes,1062
02,43,81,Préfecture,Kpendjal-Ouest,Savanes,60-64,Rural,Femmes,1380
02,43,81,Préfecture,Kpendjal-Ouest,Savanes,60-64,Rural,Ensemble,2442
02,43,81,Préfecture,Kpendjal-Ouest,Savanes,60-64,Total,Hommes,1112
02,43,81,Préfecture,Kpendjal-Ouest,Savanes,60-64,Total,Femmes,1455
02,43,81,Préfecture,Kpendjal-Ouest,Savanes,60-64,Total,Ensemble,2567
02,43,81,Préfecture,Kpendjal-Ouest,Savanes,65-69,Urbain,Hommes,14
02,43,81,Préfecture,Kpendjal-Ouest,Savanes,65-69,Urbain,Femmes,42
02,43,81,Préfecture,Kpendjal-Ouest,Savanes,65-69,Urbain,Ensemble,56
02,43,81,Préfecture,Kpendjal-Ouest,Savanes,65-69,Rural,Hommes,546
02,43,81,Préfecture,Kpendjal-Ouest,Savanes,65-69,Rural,Femmes,716
02,43,81,Préfecture,Kpendjal-Ouest,Savanes,65-69,Rural,Ensemble,1262
02,43,81,Préfecture,Kpendjal-Ouest,Savanes,65-69,Total,Hommes,560
02,43,81,Préfecture,Kpendjal-Ouest,Savanes,65-69,Total,Femmes,758
02,43,81,Préfecture,Kpendjal-Ouest,Savanes,65-69,Total,Ensemble,1318
02,43,81,Préfecture,Kpendjal-Ouest,Savanes,70-74,Urbain,Hommes,25
02,43,81,Préfecture,Kpendjal-Ouest,Savanes,70-74,Urbain,Femmes,58
02,43,81,Préfecture,Kpendjal-Ouest,Savanes,70-74,Urbain,Ensemble,83
02,43,81,Préfecture,Kpendjal-Ouest,Savanes,70-74,Rural,Hommes,533
02,43,81,Préfecture,Kpendjal-Ouest,Savanes,70-74,Rural,Femmes,742
02,43,81,Préfecture,Kpendjal-Ouest,Savanes,70-74,Rural,Ensemble,1275
02,43,81,Préfecture,Kpendjal-Ouest,Savanes,70-74,Total,Hommes,558
02,43,81,Préfecture,Kpendjal-Ouest,Savanes,70-74,Total,Femmes,800
02,43,81,Préfecture,Kpendjal-Ouest,Savanes,70-74,Total,Ensemble,1358
02,43,81,Préfecture,Kpendjal-Ouest,Savanes,75-79,Urbain,Hommes,12
02,43,81,Préfecture,Kpendjal-Ouest,Savanes,75-79,Urbain,Femmes,23
02,43,81,Préfecture,Kpendjal-Ouest,Savanes,75-79,Urbain,Ensemble,35
02,43,81,Préfecture,Kpendjal-Ouest,Savanes,75-79,Rural,Hommes,251
02,43,81,Préfecture,Kpendjal-Ouest,Savanes,75-79,Rural,Femmes,348
02,43,81,Préfecture,Kpendjal-Ouest,Savanes,75-79,Rural,Ensemble,599
02,43,81,Préfecture,Kpendjal-Ouest,Savanes,75-79,Total,Hommes,263
02,43,81,Préfecture,Kpendjal-Ouest,Savanes,75-79,Total,Femmes,371
02,43,81,Préfecture,Kpendjal-Ouest,Savanes,75-79,Total,Ensemble,634
02,43,81,Préfecture,Kpendjal-Ouest,Savanes,80-84,Urbain,Hommes,16
02,43,81,Préfecture,Kpendjal-Ouest,Savanes,80-84,Urbain,Femmes,27
02,43,81,Préfecture,Kpendjal-Ouest,Savanes,80-84,Urbain,Ensemble,43
02,43,81,Préfecture,Kpendjal-Ouest,Savanes,80-84,Rural,Hommes,243
02,43,81,Préfecture,Kpendjal-Ouest,Savanes,80-84,Rural,Femmes,387
02,43,81,Préfecture,Kpendjal-Ouest,Savanes,80-84,Rural,Ensemble,630
02,43,81,Préfecture,Kpendjal-Ouest,Savanes,80-84,Total,Hommes,259
02,43,81,Préfecture,Kpendjal-Ouest,Savanes,80-84,Total,Femmes,414
02,43,81,Préfecture,Kpendjal-Ouest,Savanes,80-84,Total,Ensemble,673
02,43,81,Préfecture,Kpendjal-Ouest,Savanes,85 et +,Urbain,Hommes,10
02,43,81,Préfecture,Kpendjal-Ouest,Savanes,85 et +,Urbain,Femmes,30
02,43,81,Préfecture,Kpendjal-Ouest,Savanes,85 et +,Urbain,Ensemble,40
02,43,81,Préfecture,Kpendjal-Ouest,Savanes,85 et +,Rural,Hommes,299
02,43,81,Préfecture,Kpendjal-Ouest,Savanes,85 et +,Rural,Femmes,281
02,43,81,Préfecture,Kpendjal-Ouest,Savanes,85 et +,Rural,Ensemble,580
02,43,81,Préfecture,Kpendjal-Ouest,Savanes,85 et +,Total,Hommes,309
02,43,81,Préfecture,Kpendjal-Ouest,Savanes,85 et +,Total,Femmes,311
02,43,81,Préfecture,Kpendjal-Ouest,Savanes,85 et +,Total,Ensemble,620
02,43,81,Préfecture,Kpendjal-Ouest,Savanes,ND,Urbain,Hommes,0
02,43,81,Préfecture,Kpendjal-Ouest,Savanes,ND,Urbain,Femmes,3
02,43,81,Préfecture,Kpendjal-Ouest,Savanes,ND,Urbain,Ensemble,3
02,43,81,Préfecture,Kpendjal-Ouest,Savanes,ND,Rural,Hommes,5
02,43,81,Préfecture,Kpendjal-Ouest,Savanes,ND,Rural,Femmes,7
02,43,81,Préfecture,Kpendjal-Ouest,Savanes,ND,Rural,Ensemble,12
02,43,81,Préfecture,Kpendjal-Ouest,Savanes,ND,Total,Hommes,5
02,43,81,Préfecture,Kpendjal-Ouest,Savanes,ND,Total,Femmes,10
02,43,81,Préfecture,Kpendjal-Ouest,Savanes,ND,Total,Ensemble,15
02,43,81,Préfecture,Kpendjal-Ouest,Savanes,Total,Urbain,Hommes,2969
02,43,81,Préfecture,Kpendjal-Ouest,Savanes,Total,Urbain,Femmes,3410
02,43,81,Préfecture,Kpendjal-Ouest,Savanes,Total,Urbain,Ensemble,6379
02,43,81,Préfecture,Kpendjal-Ouest,Savanes,Total,Rural,Hommes,55206
02,43,81,Préfecture,Kpendjal-Ouest,Savanes,Total,Rural,Femmes,61745
02,43,81,Préfecture,Kpendjal-Ouest,Savanes,Total,Rural,Ensemble,116951
02,43,81,Préfecture,Kpendjal-Ouest,Savanes,Total,Total,Hommes,58175
02,43,81,Préfecture,Kpendjal-Ouest,Savanes,Total,Total,Femmes,65155
02,43,81,Préfecture,Kpendjal-Ouest,Savanes,Total,Total,Ensemble,123330
02,44,82,Préfecture,Kpendjal,Savanes,0,Urbain,Hommes,143
02,44,82,Préfecture,Kpendjal,Savanes,0,Urbain,Femmes,111
02,44,82,Préfecture,Kpendjal,Savanes,0,Urbain,Ensemble,254
02,44,82,Préfecture,Kpendjal,Savanes,0,Rural,Hommes,1300
02,44,82,Préfecture,Kpendjal,Savanes,0,Rural,Femmes,1293
02,44,82,Préfecture,Kpendjal,Savanes,0,Rural,Ensemble,2593
02,44,82,Préfecture,Kpendjal,Savanes,0,Total,Hommes,1443
02,44,82,Préfecture,Kpendjal,Savanes,0,Total,Femmes,1404
02,44,82,Préfecture,Kpendjal,Savanes,0,Total,Ensemble,2847
02,44,82,Préfecture,Kpendjal,Savanes,1-4,Urbain,Hommes,467
02,44,82,Préfecture,Kpendjal,Savanes,1-4,Urbain,Femmes,474
02,44,82,Préfecture,Kpendjal,Savanes,1-4,Urbain,Ensemble,941
02,44,82,Préfecture,Kpendjal,Savanes,1-4,Rural,Hommes,6482
02,44,82,Préfecture,Kpendjal,Savanes,1-4,Rural,Femmes,6180
02,44,82,Préfecture,Kpendjal,Savanes,1-4,Rural,Ensemble,12662
02,44,82,Préfecture,Kpendjal,Savanes,1-4,Total,Hommes,6949
02,44,82,Préfecture,Kpendjal,Savanes,1-4,Total,Femmes,6654
02,44,82,Préfecture,Kpendjal,Savanes,1-4,Total,Ensemble,13603
02,44,82,Préfecture,Kpendjal,Savanes,5-9,Urbain,Hommes,639
02,44,82,Préfecture,Kpendjal,Savanes,5-9,Urbain,Femmes,614
02,44,82,Préfecture,Kpendjal,Savanes,5-9,Urbain,Ensemble,1253
02,44,82,Préfecture,Kpendjal,Savanes,5-9,Rural,Hommes,8154
02,44,82,Préfecture,Kpendjal,Savanes,5-9,Rural,Femmes,7702
02,44,82,Préfecture,Kpendjal,Savanes,5-9,Rural,Ensemble,15856
02,44,82,Préfecture,Kpendjal,Savanes,5-9,Total,Hommes,8793
02,44,82,Préfecture,Kpendjal,Savanes,5-9,Total,Femmes,8316
02,44,82,Préfecture,Kpendjal,Savanes,5-9,Total,Ensemble,17109
02,44,82,Préfecture,Kpendjal,Savanes,10-14,Urbain,Hommes,603
02,44,82,Préfecture,Kpendjal,Savanes,10-14,Urbain,Femmes,560
02,44,82,Préfecture,Kpendjal,Savanes,10-14,Urbain,Ensemble,1163
02,44,82,Préfecture,Kpendjal,Savanes,10-14,Rural,Hommes,6027
02,44,82,Préfecture,Kpendjal,Savanes,10-14,Rural,Femmes,5238
02,44,82,Préfecture,Kpendjal,Savanes,10-14,Rural,Ensemble,11265
02,44,82,Préfecture,Kpendjal,Savanes,10-14,Total,Hommes,6630
02,44,82,Préfecture,Kpendjal,Savanes,10-14,Total,Femmes,5798
02,44,82,Préfecture,Kpendjal,Savanes,10-14,Total,Ensemble,12428
02,44,82,Préfecture,Kpendjal,Savanes,15-19,Urbain,Hommes,405
02,44,82,Préfecture,Kpendjal,Savanes,15-19,Urbain,Femmes,478
02,44,82,Préfecture,Kpendjal,Savanes,15-19,Urbain,Ensemble,883
02,44,82,Préfecture,Kpendjal,Savanes,15-19,Rural,Hommes,3623
02,44,82,Préfecture,Kpendjal,Savanes,15-19,Rural,Femmes,3633
02,44,82,Préfecture,Kpendjal,Savanes,15-19,Rural,Ensemble,7256
02,44,82,Préfecture,Kpendjal,Savanes,15-19,Total,Hommes,4028
02,44,82,Préfecture,Kpendjal,Savanes,15-19,Total,Femmes,4111
02,44,82,Préfecture,Kpendjal,Savanes,15-19,Total,Ensemble,8139
02,44,82,Préfecture,Kpendjal,Savanes,20-24,Urbain,Hommes,255
02,44,82,Préfecture,Kpendjal,Savanes,20-24,Urbain,Femmes,356
02,44,82,Préfecture,Kpendjal,Savanes,20-24,Urbain,Ensemble,611
02,44,82,Préfecture,Kpendjal,Savanes,20-24,Rural,Hommes,2353
02,44,82,Préfecture,Kpendjal,Savanes,20-24,Rural,Femmes,3501
02,44,82,Préfecture,Kpendjal,Savanes,20-24,Rural,Ensemble,5854
02,44,82,Préfecture,Kpendjal,Savanes,20-24,Total,Hommes,2608
02,44,82,Préfecture,Kpendjal,Savanes,20-24,Total,Femmes,3857
02,44,82,Préfecture,Kpendjal,Savanes,20-24,Total,Ensemble,6465
02,44,82,Préfecture,Kpendjal,Savanes,25-29,Urbain,Hommes,207
02,44,82,Préfecture,Kpendjal,Savanes,25-29,Urbain,Femmes,275
02,44,82,Préfecture,Kpendjal,Savanes,25-29,Urbain,Ensemble,482
02,44,82,Préfecture,Kpendjal,Savanes,25-29,Rural,Hommes,2056
02,44,82,Préfecture,Kpendjal,Savanes,25-29,Rural,Femmes,2829
02,44,82,Préfecture,Kpendjal,Savanes,25-29,Rural,Ensemble,4885
02,44,82,Préfecture,Kpendjal,Savanes,25-29,Total,Hommes,2263
02,44,82,Préfecture,Kpendjal,Savanes,25-29,Total,Femmes,3104
02,44,82,Préfecture,Kpendjal,Savanes,25-29,Total,Ensemble,5367
02,44,82,Préfecture,Kpendjal,Savanes,30-34,Urbain,Hommes,244
02,44,82,Préfecture,Kpendjal,Savanes,30-34,Urbain,Femmes,246
02,44,82,Préfecture,Kpendjal,Savanes,30-34,Urbain,Ensemble,490
02,44,82,Préfecture,Kpendjal,Savanes,30-34,Rural,Hommes,1942
02,44,82,Préfecture,Kpendjal,Savanes,30-34,Rural,Femmes,2907
02,44,82,Préfecture,Kpendjal,Savanes,30-34,Rural,Ensemble,4849
02,44,82,Préfecture,Kpendjal,Savanes,30-34,Total,Hommes,2186
02,44,82,Préfecture,Kpendjal,Savanes,30-34,Total,Femmes,3153
02,44,82,Préfecture,Kpendjal,Savanes,30-34,Total,Ensemble,5339
02,44,82,Préfecture,Kpendjal,Savanes,35-39,Urbain,Hommes,215
02,44,82,Préfecture,Kpendjal,Savanes,35-39,Urbain,Femmes,193
02,44,82,Préfecture,Kpendjal,Savanes,35-39,Urbain,Ensemble,408
02,44,82,Préfecture,Kpendjal,Savanes,35-39,Rural,Hommes,1639
02,44,82,Préfecture,Kpendjal,Savanes,35-39,Rural,Femmes,2109
02,44,82,Préfecture,Kpendjal,Savanes,35-39,Rural,Ensemble,3748
02,44,82,Préfecture,Kpendjal,Savanes,35-39,Total,Hommes,1854
02,44,82,Préfecture,Kpendjal,Savanes,35-39,Total,Femmes,2302
02,44,82,Préfecture,Kpendjal,Savanes,35-39,Total,Ensemble,4156
02,44,82,Préfecture,Kpendjal,Savanes,40-44,Urbain,Hommes,164
02,44,82,Préfecture,Kpendjal,Savanes,40-44,Urbain,Femmes,174
02,44,82,Préfecture,Kpendjal,Savanes,40-44,Urbain,Ensemble,338
02,44,82,Préfecture,Kpendjal,Savanes,40-44,Rural,Hommes,1475
02,44,82,Préfecture,Kpendjal,Savanes,40-44,Rural,Femmes,1755
02,44,82,Préfecture,Kpendjal,Savanes,40-44,Rural,Ensemble,3230
02,44,82,Préfecture,Kpendjal,Savanes,40-44,Total,Hommes,1639
02,44,82,Préfecture,Kpendjal,Savanes,40-44,Total,Femmes,1929
02,44,82,Préfecture,Kpendjal,Savanes,40-44,Total,Ensemble,3568
02,44,82,Préfecture,Kpendjal,Savanes,45-49,Urbain,Hommes,115
02,44,82,Préfecture,Kpendjal,Savanes,45-49,Urbain,Femmes,110
02,44,82,Préfecture,Kpendjal,Savanes,45-49,Urbain,Ensemble,225
02,44,82,Préfecture,Kpendjal,Savanes,45-49,Rural,Hommes,1121
02,44,82,Préfecture,Kpendjal,Savanes,45-49,Rural,Femmes,1030
02,44,82,Préfecture,Kpendjal,Savanes,45-49,Rural,Ensemble,2151
02,44,82,Préfecture,Kpendjal,Savanes,45-49,Total,Hommes,1236
02,44,82,Préfecture,Kpendjal,Savanes,45-49,Total,Femmes,1140
02,44,82,Préfecture,Kpendjal,Savanes,45-49,Total,Ensemble,2376
02,44,82,Préfecture,Kpendjal,Savanes,50-54,Urbain,Hommes,103
02,44,82,Préfecture,Kpendjal,Savanes,50-54,Urbain,Femmes,109
02,44,82,Préfecture,Kpendjal,Savanes,50-54,Urbain,Ensemble,212
02,44,82,Préfecture,Kpendjal,Savanes,50-54,Rural,Hommes,1010
02,44,82,Préfecture,Kpendjal,Savanes,50-54,Rural,Femmes,1043
02,44,82,Préfecture,Kpendjal,Savanes,50-54,Rural,Ensemble,2053
02,44,82,Préfecture,Kpendjal,Savanes,50-54,Total,Hommes,1113
02,44,82,Préfecture,Kpendjal,Savanes,50-54,Total,Femmes,1152
02,44,82,Préfecture,Kpendjal,Savanes,50-54,Total,Ensemble,2265
02,44,82,Préfecture,Kpendjal,Savanes,55-59,Urbain,Hommes,60
02,44,82,Préfecture,Kpendjal,Savanes,55-59,Urbain,Femmes,70
02,44,82,Préfecture,Kpendjal,Savanes,55-59,Urbain,Ensemble,130
02,44,82,Préfecture,Kpendjal,Savanes,55-59,Rural,Hommes,550
02,44,82,Préfecture,Kpendjal,Savanes,55-59,Rural,Femmes,541
02,44,82,Préfecture,Kpendjal,Savanes,55-59,Rural,Ensemble,1091
02,44,82,Préfecture,Kpendjal,Savanes,55-59,Total,Hommes,610
02,44,82,Préfecture,Kpendjal,Savanes,55-59,Total,Femmes,611
02,44,82,Préfecture,Kpendjal,Savanes,55-59,Total,Ensemble,1221
02,44,82,Préfecture,Kpendjal,Savanes,60-64,Urbain,Hommes,44
02,44,82,Préfecture,Kpendjal,Savanes,60-64,Urbain,Femmes,86
02,44,82,Préfecture,Kpendjal,Savanes,60-64,Urbain,Ensemble,130
02,44,82,Préfecture,Kpendjal,Savanes,60-64,Rural,Hommes,638
02,44,82,Préfecture,Kpendjal,Savanes,60-64,Rural,Femmes,562
02,44,82,Préfecture,Kpendjal,Savanes,60-64,Rural,Ensemble,1200
02,44,82,Préfecture,Kpendjal,Savanes,60-64,Total,Hommes,682
02,44,82,Préfecture,Kpendjal,Savanes,60-64,Total,Femmes,648
02,44,82,Préfecture,Kpendjal,Savanes,60-64,Total,Ensemble,1330
02,44,82,Préfecture,Kpendjal,Savanes,65-69,Urbain,Hommes,22
02,44,82,Préfecture,Kpendjal,Savanes,65-69,Urbain,Femmes,41
02,44,82,Préfecture,Kpendjal,Savanes,65-69,Urbain,Ensemble,63
02,44,82,Préfecture,Kpendjal,Savanes,65-69,Rural,Hommes,256
02,44,82,Préfecture,Kpendjal,Savanes,65-69,Rural,Femmes,261
02,44,82,Préfecture,Kpendjal,Savanes,65-69,Rural,Ensemble,517
02,44,82,Préfecture,Kpendjal,Savanes,65-69,Total,Hommes,278
02,44,82,Préfecture,Kpendjal,Savanes,65-69,Total,Femmes,302
02,44,82,Préfecture,Kpendjal,Savanes,65-69,Total,Ensemble,580
02,44,82,Préfecture,Kpendjal,Savanes,70-74,Urbain,Hommes,27
02,44,82,Préfecture,Kpendjal,Savanes,70-74,Urbain,Femmes,46
02,44,82,Préfecture,Kpendjal,Savanes,70-74,Urbain,Ensemble,73
02,44,82,Préfecture,Kpendjal,Savanes,70-74,Rural,Hommes,280
02,44,82,Préfecture,Kpendjal,Savanes,70-74,Rural,Femmes,313
02,44,82,Préfecture,Kpendjal,Savanes,70-74,Rural,Ensemble,593
02,44,82,Préfecture,Kpendjal,Savanes,70-74,Total,Hommes,307
02,44,82,Préfecture,Kpendjal,Savanes,70-74,Total,Femmes,359
02,44,82,Préfecture,Kpendjal,Savanes,70-74,Total,Ensemble,666
02,44,82,Préfecture,Kpendjal,Savanes,75-79,Urbain,Hommes,11
02,44,82,Préfecture,Kpendjal,Savanes,75-79,Urbain,Femmes,13
02,44,82,Préfecture,Kpendjal,Savanes,75-79,Urbain,Ensemble,24
02,44,82,Préfecture,Kpendjal,Savanes,75-79,Rural,Hommes,139
02,44,82,Préfecture,Kpendjal,Savanes,75-79,Rural,Femmes,155
02,44,82,Préfecture,Kpendjal,Savanes,75-79,Rural,Ensemble,294
02,44,82,Préfecture,Kpendjal,Savanes,75-79,Total,Hommes,150
02,44,82,Préfecture,Kpendjal,Savanes,75-79,Total,Femmes,168
02,44,82,Préfecture,Kpendjal,Savanes,75-79,Total,Ensemble,318
02,44,82,Préfecture,Kpendjal,Savanes,80-84,Urbain,Hommes,11
02,44,82,Préfecture,Kpendjal,Savanes,80-84,Urbain,Femmes,15
02,44,82,Préfecture,Kpendjal,Savanes,80-84,Urbain,Ensemble,26
02,44,82,Préfecture,Kpendjal,Savanes,80-84,Rural,Hommes,131
02,44,82,Préfecture,Kpendjal,Savanes,80-84,Rural,Femmes,170
02,44,82,Préfecture,Kpendjal,Savanes,80-84,Rural,Ensemble,301
02,44,82,Préfecture,Kpendjal,Savanes,80-84,Total,Hommes,142
02,44,82,Préfecture,Kpendjal,Savanes,80-84,Total,Femmes,185
02,44,82,Préfecture,Kpendjal,Savanes,80-84,Total,Ensemble,327
02,44,82,Préfecture,Kpendjal,Savanes,85 et +,Urbain,Hommes,9
02,44,82,Préfecture,Kpendjal,Savanes,85 et +,Urbain,Femmes,17
02,44,82,Préfecture,Kpendjal,Savanes,85 et +,Urbain,Ensemble,26
02,44,82,Préfecture,Kpendjal,Savanes,85 et +,Rural,Hommes,107
02,44,82,Préfecture,Kpendjal,Savanes,85 et +,Rural,Femmes,116
02,44,82,Préfecture,Kpendjal,Savanes,85 et +,Rural,Ensemble,223
02,44,82,Préfecture,Kpendjal,Savanes,85 et +,Total,Hommes,116
02,44,82,Préfecture,Kpendjal,Savanes,85 et +,Total,Femmes,133
02,44,82,Préfecture,Kpendjal,Savanes,85 et +,Total,Ensemble,249
02,44,82,Préfecture,Kpendjal,Savanes,ND,Urbain,Hommes,0
02,44,82,Préfecture,Kpendjal,Savanes,ND,Urbain,Femmes,0
02,44,82,Préfecture,Kpendjal,Savanes,ND,Urbain,Ensemble,0
02,44,82,Préfecture,Kpendjal,Savanes,ND,Rural,Hommes,8
02,44,82,Préfecture,Kpendjal,Savanes,ND,Rural,Femmes,4
02,44,82,Préfecture,Kpendjal,Savanes,ND,Rural,Ensemble,12
02,44,82,Préfecture,Kpendjal,Savanes,ND,Total,Hommes,8
02,44,82,Préfecture,Kpendjal,Savanes,ND,Total,Femmes,4
02,44,82,Préfecture,Kpendjal,Savanes,ND,Total,Ensemble,12
02,44,82,Préfecture,Kpendjal,Savanes,Total,Urbain,Hommes,3744
02,44,82,Préfecture,Kpendjal,Savanes,Total,Urbain,Femmes,3988
02,44,82,Préfecture,Kpendjal,Savanes,Total,Urbain,Ensemble,7732
02,44,82,Préfecture,Kpendjal,Savanes,Total,Rural,Hommes,39291
02,44,82,Préfecture,Kpendjal,Savanes,Total,Rural,Femmes,41342
02,44,82,Préfecture,Kpendjal,Savanes,Total,Rural,Ensemble,80633
02,44,82,Préfecture,Kpendjal,Savanes,Total,Total,Hommes,43035
02,44,82,Préfecture,Kpendjal,Savanes,Total,Total,Femmes,45330
02,44,82,Préfecture,Kpendjal,Savanes,Total,Total,Ensemble,88365
02,45,83,Préfecture,Oti-Sud,Savanes,0,Urbain,Hommes,293
02,45,83,Préfecture,Oti-Sud,Savanes,0,Urbain,Femmes,285
02,45,83,Préfecture,Oti-Sud,Savanes,0,Urbain,Ensemble,578
02,45,83,Préfecture,Oti-Sud,Savanes,0,Rural,Hommes,2465
02,45,83,Préfecture,Oti-Sud,Savanes,0,Rural,Femmes,2394
02,45,83,Préfecture,Oti-Sud,Savanes,0,Rural,Ensemble,4859
02,45,83,Préfecture,Oti-Sud,Savanes,0,Total,Hommes,2758
02,45,83,Préfecture,Oti-Sud,Savanes,0,Total,Femmes,2679
02,45,83,Préfecture,Oti-Sud,Savanes,0,Total,Ensemble,5437
02,45,83,Préfecture,Oti-Sud,Savanes,1-4,Urbain,Hommes,1125
02,45,83,Préfecture,Oti-Sud,Savanes,1-4,Urbain,Femmes,1064
02,45,83,Préfecture,Oti-Sud,Savanes,1-4,Urbain,Ensemble,2189
02,45,83,Préfecture,Oti-Sud,Savanes,1-4,Rural,Hommes,10776
02,45,83,Préfecture,Oti-Sud,Savanes,1-4,Rural,Femmes,10559
02,45,83,Préfecture,Oti-Sud,Savanes,1-4,Rural,Ensemble,21335
02,45,83,Préfecture,Oti-Sud,Savanes,1-4,Total,Hommes,11901
02,45,83,Préfecture,Oti-Sud,Savanes,1-4,Total,Femmes,11623
02,45,83,Préfecture,Oti-Sud,Savanes,1-4,Total,Ensemble,23524
02,45,83,Préfecture,Oti-Sud,Savanes,5-9,Urbain,Hommes,1370
02,45,83,Préfecture,Oti-Sud,Savanes,5-9,Urbain,Femmes,1302
02,45,83,Préfecture,Oti-Sud,Savanes,5-9,Urbain,Ensemble,2672
02,45,83,Préfecture,Oti-Sud,Savanes,5-9,Rural,Hommes,13624
02,45,83,Préfecture,Oti-Sud,Savanes,5-9,Rural,Femmes,13092
02,45,83,Préfecture,Oti-Sud,Savanes,5-9,Rural,Ensemble,26716
02,45,83,Préfecture,Oti-Sud,Savanes,5-9,Total,Hommes,14994
02,45,83,Préfecture,Oti-Sud,Savanes,5-9,Total,Femmes,14394
02,45,83,Préfecture,Oti-Sud,Savanes,5-9,Total,Ensemble,29388
02,45,83,Préfecture,Oti-Sud,Savanes,10-14,Urbain,Hommes,1187
02,45,83,Préfecture,Oti-Sud,Savanes,10-14,Urbain,Femmes,1093
02,45,83,Préfecture,Oti-Sud,Savanes,10-14,Urbain,Ensemble,2280
02,45,83,Préfecture,Oti-Sud,Savanes,10-14,Rural,Hommes,9959
02,45,83,Préfecture,Oti-Sud,Savanes,10-14,Rural,Femmes,8554
02,45,83,Préfecture,Oti-Sud,Savanes,10-14,Rural,Ensemble,18513
02,45,83,Préfecture,Oti-Sud,Savanes,10-14,Total,Hommes,11146
02,45,83,Préfecture,Oti-Sud,Savanes,10-14,Total,Femmes,9647
02,45,83,Préfecture,Oti-Sud,Savanes,10-14,Total,Ensemble,20793
02,45,83,Préfecture,Oti-Sud,Savanes,15-19,Urbain,Hommes,999
02,45,83,Préfecture,Oti-Sud,Savanes,15-19,Urbain,Femmes,886
02,45,83,Préfecture,Oti-Sud,Savanes,15-19,Urbain,Ensemble,1885
02,45,83,Préfecture,Oti-Sud,Savanes,15-19,Rural,Hommes,5665
02,45,83,Préfecture,Oti-Sud,Savanes,15-19,Rural,Femmes,5563
02,45,83,Préfecture,Oti-Sud,Savanes,15-19,Rural,Ensemble,11228
02,45,83,Préfecture,Oti-Sud,Savanes,15-19,Total,Hommes,6664
02,45,83,Préfecture,Oti-Sud,Savanes,15-19,Total,Femmes,6449
02,45,83,Préfecture,Oti-Sud,Savanes,15-19,Total,Ensemble,13113
02,45,83,Préfecture,Oti-Sud,Savanes,20-24,Urbain,Hommes,603
02,45,83,Préfecture,Oti-Sud,Savanes,20-24,Urbain,Femmes,784
02,45,83,Préfecture,Oti-Sud,Savanes,20-24,Urbain,Ensemble,1387
02,45,83,Préfecture,Oti-Sud,Savanes,20-24,Rural,Hommes,4194
02,45,83,Préfecture,Oti-Sud,Savanes,20-24,Rural,Femmes,6135
02,45,83,Préfecture,Oti-Sud,Savanes,20-24,Rural,Ensemble,10329
02,45,83,Préfecture,Oti-Sud,Savanes,20-24,Total,Hommes,4797
02,45,83,Préfecture,Oti-Sud,Savanes,20-24,Total,Femmes,6919
02,45,83,Préfecture,Oti-Sud,Savanes,20-24,Total,Ensemble,11716
02,45,83,Préfecture,Oti-Sud,Savanes,25-29,Urbain,Hommes,467
02,45,83,Préfecture,Oti-Sud,Savanes,25-29,Urbain,Femmes,570
02,45,83,Préfecture,Oti-Sud,Savanes,25-29,Urbain,Ensemble,1037
02,45,83,Préfecture,Oti-Sud,Savanes,25-29,Rural,Hommes,3743
02,45,83,Préfecture,Oti-Sud,Savanes,25-29,Rural,Femmes,4873
02,45,83,Préfecture,Oti-Sud,Savanes,25-29,Rural,Ensemble,8616
02,45,83,Préfecture,Oti-Sud,Savanes,25-29,Total,Hommes,4210
02,45,83,Préfecture,Oti-Sud,Savanes,25-29,Total,Femmes,5443
02,45,83,Préfecture,Oti-Sud,Savanes,25-29,Total,Ensemble,9653
02,45,83,Préfecture,Oti-Sud,Savanes,30-34,Urbain,Hommes,480
02,45,83,Préfecture,Oti-Sud,Savanes,30-34,Urbain,Femmes,551
02,45,83,Préfecture,Oti-Sud,Savanes,30-34,Urbain,Ensemble,1031
02,45,83,Préfecture,Oti-Sud,Savanes,30-34,Rural,Hommes,3655
02,45,83,Préfecture,Oti-Sud,Savanes,30-34,Rural,Femmes,4560
02,45,83,Préfecture,Oti-Sud,Savanes,30-34,Rural,Ensemble,8215
02,45,83,Préfecture,Oti-Sud,Savanes,30-34,Total,Hommes,4135
02,45,83,Préfecture,Oti-Sud,Savanes,30-34,Total,Femmes,5111
02,45,83,Préfecture,Oti-Sud,Savanes,30-34,Total,Ensemble,9246
02,45,83,Préfecture,Oti-Sud,Savanes,35-39,Urbain,Hommes,363
02,45,83,Préfecture,Oti-Sud,Savanes,35-39,Urbain,Femmes,442
02,45,83,Préfecture,Oti-Sud,Savanes,35-39,Urbain,Ensemble,805
02,45,83,Préfecture,Oti-Sud,Savanes,35-39,Rural,Hommes,2538
02,45,83,Préfecture,Oti-Sud,Savanes,35-39,Rural,Femmes,2949
02,45,83,Préfecture,Oti-Sud,Savanes,35-39,Rural,Ensemble,5487
02,45,83,Préfecture,Oti-Sud,Savanes,35-39,Total,Hommes,2901
02,45,83,Préfecture,Oti-Sud,Savanes,35-39,Total,Femmes,3391
02,45,83,Préfecture,Oti-Sud,Savanes,35-39,Total,Ensemble,6292
02,45,83,Préfecture,Oti-Sud,Savanes,40-44,Urbain,Hommes,385
02,45,83,Préfecture,Oti-Sud,Savanes,40-44,Urbain,Femmes,341
02,45,83,Préfecture,Oti-Sud,Savanes,40-44,Urbain,Ensemble,726
02,45,83,Préfecture,Oti-Sud,Savanes,40-44,Rural,Hommes,2293
02,45,83,Préfecture,Oti-Sud,Savanes,40-44,Rural,Femmes,2688
02,45,83,Préfecture,Oti-Sud,Savanes,40-44,Rural,Ensemble,4981
02,45,83,Préfecture,Oti-Sud,Savanes,40-44,Total,Hommes,2678
02,45,83,Préfecture,Oti-Sud,Savanes,40-44,Total,Femmes,3029
02,45,83,Préfecture,Oti-Sud,Savanes,40-44,Total,Ensemble,5707
02,45,83,Préfecture,Oti-Sud,Savanes,45-49,Urbain,Hommes,233
02,45,83,Préfecture,Oti-Sud,Savanes,45-49,Urbain,Femmes,189
02,45,83,Préfecture,Oti-Sud,Savanes,45-49,Urbain,Ensemble,422
02,45,83,Préfecture,Oti-Sud,Savanes,45-49,Rural,Hommes,1410
02,45,83,Préfecture,Oti-Sud,Savanes,45-49,Rural,Femmes,1533
02,45,83,Préfecture,Oti-Sud,Savanes,45-49,Rural,Ensemble,2943
02,45,83,Préfecture,Oti-Sud,Savanes,45-49,Total,Hommes,1643
02,45,83,Préfecture,Oti-Sud,Savanes,45-49,Total,Femmes,1722
02,45,83,Préfecture,Oti-Sud,Savanes,45-49,Total,Ensemble,3365
02,45,83,Préfecture,Oti-Sud,Savanes,50-54,Urbain,Hommes,206
02,45,83,Préfecture,Oti-Sud,Savanes,50-54,Urbain,Femmes,225
02,45,83,Préfecture,Oti-Sud,Savanes,50-54,Urbain,Ensemble,431
02,45,83,Préfecture,Oti-Sud,Savanes,50-54,Rural,Hommes,1482
02,45,83,Préfecture,Oti-Sud,Savanes,50-54,Rural,Femmes,1731
02,45,83,Préfecture,Oti-Sud,Savanes,50-54,Rural,Ensemble,3213
02,45,83,Préfecture,Oti-Sud,Savanes,50-54,Total,Hommes,1688
02,45,83,Préfecture,Oti-Sud,Savanes,50-54,Total,Femmes,1956
02,45,83,Préfecture,Oti-Sud,Savanes,50-54,Total,Ensemble,3644
02,45,83,Préfecture,Oti-Sud,Savanes,55-59,Urbain,Hommes,98
02,45,83,Préfecture,Oti-Sud,Savanes,55-59,Urbain,Femmes,125
02,45,83,Préfecture,Oti-Sud,Savanes,55-59,Urbain,Ensemble,223
02,45,83,Préfecture,Oti-Sud,Savanes,55-59,Rural,Hommes,852
02,45,83,Préfecture,Oti-Sud,Savanes,55-59,Rural,Femmes,839
02,45,83,Préfecture,Oti-Sud,Savanes,55-59,Rural,Ensemble,1691
02,45,83,Préfecture,Oti-Sud,Savanes,55-59,Total,Hommes,950
02,45,83,Préfecture,Oti-Sud,Savanes,55-59,Total,Femmes,964
02,45,83,Préfecture,Oti-Sud,Savanes,55-59,Total,Ensemble,1914
02,45,83,Préfecture,Oti-Sud,Savanes,60-64,Urbain,Hommes,94
02,45,83,Préfecture,Oti-Sud,Savanes,60-64,Urbain,Femmes,144
02,45,83,Préfecture,Oti-Sud,Savanes,60-64,Urbain,Ensemble,238
02,45,83,Préfecture,Oti-Sud,Savanes,60-64,Rural,Hommes,915
02,45,83,Préfecture,Oti-Sud,Savanes,60-64,Rural,Femmes,1177
02,45,83,Préfecture,Oti-Sud,Savanes,60-64,Rural,Ensemble,2092
02,45,83,Préfecture,Oti-Sud,Savanes,60-64,Total,Hommes,1009
02,45,83,Préfecture,Oti-Sud,Savanes,60-64,Total,Femmes,1321
02,45,83,Préfecture,Oti-Sud,Savanes,60-64,Total,Ensemble,2330
02,45,83,Préfecture,Oti-Sud,Savanes,65-69,Urbain,Hommes,56
02,45,83,Préfecture,Oti-Sud,Savanes,65-69,Urbain,Femmes,58
02,45,83,Préfecture,Oti-Sud,Savanes,65-69,Urbain,Ensemble,114
02,45,83,Préfecture,Oti-Sud,Savanes,65-69,Rural,Hommes,409
02,45,83,Préfecture,Oti-Sud,Savanes,65-69,Rural,Femmes,514
02,45,83,Préfecture,Oti-Sud,Savanes,65-69,Rural,Ensemble,923
02,45,83,Préfecture,Oti-Sud,Savanes,65-69,Total,Hommes,465
02,45,83,Préfecture,Oti-Sud,Savanes,65-69,Total,Femmes,572
02,45,83,Préfecture,Oti-Sud,Savanes,65-69,Total,Ensemble,1037
02,45,83,Préfecture,Oti-Sud,Savanes,70-74,Urbain,Hommes,54
02,45,83,Préfecture,Oti-Sud,Savanes,70-74,Urbain,Femmes,87
02,45,83,Préfecture,Oti-Sud,Savanes,70-74,Urbain,Ensemble,141
02,45,83,Préfecture,Oti-Sud,Savanes,70-74,Rural,Hommes,502
02,45,83,Préfecture,Oti-Sud,Savanes,70-74,Rural,Femmes,634
02,45,83,Préfecture,Oti-Sud,Savanes,70-74,Rural,Ensemble,1136
02,45,83,Préfecture,Oti-Sud,Savanes,70-74,Total,Hommes,556
02,45,83,Préfecture,Oti-Sud,Savanes,70-74,Total,Femmes,721
02,45,83,Préfecture,Oti-Sud,Savanes,70-74,Total,Ensemble,1277
02,45,83,Préfecture,Oti-Sud,Savanes,75-79,Urbain,Hommes,18
02,45,83,Préfecture,Oti-Sud,Savanes,75-79,Urbain,Femmes,31
02,45,83,Préfecture,Oti-Sud,Savanes,75-79,Urbain,Ensemble,49
02,45,83,Préfecture,Oti-Sud,Savanes,75-79,Rural,Hommes,203
02,45,83,Préfecture,Oti-Sud,Savanes,75-79,Rural,Femmes,238
02,45,83,Préfecture,Oti-Sud,Savanes,75-79,Rural,Ensemble,441
02,45,83,Préfecture,Oti-Sud,Savanes,75-79,Total,Hommes,221
02,45,83,Préfecture,Oti-Sud,Savanes,75-79,Total,Femmes,269
02,45,83,Préfecture,Oti-Sud,Savanes,75-79,Total,Ensemble,490
02,45,83,Préfecture,Oti-Sud,Savanes,80-84,Urbain,Hommes,24
02,45,83,Préfecture,Oti-Sud,Savanes,80-84,Urbain,Femmes,40
02,45,83,Préfecture,Oti-Sud,Savanes,80-84,Urbain,Ensemble,64
02,45,83,Préfecture,Oti-Sud,Savanes,80-84,Rural,Hommes,205
02,45,83,Préfecture,Oti-Sud,Savanes,80-84,Rural,Femmes,298
02,45,83,Préfecture,Oti-Sud,Savanes,80-84,Rural,Ensemble,503
02,45,83,Préfecture,Oti-Sud,Savanes,80-84,Total,Hommes,229
02,45,83,Préfecture,Oti-Sud,Savanes,80-84,Total,Femmes,338
02,45,83,Préfecture,Oti-Sud,Savanes,80-84,Total,Ensemble,567
02,45,83,Préfecture,Oti-Sud,Savanes,85 et +,Urbain,Hommes,18
02,45,83,Préfecture,Oti-Sud,Savanes,85 et +,Urbain,Femmes,44
02,45,83,Préfecture,Oti-Sud,Savanes,85 et +,Urbain,Ensemble,62
02,45,83,Préfecture,Oti-Sud,Savanes,85 et +,Rural,Hommes,185
02,45,83,Préfecture,Oti-Sud,Savanes,85 et +,Rural,Femmes,247
02,45,83,Préfecture,Oti-Sud,Savanes,85 et +,Rural,Ensemble,432
02,45,83,Préfecture,Oti-Sud,Savanes,85 et +,Total,Hommes,203
02,45,83,Préfecture,Oti-Sud,Savanes,85 et +,Total,Femmes,291
02,45,83,Préfecture,Oti-Sud,Savanes,85 et +,Total,Ensemble,494
02,45,83,Préfecture,Oti-Sud,Savanes,ND,Urbain,Hommes,6
02,45,83,Préfecture,Oti-Sud,Savanes,ND,Urbain,Femmes,6
02,45,83,Préfecture,Oti-Sud,Savanes,ND,Urbain,Ensemble,12
02,45,83,Préfecture,Oti-Sud,Savanes,ND,Rural,Hommes,178
02,45,83,Préfecture,Oti-Sud,Savanes,ND,Rural,Femmes,199
02,45,83,Préfecture,Oti-Sud,Savanes,ND,Rural,Ensemble,377
02,45,83,Préfecture,Oti-Sud,Savanes,ND,Total,Hommes,184
02,45,83,Préfecture,Oti-Sud,Savanes,ND,Total,Femmes,205
02,45,83,Préfecture,Oti-Sud,Savanes,ND,Total,Ensemble,389
02,45,83,Préfecture,Oti-Sud,Savanes,Total,Urbain,Hommes,8079
02,45,83,Préfecture,Oti-Sud,Savanes,Total,Urbain,Femmes,8267
02,45,83,Préfecture,Oti-Sud,Savanes,Total,Urbain,Ensemble,16346
02,45,83,Préfecture,Oti-Sud,Savanes,Total,Rural,Hommes,65253
02,45,83,Préfecture,Oti-Sud,Savanes,Total,Rural,Femmes,68777
02,45,83,Préfecture,Oti-Sud,Savanes,Total,Rural,Ensemble,134030
02,45,83,Préfecture,Oti-Sud,Savanes,Total,Total,Hommes,73332
02,45,83,Préfecture,Oti-Sud,Savanes,Total,Total,Femmes,77044
02,45,83,Préfecture,Oti-Sud,Savanes,Total,Total,Ensemble,150376
02,46,84,Préfecture,Oti,Savanes,0,Urbain,Hommes,485
02,46,84,Préfecture,Oti,Savanes,0,Urbain,Femmes,434
02,46,84,Préfecture,Oti,Savanes,0,Urbain,Ensemble,919
02,46,84,Préfecture,Oti,Savanes,0,Rural,Hommes,1369
02,46,84,Préfecture,Oti,Savanes,0,Rural,Femmes,1333
02,46,84,Préfecture,Oti,Savanes,0,Rural,Ensemble,2702
02,46,84,Préfecture,Oti,Savanes,0,Total,Hommes,1854
02,46,84,Préfecture,Oti,Savanes,0,Total,Femmes,1767
02,46,84,Préfecture,Oti,Savanes,0,Total,Ensemble,3621
02,46,84,Préfecture,Oti,Savanes,1-4,Urbain,Hommes,1828
02,46,84,Préfecture,Oti,Savanes,1-4,Urbain,Femmes,1800
02,46,84,Préfecture,Oti,Savanes,1-4,Urbain,Ensemble,3628
02,46,84,Préfecture,Oti,Savanes,1-4,Rural,Hommes,6334
02,46,84,Préfecture,Oti,Savanes,1-4,Rural,Femmes,5987
02,46,84,Préfecture,Oti,Savanes,1-4,Rural,Ensemble,12321
02,46,84,Préfecture,Oti,Savanes,1-4,Total,Hommes,8162
02,46,84,Préfecture,Oti,Savanes,1-4,Total,Femmes,7787
02,46,84,Préfecture,Oti,Savanes,1-4,Total,Ensemble,15949
02,46,84,Préfecture,Oti,Savanes,5-9,Urbain,Hommes,2422
02,46,84,Préfecture,Oti,Savanes,5-9,Urbain,Femmes,2390
02,46,84,Préfecture,Oti,Savanes,5-9,Urbain,Ensemble,4812
02,46,84,Préfecture,Oti,Savanes,5-9,Rural,Hommes,8318
02,46,84,Préfecture,Oti,Savanes,5-9,Rural,Femmes,7863
02,46,84,Préfecture,Oti,Savanes,5-9,Rural,Ensemble,16181
02,46,84,Préfecture,Oti,Savanes,5-9,Total,Hommes,10740
02,46,84,Préfecture,Oti,Savanes,5-9,Total,Femmes,10253
02,46,84,Préfecture,Oti,Savanes,5-9,Total,Ensemble,20993
02,46,84,Préfecture,Oti,Savanes,10-14,Urbain,Hommes,2269
02,46,84,Préfecture,Oti,Savanes,10-14,Urbain,Femmes,2380
02,46,84,Préfecture,Oti,Savanes,10-14,Urbain,Ensemble,4649
02,46,84,Préfecture,Oti,Savanes,10-14,Rural,Hommes,7164
02,46,84,Préfecture,Oti,Savanes,10-14,Rural,Femmes,6625
02,46,84,Préfecture,Oti,Savanes,10-14,Rural,Ensemble,13789
02,46,84,Préfecture,Oti,Savanes,10-14,Total,Hommes,9433
02,46,84,Préfecture,Oti,Savanes,10-14,Total,Femmes,9005
02,46,84,Préfecture,Oti,Savanes,10-14,Total,Ensemble,18438
02,46,84,Préfecture,Oti,Savanes,15-19,Urbain,Hommes,2275
02,46,84,Préfecture,Oti,Savanes,15-19,Urbain,Femmes,2214
02,46,84,Préfecture,Oti,Savanes,15-19,Urbain,Ensemble,4489
02,46,84,Préfecture,Oti,Savanes,15-19,Rural,Hommes,4773
02,46,84,Préfecture,Oti,Savanes,15-19,Rural,Femmes,4643
02,46,84,Préfecture,Oti,Savanes,15-19,Rural,Ensemble,9416
02,46,84,Préfecture,Oti,Savanes,15-19,Total,Hommes,7048
02,46,84,Préfecture,Oti,Savanes,15-19,Total,Femmes,6857
02,46,84,Préfecture,Oti,Savanes,15-19,Total,Ensemble,13905
02,46,84,Préfecture,Oti,Savanes,20-24,Urbain,Hommes,1480
02,46,84,Préfecture,Oti,Savanes,20-24,Urbain,Femmes,1571
02,46,84,Préfecture,Oti,Savanes,20-24,Urbain,Ensemble,3051
02,46,84,Préfecture,Oti,Savanes,20-24,Rural,Hommes,3057
02,46,84,Préfecture,Oti,Savanes,20-24,Rural,Femmes,3833
02,46,84,Préfecture,Oti,Savanes,20-24,Rural,Ensemble,6890
02,46,84,Préfecture,Oti,Savanes,20-24,Total,Hommes,4537
02,46,84,Préfecture,Oti,Savanes,20-24,Total,Femmes,5404
02,46,84,Préfecture,Oti,Savanes,20-24,Total,Ensemble,9941
02,46,84,Préfecture,Oti,Savanes,25-29,Urbain,Hommes,1208
02,46,84,Préfecture,Oti,Savanes,25-29,Urbain,Femmes,1300
02,46,84,Préfecture,Oti,Savanes,25-29,Urbain,Ensemble,2508
02,46,84,Préfecture,Oti,Savanes,25-29,Rural,Hommes,2264
02,46,84,Préfecture,Oti,Savanes,25-29,Rural,Femmes,3025
02,46,84,Préfecture,Oti,Savanes,25-29,Rural,Ensemble,5289
02,46,84,Préfecture,Oti,Savanes,25-29,Total,Hommes,3472
02,46,84,Préfecture,Oti,Savanes,25-29,Total,Femmes,4325
02,46,84,Préfecture,Oti,Savanes,25-29,Total,Ensemble,7797
02,46,84,Préfecture,Oti,Savanes,30-34,Urbain,Hommes,1149
02,46,84,Préfecture,Oti,Savanes,30-34,Urbain,Femmes,1240
02,46,84,Préfecture,Oti,Savanes,30-34,Urbain,Ensemble,2389
02,46,84,Préfecture,Oti,Savanes,30-34,Rural,Hommes,2119
02,46,84,Préfecture,Oti,Savanes,30-34,Rural,Femmes,2888
02,46,84,Préfecture,Oti,Savanes,30-34,Rural,Ensemble,5007
02,46,84,Préfecture,Oti,Savanes,30-34,Total,Hommes,3268
02,46,84,Préfecture,Oti,Savanes,30-34,Total,Femmes,4128
02,46,84,Préfecture,Oti,Savanes,30-34,Total,Ensemble,7396
02,46,84,Préfecture,Oti,Savanes,35-39,Urbain,Hommes,993
02,46,84,Préfecture,Oti,Savanes,35-39,Urbain,Femmes,990
02,46,84,Préfecture,Oti,Savanes,35-39,Urbain,Ensemble,1983
02,46,84,Préfecture,Oti,Savanes,35-39,Rural,Hommes,1868
02,46,84,Préfecture,Oti,Savanes,35-39,Rural,Femmes,2355
02,46,84,Préfecture,Oti,Savanes,35-39,Rural,Ensemble,4223
02,46,84,Préfecture,Oti,Savanes,35-39,Total,Hommes,2861
02,46,84,Préfecture,Oti,Savanes,35-39,Total,Femmes,3345
02,46,84,Préfecture,Oti,Savanes,35-39,Total,Ensemble,6206
02,46,84,Préfecture,Oti,Savanes,40-44,Urbain,Hommes,782
02,46,84,Préfecture,Oti,Savanes,40-44,Urbain,Femmes,752
02,46,84,Préfecture,Oti,Savanes,40-44,Urbain,Ensemble,1534
02,46,84,Préfecture,Oti,Savanes,40-44,Rural,Hommes,1605
02,46,84,Préfecture,Oti,Savanes,40-44,Rural,Femmes,2137
02,46,84,Préfecture,Oti,Savanes,40-44,Rural,Ensemble,3742
02,46,84,Préfecture,Oti,Savanes,40-44,Total,Hommes,2387
02,46,84,Préfecture,Oti,Savanes,40-44,Total,Femmes,2889
02,46,84,Préfecture,Oti,Savanes,40-44,Total,Ensemble,5276
02,46,84,Préfecture,Oti,Savanes,45-49,Urbain,Hommes,572
02,46,84,Préfecture,Oti,Savanes,45-49,Urbain,Femmes,632
02,46,84,Préfecture,Oti,Savanes,45-49,Urbain,Ensemble,1204
02,46,84,Préfecture,Oti,Savanes,45-49,Rural,Hommes,1205
02,46,84,Préfecture,Oti,Savanes,45-49,Rural,Femmes,1371
02,46,84,Préfecture,Oti,Savanes,45-49,Rural,Ensemble,2576
02,46,84,Préfecture,Oti,Savanes,45-49,Total,Hommes,1777
02,46,84,Préfecture,Oti,Savanes,45-49,Total,Femmes,2003
02,46,84,Préfecture,Oti,Savanes,45-49,Total,Ensemble,3780
02,46,84,Préfecture,Oti,Savanes,50-54,Urbain,Hommes,492
02,46,84,Préfecture,Oti,Savanes,50-54,Urbain,Femmes,558
02,46,84,Préfecture,Oti,Savanes,50-54,Urbain,Ensemble,1050
02,46,84,Préfecture,Oti,Savanes,50-54,Rural,Hommes,1142
02,46,84,Préfecture,Oti,Savanes,50-54,Rural,Femmes,1355
02,46,84,Préfecture,Oti,Savanes,50-54,Rural,Ensemble,2497
02,46,84,Préfecture,Oti,Savanes,50-54,Total,Hommes,1634
02,46,84,Préfecture,Oti,Savanes,50-54,Total,Femmes,1913
02,46,84,Préfecture,Oti,Savanes,50-54,Total,Ensemble,3547
02,46,84,Préfecture,Oti,Savanes,55-59,Urbain,Hommes,328
02,46,84,Préfecture,Oti,Savanes,55-59,Urbain,Femmes,368
02,46,84,Préfecture,Oti,Savanes,55-59,Urbain,Ensemble,696
02,46,84,Préfecture,Oti,Savanes,55-59,Rural,Hommes,673
02,46,84,Préfecture,Oti,Savanes,55-59,Rural,Femmes,716
02,46,84,Préfecture,Oti,Savanes,55-59,Rural,Ensemble,1389
02,46,84,Préfecture,Oti,Savanes,55-59,Total,Hommes,1001
02,46,84,Préfecture,Oti,Savanes,55-59,Total,Femmes,1084
02,46,84,Préfecture,Oti,Savanes,55-59,Total,Ensemble,2085
02,46,84,Préfecture,Oti,Savanes,60-64,Urbain,Hommes,288
02,46,84,Préfecture,Oti,Savanes,60-64,Urbain,Femmes,370
02,46,84,Préfecture,Oti,Savanes,60-64,Urbain,Ensemble,658
02,46,84,Préfecture,Oti,Savanes,60-64,Rural,Hommes,594
02,46,84,Préfecture,Oti,Savanes,60-64,Rural,Femmes,858
02,46,84,Préfecture,Oti,Savanes,60-64,Rural,Ensemble,1452
02,46,84,Préfecture,Oti,Savanes,60-64,Total,Hommes,882
02,46,84,Préfecture,Oti,Savanes,60-64,Total,Femmes,1228
02,46,84,Préfecture,Oti,Savanes,60-64,Total,Ensemble,2110
02,46,84,Préfecture,Oti,Savanes,65-69,Urbain,Hommes,197
02,46,84,Préfecture,Oti,Savanes,65-69,Urbain,Femmes,207
02,46,84,Préfecture,Oti,Savanes,65-69,Urbain,Ensemble,404
02,46,84,Préfecture,Oti,Savanes,65-69,Rural,Hommes,298
02,46,84,Préfecture,Oti,Savanes,65-69,Rural,Femmes,408
02,46,84,Préfecture,Oti,Savanes,65-69,Rural,Ensemble,706
02,46,84,Préfecture,Oti,Savanes,65-69,Total,Hommes,495
02,46,84,Préfecture,Oti,Savanes,65-69,Total,Femmes,615
02,46,84,Préfecture,Oti,Savanes,65-69,Total,Ensemble,1110
02,46,84,Préfecture,Oti,Savanes,70-74,Urbain,Hommes,137
02,46,84,Préfecture,Oti,Savanes,70-74,Urbain,Femmes,213
02,46,84,Préfecture,Oti,Savanes,70-74,Urbain,Ensemble,350
02,46,84,Préfecture,Oti,Savanes,70-74,Rural,Hommes,319
02,46,84,Préfecture,Oti,Savanes,70-74,Rural,Femmes,489
02,46,84,Préfecture,Oti,Savanes,70-74,Rural,Ensemble,808
02,46,84,Préfecture,Oti,Savanes,70-74,Total,Hommes,456
02,46,84,Préfecture,Oti,Savanes,70-74,Total,Femmes,702
02,46,84,Préfecture,Oti,Savanes,70-74,Total,Ensemble,1158
02,46,84,Préfecture,Oti,Savanes,75-79,Urbain,Hommes,65
02,46,84,Préfecture,Oti,Savanes,75-79,Urbain,Femmes,105
02,46,84,Préfecture,Oti,Savanes,75-79,Urbain,Ensemble,170
02,46,84,Préfecture,Oti,Savanes,75-79,Rural,Hommes,131
02,46,84,Préfecture,Oti,Savanes,75-79,Rural,Femmes,181
02,46,84,Préfecture,Oti,Savanes,75-79,Rural,Ensemble,312
02,46,84,Préfecture,Oti,Savanes,75-79,Total,Hommes,196
02,46,84,Préfecture,Oti,Savanes,75-79,Total,Femmes,286
02,46,84,Préfecture,Oti,Savanes,75-79,Total,Ensemble,482
02,46,84,Préfecture,Oti,Savanes,80-84,Urbain,Hommes,39
02,46,84,Préfecture,Oti,Savanes,80-84,Urbain,Femmes,89
02,46,84,Préfecture,Oti,Savanes,80-84,Urbain,Ensemble,128
02,46,84,Préfecture,Oti,Savanes,80-84,Rural,Hommes,133
02,46,84,Préfecture,Oti,Savanes,80-84,Rural,Femmes,207
02,46,84,Préfecture,Oti,Savanes,80-84,Rural,Ensemble,340
02,46,84,Préfecture,Oti,Savanes,80-84,Total,Hommes,172
02,46,84,Préfecture,Oti,Savanes,80-84,Total,Femmes,296
02,46,84,Préfecture,Oti,Savanes,80-84,Total,Ensemble,468
02,46,84,Préfecture,Oti,Savanes,85 et +,Urbain,Hommes,39
02,46,84,Préfecture,Oti,Savanes,85 et +,Urbain,Femmes,62
02,46,84,Préfecture,Oti,Savanes,85 et +,Urbain,Ensemble,101
02,46,84,Préfecture,Oti,Savanes,85 et +,Rural,Hommes,136
02,46,84,Préfecture,Oti,Savanes,85 et +,Rural,Femmes,159
02,46,84,Préfecture,Oti,Savanes,85 et +,Rural,Ensemble,295
02,46,84,Préfecture,Oti,Savanes,85 et +,Total,Hommes,175
02,46,84,Préfecture,Oti,Savanes,85 et +,Total,Femmes,221
02,46,84,Préfecture,Oti,Savanes,85 et +,Total,Ensemble,396
02,46,84,Préfecture,Oti,Savanes,ND,Urbain,Hommes,44
02,46,84,Préfecture,Oti,Savanes,ND,Urbain,Femmes,24
02,46,84,Préfecture,Oti,Savanes,ND,Urbain,Ensemble,68
02,46,84,Préfecture,Oti,Savanes,ND,Rural,Hommes,44
02,46,84,Préfecture,Oti,Savanes,ND,Rural,Femmes,78
02,46,84,Préfecture,Oti,Savanes,ND,Rural,Ensemble,122
02,46,84,Préfecture,Oti,Savanes,ND,Total,Hommes,88
02,46,84,Préfecture,Oti,Savanes,ND,Total,Femmes,102
02,46,84,Préfecture,Oti,Savanes,ND,Total,Ensemble,190
02,46,84,Préfecture,Oti,Savanes,Total,Urbain,Hommes,17092
02,46,84,Préfecture,Oti,Savanes,Total,Urbain,Femmes,17699
02,46,84,Préfecture,Oti,Savanes,Total,Urbain,Ensemble,34791
02,46,84,Préfecture,Oti,Savanes,Total,Rural,Hommes,43546
02,46,84,Préfecture,Oti,Savanes,Total,Rural,Femmes,46511
02,46,84,Préfecture,Oti,Savanes,Total,Rural,Ensemble,90057
02,46,84,Préfecture,Oti,Savanes,Total,Total,Hommes,60638
02,46,84,Préfecture,Oti,Savanes,Total,Total,Femmes,64210
02,46,84,Préfecture,Oti,Savanes,Total,Total,Ensemble,124848
02,47,85,Préfecture,Tandjoare,Savanes,0,Urbain,Hommes,34
02,47,85,Préfecture,Tandjoare,Savanes,0,Urbain,Femmes,41
02,47,85,Préfecture,Tandjoare,Savanes,0,Urbain,Ensemble,75
02,47,85,Préfecture,Tandjoare,Savanes,0,Rural,Hommes,2106
02,47,85,Préfecture,Tandjoare,Savanes,0,Rural,Femmes,2050
02,47,85,Préfecture,Tandjoare,Savanes,0,Rural,Ensemble,4156
02,47,85,Préfecture,Tandjoare,Savanes,0,Total,Hommes,2140
02,47,85,Préfecture,Tandjoare,Savanes,0,Total,Femmes,2091
02,47,85,Préfecture,Tandjoare,Savanes,0,Total,Ensemble,4231
02,47,85,Préfecture,Tandjoare,Savanes,1-4,Urbain,Hommes,150
02,47,85,Préfecture,Tandjoare,Savanes,1-4,Urbain,Femmes,162
02,47,85,Préfecture,Tandjoare,Savanes,1-4,Urbain,Ensemble,312
02,47,85,Préfecture,Tandjoare,Savanes,1-4,Rural,Hommes,8468
02,47,85,Préfecture,Tandjoare,Savanes,1-4,Rural,Femmes,8410
02,47,85,Préfecture,Tandjoare,Savanes,1-4,Rural,Ensemble,16878
02,47,85,Préfecture,Tandjoare,Savanes,1-4,Total,Hommes,8618
02,47,85,Préfecture,Tandjoare,Savanes,1-4,Total,Femmes,8572
02,47,85,Préfecture,Tandjoare,Savanes,1-4,Total,Ensemble,17190
02,47,85,Préfecture,Tandjoare,Savanes,5-9,Urbain,Hommes,196
02,47,85,Préfecture,Tandjoare,Savanes,5-9,Urbain,Femmes,207
02,47,85,Préfecture,Tandjoare,Savanes,5-9,Urbain,Ensemble,403
02,47,85,Préfecture,Tandjoare,Savanes,5-9,Rural,Hommes,10679
02,47,85,Préfecture,Tandjoare,Savanes,5-9,Rural,Femmes,10264
02,47,85,Préfecture,Tandjoare,Savanes,5-9,Rural,Ensemble,20943
02,47,85,Préfecture,Tandjoare,Savanes,5-9,Total,Hommes,10875
02,47,85,Préfecture,Tandjoare,Savanes,5-9,Total,Femmes,10471
02,47,85,Préfecture,Tandjoare,Savanes,5-9,Total,Ensemble,21346
02,47,85,Préfecture,Tandjoare,Savanes,10-14,Urbain,Hommes,209
02,47,85,Préfecture,Tandjoare,Savanes,10-14,Urbain,Femmes,226
02,47,85,Préfecture,Tandjoare,Savanes,10-14,Urbain,Ensemble,435
02,47,85,Préfecture,Tandjoare,Savanes,10-14,Rural,Hommes,10987
02,47,85,Préfecture,Tandjoare,Savanes,10-14,Rural,Femmes,10067
02,47,85,Préfecture,Tandjoare,Savanes,10-14,Rural,Ensemble,21054
02,47,85,Préfecture,Tandjoare,Savanes,10-14,Total,Hommes,11196
02,47,85,Préfecture,Tandjoare,Savanes,10-14,Total,Femmes,10293
02,47,85,Préfecture,Tandjoare,Savanes,10-14,Total,Ensemble,21489
02,47,85,Préfecture,Tandjoare,Savanes,15-19,Urbain,Hommes,202
02,47,85,Préfecture,Tandjoare,Savanes,15-19,Urbain,Femmes,218
02,47,85,Préfecture,Tandjoare,Savanes,15-19,Urbain,Ensemble,420
02,47,85,Préfecture,Tandjoare,Savanes,15-19,Rural,Hommes,7280
02,47,85,Préfecture,Tandjoare,Savanes,15-19,Rural,Femmes,6994
02,47,85,Préfecture,Tandjoare,Savanes,15-19,Rural,Ensemble,14274
02,47,85,Préfecture,Tandjoare,Savanes,15-19,Total,Hommes,7482
02,47,85,Préfecture,Tandjoare,Savanes,15-19,Total,Femmes,7212
02,47,85,Préfecture,Tandjoare,Savanes,15-19,Total,Ensemble,14694
02,47,85,Préfecture,Tandjoare,Savanes,20-24,Urbain,Hommes,105
02,47,85,Préfecture,Tandjoare,Savanes,20-24,Urbain,Femmes,126
02,47,85,Préfecture,Tandjoare,Savanes,20-24,Urbain,Ensemble,231
02,47,85,Préfecture,Tandjoare,Savanes,20-24,Rural,Hommes,4574
02,47,85,Préfecture,Tandjoare,Savanes,20-24,Rural,Femmes,5973
02,47,85,Préfecture,Tandjoare,Savanes,20-24,Rural,Ensemble,10547
02,47,85,Préfecture,Tandjoare,Savanes,20-24,Total,Hommes,4679
02,47,85,Préfecture,Tandjoare,Savanes,20-24,Total,Femmes,6099
02,47,85,Préfecture,Tandjoare,Savanes,20-24,Total,Ensemble,10778
02,47,85,Préfecture,Tandjoare,Savanes,25-29,Urbain,Hommes,60
02,47,85,Préfecture,Tandjoare,Savanes,25-29,Urbain,Femmes,99
02,47,85,Préfecture,Tandjoare,Savanes,25-29,Urbain,Ensemble,159
02,47,85,Préfecture,Tandjoare,Savanes,25-29,Rural,Hommes,3630
02,47,85,Préfecture,Tandjoare,Savanes,25-29,Rural,Femmes,4250
02,47,85,Préfecture,Tandjoare,Savanes,25-29,Rural,Ensemble,7880
02,47,85,Préfecture,Tandjoare,Savanes,25-29,Total,Hommes,3690
02,47,85,Préfecture,Tandjoare,Savanes,25-29,Total,Femmes,4349
02,47,85,Préfecture,Tandjoare,Savanes,25-29,Total,Ensemble,8039
02,47,85,Préfecture,Tandjoare,Savanes,30-34,Urbain,Hommes,77
02,47,85,Préfecture,Tandjoare,Savanes,30-34,Urbain,Femmes,99
02,47,85,Préfecture,Tandjoare,Savanes,30-34,Urbain,Ensemble,176
02,47,85,Préfecture,Tandjoare,Savanes,30-34,Rural,Hommes,3511
02,47,85,Préfecture,Tandjoare,Savanes,30-34,Rural,Femmes,4278
02,47,85,Préfecture,Tandjoare,Savanes,30-34,Rural,Ensemble,7789
02,47,85,Préfecture,Tandjoare,Savanes,30-34,Total,Hommes,3588
02,47,85,Préfecture,Tandjoare,Savanes,30-34,Total,Femmes,4377
02,47,85,Préfecture,Tandjoare,Savanes,30-34,Total,Ensemble,7965
02,47,85,Préfecture,Tandjoare,Savanes,35-39,Urbain,Hommes,89
02,47,85,Préfecture,Tandjoare,Savanes,35-39,Urbain,Femmes,109
02,47,85,Préfecture,Tandjoare,Savanes,35-39,Urbain,Ensemble,198
02,47,85,Préfecture,Tandjoare,Savanes,35-39,Rural,Hommes,2857
02,47,85,Préfecture,Tandjoare,Savanes,35-39,Rural,Femmes,3677
02,47,85,Préfecture,Tandjoare,Savanes,35-39,Rural,Ensemble,6534
02,47,85,Préfecture,Tandjoare,Savanes,35-39,Total,Hommes,2946
02,47,85,Préfecture,Tandjoare,Savanes,35-39,Total,Femmes,3786
02,47,85,Préfecture,Tandjoare,Savanes,35-39,Total,Ensemble,6732
02,47,85,Préfecture,Tandjoare,Savanes,40-44,Urbain,Hommes,82
02,47,85,Préfecture,Tandjoare,Savanes,40-44,Urbain,Femmes,80
02,47,85,Préfecture,Tandjoare,Savanes,40-44,Urbain,Ensemble,162
02,47,85,Préfecture,Tandjoare,Savanes,40-44,Rural,Hommes,2441
02,47,85,Préfecture,Tandjoare,Savanes,40-44,Rural,Femmes,3422
02,47,85,Préfecture,Tandjoare,Savanes,40-44,Rural,Ensemble,5863
02,47,85,Préfecture,Tandjoare,Savanes,40-44,Total,Hommes,2523
02,47,85,Préfecture,Tandjoare,Savanes,40-44,Total,Femmes,3502
02,47,85,Préfecture,Tandjoare,Savanes,40-44,Total,Ensemble,6025
02,47,85,Préfecture,Tandjoare,Savanes,45-49,Urbain,Hommes,49
02,47,85,Préfecture,Tandjoare,Savanes,45-49,Urbain,Femmes,57
02,47,85,Préfecture,Tandjoare,Savanes,45-49,Urbain,Ensemble,106
02,47,85,Préfecture,Tandjoare,Savanes,45-49,Rural,Hommes,1887
02,47,85,Préfecture,Tandjoare,Savanes,45-49,Rural,Femmes,2462
02,47,85,Préfecture,Tandjoare,Savanes,45-49,Rural,Ensemble,4349
02,47,85,Préfecture,Tandjoare,Savanes,45-49,Total,Hommes,1936
02,47,85,Préfecture,Tandjoare,Savanes,45-49,Total,Femmes,2519
02,47,85,Préfecture,Tandjoare,Savanes,45-49,Total,Ensemble,4455
02,47,85,Préfecture,Tandjoare,Savanes,50-54,Urbain,Hommes,47
02,47,85,Préfecture,Tandjoare,Savanes,50-54,Urbain,Femmes,54
02,47,85,Préfecture,Tandjoare,Savanes,50-54,Urbain,Ensemble,101
02,47,85,Préfecture,Tandjoare,Savanes,50-54,Rural,Hommes,1803
02,47,85,Préfecture,Tandjoare,Savanes,50-54,Rural,Femmes,2735
02,47,85,Préfecture,Tandjoare,Savanes,50-54,Rural,Ensemble,4538
02,47,85,Préfecture,Tandjoare,Savanes,50-54,Total,Hommes,1850
02,47,85,Préfecture,Tandjoare,Savanes,50-54,Total,Femmes,2789
02,47,85,Préfecture,Tandjoare,Savanes,50-54,Total,Ensemble,4639
02,47,85,Préfecture,Tandjoare,Savanes,55-59,Urbain,Hommes,37
02,47,85,Préfecture,Tandjoare,Savanes,55-59,Urbain,Femmes,43
02,47,85,Préfecture,Tandjoare,Savanes,55-59,Urbain,Ensemble,80
02,47,85,Préfecture,Tandjoare,Savanes,55-59,Rural,Hommes,1388
02,47,85,Préfecture,Tandjoare,Savanes,55-59,Rural,Femmes,1525
02,47,85,Préfecture,Tandjoare,Savanes,55-59,Rural,Ensemble,2913
02,47,85,Préfecture,Tandjoare,Savanes,55-59,Total,Hommes,1425
02,47,85,Préfecture,Tandjoare,Savanes,55-59,Total,Femmes,1568
02,47,85,Préfecture,Tandjoare,Savanes,55-59,Total,Ensemble,2993
02,47,85,Préfecture,Tandjoare,Savanes,60-64,Urbain,Hommes,30
02,47,85,Préfecture,Tandjoare,Savanes,60-64,Urbain,Femmes,40
02,47,85,Préfecture,Tandjoare,Savanes,60-64,Urbain,Ensemble,70
02,47,85,Préfecture,Tandjoare,Savanes,60-64,Rural,Hommes,1048
02,47,85,Préfecture,Tandjoare,Savanes,60-64,Rural,Femmes,1801
02,47,85,Préfecture,Tandjoare,Savanes,60-64,Rural,Ensemble,2849
02,47,85,Préfecture,Tandjoare,Savanes,60-64,Total,Hommes,1078
02,47,85,Préfecture,Tandjoare,Savanes,60-64,Total,Femmes,1841
02,47,85,Préfecture,Tandjoare,Savanes,60-64,Total,Ensemble,2919
02,47,85,Préfecture,Tandjoare,Savanes,65-69,Urbain,Hommes,19
02,47,85,Préfecture,Tandjoare,Savanes,65-69,Urbain,Femmes,17
02,47,85,Préfecture,Tandjoare,Savanes,65-69,Urbain,Ensemble,36
02,47,85,Préfecture,Tandjoare,Savanes,65-69,Rural,Hommes,636
02,47,85,Préfecture,Tandjoare,Savanes,65-69,Rural,Femmes,864
02,47,85,Préfecture,Tandjoare,Savanes,65-69,Rural,Ensemble,1500
02,47,85,Préfecture,Tandjoare,Savanes,65-69,Total,Hommes,655
02,47,85,Préfecture,Tandjoare,Savanes,65-69,Total,Femmes,881
02,47,85,Préfecture,Tandjoare,Savanes,65-69,Total,Ensemble,1536
02,47,85,Préfecture,Tandjoare,Savanes,70-74,Urbain,Hommes,17
02,47,85,Préfecture,Tandjoare,Savanes,70-74,Urbain,Femmes,30
02,47,85,Préfecture,Tandjoare,Savanes,70-74,Urbain,Ensemble,47
02,47,85,Préfecture,Tandjoare,Savanes,70-74,Rural,Hommes,564
02,47,85,Préfecture,Tandjoare,Savanes,70-74,Rural,Femmes,958
02,47,85,Préfecture,Tandjoare,Savanes,70-74,Rural,Ensemble,1522
02,47,85,Préfecture,Tandjoare,Savanes,70-74,Total,Hommes,581
02,47,85,Préfecture,Tandjoare,Savanes,70-74,Total,Femmes,988
02,47,85,Préfecture,Tandjoare,Savanes,70-74,Total,Ensemble,1569
02,47,85,Préfecture,Tandjoare,Savanes,75-79,Urbain,Hommes,11
02,47,85,Préfecture,Tandjoare,Savanes,75-79,Urbain,Femmes,12
02,47,85,Préfecture,Tandjoare,Savanes,75-79,Urbain,Ensemble,23
02,47,85,Préfecture,Tandjoare,Savanes,75-79,Rural,Hommes,315
02,47,85,Préfecture,Tandjoare,Savanes,75-79,Rural,Femmes,447
02,47,85,Préfecture,Tandjoare,Savanes,75-79,Rural,Ensemble,762
02,47,85,Préfecture,Tandjoare,Savanes,75-79,Total,Hommes,326
02,47,85,Préfecture,Tandjoare,Savanes,75-79,Total,Femmes,459
02,47,85,Préfecture,Tandjoare,Savanes,75-79,Total,Ensemble,785
02,47,85,Préfecture,Tandjoare,Savanes,80-84,Urbain,Hommes,3
02,47,85,Préfecture,Tandjoare,Savanes,80-84,Urbain,Femmes,15
02,47,85,Préfecture,Tandjoare,Savanes,80-84,Urbain,Ensemble,18
02,47,85,Préfecture,Tandjoare,Savanes,80-84,Rural,Hommes,246
02,47,85,Préfecture,Tandjoare,Savanes,80-84,Rural,Femmes,430
02,47,85,Préfecture,Tandjoare,Savanes,80-84,Rural,Ensemble,676
02,47,85,Préfecture,Tandjoare,Savanes,80-84,Total,Hommes,249
02,47,85,Préfecture,Tandjoare,Savanes,80-84,Total,Femmes,445
02,47,85,Préfecture,Tandjoare,Savanes,80-84,Total,Ensemble,694
02,47,85,Préfecture,Tandjoare,Savanes,85 et +,Urbain,Hommes,9
02,47,85,Préfecture,Tandjoare,Savanes,85 et +,Urbain,Femmes,25
02,47,85,Préfecture,Tandjoare,Savanes,85 et +,Urbain,Ensemble,34
02,47,85,Préfecture,Tandjoare,Savanes,85 et +,Rural,Hommes,301
02,47,85,Préfecture,Tandjoare,Savanes,85 et +,Rural,Femmes,352
02,47,85,Préfecture,Tandjoare,Savanes,85 et +,Rural,Ensemble,653
02,47,85,Préfecture,Tandjoare,Savanes,85 et +,Total,Hommes,310
02,47,85,Préfecture,Tandjoare,Savanes,85 et +,Total,Femmes,377
02,47,85,Préfecture,Tandjoare,Savanes,85 et +,Total,Ensemble,687
02,47,85,Préfecture,Tandjoare,Savanes,ND,Urbain,Hommes,0
02,47,85,Préfecture,Tandjoare,Savanes,ND,Urbain,Femmes,0
02,47,85,Préfecture,Tandjoare,Savanes,ND,Urbain,Ensemble,0
02,47,85,Préfecture,Tandjoare,Savanes,ND,Rural,Hommes,34
02,47,85,Préfecture,Tandjoare,Savanes,ND,Rural,Femmes,67
02,47,85,Préfecture,Tandjoare,Savanes,ND,Rural,Ensemble,101
02,47,85,Préfecture,Tandjoare,Savanes,ND,Total,Hommes,34
02,47,85,Préfecture,Tandjoare,Savanes,ND,Total,Femmes,67
02,47,85,Préfecture,Tandjoare,Savanes,ND,Total,Ensemble,101
02,47,85,Préfecture,Tandjoare,Savanes,Total,Urbain,Hommes,1426
02,47,85,Préfecture,Tandjoare,Savanes,Total,Urbain,Femmes,1660
02,47,85,Préfecture,Tandjoare,Savanes,Total,Urbain,Ensemble,3086
02,47,85,Préfecture,Tandjoare,Savanes,Total,Rural,Hommes,64755
02,47,85,Préfecture,Tandjoare,Savanes,Total,Rural,Femmes,71026
02,47,85,Préfecture,Tandjoare,Savanes,Total,Rural,Ensemble,135781
02,47,85,Préfecture,Tandjoare,Savanes,Total,Total,Hommes,66181
02,47,85,Préfecture,Tandjoare,Savanes,Total,Total,Femmes,72686
02,47,85,Préfecture,Tandjoare,Savanes,Total,Total,Ensemble,138867
