Country Name,Country ISO3,Year,Indicator Name,Indicator Code,Value
#country+name,#country+code,#date+year,#indicator+name,#indicator+code,#indicator+value+num
Togo,TGO,2020,"ICT service exports (BoP, current US$)",BX.GSR.CCIS.CD,35585472.6130863
Togo,TGO,2019,"ICT service exports (BoP, current US$)",BX.GSR.CCIS.CD,30968866.5886439
Togo,TGO,2018,"ICT service exports (BoP, current US$)",BX.GSR.CCIS.CD,34139816.202419
Togo,TGO,2017,"ICT service exports (BoP, current US$)",BX.GSR.CCIS.CD,36704989.6778564
Togo,TGO,2016,"ICT service exports (BoP, current US$)",BX.GSR.CCIS.CD,35876018.4844671
Togo,TGO,2015,"ICT service exports (BoP, current US$)",BX.GSR.CCIS.CD,18317803.9895932
Togo,TGO,2014,"ICT service exports (BoP, current US$)",BX.GSR.CCIS.CD,28962810.5442228
Togo,TGO,2013,"ICT service exports (BoP, current US$)",BX.GSR.CCIS.CD,21186491.1302921
Togo,TGO,2012,"ICT service exports (BoP, current US$)",BX.GSR.CCIS.CD,17400626.2010124
Togo,TGO,2011,"ICT service exports (BoP, current US$)",BX.GSR.CCIS.CD,63836790.9383404
Togo,TGO,2010,"ICT service exports (BoP, current US$)",BX.GSR.CCIS.CD,51433498.6134764
Togo,TGO,2009,"ICT service exports (BoP, current US$)",BX.GSR.CCIS.CD,58493269.5944389
Togo,TGO,2008,"ICT service exports (BoP, current US$)",BX.GSR.CCIS.CD,52865465.9408887
Togo,TGO,2007,"ICT service exports (BoP, current US$)",BX.GSR.CCIS.CD,13214697.9116607
Togo,TGO,2006,"ICT service exports (BoP, current US$)",BX.GSR.CCIS.CD,15944853.3974026
Togo,TGO,2005,"ICT service exports (BoP, current US$)",BX.GSR.CCIS.CD,12128778.7032211
Togo,TGO,2004,"ICT service exports (BoP, current US$)",BX.GSR.CCIS.CD,11812157.702587
Togo,TGO,2003,"ICT service exports (BoP, current US$)",BX.GSR.CCIS.CD,9084365.20363733
Togo,TGO,2002,"ICT service exports (BoP, current US$)",BX.GSR.CCIS.CD,7188849.52675191
Togo,TGO,2001,"ICT service exports (BoP, current US$)",BX.GSR.CCIS.CD,9007401.3895836
Togo,TGO,2000,"ICT service exports (BoP, current US$)",BX.GSR.CCIS.CD,4777473.79603164
Togo,TGO,1999,"ICT service exports (BoP, current US$)",BX.GSR.CCIS.CD,7836245.07110698
Togo,TGO,1998,"ICT service exports (BoP, current US$)",BX.GSR.CCIS.CD,3266368.68142867
Togo,TGO,1997,"ICT service exports (BoP, current US$)",BX.GSR.CCIS.CD,7310645.72190101
Togo,TGO,1996,"ICT service exports (BoP, current US$)",BX.GSR.CCIS.CD,6312158.45906515
Togo,TGO,2020,"ICT service exports (% of service exports, BoP)",BX.GSR.CCIS.ZS,6.92168773862945
Togo,TGO,2019,"ICT service exports (% of service exports, BoP)",BX.GSR.CCIS.ZS,5.07663210434725
Togo,TGO,2018,"ICT service exports (% of service exports, BoP)",BX.GSR.CCIS.ZS,5.48965558705112
Togo,TGO,2017,"ICT service exports (% of service exports, BoP)",BX.GSR.CCIS.ZS,6.43954181747833
Togo,TGO,2016,"ICT service exports (% of service exports, BoP)",BX.GSR.CCIS.ZS,6.62067669580457
Togo,TGO,2015,"ICT service exports (% of service exports, BoP)",BX.GSR.CCIS.ZS,3.75566717782468
Togo,TGO,2014,"ICT service exports (% of service exports, BoP)",BX.GSR.CCIS.ZS,5.91670294360761
Togo,TGO,2013,"ICT service exports (% of service exports, BoP)",BX.GSR.CCIS.ZS,4.35827299890647
Togo,TGO,2012,"ICT service exports (% of service exports, BoP)",BX.GSR.CCIS.ZS,3.80202101125884
Togo,TGO,2011,"ICT service exports (% of service exports, BoP)",BX.GSR.CCIS.ZS,12.5313116167254
Togo,TGO,2010,"ICT service exports (% of service exports, BoP)",BX.GSR.CCIS.ZS,16.0460277427491
Togo,TGO,2009,"ICT service exports (% of service exports, BoP)",BX.GSR.CCIS.ZS,19.8462312072589
Togo,TGO,2008,"ICT service exports (% of service exports, BoP)",BX.GSR.CCIS.ZS,18.5991843431754
Togo,TGO,2007,"ICT service exports (% of service exports, BoP)",BX.GSR.CCIS.ZS,5.59165451089599
Togo,TGO,2006,"ICT service exports (% of service exports, BoP)",BX.GSR.CCIS.ZS,7.93673479110099
Togo,TGO,2005,"ICT service exports (% of service exports, BoP)",BX.GSR.CCIS.ZS,6.85305034682653
Togo,TGO,2004,"ICT service exports (% of service exports, BoP)",BX.GSR.CCIS.ZS,7.862020219869
Togo,TGO,2003,"ICT service exports (% of service exports, BoP)",BX.GSR.CCIS.ZS,9.56149266734427
Togo,TGO,2002,"ICT service exports (% of service exports, BoP)",BX.GSR.CCIS.ZS,7.94981747461383
Togo,TGO,2001,"ICT service exports (% of service exports, BoP)",BX.GSR.CCIS.ZS,12.5420635373296
Togo,TGO,2000,"ICT service exports (% of service exports, BoP)",BX.GSR.CCIS.ZS,7.71416878865041
Togo,TGO,1999,"ICT service exports (% of service exports, BoP)",BX.GSR.CCIS.ZS,11.4478993591265
Togo,TGO,1998,"ICT service exports (% of service exports, BoP)",BX.GSR.CCIS.ZS,4.29529902146535
Togo,TGO,1997,"ICT service exports (% of service exports, BoP)",BX.GSR.CCIS.ZS,8.26041505343039
Togo,TGO,1996,"ICT service exports (% of service exports, BoP)",BX.GSR.CCIS.ZS,5.43182047572584
Togo,TGO,2021,"Annual freshwater withdrawals, agriculture (% of total freshwater withdrawal)",ER.H2O.FWAG.ZS,34.0807174888
Togo,TGO,2020,"Annual freshwater withdrawals, agriculture (% of total freshwater withdrawal)",ER.H2O.FWAG.ZS,34.0807174888
Togo,TGO,2019,"Annual freshwater withdrawals, agriculture (% of total freshwater withdrawal)",ER.H2O.FWAG.ZS,34.0807174888
Togo,TGO,2018,"Annual freshwater withdrawals, agriculture (% of total freshwater withdrawal)",ER.H2O.FWAG.ZS,34.0807174888
Togo,TGO,2017,"Annual freshwater withdrawals, agriculture (% of total freshwater withdrawal)",ER.H2O.FWAG.ZS,34.0807174888
Togo,TGO,2016,"Annual freshwater withdrawals, agriculture (% of total freshwater withdrawal)",ER.H2O.FWAG.ZS,34.0807174888
Togo,TGO,2015,"Annual freshwater withdrawals, agriculture (% of total freshwater withdrawal)",ER.H2O.FWAG.ZS,34.0807174888
Togo,TGO,2014,"Annual freshwater withdrawals, agriculture (% of total freshwater withdrawal)",ER.H2O.FWAG.ZS,34.0807174888
Togo,TGO,2013,"Annual freshwater withdrawals, agriculture (% of total freshwater withdrawal)",ER.H2O.FWAG.ZS,34.0807174888
Togo,TGO,2012,"Annual freshwater withdrawals, agriculture (% of total freshwater withdrawal)",ER.H2O.FWAG.ZS,34.0807174888
Togo,TGO,2011,"Annual freshwater withdrawals, agriculture (% of total freshwater withdrawal)",ER.H2O.FWAG.ZS,34.0807174888
Togo,TGO,2010,"Annual freshwater withdrawals, agriculture (% of total freshwater withdrawal)",ER.H2O.FWAG.ZS,34.0807174888
Togo,TGO,2009,"Annual freshwater withdrawals, agriculture (% of total freshwater withdrawal)",ER.H2O.FWAG.ZS,34.0807174888
Togo,TGO,2008,"Annual freshwater withdrawals, agriculture (% of total freshwater withdrawal)",ER.H2O.FWAG.ZS,34.0807174888
Togo,TGO,2007,"Annual freshwater withdrawals, agriculture (% of total freshwater withdrawal)",ER.H2O.FWAG.ZS,34.0807174888
Togo,TGO,2006,"Annual freshwater withdrawals, agriculture (% of total freshwater withdrawal)",ER.H2O.FWAG.ZS,34.0807174888
Togo,TGO,2005,"Annual freshwater withdrawals, agriculture (% of total freshwater withdrawal)",ER.H2O.FWAG.ZS,34.0807174888
Togo,TGO,2004,"Annual freshwater withdrawals, agriculture (% of total freshwater withdrawal)",ER.H2O.FWAG.ZS,37.0731707317
Togo,TGO,2003,"Annual freshwater withdrawals, agriculture (% of total freshwater withdrawal)",ER.H2O.FWAG.ZS,40.6417112299
Togo,TGO,2002,"Annual freshwater withdrawals, agriculture (% of total freshwater withdrawal)",ER.H2O.FWAG.ZS,44.9704142012
Togo,TGO,2001,"Annual freshwater withdrawals, agriculture (% of total freshwater withdrawal)",ER.H2O.FWAG.ZS,46.062992126
Togo,TGO,2000,"Annual freshwater withdrawals, agriculture (% of total freshwater withdrawal)",ER.H2O.FWAG.ZS,47.1512770138
Togo,TGO,1999,"Annual freshwater withdrawals, agriculture (% of total freshwater withdrawal)",ER.H2O.FWAG.ZS,46.2153267513
Togo,TGO,1998,"Annual freshwater withdrawals, agriculture (% of total freshwater withdrawal)",ER.H2O.FWAG.ZS,45.2074857608
Togo,TGO,1997,"Annual freshwater withdrawals, agriculture (% of total freshwater withdrawal)",ER.H2O.FWAG.ZS,44.1191402945
Togo,TGO,1996,"Annual freshwater withdrawals, agriculture (% of total freshwater withdrawal)",ER.H2O.FWAG.ZS,42.9402432575
Togo,TGO,1995,"Annual freshwater withdrawals, agriculture (% of total freshwater withdrawal)",ER.H2O.FWAG.ZS,41.6590031267
Togo,TGO,1994,"Annual freshwater withdrawals, agriculture (% of total freshwater withdrawal)",ER.H2O.FWAG.ZS,40.2614881754
Togo,TGO,1993,"Annual freshwater withdrawals, agriculture (% of total freshwater withdrawal)",ER.H2O.FWAG.ZS,38.7311178248
Togo,TGO,1992,"Annual freshwater withdrawals, agriculture (% of total freshwater withdrawal)",ER.H2O.FWAG.ZS,37.0480016917
Togo,TGO,1991,"Annual freshwater withdrawals, agriculture (% of total freshwater withdrawal)",ER.H2O.FWAG.ZS,35.1880703316
Togo,TGO,1990,"Annual freshwater withdrawals, agriculture (% of total freshwater withdrawal)",ER.H2O.FWAG.ZS,33.1219168428
Togo,TGO,1989,"Annual freshwater withdrawals, agriculture (% of total freshwater withdrawal)",ER.H2O.FWAG.ZS,30.8132305397
Togo,TGO,1988,"Annual freshwater withdrawals, agriculture (% of total freshwater withdrawal)",ER.H2O.FWAG.ZS,28.2166446499
Togo,TGO,1987,"Annual freshwater withdrawals, agriculture (% of total freshwater withdrawal)",ER.H2O.FWAG.ZS,25.2747252747
Togo,TGO,2021,"Annual freshwater withdrawals, domestic (% of total freshwater withdrawal)",ER.H2O.FWDM.ZS,63.0941704036
Togo,TGO,2020,"Annual freshwater withdrawals, domestic (% of total freshwater withdrawal)",ER.H2O.FWDM.ZS,63.0941704036
Togo,TGO,2019,"Annual freshwater withdrawals, domestic (% of total freshwater withdrawal)",ER.H2O.FWDM.ZS,63.0941704036
Togo,TGO,2018,"Annual freshwater withdrawals, domestic (% of total freshwater withdrawal)",ER.H2O.FWDM.ZS,63.0941704036
Togo,TGO,2017,"Annual freshwater withdrawals, domestic (% of total freshwater withdrawal)",ER.H2O.FWDM.ZS,63.0941704036
Togo,TGO,2016,"Annual freshwater withdrawals, domestic (% of total freshwater withdrawal)",ER.H2O.FWDM.ZS,63.0941704036
Togo,TGO,2015,"Annual freshwater withdrawals, domestic (% of total freshwater withdrawal)",ER.H2O.FWDM.ZS,63.0941704036
Togo,TGO,2014,"Annual freshwater withdrawals, domestic (% of total freshwater withdrawal)",ER.H2O.FWDM.ZS,63.0941704036
Togo,TGO,2013,"Annual freshwater withdrawals, domestic (% of total freshwater withdrawal)",ER.H2O.FWDM.ZS,63.0941704036
Togo,TGO,2012,"Annual freshwater withdrawals, domestic (% of total freshwater withdrawal)",ER.H2O.FWDM.ZS,63.0941704036
Togo,TGO,2011,"Annual freshwater withdrawals, domestic (% of total freshwater withdrawal)",ER.H2O.FWDM.ZS,63.0941704036
Togo,TGO,2010,"Annual freshwater withdrawals, domestic (% of total freshwater withdrawal)",ER.H2O.FWDM.ZS,63.0941704036
Togo,TGO,2009,"Annual freshwater withdrawals, domestic (% of total freshwater withdrawal)",ER.H2O.FWDM.ZS,63.0941704036
Togo,TGO,2008,"Annual freshwater withdrawals, domestic (% of total freshwater withdrawal)",ER.H2O.FWDM.ZS,63.0941704036
Togo,TGO,2007,"Annual freshwater withdrawals, domestic (% of total freshwater withdrawal)",ER.H2O.FWDM.ZS,63.0941704036
Togo,TGO,2006,"Annual freshwater withdrawals, domestic (% of total freshwater withdrawal)",ER.H2O.FWDM.ZS,63.0941704036
Togo,TGO,2005,"Annual freshwater withdrawals, domestic (% of total freshwater withdrawal)",ER.H2O.FWDM.ZS,63.0941704036
Togo,TGO,2004,"Annual freshwater withdrawals, domestic (% of total freshwater withdrawal)",ER.H2O.FWDM.ZS,60.2276422764
Togo,TGO,2003,"Annual freshwater withdrawals, domestic (% of total freshwater withdrawal)",ER.H2O.FWDM.ZS,56.8092691622
Togo,TGO,2002,"Annual freshwater withdrawals, domestic (% of total freshwater withdrawal)",ER.H2O.FWDM.ZS,52.6627218935
Togo,TGO,2001,"Annual freshwater withdrawals, domestic (% of total freshwater withdrawal)",ER.H2O.FWDM.ZS,51.2598425197
Togo,TGO,2000,"Annual freshwater withdrawals, domestic (% of total freshwater withdrawal)",ER.H2O.FWDM.ZS,49.862475442
Togo,TGO,1999,"Annual freshwater withdrawals, domestic (% of total freshwater withdrawal)",ER.H2O.FWDM.ZS,50.3620122238
Togo,TGO,1998,"Annual freshwater withdrawals, domestic (% of total freshwater withdrawal)",ER.H2O.FWDM.ZS,50.899918633
Togo,TGO,1997,"Annual freshwater withdrawals, domestic (% of total freshwater withdrawal)",ER.H2O.FWDM.ZS,51.4807920122
Togo,TGO,1996,"Annual freshwater withdrawals, domestic (% of total freshwater withdrawal)",ER.H2O.FWDM.ZS,52.1099947118
Togo,TGO,1995,"Annual freshwater withdrawals, domestic (% of total freshwater withdrawal)",ER.H2O.FWDM.ZS,52.7938201214
Togo,TGO,1994,"Annual freshwater withdrawals, domestic (% of total freshwater withdrawal)",ER.H2O.FWDM.ZS,53.5397039031
Togo,TGO,1993,"Annual freshwater withdrawals, domestic (% of total freshwater withdrawal)",ER.H2O.FWDM.ZS,54.3564954683
Togo,TGO,1992,"Annual freshwater withdrawals, domestic (% of total freshwater withdrawal)",ER.H2O.FWDM.ZS,55.2548107422
Togo,TGO,1991,"Annual freshwater withdrawals, domestic (% of total freshwater withdrawal)",ER.H2O.FWDM.ZS,56.2474961051
Togo,TGO,1990,"Annual freshwater withdrawals, domestic (% of total freshwater withdrawal)",ER.H2O.FWDM.ZS,57.3502466526
Togo,TGO,1989,"Annual freshwater withdrawals, domestic (% of total freshwater withdrawal)",ER.H2O.FWDM.ZS,58.5824421786
Togo,TGO,1988,"Annual freshwater withdrawals, domestic (% of total freshwater withdrawal)",ER.H2O.FWDM.ZS,59.9682959049
Togo,TGO,1987,"Annual freshwater withdrawals, domestic (% of total freshwater withdrawal)",ER.H2O.FWDM.ZS,61.5384615385
Togo,TGO,2021,"Annual freshwater withdrawals, industry (% of total freshwater withdrawal)",ER.H2O.FWIN.ZS,2.8251121076
Togo,TGO,2020,"Annual freshwater withdrawals, industry (% of total freshwater withdrawal)",ER.H2O.FWIN.ZS,2.8251121076
Togo,TGO,2019,"Annual freshwater withdrawals, industry (% of total freshwater withdrawal)",ER.H2O.FWIN.ZS,2.8251121076
Togo,TGO,2018,"Annual freshwater withdrawals, industry (% of total freshwater withdrawal)",ER.H2O.FWIN.ZS,2.8251121076
Togo,TGO,2017,"Annual freshwater withdrawals, industry (% of total freshwater withdrawal)",ER.H2O.FWIN.ZS,2.8251121076
Togo,TGO,2016,"Annual freshwater withdrawals, industry (% of total freshwater withdrawal)",ER.H2O.FWIN.ZS,2.8251121076
Togo,TGO,2015,"Annual freshwater withdrawals, industry (% of total freshwater withdrawal)",ER.H2O.FWIN.ZS,2.8251121076
Togo,TGO,2014,"Annual freshwater withdrawals, industry (% of total freshwater withdrawal)",ER.H2O.FWIN.ZS,2.8251121076
Togo,TGO,2013,"Annual freshwater withdrawals, industry (% of total freshwater withdrawal)",ER.H2O.FWIN.ZS,2.8251121076
Togo,TGO,2012,"Annual freshwater withdrawals, industry (% of total freshwater withdrawal)",ER.H2O.FWIN.ZS,2.8251121076
Togo,TGO,2011,"Annual freshwater withdrawals, industry (% of total freshwater withdrawal)",ER.H2O.FWIN.ZS,2.8251121076
Togo,TGO,2010,"Annual freshwater withdrawals, industry (% of total freshwater withdrawal)",ER.H2O.FWIN.ZS,2.8251121076
Togo,TGO,2009,"Annual freshwater withdrawals, industry (% of total freshwater withdrawal)",ER.H2O.FWIN.ZS,2.8251121076
Togo,TGO,2008,"Annual freshwater withdrawals, industry (% of total freshwater withdrawal)",ER.H2O.FWIN.ZS,2.8251121076
Togo,TGO,2007,"Annual freshwater withdrawals, industry (% of total freshwater withdrawal)",ER.H2O.FWIN.ZS,2.8251121076
Togo,TGO,2006,"Annual freshwater withdrawals, industry (% of total freshwater withdrawal)",ER.H2O.FWIN.ZS,2.8251121076
Togo,TGO,2005,"Annual freshwater withdrawals, industry (% of total freshwater withdrawal)",ER.H2O.FWIN.ZS,2.8251121076
Togo,TGO,2004,"Annual freshwater withdrawals, industry (% of total freshwater withdrawal)",ER.H2O.FWIN.ZS,2.6991869919
Togo,TGO,2003,"Annual freshwater withdrawals, industry (% of total freshwater withdrawal)",ER.H2O.FWIN.ZS,2.5490196078
Togo,TGO,2002,"Annual freshwater withdrawals, industry (% of total freshwater withdrawal)",ER.H2O.FWIN.ZS,2.3668639053
Togo,TGO,2001,"Annual freshwater withdrawals, industry (% of total freshwater withdrawal)",ER.H2O.FWIN.ZS,2.6771653543
Togo,TGO,2000,"Annual freshwater withdrawals, industry (% of total freshwater withdrawal)",ER.H2O.FWIN.ZS,2.9862475442
Togo,TGO,1999,"Annual freshwater withdrawals, industry (% of total freshwater withdrawal)",ER.H2O.FWIN.ZS,3.4226610249
Togo,TGO,1998,"Annual freshwater withdrawals, industry (% of total freshwater withdrawal)",ER.H2O.FWIN.ZS,3.8925956062
Togo,TGO,1997,"Annual freshwater withdrawals, industry (% of total freshwater withdrawal)",ER.H2O.FWIN.ZS,4.4000676933
Togo,TGO,1996,"Annual freshwater withdrawals, industry (% of total freshwater withdrawal)",ER.H2O.FWIN.ZS,4.9497620307
Togo,TGO,1995,"Annual freshwater withdrawals, industry (% of total freshwater withdrawal)",ER.H2O.FWIN.ZS,5.5471767519
Togo,TGO,1994,"Annual freshwater withdrawals, industry (% of total freshwater withdrawal)",ER.H2O.FWIN.ZS,6.1988079216
Togo,TGO,1993,"Annual freshwater withdrawals, industry (% of total freshwater withdrawal)",ER.H2O.FWIN.ZS,6.9123867069
Togo,TGO,1992,"Annual freshwater withdrawals, industry (% of total freshwater withdrawal)",ER.H2O.FWIN.ZS,7.6971875661
Togo,TGO,1991,"Annual freshwater withdrawals, industry (% of total freshwater withdrawal)",ER.H2O.FWIN.ZS,8.5644335633
Togo,TGO,1990,"Annual freshwater withdrawals, industry (% of total freshwater withdrawal)",ER.H2O.FWIN.ZS,9.5278365046
Togo,TGO,1989,"Annual freshwater withdrawals, industry (% of total freshwater withdrawal)",ER.H2O.FWIN.ZS,10.6043272818
Togo,TGO,1988,"Annual freshwater withdrawals, industry (% of total freshwater withdrawal)",ER.H2O.FWIN.ZS,11.8150594452
Togo,TGO,1987,"Annual freshwater withdrawals, industry (% of total freshwater withdrawal)",ER.H2O.FWIN.ZS,13.1868131868
Togo,TGO,2021,"Annual freshwater withdrawals, total (billion cubic meters)",ER.H2O.FWTL.K3,0.223
Togo,TGO,2020,"Annual freshwater withdrawals, total (billion cubic meters)",ER.H2O.FWTL.K3,0.223
Togo,TGO,2019,"Annual freshwater withdrawals, total (billion cubic meters)",ER.H2O.FWTL.K3,0.223
Togo,TGO,2018,"Annual freshwater withdrawals, total (billion cubic meters)",ER.H2O.FWTL.K3,0.223
Togo,TGO,2017,"Annual freshwater withdrawals, total (billion cubic meters)",ER.H2O.FWTL.K3,0.223
Togo,TGO,2016,"Annual freshwater withdrawals, total (billion cubic meters)",ER.H2O.FWTL.K3,0.223
Togo,TGO,2015,"Annual freshwater withdrawals, total (billion cubic meters)",ER.H2O.FWTL.K3,0.223
Togo,TGO,2014,"Annual freshwater withdrawals, total (billion cubic meters)",ER.H2O.FWTL.K3,0.223
Togo,TGO,2013,"Annual freshwater withdrawals, total (billion cubic meters)",ER.H2O.FWTL.K3,0.223
Togo,TGO,2012,"Annual freshwater withdrawals, total (billion cubic meters)",ER.H2O.FWTL.K3,0.223
Togo,TGO,2011,"Annual freshwater withdrawals, total (billion cubic meters)",ER.H2O.FWTL.K3,0.223
Togo,TGO,2010,"Annual freshwater withdrawals, total (billion cubic meters)",ER.H2O.FWTL.K3,0.223
Togo,TGO,2009,"Annual freshwater withdrawals, total (billion cubic meters)",ER.H2O.FWTL.K3,0.223
Togo,TGO,2008,"Annual freshwater withdrawals, total (billion cubic meters)",ER.H2O.FWTL.K3,0.223
Togo,TGO,2007,"Annual freshwater withdrawals, total (billion cubic meters)",ER.H2O.FWTL.K3,0.223
Togo,TGO,2006,"Annual freshwater withdrawals, total (billion cubic meters)",ER.H2O.FWTL.K3,0.223
Togo,TGO,2005,"Annual freshwater withdrawals, total (billion cubic meters)",ER.H2O.FWTL.K3,0.223
Togo,TGO,2004,"Annual freshwater withdrawals, total (billion cubic meters)",ER.H2O.FWTL.K3,0.205
Togo,TGO,2003,"Annual freshwater withdrawals, total (billion cubic meters)",ER.H2O.FWTL.K3,0.187
Togo,TGO,2002,"Annual freshwater withdrawals, total (billion cubic meters)",ER.H2O.FWTL.K3,0.169
Togo,TGO,2001,"Annual freshwater withdrawals, total (billion cubic meters)",ER.H2O.FWTL.K3,0.1693333333
Togo,TGO,2000,"Annual freshwater withdrawals, total (billion cubic meters)",ER.H2O.FWTL.K3,0.1696666667
Togo,TGO,1999,"Annual freshwater withdrawals, total (billion cubic meters)",ER.H2O.FWTL.K3,0.1636153846
Togo,TGO,1998,"Annual freshwater withdrawals, total (billion cubic meters)",ER.H2O.FWTL.K3,0.1575641026
Togo,TGO,1997,"Annual freshwater withdrawals, total (billion cubic meters)",ER.H2O.FWTL.K3,0.1515128205
Togo,TGO,1996,"Annual freshwater withdrawals, total (billion cubic meters)",ER.H2O.FWTL.K3,0.1454615385
Togo,TGO,1995,"Annual freshwater withdrawals, total (billion cubic meters)",ER.H2O.FWTL.K3,0.1394102564
Togo,TGO,1994,"Annual freshwater withdrawals, total (billion cubic meters)",ER.H2O.FWTL.K3,0.1333589744
Togo,TGO,1993,"Annual freshwater withdrawals, total (billion cubic meters)",ER.H2O.FWTL.K3,0.1273076923
Togo,TGO,1992,"Annual freshwater withdrawals, total (billion cubic meters)",ER.H2O.FWTL.K3,0.1212564103
Togo,TGO,1991,"Annual freshwater withdrawals, total (billion cubic meters)",ER.H2O.FWTL.K3,0.1152051282
Togo,TGO,1990,"Annual freshwater withdrawals, total (billion cubic meters)",ER.H2O.FWTL.K3,0.1091538462
Togo,TGO,1989,"Annual freshwater withdrawals, total (billion cubic meters)",ER.H2O.FWTL.K3,0.1031025641
Togo,TGO,1988,"Annual freshwater withdrawals, total (billion cubic meters)",ER.H2O.FWTL.K3,0.0970512821
Togo,TGO,1987,"Annual freshwater withdrawals, total (billion cubic meters)",ER.H2O.FWTL.K3,0.091
Togo,TGO,2021,"Annual freshwater withdrawals, total (% of internal resources)",ER.H2O.FWTL.ZS,1.93913043478261
Togo,TGO,2020,"Annual freshwater withdrawals, total (% of internal resources)",ER.H2O.FWTL.ZS,1.93913043478261
Togo,TGO,2019,"Annual freshwater withdrawals, total (% of internal resources)",ER.H2O.FWTL.ZS,1.93913043478261
Togo,TGO,2018,"Annual freshwater withdrawals, total (% of internal resources)",ER.H2O.FWTL.ZS,1.93913043478261
Togo,TGO,2017,"Annual freshwater withdrawals, total (% of internal resources)",ER.H2O.FWTL.ZS,1.93913043478261
Togo,TGO,2016,"Annual freshwater withdrawals, total (% of internal resources)",ER.H2O.FWTL.ZS,1.93913043478261
Togo,TGO,2015,"Annual freshwater withdrawals, total (% of internal resources)",ER.H2O.FWTL.ZS,1.93913043478261
Togo,TGO,2014,"Annual freshwater withdrawals, total (% of internal resources)",ER.H2O.FWTL.ZS,1.93913043478261
Togo,TGO,2013,"Annual freshwater withdrawals, total (% of internal resources)",ER.H2O.FWTL.ZS,1.93913043478261
Togo,TGO,2012,"Annual freshwater withdrawals, total (% of internal resources)",ER.H2O.FWTL.ZS,1.93913043478261
Togo,TGO,2011,"Annual freshwater withdrawals, total (% of internal resources)",ER.H2O.FWTL.ZS,1.93913043478261
Togo,TGO,2010,"Annual freshwater withdrawals, total (% of internal resources)",ER.H2O.FWTL.ZS,1.93913043478261
Togo,TGO,2009,"Annual freshwater withdrawals, total (% of internal resources)",ER.H2O.FWTL.ZS,1.93913043478261
Togo,TGO,2008,"Annual freshwater withdrawals, total (% of internal resources)",ER.H2O.FWTL.ZS,1.93913043478261
Togo,TGO,2007,"Annual freshwater withdrawals, total (% of internal resources)",ER.H2O.FWTL.ZS,1.93913043478261
Togo,TGO,2006,"Annual freshwater withdrawals, total (% of internal resources)",ER.H2O.FWTL.ZS,1.93913043478261
Togo,TGO,2005,"Annual freshwater withdrawals, total (% of internal resources)",ER.H2O.FWTL.ZS,1.93913043478261
Togo,TGO,2004,"Annual freshwater withdrawals, total (% of internal resources)",ER.H2O.FWTL.ZS,1.78260869565217
Togo,TGO,2003,"Annual freshwater withdrawals, total (% of internal resources)",ER.H2O.FWTL.ZS,1.62608695652174
Togo,TGO,2002,"Annual freshwater withdrawals, total (% of internal resources)",ER.H2O.FWTL.ZS,1.4695652173913
Togo,TGO,2001,"Annual freshwater withdrawals, total (% of internal resources)",ER.H2O.FWTL.ZS,1.47246376782609
Togo,TGO,2000,"Annual freshwater withdrawals, total (% of internal resources)",ER.H2O.FWTL.ZS,1.47536231913043
Togo,TGO,1999,"Annual freshwater withdrawals, total (% of internal resources)",ER.H2O.FWTL.ZS,1.42274247478261
Togo,TGO,1998,"Annual freshwater withdrawals, total (% of internal resources)",ER.H2O.FWTL.ZS,1.37012263130435
Togo,TGO,1997,"Annual freshwater withdrawals, total (% of internal resources)",ER.H2O.FWTL.ZS,1.31750278695652
Togo,TGO,1996,"Annual freshwater withdrawals, total (% of internal resources)",ER.H2O.FWTL.ZS,1.26488294347826
Togo,TGO,1995,"Annual freshwater withdrawals, total (% of internal resources)",ER.H2O.FWTL.ZS,1.21226309913043
Togo,TGO,1994,"Annual freshwater withdrawals, total (% of internal resources)",ER.H2O.FWTL.ZS,1.15964325565217
Togo,TGO,1993,"Annual freshwater withdrawals, total (% of internal resources)",ER.H2O.FWTL.ZS,1.10702341130435
Togo,TGO,1992,"Annual freshwater withdrawals, total (% of internal resources)",ER.H2O.FWTL.ZS,1.05440356782609
Togo,TGO,1991,"Annual freshwater withdrawals, total (% of internal resources)",ER.H2O.FWTL.ZS,1.00178372347826
Togo,TGO,1990,"Annual freshwater withdrawals, total (% of internal resources)",ER.H2O.FWTL.ZS,0.94916388
Togo,TGO,1989,"Annual freshwater withdrawals, total (% of internal resources)",ER.H2O.FWTL.ZS,0.896544035652174
Togo,TGO,1988,"Annual freshwater withdrawals, total (% of internal resources)",ER.H2O.FWTL.ZS,0.843924192173913
Togo,TGO,1987,"Annual freshwater withdrawals, total (% of internal resources)",ER.H2O.FWTL.ZS,0.791304347826087
Togo,TGO,2021,"Renewable internal freshwater resources, total (billion cubic meters)",ER.H2O.INTR.K3,11.5
Togo,TGO,2020,"Renewable internal freshwater resources, total (billion cubic meters)",ER.H2O.INTR.K3,11.5
Togo,TGO,2019,"Renewable internal freshwater resources, total (billion cubic meters)",ER.H2O.INTR.K3,11.5
Togo,TGO,2018,"Renewable internal freshwater resources, total (billion cubic meters)",ER.H2O.INTR.K3,11.5
Togo,TGO,2017,"Renewable internal freshwater resources, total (billion cubic meters)",ER.H2O.INTR.K3,11.5
Togo,TGO,2016,"Renewable internal freshwater resources, total (billion cubic meters)",ER.H2O.INTR.K3,11.5
Togo,TGO,2015,"Renewable internal freshwater resources, total (billion cubic meters)",ER.H2O.INTR.K3,11.5
Togo,TGO,2014,"Renewable internal freshwater resources, total (billion cubic meters)",ER.H2O.INTR.K3,11.5
Togo,TGO,2013,"Renewable internal freshwater resources, total (billion cubic meters)",ER.H2O.INTR.K3,11.5
Togo,TGO,2012,"Renewable internal freshwater resources, total (billion cubic meters)",ER.H2O.INTR.K3,11.5
Togo,TGO,2011,"Renewable internal freshwater resources, total (billion cubic meters)",ER.H2O.INTR.K3,11.5
Togo,TGO,2010,"Renewable internal freshwater resources, total (billion cubic meters)",ER.H2O.INTR.K3,11.5
Togo,TGO,2009,"Renewable internal freshwater resources, total (billion cubic meters)",ER.H2O.INTR.K3,11.5
Togo,TGO,2008,"Renewable internal freshwater resources, total (billion cubic meters)",ER.H2O.INTR.K3,11.5
Togo,TGO,2007,"Renewable internal freshwater resources, total (billion cubic meters)",ER.H2O.INTR.K3,11.5
Togo,TGO,2006,"Renewable internal freshwater resources, total (billion cubic meters)",ER.H2O.INTR.K3,11.5
Togo,TGO,2005,"Renewable internal freshwater resources, total (billion cubic meters)",ER.H2O.INTR.K3,11.5
Togo,TGO,2004,"Renewable internal freshwater resources, total (billion cubic meters)",ER.H2O.INTR.K3,11.5
Togo,TGO,2003,"Renewable internal freshwater resources, total (billion cubic meters)",ER.H2O.INTR.K3,11.5
Togo,TGO,2002,"Renewable internal freshwater resources, total (billion cubic meters)",ER.H2O.INTR.K3,11.5
Togo,TGO,2001,"Renewable internal freshwater resources, total (billion cubic meters)",ER.H2O.INTR.K3,11.5
Togo,TGO,2000,"Renewable internal freshwater resources, total (billion cubic meters)",ER.H2O.INTR.K3,11.5
Togo,TGO,1999,"Renewable internal freshwater resources, total (billion cubic meters)",ER.H2O.INTR.K3,11.5
Togo,TGO,1998,"Renewable internal freshwater resources, total (billion cubic meters)",ER.H2O.INTR.K3,11.5
Togo,TGO,1997,"Renewable internal freshwater resources, total (billion cubic meters)",ER.H2O.INTR.K3,11.5
Togo,TGO,1996,"Renewable internal freshwater resources, total (billion cubic meters)",ER.H2O.INTR.K3,11.5
Togo,TGO,1995,"Renewable internal freshwater resources, total (billion cubic meters)",ER.H2O.INTR.K3,11.5
Togo,TGO,1994,"Renewable internal freshwater resources, total (billion cubic meters)",ER.H2O.INTR.K3,11.5
Togo,TGO,1993,"Renewable internal freshwater resources, total (billion cubic meters)",ER.H2O.INTR.K3,11.5
Togo,TGO,1992,"Renewable internal freshwater resources, total (billion cubic meters)",ER.H2O.INTR.K3,11.5
Togo,TGO,1991,"Renewable internal freshwater resources, total (billion cubic meters)",ER.H2O.INTR.K3,11.5
Togo,TGO,1990,"Renewable internal freshwater resources, total (billion cubic meters)",ER.H2O.INTR.K3,11.5
Togo,TGO,1989,"Renewable internal freshwater resources, total (billion cubic meters)",ER.H2O.INTR.K3,11.5
Togo,TGO,1988,"Renewable internal freshwater resources, total (billion cubic meters)",ER.H2O.INTR.K3,11.5
Togo,TGO,1987,"Renewable internal freshwater resources, total (billion cubic meters)",ER.H2O.INTR.K3,11.5
Togo,TGO,1986,"Renewable internal freshwater resources, total (billion cubic meters)",ER.H2O.INTR.K3,11.5
Togo,TGO,1985,"Renewable internal freshwater resources, total (billion cubic meters)",ER.H2O.INTR.K3,11.5
Togo,TGO,1984,"Renewable internal freshwater resources, total (billion cubic meters)",ER.H2O.INTR.K3,11.5
Togo,TGO,1983,"Renewable internal freshwater resources, total (billion cubic meters)",ER.H2O.INTR.K3,11.5
Togo,TGO,1982,"Renewable internal freshwater resources, total (billion cubic meters)",ER.H2O.INTR.K3,11.5
Togo,TGO,1981,"Renewable internal freshwater resources, total (billion cubic meters)",ER.H2O.INTR.K3,11.5
Togo,TGO,1980,"Renewable internal freshwater resources, total (billion cubic meters)",ER.H2O.INTR.K3,11.5
Togo,TGO,1979,"Renewable internal freshwater resources, total (billion cubic meters)",ER.H2O.INTR.K3,11.5
Togo,TGO,1978,"Renewable internal freshwater resources, total (billion cubic meters)",ER.H2O.INTR.K3,11.5
Togo,TGO,1977,"Renewable internal freshwater resources, total (billion cubic meters)",ER.H2O.INTR.K3,11.5
Togo,TGO,1976,"Renewable internal freshwater resources, total (billion cubic meters)",ER.H2O.INTR.K3,11.5
Togo,TGO,1975,"Renewable internal freshwater resources, total (billion cubic meters)",ER.H2O.INTR.K3,11.5
Togo,TGO,1974,"Renewable internal freshwater resources, total (billion cubic meters)",ER.H2O.INTR.K3,11.5
Togo,TGO,1973,"Renewable internal freshwater resources, total (billion cubic meters)",ER.H2O.INTR.K3,11.5
Togo,TGO,1972,"Renewable internal freshwater resources, total (billion cubic meters)",ER.H2O.INTR.K3,11.5
Togo,TGO,1971,"Renewable internal freshwater resources, total (billion cubic meters)",ER.H2O.INTR.K3,11.5
Togo,TGO,1970,"Renewable internal freshwater resources, total (billion cubic meters)",ER.H2O.INTR.K3,11.5
Togo,TGO,1969,"Renewable internal freshwater resources, total (billion cubic meters)",ER.H2O.INTR.K3,11.5
Togo,TGO,1968,"Renewable internal freshwater resources, total (billion cubic meters)",ER.H2O.INTR.K3,11.5
Togo,TGO,1967,"Renewable internal freshwater resources, total (billion cubic meters)",ER.H2O.INTR.K3,11.5
Togo,TGO,1966,"Renewable internal freshwater resources, total (billion cubic meters)",ER.H2O.INTR.K3,11.5
Togo,TGO,1965,"Renewable internal freshwater resources, total (billion cubic meters)",ER.H2O.INTR.K3,11.5
Togo,TGO,1964,"Renewable internal freshwater resources, total (billion cubic meters)",ER.H2O.INTR.K3,11.5
Togo,TGO,1963,"Renewable internal freshwater resources, total (billion cubic meters)",ER.H2O.INTR.K3,11.5
Togo,TGO,1962,"Renewable internal freshwater resources, total (billion cubic meters)",ER.H2O.INTR.K3,11.5
Togo,TGO,1961,"Renewable internal freshwater resources, total (billion cubic meters)",ER.H2O.INTR.K3,11.5
Togo,TGO,2020,Renewable internal freshwater resources per capita (cubic meters),ER.H2O.INTR.PC,1362.14285206655
Togo,TGO,2019,Renewable internal freshwater resources per capita (cubic meters),ER.H2O.INTR.PC,1395.10722551508
Togo,TGO,2018,Renewable internal freshwater resources per capita (cubic meters),ER.H2O.INTR.PC,1429.16102406968
Togo,TGO,2017,Renewable internal freshwater resources per capita (cubic meters),ER.H2O.INTR.PC,1464.44673520702
Togo,TGO,2016,Renewable internal freshwater resources per capita (cubic meters),ER.H2O.INTR.PC,1501.04015556519
Togo,TGO,2015,Renewable internal freshwater resources per capita (cubic meters),ER.H2O.INTR.PC,1538.82612188118
Togo,TGO,2014,Renewable internal freshwater resources per capita (cubic meters),ER.H2O.INTR.PC,1577.85341412492
Togo,TGO,2013,Renewable internal freshwater resources per capita (cubic meters),ER.H2O.INTR.PC,1618.29853780395
Togo,TGO,2012,Renewable internal freshwater resources per capita (cubic meters),ER.H2O.INTR.PC,1660.25783082261
Togo,TGO,2011,Renewable internal freshwater resources per capita (cubic meters),ER.H2O.INTR.PC,1704.03895759047
Togo,TGO,2010,Renewable internal freshwater resources per capita (cubic meters),ER.H2O.INTR.PC,1749.88644758596
Togo,TGO,2009,Renewable internal freshwater resources per capita (cubic meters),ER.H2O.INTR.PC,1797.26141120341
Togo,TGO,2008,Renewable internal freshwater resources per capita (cubic meters),ER.H2O.INTR.PC,1848.13712598928
Togo,TGO,2007,Renewable internal freshwater resources per capita (cubic meters),ER.H2O.INTR.PC,1901.60060203021
Togo,TGO,2006,Renewable internal freshwater resources per capita (cubic meters),ER.H2O.INTR.PC,1957.70005992265
Togo,TGO,2005,Renewable internal freshwater resources per capita (cubic meters),ER.H2O.INTR.PC,2013.44737732722
Togo,TGO,2004,Renewable internal freshwater resources per capita (cubic meters),ER.H2O.INTR.PC,2066.40602398684
Togo,TGO,2003,Renewable internal freshwater resources per capita (cubic meters),ER.H2O.INTR.PC,2121.37942789533
Togo,TGO,2002,Renewable internal freshwater resources per capita (cubic meters),ER.H2O.INTR.PC,2177.39605395247
Togo,TGO,2001,Renewable internal freshwater resources per capita (cubic meters),ER.H2O.INTR.PC,2234.99473124286
Togo,TGO,2000,Renewable internal freshwater resources per capita (cubic meters),ER.H2O.INTR.PC,2296.30983010302
Togo,TGO,1999,Renewable internal freshwater resources per capita (cubic meters),ER.H2O.INTR.PC,2362.39510708942
Togo,TGO,1998,Renewable internal freshwater resources per capita (cubic meters),ER.H2O.INTR.PC,2432.1653229482
Togo,TGO,1997,Renewable internal freshwater resources per capita (cubic meters),ER.H2O.INTR.PC,2504.0554811597
Togo,TGO,1996,Renewable internal freshwater resources per capita (cubic meters),ER.H2O.INTR.PC,2586.66276193053
Togo,TGO,1995,Renewable internal freshwater resources per capita (cubic meters),ER.H2O.INTR.PC,2687.18837377435
Togo,TGO,1994,Renewable internal freshwater resources per capita (cubic meters),ER.H2O.INTR.PC,2809.94142616011
Togo,TGO,1993,Renewable internal freshwater resources per capita (cubic meters),ER.H2O.INTR.PC,2819.73875978572
Togo,TGO,1992,Renewable internal freshwater resources per capita (cubic meters),ER.H2O.INTR.PC,2800.62997127041
Togo,TGO,1991,Renewable internal freshwater resources per capita (cubic meters),ER.H2O.INTR.PC,2882.05021533927
Togo,TGO,1990,Renewable internal freshwater resources per capita (cubic meters),ER.H2O.INTR.PC,2967.01683485352
Togo,TGO,1989,Renewable internal freshwater resources per capita (cubic meters),ER.H2O.INTR.PC,3055.53880175585
Togo,TGO,1988,Renewable internal freshwater resources per capita (cubic meters),ER.H2O.INTR.PC,3147.73554641952
Togo,TGO,1987,Renewable internal freshwater resources per capita (cubic meters),ER.H2O.INTR.PC,3244.07244493328
Togo,TGO,1986,Renewable internal freshwater resources per capita (cubic meters),ER.H2O.INTR.PC,3343.63560768397
Togo,TGO,1985,Renewable internal freshwater resources per capita (cubic meters),ER.H2O.INTR.PC,3446.71734639929
Togo,TGO,1984,Renewable internal freshwater resources per capita (cubic meters),ER.H2O.INTR.PC,3557.89971301672
Togo,TGO,1983,Renewable internal freshwater resources per capita (cubic meters),ER.H2O.INTR.PC,3678.07563082995
Togo,TGO,1982,Renewable internal freshwater resources per capita (cubic meters),ER.H2O.INTR.PC,3803.73645993855
Togo,TGO,1981,Renewable internal freshwater resources per capita (cubic meters),ER.H2O.INTR.PC,3930.46158999134
Togo,TGO,1980,Renewable internal freshwater resources per capita (cubic meters),ER.H2O.INTR.PC,4051.99234701967
Togo,TGO,1979,Renewable internal freshwater resources per capita (cubic meters),ER.H2O.INTR.PC,4164.79552664745
Togo,TGO,1978,Renewable internal freshwater resources per capita (cubic meters),ER.H2O.INTR.PC,4269.69629464617
Togo,TGO,1977,Renewable internal freshwater resources per capita (cubic meters),ER.H2O.INTR.PC,4371.58303764959
Togo,TGO,1976,Renewable internal freshwater resources per capita (cubic meters),ER.H2O.INTR.PC,4475.28107683824
Togo,TGO,1975,Renewable internal freshwater resources per capita (cubic meters),ER.H2O.INTR.PC,4582.19724725497
Togo,TGO,1974,Renewable internal freshwater resources per capita (cubic meters),ER.H2O.INTR.PC,4693.23582285687
Togo,TGO,1973,Renewable internal freshwater resources per capita (cubic meters),ER.H2O.INTR.PC,4809.88611444434
Togo,TGO,1972,Renewable internal freshwater resources per capita (cubic meters),ER.H2O.INTR.PC,4934.1314898846
Togo,TGO,1971,Renewable internal freshwater resources per capita (cubic meters),ER.H2O.INTR.PC,5072.3113111219
Togo,TGO,1970,Renewable internal freshwater resources per capita (cubic meters),ER.H2O.INTR.PC,5233.49821128133
Togo,TGO,1969,Renewable internal freshwater resources per capita (cubic meters),ER.H2O.INTR.PC,5423.28503937305
Togo,TGO,1968,Renewable internal freshwater resources per capita (cubic meters),ER.H2O.INTR.PC,5640.66971916822
Togo,TGO,1967,Renewable internal freshwater resources per capita (cubic meters),ER.H2O.INTR.PC,5875.84893243489
Togo,TGO,1966,Renewable internal freshwater resources per capita (cubic meters),ER.H2O.INTR.PC,6109.03403953767
Togo,TGO,1965,Renewable internal freshwater resources per capita (cubic meters),ER.H2O.INTR.PC,6317.30678379869
Togo,TGO,1964,Renewable internal freshwater resources per capita (cubic meters),ER.H2O.INTR.PC,6487.45495449755
Togo,TGO,1963,Renewable internal freshwater resources per capita (cubic meters),ER.H2O.INTR.PC,6621.76533960731
Togo,TGO,1962,Renewable internal freshwater resources per capita (cubic meters),ER.H2O.INTR.PC,6737.59301540097
Togo,TGO,1961,Renewable internal freshwater resources per capita (cubic meters),ER.H2O.INTR.PC,6850.18001081733
Togo,TGO,2022,Investment in energy with private participation (current US$),IE.PPI.ENGY.CD,76120000
Togo,TGO,2020,Investment in energy with private participation (current US$),IE.PPI.ENGY.CD,139900000
Togo,TGO,2008,Investment in energy with private participation (current US$),IE.PPI.ENGY.CD,196000000
Togo,TGO,2005,Investment in energy with private participation (current US$),IE.PPI.ENGY.CD,590000000
Togo,TGO,2000,Investment in energy with private participation (current US$),IE.PPI.ENGY.CD,67700000
Togo,TGO,2011,Investment in transport with private participation (current US$),IE.PPI.TRAN.CD,442000000
Togo,TGO,2005,Investment in transport with private participation (current US$),IE.PPI.TRAN.CD,76900000
Togo,TGO,1987,Investment in transport with private participation (current US$),IE.PPI.TRAN.CD,10000000
Togo,TGO,2022,Public private partnerships investment in energy (current US$),IE.PPN.ENGY.CD,76120000
Togo,TGO,2020,Public private partnerships investment in energy (current US$),IE.PPN.ENGY.CD,139900000
Togo,TGO,2008,Public private partnerships investment in energy (current US$),IE.PPN.ENGY.CD,196000000
Togo,TGO,2005,Public private partnerships investment in energy (current US$),IE.PPN.ENGY.CD,590000000
Togo,TGO,2000,Public private partnerships investment in energy (current US$),IE.PPN.ENGY.CD,67700000
Togo,TGO,2011,Public private partnerships investment in transport (current US$),IE.PPN.TRAN.CD,442000000
Togo,TGO,2005,Public private partnerships investment in transport (current US$),IE.PPN.TRAN.CD,76900000
Togo,TGO,1987,Public private partnerships investment in transport (current US$),IE.PPN.TRAN.CD,10000000
Togo,TGO,2021,"Air transport, registered carrier departures worldwide",IS.AIR.DPRT,11293
Togo,TGO,2020,"Air transport, registered carrier departures worldwide",IS.AIR.DPRT,6191
Togo,TGO,2019,"Air transport, registered carrier departures worldwide",IS.AIR.DPRT,11931
Togo,TGO,2018,"Air transport, registered carrier departures worldwide",IS.AIR.DPRT,11559
Togo,TGO,2017,"Air transport, registered carrier departures worldwide",IS.AIR.DPRT,10485
Togo,TGO,2016,"Air transport, registered carrier departures worldwide",IS.AIR.DPRT,10725
Togo,TGO,2015,"Air transport, registered carrier departures worldwide",IS.AIR.DPRT,9947
Togo,TGO,2014,"Air transport, registered carrier departures worldwide",IS.AIR.DPRT,10599.370360014
Togo,TGO,2013,"Air transport, registered carrier departures worldwide",IS.AIR.DPRT,11484
Togo,TGO,2012,"Air transport, registered carrier departures worldwide",IS.AIR.DPRT,10264
Togo,TGO,2011,"Air transport, registered carrier departures worldwide",IS.AIR.DPRT,10745
Togo,TGO,2010,"Air transport, registered carrier departures worldwide",IS.AIR.DPRT,8164
Togo,TGO,2001,"Air transport, registered carrier departures worldwide",IS.AIR.DPRT,716
Togo,TGO,2000,"Air transport, registered carrier departures worldwide",IS.AIR.DPRT,1518
Togo,TGO,1999,"Air transport, registered carrier departures worldwide",IS.AIR.DPRT,1500
Togo,TGO,1998,"Air transport, registered carrier departures worldwide",IS.AIR.DPRT,1500
Togo,TGO,1997,"Air transport, registered carrier departures worldwide",IS.AIR.DPRT,1500
Togo,TGO,1996,"Air transport, registered carrier departures worldwide",IS.AIR.DPRT,1500
Togo,TGO,1995,"Air transport, registered carrier departures worldwide",IS.AIR.DPRT,1300
Togo,TGO,1994,"Air transport, registered carrier departures worldwide",IS.AIR.DPRT,1300
Togo,TGO,1993,"Air transport, registered carrier departures worldwide",IS.AIR.DPRT,1300
Togo,TGO,1992,"Air transport, registered carrier departures worldwide",IS.AIR.DPRT,1100
Togo,TGO,1991,"Air transport, registered carrier departures worldwide",IS.AIR.DPRT,1200
Togo,TGO,1990,"Air transport, registered carrier departures worldwide",IS.AIR.DPRT,500
Togo,TGO,1989,"Air transport, registered carrier departures worldwide",IS.AIR.DPRT,1100
Togo,TGO,1988,"Air transport, registered carrier departures worldwide",IS.AIR.DPRT,1100
Togo,TGO,1987,"Air transport, registered carrier departures worldwide",IS.AIR.DPRT,1000
Togo,TGO,1986,"Air transport, registered carrier departures worldwide",IS.AIR.DPRT,1100
Togo,TGO,1985,"Air transport, registered carrier departures worldwide",IS.AIR.DPRT,1400
Togo,TGO,1984,"Air transport, registered carrier departures worldwide",IS.AIR.DPRT,1300
Togo,TGO,1983,"Air transport, registered carrier departures worldwide",IS.AIR.DPRT,1400
Togo,TGO,1982,"Air transport, registered carrier departures worldwide",IS.AIR.DPRT,1400
Togo,TGO,1981,"Air transport, registered carrier departures worldwide",IS.AIR.DPRT,1300
Togo,TGO,1980,"Air transport, registered carrier departures worldwide",IS.AIR.DPRT,1400
Togo,TGO,1979,"Air transport, registered carrier departures worldwide",IS.AIR.DPRT,1500
Togo,TGO,1978,"Air transport, registered carrier departures worldwide",IS.AIR.DPRT,1400
Togo,TGO,1977,"Air transport, registered carrier departures worldwide",IS.AIR.DPRT,1400
Togo,TGO,1976,"Air transport, registered carrier departures worldwide",IS.AIR.DPRT,1500
Togo,TGO,1975,"Air transport, registered carrier departures worldwide",IS.AIR.DPRT,1300
Togo,TGO,1974,"Air transport, registered carrier departures worldwide",IS.AIR.DPRT,1200
Togo,TGO,1973,"Air transport, registered carrier departures worldwide",IS.AIR.DPRT,1200
Togo,TGO,1972,"Air transport, registered carrier departures worldwide",IS.AIR.DPRT,1200
Togo,TGO,1971,"Air transport, registered carrier departures worldwide",IS.AIR.DPRT,1400
Togo,TGO,1970,"Air transport, registered carrier departures worldwide",IS.AIR.DPRT,1500
Togo,TGO,2021,"Air transport, freight (million ton-km)",IS.AIR.GOOD.MT.K1,18.343564
Togo,TGO,2020,"Air transport, freight (million ton-km)",IS.AIR.GOOD.MT.K1,9.830464
Togo,TGO,2019,"Air transport, freight (million ton-km)",IS.AIR.GOOD.MT.K1,14.624076
Togo,TGO,2018,"Air transport, freight (million ton-km)",IS.AIR.GOOD.MT.K1,10.89276
Togo,TGO,2017,"Air transport, freight (million ton-km)",IS.AIR.GOOD.MT.K1,8.56582776
Togo,TGO,2016,"Air transport, freight (million ton-km)",IS.AIR.GOOD.MT.K1,8.3493888
Togo,TGO,2015,"Air transport, freight (million ton-km)",IS.AIR.GOOD.MT.K1,7.3969052656347
Togo,TGO,2014,"Air transport, freight (million ton-km)",IS.AIR.GOOD.MT.K1,41.4737598035943
Togo,TGO,2013,"Air transport, freight (million ton-km)",IS.AIR.GOOD.MT.K1,32.362596
Togo,TGO,2012,"Air transport, freight (million ton-km)",IS.AIR.GOOD.MT.K1,53.7197165076087
Togo,TGO,2011,"Air transport, freight (million ton-km)",IS.AIR.GOOD.MT.K1,53.4358861080055
Togo,TGO,2010,"Air transport, freight (million ton-km)",IS.AIR.GOOD.MT.K1,53.241236679
Togo,TGO,2001,"Air transport, freight (million ton-km)",IS.AIR.GOOD.MT.K1,7.364
Togo,TGO,2000,"Air transport, freight (million ton-km)",IS.AIR.GOOD.MT.K1,12.273
Togo,TGO,1999,"Air transport, freight (million ton-km)",IS.AIR.GOOD.MT.K1,13.6999998093
Togo,TGO,1998,"Air transport, freight (million ton-km)",IS.AIR.GOOD.MT.K1,13.5
Togo,TGO,1997,"Air transport, freight (million ton-km)",IS.AIR.GOOD.MT.K1,15.3000001907
Togo,TGO,1996,"Air transport, freight (million ton-km)",IS.AIR.GOOD.MT.K1,16.3999996185
Togo,TGO,1995,"Air transport, freight (million ton-km)",IS.AIR.GOOD.MT.K1,15.3000001907
Togo,TGO,1994,"Air transport, freight (million ton-km)",IS.AIR.GOOD.MT.K1,14.3999996185
Togo,TGO,1993,"Air transport, freight (million ton-km)",IS.AIR.GOOD.MT.K1,14.1999998093
Togo,TGO,1992,"Air transport, freight (million ton-km)",IS.AIR.GOOD.MT.K1,15.1999998093
Togo,TGO,1991,"Air transport, freight (million ton-km)",IS.AIR.GOOD.MT.K1,16.1000003815
Togo,TGO,1990,"Air transport, freight (million ton-km)",IS.AIR.GOOD.MT.K1,17.7000007629
Togo,TGO,1989,"Air transport, freight (million ton-km)",IS.AIR.GOOD.MT.K1,18
Togo,TGO,1988,"Air transport, freight (million ton-km)",IS.AIR.GOOD.MT.K1,15.8999996185
Togo,TGO,1987,"Air transport, freight (million ton-km)",IS.AIR.GOOD.MT.K1,16.2999992371
Togo,TGO,1986,"Air transport, freight (million ton-km)",IS.AIR.GOOD.MT.K1,16.5
Togo,TGO,1985,"Air transport, freight (million ton-km)",IS.AIR.GOOD.MT.K1,18.3999996185
Togo,TGO,1984,"Air transport, freight (million ton-km)",IS.AIR.GOOD.MT.K1,17.3999996185
Togo,TGO,1983,"Air transport, freight (million ton-km)",IS.AIR.GOOD.MT.K1,18.7000007629
Togo,TGO,1982,"Air transport, freight (million ton-km)",IS.AIR.GOOD.MT.K1,21
Togo,TGO,1981,"Air transport, freight (million ton-km)",IS.AIR.GOOD.MT.K1,21
Togo,TGO,1980,"Air transport, freight (million ton-km)",IS.AIR.GOOD.MT.K1,18
Togo,TGO,1979,"Air transport, freight (million ton-km)",IS.AIR.GOOD.MT.K1,17.1000003815
Togo,TGO,1978,"Air transport, freight (million ton-km)",IS.AIR.GOOD.MT.K1,14.6999998093
Togo,TGO,1977,"Air transport, freight (million ton-km)",IS.AIR.GOOD.MT.K1,13
Togo,TGO,1976,"Air transport, freight (million ton-km)",IS.AIR.GOOD.MT.K1,13.1000003815
Togo,TGO,1975,"Air transport, freight (million ton-km)",IS.AIR.GOOD.MT.K1,11.5
Togo,TGO,1974,"Air transport, freight (million ton-km)",IS.AIR.GOOD.MT.K1,10.8000001907
Togo,TGO,1973,"Air transport, freight (million ton-km)",IS.AIR.GOOD.MT.K1,8.3000001907
Togo,TGO,1972,"Air transport, freight (million ton-km)",IS.AIR.GOOD.MT.K1,8
Togo,TGO,1971,"Air transport, freight (million ton-km)",IS.AIR.GOOD.MT.K1,7.0999999046
Togo,TGO,1970,"Air transport, freight (million ton-km)",IS.AIR.GOOD.MT.K1,5.8000001907
Togo,TGO,2021,"Air transport, passengers carried",IS.AIR.PSGR,672184
Togo,TGO,2020,"Air transport, passengers carried",IS.AIR.PSGR,320806
Togo,TGO,2019,"Air transport, passengers carried",IS.AIR.PSGR,633629
Togo,TGO,2018,"Air transport, passengers carried",IS.AIR.PSGR,566295
Togo,TGO,2017,"Air transport, passengers carried",IS.AIR.PSGR,500686
Togo,TGO,2016,"Air transport, passengers carried",IS.AIR.PSGR,475185
Togo,TGO,2015,"Air transport, passengers carried",IS.AIR.PSGR,420875
Togo,TGO,2014,"Air transport, passengers carried",IS.AIR.PSGR,426344.039920436
Togo,TGO,2013,"Air transport, passengers carried",IS.AIR.PSGR,840948
Togo,TGO,2012,"Air transport, passengers carried",IS.AIR.PSGR,745781.748091383
Togo,TGO,2011,"Air transport, passengers carried",IS.AIR.PSGR,832351.156397303
Togo,TGO,2010,"Air transport, passengers carried",IS.AIR.PSGR,663013
Togo,TGO,2001,"Air transport, passengers carried",IS.AIR.PSGR,46364
Togo,TGO,2000,"Air transport, passengers carried",IS.AIR.PSGR,77273
Togo,TGO,1999,"Air transport, passengers carried",IS.AIR.PSGR,83900
Togo,TGO,1998,"Air transport, passengers carried",IS.AIR.PSGR,90500
Togo,TGO,1997,"Air transport, passengers carried",IS.AIR.PSGR,85500
Togo,TGO,1996,"Air transport, passengers carried",IS.AIR.PSGR,75100
Togo,TGO,1995,"Air transport, passengers carried",IS.AIR.PSGR,74100
Togo,TGO,1994,"Air transport, passengers carried",IS.AIR.PSGR,69200
Togo,TGO,1993,"Air transport, passengers carried",IS.AIR.PSGR,68200
Togo,TGO,1992,"Air transport, passengers carried",IS.AIR.PSGR,66300
Togo,TGO,1991,"Air transport, passengers carried",IS.AIR.PSGR,66300
Togo,TGO,1990,"Air transport, passengers carried",IS.AIR.PSGR,76300
Togo,TGO,1989,"Air transport, passengers carried",IS.AIR.PSGR,74000
Togo,TGO,1988,"Air transport, passengers carried",IS.AIR.PSGR,69700
Togo,TGO,1987,"Air transport, passengers carried",IS.AIR.PSGR,70100
Togo,TGO,1986,"Air transport, passengers carried",IS.AIR.PSGR,78400
Togo,TGO,1985,"Air transport, passengers carried",IS.AIR.PSGR,77500
Togo,TGO,1984,"Air transport, passengers carried",IS.AIR.PSGR,71700
Togo,TGO,1983,"Air transport, passengers carried",IS.AIR.PSGR,71000
Togo,TGO,1982,"Air transport, passengers carried",IS.AIR.PSGR,69800
Togo,TGO,1981,"Air transport, passengers carried",IS.AIR.PSGR,67600
Togo,TGO,1980,"Air transport, passengers carried",IS.AIR.PSGR,64600
Togo,TGO,1979,"Air transport, passengers carried",IS.AIR.PSGR,60800
Togo,TGO,1978,"Air transport, passengers carried",IS.AIR.PSGR,55700
Togo,TGO,1977,"Air transport, passengers carried",IS.AIR.PSGR,48900
Togo,TGO,1976,"Air transport, passengers carried",IS.AIR.PSGR,43600
Togo,TGO,1975,"Air transport, passengers carried",IS.AIR.PSGR,37900
Togo,TGO,1974,"Air transport, passengers carried",IS.AIR.PSGR,33800
Togo,TGO,1973,"Air transport, passengers carried",IS.AIR.PSGR,30000
Togo,TGO,1972,"Air transport, passengers carried",IS.AIR.PSGR,27700
Togo,TGO,1971,"Air transport, passengers carried",IS.AIR.PSGR,31400
Togo,TGO,1970,"Air transport, passengers carried",IS.AIR.PSGR,29900
Togo,TGO,2021,Liner shipping connectivity index (maximum value in 2004 = 100),IS.SHP.GCNW.XQ,36.2431858825
Togo,TGO,2020,Liner shipping connectivity index (maximum value in 2004 = 100),IS.SHP.GCNW.XQ,36.572261736
Togo,TGO,2019,Liner shipping connectivity index (maximum value in 2004 = 100),IS.SHP.GCNW.XQ,34.6097386822
Togo,TGO,2018,Liner shipping connectivity index (maximum value in 2004 = 100),IS.SHP.GCNW.XQ,33.9240085028
Togo,TGO,2017,Liner shipping connectivity index (maximum value in 2004 = 100),IS.SHP.GCNW.XQ,33.6902673106
Togo,TGO,2016,Liner shipping connectivity index (maximum value in 2004 = 100),IS.SHP.GCNW.XQ,33.1634555371
Togo,TGO,2015,Liner shipping connectivity index (maximum value in 2004 = 100),IS.SHP.GCNW.XQ,26.5258780484
Togo,TGO,2014,Liner shipping connectivity index (maximum value in 2004 = 100),IS.SHP.GCNW.XQ,20.0412759994
Togo,TGO,2013,Liner shipping connectivity index (maximum value in 2004 = 100),IS.SHP.GCNW.XQ,14.915485345
Togo,TGO,2012,Liner shipping connectivity index (maximum value in 2004 = 100),IS.SHP.GCNW.XQ,13.4548673918
Togo,TGO,2011,Liner shipping connectivity index (maximum value in 2004 = 100),IS.SHP.GCNW.XQ,13.7653922331
Togo,TGO,2010,Liner shipping connectivity index (maximum value in 2004 = 100),IS.SHP.GCNW.XQ,14.7757952622
Togo,TGO,2009,Liner shipping connectivity index (maximum value in 2004 = 100),IS.SHP.GCNW.XQ,16.0387441143
Togo,TGO,2008,Liner shipping connectivity index (maximum value in 2004 = 100),IS.SHP.GCNW.XQ,12.4112547388
Togo,TGO,2007,Liner shipping connectivity index (maximum value in 2004 = 100),IS.SHP.GCNW.XQ,12.252566529
Togo,TGO,2006,Liner shipping connectivity index (maximum value in 2004 = 100),IS.SHP.GCNW.XQ,12.8012636579
Togo,TGO,2022,Container port traffic (TEU: 20 foot equivalent units),IS.SHP.GOOD.TU,1952879
Togo,TGO,2021,Container port traffic (TEU: 20 foot equivalent units),IS.SHP.GOOD.TU,1986131
Togo,TGO,2020,Container port traffic (TEU: 20 foot equivalent units),IS.SHP.GOOD.TU,1725270
Togo,TGO,2019,Container port traffic (TEU: 20 foot equivalent units),IS.SHP.GOOD.TU,1500611
Togo,TGO,2018,Container port traffic (TEU: 20 foot equivalent units),IS.SHP.GOOD.TU,1395730
Togo,TGO,2017,Container port traffic (TEU: 20 foot equivalent units),IS.SHP.GOOD.TU,1193841
Togo,TGO,2016,Container port traffic (TEU: 20 foot equivalent units),IS.SHP.GOOD.TU,821639
Togo,TGO,2015,Container port traffic (TEU: 20 foot equivalent units),IS.SHP.GOOD.TU,905700
Togo,TGO,2014,Container port traffic (TEU: 20 foot equivalent units),IS.SHP.GOOD.TU,380798
Togo,TGO,2013,Container port traffic (TEU: 20 foot equivalent units),IS.SHP.GOOD.TU,311470
Togo,TGO,2012,Container port traffic (TEU: 20 foot equivalent units),IS.SHP.GOOD.TU,288481
Togo,TGO,2011,Container port traffic (TEU: 20 foot equivalent units),IS.SHP.GOOD.TU,352695
Togo,TGO,2010,Container port traffic (TEU: 20 foot equivalent units),IS.SHP.GOOD.TU,339900
Togo,TGO,2023,Mobile cellular subscriptions,IT.CEL.SETS,7050000
Togo,TGO,2022,Mobile cellular subscriptions,IT.CEL.SETS,6560000
Togo,TGO,2021,Mobile cellular subscriptions,IT.CEL.SETS,6250000
Togo,TGO,2020,Mobile cellular subscriptions,IT.CEL.SETS,6520000
Togo,TGO,2019,Mobile cellular subscriptions,IT.CEL.SETS,6240000
Togo,TGO,2018,Mobile cellular subscriptions,IT.CEL.SETS,6140000
Togo,TGO,2017,Mobile cellular subscriptions,IT.CEL.SETS,6070000
Togo,TGO,2016,Mobile cellular subscriptions,IT.CEL.SETS,5510000
Togo,TGO,2015,Mobile cellular subscriptions,IT.CEL.SETS,4860000
Togo,TGO,2014,Mobile cellular subscriptions,IT.CEL.SETS,4520000
Togo,TGO,2013,Mobile cellular subscriptions,IT.CEL.SETS,4260000
Togo,TGO,2012,Mobile cellular subscriptions,IT.CEL.SETS,3310000
Togo,TGO,2011,Mobile cellular subscriptions,IT.CEL.SETS,2700000
Togo,TGO,2010,Mobile cellular subscriptions,IT.CEL.SETS,2600000
Togo,TGO,2009,Mobile cellular subscriptions,IT.CEL.SETS,2190000
Togo,TGO,2008,Mobile cellular subscriptions,IT.CEL.SETS,1550000
Togo,TGO,2007,Mobile cellular subscriptions,IT.CEL.SETS,1190000
Togo,TGO,2006,Mobile cellular subscriptions,IT.CEL.SETS,708000
Togo,TGO,2005,Mobile cellular subscriptions,IT.CEL.SETS,433635
Togo,TGO,2004,Mobile cellular subscriptions,IT.CEL.SETS,332565
Togo,TGO,2003,Mobile cellular subscriptions,IT.CEL.SETS,243613
Togo,TGO,2002,Mobile cellular subscriptions,IT.CEL.SETS,165138
Togo,TGO,2001,Mobile cellular subscriptions,IT.CEL.SETS,95000
Togo,TGO,2000,Mobile cellular subscriptions,IT.CEL.SETS,50000
Togo,TGO,1999,Mobile cellular subscriptions,IT.CEL.SETS,17000
Togo,TGO,1998,Mobile cellular subscriptions,IT.CEL.SETS,7500
Togo,TGO,1997,Mobile cellular subscriptions,IT.CEL.SETS,2995
Togo,TGO,1996,Mobile cellular subscriptions,IT.CEL.SETS,0
Togo,TGO,1995,Mobile cellular subscriptions,IT.CEL.SETS,0
Togo,TGO,1994,Mobile cellular subscriptions,IT.CEL.SETS,0
Togo,TGO,1993,Mobile cellular subscriptions,IT.CEL.SETS,0
Togo,TGO,1992,Mobile cellular subscriptions,IT.CEL.SETS,0
Togo,TGO,1991,Mobile cellular subscriptions,IT.CEL.SETS,0
Togo,TGO,1990,Mobile cellular subscriptions,IT.CEL.SETS,0
Togo,TGO,1989,Mobile cellular subscriptions,IT.CEL.SETS,0
Togo,TGO,1988,Mobile cellular subscriptions,IT.CEL.SETS,0
Togo,TGO,1987,Mobile cellular subscriptions,IT.CEL.SETS,0
Togo,TGO,1986,Mobile cellular subscriptions,IT.CEL.SETS,0
Togo,TGO,1985,Mobile cellular subscriptions,IT.CEL.SETS,0
Togo,TGO,1984,Mobile cellular subscriptions,IT.CEL.SETS,0
Togo,TGO,1983,Mobile cellular subscriptions,IT.CEL.SETS,0
Togo,TGO,1982,Mobile cellular subscriptions,IT.CEL.SETS,0
Togo,TGO,1981,Mobile cellular subscriptions,IT.CEL.SETS,0
Togo,TGO,1980,Mobile cellular subscriptions,IT.CEL.SETS,0
Togo,TGO,1979,Mobile cellular subscriptions,IT.CEL.SETS,0
Togo,TGO,1978,Mobile cellular subscriptions,IT.CEL.SETS,0
Togo,TGO,1977,Mobile cellular subscriptions,IT.CEL.SETS,0
Togo,TGO,1976,Mobile cellular subscriptions,IT.CEL.SETS,0
Togo,TGO,1975,Mobile cellular subscriptions,IT.CEL.SETS,0
Togo,TGO,1970,Mobile cellular subscriptions,IT.CEL.SETS,0
Togo,TGO,1965,Mobile cellular subscriptions,IT.CEL.SETS,0
Togo,TGO,1960,Mobile cellular subscriptions,IT.CEL.SETS,0
Togo,TGO,2022,Mobile cellular subscriptions (per 100 people),IT.CEL.SETS.P2,74.18189659
Togo,TGO,2021,Mobile cellular subscriptions (per 100 people),IT.CEL.SETS.P2,72.35295227
Togo,TGO,2020,Mobile cellular subscriptions (per 100 people),IT.CEL.SETS.P2,77.18623928
Togo,TGO,2019,Mobile cellular subscriptions (per 100 people),IT.CEL.SETS.P2,75.68981987
Togo,TGO,2018,Mobile cellular subscriptions (per 100 people),IT.CEL.SETS.P2,76.36078188
Togo,TGO,2017,Mobile cellular subscriptions (per 100 people),IT.CEL.SETS.P2,77.29610922
Togo,TGO,2016,Mobile cellular subscriptions (per 100 people),IT.CEL.SETS.P2,71.85967389
Togo,TGO,2015,Mobile cellular subscriptions (per 100 people),IT.CEL.SETS.P2,64.96798974
Togo,TGO,2014,Mobile cellular subscriptions (per 100 people),IT.CEL.SETS.P2,61.96318168
Togo,TGO,2013,Mobile cellular subscriptions (per 100 people),IT.CEL.SETS.P2,59.98952468
Togo,TGO,2012,Mobile cellular subscriptions (per 100 people),IT.CEL.SETS.P2,47.81888288
Togo,TGO,2011,Mobile cellular subscriptions (per 100 people),IT.CEL.SETS.P2,39.93874647
Togo,TGO,2010,Mobile cellular subscriptions (per 100 people),IT.CEL.SETS.P2,39.59738917
Togo,TGO,2009,Mobile cellular subscriptions (per 100 people),IT.CEL.SETS.P2,34.18444341
Togo,TGO,2008,Mobile cellular subscriptions (per 100 people),IT.CEL.SETS.P2,24.9023139
Togo,TGO,2007,Mobile cellular subscriptions (per 100 people),IT.CEL.SETS.P2,19.68271045
Togo,TGO,2006,Mobile cellular subscriptions (per 100 people),IT.CEL.SETS.P2,12.05262298
Togo,TGO,2005,Mobile cellular subscriptions (per 100 people),IT.CEL.SETS.P2,7.592183484
Togo,TGO,2004,Mobile cellular subscriptions (per 100 people),IT.CEL.SETS.P2,5.97577669
Togo,TGO,2003,Mobile cellular subscriptions (per 100 people),IT.CEL.SETS.P2,4.493875669
Togo,TGO,2002,Mobile cellular subscriptions (per 100 people),IT.CEL.SETS.P2,3.126702866
Togo,TGO,2001,Mobile cellular subscriptions (per 100 people),IT.CEL.SETS.P2,1.846299995
Togo,TGO,2000,Mobile cellular subscriptions (per 100 people),IT.CEL.SETS.P2,0.998395379
Togo,TGO,1999,Mobile cellular subscriptions (per 100 people),IT.CEL.SETS.P2,0.349223553
Togo,TGO,1998,Mobile cellular subscriptions (per 100 people),IT.CEL.SETS.P2,0.158619478
Togo,TGO,1997,Mobile cellular subscriptions (per 100 people),IT.CEL.SETS.P2,0.065214314
Togo,TGO,1996,Mobile cellular subscriptions (per 100 people),IT.CEL.SETS.P2,0
Togo,TGO,1995,Mobile cellular subscriptions (per 100 people),IT.CEL.SETS.P2,0
Togo,TGO,1994,Mobile cellular subscriptions (per 100 people),IT.CEL.SETS.P2,0
Togo,TGO,1993,Mobile cellular subscriptions (per 100 people),IT.CEL.SETS.P2,0
Togo,TGO,1992,Mobile cellular subscriptions (per 100 people),IT.CEL.SETS.P2,0
Togo,TGO,1991,Mobile cellular subscriptions (per 100 people),IT.CEL.SETS.P2,0
Togo,TGO,1990,Mobile cellular subscriptions (per 100 people),IT.CEL.SETS.P2,0
Togo,TGO,1989,Mobile cellular subscriptions (per 100 people),IT.CEL.SETS.P2,0
Togo,TGO,1988,Mobile cellular subscriptions (per 100 people),IT.CEL.SETS.P2,0
Togo,TGO,1987,Mobile cellular subscriptions (per 100 people),IT.CEL.SETS.P2,0
Togo,TGO,1986,Mobile cellular subscriptions (per 100 people),IT.CEL.SETS.P2,0
Togo,TGO,1985,Mobile cellular subscriptions (per 100 people),IT.CEL.SETS.P2,0
Togo,TGO,1984,Mobile cellular subscriptions (per 100 people),IT.CEL.SETS.P2,0
Togo,TGO,1983,Mobile cellular subscriptions (per 100 people),IT.CEL.SETS.P2,0
Togo,TGO,1982,Mobile cellular subscriptions (per 100 people),IT.CEL.SETS.P2,0
Togo,TGO,1981,Mobile cellular subscriptions (per 100 people),IT.CEL.SETS.P2,0
Togo,TGO,1980,Mobile cellular subscriptions (per 100 people),IT.CEL.SETS.P2,0
Togo,TGO,1979,Mobile cellular subscriptions (per 100 people),IT.CEL.SETS.P2,0
Togo,TGO,1978,Mobile cellular subscriptions (per 100 people),IT.CEL.SETS.P2,0
Togo,TGO,1977,Mobile cellular subscriptions (per 100 people),IT.CEL.SETS.P2,0
Togo,TGO,1976,Mobile cellular subscriptions (per 100 people),IT.CEL.SETS.P2,0
Togo,TGO,1975,Mobile cellular subscriptions (per 100 people),IT.CEL.SETS.P2,0
Togo,TGO,1970,Mobile cellular subscriptions (per 100 people),IT.CEL.SETS.P2,0
Togo,TGO,1965,Mobile cellular subscriptions (per 100 people),IT.CEL.SETS.P2,0
Togo,TGO,1960,Mobile cellular subscriptions (per 100 people),IT.CEL.SETS.P2,0
Togo,TGO,2023,Fixed telephone subscriptions,IT.MLT.MAIN,66516
Togo,TGO,2022,Fixed telephone subscriptions,IT.MLT.MAIN,65613
Togo,TGO,2021,Fixed telephone subscriptions,IT.MLT.MAIN,54469
Togo,TGO,2020,Fixed telephone subscriptions,IT.MLT.MAIN,46499
Togo,TGO,2019,Fixed telephone subscriptions,IT.MLT.MAIN,43605
Togo,TGO,2018,Fixed telephone subscriptions,IT.MLT.MAIN,37691
Togo,TGO,2017,Fixed telephone subscriptions,IT.MLT.MAIN,36111
Togo,TGO,2016,Fixed telephone subscriptions,IT.MLT.MAIN,33817
Togo,TGO,2015,Fixed telephone subscriptions,IT.MLT.MAIN,52690
Togo,TGO,2014,Fixed telephone subscriptions,IT.MLT.MAIN,53311
Togo,TGO,2013,Fixed telephone subscriptions,IT.MLT.MAIN,62537
Togo,TGO,2012,Fixed telephone subscriptions,IT.MLT.MAIN,61590
Togo,TGO,2011,Fixed telephone subscriptions,IT.MLT.MAIN,60273
Togo,TGO,2010,Fixed telephone subscriptions,IT.MLT.MAIN,60011
Togo,TGO,2009,Fixed telephone subscriptions,IT.MLT.MAIN,178713
Togo,TGO,2008,Fixed telephone subscriptions,IT.MLT.MAIN,140919
Togo,TGO,2007,Fixed telephone subscriptions,IT.MLT.MAIN,99483
Togo,TGO,2006,Fixed telephone subscriptions,IT.MLT.MAIN,82057
Togo,TGO,2005,Fixed telephone subscriptions,IT.MLT.MAIN,62831
Togo,TGO,2004,Fixed telephone subscriptions,IT.MLT.MAIN,65949
Togo,TGO,2003,Fixed telephone subscriptions,IT.MLT.MAIN,61099
Togo,TGO,2002,Fixed telephone subscriptions,IT.MLT.MAIN,51156
Togo,TGO,2001,Fixed telephone subscriptions,IT.MLT.MAIN,48384
Togo,TGO,2000,Fixed telephone subscriptions,IT.MLT.MAIN,42763
Togo,TGO,1999,Fixed telephone subscriptions,IT.MLT.MAIN,38166
Togo,TGO,1998,Fixed telephone subscriptions,IT.MLT.MAIN,31415
Togo,TGO,1997,Fixed telephone subscriptions,IT.MLT.MAIN,25132
Togo,TGO,1996,Fixed telephone subscriptions,IT.MLT.MAIN,24050
Togo,TGO,1995,Fixed telephone subscriptions,IT.MLT.MAIN,21715
Togo,TGO,1994,Fixed telephone subscriptions,IT.MLT.MAIN,21400
Togo,TGO,1993,Fixed telephone subscriptions,IT.MLT.MAIN,17298
Togo,TGO,1992,Fixed telephone subscriptions,IT.MLT.MAIN,15337
Togo,TGO,1991,Fixed telephone subscriptions,IT.MLT.MAIN,10730
Togo,TGO,1990,Fixed telephone subscriptions,IT.MLT.MAIN,10516
Togo,TGO,1989,Fixed telephone subscriptions,IT.MLT.MAIN,9869
Togo,TGO,1988,Fixed telephone subscriptions,IT.MLT.MAIN,9595
Togo,TGO,1987,Fixed telephone subscriptions,IT.MLT.MAIN,9225
Togo,TGO,1986,Fixed telephone subscriptions,IT.MLT.MAIN,8455
Togo,TGO,1985,Fixed telephone subscriptions,IT.MLT.MAIN,8390
Togo,TGO,1984,Fixed telephone subscriptions,IT.MLT.MAIN,8351
Togo,TGO,1983,Fixed telephone subscriptions,IT.MLT.MAIN,7936
Togo,TGO,1982,Fixed telephone subscriptions,IT.MLT.MAIN,7425
Togo,TGO,1981,Fixed telephone subscriptions,IT.MLT.MAIN,6120
Togo,TGO,1980,Fixed telephone subscriptions,IT.MLT.MAIN,5783
Togo,TGO,1979,Fixed telephone subscriptions,IT.MLT.MAIN,5700
Togo,TGO,1978,Fixed telephone subscriptions,IT.MLT.MAIN,5600
Togo,TGO,1977,Fixed telephone subscriptions,IT.MLT.MAIN,5800
Togo,TGO,1976,Fixed telephone subscriptions,IT.MLT.MAIN,4800
Togo,TGO,1974,Fixed telephone subscriptions,IT.MLT.MAIN,3000
Togo,TGO,1973,Fixed telephone subscriptions,IT.MLT.MAIN,3000
Togo,TGO,1972,Fixed telephone subscriptions,IT.MLT.MAIN,3000
Togo,TGO,1971,Fixed telephone subscriptions,IT.MLT.MAIN,3000
Togo,TGO,1970,Fixed telephone subscriptions,IT.MLT.MAIN,3000
Togo,TGO,1969,Fixed telephone subscriptions,IT.MLT.MAIN,1164
Togo,TGO,1968,Fixed telephone subscriptions,IT.MLT.MAIN,1164
Togo,TGO,1967,Fixed telephone subscriptions,IT.MLT.MAIN,1164
Togo,TGO,1966,Fixed telephone subscriptions,IT.MLT.MAIN,1164
Togo,TGO,1964,Fixed telephone subscriptions,IT.MLT.MAIN,1164
Togo,TGO,1963,Fixed telephone subscriptions,IT.MLT.MAIN,1164
Togo,TGO,1962,Fixed telephone subscriptions,IT.MLT.MAIN,1164
Togo,TGO,1961,Fixed telephone subscriptions,IT.MLT.MAIN,1164
Togo,TGO,1960,Fixed telephone subscriptions,IT.MLT.MAIN,1164
Togo,TGO,2023,Fixed telephone subscriptions (per 100 people),IT.MLT.MAIN.P2,0.715
Togo,TGO,2022,Fixed telephone subscriptions (per 100 people),IT.MLT.MAIN.P2,0.722
Togo,TGO,2021,Fixed telephone subscriptions (per 100 people),IT.MLT.MAIN.P2,0.614
Togo,TGO,2020,Fixed telephone subscriptions (per 100 people),IT.MLT.MAIN.P2,0.536
Togo,TGO,2019,Fixed telephone subscriptions (per 100 people),IT.MLT.MAIN.P2,0.515
Togo,TGO,2018,Fixed telephone subscriptions (per 100 people),IT.MLT.MAIN.P2,0.456
Togo,TGO,2017,Fixed telephone subscriptions (per 100 people),IT.MLT.MAIN.P2,0.448
Togo,TGO,2016,Fixed telephone subscriptions (per 100 people),IT.MLT.MAIN.P2,0.43
Togo,TGO,2015,Fixed telephone subscriptions (per 100 people),IT.MLT.MAIN.P2,0.688
Togo,TGO,2014,Fixed telephone subscriptions (per 100 people),IT.MLT.MAIN.P2,0.713
Togo,TGO,2013,Fixed telephone subscriptions (per 100 people),IT.MLT.MAIN.P2,0.858
Togo,TGO,2012,Fixed telephone subscriptions (per 100 people),IT.MLT.MAIN.P2,0.867
Togo,TGO,2011,Fixed telephone subscriptions (per 100 people),IT.MLT.MAIN.P2,0.871
Togo,TGO,2010,Fixed telephone subscriptions (per 100 people),IT.MLT.MAIN.P2,0.891
Togo,TGO,2009,Fixed telephone subscriptions (per 100 people),IT.MLT.MAIN.P2,2.73
Togo,TGO,2008,Fixed telephone subscriptions (per 100 people),IT.MLT.MAIN.P2,2.21
Togo,TGO,2007,Fixed telephone subscriptions (per 100 people),IT.MLT.MAIN.P2,1.61
Togo,TGO,2006,Fixed telephone subscriptions (per 100 people),IT.MLT.MAIN.P2,1.37
Togo,TGO,2005,Fixed telephone subscriptions (per 100 people),IT.MLT.MAIN.P2,1.08
Togo,TGO,2004,Fixed telephone subscriptions (per 100 people),IT.MLT.MAIN.P2,1.16
Togo,TGO,2003,Fixed telephone subscriptions (per 100 people),IT.MLT.MAIN.P2,1.1
Togo,TGO,2002,Fixed telephone subscriptions (per 100 people),IT.MLT.MAIN.P2,0.945
Togo,TGO,2001,Fixed telephone subscriptions (per 100 people),IT.MLT.MAIN.P2,0.917
Togo,TGO,2000,Fixed telephone subscriptions (per 100 people),IT.MLT.MAIN.P2,0.832
Togo,TGO,1999,Fixed telephone subscriptions (per 100 people),IT.MLT.MAIN.P2,0.763
Togo,TGO,1998,Fixed telephone subscriptions (per 100 people),IT.MLT.MAIN.P2,0.646
Togo,TGO,1997,Fixed telephone subscriptions (per 100 people),IT.MLT.MAIN.P2,0.532
Togo,TGO,1996,Fixed telephone subscriptions (per 100 people),IT.MLT.MAIN.P2,0.525
Togo,TGO,1995,Fixed telephone subscriptions (per 100 people),IT.MLT.MAIN.P2,0.492
Togo,TGO,1994,Fixed telephone subscriptions (per 100 people),IT.MLT.MAIN.P2,0.507
Togo,TGO,1993,Fixed telephone subscriptions (per 100 people),IT.MLT.MAIN.P2,0.411
Togo,TGO,1992,Fixed telephone subscriptions (per 100 people),IT.MLT.MAIN.P2,0.362
Togo,TGO,1991,Fixed telephone subscriptions (per 100 people),IT.MLT.MAIN.P2,0.261
Togo,TGO,1990,Fixed telephone subscriptions (per 100 people),IT.MLT.MAIN.P2,0.263
Togo,TGO,1989,Fixed telephone subscriptions (per 100 people),IT.MLT.MAIN.P2,0.262218369
Togo,TGO,1988,Fixed telephone subscriptions (per 100 people),IT.MLT.MAIN.P2,0.262630631
Togo,TGO,1987,Fixed telephone subscriptions (per 100 people),IT.MLT.MAIN.P2,0.260231029
Togo,TGO,1986,Fixed telephone subscriptions (per 100 people),IT.MLT.MAIN.P2,0.245829905
Togo,TGO,1985,Fixed telephone subscriptions (per 100 people),IT.MLT.MAIN.P2,0.251460509
Togo,TGO,1984,Fixed telephone subscriptions (per 100 people),IT.MLT.MAIN.P2,0.258365396
Togo,TGO,1983,Fixed telephone subscriptions (per 100 people),IT.MLT.MAIN.P2,0.253819202
Togo,TGO,1982,Fixed telephone subscriptions (per 100 people),IT.MLT.MAIN.P2,0.245589071
Togo,TGO,1981,Fixed telephone subscriptions (per 100 people),IT.MLT.MAIN.P2,0.209168841
Togo,TGO,1980,Fixed telephone subscriptions (per 100 people),IT.MLT.MAIN.P2,0.203762363
Togo,TGO,1979,Fixed telephone subscriptions (per 100 people),IT.MLT.MAIN.P2,0.206428996
Togo,TGO,1978,Fixed telephone subscriptions (per 100 people),IT.MLT.MAIN.P2,0.207915646
Togo,TGO,1977,Fixed telephone subscriptions (per 100 people),IT.MLT.MAIN.P2,0.22047984
Togo,TGO,1976,Fixed telephone subscriptions (per 100 people),IT.MLT.MAIN.P2,0.186794341
Togo,TGO,1974,Fixed telephone subscriptions (per 100 people),IT.MLT.MAIN.P2,0.141809
Togo,TGO,1973,Fixed telephone subscriptions (per 100 people),IT.MLT.MAIN.P2,0.141809
Togo,TGO,1972,Fixed telephone subscriptions (per 100 people),IT.MLT.MAIN.P2,0.141809
Togo,TGO,1971,Fixed telephone subscriptions (per 100 people),IT.MLT.MAIN.P2,0.141809
Togo,TGO,1970,Fixed telephone subscriptions (per 100 people),IT.MLT.MAIN.P2,0.13652604
Togo,TGO,1969,Fixed telephone subscriptions (per 100 people),IT.MLT.MAIN.P2,0.073647
Togo,TGO,1968,Fixed telephone subscriptions (per 100 people),IT.MLT.MAIN.P2,0.073647
Togo,TGO,1967,Fixed telephone subscriptions (per 100 people),IT.MLT.MAIN.P2,0.073647
Togo,TGO,1966,Fixed telephone subscriptions (per 100 people),IT.MLT.MAIN.P2,0.073647
Togo,TGO,1964,Fixed telephone subscriptions (per 100 people),IT.MLT.MAIN.P2,0.073647
Togo,TGO,1963,Fixed telephone subscriptions (per 100 people),IT.MLT.MAIN.P2,0.073647
Togo,TGO,1962,Fixed telephone subscriptions (per 100 people),IT.MLT.MAIN.P2,0.073647
Togo,TGO,1961,Fixed telephone subscriptions (per 100 people),IT.MLT.MAIN.P2,0.073647
Togo,TGO,1960,Fixed telephone subscriptions (per 100 people),IT.MLT.MAIN.P2,0.070487057
Togo,TGO,2023,Fixed broadband subscriptions,IT.NET.BBND,114000
Togo,TGO,2022,Fixed broadband subscriptions,IT.NET.BBND,94300
Togo,TGO,2021,Fixed broadband subscriptions,IT.NET.BBND,66500
Togo,TGO,2020,Fixed broadband subscriptions,IT.NET.BBND,52700
Togo,TGO,2019,Fixed broadband subscriptions,IT.NET.BBND,31900
Togo,TGO,2018,Fixed broadband subscriptions,IT.NET.BBND,26200
Togo,TGO,2017,Fixed broadband subscriptions,IT.NET.BBND,50600
Togo,TGO,2016,Fixed broadband subscriptions,IT.NET.BBND,48800
Togo,TGO,2015,Fixed broadband subscriptions,IT.NET.BBND,66100
Togo,TGO,2014,Fixed broadband subscriptions,IT.NET.BBND,12600
Togo,TGO,2013,Fixed broadband subscriptions,IT.NET.BBND,6920
Togo,TGO,2012,Fixed broadband subscriptions,IT.NET.BBND,41500
Togo,TGO,2011,Fixed broadband subscriptions,IT.NET.BBND,34000
Togo,TGO,2010,Fixed broadband subscriptions,IT.NET.BBND,27200
Togo,TGO,2009,Fixed broadband subscriptions,IT.NET.BBND,4170
Togo,TGO,2008,Fixed broadband subscriptions,IT.NET.BBND,1910
Togo,TGO,2007,Fixed broadband subscriptions,IT.NET.BBND,1200
Togo,TGO,2023,Fixed broadband subscriptions (per 100 people),IT.NET.BBND.P2,1.22816
Togo,TGO,2022,Fixed broadband subscriptions (per 100 people),IT.NET.BBND.P2,1.03724
Togo,TGO,2021,Fixed broadband subscriptions (per 100 people),IT.NET.BBND.P2,0.749326
Togo,TGO,2020,Fixed broadband subscriptions (per 100 people),IT.NET.BBND.P2,0.607932
Togo,TGO,2019,Fixed broadband subscriptions (per 100 people),IT.NET.BBND.P2,0.37692
Togo,TGO,2018,Fixed broadband subscriptions (per 100 people),IT.NET.BBND.P2,0.316705
Togo,TGO,2017,Fixed broadband subscriptions (per 100 people),IT.NET.BBND.P2,0.627394
Togo,TGO,2016,Fixed broadband subscriptions (per 100 people),IT.NET.BBND.P2,0.620529
Togo,TGO,2015,Fixed broadband subscriptions (per 100 people),IT.NET.BBND.P2,0.862199
Togo,TGO,2014,Fixed broadband subscriptions (per 100 people),IT.NET.BBND.P2,0.168753
Togo,TGO,2013,Fixed broadband subscriptions (per 100 people),IT.NET.BBND.P2,0.0949153
Togo,TGO,2012,Fixed broadband subscriptions (per 100 people),IT.NET.BBND.P2,0.584348
Togo,TGO,2011,Fixed broadband subscriptions (per 100 people),IT.NET.BBND.P2,0.492144
Togo,TGO,2010,Fixed broadband subscriptions (per 100 people),IT.NET.BBND.P2,0.404376
Togo,TGO,2009,Fixed broadband subscriptions (per 100 people),IT.NET.BBND.P2,0.0635849
Togo,TGO,2008,Fixed broadband subscriptions (per 100 people),IT.NET.BBND.P2,0.0300056
Togo,TGO,2007,Fixed broadband subscriptions (per 100 people),IT.NET.BBND.P2,0.0194075
Togo,TGO,2023,Secure Internet servers,IT.NET.SECR,851
Togo,TGO,2022,Secure Internet servers,IT.NET.SECR,733
Togo,TGO,2021,Secure Internet servers,IT.NET.SECR,223
Togo,TGO,2020,Secure Internet servers,IT.NET.SECR,219
Togo,TGO,2019,Secure Internet servers,IT.NET.SECR,159
Togo,TGO,2018,Secure Internet servers,IT.NET.SECR,61
Togo,TGO,2017,Secure Internet servers,IT.NET.SECR,35
Togo,TGO,2016,Secure Internet servers,IT.NET.SECR,26
Togo,TGO,2015,Secure Internet servers,IT.NET.SECR,22
Togo,TGO,2014,Secure Internet servers,IT.NET.SECR,18
Togo,TGO,2013,Secure Internet servers,IT.NET.SECR,6
Togo,TGO,2012,Secure Internet servers,IT.NET.SECR,3
Togo,TGO,2011,Secure Internet servers,IT.NET.SECR,2
Togo,TGO,2010,Secure Internet servers,IT.NET.SECR,1
Togo,TGO,2023,Secure Internet servers (per 1 million people),IT.NET.SECR.P6,93.9936925924686
Togo,TGO,2022,Secure Internet servers (per 1 million people),IT.NET.SECR.P6,82.8370362693996
Togo,TGO,2021,Secure Internet servers (per 1 million people),IT.NET.SECR.P6,25.7957676201577
Togo,TGO,2020,Secure Internet servers (per 1 million people),IT.NET.SECR.P6,25.9399377915282
Togo,TGO,2019,Secure Internet servers (per 1 million people),IT.NET.SECR.P6,19.2888738136433
Togo,TGO,2018,Secure Internet servers (per 1 million people),IT.NET.SECR.P6,7.58076717115222
Togo,TGO,2017,Secure Internet servers (per 1 million people),IT.NET.SECR.P6,4.45701180280397
Togo,TGO,2016,Secure Internet servers (per 1 million people),IT.NET.SECR.P6,3.39365600388652
Togo,TGO,2015,Secure Internet servers (per 1 million people),IT.NET.SECR.P6,2.94384127664227
Togo,TGO,2014,Secure Internet servers (per 1 million people),IT.NET.SECR.P6,2.46968360471726
Togo,TGO,2013,Secure Internet servers (per 1 million people),IT.NET.SECR.P6,0.844329671897711
Togo,TGO,2012,Secure Internet servers (per 1 million people),IT.NET.SECR.P6,0.433110738475465
Togo,TGO,2011,Secure Internet servers (per 1 million people),IT.NET.SECR.P6,0.296354601320082
Togo,TGO,2010,Secure Internet servers (per 1 million people),IT.NET.SECR.P6,0.152164038920518
Togo,TGO,2017,"Individuals using the Internet, female (% of female population)",IT.NET.USER.FE.ZS,8.61106
Togo,TGO,2017,"Individuals using the Internet, male (% of male population)",IT.NET.USER.MA.ZS,16.31
Togo,TGO,2022,Individuals using the Internet (% of population),IT.NET.USER.ZS,37.6212
Togo,TGO,2021,Individuals using the Internet (% of population),IT.NET.USER.ZS,32.5051
Togo,TGO,2020,Individuals using the Internet (% of population),IT.NET.USER.ZS,29.0237
Togo,TGO,2019,Individuals using the Internet (% of population),IT.NET.USER.ZS,20.7273
Togo,TGO,2018,Individuals using the Internet (% of population),IT.NET.USER.ZS,15.5
Togo,TGO,2017,Individuals using the Internet (% of population),IT.NET.USER.ZS,12.3602
Togo,TGO,2016,Individuals using the Internet (% of population),IT.NET.USER.ZS,11.31
Togo,TGO,2015,Individuals using the Internet (% of population),IT.NET.USER.ZS,7.12
Togo,TGO,2014,Individuals using the Internet (% of population),IT.NET.USER.ZS,5.7
Togo,TGO,2013,Individuals using the Internet (% of population),IT.NET.USER.ZS,4.5
Togo,TGO,2012,Individuals using the Internet (% of population),IT.NET.USER.ZS,4
Togo,TGO,2011,Individuals using the Internet (% of population),IT.NET.USER.ZS,3.5
Togo,TGO,2010,Individuals using the Internet (% of population),IT.NET.USER.ZS,3
Togo,TGO,2009,Individuals using the Internet (% of population),IT.NET.USER.ZS,2.6
Togo,TGO,2008,Individuals using the Internet (% of population),IT.NET.USER.ZS,2.4
Togo,TGO,2007,Individuals using the Internet (% of population),IT.NET.USER.ZS,2.2
Togo,TGO,2006,Individuals using the Internet (% of population),IT.NET.USER.ZS,2
Togo,TGO,2005,Individuals using the Internet (% of population),IT.NET.USER.ZS,1.8
Togo,TGO,2004,Individuals using the Internet (% of population),IT.NET.USER.ZS,1.5
Togo,TGO,2003,Individuals using the Internet (% of population),IT.NET.USER.ZS,1.2
Togo,TGO,2002,Individuals using the Internet (% of population),IT.NET.USER.ZS,1
Togo,TGO,2001,Individuals using the Internet (% of population),IT.NET.USER.ZS,0.9
Togo,TGO,2000,Individuals using the Internet (% of population),IT.NET.USER.ZS,0.8
Togo,TGO,1999,Individuals using the Internet (% of population),IT.NET.USER.ZS,0.590363264
Togo,TGO,1998,Individuals using the Internet (% of population),IT.NET.USER.ZS,0.305583935
Togo,TGO,1997,Individuals using the Internet (% of population),IT.NET.USER.ZS,0.211139465
Togo,TGO,1996,Individuals using the Internet (% of population),IT.NET.USER.ZS,0.010929139
Togo,TGO,1995,Individuals using the Internet (% of population),IT.NET.USER.ZS,0
Togo,TGO,1994,Individuals using the Internet (% of population),IT.NET.USER.ZS,0
Togo,TGO,1993,Individuals using the Internet (% of population),IT.NET.USER.ZS,0
Togo,TGO,1992,Individuals using the Internet (% of population),IT.NET.USER.ZS,0
Togo,TGO,1991,Individuals using the Internet (% of population),IT.NET.USER.ZS,0
Togo,TGO,1990,Individuals using the Internet (% of population),IT.NET.USER.ZS,0
Togo,TGO,1989,Individuals using the Internet (% of population),IT.NET.USER.ZS,0
Togo,TGO,1988,Individuals using the Internet (% of population),IT.NET.USER.ZS,0
Togo,TGO,1987,Individuals using the Internet (% of population),IT.NET.USER.ZS,0
Togo,TGO,1986,Individuals using the Internet (% of population),IT.NET.USER.ZS,0
Togo,TGO,1985,Individuals using the Internet (% of population),IT.NET.USER.ZS,0
Togo,TGO,1984,Individuals using the Internet (% of population),IT.NET.USER.ZS,0
Togo,TGO,1983,Individuals using the Internet (% of population),IT.NET.USER.ZS,0
Togo,TGO,1982,Individuals using the Internet (% of population),IT.NET.USER.ZS,0
Togo,TGO,1981,Individuals using the Internet (% of population),IT.NET.USER.ZS,0
Togo,TGO,1980,Individuals using the Internet (% of population),IT.NET.USER.ZS,0
Togo,TGO,1979,Individuals using the Internet (% of population),IT.NET.USER.ZS,0
Togo,TGO,1978,Individuals using the Internet (% of population),IT.NET.USER.ZS,0
Togo,TGO,1977,Individuals using the Internet (% of population),IT.NET.USER.ZS,0
Togo,TGO,1976,Individuals using the Internet (% of population),IT.NET.USER.ZS,0
Togo,TGO,1975,Individuals using the Internet (% of population),IT.NET.USER.ZS,0
Togo,TGO,1970,Individuals using the Internet (% of population),IT.NET.USER.ZS,0
Togo,TGO,1965,Individuals using the Internet (% of population),IT.NET.USER.ZS,0
Togo,TGO,1960,Individuals using the Internet (% of population),IT.NET.USER.ZS,0
Togo,TGO,2022,ICT goods imports (% total goods imports),TM.VAL.ICTG.ZS.UN,2.48
Togo,TGO,2021,ICT goods imports (% total goods imports),TM.VAL.ICTG.ZS.UN,1.95
Togo,TGO,2020,ICT goods imports (% total goods imports),TM.VAL.ICTG.ZS.UN,3.06
Togo,TGO,2019,ICT goods imports (% total goods imports),TM.VAL.ICTG.ZS.UN,3.78
Togo,TGO,2018,ICT goods imports (% total goods imports),TM.VAL.ICTG.ZS.UN,2.71
Togo,TGO,2017,ICT goods imports (% total goods imports),TM.VAL.ICTG.ZS.UN,2.64
Togo,TGO,2016,ICT goods imports (% total goods imports),TM.VAL.ICTG.ZS.UN,3.05
Togo,TGO,2015,ICT goods imports (% total goods imports),TM.VAL.ICTG.ZS.UN,3.06
Togo,TGO,2014,ICT goods imports (% total goods imports),TM.VAL.ICTG.ZS.UN,1.69
Togo,TGO,2013,ICT goods imports (% total goods imports),TM.VAL.ICTG.ZS.UN,1.1
Togo,TGO,2012,ICT goods imports (% total goods imports),TM.VAL.ICTG.ZS.UN,1.67
Togo,TGO,2011,ICT goods imports (% total goods imports),TM.VAL.ICTG.ZS.UN,2.75
Togo,TGO,2010,ICT goods imports (% total goods imports),TM.VAL.ICTG.ZS.UN,3.57
Togo,TGO,2009,ICT goods imports (% total goods imports),TM.VAL.ICTG.ZS.UN,3.46
Togo,TGO,2008,ICT goods imports (% total goods imports),TM.VAL.ICTG.ZS.UN,2.27
Togo,TGO,2007,ICT goods imports (% total goods imports),TM.VAL.ICTG.ZS.UN,4.12
Togo,TGO,2005,ICT goods imports (% total goods imports),TM.VAL.ICTG.ZS.UN,3.89
Togo,TGO,2004,ICT goods imports (% total goods imports),TM.VAL.ICTG.ZS.UN,1.96
Togo,TGO,2003,ICT goods imports (% total goods imports),TM.VAL.ICTG.ZS.UN,1.85
Togo,TGO,2002,ICT goods imports (% total goods imports),TM.VAL.ICTG.ZS.UN,3.1
Togo,TGO,2001,ICT goods imports (% total goods imports),TM.VAL.ICTG.ZS.UN,3.79
Togo,TGO,2000,ICT goods imports (% total goods imports),TM.VAL.ICTG.ZS.UN,2.91
Togo,TGO,2022,ICT goods exports (% of total goods exports),TX.VAL.ICTG.ZS.UN,0.13
Togo,TGO,2021,ICT goods exports (% of total goods exports),TX.VAL.ICTG.ZS.UN,0.07
Togo,TGO,2020,ICT goods exports (% of total goods exports),TX.VAL.ICTG.ZS.UN,0.06
Togo,TGO,2019,ICT goods exports (% of total goods exports),TX.VAL.ICTG.ZS.UN,0.08
Togo,TGO,2018,ICT goods exports (% of total goods exports),TX.VAL.ICTG.ZS.UN,0.06
Togo,TGO,2017,ICT goods exports (% of total goods exports),TX.VAL.ICTG.ZS.UN,0.11
Togo,TGO,2016,ICT goods exports (% of total goods exports),TX.VAL.ICTG.ZS.UN,0.41
Togo,TGO,2015,ICT goods exports (% of total goods exports),TX.VAL.ICTG.ZS.UN,0.13
Togo,TGO,2014,ICT goods exports (% of total goods exports),TX.VAL.ICTG.ZS.UN,0.37
Togo,TGO,2013,ICT goods exports (% of total goods exports),TX.VAL.ICTG.ZS.UN,0.05
Togo,TGO,2012,ICT goods exports (% of total goods exports),TX.VAL.ICTG.ZS.UN,0.05
Togo,TGO,2011,ICT goods exports (% of total goods exports),TX.VAL.ICTG.ZS.UN,0.09
Togo,TGO,2010,ICT goods exports (% of total goods exports),TX.VAL.ICTG.ZS.UN,0.26
Togo,TGO,2009,ICT goods exports (% of total goods exports),TX.VAL.ICTG.ZS.UN,0.18
Togo,TGO,2008,ICT goods exports (% of total goods exports),TX.VAL.ICTG.ZS.UN,0.14
Togo,TGO,2007,ICT goods exports (% of total goods exports),TX.VAL.ICTG.ZS.UN,0.09
Togo,TGO,2005,ICT goods exports (% of total goods exports),TX.VAL.ICTG.ZS.UN,0.07
Togo,TGO,2004,ICT goods exports (% of total goods exports),TX.VAL.ICTG.ZS.UN,0.03
Togo,TGO,2003,ICT goods exports (% of total goods exports),TX.VAL.ICTG.ZS.UN,0.02
Togo,TGO,2002,ICT goods exports (% of total goods exports),TX.VAL.ICTG.ZS.UN,0.02
Togo,TGO,2001,ICT goods exports (% of total goods exports),TX.VAL.ICTG.ZS.UN,0.05
Togo,TGO,2000,ICT goods exports (% of total goods exports),TX.VAL.ICTG.ZS.UN,0.04
Togo,TGO,2007,Road density (km of road per 100 sq. km of land area),IS.ROD.DNST.K2,21
Togo,TGO,2007,"Roads, paved (% of total roads)",IS.ROD.PAVE.ZS,21
Togo,TGO,2001,"Roads, paved (% of total roads)",IS.ROD.PAVE.ZS,31.6000003814697
Togo,TGO,2000,"Roads, paved (% of total roads)",IS.ROD.PAVE.ZS,31.6000003814697
Togo,TGO,1999,"Roads, paved (% of total roads)",IS.ROD.PAVE.ZS,31.6000003814697
Togo,TGO,1998,"Roads, paved (% of total roads)",IS.ROD.PAVE.ZS,31.6000003814697
Togo,TGO,1997,"Roads, paved (% of total roads)",IS.ROD.PAVE.ZS,31.6000003814697
Togo,TGO,1996,"Roads, paved (% of total roads)",IS.ROD.PAVE.ZS,31.6000003814697
Togo,TGO,1995,"Roads, paved (% of total roads)",IS.ROD.PAVE.ZS,31.6000003814697
Togo,TGO,1994,"Roads, paved (% of total roads)",IS.ROD.PAVE.ZS,31.6000003814697
Togo,TGO,1993,"Roads, paved (% of total roads)",IS.ROD.PAVE.ZS,31.6000003814697
Togo,TGO,1992,"Roads, paved (% of total roads)",IS.ROD.PAVE.ZS,31
Togo,TGO,1991,"Roads, paved (% of total roads)",IS.ROD.PAVE.ZS,21.6000003814697
Togo,TGO,1990,"Roads, paved (% of total roads)",IS.ROD.PAVE.ZS,21.2000007629395
Togo,TGO,2007,"Roads, total network (km)",IS.ROD.TOTL.KM,11652
Togo,TGO,2000,"Roads, total network (km)",IS.ROD.TOTL.KM,7520
Togo,TGO,1999,"Roads, total network (km)",IS.ROD.TOTL.KM,7520
Togo,TGO,1998,"Roads, total network (km)",IS.ROD.TOTL.KM,7520
Togo,TGO,1997,"Roads, total network (km)",IS.ROD.TOTL.KM,7520
Togo,TGO,1996,"Roads, total network (km)",IS.ROD.TOTL.KM,7520
Togo,TGO,1995,"Roads, total network (km)",IS.ROD.TOTL.KM,7519
Togo,TGO,1994,"Roads, total network (km)",IS.ROD.TOTL.KM,7519
Togo,TGO,1993,"Roads, total network (km)",IS.ROD.TOTL.KM,7519
Togo,TGO,1992,"Roads, total network (km)",IS.ROD.TOTL.KM,7390
Togo,TGO,1991,"Roads, total network (km)",IS.ROD.TOTL.KM,7519
Togo,TGO,1990,"Roads, total network (km)",IS.ROD.TOTL.KM,7390
Togo,TGO,2007,"Motor vehicles (per 1,000 people)",IS.VEH.NVEH.P3,2
Togo,TGO,2007,"Passenger cars (per 1,000 people)",IS.VEH.PCAR.P3,2
Togo,TGO,2007,Vehicles (per km of road),IS.VEH.ROAD.K1,1
Togo,TGO,2011,International Internet bandwidth (Mbps),IT.NET.BNDW,1388
Togo,TGO,2010,International Internet bandwidth (Mbps),IT.NET.BNDW,1388
Togo,TGO,2009,International Internet bandwidth (Mbps),IT.NET.BNDW,1355
Togo,TGO,2008,International Internet bandwidth (Mbps),IT.NET.BNDW,203
Togo,TGO,2007,International Internet bandwidth (Mbps),IT.NET.BNDW,28.52
Togo,TGO,2006,International Internet bandwidth (Mbps),IT.NET.BNDW,14.256
Togo,TGO,2005,International Internet bandwidth (Mbps),IT.NET.BNDW,14.256
Togo,TGO,2004,International Internet bandwidth (Mbps),IT.NET.BNDW,14.256
Togo,TGO,2003,International Internet bandwidth (Mbps),IT.NET.BNDW,14.256
Togo,TGO,2002,International Internet bandwidth (Mbps),IT.NET.BNDW,12
Togo,TGO,2001,International Internet bandwidth (Mbps),IT.NET.BNDW,6
Togo,TGO,2000,International Internet bandwidth (Mbps),IT.NET.BNDW,1
Togo,TGO,1999,International Internet bandwidth (Mbps),IT.NET.BNDW,1
Togo,TGO,1998,International Internet bandwidth (Mbps),IT.NET.BNDW,1
Togo,TGO,2011,International Internet bandwidth (bits per second per person),IT.NET.BNDW.PC,225.514568842303
Togo,TGO,2010,International Internet bandwidth (bits per second per person),IT.NET.BNDW.PC,230.266508598994
Togo,TGO,2009,International Internet bandwidth (bits per second per person),IT.NET.BNDW.PC,229.588677059211
Togo,TGO,2008,International Internet bandwidth (bits per second per person),IT.NET.BNDW.PC,35.1403371775939
Togo,TGO,2007,International Internet bandwidth (bits per second per person),IT.NET.BNDW.PC,5.04527747345524
Togo,TGO,2006,International Internet bandwidth (bits per second per person),IT.NET.BNDW.PC,2.57798140583894
Togo,TGO,2005,International Internet bandwidth (bits per second per person),IT.NET.BNDW.PC,2.63607322721487
Togo,TGO,2004,International Internet bandwidth (bits per second per person),IT.NET.BNDW.PC,2.69577610686892
Togo,TGO,2003,International Internet bandwidth (bits per second per person),IT.NET.BNDW.PC,2.75731240953052
Togo,TGO,2002,International Internet bandwidth (bits per second per person),IT.NET.BNDW.PC,2.37580527424811
Togo,TGO,2001,International Internet bandwidth (bits per second per person),IT.NET.BNDW.PC,1.21799168598875
Togo,TGO,2000,International Internet bandwidth (bits per second per person),IT.NET.BNDW.PC,0.208615659859677
Togo,TGO,1999,International Internet bandwidth (bits per second per person),IT.NET.BNDW.PC,0.215018898010946
Togo,TGO,1998,International Internet bandwidth (bits per second per person),IT.NET.BNDW.PC,0.222213679340772
Togo,TGO,2010,Annual investment in telecommunications (current LCU),IT.TEL.INVS.CN,22823000000
Togo,TGO,2007,Annual investment in telecommunications (current LCU),IT.TEL.INVS.CN,36309907728
Togo,TGO,2006,Annual investment in telecommunications (current LCU),IT.TEL.INVS.CN,35263822351
Togo,TGO,2005,Annual investment in telecommunications (current LCU),IT.TEL.INVS.CN,24277000000
Togo,TGO,2002,Annual investment in telecommunications (current LCU),IT.TEL.INVS.CN,20900000000
Togo,TGO,2001,Annual investment in telecommunications (current LCU),IT.TEL.INVS.CN,16591270000
Togo,TGO,2000,Annual investment in telecommunications (current LCU),IT.TEL.INVS.CN,12532795901
Togo,TGO,1999,Annual investment in telecommunications (current LCU),IT.TEL.INVS.CN,7441000000
Togo,TGO,1998,Annual investment in telecommunications (current LCU),IT.TEL.INVS.CN,10437000000
Togo,TGO,1997,Annual investment in telecommunications (current LCU),IT.TEL.INVS.CN,10500000000
Togo,TGO,1996,Annual investment in telecommunications (current LCU),IT.TEL.INVS.CN,7300000000
Togo,TGO,1995,Annual investment in telecommunications (current LCU),IT.TEL.INVS.CN,2900000000
Togo,TGO,1994,Annual investment in telecommunications (current LCU),IT.TEL.INVS.CN,2100000000
Togo,TGO,1993,Annual investment in telecommunications (current LCU),IT.TEL.INVS.CN,1558000000
Togo,TGO,1992,Annual investment in telecommunications (current LCU),IT.TEL.INVS.CN,2251000000
Togo,TGO,1991,Annual investment in telecommunications (current LCU),IT.TEL.INVS.CN,4126507224
Togo,TGO,1990,Annual investment in telecommunications (current LCU),IT.TEL.INVS.CN,2167107000
Togo,TGO,1989,Annual investment in telecommunications (current LCU),IT.TEL.INVS.CN,720197000
Togo,TGO,1988,Annual investment in telecommunications (current LCU),IT.TEL.INVS.CN,570000000
Togo,TGO,1987,Annual investment in telecommunications (current LCU),IT.TEL.INVS.CN,576090000
Togo,TGO,1986,Annual investment in telecommunications (current LCU),IT.TEL.INVS.CN,430000000
Togo,TGO,1981,Annual investment in telecommunications (current LCU),IT.TEL.INVS.CN,158770000
Togo,TGO,2010,Annual investment in telecommunications (% of revenue),IT.TEL.INVS.RV.ZS,15.313544196782
Togo,TGO,2007,Annual investment in telecommunications (% of revenue),IT.TEL.INVS.RV.ZS,41.0912521520804
Togo,TGO,2006,Annual investment in telecommunications (% of revenue),IT.TEL.INVS.RV.ZS,43.8371541039072
Togo,TGO,2005,Annual investment in telecommunications (% of revenue),IT.TEL.INVS.RV.ZS,34.661127054154
Togo,TGO,2002,Annual investment in telecommunications (% of revenue),IT.TEL.INVS.RV.ZS,48.6046511627907
Togo,TGO,2001,Annual investment in telecommunications (% of revenue),IT.TEL.INVS.RV.ZS,58.3885549986324
Togo,TGO,2000,Annual investment in telecommunications (% of revenue),IT.TEL.INVS.RV.ZS,45.323416714206
Togo,TGO,1999,Annual investment in telecommunications (% of revenue),IT.TEL.INVS.RV.ZS,30.8807156954776
Togo,TGO,1998,Annual investment in telecommunications (% of revenue),IT.TEL.INVS.RV.ZS,45.1264362198873
Togo,TGO,1997,Annual investment in telecommunications (% of revenue),IT.TEL.INVS.RV.ZS,45.9600261578206
Togo,TGO,1996,Annual investment in telecommunications (% of revenue),IT.TEL.INVS.RV.ZS,36.2873741312778
Togo,TGO,1995,Annual investment in telecommunications (% of revenue),IT.TEL.INVS.RV.ZS,18.1203340139914
Togo,TGO,1994,Annual investment in telecommunications (% of revenue),IT.TEL.INVS.RV.ZS,14.9346714798979
Togo,TGO,1993,Annual investment in telecommunications (% of revenue),IT.TEL.INVS.RV.ZS,20.5625263135666
Togo,TGO,1992,Annual investment in telecommunications (% of revenue),IT.TEL.INVS.RV.ZS,28.323222450413
Togo,TGO,1991,Annual investment in telecommunications (% of revenue),IT.TEL.INVS.RV.ZS,50.114530976583
Togo,TGO,1990,Annual investment in telecommunications (% of revenue),IT.TEL.INVS.RV.ZS,30.6203395629178
Togo,TGO,1989,Annual investment in telecommunications (% of revenue),IT.TEL.INVS.RV.ZS,11.5484533790132
Togo,TGO,1988,Annual investment in telecommunications (% of revenue),IT.TEL.INVS.RV.ZS,8.79072371544738
Togo,TGO,1987,Annual investment in telecommunications (% of revenue),IT.TEL.INVS.RV.ZS,9.39673595238328
Togo,TGO,1986,Annual investment in telecommunications (% of revenue),IT.TEL.INVS.RV.ZS,7.10743801652893
Togo,TGO,1981,Annual investment in telecommunications (% of revenue),IT.TEL.INVS.RV.ZS,9.91352157338143
Togo,TGO,2010,Revenue from all telecommunication services (current LCU),IT.TEL.REVN.CN,149038000000
Togo,TGO,2007,Revenue from all telecommunication services (current LCU),IT.TEL.REVN.CN,88364081955
Togo,TGO,2006,Revenue from all telecommunication services (current LCU),IT.TEL.REVN.CN,80442772967
Togo,TGO,2005,Revenue from all telecommunication services (current LCU),IT.TEL.REVN.CN,70041000000
Togo,TGO,2004,Revenue from all telecommunication services (current LCU),IT.TEL.REVN.CN,62385538730
Togo,TGO,2003,Revenue from all telecommunication services (current LCU),IT.TEL.REVN.CN,56267224578
Togo,TGO,2002,Revenue from all telecommunication services (current LCU),IT.TEL.REVN.CN,43000000000
Togo,TGO,2001,Revenue from all telecommunication services (current LCU),IT.TEL.REVN.CN,28415277618
Togo,TGO,2000,Revenue from all telecommunication services (current LCU),IT.TEL.REVN.CN,27651922140
Togo,TGO,1999,Revenue from all telecommunication services (current LCU),IT.TEL.REVN.CN,24095944127
Togo,TGO,1998,Revenue from all telecommunication services (current LCU),IT.TEL.REVN.CN,23128349753
Togo,TGO,1997,Revenue from all telecommunication services (current LCU),IT.TEL.REVN.CN,22845940000
Togo,TGO,1996,Revenue from all telecommunication services (current LCU),IT.TEL.REVN.CN,20117190000
Togo,TGO,1995,Revenue from all telecommunication services (current LCU),IT.TEL.REVN.CN,16004120000
Togo,TGO,1994,Revenue from all telecommunication services (current LCU),IT.TEL.REVN.CN,14061240000
Togo,TGO,1993,Revenue from all telecommunication services (current LCU),IT.TEL.REVN.CN,7576890000
Togo,TGO,1992,Revenue from all telecommunication services (current LCU),IT.TEL.REVN.CN,7947542000
Togo,TGO,1991,Revenue from all telecommunication services (current LCU),IT.TEL.REVN.CN,8234153136
Togo,TGO,1990,Revenue from all telecommunication services (current LCU),IT.TEL.REVN.CN,7077344768
Togo,TGO,1989,Revenue from all telecommunication services (current LCU),IT.TEL.REVN.CN,6236306944
Togo,TGO,1988,Revenue from all telecommunication services (current LCU),IT.TEL.REVN.CN,6484107776
Togo,TGO,1987,Revenue from all telecommunication services (current LCU),IT.TEL.REVN.CN,6130745856
Togo,TGO,1986,Revenue from all telecommunication services (current LCU),IT.TEL.REVN.CN,6050000000
Togo,TGO,1983,Revenue from all telecommunication services (current LCU),IT.TEL.REVN.CN,1536905984
Togo,TGO,1982,Revenue from all telecommunication services (current LCU),IT.TEL.REVN.CN,2245967872
Togo,TGO,1981,Revenue from all telecommunication services (current LCU),IT.TEL.REVN.CN,1601549952
Togo,TGO,1980,Revenue from all telecommunication services (current LCU),IT.TEL.REVN.CN,1716889000
Togo,TGO,1979,Revenue from all telecommunication services (current LCU),IT.TEL.REVN.CN,1324800000
Togo,TGO,1978,Revenue from all telecommunication services (current LCU),IT.TEL.REVN.CN,1046200000
Togo,TGO,1977,Revenue from all telecommunication services (current LCU),IT.TEL.REVN.CN,640300000
Togo,TGO,1976,Revenue from all telecommunication services (current LCU),IT.TEL.REVN.CN,276713000
Togo,TGO,1970,Revenue from all telecommunication services (current LCU),IT.TEL.REVN.CN,168270000
Togo,TGO,1965,Revenue from all telecommunication services (current LCU),IT.TEL.REVN.CN,129143000
Togo,TGO,2010,Revenue from all telecommunication services (% GDP),IT.TEL.REVN.GD.ZS,9.42546557793083
Togo,TGO,2007,Revenue from all telecommunication services (% GDP),IT.TEL.REVN.GD.ZS,7.30636828134739
Togo,TGO,2006,Revenue from all telecommunication services (% GDP),IT.TEL.REVN.GD.ZS,6.98392749216047
Togo,TGO,2005,Revenue from all telecommunication services (% GDP),IT.TEL.REVN.GD.ZS,6.27789563445609
Togo,TGO,2004,Revenue from all telecommunication services (% GDP),IT.TEL.REVN.GD.ZS,6.0963441310773
Togo,TGO,2003,Revenue from all telecommunication services (% GDP),IT.TEL.REVN.GD.ZS,5.78434957103041
Togo,TGO,2002,Revenue from all telecommunication services (% GDP),IT.TEL.REVN.GD.ZS,4.18369392113229
Togo,TGO,2001,Revenue from all telecommunication services (% GDP),IT.TEL.REVN.GD.ZS,2.90946835455571
Togo,TGO,2000,Revenue from all telecommunication services (% GDP),IT.TEL.REVN.GD.ZS,3.00083099016821
Togo,TGO,1999,Revenue from all telecommunication services (% GDP),IT.TEL.REVN.GD.ZS,2.48309397922905
Togo,TGO,1998,Revenue from all telecommunication services (% GDP),IT.TEL.REVN.GD.ZS,2.46977009185569
Togo,TGO,1997,Revenue from all telecommunication services (% GDP),IT.TEL.REVN.GD.ZS,2.61128755963507
Togo,TGO,1996,Revenue from all telecommunication services (% GDP),IT.TEL.REVN.GD.ZS,2.68353146945786
Togo,TGO,1995,Revenue from all telecommunication services (% GDP),IT.TEL.REVN.GD.ZS,2.44869929210276
Togo,TGO,1994,Revenue from all telecommunication services (% GDP),IT.TEL.REVN.GD.ZS,2.5774068375018
Togo,TGO,1993,Revenue from all telecommunication services (% GDP),IT.TEL.REVN.GD.ZS,2.16928716894895
Togo,TGO,1992,Revenue from all telecommunication services (% GDP),IT.TEL.REVN.GD.ZS,1.77355995999152
Togo,TGO,1991,Revenue from all telecommunication services (% GDP),IT.TEL.REVN.GD.ZS,1.82163530818142
Togo,TGO,1990,Revenue from all telecommunication services (% GDP),IT.TEL.REVN.GD.ZS,1.59628496668238
Togo,TGO,1989,Revenue from all telecommunication services (% GDP),IT.TEL.REVN.GD.ZS,1.44492019502328
Togo,TGO,1988,Revenue from all telecommunication services (% GDP),IT.TEL.REVN.GD.ZS,1.57884324349447
Togo,TGO,1987,Revenue from all telecommunication services (% GDP),IT.TEL.REVN.GD.ZS,1.63312353863145
Togo,TGO,1986,Revenue from all telecommunication services (% GDP),IT.TEL.REVN.GD.ZS,1.6467066166589
Togo,TGO,1983,Revenue from all telecommunication services (% GDP),IT.TEL.REVN.GD.ZS,0.526698435653607
Togo,TGO,1982,Revenue from all telecommunication services (% GDP),IT.TEL.REVN.GD.ZS,0.831839962057083
Togo,TGO,1981,Revenue from all telecommunication services (% GDP),IT.TEL.REVN.GD.ZS,0.61244741417243
Togo,TGO,1980,Revenue from all telecommunication services (% GDP),IT.TEL.REVN.GD.ZS,0.715072470566675
Togo,TGO,1979,Revenue from all telecommunication services (% GDP),IT.TEL.REVN.GD.ZS,0.698365849283263
Togo,TGO,1978,Revenue from all telecommunication services (% GDP),IT.TEL.REVN.GD.ZS,0.562473121376196
Togo,TGO,1977,Revenue from all telecommunication services (% GDP),IT.TEL.REVN.GD.ZS,0.335235597601031
Togo,TGO,1976,Revenue from all telecommunication services (% GDP),IT.TEL.REVN.GD.ZS,0.186968245830479
Togo,TGO,1970,Revenue from all telecommunication services (% GDP),IT.TEL.REVN.GD.ZS,0.239701104700229
Togo,TGO,1965,Revenue from all telecommunication services (% GDP),IT.TEL.REVN.GD.ZS,0.281357365951675
Togo,TGO,2011,Mobile and fixed-line telephone subscribers,IT.TEL.TOTL,3344839
Togo,TGO,2010,Mobile and fixed-line telephone subscribers,IT.TEL.TOTL,2666053
Togo,TGO,2009,Mobile and fixed-line telephone subscribers,IT.TEL.TOTL,2366047
Togo,TGO,2008,Mobile and fixed-line telephone subscribers,IT.TEL.TOTL,1690461
Togo,TGO,2007,Mobile and fixed-line telephone subscribers,IT.TEL.TOTL,1289802
Togo,TGO,2006,Mobile and fixed-line telephone subscribers,IT.TEL.TOTL,790057
Togo,TGO,2005,Mobile and fixed-line telephone subscribers,IT.TEL.TOTL,496466
Togo,TGO,2004,Mobile and fixed-line telephone subscribers,IT.TEL.TOTL,398514
Togo,TGO,2003,Mobile and fixed-line telephone subscribers,IT.TEL.TOTL,304712
Togo,TGO,2002,Mobile and fixed-line telephone subscribers,IT.TEL.TOTL,216294
Togo,TGO,2001,Mobile and fixed-line telephone subscribers,IT.TEL.TOTL,143384
Togo,TGO,2000,Mobile and fixed-line telephone subscribers,IT.TEL.TOTL,92763
Togo,TGO,1999,Mobile and fixed-line telephone subscribers,IT.TEL.TOTL,55166
Togo,TGO,1998,Mobile and fixed-line telephone subscribers,IT.TEL.TOTL,38915
Togo,TGO,1997,Mobile and fixed-line telephone subscribers,IT.TEL.TOTL,28127
Togo,TGO,1996,Mobile and fixed-line telephone subscribers,IT.TEL.TOTL,24050
Togo,TGO,1995,Mobile and fixed-line telephone subscribers,IT.TEL.TOTL,21715
Togo,TGO,1994,Mobile and fixed-line telephone subscribers,IT.TEL.TOTL,21400
Togo,TGO,1993,Mobile and fixed-line telephone subscribers,IT.TEL.TOTL,17298
Togo,TGO,1992,Mobile and fixed-line telephone subscribers,IT.TEL.TOTL,15337
Togo,TGO,1991,Mobile and fixed-line telephone subscribers,IT.TEL.TOTL,10730
Togo,TGO,1990,Mobile and fixed-line telephone subscribers,IT.TEL.TOTL,10516
Togo,TGO,1989,Mobile and fixed-line telephone subscribers,IT.TEL.TOTL,9869
Togo,TGO,1988,Mobile and fixed-line telephone subscribers,IT.TEL.TOTL,9595
Togo,TGO,1987,Mobile and fixed-line telephone subscribers,IT.TEL.TOTL,9225
Togo,TGO,1986,Mobile and fixed-line telephone subscribers,IT.TEL.TOTL,8455
Togo,TGO,1985,Mobile and fixed-line telephone subscribers,IT.TEL.TOTL,8390
Togo,TGO,1984,Mobile and fixed-line telephone subscribers,IT.TEL.TOTL,8351
Togo,TGO,1983,Mobile and fixed-line telephone subscribers,IT.TEL.TOTL,7936
Togo,TGO,1982,Mobile and fixed-line telephone subscribers,IT.TEL.TOTL,7425
Togo,TGO,1981,Mobile and fixed-line telephone subscribers,IT.TEL.TOTL,6120
Togo,TGO,1980,Mobile and fixed-line telephone subscribers,IT.TEL.TOTL,5783
Togo,TGO,1979,Mobile and fixed-line telephone subscribers,IT.TEL.TOTL,5700
Togo,TGO,1978,Mobile and fixed-line telephone subscribers,IT.TEL.TOTL,5600
Togo,TGO,1977,Mobile and fixed-line telephone subscribers,IT.TEL.TOTL,5800
Togo,TGO,1976,Mobile and fixed-line telephone subscribers,IT.TEL.TOTL,4800
Togo,TGO,1970,Mobile and fixed-line telephone subscribers,IT.TEL.TOTL,3000
Togo,TGO,1960,Mobile and fixed-line telephone subscribers,IT.TEL.TOTL,1164
Togo,TGO,2011,Mobile and fixed-line telephone subscribers (per 100 people),IT.TEL.TOTL.P2,54.3450954561901
Togo,TGO,2010,Mobile and fixed-line telephone subscribers (per 100 people),IT.TEL.TOTL.P2,44.2293023090687
Togo,TGO,2009,Mobile and fixed-line telephone subscribers (per 100 people),IT.TEL.TOTL.P2,40.089859822134
Togo,TGO,2008,Mobile and fixed-line telephone subscribers (per 100 people),IT.TEL.TOTL.P2,29.2627436086564
Togo,TGO,2007,Mobile and fixed-line telephone subscribers (per 100 people),IT.TEL.TOTL.P2,22.8170020189955
Togo,TGO,2006,Mobile and fixed-line telephone subscribers (per 100 people),IT.TEL.TOTL.P2,14.2869827129131
Togo,TGO,2005,Mobile and fixed-line telephone subscribers (per 100 people),IT.TEL.TOTL.P2,9.18013980655483
Togo,TGO,2004,Mobile and fixed-line telephone subscribers (per 100 people),IT.TEL.TOTL.P2,7.53580611288411
Togo,TGO,2003,Mobile and fixed-line telephone subscribers (per 100 people),IT.TEL.TOTL.P2,5.89356186120135
Togo,TGO,2002,Mobile and fixed-line telephone subscribers (per 100 people),IT.TEL.TOTL.P2,4.28227021656851
Togo,TGO,2001,Mobile and fixed-line telephone subscribers (per 100 people),IT.TEL.TOTL.P2,2.91067533173019
Togo,TGO,2000,Mobile and fixed-line telephone subscribers (per 100 people),IT.TEL.TOTL.P2,1.93518144555632
Togo,TGO,1999,Mobile and fixed-line telephone subscribers (per 100 people),IT.TEL.TOTL.P2,1.18617325276719
Togo,TGO,1998,Mobile and fixed-line telephone subscribers (per 100 people),IT.TEL.TOTL.P2,0.864744533154614
Togo,TGO,1997,Mobile and fixed-line telephone subscribers (per 100 people),IT.TEL.TOTL.P2,0.646694482323676
Togo,TGO,1996,Mobile and fixed-line telephone subscribers (per 100 people),IT.TEL.TOTL.P2,0.571430200691989
Togo,TGO,1995,Mobile and fixed-line telephone subscribers (per 100 people),IT.TEL.TOTL.P2,0.531514931371791
Togo,TGO,1994,Mobile and fixed-line telephone subscribers (per 100 people),IT.TEL.TOTL.P2,0.537309895239635
Togo,TGO,1993,Mobile and fixed-line telephone subscribers (per 100 people),IT.TEL.TOTL.P2,0.443821824703465
Togo,TGO,1992,Mobile and fixed-line telephone subscribers (per 100 people),IT.TEL.TOTL.P2,0.401220010197272
Togo,TGO,1991,Mobile and fixed-line telephone subscribers (per 100 people),IT.TEL.TOTL.P2,0.286305116403175
Togo,TGO,1990,Mobile and fixed-line telephone subscribers (per 100 people),IT.TEL.TOTL.P2,0.286890579180136
Togo,TGO,1989,Mobile and fixed-line telephone subscribers (per 100 people),IT.TEL.TOTL.P2,0.276122754176885
Togo,TGO,1988,Mobile and fixed-line telephone subscribers (per 100 people),IT.TEL.TOTL.P2,0.276038532044636
Togo,TGO,1987,Mobile and fixed-line telephone subscribers (per 100 people),IT.TEL.TOTL.P2,0.273530923968188
Togo,TGO,1986,Mobile and fixed-line telephone subscribers (per 100 people),IT.TEL.TOTL.P2,0.258811450883831
Togo,TGO,1985,Mobile and fixed-line telephone subscribers (per 100 people),IT.TEL.TOTL.P2,0.265394880061443
Togo,TGO,1984,Mobile and fixed-line telephone subscribers (per 100 people),IT.TEL.TOTL.P2,0.273312302260955
Togo,TGO,1983,Mobile and fixed-line telephone subscribers (per 100 people),IT.TEL.TOTL.P2,0.269082714792327
Togo,TGO,1982,Mobile and fixed-line telephone subscribers (per 100 people),IT.TEL.TOTL.P2,0.260864524357017
Togo,TGO,1981,Mobile and fixed-line telephone subscribers (per 100 people),IT.TEL.TOTL.P2,0.222452348126293
Togo,TGO,1980,Mobile and fixed-line telephone subscribers (per 100 people),IT.TEL.TOTL.P2,0.21684181871154
Togo,TGO,1979,Mobile and fixed-line telephone subscribers (per 100 people),IT.TEL.TOTL.P2,0.21966045888226
Togo,TGO,1978,Mobile and fixed-line telephone subscribers (per 100 people),IT.TEL.TOTL.P2,0.221018809884751
Togo,TGO,1977,Mobile and fixed-line telephone subscribers (per 100 people),IT.TEL.TOTL.P2,0.233843528843995
Togo,TGO,1976,Mobile and fixed-line telephone subscribers (per 100 people),IT.TEL.TOTL.P2,0.197521110068639
Togo,TGO,1970,Mobile and fixed-line telephone subscribers (per 100 people),IT.TEL.TOTL.P2,0.143042894272706
Togo,TGO,1960,Mobile and fixed-line telephone subscribers (per 100 people),IT.TEL.TOTL.P2,0.0737779107414046
Togo,TGO,2006,Households with television (%),IT.TVS.HOUS.ZS,24.1
Togo,TGO,1998,Households with television (%),IT.TVS.HOUS.ZS,12.8
Togo,TGO,2005,Personal computers (per 100 people),IT.CMP.PCMP.P2,3.29671896272747
Togo,TGO,2004,Personal computers (per 100 people),IT.CMP.PCMP.P2,3.12741986398101
Togo,TGO,2003,Personal computers (per 100 people),IT.CMP.PCMP.P2,3.00151632853022
Togo,TGO,2002,Personal computers (per 100 people),IT.CMP.PCMP.P2,2.88626332996667
Togo,TGO,2001,Personal computers (per 100 people),IT.CMP.PCMP.P2,2.37033899995793
Togo,TGO,2000,Personal computers (per 100 people),IT.CMP.PCMP.P2,2.03070342348167
Togo,TGO,1999,Personal computers (per 100 people),IT.CMP.PCMP.P2,1.04592707629076
Togo,TGO,1998,Personal computers (per 100 people),IT.CMP.PCMP.P2,0.647606037933308
Togo,TGO,1997,Personal computers (per 100 people),IT.CMP.PCMP.P2,0.557295431893928
Togo,TGO,1996,Personal computers (per 100 people),IT.CMP.PCMP.P2,0.459896454313311
Togo,TGO,1995,Personal computers (per 100 people),IT.CMP.PCMP.P2,0.354921135340657
