Country Name,Country ISO3,Year,Indicator Name,Indicator Code,Value
#country+name,#country+code,#date+year,#indicator+name,#indicator+code,#indicator+value+num
Togo,TGO,2023,"Foreign direct investment, net outflows (BoP, current US$)",BM.KLT.DINV.CD.WD,-60323620
Togo,TGO,2022,"Foreign direct investment, net outflows (BoP, current US$)",BM.KLT.DINV.CD.WD,-54266090
Togo,TGO,2021,"Foreign direct investment, net outflows (BoP, current US$)",BM.KLT.DINV.CD.WD,-70939270
Togo,TGO,2020,"Foreign direct investment, net outflows (BoP, current US$)",BM.KLT.DINV.CD.WD,-112262979.804213
Togo,TGO,2019,"Foreign direct investment, net outflows (BoP, current US$)",BM.KLT.DINV.CD.WD,42842683.3347004
Togo,TGO,2018,"Foreign direct investment, net outflows (BoP, current US$)",BM.KLT.DINV.CD.WD,70205764.2287499
Togo,TGO,2017,"Foreign direct investment, net outflows (BoP, current US$)",BM.KLT.DINV.CD.WD,-32575797.5799401
Togo,TGO,2016,"Foreign direct investment, net outflows (BoP, current US$)",BM.KLT.DINV.CD.WD,256966270.193862
Togo,TGO,2015,"Foreign direct investment, net outflows (BoP, current US$)",BM.KLT.DINV.CD.WD,348653283.930899
Togo,TGO,2014,"Foreign direct investment, net outflows (BoP, current US$)",BM.KLT.DINV.CD.WD,358970286.16215
Togo,TGO,2013,"Foreign direct investment, net outflows (BoP, current US$)",BM.KLT.DINV.CD.WD,-20679910.4650781
Togo,TGO,2012,"Foreign direct investment, net outflows (BoP, current US$)",BM.KLT.DINV.CD.WD,420306406.63416
Togo,TGO,2011,"Foreign direct investment, net outflows (BoP, current US$)",BM.KLT.DINV.CD.WD,1266206345.08945
Togo,TGO,2010,"Foreign direct investment, net outflows (BoP, current US$)",BM.KLT.DINV.CD.WD,76375178.30183
Togo,TGO,2009,"Foreign direct investment, net outflows (BoP, current US$)",BM.KLT.DINV.CD.WD,35145930.56089
Togo,TGO,2008,"Foreign direct investment, net outflows (BoP, current US$)",BM.KLT.DINV.CD.WD,10910312.8877922
Togo,TGO,2007,"Foreign direct investment, net outflows (BoP, current US$)",BM.KLT.DINV.CD.WD,12475092.6846682
Togo,TGO,2006,"Foreign direct investment, net outflows (BoP, current US$)",BM.KLT.DINV.CD.WD,-423026.722788231
Togo,TGO,2005,"Foreign direct investment, net outflows (BoP, current US$)",BM.KLT.DINV.CD.WD,4103301.44244235
Togo,TGO,2004,"Foreign direct investment, net outflows (BoP, current US$)",BM.KLT.DINV.CD.WD,8717368.59187547
Togo,TGO,2003,"Foreign direct investment, net outflows (BoP, current US$)",BM.KLT.DINV.CD.WD,5614786.08637873
Togo,TGO,2002,"Foreign direct investment, net outflows (BoP, current US$)",BM.KLT.DINV.CD.WD,6917844.1706201
Togo,TGO,2001,"Foreign direct investment, net outflows (BoP, current US$)",BM.KLT.DINV.CD.WD,1719011.42178047
Togo,TGO,2000,"Foreign direct investment, net outflows (BoP, current US$)",BM.KLT.DINV.CD.WD,11243185.4586834
Togo,TGO,1999,"Foreign direct investment, net outflows (BoP, current US$)",BM.KLT.DINV.CD.WD,-24594078.7147722
Togo,TGO,1998,"Foreign direct investment, net outflows (BoP, current US$)",BM.KLT.DINV.CD.WD,-8451538.26964367
Togo,TGO,1997,"Foreign direct investment, net outflows (BoP, current US$)",BM.KLT.DINV.CD.WD,-6289519.67309552
Togo,TGO,1996,"Foreign direct investment, net outflows (BoP, current US$)",BM.KLT.DINV.CD.WD,-12270491.9936674
Togo,TGO,1995,"Foreign direct investment, net outflows (BoP, current US$)",BM.KLT.DINV.CD.WD,-39779750.8108858
Togo,TGO,1994,"Foreign direct investment, net outflows (BoP, current US$)",BM.KLT.DINV.CD.WD,-18685000.4713096
Togo,TGO,1993,"Foreign direct investment, net outflows (BoP, current US$)",BM.KLT.DINV.CD.WD,-6702863.08081849
Togo,TGO,1989,"Foreign direct investment, net outflows (BoP, current US$)",BM.KLT.DINV.CD.WD,0
Togo,TGO,1988,"Foreign direct investment, net outflows (BoP, current US$)",BM.KLT.DINV.CD.WD,0
Togo,TGO,1987,"Foreign direct investment, net outflows (BoP, current US$)",BM.KLT.DINV.CD.WD,0
Togo,TGO,1986,"Foreign direct investment, net outflows (BoP, current US$)",BM.KLT.DINV.CD.WD,0
Togo,TGO,1985,"Foreign direct investment, net outflows (BoP, current US$)",BM.KLT.DINV.CD.WD,0
Togo,TGO,1984,"Foreign direct investment, net outflows (BoP, current US$)",BM.KLT.DINV.CD.WD,0
Togo,TGO,1983,"Foreign direct investment, net outflows (BoP, current US$)",BM.KLT.DINV.CD.WD,0
Togo,TGO,1982,"Foreign direct investment, net outflows (BoP, current US$)",BM.KLT.DINV.CD.WD,0
Togo,TGO,1981,"Foreign direct investment, net outflows (BoP, current US$)",BM.KLT.DINV.CD.WD,0
Togo,TGO,1980,"Foreign direct investment, net outflows (BoP, current US$)",BM.KLT.DINV.CD.WD,0
Togo,TGO,1979,"Foreign direct investment, net outflows (BoP, current US$)",BM.KLT.DINV.CD.WD,0
Togo,TGO,1978,"Foreign direct investment, net outflows (BoP, current US$)",BM.KLT.DINV.CD.WD,0
Togo,TGO,1977,"Foreign direct investment, net outflows (BoP, current US$)",BM.KLT.DINV.CD.WD,0
Togo,TGO,1976,"Foreign direct investment, net outflows (BoP, current US$)",BM.KLT.DINV.CD.WD,0
Togo,TGO,1975,"Foreign direct investment, net outflows (BoP, current US$)",BM.KLT.DINV.CD.WD,0
Togo,TGO,1974,"Foreign direct investment, net outflows (BoP, current US$)",BM.KLT.DINV.CD.WD,0
Togo,TGO,2023,"Foreign direct investment, net outflows (% of GDP)",BM.KLT.DINV.WD.GD.ZS,-0.657746132264776
Togo,TGO,2022,"Foreign direct investment, net outflows (% of GDP)",BM.KLT.DINV.WD.GD.ZS,-0.664254219126751
Togo,TGO,2021,"Foreign direct investment, net outflows (% of GDP)",BM.KLT.DINV.WD.GD.ZS,-0.850362001048572
Togo,TGO,2020,"Foreign direct investment, net outflows (% of GDP)",BM.KLT.DINV.WD.GD.ZS,-1.5170090399085
Togo,TGO,2019,"Foreign direct investment, net outflows (% of GDP)",BM.KLT.DINV.WD.GD.ZS,0.612677259336422
Togo,TGO,2018,"Foreign direct investment, net outflows (% of GDP)",BM.KLT.DINV.WD.GD.ZS,0.998758914866362
Togo,TGO,2017,"Foreign direct investment, net outflows (% of GDP)",BM.KLT.DINV.WD.GD.ZS,-0.509999103546223
Togo,TGO,2016,"Foreign direct investment, net outflows (% of GDP)",BM.KLT.DINV.WD.GD.ZS,4.2325652155753
Togo,TGO,2015,"Foreign direct investment, net outflows (% of GDP)",BM.KLT.DINV.WD.GD.ZS,6.05778202274013
Togo,TGO,2014,"Foreign direct investment, net outflows (% of GDP)",BM.KLT.DINV.WD.GD.ZS,5.61477266513729
Togo,TGO,2013,"Foreign direct investment, net outflows (% of GDP)",BM.KLT.DINV.WD.GD.ZS,-0.343421246726553
Togo,TGO,2012,"Foreign direct investment, net outflows (% of GDP)",BM.KLT.DINV.WD.GD.ZS,7.76397782133139
Togo,TGO,2011,"Foreign direct investment, net outflows (% of GDP)",BM.KLT.DINV.WD.GD.ZS,23.351218993777
Togo,TGO,2010,"Foreign direct investment, net outflows (% of GDP)",BM.KLT.DINV.WD.GD.ZS,1.60912158160467
Togo,TGO,2009,"Foreign direct investment, net outflows (% of GDP)",BM.KLT.DINV.WD.GD.ZS,0.74431898796849
Togo,TGO,2008,"Foreign direct investment, net outflows (% of GDP)",BM.KLT.DINV.WD.GD.ZS,0.238276285585956
Togo,TGO,2007,"Foreign direct investment, net outflows (% of GDP)",BM.KLT.DINV.WD.GD.ZS,0.331787473352573
Togo,TGO,2006,"Foreign direct investment, net outflows (% of GDP)",BM.KLT.DINV.WD.GD.ZS,-0.0127382859815673
Togo,TGO,2005,"Foreign direct investment, net outflows (% of GDP)",BM.KLT.DINV.WD.GD.ZS,0.127356162098925
Togo,TGO,2004,"Foreign direct investment, net outflows (% of GDP)",BM.KLT.DINV.WD.GD.ZS,0.273138041301075
Togo,TGO,2003,"Foreign direct investment, net outflows (% of GDP)",BM.KLT.DINV.WD.GD.ZS,0.187912183955897
Togo,TGO,2002,"Foreign direct investment, net outflows (% of GDP)",BM.KLT.DINV.WD.GD.ZS,0.287023771793566
Togo,TGO,2001,"Foreign direct investment, net outflows (% of GDP)",BM.KLT.DINV.WD.GD.ZS,0.0821118944456812
Togo,TGO,2000,"Foreign direct investment, net outflows (% of GDP)",BM.KLT.DINV.WD.GD.ZS,0.53364938734455
Togo,TGO,1999,"Foreign direct investment, net outflows (% of GDP)",BM.KLT.DINV.WD.GD.ZS,-1.10456887239229
Togo,TGO,1998,"Foreign direct investment, net outflows (% of GDP)",BM.KLT.DINV.WD.GD.ZS,-0.377023078822489
Togo,TGO,1997,"Foreign direct investment, net outflows (% of GDP)",BM.KLT.DINV.WD.GD.ZS,-0.297121331277945
Togo,TGO,1996,"Foreign direct investment, net outflows (% of GDP)",BM.KLT.DINV.WD.GD.ZS,-0.592918885352076
Togo,TGO,1995,"Foreign direct investment, net outflows (% of GDP)",BM.KLT.DINV.WD.GD.ZS,-2.1512912016274
Togo,TGO,1994,"Foreign direct investment, net outflows (% of GDP)",BM.KLT.DINV.WD.GD.ZS,-1.34650936867299
Togo,TGO,1993,"Foreign direct investment, net outflows (% of GDP)",BM.KLT.DINV.WD.GD.ZS,-0.384792016297567
Togo,TGO,1989,"Foreign direct investment, net outflows (% of GDP)",BM.KLT.DINV.WD.GD.ZS,0
Togo,TGO,1988,"Foreign direct investment, net outflows (% of GDP)",BM.KLT.DINV.WD.GD.ZS,0
Togo,TGO,1987,"Foreign direct investment, net outflows (% of GDP)",BM.KLT.DINV.WD.GD.ZS,0
Togo,TGO,1986,"Foreign direct investment, net outflows (% of GDP)",BM.KLT.DINV.WD.GD.ZS,0
Togo,TGO,1985,"Foreign direct investment, net outflows (% of GDP)",BM.KLT.DINV.WD.GD.ZS,0
Togo,TGO,1984,"Foreign direct investment, net outflows (% of GDP)",BM.KLT.DINV.WD.GD.ZS,0
Togo,TGO,1983,"Foreign direct investment, net outflows (% of GDP)",BM.KLT.DINV.WD.GD.ZS,0
Togo,TGO,1982,"Foreign direct investment, net outflows (% of GDP)",BM.KLT.DINV.WD.GD.ZS,0
Togo,TGO,1981,"Foreign direct investment, net outflows (% of GDP)",BM.KLT.DINV.WD.GD.ZS,0
Togo,TGO,1980,"Foreign direct investment, net outflows (% of GDP)",BM.KLT.DINV.WD.GD.ZS,0
Togo,TGO,1979,"Foreign direct investment, net outflows (% of GDP)",BM.KLT.DINV.WD.GD.ZS,0
Togo,TGO,1978,"Foreign direct investment, net outflows (% of GDP)",BM.KLT.DINV.WD.GD.ZS,0
Togo,TGO,1977,"Foreign direct investment, net outflows (% of GDP)",BM.KLT.DINV.WD.GD.ZS,0
Togo,TGO,1976,"Foreign direct investment, net outflows (% of GDP)",BM.KLT.DINV.WD.GD.ZS,0
Togo,TGO,1975,"Foreign direct investment, net outflows (% of GDP)",BM.KLT.DINV.WD.GD.ZS,0
Togo,TGO,1974,"Foreign direct investment, net outflows (% of GDP)",BM.KLT.DINV.WD.GD.ZS,0
Togo,TGO,2020,"Personal remittances, paid (current US$)",BM.TRF.PWKR.CD.DT,100728931.475861
Togo,TGO,2019,"Personal remittances, paid (current US$)",BM.TRF.PWKR.CD.DT,102310758.206462
Togo,TGO,2018,"Personal remittances, paid (current US$)",BM.TRF.PWKR.CD.DT,98184891.0465106
Togo,TGO,2017,"Personal remittances, paid (current US$)",BM.TRF.PWKR.CD.DT,86322608.0099445
Togo,TGO,2016,"Personal remittances, paid (current US$)",BM.TRF.PWKR.CD.DT,77823097.616674
Togo,TGO,2015,"Personal remittances, paid (current US$)",BM.TRF.PWKR.CD.DT,89431613.8935363
Togo,TGO,2014,"Personal remittances, paid (current US$)",BM.TRF.PWKR.CD.DT,153994596.939353
Togo,TGO,2013,"Personal remittances, paid (current US$)",BM.TRF.PWKR.CD.DT,177984148.632779
Togo,TGO,2012,"Personal remittances, paid (current US$)",BM.TRF.PWKR.CD.DT,153251451.616267
Togo,TGO,2011,"Personal remittances, paid (current US$)",BM.TRF.PWKR.CD.DT,92356768.0088219
Togo,TGO,2010,"Personal remittances, paid (current US$)",BM.TRF.PWKR.CD.DT,62850365.039172
Togo,TGO,2009,"Personal remittances, paid (current US$)",BM.TRF.PWKR.CD.DT,72291038.5572626
Togo,TGO,2008,"Personal remittances, paid (current US$)",BM.TRF.PWKR.CD.DT,57860981.1718794
Togo,TGO,2007,"Personal remittances, paid (current US$)",BM.TRF.PWKR.CD.DT,47217734.830598
Togo,TGO,2006,"Personal remittances, paid (current US$)",BM.TRF.PWKR.CD.DT,38667705.0997514
Togo,TGO,2005,"Personal remittances, paid (current US$)",BM.TRF.PWKR.CD.DT,35415275.172048
Togo,TGO,2004,"Personal remittances, paid (current US$)",BM.TRF.PWKR.CD.DT,34292108.5007782
Togo,TGO,2003,"Personal remittances, paid (current US$)",BM.TRF.PWKR.CD.DT,28325862.1980847
Togo,TGO,2002,"Personal remittances, paid (current US$)",BM.TRF.PWKR.CD.DT,17030417.3564083
Togo,TGO,2001,"Personal remittances, paid (current US$)",BM.TRF.PWKR.CD.DT,5295765.45100828
Togo,TGO,2000,"Personal remittances, paid (current US$)",BM.TRF.PWKR.CD.DT,6727752.27493249
Togo,TGO,1999,"Personal remittances, paid (current US$)",BM.TRF.PWKR.CD.DT,6054905.40168344
Togo,TGO,1998,"Personal remittances, paid (current US$)",BM.TRF.PWKR.CD.DT,6053037.13616076
Togo,TGO,1997,"Personal remittances, paid (current US$)",BM.TRF.PWKR.CD.DT,10391156.8557135
Togo,TGO,1996,"Personal remittances, paid (current US$)",BM.TRF.PWKR.CD.DT,6800866.9182681
Togo,TGO,1995,"Personal remittances, paid (current US$)",BM.TRF.PWKR.CD.DT,4900346.01548281
Togo,TGO,1994,"Personal remittances, paid (current US$)",BM.TRF.PWKR.CD.DT,4075974.17260204
Togo,TGO,1993,"Personal remittances, paid (current US$)",BM.TRF.PWKR.CD.DT,6049528.16514334
Togo,TGO,1992,"Personal remittances, paid (current US$)",BM.TRF.PWKR.CD.DT,16245308.6488007
Togo,TGO,1991,"Personal remittances, paid (current US$)",BM.TRF.PWKR.CD.DT,12654776.9250818
Togo,TGO,1990,"Personal remittances, paid (current US$)",BM.TRF.PWKR.CD.DT,13428104.4106681
Togo,TGO,1989,"Personal remittances, paid (current US$)",BM.TRF.PWKR.CD.DT,12824117.66
Togo,TGO,1988,"Personal remittances, paid (current US$)",BM.TRF.PWKR.CD.DT,13644533.16
Togo,TGO,1987,"Personal remittances, paid (current US$)",BM.TRF.PWKR.CD.DT,12341260.91
Togo,TGO,1986,"Personal remittances, paid (current US$)",BM.TRF.PWKR.CD.DT,11071136.47
Togo,TGO,1985,"Personal remittances, paid (current US$)",BM.TRF.PWKR.CD.DT,7389881.611
Togo,TGO,1984,"Personal remittances, paid (current US$)",BM.TRF.PWKR.CD.DT,8124375.343
Togo,TGO,1983,"Personal remittances, paid (current US$)",BM.TRF.PWKR.CD.DT,8287277.222
Togo,TGO,1982,"Personal remittances, paid (current US$)",BM.TRF.PWKR.CD.DT,7781349.182
Togo,TGO,1981,"Personal remittances, paid (current US$)",BM.TRF.PWKR.CD.DT,8317034.721
Togo,TGO,1980,"Personal remittances, paid (current US$)",BM.TRF.PWKR.CD.DT,9191613.197
Togo,TGO,1979,"Personal remittances, paid (current US$)",BM.TRF.PWKR.CD.DT,10069497.11
Togo,TGO,1978,"Personal remittances, paid (current US$)",BM.TRF.PWKR.CD.DT,10937007.9
Togo,TGO,1977,"Personal remittances, paid (current US$)",BM.TRF.PWKR.CD.DT,8156962.395
Togo,TGO,1976,"Personal remittances, paid (current US$)",BM.TRF.PWKR.CD.DT,5812919.617
Togo,TGO,1975,"Personal remittances, paid (current US$)",BM.TRF.PWKR.CD.DT,6065896.988
Togo,TGO,1974,"Personal remittances, paid (current US$)",BM.TRF.PWKR.CD.DT,4881500.721
Togo,TGO,2020,"Foreign direct investment, net (BoP, current US$)",BN.KLT.DINV.CD,-53056159.8038024
Togo,TGO,2019,"Foreign direct investment, net (BoP, current US$)",BN.KLT.DINV.CD,-302854863.636732
Togo,TGO,2018,"Foreign direct investment, net (BoP, current US$)",BN.KLT.DINV.CD,251178478.844444
Togo,TGO,2017,"Foreign direct investment, net (BoP, current US$)",BN.KLT.DINV.CD,-121134497.082163
Togo,TGO,2016,"Foreign direct investment, net (BoP, current US$)",BN.KLT.DINV.CD,303274601.811713
Togo,TGO,2015,"Foreign direct investment, net (BoP, current US$)",BN.KLT.DINV.CD,90793247.4664581
Togo,TGO,2014,"Foreign direct investment, net (BoP, current US$)",BN.KLT.DINV.CD,304949943.807464
Togo,TGO,2013,"Foreign direct investment, net (BoP, current US$)",BN.KLT.DINV.CD,-204279159.423261
Togo,TGO,2012,"Foreign direct investment, net (BoP, current US$)",BN.KLT.DINV.CD,298794841.058798
Togo,TGO,2011,"Foreign direct investment, net (BoP, current US$)",BN.KLT.DINV.CD,536858860.042366
Togo,TGO,2010,"Foreign direct investment, net (BoP, current US$)",BN.KLT.DINV.CD,-48688923.5371629
Togo,TGO,2009,"Foreign direct investment, net (BoP, current US$)",BN.KLT.DINV.CD,-11158565.5668216
Togo,TGO,2008,"Foreign direct investment, net (BoP, current US$)",BN.KLT.DINV.CD,-39982059.0659906
Togo,TGO,2007,"Foreign direct investment, net (BoP, current US$)",BN.KLT.DINV.CD,-49931709.9432063
Togo,TGO,2006,"Foreign direct investment, net (BoP, current US$)",BN.KLT.DINV.CD,-91819768.6218491
Togo,TGO,2005,"Foreign direct investment, net (BoP, current US$)",BN.KLT.DINV.CD,-91900296.7662733
Togo,TGO,2004,"Foreign direct investment, net (BoP, current US$)",BN.KLT.DINV.CD,-71250313.2700755
Togo,TGO,2003,"Foreign direct investment, net (BoP, current US$)",BN.KLT.DINV.CD,-40158826.2836572
Togo,TGO,2002,"Foreign direct investment, net (BoP, current US$)",BN.KLT.DINV.CD,-50888463.203007
Togo,TGO,2001,"Foreign direct investment, net (BoP, current US$)",BN.KLT.DINV.CD,-70898639.4657447
Togo,TGO,2000,"Foreign direct investment, net (BoP, current US$)",BN.KLT.DINV.CD,-41575145.5276824
Togo,TGO,1999,"Foreign direct investment, net (BoP, current US$)",BN.KLT.DINV.CD,-39683277.9632421
Togo,TGO,1998,"Foreign direct investment, net (BoP, current US$)",BN.KLT.DINV.CD,-19567701.1200895
Togo,TGO,1997,"Foreign direct investment, net (BoP, current US$)",BN.KLT.DINV.CD,-18549885.4537198
Togo,TGO,1996,"Foreign direct investment, net (BoP, current US$)",BN.KLT.DINV.CD,-14524415.4075113
Togo,TGO,1995,"Foreign direct investment, net (BoP, current US$)",BN.KLT.DINV.CD,-31966443.5907783
Togo,TGO,1994,"Foreign direct investment, net (BoP, current US$)",BN.KLT.DINV.CD,-15419538.1757164
Togo,TGO,1993,"Foreign direct investment, net (BoP, current US$)",BN.KLT.DINV.CD,11873037.7648639
Togo,TGO,1992,"Foreign direct investment, net (BoP, current US$)",BN.KLT.DINV.CD,0
Togo,TGO,1991,"Foreign direct investment, net (BoP, current US$)",BN.KLT.DINV.CD,-6479812.94651245
Togo,TGO,1990,"Foreign direct investment, net (BoP, current US$)",BN.KLT.DINV.CD,-18239596.9648189
Togo,TGO,1989,"Foreign direct investment, net (BoP, current US$)",BN.KLT.DINV.CD,-9169040.44407446
Togo,TGO,1988,"Foreign direct investment, net (BoP, current US$)",BN.KLT.DINV.CD,-12966335.7239749
Togo,TGO,1987,"Foreign direct investment, net (BoP, current US$)",BN.KLT.DINV.CD,-7150544.2892809
Togo,TGO,1986,"Foreign direct investment, net (BoP, current US$)",BN.KLT.DINV.CD,-6113092.43726733
Togo,TGO,1985,"Foreign direct investment, net (BoP, current US$)",BN.KLT.DINV.CD,-16275545.9650337
Togo,TGO,1984,"Foreign direct investment, net (BoP, current US$)",BN.KLT.DINV.CD,9936912.14704239
Togo,TGO,1983,"Foreign direct investment, net (BoP, current US$)",BN.KLT.DINV.CD,-1443319.3935039
Togo,TGO,1982,"Foreign direct investment, net (BoP, current US$)",BN.KLT.DINV.CD,-16131768.5115865
Togo,TGO,1981,"Foreign direct investment, net (BoP, current US$)",BN.KLT.DINV.CD,-10193888.0243794
Togo,TGO,1980,"Foreign direct investment, net (BoP, current US$)",BN.KLT.DINV.CD,-42734849.485449
Togo,TGO,1979,"Foreign direct investment, net (BoP, current US$)",BN.KLT.DINV.CD,-52585152.0130357
Togo,TGO,1978,"Foreign direct investment, net (BoP, current US$)",BN.KLT.DINV.CD,-92893665.5058144
Togo,TGO,1977,"Foreign direct investment, net (BoP, current US$)",BN.KLT.DINV.CD,-11258562.0677697
Togo,TGO,1976,"Foreign direct investment, net (BoP, current US$)",BN.KLT.DINV.CD,-5624596.024053
Togo,TGO,1975,"Foreign direct investment, net (BoP, current US$)",BN.KLT.DINV.CD,-5212005.42861193
Togo,TGO,1974,"Foreign direct investment, net (BoP, current US$)",BN.KLT.DINV.CD,44328180.6901005
Togo,TGO,2020,"Portfolio investment, net (BoP, current US$)",BN.KLT.PTXL.CD,467392309.007366
Togo,TGO,2019,"Portfolio investment, net (BoP, current US$)",BN.KLT.PTXL.CD,508816173.947263
Togo,TGO,2018,"Portfolio investment, net (BoP, current US$)",BN.KLT.PTXL.CD,169964107.021663
Togo,TGO,2017,"Portfolio investment, net (BoP, current US$)",BN.KLT.PTXL.CD,378609629.568123
Togo,TGO,2016,"Portfolio investment, net (BoP, current US$)",BN.KLT.PTXL.CD,-132640091.65968
Togo,TGO,2015,"Portfolio investment, net (BoP, current US$)",BN.KLT.PTXL.CD,-20615576.5212185
Togo,TGO,2014,"Portfolio investment, net (BoP, current US$)",BN.KLT.PTXL.CD,192999869.032962
Togo,TGO,2013,"Portfolio investment, net (BoP, current US$)",BN.KLT.PTXL.CD,77279062.7016533
Togo,TGO,2012,"Portfolio investment, net (BoP, current US$)",BN.KLT.PTXL.CD,27636519.1013378
Togo,TGO,2011,"Portfolio investment, net (BoP, current US$)",BN.KLT.PTXL.CD,127881540.04282
Togo,TGO,2010,"Portfolio investment, net (BoP, current US$)",BN.KLT.PTXL.CD,21849485.3829342
Togo,TGO,2009,"Portfolio investment, net (BoP, current US$)",BN.KLT.PTXL.CD,30693603.7876959
Togo,TGO,2008,"Portfolio investment, net (BoP, current US$)",BN.KLT.PTXL.CD,-12197308.2839272
Togo,TGO,2007,"Portfolio investment, net (BoP, current US$)",BN.KLT.PTXL.CD,-19304949.992687
Togo,TGO,2006,"Portfolio investment, net (BoP, current US$)",BN.KLT.PTXL.CD,-62717061.4124724
Togo,TGO,2005,"Portfolio investment, net (BoP, current US$)",BN.KLT.PTXL.CD,-2469377.61870115
Togo,TGO,2004,"Portfolio investment, net (BoP, current US$)",BN.KLT.PTXL.CD,256002.775702238
Togo,TGO,2003,"Portfolio investment, net (BoP, current US$)",BN.KLT.PTXL.CD,-13861072.0400222
Togo,TGO,2002,"Portfolio investment, net (BoP, current US$)",BN.KLT.PTXL.CD,-11918469.5983928
Togo,TGO,2001,"Portfolio investment, net (BoP, current US$)",BN.KLT.PTXL.CD,-11080045.8202927
Togo,TGO,2000,"Portfolio investment, net (BoP, current US$)",BN.KLT.PTXL.CD,-6920508.01871368
Togo,TGO,1999,"Portfolio investment, net (BoP, current US$)",BN.KLT.PTXL.CD,-7332567.69767899
Togo,TGO,1998,"Portfolio investment, net (BoP, current US$)",BN.KLT.PTXL.CD,-6242883.16227389
Togo,TGO,1997,"Portfolio investment, net (BoP, current US$)",BN.KLT.PTXL.CD,-16046755.9951546
Togo,TGO,1996,"Portfolio investment, net (BoP, current US$)",BN.KLT.PTXL.CD,-3997635.19628004
Togo,TGO,1995,"Portfolio investment, net (BoP, current US$)",BN.KLT.PTXL.CD,-5026560.97826916
Togo,TGO,1994,"Portfolio investment, net (BoP, current US$)",BN.KLT.PTXL.CD,-722256.139290066
Togo,TGO,1993,"Portfolio investment, net (BoP, current US$)",BN.KLT.PTXL.CD,593298.734234724
Togo,TGO,1992,"Portfolio investment, net (BoP, current US$)",BN.KLT.PTXL.CD,0
Togo,TGO,1991,"Portfolio investment, net (BoP, current US$)",BN.KLT.PTXL.CD,-3711358.94693574
Togo,TGO,1990,"Portfolio investment, net (BoP, current US$)",BN.KLT.PTXL.CD,-2659176.03756119
Togo,TGO,1989,"Portfolio investment, net (BoP, current US$)",BN.KLT.PTXL.CD,-210025.883676235
Togo,TGO,1988,"Portfolio investment, net (BoP, current US$)",BN.KLT.PTXL.CD,-668125.533161836
Togo,TGO,1987,"Portfolio investment, net (BoP, current US$)",BN.KLT.PTXL.CD,-1420792.18777243
Togo,TGO,1986,"Portfolio investment, net (BoP, current US$)",BN.KLT.PTXL.CD,2613296.48357437
Togo,TGO,1985,"Portfolio investment, net (BoP, current US$)",BN.KLT.PTXL.CD,-409559.690586188
Togo,TGO,1984,"Portfolio investment, net (BoP, current US$)",BN.KLT.PTXL.CD,208258.637812266
Togo,TGO,1983,"Portfolio investment, net (BoP, current US$)",BN.KLT.PTXL.CD,154828.807666782
Togo,TGO,1982,"Portfolio investment, net (BoP, current US$)",BN.KLT.PTXL.CD,237366.146746604
Togo,TGO,1981,"Portfolio investment, net (BoP, current US$)",BN.KLT.PTXL.CD,184005.198996018
Togo,TGO,1980,"Portfolio investment, net (BoP, current US$)",BN.KLT.PTXL.CD,-1864827.85438774
Togo,TGO,1979,"Portfolio investment, net (BoP, current US$)",BN.KLT.PTXL.CD,-2477415.97629804
Togo,TGO,1978,"Portfolio investment, net (BoP, current US$)",BN.KLT.PTXL.CD,4431.52683454892
Togo,TGO,1977,"Portfolio investment, net (BoP, current US$)",BN.KLT.PTXL.CD,-1465322.61185723
Togo,TGO,1976,"Portfolio investment, net (BoP, current US$)",BN.KLT.PTXL.CD,-20941576.2681259
Togo,TGO,1975,"Portfolio investment, net (BoP, current US$)",BN.KLT.PTXL.CD,-643918.307205412
Togo,TGO,1974,"Portfolio investment, net (BoP, current US$)",BN.KLT.PTXL.CD,-789349.046965238
Togo,TGO,2023,"Foreign direct investment, net inflows (BoP, current US$)",BX.KLT.DINV.CD.WD,33590550
Togo,TGO,2022,"Foreign direct investment, net inflows (BoP, current US$)",BX.KLT.DINV.CD.WD,-173300710
Togo,TGO,2021,"Foreign direct investment, net inflows (BoP, current US$)",BX.KLT.DINV.CD.WD,-136221500
Togo,TGO,2020,"Foreign direct investment, net inflows (BoP, current US$)",BX.KLT.DINV.CD.WD,-59206820.0004109
Togo,TGO,2019,"Foreign direct investment, net inflows (BoP, current US$)",BX.KLT.DINV.CD.WD,345697546.971432
Togo,TGO,2018,"Foreign direct investment, net inflows (BoP, current US$)",BX.KLT.DINV.CD.WD,-180972714.795729
Togo,TGO,2017,"Foreign direct investment, net inflows (BoP, current US$)",BX.KLT.DINV.CD.WD,88558699.5022234
Togo,TGO,2016,"Foreign direct investment, net inflows (BoP, current US$)",BX.KLT.DINV.CD.WD,-46308331.6178517
Togo,TGO,2015,"Foreign direct investment, net inflows (BoP, current US$)",BX.KLT.DINV.CD.WD,257860036.464441
Togo,TGO,2014,"Foreign direct investment, net inflows (BoP, current US$)",BX.KLT.DINV.CD.WD,54020342.354686
Togo,TGO,2013,"Foreign direct investment, net inflows (BoP, current US$)",BX.KLT.DINV.CD.WD,183599248.958183
Togo,TGO,2012,"Foreign direct investment, net inflows (BoP, current US$)",BX.KLT.DINV.CD.WD,121511565.575361
Togo,TGO,2011,"Foreign direct investment, net inflows (BoP, current US$)",BX.KLT.DINV.CD.WD,728710878.416044
Togo,TGO,2010,"Foreign direct investment, net inflows (BoP, current US$)",BX.KLT.DINV.CD.WD,125064101.838993
Togo,TGO,2009,"Foreign direct investment, net inflows (BoP, current US$)",BX.KLT.DINV.CD.WD,46304496.1277116
Togo,TGO,2008,"Foreign direct investment, net inflows (BoP, current US$)",BX.KLT.DINV.CD.WD,50892371.9537828
Togo,TGO,2007,"Foreign direct investment, net inflows (BoP, current US$)",BX.KLT.DINV.CD.WD,62406802.6278744
Togo,TGO,2006,"Foreign direct investment, net inflows (BoP, current US$)",BX.KLT.DINV.CD.WD,91396741.8990609
Togo,TGO,2005,"Foreign direct investment, net inflows (BoP, current US$)",BX.KLT.DINV.CD.WD,96003598.2087157
Togo,TGO,2004,"Foreign direct investment, net inflows (BoP, current US$)",BX.KLT.DINV.CD.WD,79967681.861951
Togo,TGO,2003,"Foreign direct investment, net inflows (BoP, current US$)",BX.KLT.DINV.CD.WD,45773612.3700359
Togo,TGO,2002,"Foreign direct investment, net inflows (BoP, current US$)",BX.KLT.DINV.CD.WD,57806307.3736271
Togo,TGO,2001,"Foreign direct investment, net inflows (BoP, current US$)",BX.KLT.DINV.CD.WD,72617650.8875252
Togo,TGO,2000,"Foreign direct investment, net inflows (BoP, current US$)",BX.KLT.DINV.CD.WD,52818330.9863658
Togo,TGO,1999,"Foreign direct investment, net inflows (BoP, current US$)",BX.KLT.DINV.CD.WD,15089199.2484699
Togo,TGO,1998,"Foreign direct investment, net inflows (BoP, current US$)",BX.KLT.DINV.CD.WD,11116162.8504459
Togo,TGO,1997,"Foreign direct investment, net inflows (BoP, current US$)",BX.KLT.DINV.CD.WD,12260365.7806242
Togo,TGO,1996,"Foreign direct investment, net inflows (BoP, current US$)",BX.KLT.DINV.CD.WD,2253923.41384395
Togo,TGO,1995,"Foreign direct investment, net inflows (BoP, current US$)",BX.KLT.DINV.CD.WD,-7813307.2201075
Togo,TGO,1994,"Foreign direct investment, net inflows (BoP, current US$)",BX.KLT.DINV.CD.WD,-3265462.29559324
Togo,TGO,1993,"Foreign direct investment, net inflows (BoP, current US$)",BX.KLT.DINV.CD.WD,-18575900.8456824
Togo,TGO,1992,"Foreign direct investment, net inflows (BoP, current US$)",BX.KLT.DINV.CD.WD,-13109580
Togo,TGO,1991,"Foreign direct investment, net inflows (BoP, current US$)",BX.KLT.DINV.CD.WD,6479812.94651245
Togo,TGO,1990,"Foreign direct investment, net inflows (BoP, current US$)",BX.KLT.DINV.CD.WD,18239596.9648189
Togo,TGO,1989,"Foreign direct investment, net inflows (BoP, current US$)",BX.KLT.DINV.CD.WD,9169040.44407446
Togo,TGO,1988,"Foreign direct investment, net inflows (BoP, current US$)",BX.KLT.DINV.CD.WD,12966335.7239749
Togo,TGO,1987,"Foreign direct investment, net inflows (BoP, current US$)",BX.KLT.DINV.CD.WD,7150544.2892809
Togo,TGO,1986,"Foreign direct investment, net inflows (BoP, current US$)",BX.KLT.DINV.CD.WD,6113092.43726733
Togo,TGO,1985,"Foreign direct investment, net inflows (BoP, current US$)",BX.KLT.DINV.CD.WD,16275545.9650337
Togo,TGO,1984,"Foreign direct investment, net inflows (BoP, current US$)",BX.KLT.DINV.CD.WD,-9936912.14704239
Togo,TGO,1983,"Foreign direct investment, net inflows (BoP, current US$)",BX.KLT.DINV.CD.WD,1443319.3935039
Togo,TGO,1982,"Foreign direct investment, net inflows (BoP, current US$)",BX.KLT.DINV.CD.WD,16131768.5115865
Togo,TGO,1981,"Foreign direct investment, net inflows (BoP, current US$)",BX.KLT.DINV.CD.WD,10193888.0243794
Togo,TGO,1980,"Foreign direct investment, net inflows (BoP, current US$)",BX.KLT.DINV.CD.WD,42734849.485449
Togo,TGO,1979,"Foreign direct investment, net inflows (BoP, current US$)",BX.KLT.DINV.CD.WD,52585152.0130357
Togo,TGO,1978,"Foreign direct investment, net inflows (BoP, current US$)",BX.KLT.DINV.CD.WD,92893665.5058144
Togo,TGO,1977,"Foreign direct investment, net inflows (BoP, current US$)",BX.KLT.DINV.CD.WD,11258562.0677697
Togo,TGO,1976,"Foreign direct investment, net inflows (BoP, current US$)",BX.KLT.DINV.CD.WD,5624596.024053
Togo,TGO,1975,"Foreign direct investment, net inflows (BoP, current US$)",BX.KLT.DINV.CD.WD,5212005.42861192
Togo,TGO,1974,"Foreign direct investment, net inflows (BoP, current US$)",BX.KLT.DINV.CD.WD,-44328180.6901005
Togo,TGO,1973,"Foreign direct investment, net inflows (BoP, current US$)",BX.KLT.DINV.CD.WD,3299999.9
Togo,TGO,1972,"Foreign direct investment, net inflows (BoP, current US$)",BX.KLT.DINV.CD.WD,1200000
Togo,TGO,1971,"Foreign direct investment, net inflows (BoP, current US$)",BX.KLT.DINV.CD.WD,4599999.9
Togo,TGO,1970,"Foreign direct investment, net inflows (BoP, current US$)",BX.KLT.DINV.CD.WD,700000
Togo,TGO,2023,"Foreign direct investment, net inflows (% of GDP)",BX.KLT.DINV.WD.GD.ZS,0.366258761379814
Togo,TGO,2022,"Foreign direct investment, net inflows (% of GDP)",BX.KLT.DINV.WD.GD.ZS,-2.1213197375223
Togo,TGO,2021,"Foreign direct investment, net inflows (% of GDP)",BX.KLT.DINV.WD.GD.ZS,-1.63291202920242
Togo,TGO,2020,"Foreign direct investment, net inflows (% of GDP)",BX.KLT.DINV.WD.GD.ZS,-0.800061438966794
Togo,TGO,2019,"Foreign direct investment, net inflows (% of GDP)",BX.KLT.DINV.WD.GD.ZS,4.94369187810029
Togo,TGO,2018,"Foreign direct investment, net inflows (% of GDP)",BX.KLT.DINV.WD.GD.ZS,-2.57454803370382
Togo,TGO,2017,"Foreign direct investment, net inflows (% of GDP)",BX.KLT.DINV.WD.GD.ZS,1.38645438370373
Togo,TGO,2016,"Foreign direct investment, net inflows (% of GDP)",BX.KLT.DINV.WD.GD.ZS,-0.762757825955816
Togo,TGO,2015,"Foreign direct investment, net inflows (% of GDP)",BX.KLT.DINV.WD.GD.ZS,4.48026726054585
Togo,TGO,2014,"Foreign direct investment, net inflows (% of GDP)",BX.KLT.DINV.WD.GD.ZS,0.844949995324796
Togo,TGO,2013,"Foreign direct investment, net inflows (% of GDP)",BX.KLT.DINV.WD.GD.ZS,3.04894371190595
Togo,TGO,2012,"Foreign direct investment, net inflows (% of GDP)",BX.KLT.DINV.WD.GD.ZS,2.2445841540158
Togo,TGO,2011,"Foreign direct investment, net inflows (% of GDP)",BX.KLT.DINV.WD.GD.ZS,13.4387948465371
Togo,TGO,2010,"Foreign direct investment, net inflows (% of GDP)",BX.KLT.DINV.WD.GD.ZS,2.63493126730032
Togo,TGO,2009,"Foreign direct investment, net inflows (% of GDP)",BX.KLT.DINV.WD.GD.ZS,0.980634603953886
Togo,TGO,2008,"Foreign direct investment, net inflows (% of GDP)",BX.KLT.DINV.WD.GD.ZS,1.11146632351624
Togo,TGO,2007,"Foreign direct investment, net inflows (% of GDP)",BX.KLT.DINV.WD.GD.ZS,1.6597708640163
Togo,TGO,2006,"Foreign direct investment, net inflows (% of GDP)",BX.KLT.DINV.WD.GD.ZS,2.75216144365555
Togo,TGO,2005,"Foreign direct investment, net inflows (% of GDP)",BX.KLT.DINV.WD.GD.ZS,2.97971035934221
Togo,TGO,2004,"Foreign direct investment, net inflows (% of GDP)",BX.KLT.DINV.WD.GD.ZS,2.5055973899644
Togo,TGO,2003,"Foreign direct investment, net inflows (% of GDP)",BX.KLT.DINV.WD.GD.ZS,1.53192291490335
Togo,TGO,2002,"Foreign direct investment, net inflows (% of GDP)",BX.KLT.DINV.WD.GD.ZS,2.39840389095515
Togo,TGO,2001,"Foreign direct investment, net inflows (% of GDP)",BX.KLT.DINV.WD.GD.ZS,3.46872208585667
Togo,TGO,2000,"Foreign direct investment, net inflows (% of GDP)",BX.KLT.DINV.WD.GD.ZS,2.50698256957655
Togo,TGO,1999,"Foreign direct investment, net inflows (% of GDP)",BX.KLT.DINV.WD.GD.ZS,0.677685876851898
Togo,TGO,1998,"Foreign direct investment, net inflows (% of GDP)",BX.KLT.DINV.WD.GD.ZS,0.495891967693117
Togo,TGO,1997,"Foreign direct investment, net inflows (% of GDP)",BX.KLT.DINV.WD.GD.ZS,0.579188299271307
Togo,TGO,1996,"Foreign direct investment, net inflows (% of GDP)",BX.KLT.DINV.WD.GD.ZS,0.108911179673561
Togo,TGO,1995,"Foreign direct investment, net inflows (% of GDP)",BX.KLT.DINV.WD.GD.ZS,-0.422544101850667
Togo,TGO,1994,"Foreign direct investment, net inflows (% of GDP)",BX.KLT.DINV.WD.GD.ZS,-0.235321137979962
Togo,TGO,1993,"Foreign direct investment, net inflows (% of GDP)",BX.KLT.DINV.WD.GD.ZS,-1.06638883336417
Togo,TGO,1992,"Foreign direct investment, net inflows (% of GDP)",BX.KLT.DINV.WD.GD.ZS,-0.548335156041599
Togo,TGO,1991,"Foreign direct investment, net inflows (% of GDP)",BX.KLT.DINV.WD.GD.ZS,0.286366668921358
Togo,TGO,1990,"Foreign direct investment, net inflows (% of GDP)",BX.KLT.DINV.WD.GD.ZS,0.793141303388683
Togo,TGO,1989,"Foreign direct investment, net inflows (% of GDP)",BX.KLT.DINV.WD.GD.ZS,0.479894782774182
Togo,TGO,1988,"Foreign direct investment, net inflows (% of GDP)",BX.KLT.DINV.WD.GD.ZS,0.665893595610102
Togo,TGO,1987,"Foreign direct investment, net inflows (% of GDP)",BX.KLT.DINV.WD.GD.ZS,0.405364694026847
Togo,TGO,1986,"Foreign direct investment, net inflows (% of GDP)",BX.KLT.DINV.WD.GD.ZS,0.408023798612996
Togo,TGO,1985,"Foreign direct investment, net inflows (% of GDP)",BX.KLT.DINV.WD.GD.ZS,1.51174787549887
Togo,TGO,1984,"Foreign direct investment, net inflows (% of GDP)",BX.KLT.DINV.WD.GD.ZS,-0.97980727775966
Togo,TGO,1983,"Foreign direct investment, net inflows (% of GDP)",BX.KLT.DINV.WD.GD.ZS,0.133469242772034
Togo,TGO,1982,"Foreign direct investment, net inflows (% of GDP)",BX.KLT.DINV.WD.GD.ZS,1.39026575590314
Togo,TGO,1981,"Foreign direct investment, net inflows (% of GDP)",BX.KLT.DINV.WD.GD.ZS,0.750087393683877
Togo,TGO,1980,"Foreign direct investment, net inflows (% of GDP)",BX.KLT.DINV.WD.GD.ZS,2.66287801958708
Togo,TGO,1979,"Foreign direct investment, net inflows (% of GDP)",BX.KLT.DINV.WD.GD.ZS,4.17552673789384
Togo,TGO,1978,"Foreign direct investment, net inflows (% of GDP)",BX.KLT.DINV.WD.GD.ZS,7.98037968684237
Togo,TGO,1977,"Foreign direct investment, net inflows (% of GDP)",BX.KLT.DINV.WD.GD.ZS,1.02546911197197
Togo,TGO,1976,"Foreign direct investment, net inflows (% of GDP)",BX.KLT.DINV.WD.GD.ZS,0.643044960284539
Togo,TGO,1975,"Foreign direct investment, net inflows (% of GDP)",BX.KLT.DINV.WD.GD.ZS,0.59785672340801
Togo,TGO,1974,"Foreign direct investment, net inflows (% of GDP)",BX.KLT.DINV.WD.GD.ZS,-5.60087983056818
Togo,TGO,1973,"Foreign direct investment, net inflows (% of GDP)",BX.KLT.DINV.WD.GD.ZS,0.574881842982589
Togo,TGO,1972,"Foreign direct investment, net inflows (% of GDP)",BX.KLT.DINV.WD.GD.ZS,0.253141100371327
Togo,TGO,1971,"Foreign direct investment, net inflows (% of GDP)",BX.KLT.DINV.WD.GD.ZS,1.13678943655971
Togo,TGO,1970,"Foreign direct investment, net inflows (% of GDP)",BX.KLT.DINV.WD.GD.ZS,0.195167782921379
Togo,TGO,2020,"Portfolio equity, net inflows (BoP, current US$)",BX.PEF.TOTL.CD.WD,-173934041.507947
Togo,TGO,2019,"Portfolio equity, net inflows (BoP, current US$)",BX.PEF.TOTL.CD.WD,-179969308.696949
Togo,TGO,2018,"Portfolio equity, net inflows (BoP, current US$)",BX.PEF.TOTL.CD.WD,-183544243.479374
Togo,TGO,2017,"Portfolio equity, net inflows (BoP, current US$)",BX.PEF.TOTL.CD.WD,-89234518.0478246
Togo,TGO,2016,"Portfolio equity, net inflows (BoP, current US$)",BX.PEF.TOTL.CD.WD,-3275365.52247076
Togo,TGO,2015,"Portfolio equity, net inflows (BoP, current US$)",BX.PEF.TOTL.CD.WD,-152229.734809218
Togo,TGO,2011,"Portfolio equity, net inflows (BoP, current US$)",BX.PEF.TOTL.CD.WD,29708.3094484182
Togo,TGO,2010,"Portfolio equity, net inflows (BoP, current US$)",BX.PEF.TOTL.CD.WD,4527134.14649641
Togo,TGO,2009,"Portfolio equity, net inflows (BoP, current US$)",BX.PEF.TOTL.CD.WD,2083805.45285362
Togo,TGO,2008,"Portfolio equity, net inflows (BoP, current US$)",BX.PEF.TOTL.CD.WD,1376681.48645796
Togo,TGO,2007,"Portfolio equity, net inflows (BoP, current US$)",BX.PEF.TOTL.CD.WD,6322162.19457476
Togo,TGO,2006,"Portfolio equity, net inflows (BoP, current US$)",BX.PEF.TOTL.CD.WD,10359369.3381444
Togo,TGO,2005,"Portfolio equity, net inflows (BoP, current US$)",BX.PEF.TOTL.CD.WD,16003539.436713
Togo,TGO,2004,"Portfolio equity, net inflows (BoP, current US$)",BX.PEF.TOTL.CD.WD,14865227.8424433
Togo,TGO,2003,"Portfolio equity, net inflows (BoP, current US$)",BX.PEF.TOTL.CD.WD,9803457.89344689
Togo,TGO,2002,"Portfolio equity, net inflows (BoP, current US$)",BX.PEF.TOTL.CD.WD,6159605.78059172
Togo,TGO,2001,"Portfolio equity, net inflows (BoP, current US$)",BX.PEF.TOTL.CD.WD,1478704.82111854
Togo,TGO,2000,"Portfolio equity, net inflows (BoP, current US$)",BX.PEF.TOTL.CD.WD,6086949.37230911
Togo,TGO,1999,"Portfolio equity, net inflows (BoP, current US$)",BX.PEF.TOTL.CD.WD,8513898.63616539
Togo,TGO,1998,"Portfolio equity, net inflows (BoP, current US$)",BX.PEF.TOTL.CD.WD,11578912.5390967
Togo,TGO,1997,"Portfolio equity, net inflows (BoP, current US$)",BX.PEF.TOTL.CD.WD,10603605.8994248
Togo,TGO,1996,"Portfolio equity, net inflows (BoP, current US$)",BX.PEF.TOTL.CD.WD,18803546.6762923
Togo,TGO,1994,"Portfolio equity, net inflows (BoP, current US$)",BX.PEF.TOTL.CD.WD,0
Togo,TGO,1993,"Portfolio equity, net inflows (BoP, current US$)",BX.PEF.TOTL.CD.WD,0
Togo,TGO,1992,"Portfolio equity, net inflows (BoP, current US$)",BX.PEF.TOTL.CD.WD,0
Togo,TGO,1991,"Portfolio equity, net inflows (BoP, current US$)",BX.PEF.TOTL.CD.WD,2630208.53736993
Togo,TGO,1990,"Portfolio equity, net inflows (BoP, current US$)",BX.PEF.TOTL.CD.WD,4411146.99048479
Togo,TGO,1989,"Portfolio equity, net inflows (BoP, current US$)",BX.PEF.TOTL.CD.WD,1260155.30205741
Togo,TGO,1988,"Portfolio equity, net inflows (BoP, current US$)",BX.PEF.TOTL.CD.WD,960220.615498919
Togo,TGO,1987,"Portfolio equity, net inflows (BoP, current US$)",BX.PEF.TOTL.CD.WD,748660.988873058
Togo,TGO,1986,"Portfolio equity, net inflows (BoP, current US$)",BX.PEF.TOTL.CD.WD,1403383.52598579
Togo,TGO,1985,"Portfolio equity, net inflows (BoP, current US$)",BX.PEF.TOTL.CD.WD,687793.176038761
Togo,TGO,1984,"Portfolio equity, net inflows (BoP, current US$)",BX.PEF.TOTL.CD.WD,77810.9196221652
Togo,TGO,1983,"Portfolio equity, net inflows (BoP, current US$)",BX.PEF.TOTL.CD.WD,747901.867542927
Togo,TGO,1982,"Portfolio equity, net inflows (BoP, current US$)",BX.PEF.TOTL.CD.WD,0
Togo,TGO,1981,"Portfolio equity, net inflows (BoP, current US$)",BX.PEF.TOTL.CD.WD,0
Togo,TGO,1980,"Portfolio equity, net inflows (BoP, current US$)",BX.PEF.TOTL.CD.WD,2181943.25094606
Togo,TGO,1979,"Portfolio equity, net inflows (BoP, current US$)",BX.PEF.TOTL.CD.WD,2453911.08088724
Togo,TGO,1978,"Portfolio equity, net inflows (BoP, current US$)",BX.PEF.TOTL.CD.WD,0
Togo,TGO,1977,"Portfolio equity, net inflows (BoP, current US$)",BX.PEF.TOTL.CD.WD,1465322.61185723
Togo,TGO,1976,"Portfolio equity, net inflows (BoP, current US$)",BX.PEF.TOTL.CD.WD,20966686.0718048
Togo,TGO,1975,"Portfolio equity, net inflows (BoP, current US$)",BX.PEF.TOTL.CD.WD,648584.381895307
Togo,TGO,1974,"Portfolio equity, net inflows (BoP, current US$)",BX.PEF.TOTL.CD.WD,810121.390306429
Togo,TGO,2020,"Personal transfers, receipts (BoP, current US$)",BX.TRF.PWKR.CD,593749139.318987
Togo,TGO,2019,"Personal transfers, receipts (BoP, current US$)",BX.TRF.PWKR.CD,456586399.610219
Togo,TGO,2018,"Personal transfers, receipts (BoP, current US$)",BX.TRF.PWKR.CD,395598525.614259
Togo,TGO,2017,"Personal transfers, receipts (BoP, current US$)",BX.TRF.PWKR.CD,348763626.451541
Togo,TGO,2016,"Personal transfers, receipts (BoP, current US$)",BX.TRF.PWKR.CD,324964542.565099
Togo,TGO,2015,"Personal transfers, receipts (BoP, current US$)",BX.TRF.PWKR.CD,316611646.046713
Togo,TGO,2014,"Personal transfers, receipts (BoP, current US$)",BX.TRF.PWKR.CD,374111489.234291
Togo,TGO,2013,"Personal transfers, receipts (BoP, current US$)",BX.TRF.PWKR.CD,341659056.274312
Togo,TGO,2012,"Personal transfers, receipts (BoP, current US$)",BX.TRF.PWKR.CD,295461026.802074
Togo,TGO,2011,"Personal transfers, receipts (BoP, current US$)",BX.TRF.PWKR.CD,204018419.901647
Togo,TGO,2010,"Personal transfers, receipts (BoP, current US$)",BX.TRF.PWKR.CD,301272693.281217
Togo,TGO,2009,"Personal transfers, receipts (BoP, current US$)",BX.TRF.PWKR.CD,301126898.594106
Togo,TGO,2008,"Personal transfers, receipts (BoP, current US$)",BX.TRF.PWKR.CD,302585173.683975
Togo,TGO,2007,"Personal transfers, receipts (BoP, current US$)",BX.TRF.PWKR.CD,252715166.798207
Togo,TGO,2006,"Personal transfers, receipts (BoP, current US$)",BX.TRF.PWKR.CD,203324635.963853
Togo,TGO,2005,"Personal transfers, receipts (BoP, current US$)",BX.TRF.PWKR.CD,164283785.969196
Togo,TGO,2004,"Personal transfers, receipts (BoP, current US$)",BX.TRF.PWKR.CD,153588391.203344
Togo,TGO,2003,"Personal transfers, receipts (BoP, current US$)",BX.TRF.PWKR.CD,128565840.500604
Togo,TGO,2002,"Personal transfers, receipts (BoP, current US$)",BX.TRF.PWKR.CD,86973979.5862396
Togo,TGO,2001,"Personal transfers, receipts (BoP, current US$)",BX.TRF.PWKR.CD,51589457.951194
Togo,TGO,2000,"Personal transfers, receipts (BoP, current US$)",BX.TRF.PWKR.CD,15744683.7569189
Togo,TGO,1999,"Personal transfers, receipts (BoP, current US$)",BX.TRF.PWKR.CD,4477854.32634684
Togo,TGO,1998,"Personal transfers, receipts (BoP, current US$)",BX.TRF.PWKR.CD,28815.9146778866
Togo,TGO,1997,"Personal transfers, receipts (BoP, current US$)",BX.TRF.PWKR.CD,8595619.77660589
Togo,TGO,1996,"Personal transfers, receipts (BoP, current US$)",BX.TRF.PWKR.CD,13292870.0903199
Togo,TGO,1995,"Personal transfers, receipts (BoP, current US$)",BX.TRF.PWKR.CD,15021583.9836836
Togo,TGO,1994,"Personal transfers, receipts (BoP, current US$)",BX.TRF.PWKR.CD,15306066.5129351
Togo,TGO,1993,"Personal transfers, receipts (BoP, current US$)",BX.TRF.PWKR.CD,11717650.0011358
Togo,TGO,1992,"Personal transfers, receipts (BoP, current US$)",BX.TRF.PWKR.CD,16245308.6488007
Togo,TGO,1991,"Personal transfers, receipts (BoP, current US$)",BX.TRF.PWKR.CD,28971286.2209225
Togo,TGO,1990,"Personal transfers, receipts (BoP, current US$)",BX.TRF.PWKR.CD,26874573.2967337
Togo,TGO,1989,"Personal transfers, receipts (BoP, current US$)",BX.TRF.PWKR.CD,22864608.8885741
Togo,TGO,1988,"Personal transfers, receipts (BoP, current US$)",BX.TRF.PWKR.CD,21239005.6421195
Togo,TGO,1987,"Personal transfers, receipts (BoP, current US$)",BX.TRF.PWKR.CD,20044150.2087613
Togo,TGO,1986,"Personal transfers, receipts (BoP, current US$)",BX.TRF.PWKR.CD,21423255.9244621
Togo,TGO,1985,"Personal transfers, receipts (BoP, current US$)",BX.TRF.PWKR.CD,15405231.6225381
Togo,TGO,1984,"Personal transfers, receipts (BoP, current US$)",BX.TRF.PWKR.CD,6609351.05496509
Togo,TGO,1983,"Personal transfers, receipts (BoP, current US$)",BX.TRF.PWKR.CD,6077686.75519095
Togo,TGO,1982,"Personal transfers, receipts (BoP, current US$)",BX.TRF.PWKR.CD,6113699.85658881
Togo,TGO,1981,"Personal transfers, receipts (BoP, current US$)",BX.TRF.PWKR.CD,7864382.20508982
Togo,TGO,1980,"Personal transfers, receipts (BoP, current US$)",BX.TRF.PWKR.CD,9934704.73695398
Togo,TGO,1979,"Personal transfers, receipts (BoP, current US$)",BX.TRF.PWKR.CD,7958757.58609596
Togo,TGO,1978,"Personal transfers, receipts (BoP, current US$)",BX.TRF.PWKR.CD,9332795.51356002
Togo,TGO,1977,"Personal transfers, receipts (BoP, current US$)",BX.TRF.PWKR.CD,8026711.64050681
Togo,TGO,1976,"Personal transfers, receipts (BoP, current US$)",BX.TRF.PWKR.CD,7085149.60470367
Togo,TGO,1975,"Personal transfers, receipts (BoP, current US$)",BX.TRF.PWKR.CD,4768728.33307197
Togo,TGO,1974,"Personal transfers, receipts (BoP, current US$)",BX.TRF.PWKR.CD,4117078.45022395
Togo,TGO,2023,"Personal remittances, received (current US$)",BX.TRF.PWKR.CD.DT,650385610.227793
Togo,TGO,2022,"Personal remittances, received (current US$)",BX.TRF.PWKR.CD.DT,650385610.227793
Togo,TGO,2021,"Personal remittances, received (current US$)",BX.TRF.PWKR.CD.DT,650385610.227793
Togo,TGO,2020,"Personal remittances, received (current US$)",BX.TRF.PWKR.CD.DT,650385610.227793
Togo,TGO,2019,"Personal remittances, received (current US$)",BX.TRF.PWKR.CD.DT,507962802.03796
Togo,TGO,2018,"Personal remittances, received (current US$)",BX.TRF.PWKR.CD.DT,450814504.645692
Togo,TGO,2017,"Personal remittances, received (current US$)",BX.TRF.PWKR.CD.DT,403610142.956524
Togo,TGO,2016,"Personal remittances, received (current US$)",BX.TRF.PWKR.CD.DT,367166876.401137
Togo,TGO,2015,"Personal remittances, received (current US$)",BX.TRF.PWKR.CD.DT,363741802.799497
Togo,TGO,2014,"Personal remittances, received (current US$)",BX.TRF.PWKR.CD.DT,427861354.591636
Togo,TGO,2013,"Personal remittances, received (current US$)",BX.TRF.PWKR.CD.DT,397472016.375385
Togo,TGO,2012,"Personal remittances, received (current US$)",BX.TRF.PWKR.CD.DT,344740603.030966
Togo,TGO,2011,"Personal remittances, received (current US$)",BX.TRF.PWKR.CD.DT,244453975.487468
Togo,TGO,2010,"Personal remittances, received (current US$)",BX.TRF.PWKR.CD.DT,336925895.726906
Togo,TGO,2009,"Personal remittances, received (current US$)",BX.TRF.PWKR.CD.DT,335854154.36554
Togo,TGO,2008,"Personal remittances, received (current US$)",BX.TRF.PWKR.CD.DT,338423735.377043
Togo,TGO,2007,"Personal remittances, received (current US$)",BX.TRF.PWKR.CD.DT,284825315.763316
Togo,TGO,2006,"Personal remittances, received (current US$)",BX.TRF.PWKR.CD.DT,232375010.317227
Togo,TGO,2005,"Personal remittances, received (current US$)",BX.TRF.PWKR.CD.DT,192577048.924825
Togo,TGO,2004,"Personal remittances, received (current US$)",BX.TRF.PWKR.CD.DT,179017072.484853
Togo,TGO,2003,"Personal remittances, received (current US$)",BX.TRF.PWKR.CD.DT,148687118.60365
Togo,TGO,2002,"Personal remittances, received (current US$)",BX.TRF.PWKR.CD.DT,103212650.698004
Togo,TGO,2001,"Personal remittances, received (current US$)",BX.TRF.PWKR.CD.DT,68502540.4745959
Togo,TGO,2000,"Personal remittances, received (current US$)",BX.TRF.PWKR.CD.DT,34234286.8369947
Togo,TGO,1999,"Personal remittances, received (current US$)",BX.TRF.PWKR.CD.DT,22861815.5670859
Togo,TGO,1998,"Personal remittances, received (current US$)",BX.TRF.PWKR.CD.DT,18571009.4829956
Togo,TGO,1997,"Personal remittances, received (current US$)",BX.TRF.PWKR.CD.DT,26259729.7819491
Togo,TGO,1996,"Personal remittances, received (current US$)",BX.TRF.PWKR.CD.DT,29371378.3980966
Togo,TGO,1995,"Personal remittances, received (current US$)",BX.TRF.PWKR.CD.DT,15021583.9836836
Togo,TGO,1994,"Personal remittances, received (current US$)",BX.TRF.PWKR.CD.DT,15306066.51
Togo,TGO,1993,"Personal remittances, received (current US$)",BX.TRF.PWKR.CD.DT,11717650.41
Togo,TGO,1992,"Personal remittances, received (current US$)",BX.TRF.PWKR.CD.DT,16245307.92
Togo,TGO,1991,"Personal remittances, received (current US$)",BX.TRF.PWKR.CD.DT,28971286.77
Togo,TGO,1990,"Personal remittances, received (current US$)",BX.TRF.PWKR.CD.DT,26874572.75
Togo,TGO,1989,"Personal remittances, received (current US$)",BX.TRF.PWKR.CD.DT,22864608.76
Togo,TGO,1988,"Personal remittances, received (current US$)",BX.TRF.PWKR.CD.DT,21239006.04
Togo,TGO,1987,"Personal remittances, received (current US$)",BX.TRF.PWKR.CD.DT,20044149.4
Togo,TGO,1986,"Personal remittances, received (current US$)",BX.TRF.PWKR.CD.DT,21423255.92
Togo,TGO,1985,"Personal remittances, received (current US$)",BX.TRF.PWKR.CD.DT,15405231.48
Togo,TGO,1984,"Personal remittances, received (current US$)",BX.TRF.PWKR.CD.DT,6609351.158
Togo,TGO,1983,"Personal remittances, received (current US$)",BX.TRF.PWKR.CD.DT,6077686.787
Togo,TGO,1982,"Personal remittances, received (current US$)",BX.TRF.PWKR.CD.DT,6113699.913
Togo,TGO,1981,"Personal remittances, received (current US$)",BX.TRF.PWKR.CD.DT,7864382.267
Togo,TGO,1980,"Personal remittances, received (current US$)",BX.TRF.PWKR.CD.DT,9934704.781
Togo,TGO,1979,"Personal remittances, received (current US$)",BX.TRF.PWKR.CD.DT,7958757.401
Togo,TGO,1978,"Personal remittances, received (current US$)",BX.TRF.PWKR.CD.DT,9332795.143
Togo,TGO,1977,"Personal remittances, received (current US$)",BX.TRF.PWKR.CD.DT,8026711.464
Togo,TGO,1976,"Personal remittances, received (current US$)",BX.TRF.PWKR.CD.DT,7085149.765
Togo,TGO,1975,"Personal remittances, received (current US$)",BX.TRF.PWKR.CD.DT,4768728.256
Togo,TGO,1974,"Personal remittances, received (current US$)",BX.TRF.PWKR.CD.DT,4117078.304
Togo,TGO,2023,"Personal remittances, received (% of GDP)",BX.TRF.PWKR.DT.GD.ZS,7.09156081163559
Togo,TGO,2022,"Personal remittances, received (% of GDP)",BX.TRF.PWKR.DT.GD.ZS,7.96116664482623
Togo,TGO,2021,"Personal remittances, received (% of GDP)",BX.TRF.PWKR.DT.GD.ZS,7.79629123567951
Togo,TGO,2020,"Personal remittances, received (% of GDP)",BX.TRF.PWKR.DT.GD.ZS,8.78865723912437
Togo,TGO,2019,"Personal remittances, received (% of GDP)",BX.TRF.PWKR.DT.GD.ZS,7.2641868616431
Togo,TGO,2018,"Personal remittances, received (% of GDP)",BX.TRF.PWKR.DT.GD.ZS,6.41336235581585
Togo,TGO,2017,"Personal remittances, received (% of GDP)",BX.TRF.PWKR.DT.GD.ZS,6.31882644115966
Togo,TGO,2016,"Personal remittances, received (% of GDP)",BX.TRF.PWKR.DT.GD.ZS,6.04771104080885
Togo,TGO,2015,"Personal remittances, received (% of GDP)",BX.TRF.PWKR.DT.GD.ZS,6.31994206127883
Togo,TGO,2014,"Personal remittances, received (% of GDP)",BX.TRF.PWKR.DT.GD.ZS,6.69232059264251
Togo,TGO,2013,"Personal remittances, received (% of GDP)",BX.TRF.PWKR.DT.GD.ZS,6.60062506716641
Togo,TGO,2012,"Personal remittances, received (% of GDP)",BX.TRF.PWKR.DT.GD.ZS,6.36811229569132
Togo,TGO,2011,"Personal remittances, received (% of GDP)",BX.TRF.PWKR.DT.GD.ZS,4.50818963089622
Togo,TGO,2010,"Personal remittances, received (% of GDP)",BX.TRF.PWKR.DT.GD.ZS,7.09857236696834
Togo,TGO,2009,"Personal remittances, received (% of GDP)",BX.TRF.PWKR.DT.GD.ZS,7.11270466574442
Togo,TGO,2008,"Personal remittances, received (% of GDP)",BX.TRF.PWKR.DT.GD.ZS,7.39102090371712
Togo,TGO,2007,"Personal remittances, received (% of GDP)",BX.TRF.PWKR.DT.GD.ZS,7.57521200464514
Togo,TGO,2006,"Personal remittances, received (% of GDP)",BX.TRF.PWKR.DT.GD.ZS,6.99733415629233
Togo,TGO,2005,"Personal remittances, received (% of GDP)",BX.TRF.PWKR.DT.GD.ZS,5.97710750804711
Togo,TGO,2004,"Personal remittances, received (% of GDP)",BX.TRF.PWKR.DT.GD.ZS,5.60907480538754
Togo,TGO,2003,"Personal remittances, received (% of GDP)",BX.TRF.PWKR.DT.GD.ZS,4.97616841551685
Togo,TGO,2002,"Personal remittances, received (% of GDP)",BX.TRF.PWKR.DT.GD.ZS,4.28232894085232
Togo,TGO,2001,"Personal remittances, received (% of GDP)",BX.TRF.PWKR.DT.GD.ZS,3.27215590393521
Togo,TGO,2000,"Personal remittances, received (% of GDP)",BX.TRF.PWKR.DT.GD.ZS,1.62490481579935
Togo,TGO,1999,"Personal remittances, received (% of GDP)",BX.TRF.PWKR.DT.GD.ZS,1.02676949743228
Togo,TGO,1998,"Personal remittances, received (% of GDP)",BX.TRF.PWKR.DT.GD.ZS,0.828452637701401
Togo,TGO,1997,"Personal remittances, received (% of GDP)",BX.TRF.PWKR.DT.GD.ZS,1.2405280971117
Togo,TGO,1996,"Personal remittances, received (% of GDP)",BX.TRF.PWKR.DT.GD.ZS,1.41924585827863
Togo,TGO,1995,"Personal remittances, received (% of GDP)",BX.TRF.PWKR.DT.GD.ZS,0.812368121968283
Togo,TGO,1994,"Personal remittances, received (% of GDP)",BX.TRF.PWKR.DT.GD.ZS,1.10301104808066
Togo,TGO,1993,"Personal remittances, received (% of GDP)",BX.TRF.PWKR.DT.GD.ZS,0.672676477673677
Togo,TGO,1992,"Personal remittances, received (% of GDP)",BX.TRF.PWKR.DT.GD.ZS,0.679493427955513
Togo,TGO,1991,"Personal remittances, received (% of GDP)",BX.TRF.PWKR.DT.GD.ZS,1.28034728088186
Togo,TGO,1990,"Personal remittances, received (% of GDP)",BX.TRF.PWKR.DT.GD.ZS,1.1686296413272
Togo,TGO,1989,"Personal remittances, received (% of GDP)",BX.TRF.PWKR.DT.GD.ZS,1.19670171824664
Togo,TGO,1988,"Personal remittances, received (% of GDP)",BX.TRF.PWKR.DT.GD.ZS,1.09074131660881
Togo,TGO,1987,"Personal remittances, received (% of GDP)",BX.TRF.PWKR.DT.GD.ZS,1.13630377770537
Togo,TGO,1986,"Personal remittances, received (% of GDP)",BX.TRF.PWKR.DT.GD.ZS,1.4299142944163
Togo,TGO,1985,"Personal remittances, received (% of GDP)",BX.TRF.PWKR.DT.GD.ZS,1.43090904670675
Togo,TGO,1984,"Personal remittances, received (% of GDP)",BX.TRF.PWKR.DT.GD.ZS,0.651700474961441
Togo,TGO,1983,"Personal remittances, received (% of GDP)",BX.TRF.PWKR.DT.GD.ZS,0.562026850687014
Togo,TGO,1982,"Personal remittances, received (% of GDP)",BX.TRF.PWKR.DT.GD.ZS,0.52689000742895
Togo,TGO,1981,"Personal remittances, received (% of GDP)",BX.TRF.PWKR.DT.GD.ZS,0.578677535350586
Togo,TGO,1980,"Personal remittances, received (% of GDP)",BX.TRF.PWKR.DT.GD.ZS,0.61904762298085
Togo,TGO,1979,"Personal remittances, received (% of GDP)",BX.TRF.PWKR.DT.GD.ZS,0.63196554647304
Togo,TGO,1978,"Personal remittances, received (% of GDP)",BX.TRF.PWKR.DT.GD.ZS,0.801768865240832
Togo,TGO,1977,"Personal remittances, received (% of GDP)",BX.TRF.PWKR.DT.GD.ZS,0.731100883709378
Togo,TGO,1976,"Personal remittances, received (% of GDP)",BX.TRF.PWKR.DT.GD.ZS,0.810026147613247
Togo,TGO,1975,"Personal remittances, received (% of GDP)",BX.TRF.PWKR.DT.GD.ZS,0.54700945519058
Togo,TGO,1974,"Personal remittances, received (% of GDP)",BX.TRF.PWKR.DT.GD.ZS,0.520194162601695
Togo,TGO,1978,"Portfolio investment, bonds (PPG + PNG) (NFL, current US$)",DT.NFL.BOND.CD,-1000
Togo,TGO,1977,"Portfolio investment, bonds (PPG + PNG) (NFL, current US$)",DT.NFL.BOND.CD,-3000
Togo,TGO,1976,"Portfolio investment, bonds (PPG + PNG) (NFL, current US$)",DT.NFL.BOND.CD,-4000
Togo,TGO,1975,"Portfolio investment, bonds (PPG + PNG) (NFL, current US$)",DT.NFL.BOND.CD,-4000
Togo,TGO,1974,"Portfolio investment, bonds (PPG + PNG) (NFL, current US$)",DT.NFL.BOND.CD,-4000
Togo,TGO,1973,"Portfolio investment, bonds (PPG + PNG) (NFL, current US$)",DT.NFL.BOND.CD,-5000
Togo,TGO,1972,"Portfolio investment, bonds (PPG + PNG) (NFL, current US$)",DT.NFL.BOND.CD,-7000
Togo,TGO,1971,"Portfolio investment, bonds (PPG + PNG) (NFL, current US$)",DT.NFL.BOND.CD,-5000
Togo,TGO,1970,"Portfolio investment, bonds (PPG + PNG) (NFL, current US$)",DT.NFL.BOND.CD,-6000
Togo,TGO,2021,"Automated teller machines (ATMs) (per 100,000 adults)",FB.ATM.TOTL.P5,6.94
Togo,TGO,2020,"Automated teller machines (ATMs) (per 100,000 adults)",FB.ATM.TOTL.P5,6.53
Togo,TGO,2019,"Automated teller machines (ATMs) (per 100,000 adults)",FB.ATM.TOTL.P5,6.21
Togo,TGO,2018,"Automated teller machines (ATMs) (per 100,000 adults)",FB.ATM.TOTL.P5,5.7
Togo,TGO,2017,"Automated teller machines (ATMs) (per 100,000 adults)",FB.ATM.TOTL.P5,5.45
Togo,TGO,2016,"Automated teller machines (ATMs) (per 100,000 adults)",FB.ATM.TOTL.P5,5.91
Togo,TGO,2015,"Automated teller machines (ATMs) (per 100,000 adults)",FB.ATM.TOTL.P5,5.38
Togo,TGO,2014,"Automated teller machines (ATMs) (per 100,000 adults)",FB.ATM.TOTL.P5,4.76
Togo,TGO,2022,"Commercial bank branches (per 100,000 adults)",FB.CBK.BRCH.P5,4.93154934222167
Togo,TGO,2021,"Commercial bank branches (per 100,000 adults)",FB.CBK.BRCH.P5,4.97539213640241
Togo,TGO,2020,"Commercial bank branches (per 100,000 adults)",FB.CBK.BRCH.P5,5.41453220631438
Togo,TGO,2019,"Commercial bank branches (per 100,000 adults)",FB.CBK.BRCH.P5,5.32043441756284
Togo,TGO,2018,"Commercial bank branches (per 100,000 adults)",FB.CBK.BRCH.P5,5.04827836880029
Togo,TGO,2017,"Commercial bank branches (per 100,000 adults)",FB.CBK.BRCH.P5,5.42787201467039
Togo,TGO,2016,"Commercial bank branches (per 100,000 adults)",FB.CBK.BRCH.P5,5.49123913924048
Togo,TGO,2015,"Commercial bank branches (per 100,000 adults)",FB.CBK.BRCH.P5,5.11886507448634
Togo,TGO,2014,"Commercial bank branches (per 100,000 adults)",FB.CBK.BRCH.P5,4.74424302549303
Togo,TGO,2013,"Commercial bank branches (per 100,000 adults)",FB.CBK.BRCH.P5,4.41626508015762
Togo,TGO,2012,"Commercial bank branches (per 100,000 adults)",FB.CBK.BRCH.P5,4.31310783215764
Togo,TGO,2011,"Commercial bank branches (per 100,000 adults)",FB.CBK.BRCH.P5,4.27698792107328
Togo,TGO,2010,"Commercial bank branches (per 100,000 adults)",FB.CBK.BRCH.P5,4.05324976491151
Togo,TGO,2009,"Commercial bank branches (per 100,000 adults)",FB.CBK.BRCH.P5,3.86840648248216
Togo,TGO,2008,"Commercial bank branches (per 100,000 adults)",FB.CBK.BRCH.P5,3.70614066020747
Togo,TGO,2007,"Commercial bank branches (per 100,000 adults)",FB.CBK.BRCH.P5,2.82228418577244
Togo,TGO,2006,"Commercial bank branches (per 100,000 adults)",FB.CBK.BRCH.P5,1.55950925480469
Togo,TGO,2005,"Commercial bank branches (per 100,000 adults)",FB.CBK.BRCH.P5,1.18347145557885
Togo,TGO,2004,"Commercial bank branches (per 100,000 adults)",FB.CBK.BRCH.P5,1.15455244710512
Togo,TGO,2022,"Borrowers from commercial banks (per 1,000 adults)",FB.CBK.BRWR.P3,30.3538744284485
Togo,TGO,2021,"Borrowers from commercial banks (per 1,000 adults)",FB.CBK.BRWR.P3,32.8581091728807
Togo,TGO,2020,"Borrowers from commercial banks (per 1,000 adults)",FB.CBK.BRWR.P3,34.1055809892589
Togo,TGO,2019,"Borrowers from commercial banks (per 1,000 adults)",FB.CBK.BRWR.P3,33.6335354348094
Togo,TGO,2022,"Depositors with commercial banks (per 1,000 adults)",FB.CBK.DPTR.P3,184.392700403484
Togo,TGO,2021,"Depositors with commercial banks (per 1,000 adults)",FB.CBK.DPTR.P3,178.045278778772
Togo,TGO,2020,"Depositors with commercial banks (per 1,000 adults)",FB.CBK.DPTR.P3,204.766858603871
Togo,TGO,2019,"Depositors with commercial banks (per 1,000 adults)",FB.CBK.DPTR.P3,225.35150166192
Togo,TGO,2018,"Depositors with commercial banks (per 1,000 adults)",FB.CBK.DPTR.P3,210.612070097028
Togo,TGO,2017,"Depositors with commercial banks (per 1,000 adults)",FB.CBK.DPTR.P3,224.405529076959
Togo,TGO,2016,"Depositors with commercial banks (per 1,000 adults)",FB.CBK.DPTR.P3,213.051408224943
Togo,TGO,2015,"Depositors with commercial banks (per 1,000 adults)",FB.CBK.DPTR.P3,228.333832270331
Togo,TGO,2014,"Depositors with commercial banks (per 1,000 adults)",FB.CBK.DPTR.P3,240.061280588624
Togo,TGO,2013,"Depositors with commercial banks (per 1,000 adults)",FB.CBK.DPTR.P3,162.038557614039
Togo,TGO,2012,"Depositors with commercial banks (per 1,000 adults)",FB.CBK.DPTR.P3,151.073542454614
Togo,TGO,2011,"Depositors with commercial banks (per 1,000 adults)",FB.CBK.DPTR.P3,151.161736844062
Togo,TGO,2010,"Depositors with commercial banks (per 1,000 adults)",FB.CBK.DPTR.P3,152.596485649404
Togo,TGO,2009,"Depositors with commercial banks (per 1,000 adults)",FB.CBK.DPTR.P3,189.383212136696
Togo,TGO,2008,"Depositors with commercial banks (per 1,000 adults)",FB.CBK.DPTR.P3,205.174712725698
Togo,TGO,2007,"Depositors with commercial banks (per 1,000 adults)",FB.CBK.DPTR.P3,70.4296742371352
Togo,TGO,2006,"Depositors with commercial banks (per 1,000 adults)",FB.CBK.DPTR.P3,62.1055434669068
Togo,TGO,2005,"Depositors with commercial banks (per 1,000 adults)",FB.CBK.DPTR.P3,56.8503272753756
Togo,TGO,2004,"Depositors with commercial banks (per 1,000 adults)",FB.CBK.DPTR.P3,79.362687049198
Togo,TGO,2023,Domestic credit to private sector by banks (% of GDP),FD.AST.PRVT.GD.ZS,27.8261049324017
Togo,TGO,2022,Domestic credit to private sector by banks (% of GDP),FD.AST.PRVT.GD.ZS,28.0806705142873
Togo,TGO,2021,Domestic credit to private sector by banks (% of GDP),FD.AST.PRVT.GD.ZS,26.7841107818151
Togo,TGO,2020,Domestic credit to private sector by banks (% of GDP),FD.AST.PRVT.GD.ZS,27.1367061861721
Togo,TGO,2019,Domestic credit to private sector by banks (% of GDP),FD.AST.PRVT.GD.ZS,27.5221498132826
Togo,TGO,2018,Domestic credit to private sector by banks (% of GDP),FD.AST.PRVT.GD.ZS,27.7313287572995
Togo,TGO,2017,Domestic credit to private sector by banks (% of GDP),FD.AST.PRVT.GD.ZS,29.5665018897498
Togo,TGO,2016,Domestic credit to private sector by banks (% of GDP),FD.AST.PRVT.GD.ZS,30.3501263453153
Togo,TGO,2015,Domestic credit to private sector by banks (% of GDP),FD.AST.PRVT.GD.ZS,29.0972624465851
Togo,TGO,2014,Domestic credit to private sector by banks (% of GDP),FD.AST.PRVT.GD.ZS,25.3813361038191
Togo,TGO,2013,Domestic credit to private sector by banks (% of GDP),FD.AST.PRVT.GD.ZS,27.1396489344181
Togo,TGO,2012,Domestic credit to private sector by banks (% of GDP),FD.AST.PRVT.GD.ZS,21.7476813066119
Togo,TGO,2011,Domestic credit to private sector by banks (% of GDP),FD.AST.PRVT.GD.ZS,19.958683359424
Togo,TGO,2010,Domestic credit to private sector by banks (% of GDP),FD.AST.PRVT.GD.ZS,15.623854239981
Togo,TGO,2009,Domestic credit to private sector by banks (% of GDP),FD.AST.PRVT.GD.ZS,14.0927470469569
Togo,TGO,2008,Domestic credit to private sector by banks (% of GDP),FD.AST.PRVT.GD.ZS,13.5432465700119
Togo,TGO,2007,Domestic credit to private sector by banks (% of GDP),FD.AST.PRVT.GD.ZS,15.9364300758137
Togo,TGO,2006,Domestic credit to private sector by banks (% of GDP),FD.AST.PRVT.GD.ZS,11.0300085679994
Togo,TGO,2005,Domestic credit to private sector by banks (% of GDP),FD.AST.PRVT.GD.ZS,10.0443376783303
Togo,TGO,2004,Domestic credit to private sector by banks (% of GDP),FD.AST.PRVT.GD.ZS,9.25048954174052
Togo,TGO,2003,Domestic credit to private sector by banks (% of GDP),FD.AST.PRVT.GD.ZS,10.0516013681337
Togo,TGO,2002,Domestic credit to private sector by banks (% of GDP),FD.AST.PRVT.GD.ZS,8.12424446618506
Togo,TGO,2001,Domestic credit to private sector by banks (% of GDP),FD.AST.PRVT.GD.ZS,9.0881127482392
Togo,TGO,2000,Domestic credit to private sector by banks (% of GDP),FD.AST.PRVT.GD.ZS,9.86385898933283
Togo,TGO,1999,Domestic credit to private sector by banks (% of GDP),FD.AST.PRVT.GD.ZS,10.6940393011763
Togo,TGO,1998,Domestic credit to private sector by banks (% of GDP),FD.AST.PRVT.GD.ZS,12.2404708910368
Togo,TGO,1997,Domestic credit to private sector by banks (% of GDP),FD.AST.PRVT.GD.ZS,12.5260396347259
Togo,TGO,1996,Domestic credit to private sector by banks (% of GDP),FD.AST.PRVT.GD.ZS,13.24532805431
Togo,TGO,1995,Domestic credit to private sector by banks (% of GDP),FD.AST.PRVT.GD.ZS,14.1270578024142
Togo,TGO,1994,Domestic credit to private sector by banks (% of GDP),FD.AST.PRVT.GD.ZS,13.218921549303
Togo,TGO,1993,Domestic credit to private sector by banks (% of GDP),FD.AST.PRVT.GD.ZS,20.6573303402751
Togo,TGO,1992,Domestic credit to private sector by banks (% of GDP),FD.AST.PRVT.GD.ZS,17.4798901910071
Togo,TGO,1991,Domestic credit to private sector by banks (% of GDP),FD.AST.PRVT.GD.ZS,17.5410550496347
Togo,TGO,1990,Domestic credit to private sector by banks (% of GDP),FD.AST.PRVT.GD.ZS,15.8262514862913
Togo,TGO,1989,Domestic credit to private sector by banks (% of GDP),FD.AST.PRVT.GD.ZS,15.6343978136212
Togo,TGO,1988,Domestic credit to private sector by banks (% of GDP),FD.AST.PRVT.GD.ZS,17.1883999790069
Togo,TGO,1987,Domestic credit to private sector by banks (% of GDP),FD.AST.PRVT.GD.ZS,18.1855769374785
Togo,TGO,1986,Domestic credit to private sector by banks (% of GDP),FD.AST.PRVT.GD.ZS,17.2079266607941
Togo,TGO,1985,Domestic credit to private sector by banks (% of GDP),FD.AST.PRVT.GD.ZS,14.4134987790961
Togo,TGO,1984,Domestic credit to private sector by banks (% of GDP),FD.AST.PRVT.GD.ZS,15.9862936307351
Togo,TGO,1983,Domestic credit to private sector by banks (% of GDP),FD.AST.PRVT.GD.ZS,16.326928462267
Togo,TGO,1982,Domestic credit to private sector by banks (% of GDP),FD.AST.PRVT.GD.ZS,18.1413813957819
Togo,TGO,1981,Domestic credit to private sector by banks (% of GDP),FD.AST.PRVT.GD.ZS,16.7840854723003
Togo,TGO,1980,Domestic credit to private sector by banks (% of GDP),FD.AST.PRVT.GD.ZS,18.9135416691748
Togo,TGO,1979,Domestic credit to private sector by banks (% of GDP),FD.AST.PRVT.GD.ZS,20.9653548652842
Togo,TGO,1978,Domestic credit to private sector by banks (% of GDP),FD.AST.PRVT.GD.ZS,18.7304026629152
Togo,TGO,1977,Domestic credit to private sector by banks (% of GDP),FD.AST.PRVT.GD.ZS,15.98300752286
Togo,TGO,1976,Domestic credit to private sector by banks (% of GDP),FD.AST.PRVT.GD.ZS,15.169449768309
Togo,TGO,1975,Domestic credit to private sector by banks (% of GDP),FD.AST.PRVT.GD.ZS,13.0008413918547
Togo,TGO,1974,Domestic credit to private sector by banks (% of GDP),FD.AST.PRVT.GD.ZS,8.39292103807022
Togo,TGO,1973,Domestic credit to private sector by banks (% of GDP),FD.AST.PRVT.GD.ZS,10.2567271357306
Togo,TGO,1972,Domestic credit to private sector by banks (% of GDP),FD.AST.PRVT.GD.ZS,8.15671166848764
Togo,TGO,1971,Domestic credit to private sector by banks (% of GDP),FD.AST.PRVT.GD.ZS,7.98581681028483
Togo,TGO,1970,Domestic credit to private sector by banks (% of GDP),FD.AST.PRVT.GD.ZS,7.86089141293596
Togo,TGO,1969,Domestic credit to private sector by banks (% of GDP),FD.AST.PRVT.GD.ZS,5.9945692468986
Togo,TGO,1968,Domestic credit to private sector by banks (% of GDP),FD.AST.PRVT.GD.ZS,6.62956503401334
Togo,TGO,1967,Domestic credit to private sector by banks (% of GDP),FD.AST.PRVT.GD.ZS,4.79530480746504
Togo,TGO,1966,Domestic credit to private sector by banks (% of GDP),FD.AST.PRVT.GD.ZS,4.22735215016329
Togo,TGO,1965,Domestic credit to private sector by banks (% of GDP),FD.AST.PRVT.GD.ZS,4.1653832173571
Togo,TGO,1964,Domestic credit to private sector by banks (% of GDP),FD.AST.PRVT.GD.ZS,6.85496808240614
Togo,TGO,1963,Domestic credit to private sector by banks (% of GDP),FD.AST.PRVT.GD.ZS,7.28288848693071
Togo,TGO,1962,Domestic credit to private sector by banks (% of GDP),FD.AST.PRVT.GD.ZS,6.99372573119968
Togo,TGO,1961,Domestic credit to private sector by banks (% of GDP),FD.AST.PRVT.GD.ZS,7.12683212684465
Togo,TGO,1960,Domestic credit to private sector by banks (% of GDP),FD.AST.PRVT.GD.ZS,6.19898424562739
Togo,TGO,2023,Bank liquid reserves to bank assets ratio (%),FD.RES.LIQU.AS.ZS,5.2816935287067
Togo,TGO,2022,Bank liquid reserves to bank assets ratio (%),FD.RES.LIQU.AS.ZS,5.46302381931638
Togo,TGO,2021,Bank liquid reserves to bank assets ratio (%),FD.RES.LIQU.AS.ZS,5.95956845376654
Togo,TGO,2020,Bank liquid reserves to bank assets ratio (%),FD.RES.LIQU.AS.ZS,9.07498667812279
Togo,TGO,2019,Bank liquid reserves to bank assets ratio (%),FD.RES.LIQU.AS.ZS,6.56190211218757
Togo,TGO,2018,Bank liquid reserves to bank assets ratio (%),FD.RES.LIQU.AS.ZS,6.53190531832257
Togo,TGO,2017,Bank liquid reserves to bank assets ratio (%),FD.RES.LIQU.AS.ZS,4.84607708055696
Togo,TGO,2016,Bank liquid reserves to bank assets ratio (%),FD.RES.LIQU.AS.ZS,8.34290764471942
Togo,TGO,2015,Bank liquid reserves to bank assets ratio (%),FD.RES.LIQU.AS.ZS,7.21637097100445
Togo,TGO,2014,Bank liquid reserves to bank assets ratio (%),FD.RES.LIQU.AS.ZS,8.2069064733186
Togo,TGO,2013,Bank liquid reserves to bank assets ratio (%),FD.RES.LIQU.AS.ZS,7.4179660007682
Togo,TGO,2012,Bank liquid reserves to bank assets ratio (%),FD.RES.LIQU.AS.ZS,8.94977307916171
Togo,TGO,2011,Bank liquid reserves to bank assets ratio (%),FD.RES.LIQU.AS.ZS,15.8419419633741
Togo,TGO,2010,Bank liquid reserves to bank assets ratio (%),FD.RES.LIQU.AS.ZS,14.3249161472843
Togo,TGO,2009,Bank liquid reserves to bank assets ratio (%),FD.RES.LIQU.AS.ZS,11.1958913903441
Togo,TGO,2008,Bank liquid reserves to bank assets ratio (%),FD.RES.LIQU.AS.ZS,11.7605772259583
Togo,TGO,2007,Bank liquid reserves to bank assets ratio (%),FD.RES.LIQU.AS.ZS,7.93384301934563
Togo,TGO,2006,Bank liquid reserves to bank assets ratio (%),FD.RES.LIQU.AS.ZS,8.96762247910721
Togo,TGO,2005,Bank liquid reserves to bank assets ratio (%),FD.RES.LIQU.AS.ZS,7.47648517480947
Togo,TGO,2004,Bank liquid reserves to bank assets ratio (%),FD.RES.LIQU.AS.ZS,11.6549483419573
Togo,TGO,2003,Bank liquid reserves to bank assets ratio (%),FD.RES.LIQU.AS.ZS,13.7894980134054
Togo,TGO,2002,Bank liquid reserves to bank assets ratio (%),FD.RES.LIQU.AS.ZS,13.4823425391377
Togo,TGO,2001,Bank liquid reserves to bank assets ratio (%),FD.RES.LIQU.AS.ZS,7.7629335462845
Togo,TGO,2023,Claims on central government (annual growth as % of broad money),FM.AST.CGOV.ZG.M3,1.21067259979523
Togo,TGO,2022,Claims on central government (annual growth as % of broad money),FM.AST.CGOV.ZG.M3,7.82888548983838
Togo,TGO,2021,Claims on central government (annual growth as % of broad money),FM.AST.CGOV.ZG.M3,-0.332115425553938
Togo,TGO,2020,Claims on central government (annual growth as % of broad money),FM.AST.CGOV.ZG.M3,-1.62367607698039
Togo,TGO,2019,Claims on central government (annual growth as % of broad money),FM.AST.CGOV.ZG.M3,-9.52344923445784
Togo,TGO,2018,Claims on central government (annual growth as % of broad money),FM.AST.CGOV.ZG.M3,2.70403944774546
Togo,TGO,2017,Claims on central government (annual growth as % of broad money),FM.AST.CGOV.ZG.M3,9.35356977049731
Togo,TGO,2016,Claims on central government (annual growth as % of broad money),FM.AST.CGOV.ZG.M3,-2.2494737822882
Togo,TGO,2015,Claims on central government (annual growth as % of broad money),FM.AST.CGOV.ZG.M3,-2.07604233625421
Togo,TGO,2014,Claims on central government (annual growth as % of broad money),FM.AST.CGOV.ZG.M3,1.34565153696325
Togo,TGO,2013,Claims on central government (annual growth as % of broad money),FM.AST.CGOV.ZG.M3,-4.19766737918724
Togo,TGO,2012,Claims on central government (annual growth as % of broad money),FM.AST.CGOV.ZG.M3,2.85055218684958
Togo,TGO,2011,Claims on central government (annual growth as % of broad money),FM.AST.CGOV.ZG.M3,0.653302958399213
Togo,TGO,2010,Claims on central government (annual growth as % of broad money),FM.AST.CGOV.ZG.M3,9.58241384264798
Togo,TGO,2009,Claims on central government (annual growth as % of broad money),FM.AST.CGOV.ZG.M3,3.91487736140056
Togo,TGO,2008,Claims on central government (annual growth as % of broad money),FM.AST.CGOV.ZG.M3,3.87813265138813
Togo,TGO,2007,Claims on central government (annual growth as % of broad money),FM.AST.CGOV.ZG.M3,-4.38041242595932
Togo,TGO,2006,Claims on central government (annual growth as % of broad money),FM.AST.CGOV.ZG.M3,-0.223075286101894
Togo,TGO,2005,Claims on central government (annual growth as % of broad money),FM.AST.CGOV.ZG.M3,-1.74061816555596
Togo,TGO,2004,Claims on central government (annual growth as % of broad money),FM.AST.CGOV.ZG.M3,-3.27686412842682
Togo,TGO,2003,Claims on central government (annual growth as % of broad money),FM.AST.CGOV.ZG.M3,-8.61661582745684
Togo,TGO,2002,Claims on central government (annual growth as % of broad money),FM.AST.CGOV.ZG.M3,-6.41218643268687
Togo,TGO,2001,Claims on central government (annual growth as % of broad money),FM.AST.CGOV.ZG.M3,-3.57825892435226
Togo,TGO,2000,Claims on central government (annual growth as % of broad money),FM.AST.CGOV.ZG.M3,-0.336133745946905
Togo,TGO,1999,Claims on central government (annual growth as % of broad money),FM.AST.CGOV.ZG.M3,0.00684681047673581
Togo,TGO,1998,Claims on central government (annual growth as % of broad money),FM.AST.CGOV.ZG.M3,7.31802876014687
Togo,TGO,1997,Claims on central government (annual growth as % of broad money),FM.AST.CGOV.ZG.M3,-0.675025962537021
Togo,TGO,1996,Claims on central government (annual growth as % of broad money),FM.AST.CGOV.ZG.M3,3.84371205628839
Togo,TGO,1995,Claims on central government (annual growth as % of broad money),FM.AST.CGOV.ZG.M3,14.9470308785693
Togo,TGO,1994,Claims on central government (annual growth as % of broad money),FM.AST.CGOV.ZG.M3,19.0854470685743
Togo,TGO,1993,Claims on central government (annual growth as % of broad money),FM.AST.CGOV.ZG.M3,7.72089720068651
Togo,TGO,1992,Claims on central government (annual growth as % of broad money),FM.AST.CGOV.ZG.M3,-4.40891281837885
Togo,TGO,1991,Claims on central government (annual growth as % of broad money),FM.AST.CGOV.ZG.M3,-2.53796626097163
Togo,TGO,1990,Claims on central government (annual growth as % of broad money),FM.AST.CGOV.ZG.M3,6.94240475317547
Togo,TGO,1989,Claims on central government (annual growth as % of broad money),FM.AST.CGOV.ZG.M3,-14.9331210058667
Togo,TGO,1988,Claims on central government (annual growth as % of broad money),FM.AST.CGOV.ZG.M3,0.810485955829523
Togo,TGO,1987,Claims on central government (annual growth as % of broad money),FM.AST.CGOV.ZG.M3,-2.80923217301713
Togo,TGO,1986,Claims on central government (annual growth as % of broad money),FM.AST.CGOV.ZG.M3,8.92332896644385
Togo,TGO,1985,Claims on central government (annual growth as % of broad money),FM.AST.CGOV.ZG.M3,-4.17080035568098
Togo,TGO,1984,Claims on central government (annual growth as % of broad money),FM.AST.CGOV.ZG.M3,-7.83875816273608
Togo,TGO,1983,Claims on central government (annual growth as % of broad money),FM.AST.CGOV.ZG.M3,-2.37260072884485
Togo,TGO,1982,Claims on central government (annual growth as % of broad money),FM.AST.CGOV.ZG.M3,-1.56607338176841
Togo,TGO,1981,Claims on central government (annual growth as % of broad money),FM.AST.CGOV.ZG.M3,13.5069587984223
Togo,TGO,1980,Claims on central government (annual growth as % of broad money),FM.AST.CGOV.ZG.M3,0.859697903362469
Togo,TGO,1979,Claims on central government (annual growth as % of broad money),FM.AST.CGOV.ZG.M3,-3.41678984971668
Togo,TGO,1978,Claims on central government (annual growth as % of broad money),FM.AST.CGOV.ZG.M3,8.99579849411373
Togo,TGO,1977,Claims on central government (annual growth as % of broad money),FM.AST.CGOV.ZG.M3,1.68158986678314
Togo,TGO,1976,Claims on central government (annual growth as % of broad money),FM.AST.CGOV.ZG.M3,-0.848716316571186
Togo,TGO,1975,Claims on central government (annual growth as % of broad money),FM.AST.CGOV.ZG.M3,12.7445188394381
Togo,TGO,1974,Claims on central government (annual growth as % of broad money),FM.AST.CGOV.ZG.M3,-3.96506220937539
Togo,TGO,1973,Claims on central government (annual growth as % of broad money),FM.AST.CGOV.ZG.M3,2.99302108065328
Togo,TGO,1972,Claims on central government (annual growth as % of broad money),FM.AST.CGOV.ZG.M3,9.77891156462585
Togo,TGO,1971,Claims on central government (annual growth as % of broad money),FM.AST.CGOV.ZG.M3,8.61829652996845
Togo,TGO,1970,Claims on central government (annual growth as % of broad money),FM.AST.CGOV.ZG.M3,-17.8348272561135
Togo,TGO,1969,Claims on central government (annual growth as % of broad money),FM.AST.CGOV.ZG.M3,-0.68083615555296
Togo,TGO,1968,Claims on central government (annual growth as % of broad money),FM.AST.CGOV.ZG.M3,-2.59827833572453
Togo,TGO,1967,Claims on central government (annual growth as % of broad money),FM.AST.CGOV.ZG.M3,-7.69100169779287
Togo,TGO,1966,Claims on central government (annual growth as % of broad money),FM.AST.CGOV.ZG.M3,-4.36697247706422
Togo,TGO,1965,Claims on central government (annual growth as % of broad money),FM.AST.CGOV.ZG.M3,4.92273730684327
Togo,TGO,1964,Claims on central government (annual growth as % of broad money),FM.AST.CGOV.ZG.M3,-4.74358974358974
Togo,TGO,1963,Claims on central government (annual growth as % of broad money),FM.AST.CGOV.ZG.M3,0.271739130434783
Togo,TGO,2023,Claims on other sectors of the domestic economy (annual growth as % of broad money),FM.AST.DOMO.ZG.M3,2.88359472669415
Togo,TGO,2022,Claims on other sectors of the domestic economy (annual growth as % of broad money),FM.AST.DOMO.ZG.M3,10.5506741999215
Togo,TGO,2021,Claims on other sectors of the domestic economy (annual growth as % of broad money),FM.AST.DOMO.ZG.M3,5.93848574008775
Togo,TGO,2020,Claims on other sectors of the domestic economy (annual growth as % of broad money),FM.AST.DOMO.ZG.M3,0.232747942939241
Togo,TGO,2019,Claims on other sectors of the domestic economy (annual growth as % of broad money),FM.AST.DOMO.ZG.M3,4.37954164293395
Togo,TGO,2018,Claims on other sectors of the domestic economy (annual growth as % of broad money),FM.AST.DOMO.ZG.M3,3.09228947999132
Togo,TGO,2017,Claims on other sectors of the domestic economy (annual growth as % of broad money),FM.AST.DOMO.ZG.M3,1.6990482007712
Togo,TGO,2016,Claims on other sectors of the domestic economy (annual growth as % of broad money),FM.AST.DOMO.ZG.M3,7.35934219285581
Togo,TGO,2015,Claims on other sectors of the domestic economy (annual growth as % of broad money),FM.AST.DOMO.ZG.M3,18.5996523715002
Togo,TGO,2014,Claims on other sectors of the domestic economy (annual growth as % of broad money),FM.AST.DOMO.ZG.M3,0.744491505253687
Togo,TGO,2013,Claims on other sectors of the domestic economy (annual growth as % of broad money),FM.AST.DOMO.ZG.M3,23.4354017267395
Togo,TGO,2012,Claims on other sectors of the domestic economy (annual growth as % of broad money),FM.AST.DOMO.ZG.M3,13.3393725601416
Togo,TGO,2011,Claims on other sectors of the domestic economy (annual growth as % of broad money),FM.AST.DOMO.ZG.M3,13.4644398630357
Togo,TGO,2010,Claims on other sectors of the domestic economy (annual growth as % of broad money),FM.AST.DOMO.ZG.M3,5.91906131791431
Togo,TGO,2009,Claims on other sectors of the domestic economy (annual growth as % of broad money),FM.AST.DOMO.ZG.M3,13.8088994695814
Togo,TGO,2008,Claims on other sectors of the domestic economy (annual growth as % of broad money),FM.AST.DOMO.ZG.M3,13.5473905385103
Togo,TGO,2007,Claims on other sectors of the domestic economy (annual growth as % of broad money),FM.AST.DOMO.ZG.M3,14.6912679833355
Togo,TGO,2006,Claims on other sectors of the domestic economy (annual growth as % of broad money),FM.AST.DOMO.ZG.M3,1.74167127467826
Togo,TGO,2005,Claims on other sectors of the domestic economy (annual growth as % of broad money),FM.AST.DOMO.ZG.M3,11.1566877049766
Togo,TGO,2004,Claims on other sectors of the domestic economy (annual growth as % of broad money),FM.AST.DOMO.ZG.M3,-1.44976551253979
Togo,TGO,2003,Claims on other sectors of the domestic economy (annual growth as % of broad money),FM.AST.DOMO.ZG.M3,16.6009543649006
Togo,TGO,2002,Claims on other sectors of the domestic economy (annual growth as % of broad money),FM.AST.DOMO.ZG.M3,0.527902493117684
Togo,TGO,2023,Net domestic credit (current LCU),FM.AST.DOMS.CN,1956109850978
Togo,TGO,2022,Net domestic credit (current LCU),FM.AST.DOMS.CN,1849340284543
Togo,TGO,2021,Net domestic credit (current LCU),FM.AST.DOMS.CN,1433868192194
Togo,TGO,2020,Net domestic credit (current LCU),FM.AST.DOMS.CN,1320995990400
Togo,TGO,2019,Net domestic credit (current LCU),FM.AST.DOMS.CN,1346091945497
Togo,TGO,2018,Net domestic credit (current LCU),FM.AST.DOMS.CN,1434877900547
Togo,TGO,2017,Net domestic credit (current LCU),FM.AST.DOMS.CN,1343372835401.23
Togo,TGO,2016,Net domestic credit (current LCU),FM.AST.DOMS.CN,1184688372726.91
Togo,TGO,2015,Net domestic credit (current LCU),FM.AST.DOMS.CN,1119411390298.65
Togo,TGO,2014,Net domestic credit (current LCU),FM.AST.DOMS.CN,944641953017.624
Togo,TGO,2013,Net domestic credit (current LCU),FM.AST.DOMS.CN,923307409361.252
Togo,TGO,2012,Net domestic credit (current LCU),FM.AST.DOMS.CN,755392842220.857
Togo,TGO,2011,Net domestic credit (current LCU),FM.AST.DOMS.CN,627078229352.861
Togo,TGO,2010,Net domestic credit (current LCU),FM.AST.DOMS.CN,531666914959.097
Togo,TGO,2009,Net domestic credit (current LCU),FM.AST.DOMS.CN,440359725959.507
Togo,TGO,2008,Net domestic credit (current LCU),FM.AST.DOMS.CN,349105544843.416
Togo,TGO,2007,Net domestic credit (current LCU),FM.AST.DOMS.CN,277262840580.325
Togo,TGO,2006,Net domestic credit (current LCU),FM.AST.DOMS.CN,238828539127.51
Togo,TGO,2005,Net domestic credit (current LCU),FM.AST.DOMS.CN,234259105601.651
Togo,TGO,2004,Net domestic credit (current LCU),FM.AST.DOMS.CN,206645045552.306
Togo,TGO,2003,Net domestic credit (current LCU),FM.AST.DOMS.CN,218325185490.136
Togo,TGO,2002,Net domestic credit (current LCU),FM.AST.DOMS.CN,200905634337.917
Togo,TGO,2001,Net domestic credit (current LCU),FM.AST.DOMS.CN,214097628154.889
Togo,TGO,2000,Net domestic credit (current LCU),FM.AST.DOMS.CN,206554200000
Togo,TGO,1999,Net domestic credit (current LCU),FM.AST.DOMS.CN,206241700000
Togo,TGO,1998,Net domestic credit (current LCU),FM.AST.DOMS.CN,221795000000
Togo,TGO,1997,Net domestic credit (current LCU),FM.AST.DOMS.CN,200409200000
Togo,TGO,1996,Net domestic credit (current LCU),FM.AST.DOMS.CN,187102300000
Togo,TGO,1995,Net domestic credit (current LCU),FM.AST.DOMS.CN,169769200000
Togo,TGO,1994,Net domestic credit (current LCU),FM.AST.DOMS.CN,118128500000
Togo,TGO,1993,Net domestic credit (current LCU),FM.AST.DOMS.CN,97591700000
Togo,TGO,1992,Net domestic credit (current LCU),FM.AST.DOMS.CN,96011000000
Togo,TGO,1991,Net domestic credit (current LCU),FM.AST.DOMS.CN,103765700000
Togo,TGO,1990,Net domestic credit (current LCU),FM.AST.DOMS.CN,94561700000
Togo,TGO,1989,Net domestic credit (current LCU),FM.AST.DOMS.CN,83046500000
Togo,TGO,1988,Net domestic credit (current LCU),FM.AST.DOMS.CN,106807400000
Togo,TGO,1987,Net domestic credit (current LCU),FM.AST.DOMS.CN,101844300000
Togo,TGO,1986,Net domestic credit (current LCU),FM.AST.DOMS.CN,101004500000
Togo,TGO,1985,Net domestic credit (current LCU),FM.AST.DOMS.CN,67790800000
Togo,TGO,1984,Net domestic credit (current LCU),FM.AST.DOMS.CN,74084000000
Togo,TGO,1983,Net domestic credit (current LCU),FM.AST.DOMS.CN,80380999999.7226
Togo,TGO,1982,Net domestic credit (current LCU),FM.AST.DOMS.CN,85074999999.832
Togo,TGO,1981,Net domestic credit (current LCU),FM.AST.DOMS.CN,78730999999.8728
Togo,TGO,1980,Net domestic credit (current LCU),FM.AST.DOMS.CN,71511999999.875
Togo,TGO,1979,Net domestic credit (current LCU),FM.AST.DOMS.CN,63470000000
Togo,TGO,1978,Net domestic credit (current LCU),FM.AST.DOMS.CN,57747000000
Togo,TGO,1977,Net domestic credit (current LCU),FM.AST.DOMS.CN,46437000000
Togo,TGO,1976,Net domestic credit (current LCU),FM.AST.DOMS.CN,33386000000
Togo,TGO,1975,Net domestic credit (current LCU),FM.AST.DOMS.CN,26039000000
Togo,TGO,1974,Net domestic credit (current LCU),FM.AST.DOMS.CN,13772000000
Togo,TGO,1973,Net domestic credit (current LCU),FM.AST.DOMS.CN,11483000000
Togo,TGO,1972,Net domestic credit (current LCU),FM.AST.DOMS.CN,7921000000
Togo,TGO,1971,Net domestic credit (current LCU),FM.AST.DOMS.CN,5786000000
Togo,TGO,1970,Net domestic credit (current LCU),FM.AST.DOMS.CN,3633200000
Togo,TGO,1969,Net domestic credit (current LCU),FM.AST.DOMS.CN,3676600000
Togo,TGO,1968,Net domestic credit (current LCU),FM.AST.DOMS.CN,3332900000
Togo,TGO,1967,Net domestic credit (current LCU),FM.AST.DOMS.CN,1867000000
Togo,TGO,1966,Net domestic credit (current LCU),FM.AST.DOMS.CN,1690000000
Togo,TGO,1965,Net domestic credit (current LCU),FM.AST.DOMS.CN,1378000000
Togo,TGO,1964,Net domestic credit (current LCU),FM.AST.DOMS.CN,2425000000
Togo,TGO,1963,Net domestic credit (current LCU),FM.AST.DOMS.CN,2170000000
Togo,TGO,1962,Net domestic credit (current LCU),FM.AST.DOMS.CN,1780000000
Togo,TGO,2023,Net foreign assets (current LCU),FM.AST.NFRG.CN,1131457997776.6
Togo,TGO,2022,Net foreign assets (current LCU),FM.AST.NFRG.CN,1080222425208.73
Togo,TGO,2021,Net foreign assets (current LCU),FM.AST.NFRG.CN,1092664976034.34
Togo,TGO,2020,Net foreign assets (current LCU),FM.AST.NFRG.CN,982166437499.386
Togo,TGO,2019,Net foreign assets (current LCU),FM.AST.NFRG.CN,731736594939.881
Togo,TGO,2018,Net foreign assets (current LCU),FM.AST.NFRG.CN,560185845804.206
Togo,TGO,2017,Net foreign assets (current LCU),FM.AST.NFRG.CN,552453793534.989
Togo,TGO,2016,Net foreign assets (current LCU),FM.AST.NFRG.CN,528030738167.161
Togo,TGO,2015,Net foreign assets (current LCU),FM.AST.NFRG.CN,454736277017.239
Togo,TGO,2014,Net foreign assets (current LCU),FM.AST.NFRG.CN,306090299842.517
Togo,TGO,2013,Net foreign assets (current LCU),FM.AST.NFRG.CN,385383025806.854
Togo,TGO,2012,Net foreign assets (current LCU),FM.AST.NFRG.CN,342428464298.147
Togo,TGO,2011,Net foreign assets (current LCU),FM.AST.NFRG.CN,336664245466.942
Togo,TGO,2010,Net foreign assets (current LCU),FM.AST.NFRG.CN,287307608668.675
Togo,TGO,2009,Net foreign assets (current LCU),FM.AST.NFRG.CN,263578052661.783
Togo,TGO,2008,Net foreign assets (current LCU),FM.AST.NFRG.CN,252766424426.334
Togo,TGO,2007,Net foreign assets (current LCU),FM.AST.NFRG.CN,232326740140.123
Togo,TGO,2006,Net foreign assets (current LCU),FM.AST.NFRG.CN,215537895155.971
Togo,TGO,2005,Net foreign assets (current LCU),FM.AST.NFRG.CN,139463037474.153
Togo,TGO,2004,Net foreign assets (current LCU),FM.AST.NFRG.CN,159046967158.738
Togo,TGO,2003,Net foreign assets (current LCU),FM.AST.NFRG.CN,93220305453.3838
Togo,TGO,2002,Net foreign assets (current LCU),FM.AST.NFRG.CN,86234836455.6824
Togo,TGO,2001,Net foreign assets (current LCU),FM.AST.NFRG.CN,65070064843.2255
Togo,TGO,2000,Net foreign assets (current LCU),FM.AST.NFRG.CN,49483899493.5198
Togo,TGO,1999,Net foreign assets (current LCU),FM.AST.NFRG.CN,12774513365.3254
Togo,TGO,1998,Net foreign assets (current LCU),FM.AST.NFRG.CN,-1030733017.88386
Togo,TGO,1997,Net foreign assets (current LCU),FM.AST.NFRG.CN,5180667135.57224
Togo,TGO,1996,Net foreign assets (current LCU),FM.AST.NFRG.CN,4893937401.4914
Togo,TGO,1995,Net foreign assets (current LCU),FM.AST.NFRG.CN,24750718413.153
Togo,TGO,1994,Net foreign assets (current LCU),FM.AST.NFRG.CN,33936599336.6062
Togo,TGO,1993,Net foreign assets (current LCU),FM.AST.NFRG.CN,18375343642.1791
Togo,TGO,1992,Net foreign assets (current LCU),FM.AST.NFRG.CN,49659541812.5001
Togo,TGO,1991,Net foreign assets (current LCU),FM.AST.NFRG.CN,69517259549.9001
Togo,TGO,1990,Net foreign assets (current LCU),FM.AST.NFRG.CN,65791295396.8201
Togo,TGO,1989,Net foreign assets (current LCU),FM.AST.NFRG.CN,63744551296.6401
Togo,TGO,1988,Net foreign assets (current LCU),FM.AST.NFRG.CN,38297471883.6
Togo,TGO,1987,Net foreign assets (current LCU),FM.AST.NFRG.CN,59189431001.8
Togo,TGO,1986,Net foreign assets (current LCU),FM.AST.NFRG.CN,56296460989.925
Togo,TGO,1985,Net foreign assets (current LCU),FM.AST.NFRG.CN,70192628760.9138
Togo,TGO,1984,Net foreign assets (current LCU),FM.AST.NFRG.CN,56654449617.64
Togo,TGO,1983,Net foreign assets (current LCU),FM.AST.NFRG.CN,41060407642.2041
Togo,TGO,1982,Net foreign assets (current LCU),FM.AST.NFRG.CN,37804155943.9607
Togo,TGO,1981,Net foreign assets (current LCU),FM.AST.NFRG.CN,23528396859.8319
Togo,TGO,1980,Net foreign assets (current LCU),FM.AST.NFRG.CN,-2114762983.39772
Togo,TGO,1979,Net foreign assets (current LCU),FM.AST.NFRG.CN,4770424529.48767
Togo,TGO,1978,Net foreign assets (current LCU),FM.AST.NFRG.CN,6854198606.85699
Togo,TGO,1977,Net foreign assets (current LCU),FM.AST.NFRG.CN,2864161756.67545
Togo,TGO,1976,Net foreign assets (current LCU),FM.AST.NFRG.CN,11254487718.0441
Togo,TGO,1975,Net foreign assets (current LCU),FM.AST.NFRG.CN,4472478026.82973
Togo,TGO,1974,Net foreign assets (current LCU),FM.AST.NFRG.CN,21080208039.8547
Togo,TGO,1973,Net foreign assets (current LCU),FM.AST.NFRG.CN,6094867634.86597
Togo,TGO,1972,Net foreign assets (current LCU),FM.AST.NFRG.CN,7685858665.2397
Togo,TGO,1971,Net foreign assets (current LCU),FM.AST.NFRG.CN,9855081570.1639
Togo,TGO,1970,Net foreign assets (current LCU),FM.AST.NFRG.CN,11008270954.9962
Togo,TGO,1969,Net foreign assets (current LCU),FM.AST.NFRG.CN,10895400000
Togo,TGO,1968,Net foreign assets (current LCU),FM.AST.NFRG.CN,7060400000
Togo,TGO,1967,Net foreign assets (current LCU),FM.AST.NFRG.CN,6604000000
Togo,TGO,1966,Net foreign assets (current LCU),FM.AST.NFRG.CN,5404000000
Togo,TGO,1965,Net foreign assets (current LCU),FM.AST.NFRG.CN,4821000000
Togo,TGO,1964,Net foreign assets (current LCU),FM.AST.NFRG.CN,3012000000
Togo,TGO,1963,Net foreign assets (current LCU),FM.AST.NFRG.CN,2264000000
Togo,TGO,1962,Net foreign assets (current LCU),FM.AST.NFRG.CN,1890000000
Togo,TGO,2023,Monetary Sector credit to private sector (% GDP),FM.AST.PRVT.GD.ZS,27.8760455711926
Togo,TGO,2022,Monetary Sector credit to private sector (% GDP),FM.AST.PRVT.GD.ZS,28.1263423031561
Togo,TGO,2021,Monetary Sector credit to private sector (% GDP),FM.AST.PRVT.GD.ZS,26.8421760454212
Togo,TGO,2020,Monetary Sector credit to private sector (% GDP),FM.AST.PRVT.GD.ZS,27.2051293652776
Togo,TGO,2019,Monetary Sector credit to private sector (% GDP),FM.AST.PRVT.GD.ZS,27.5931294840497
Togo,TGO,2018,Monetary Sector credit to private sector (% GDP),FM.AST.PRVT.GD.ZS,27.8058964976693
Togo,TGO,2017,Monetary Sector credit to private sector (% GDP),FM.AST.PRVT.GD.ZS,29.6398848822813
Togo,TGO,2016,Monetary Sector credit to private sector (% GDP),FM.AST.PRVT.GD.ZS,30.4170887194541
Togo,TGO,2015,Monetary Sector credit to private sector (% GDP),FM.AST.PRVT.GD.ZS,29.1751104089196
Togo,TGO,2014,Monetary Sector credit to private sector (% GDP),FM.AST.PRVT.GD.ZS,25.475408179311
Togo,TGO,2013,Monetary Sector credit to private sector (% GDP),FM.AST.PRVT.GD.ZS,27.2475423058308
Togo,TGO,2012,Monetary Sector credit to private sector (% GDP),FM.AST.PRVT.GD.ZS,21.8767784570517
Togo,TGO,2011,Monetary Sector credit to private sector (% GDP),FM.AST.PRVT.GD.ZS,20.0860923893868
Togo,TGO,2010,Monetary Sector credit to private sector (% GDP),FM.AST.PRVT.GD.ZS,15.7145081705152
Togo,TGO,2009,Monetary Sector credit to private sector (% GDP),FM.AST.PRVT.GD.ZS,14.1762290067254
Togo,TGO,2008,Monetary Sector credit to private sector (% GDP),FM.AST.PRVT.GD.ZS,13.6233080905797
Togo,TGO,2007,Monetary Sector credit to private sector (% GDP),FM.AST.PRVT.GD.ZS,16.1657256645048
Togo,TGO,2006,Monetary Sector credit to private sector (% GDP),FM.AST.PRVT.GD.ZS,11.2450790180935
Togo,TGO,2005,Monetary Sector credit to private sector (% GDP),FM.AST.PRVT.GD.ZS,10.1595456203719
Togo,TGO,2004,Monetary Sector credit to private sector (% GDP),FM.AST.PRVT.GD.ZS,9.35311537922592
Togo,TGO,2003,Monetary Sector credit to private sector (% GDP),FM.AST.PRVT.GD.ZS,10.0516013681337
Togo,TGO,2002,Monetary Sector credit to private sector (% GDP),FM.AST.PRVT.GD.ZS,8.12424446618506
Togo,TGO,2001,Monetary Sector credit to private sector (% GDP),FM.AST.PRVT.GD.ZS,9.0881127482392
Togo,TGO,2000,Monetary Sector credit to private sector (% GDP),FM.AST.PRVT.GD.ZS,9.88050671161128
Togo,TGO,1999,Monetary Sector credit to private sector (% GDP),FM.AST.PRVT.GD.ZS,10.7130337702014
Togo,TGO,1998,Monetary Sector credit to private sector (% GDP),FM.AST.PRVT.GD.ZS,12.2801014155987
Togo,TGO,1997,Monetary Sector credit to private sector (% GDP),FM.AST.PRVT.GD.ZS,12.5826958406699
Togo,TGO,1996,Monetary Sector credit to private sector (% GDP),FM.AST.PRVT.GD.ZS,13.3103536016883
Togo,TGO,1995,Monetary Sector credit to private sector (% GDP),FM.AST.PRVT.GD.ZS,14.2193024301692
Togo,TGO,1994,Monetary Sector credit to private sector (% GDP),FM.AST.PRVT.GD.ZS,13.3031595076341
Togo,TGO,1993,Monetary Sector credit to private sector (% GDP),FM.AST.PRVT.GD.ZS,20.9411600682877
Togo,TGO,1992,Monetary Sector credit to private sector (% GDP),FM.AST.PRVT.GD.ZS,17.7148843121915
Togo,TGO,1991,Monetary Sector credit to private sector (% GDP),FM.AST.PRVT.GD.ZS,17.6028557338869
Togo,TGO,1990,Monetary Sector credit to private sector (% GDP),FM.AST.PRVT.GD.ZS,15.9838895181708
Togo,TGO,1989,Monetary Sector credit to private sector (% GDP),FM.AST.PRVT.GD.ZS,15.9981990761686
Togo,TGO,1988,Monetary Sector credit to private sector (% GDP),FM.AST.PRVT.GD.ZS,17.255989385874
Togo,TGO,1987,Monetary Sector credit to private sector (% GDP),FM.AST.PRVT.GD.ZS,18.1892740747579
Togo,TGO,1986,Monetary Sector credit to private sector (% GDP),FM.AST.PRVT.GD.ZS,17.6159311852025
Togo,TGO,1985,Monetary Sector credit to private sector (% GDP),FM.AST.PRVT.GD.ZS,14.7505614924226
Togo,TGO,1984,Monetary Sector credit to private sector (% GDP),FM.AST.PRVT.GD.ZS,16.3168826821449
Togo,TGO,1983,Monetary Sector credit to private sector (% GDP),FM.AST.PRVT.GD.ZS,16.8074177362774
Togo,TGO,1982,Monetary Sector credit to private sector (% GDP),FM.AST.PRVT.GD.ZS,18.673778958864
Togo,TGO,1981,Monetary Sector credit to private sector (% GDP),FM.AST.PRVT.GD.ZS,17.1910823498603
Togo,TGO,1980,Monetary Sector credit to private sector (% GDP),FM.AST.PRVT.GD.ZS,19.4432270089207
Togo,TGO,1979,Monetary Sector credit to private sector (% GDP),FM.AST.PRVT.GD.ZS,21.7268491041373
Togo,TGO,1978,Monetary Sector credit to private sector (% GDP),FM.AST.PRVT.GD.ZS,19.4187208810609
Togo,TGO,1977,Monetary Sector credit to private sector (% GDP),FM.AST.PRVT.GD.ZS,16.3978665012665
Togo,TGO,1976,Monetary Sector credit to private sector (% GDP),FM.AST.PRVT.GD.ZS,15.3354740253538
Togo,TGO,1975,Monetary Sector credit to private sector (% GDP),FM.AST.PRVT.GD.ZS,13.1881734003829
Togo,TGO,1974,Monetary Sector credit to private sector (% GDP),FM.AST.PRVT.GD.ZS,8.53307426323531
Togo,TGO,1973,Monetary Sector credit to private sector (% GDP),FM.AST.PRVT.GD.ZS,10.4232045326605
Togo,TGO,1972,Monetary Sector credit to private sector (% GDP),FM.AST.PRVT.GD.ZS,8.52918336602248
Togo,TGO,1971,Monetary Sector credit to private sector (% GDP),FM.AST.PRVT.GD.ZS,8.467765970447
Togo,TGO,1970,Monetary Sector credit to private sector (% GDP),FM.AST.PRVT.GD.ZS,8.44796170708824
Togo,TGO,1969,Monetary Sector credit to private sector (% GDP),FM.AST.PRVT.GD.ZS,6.47987296902532
Togo,TGO,1968,Monetary Sector credit to private sector (% GDP),FM.AST.PRVT.GD.ZS,7.05396122645463
Togo,TGO,1967,Monetary Sector credit to private sector (% GDP),FM.AST.PRVT.GD.ZS,5.36676600213704
Togo,TGO,1966,Monetary Sector credit to private sector (% GDP),FM.AST.PRVT.GD.ZS,4.92079792873898
Togo,TGO,1965,Monetary Sector credit to private sector (% GDP),FM.AST.PRVT.GD.ZS,4.84418640833381
Togo,TGO,1964,Monetary Sector credit to private sector (% GDP),FM.AST.PRVT.GD.ZS,7.67269270137337
Togo,TGO,1963,Monetary Sector credit to private sector (% GDP),FM.AST.PRVT.GD.ZS,8.00915991499028
Togo,TGO,1962,Monetary Sector credit to private sector (% GDP),FM.AST.PRVT.GD.ZS,7.84608605468964
Togo,TGO,2023,Claims on private sector (annual growth as % of broad money),FM.AST.PRVT.ZG.M3,4.50527936042023
Togo,TGO,2022,Claims on private sector (annual growth as % of broad money),FM.AST.PRVT.ZG.M3,8.4729587628427
Togo,TGO,2021,Claims on private sector (annual growth as % of broad money),FM.AST.PRVT.ZG.M3,4.11887234690284
Togo,TGO,2020,Claims on private sector (annual growth as % of broad money),FM.AST.PRVT.ZG.M3,1.56764450212163
Togo,TGO,2019,Claims on private sector (annual growth as % of broad money),FM.AST.PRVT.ZG.M3,2.59928267761299
Togo,TGO,2018,Claims on private sector (annual growth as % of broad money),FM.AST.PRVT.ZG.M3,-0.86530077651298
Togo,TGO,2017,Claims on private sector (annual growth as % of broad money),FM.AST.PRVT.ZG.M3,0.345794200830334
Togo,TGO,2016,Claims on private sector (annual growth as % of broad money),FM.AST.PRVT.ZG.M3,7.9539135780955
Togo,TGO,2015,Claims on private sector (annual growth as % of broad money),FM.AST.PRVT.ZG.M3,17.8261090601679
Togo,TGO,2014,Claims on private sector (annual growth as % of broad money),FM.AST.PRVT.ZG.M3,-0.605787524186553
Togo,TGO,2013,Claims on private sector (annual growth as % of broad money),FM.AST.PRVT.ZG.M3,23.5691898396362
Togo,TGO,2012,Claims on private sector (annual growth as % of broad money),FM.AST.PRVT.ZG.M3,11.531381391214
Togo,TGO,2011,Claims on private sector (annual growth as % of broad money),FM.AST.PRVT.ZG.M3,21.3384274120932
Togo,TGO,2010,Claims on private sector (annual growth as % of broad money),FM.AST.PRVT.ZG.M3,9.20935957163473
Togo,TGO,2009,Claims on private sector (annual growth as % of broad money),FM.AST.PRVT.ZG.M3,7.1080537056405
Togo,TGO,2008,Claims on private sector (annual growth as % of broad money),FM.AST.PRVT.ZG.M3,-3.08406441711774
Togo,TGO,2007,Claims on private sector (annual growth as % of broad money),FM.AST.PRVT.ZG.M3,25.709034453307
Togo,TGO,2006,Claims on private sector (annual growth as % of broad money),FM.AST.PRVT.ZG.M3,7.47949607930998
Togo,TGO,2005,Claims on private sector (annual growth as % of broad money),FM.AST.PRVT.ZG.M3,5.17359136357655
Togo,TGO,2004,Claims on private sector (annual growth as % of broad money),FM.AST.PRVT.ZG.M3,-6.77851779833883
Togo,TGO,2003,Claims on private sector (annual growth as % of broad money),FM.AST.PRVT.ZG.M3,17.5688521609225
Togo,TGO,2002,Claims on private sector (annual growth as % of broad money),FM.AST.PRVT.ZG.M3,-1.56533370044868
Togo,TGO,2001,Claims on private sector (annual growth as % of broad money),FM.AST.PRVT.ZG.M3,-3.44633769335444
Togo,TGO,2000,Claims on private sector (annual growth as % of broad money),FM.AST.PRVT.ZG.M3,0.482370409748113
Togo,TGO,1999,Claims on private sector (annual growth as % of broad money),FM.AST.PRVT.ZG.M3,-7.90618956738808
Togo,TGO,1998,Claims on private sector (annual growth as % of broad money),FM.AST.PRVT.ZG.M3,3.52110067066409
Togo,TGO,1997,Claims on private sector (annual growth as % of broad money),FM.AST.PRVT.ZG.M3,7.77300195306657
Togo,TGO,1996,Claims on private sector (annual growth as % of broad money),FM.AST.PRVT.ZG.M3,4.83783417356689
Togo,TGO,1995,Claims on private sector (annual growth as % of broad money),FM.AST.PRVT.ZG.M3,17.5864334451156
Togo,TGO,1994,Claims on private sector (annual growth as % of broad money),FM.AST.PRVT.ZG.M3,-0.706652650123969
Togo,TGO,1993,Claims on private sector (annual growth as % of broad money),FM.AST.PRVT.ZG.M3,-6.51824288335207
Togo,TGO,1992,Claims on private sector (annual growth as % of broad money),FM.AST.PRVT.ZG.M3,-0.159170469510423
Togo,TGO,1991,Claims on private sector (annual growth as % of broad money),FM.AST.PRVT.ZG.M3,7.68835163267592
Togo,TGO,1990,Claims on private sector (annual growth as % of broad money),FM.AST.PRVT.ZG.M3,1.75955209407669
Togo,TGO,1989,Claims on private sector (annual growth as % of broad money),FM.AST.PRVT.ZG.M3,-1.78066794451212
Togo,TGO,1988,Claims on private sector (annual growth as % of broad money),FM.AST.PRVT.ZG.M3,2.22897372833917
Togo,TGO,1987,Claims on private sector (annual growth as % of broad money),FM.AST.PRVT.ZG.M3,3.03934157771178
Togo,TGO,1986,Claims on private sector (annual growth as % of broad money),FM.AST.PRVT.ZG.M3,14.0040279667148
Togo,TGO,1985,Claims on private sector (annual growth as % of broad money),FM.AST.PRVT.ZG.M3,-0.707467095835446
Togo,TGO,1984,Claims on private sector (annual growth as % of broad money),FM.AST.PRVT.ZG.M3,2.58829323823447
Togo,TGO,1983,Claims on private sector (annual growth as % of broad money),FM.AST.PRVT.ZG.M3,-1.65740669630906
Togo,TGO,1982,Claims on private sector (annual growth as % of broad money),FM.AST.PRVT.ZG.M3,7.67326240432864
Togo,TGO,1981,Claims on private sector (annual growth as % of broad money),FM.AST.PRVT.ZG.M3,-3.3636488907476
Togo,TGO,1980,Claims on private sector (annual growth as % of broad money),FM.AST.PRVT.ZG.M3,11.6044187268034
Togo,TGO,1979,Claims on private sector (annual growth as % of broad money),FM.AST.PRVT.ZG.M3,11.0833949248583
Togo,TGO,1978,Claims on private sector (annual growth as % of broad money),FM.AST.PRVT.ZG.M3,14.0958442530887
Togo,TGO,1977,Claims on private sector (annual growth as % of broad money),FM.AST.PRVT.ZG.M3,29.5503627672223
Togo,TGO,1976,Claims on private sector (annual growth as % of broad money),FM.AST.PRVT.ZG.M3,26.2111889101068
Togo,TGO,1975,Claims on private sector (annual growth as % of broad money),FM.AST.PRVT.ZG.M3,27.5173952999869
Togo,TGO,1974,Claims on private sector (annual growth as % of broad money),FM.AST.PRVT.ZG.M3,18.348623853211
Togo,TGO,1973,Claims on private sector (annual growth as % of broad money),FM.AST.PRVT.ZG.M3,22.6347219224405
Togo,TGO,1972,Claims on private sector (annual growth as % of broad money),FM.AST.PRVT.ZG.M3,5.3500566893424
Togo,TGO,1971,Claims on private sector (annual growth as % of broad money),FM.AST.PRVT.ZG.M3,8.3596214511041
Togo,TGO,1970,Claims on private sector (annual growth as % of broad money),FM.AST.PRVT.ZG.M3,17.4571403707249
Togo,TGO,1969,Claims on private sector (annual growth as % of broad money),FM.AST.PRVT.ZG.M3,4.69461637276655
Togo,TGO,1968,Claims on private sector (annual growth as % of broad money),FM.AST.PRVT.ZG.M3,23.6298421807747
Togo,TGO,1967,Claims on private sector (annual growth as % of broad money),FM.AST.PRVT.ZG.M3,10.6960950764007
Togo,TGO,1966,Claims on private sector (annual growth as % of broad money),FM.AST.PRVT.ZG.M3,10.0917431192661
Togo,TGO,1965,Claims on private sector (annual growth as % of broad money),FM.AST.PRVT.ZG.M3,-28.0353200883002
Togo,TGO,1964,Claims on private sector (annual growth as % of broad money),FM.AST.PRVT.ZG.M3,11.2820512820513
Togo,TGO,1963,Claims on private sector (annual growth as % of broad money),FM.AST.PRVT.ZG.M3,10.3260869565217
Togo,TGO,2023,Broad money (current LCU),FM.LBL.BMNY.CN,2781186409074
Togo,TGO,2022,Broad money (current LCU),FM.LBL.BMNY.CN,2607782001537
Togo,TGO,2021,Broad money (current LCU),FM.LBL.BMNY.CN,2260511673631
Togo,TGO,2020,Broad money (current LCU),FM.LBL.BMNY.CN,2013284807487.53
Togo,TGO,2019,Broad money (current LCU),FM.LBL.BMNY.CN,1804259651006.35
Togo,TGO,2018,Broad money (current LCU),FM.LBL.BMNY.CN,1726041019794
Togo,TGO,2017,Broad money (current LCU),FM.LBL.BMNY.CN,1578672747640.27
Togo,TGO,2016,Broad money (current LCU),FM.LBL.BMNY.CN,1435718334668.07
Togo,TGO,2015,Broad money (current LCU),FM.LBL.BMNY.CN,1277468951906.12
Togo,TGO,2014,Broad money (current LCU),FM.LBL.BMNY.CN,1057695242796.4
Togo,TGO,2013,Broad money (current LCU),FM.LBL.BMNY.CN,1020721703034.41
Togo,TGO,2012,Broad money (current LCU),FM.LBL.BMNY.CN,872839618776.418
Togo,TGO,2011,Broad money (current LCU),FM.LBL.BMNY.CN,792558426757.621
Togo,TGO,2010,Broad money (current LCU),FM.LBL.BMNY.CN,675825559372.718
Togo,TGO,2009,Broad money (current LCU),FM.LBL.BMNY.CN,589022580456.646
Togo,TGO,2008,Broad money (current LCU),FM.LBL.BMNY.CN,514868709904.848
Togo,TGO,2007,Broad money (current LCU),FM.LBL.BMNY.CN,412284345670.253
Togo,TGO,2006,Broad money (current LCU),FM.LBL.BMNY.CN,372755696546.635
Togo,TGO,2005,Broad money (current LCU),FM.LBL.BMNY.CN,300898564215.402
Togo,TGO,2004,Broad money (current LCU),FM.LBL.BMNY.CN,293265251852.037
Togo,TGO,2003,Broad money (current LCU),FM.LBL.BMNY.CN,247113500000
Togo,TGO,2002,Broad money (current LCU),FM.LBL.BMNY.CN,218171500000
Togo,TGO,2001,Broad money (current LCU),FM.LBL.BMNY.CN,224190300000
Togo,TGO,2000,Broad money (current LCU),FM.LBL.BMNY.CN,246536100000
Togo,TGO,1999,Broad money (current LCU),FM.LBL.BMNY.CN,213694700000
Togo,TGO,1998,Broad money (current LCU),FM.LBL.BMNY.CN,197172100000
Togo,TGO,1997,Broad money (current LCU),FM.LBL.BMNY.CN,197043500000
Togo,TGO,1996,Broad money (current LCU),FM.LBL.BMNY.CN,187192800000
Togo,TGO,1995,Broad money (current LCU),FM.LBL.BMNY.CN,199884900000
Togo,TGO,1994,Broad money (current LCU),FM.LBL.BMNY.CN,163472600000
Togo,TGO,1993,Broad money (current LCU),FM.LBL.BMNY.CN,113294700000
Togo,TGO,1992,Broad money (current LCU),FM.LBL.BMNY.CN,135176000000
Togo,TGO,1991,Broad money (current LCU),FM.LBL.BMNY.CN,164854700000
Togo,TGO,1990,Broad money (current LCU),FM.LBL.BMNY.CN,159832700000
Togo,TGO,1989,Broad money (current LCU),FM.LBL.BMNY.CN,145923500000
Togo,TGO,1988,Broad money (current LCU),FM.LBL.BMNY.CN,144305400000
Togo,TGO,1987,Broad money (current LCU),FM.LBL.BMNY.CN,163815300000
Togo,TGO,1986,Broad money (current LCU),FM.LBL.BMNY.CN,165486500000
Togo,TGO,1985,Broad money (current LCU),FM.LBL.BMNY.CN,143198800000
Togo,TGO,1984,Broad money (current LCU),FM.LBL.BMNY.CN,136077000000
Togo,TGO,1983,Broad money (current LCU),FM.LBL.BMNY.CN,117760999999.699
Togo,TGO,1982,Broad money (current LCU),FM.LBL.BMNY.CN,117170999999.56
Togo,TGO,1981,Broad money (current LCU),FM.LBL.BMNY.CN,100569999999.515
Togo,TGO,1980,Broad money (current LCU),FM.LBL.BMNY.CN,72570000000.002
Togo,TGO,1979,Broad money (current LCU),FM.LBL.BMNY.CN,66534999999.9688
Togo,TGO,1978,Broad money (current LCU),FM.LBL.BMNY.CN,64944000000
Togo,TGO,1977,Broad money (current LCU),FM.LBL.BMNY.CN,48078000000
Togo,TGO,1976,Broad money (current LCU),FM.LBL.BMNY.CN,41211000000
Togo,TGO,1975,Broad money (current LCU),FM.LBL.BMNY.CN,28278000000
Togo,TGO,1974,Broad money (current LCU),FM.LBL.BMNY.CN,30468000000
Togo,TGO,1973,Broad money (current LCU),FM.LBL.BMNY.CN,15914000000
Togo,TGO,1972,Broad money (current LCU),FM.LBL.BMNY.CN,13899000000
Togo,TGO,1971,Broad money (current LCU),FM.LBL.BMNY.CN,14112000000
Togo,TGO,1970,Broad money (current LCU),FM.LBL.BMNY.CN,12680000000
Togo,TGO,1969,Broad money (current LCU),FM.LBL.BMNY.CN,11491000000
Togo,TGO,1968,Broad money (current LCU),FM.LBL.BMNY.CN,8563000000
Togo,TGO,1967,Broad money (current LCU),FM.LBL.BMNY.CN,6970000000
Togo,TGO,1966,Broad money (current LCU),FM.LBL.BMNY.CN,5890000000
Togo,TGO,1965,Broad money (current LCU),FM.LBL.BMNY.CN,5450000000
Togo,TGO,1964,Broad money (current LCU),FM.LBL.BMNY.CN,4530000000
Togo,TGO,1963,Broad money (current LCU),FM.LBL.BMNY.CN,3900000000
Togo,TGO,1962,Broad money (current LCU),FM.LBL.BMNY.CN,3680000000
Togo,TGO,2023,Broad money (% of GDP),FM.LBL.BMNY.GD.ZS,49.9942730477565
Togo,TGO,2022,Broad money (% of GDP),FM.LBL.BMNY.GD.ZS,51.1752250688706
Togo,TGO,2021,Broad money (% of GDP),FM.LBL.BMNY.GD.ZS,48.8650457007629
Togo,TGO,2020,Broad money (% of GDP),FM.LBL.BMNY.GD.ZS,47.2657543722862
Togo,TGO,2019,Broad money (% of GDP),FM.LBL.BMNY.GD.ZS,44.0374814138378
Togo,TGO,2018,Broad money (% of GDP),FM.LBL.BMNY.GD.ZS,44.2075868198443
Togo,TGO,2017,Broad money (% of GDP),FM.LBL.BMNY.GD.ZS,42.564446268173
Togo,TGO,2016,Broad money (% of GDP),FM.LBL.BMNY.GD.ZS,39.9053406007563
Togo,TGO,2015,Broad money (% of GDP),FM.LBL.BMNY.GD.ZS,37.5428481599917
Togo,TGO,2014,Broad money (% of GDP),FM.LBL.BMNY.GD.ZS,33.5058523818594
Togo,TGO,2013,Broad money (% of GDP),FM.LBL.BMNY.GD.ZS,34.3199905727598
Togo,TGO,2012,Broad money (% of GDP),FM.LBL.BMNY.GD.ZS,31.5797767361533
Togo,TGO,2011,Broad money (% of GDP),FM.LBL.BMNY.GD.ZS,31.0160338689629
Togo,TGO,2010,Broad money (% of GDP),FM.LBL.BMNY.GD.ZS,28.7770704809922
Togo,TGO,2009,Broad money (% of GDP),FM.LBL.BMNY.GD.ZS,26.5244929362716
Togo,TGO,2008,Broad money (% of GDP),FM.LBL.BMNY.GD.ZS,25.2118791367873
Togo,TGO,2007,Broad money (% of GDP),FM.LBL.BMNY.GD.ZS,22.9091913396238
Togo,TGO,2006,Broad money (% of GDP),FM.LBL.BMNY.GD.ZS,21.4853785652336
Togo,TGO,2005,Broad money (% of GDP),FM.LBL.BMNY.GD.ZS,17.7126352179734
Togo,TGO,2004,Broad money (% of GDP),FM.LBL.BMNY.GD.ZS,17.4248197774248
Togo,TGO,2003,Broad money (% of GDP),FM.LBL.BMNY.GD.ZS,14.2615594237702
Togo,TGO,2002,Broad money (% of GDP),FM.LBL.BMNY.GD.ZS,13.0486365456133
Togo,TGO,2001,Broad money (% of GDP),FM.LBL.BMNY.GD.ZS,14.6216761365261
Togo,TGO,2000,Broad money (% of GDP),FM.LBL.BMNY.GD.ZS,16.4763730405917
Togo,TGO,1999,Broad money (% of GDP),FM.LBL.BMNY.GD.ZS,15.5936126007539
Togo,TGO,1998,Broad money (% of GDP),FM.LBL.BMNY.GD.ZS,14.9094328410301
Togo,TGO,1997,Broad money (% of GDP),FM.LBL.BMNY.GD.ZS,15.9481958799002
Togo,TGO,1996,Broad money (% of GDP),FM.LBL.BMNY.GD.ZS,17.6820370210389
Togo,TGO,1995,Broad money (% of GDP),FM.LBL.BMNY.GD.ZS,21.6564578275157
Togo,TGO,1994,Broad money (% of GDP),FM.LBL.BMNY.GD.ZS,21.2181788398717
Togo,TGO,1993,Broad money (% of GDP),FM.LBL.BMNY.GD.ZS,22.9688599187615
Togo,TGO,1992,Broad money (% of GDP),FM.LBL.BMNY.GD.ZS,21.3607459654446
Togo,TGO,1991,Broad money (% of GDP),FM.LBL.BMNY.GD.ZS,25.8254328572412
Togo,TGO,1990,Broad money (% of GDP),FM.LBL.BMNY.GD.ZS,25.5275706767815
Togo,TGO,1989,Broad money (% of GDP),FM.LBL.BMNY.GD.ZS,23.9411714329065
Togo,TGO,1988,Broad money (% of GDP),FM.LBL.BMNY.GD.ZS,24.8814193717457
Togo,TGO,1987,Broad money (% of GDP),FM.LBL.BMNY.GD.ZS,30.9003904374707
Togo,TGO,1986,Broad money (% of GDP),FM.LBL.BMNY.GD.ZS,31.895337865992
Togo,TGO,1985,Broad money (% of GDP),FM.LBL.BMNY.GD.ZS,29.6061927701072
Togo,TGO,1984,Broad money (% of GDP),FM.LBL.BMNY.GD.ZS,30.7068712277789
Togo,TGO,1983,Broad money (% of GDP),FM.LBL.BMNY.GD.ZS,28.5772209073693
Togo,TGO,1982,Broad money (% of GDP),FM.LBL.BMNY.GD.ZS,30.7298299820971
Togo,TGO,1981,Broad money (% of GDP),FM.LBL.BMNY.GD.ZS,27.2333173493099
Togo,TGO,1980,Broad money (% of GDP),FM.LBL.BMNY.GD.ZS,21.4027088559914
Togo,TGO,1979,Broad money (% of GDP),FM.LBL.BMNY.GD.ZS,24.8362839127754
Togo,TGO,1978,Broad money (% of GDP),FM.LBL.BMNY.GD.ZS,24.7246340482604
Togo,TGO,1977,Broad money (% of GDP),FM.LBL.BMNY.GD.ZS,17.8244771794684
Togo,TGO,1976,Broad money (% of GDP),FM.LBL.BMNY.GD.ZS,19.7176531904048
Togo,TGO,1975,Broad money (% of GDP),FM.LBL.BMNY.GD.ZS,15.1353558204557
Togo,TGO,1974,Broad money (% of GDP),FM.LBL.BMNY.GD.ZS,15.9932152222105
Togo,TGO,1973,Broad money (% of GDP),FM.LBL.BMNY.GD.ZS,12.4381281443281
Togo,TGO,1972,Broad money (% of GDP),FM.LBL.BMNY.GD.ZS,11.6336721888466
Togo,TGO,1971,Broad money (% of GDP),FM.LBL.BMNY.GD.ZS,12.6653008346527
Togo,TGO,1970,Broad money (% of GDP),FM.LBL.BMNY.GD.ZS,12.790466202493
Togo,TGO,1969,Broad money (% of GDP),FM.LBL.BMNY.GD.ZS,11.6910378846083
Togo,TGO,1968,Broad money (% of GDP),FM.LBL.BMNY.GD.ZS,10.1228540275065
Togo,TGO,1967,Broad money (% of GDP),FM.LBL.BMNY.GD.ZS,8.65887940622573
Togo,TGO,1966,Broad money (% of GDP),FM.LBL.BMNY.GD.ZS,7.85460699194379
Togo,TGO,1965,Broad money (% of GDP),FM.LBL.BMNY.GD.ZS,8.40790316096154
Togo,TGO,1964,Broad money (% of GDP),FM.LBL.BMNY.GD.ZS,7.88147345515223
Togo,TGO,1963,Broad money (% of GDP),FM.LBL.BMNY.GD.ZS,7.86794047064536
Togo,TGO,1962,Broad money (% of GDP),FM.LBL.BMNY.GD.ZS,8.04278459087963
Togo,TGO,2023,Broad money growth (annual %),FM.LBL.BMNY.ZG,6.64949782745633
Togo,TGO,2022,Broad money growth (annual %),FM.LBL.BMNY.ZG,15.3624655849792
Togo,TGO,2021,Broad money growth (annual %),FM.LBL.BMNY.ZG,12.2797760765898
Togo,TGO,2020,Broad money growth (annual %),FM.LBL.BMNY.ZG,11.5850928864143
Togo,TGO,2019,Broad money growth (annual %),FM.LBL.BMNY.ZG,4.53167858210492
Togo,TGO,2018,Broad money growth (annual %),FM.LBL.BMNY.ZG,9.33494749776415
Togo,TGO,2017,Broad money growth (annual %),FM.LBL.BMNY.ZG,9.95699570871958
Togo,TGO,2016,Broad money growth (annual %),FM.LBL.BMNY.ZG,12.3877282908383
Togo,TGO,2015,Broad money growth (annual %),FM.LBL.BMNY.ZG,20.7785475642935
Togo,TGO,2014,Broad money growth (annual %),FM.LBL.BMNY.ZG,3.62229387815257
Togo,TGO,2013,Broad money growth (annual %),FM.LBL.BMNY.ZG,16.9426411309444
Togo,TGO,2012,Broad money growth (annual %),FM.LBL.BMNY.ZG,10.1293720826652
Togo,TGO,2011,Broad money growth (annual %),FM.LBL.BMNY.ZG,17.2726328215895
Togo,TGO,2010,Broad money growth (annual %),FM.LBL.BMNY.ZG,14.7367829003732
Togo,TGO,2009,Broad money growth (annual %),FM.LBL.BMNY.ZG,14.4024814725102
Togo,TGO,2008,Broad money growth (annual %),FM.LBL.BMNY.ZG,24.8819450245735
Togo,TGO,2007,Broad money growth (annual %),FM.LBL.BMNY.ZG,10.6044386416701
Togo,TGO,2006,Broad money growth (annual %),FM.LBL.BMNY.ZG,23.8808491886964
Togo,TGO,2005,Broad money growth (annual %),FM.LBL.BMNY.ZG,2.60286969395756
Togo,TGO,2004,Broad money growth (annual %),FM.LBL.BMNY.ZG,18.6763377363183
Togo,TGO,2003,Broad money growth (annual %),FM.LBL.BMNY.ZG,13.2657106909014
Togo,TGO,2002,Broad money growth (annual %),FM.LBL.BMNY.ZG,-2.68468350325594
Togo,TGO,2001,Broad money growth (annual %),FM.LBL.BMNY.ZG,-9.06390585394999
Togo,TGO,2000,Broad money growth (annual %),FM.LBL.BMNY.ZG,15.3683736657952
Togo,TGO,1999,Broad money growth (annual %),FM.LBL.BMNY.ZG,8.37978598391963
Togo,TGO,1998,Broad money growth (annual %),FM.LBL.BMNY.ZG,0.0652647765594907
Togo,TGO,1997,Broad money growth (annual %),FM.LBL.BMNY.ZG,5.26232846562475
Togo,TGO,1996,Broad money growth (annual %),FM.LBL.BMNY.ZG,-6.34970425479864
Togo,TGO,1995,Broad money growth (annual %),FM.LBL.BMNY.ZG,22.2742526882181
Togo,TGO,1994,Broad money growth (annual %),FM.LBL.BMNY.ZG,44.2897152293973
Togo,TGO,1993,Broad money growth (annual %),FM.LBL.BMNY.ZG,-16.1872669704681
Togo,TGO,1992,Broad money growth (annual %),FM.LBL.BMNY.ZG,-18.002944411048
Togo,TGO,1991,Broad money growth (annual %),FM.LBL.BMNY.ZG,3.14203539075546
Togo,TGO,1990,Broad money growth (annual %),FM.LBL.BMNY.ZG,9.53184374004187
Togo,TGO,1989,Broad money growth (annual %),FM.LBL.BMNY.ZG,1.1213024599218
Togo,TGO,1988,Broad money growth (annual %),FM.LBL.BMNY.ZG,-11.9096934169153
Togo,TGO,1987,Broad money growth (annual %),FM.LBL.BMNY.ZG,-1.00987089581325
Togo,TGO,1986,Broad money growth (annual %),FM.LBL.BMNY.ZG,15.5641667388274
Togo,TGO,1985,Broad money growth (annual %),FM.LBL.BMNY.ZG,5.23365447503987
Togo,TGO,1984,Broad money growth (annual %),FM.LBL.BMNY.ZG,15.553536400292
Togo,TGO,1983,Broad money growth (annual %),FM.LBL.BMNY.ZG,0.503537564876299
Togo,TGO,1982,Broad money growth (annual %),FM.LBL.BMNY.ZG,16.5069106096501
Togo,TGO,1981,Broad money growth (annual %),FM.LBL.BMNY.ZG,38.5834366811523
Togo,TGO,1980,Broad money growth (annual %),FM.LBL.BMNY.ZG,9.07041406783802
Togo,TGO,1979,Broad money growth (annual %),FM.LBL.BMNY.ZG,2.44980290707194
Togo,TGO,1978,Broad money growth (annual %),FM.LBL.BMNY.ZG,35.08049419693
Togo,TGO,1977,Broad money growth (annual %),FM.LBL.BMNY.ZG,16.6630268617602
Togo,TGO,1976,Broad money growth (annual %),FM.LBL.BMNY.ZG,45.7352005092298
Togo,TGO,1975,Broad money growth (annual %),FM.LBL.BMNY.ZG,-7.18786923985821
Togo,TGO,1974,Broad money growth (annual %),FM.LBL.BMNY.ZG,91.4540656026141
Togo,TGO,1973,Broad money growth (annual %),FM.LBL.BMNY.ZG,14.4974458594143
Togo,TGO,1972,Broad money growth (annual %),FM.LBL.BMNY.ZG,-1.5093537414966
Togo,TGO,1971,Broad money growth (annual %),FM.LBL.BMNY.ZG,11.2933753943218
Togo,TGO,1970,Broad money growth (annual %),FM.LBL.BMNY.ZG,10.3472282655992
Togo,TGO,1969,Broad money growth (annual %),FM.LBL.BMNY.ZG,34.1936237300012
Togo,TGO,1968,Broad money growth (annual %),FM.LBL.BMNY.ZG,22.8550932568149
Togo,TGO,1967,Broad money growth (annual %),FM.LBL.BMNY.ZG,18.3361629881155
Togo,TGO,1966,Broad money growth (annual %),FM.LBL.BMNY.ZG,8.07339449541285
Togo,TGO,1965,Broad money growth (annual %),FM.LBL.BMNY.ZG,20.3090507726269
Togo,TGO,1964,Broad money growth (annual %),FM.LBL.BMNY.ZG,16.1538461538462
Togo,TGO,1963,Broad money growth (annual %),FM.LBL.BMNY.ZG,5.97826086956522
Togo,TGO,2022,Consumer price index (2010 = 100),FP.CPI.TOTL,129.610336993973
Togo,TGO,2021,Consumer price index (2010 = 100),FP.CPI.TOTL,120.045614301505
Togo,TGO,2020,Consumer price index (2010 = 100),FP.CPI.TOTL,115.222166604613
Togo,TGO,2019,Consumer price index (2010 = 100),FP.CPI.TOTL,113.296929295441
Togo,TGO,2018,Consumer price index (2010 = 100),FP.CPI.TOTL,112.537690648103
Togo,TGO,2017,Consumer price index (2010 = 100),FP.CPI.TOTL,111.503213533868
Togo,TGO,2016,Consumer price index (2010 = 100),FP.CPI.TOTL,112.608909002895
Togo,TGO,2015,Consumer price index (2010 = 100),FP.CPI.TOTL,111.179750599295
Togo,TGO,2014,Consumer price index (2010 = 100),FP.CPI.TOTL,108.378170652492
Togo,TGO,2013,Consumer price index (2010 = 100),FP.CPI.TOTL,108.171697841756
Togo,TGO,2012,Consumer price index (2010 = 100),FP.CPI.TOTL,106.232534720517
Togo,TGO,2011,Consumer price index (2010 = 100),FP.CPI.TOTL,103.563514729039
Togo,TGO,2010,Consumer price index (2010 = 100),FP.CPI.TOTL,100
Togo,TGO,2009,Consumer price index (2010 = 100),FP.CPI.TOTL,98.5746643970597
Togo,TGO,2008,Consumer price index (2010 = 100),FP.CPI.TOTL,95.0450652277537
Togo,TGO,2007,Consumer price index (2010 = 100),FP.CPI.TOTL,87.4421229151332
Togo,TGO,2006,Consumer price index (2010 = 100),FP.CPI.TOTL,86.6229528033106
Togo,TGO,2005,Consumer price index (2010 = 100),FP.CPI.TOTL,84.7342452917256
Togo,TGO,2004,Consumer price index (2010 = 100),FP.CPI.TOTL,79.3518647039989
Togo,TGO,2003,Consumer price index (2010 = 100),FP.CPI.TOTL,79.0411707126895
Togo,TGO,2002,Consumer price index (2010 = 100),FP.CPI.TOTL,79.7831547572729
Togo,TGO,2001,Consumer price index (2010 = 100),FP.CPI.TOTL,77.4144141336076
Togo,TGO,2000,Consumer price index (2010 = 100),FP.CPI.TOTL,74.4945328767797
Togo,TGO,1999,Consumer price index (2010 = 100),FP.CPI.TOTL,73.1323650898538
Togo,TGO,1998,Consumer price index (2010 = 100),FP.CPI.TOTL,73.1713021921239
Togo,TGO,1997,Consumer price index (2010 = 100),FP.CPI.TOTL,72.4645278394312
Togo,TGO,1996,Consumer price index (2010 = 100),FP.CPI.TOTL,66.9413168760601
Togo,TGO,1995,Consumer price index (2010 = 100),FP.CPI.TOTL,63.9439444786246
Togo,TGO,1994,Consumer price index (2010 = 100),FP.CPI.TOTL,54.918852892507
Togo,TGO,1993,Consumer price index (2010 = 100),FP.CPI.TOTL,39.4637545132106
Togo,TGO,1992,Consumer price index (2010 = 100),FP.CPI.TOTL,39.8651494026592
Togo,TGO,1991,Consumer price index (2010 = 100),FP.CPI.TOTL,39.3171521894877
Togo,TGO,1990,Consumer price index (2010 = 100),FP.CPI.TOTL,39.1655494764284
Togo,TGO,1989,Consumer price index (2010 = 100),FP.CPI.TOTL,38.7718824614085
Togo,TGO,1988,Consumer price index (2010 = 100),FP.CPI.TOTL,39.1000898342081
Togo,TGO,1987,Consumer price index (2010 = 100),FP.CPI.TOTL,39.159185344546
Togo,TGO,1986,Consumer price index (2010 = 100),FP.CPI.TOTL,39.138047335079
Togo,TGO,1985,Consumer price index (2010 = 100),FP.CPI.TOTL,37.5876993504071
Togo,TGO,1984,Consumer price index (2010 = 100),FP.CPI.TOTL,38.2822988873016
Togo,TGO,1983,Consumer price index (2010 = 100),FP.CPI.TOTL,39.6817260301873
Togo,TGO,1982,Consumer price index (2010 = 100),FP.CPI.TOTL,36.2869162517009
Togo,TGO,1981,Consumer price index (2010 = 100),FP.CPI.TOTL,32.6527696563456
Togo,TGO,1980,Consumer price index (2010 = 100),FP.CPI.TOTL,27.2750782155987
Togo,TGO,1979,Consumer price index (2010 = 100),FP.CPI.TOTL,24.2862091350484
Togo,TGO,1978,Consumer price index (2010 = 100),FP.CPI.TOTL,22.5835765660444
Togo,TGO,1977,Consumer price index (2010 = 100),FP.CPI.TOTL,22.4840233601675
Togo,TGO,1976,Consumer price index (2010 = 100),FP.CPI.TOTL,18.3607477715543
Togo,TGO,1975,Consumer price index (2010 = 100),FP.CPI.TOTL,16.4462805270314
Togo,TGO,1974,Consumer price index (2010 = 100),FP.CPI.TOTL,13.9360850802178
Togo,TGO,1973,Consumer price index (2010 = 100),FP.CPI.TOTL,12.3511889510409
Togo,TGO,1972,Consumer price index (2010 = 100),FP.CPI.TOTL,11.9202349142361
Togo,TGO,1971,Consumer price index (2010 = 100),FP.CPI.TOTL,11.0652652776743
Togo,TGO,1970,Consumer price index (2010 = 100),FP.CPI.TOTL,10.3906950054258
Togo,TGO,1969,Consumer price index (2010 = 100),FP.CPI.TOTL,9.94509315703294
Togo,TGO,1968,Consumer price index (2010 = 100),FP.CPI.TOTL,9.38076694068038
Togo,TGO,1967,Consumer price index (2010 = 100),FP.CPI.TOTL,9.35301319224266
Togo,TGO,1966,Consumer price index (2010 = 100),FP.CPI.TOTL,9.57504317909683
Togo,TGO,2022,"Inflation, consumer prices (annual %)",FP.CPI.TOTL.ZG,7.96757361617945
Togo,TGO,2021,"Inflation, consumer prices (annual %)",FP.CPI.TOTL.ZG,4.1862150652352
Togo,TGO,2020,"Inflation, consumer prices (annual %)",FP.CPI.TOTL.ZG,1.69928463299408
Togo,TGO,2019,"Inflation, consumer prices (annual %)",FP.CPI.TOTL.ZG,0.674652770077436
Togo,TGO,2018,"Inflation, consumer prices (annual %)",FP.CPI.TOTL.ZG,0.927755426457183
Togo,TGO,2017,"Inflation, consumer prices (annual %)",FP.CPI.TOTL.ZG,-0.981889868943119
Togo,TGO,2016,"Inflation, consumer prices (annual %)",FP.CPI.TOTL.ZG,1.28544847051417
Togo,TGO,2015,"Inflation, consumer prices (annual %)",FP.CPI.TOTL.ZG,2.58500390801595
Togo,TGO,2014,"Inflation, consumer prices (annual %)",FP.CPI.TOTL.ZG,0.19087507624975
Togo,TGO,2013,"Inflation, consumer prices (annual %)",FP.CPI.TOTL.ZG,1.82539475909171
Togo,TGO,2012,"Inflation, consumer prices (annual %)",FP.CPI.TOTL.ZG,2.57718174055848
Togo,TGO,2011,"Inflation, consumer prices (annual %)",FP.CPI.TOTL.ZG,3.56351472903954
Togo,TGO,2010,"Inflation, consumer prices (annual %)",FP.CPI.TOTL.ZG,1.44594517430866
Togo,TGO,2009,"Inflation, consumer prices (annual %)",FP.CPI.TOTL.ZG,3.71360592035802
Togo,TGO,2008,"Inflation, consumer prices (annual %)",FP.CPI.TOTL.ZG,8.6948281436391
Togo,TGO,2007,"Inflation, consumer prices (annual %)",FP.CPI.TOTL.ZG,0.945673271705144
Togo,TGO,2006,"Inflation, consumer prices (annual %)",FP.CPI.TOTL.ZG,2.22897779414036
Togo,TGO,2005,"Inflation, consumer prices (annual %)",FP.CPI.TOTL.ZG,6.7829289302831
Togo,TGO,2004,"Inflation, consumer prices (annual %)",FP.CPI.TOTL.ZG,0.393078681031619
Togo,TGO,2003,"Inflation, consumer prices (annual %)",FP.CPI.TOTL.ZG,-0.930000884072201
Togo,TGO,2002,"Inflation, consumer prices (annual %)",FP.CPI.TOTL.ZG,3.05981857535874
Togo,TGO,2001,"Inflation, consumer prices (annual %)",FP.CPI.TOTL.ZG,3.91959133653157
Togo,TGO,2000,"Inflation, consumer prices (annual %)",FP.CPI.TOTL.ZG,1.86260595463066
Togo,TGO,1999,"Inflation, consumer prices (annual %)",FP.CPI.TOTL.ZG,-0.0532136248824353
Togo,TGO,1998,"Inflation, consumer prices (annual %)",FP.CPI.TOTL.ZG,0.975338381088715
Togo,TGO,1997,"Inflation, consumer prices (annual %)",FP.CPI.TOTL.ZG,8.25082508250804
Togo,TGO,1996,"Inflation, consumer prices (annual %)",FP.CPI.TOTL.ZG,4.68749999999997
Togo,TGO,1995,"Inflation, consumer prices (annual %)",FP.CPI.TOTL.ZG,16.4335034524163
Togo,TGO,1994,"Inflation, consumer prices (annual %)",FP.CPI.TOTL.ZG,39.1627673796796
Togo,TGO,1993,"Inflation, consumer prices (annual %)",FP.CPI.TOTL.ZG,-1.00688168855036
Togo,TGO,1992,"Inflation, consumer prices (annual %)",FP.CPI.TOTL.ZG,1.39378663675941
Togo,TGO,1991,"Inflation, consumer prices (annual %)",FP.CPI.TOTL.ZG,0.387081797870731
Togo,TGO,1990,"Inflation, consumer prices (annual %)",FP.CPI.TOTL.ZG,1.01534150530809
Togo,TGO,1989,"Inflation, consumer prices (annual %)",FP.CPI.TOTL.ZG,-0.839403116952551
Togo,TGO,1988,"Inflation, consumer prices (annual %)",FP.CPI.TOTL.ZG,-0.150910979934777
Togo,TGO,1987,"Inflation, consumer prices (annual %)",FP.CPI.TOTL.ZG,0.0540088504826715
Togo,TGO,1986,"Inflation, consumer prices (annual %)",FP.CPI.TOTL.ZG,4.12461526367686
Togo,TGO,1985,"Inflation, consumer prices (annual %)",FP.CPI.TOTL.ZG,-1.81441438232164
Togo,TGO,1984,"Inflation, consumer prices (annual %)",FP.CPI.TOTL.ZG,-3.52662871020549
Togo,TGO,1983,"Inflation, consumer prices (annual %)",FP.CPI.TOTL.ZG,9.3554650798615
Togo,TGO,1982,"Inflation, consumer prices (annual %)",FP.CPI.TOTL.ZG,11.1296733281827
Togo,TGO,1981,"Inflation, consumer prices (annual %)",FP.CPI.TOTL.ZG,19.7165023624806
Togo,TGO,1980,"Inflation, consumer prices (annual %)",FP.CPI.TOTL.ZG,12.3068572123796
Togo,TGO,1979,"Inflation, consumer prices (annual %)",FP.CPI.TOTL.ZG,7.53925120772937
Togo,TGO,1978,"Inflation, consumer prices (annual %)",FP.CPI.TOTL.ZG,0.442773093953005
Togo,TGO,1977,"Inflation, consumer prices (annual %)",FP.CPI.TOTL.ZG,22.4570134066176
Togo,TGO,1976,"Inflation, consumer prices (annual %)",FP.CPI.TOTL.ZG,11.6407308106915
Togo,TGO,1975,"Inflation, consumer prices (annual %)",FP.CPI.TOTL.ZG,18.0121994976678
Togo,TGO,1974,"Inflation, consumer prices (annual %)",FP.CPI.TOTL.ZG,12.8319316906201
Togo,TGO,1973,"Inflation, consumer prices (annual %)",FP.CPI.TOTL.ZG,3.61531496573159
Togo,TGO,1972,"Inflation, consumer prices (annual %)",FP.CPI.TOTL.ZG,7.7266076782349
Togo,TGO,1971,"Inflation, consumer prices (annual %)",FP.CPI.TOTL.ZG,6.4920611363942
Togo,TGO,1970,"Inflation, consumer prices (annual %)",FP.CPI.TOTL.ZG,4.48062015465097
Togo,TGO,1969,"Inflation, consumer prices (annual %)",FP.CPI.TOTL.ZG,6.01577909270213
Togo,TGO,1968,"Inflation, consumer prices (annual %)",FP.CPI.TOTL.ZG,0.296735906036536
Togo,TGO,1967,"Inflation, consumer prices (annual %)",FP.CPI.TOTL.ZG,-2.31884058067623
Togo,TGO,2017,Deposit interest rate (%),FR.INR.DPST,6.49
Togo,TGO,2016,Deposit interest rate (%),FR.INR.DPST,6.925
Togo,TGO,2015,Deposit interest rate (%),FR.INR.DPST,6.99833333333333
Togo,TGO,2014,Deposit interest rate (%),FR.INR.DPST,7.25833333333333
Togo,TGO,2013,Deposit interest rate (%),FR.INR.DPST,7.65416666666667
Togo,TGO,2012,Deposit interest rate (%),FR.INR.DPST,7.9925
Togo,TGO,2011,Deposit interest rate (%),FR.INR.DPST,8.50083333333333
Togo,TGO,2010,Deposit interest rate (%),FR.INR.DPST,8.38666666666667
Togo,TGO,2009,Deposit interest rate (%),FR.INR.DPST,8.57916666666667
Togo,TGO,2008,Deposit interest rate (%),FR.INR.DPST,8.12416666666667
Togo,TGO,2007,Deposit interest rate (%),FR.INR.DPST,7.81333333333333
Togo,TGO,2006,Deposit interest rate (%),FR.INR.DPST,7.82166666666667
Togo,TGO,2005,Deposit interest rate (%),FR.INR.DPST,7.6075
Togo,TGO,2017,Lending interest rate (%),FR.INR.LEND,5.14
Togo,TGO,2016,Lending interest rate (%),FR.INR.LEND,5.295
Togo,TGO,2015,Lending interest rate (%),FR.INR.LEND,5.15416666666667
Togo,TGO,2014,Lending interest rate (%),FR.INR.LEND,5.33833333333333
Togo,TGO,2013,Lending interest rate (%),FR.INR.LEND,5.2875
Togo,TGO,2012,Lending interest rate (%),FR.INR.LEND,5.03916666666667
Togo,TGO,2011,Lending interest rate (%),FR.INR.LEND,5.25591666666667
Togo,TGO,2010,Lending interest rate (%),FR.INR.LEND,5.11333333333333
Togo,TGO,2009,Lending interest rate (%),FR.INR.LEND,4.9775
Togo,TGO,2008,Lending interest rate (%),FR.INR.LEND,4.98416666666667
Togo,TGO,2007,Lending interest rate (%),FR.INR.LEND,4.75166666666667
Togo,TGO,2006,Lending interest rate (%),FR.INR.LEND,4.73666666666667
Togo,TGO,2005,Lending interest rate (%),FR.INR.LEND,8.75583333333333
Togo,TGO,2017,"Interest rate spread (lending rate minus deposit rate, %)",FR.INR.LNDP,-1.35
Togo,TGO,2016,"Interest rate spread (lending rate minus deposit rate, %)",FR.INR.LNDP,-1.63
Togo,TGO,2015,"Interest rate spread (lending rate minus deposit rate, %)",FR.INR.LNDP,-1.84416666666666
Togo,TGO,2014,"Interest rate spread (lending rate minus deposit rate, %)",FR.INR.LNDP,-1.92
Togo,TGO,2013,"Interest rate spread (lending rate minus deposit rate, %)",FR.INR.LNDP,-2.36666666666667
Togo,TGO,2012,"Interest rate spread (lending rate minus deposit rate, %)",FR.INR.LNDP,-2.95333333333333
Togo,TGO,2011,"Interest rate spread (lending rate minus deposit rate, %)",FR.INR.LNDP,-3.24491666666666
Togo,TGO,2010,"Interest rate spread (lending rate minus deposit rate, %)",FR.INR.LNDP,-3.27333333333334
Togo,TGO,2009,"Interest rate spread (lending rate minus deposit rate, %)",FR.INR.LNDP,-3.60166666666667
Togo,TGO,2008,"Interest rate spread (lending rate minus deposit rate, %)",FR.INR.LNDP,-3.14
Togo,TGO,2007,"Interest rate spread (lending rate minus deposit rate, %)",FR.INR.LNDP,-3.06166666666666
Togo,TGO,2006,"Interest rate spread (lending rate minus deposit rate, %)",FR.INR.LNDP,-3.085
Togo,TGO,2005,"Interest rate spread (lending rate minus deposit rate, %)",FR.INR.LNDP,1.14833333333333
Togo,TGO,2017,Real interest rate (%),FR.INR.RINR,6.07874548496913
Togo,TGO,2016,Real interest rate (%),FR.INR.RINR,3.7821011098979
Togo,TGO,2015,Real interest rate (%),FR.INR.RINR,2.88784451700844
Togo,TGO,2014,Real interest rate (%),FR.INR.RINR,4.83525434310555
Togo,TGO,2013,Real interest rate (%),FR.INR.RINR,3.54455938863147
Togo,TGO,2012,Real interest rate (%),FR.INR.RINR,3.23219798176617
Togo,TGO,2011,Real interest rate (%),FR.INR.RINR,2.36951099141712
Togo,TGO,2010,Real interest rate (%),FR.INR.RINR,5.21153356115651
Togo,TGO,2009,Real interest rate (%),FR.INR.RINR,1.80403415073159
Togo,TGO,2008,Real interest rate (%),FR.INR.RINR,-3.74977060261766
Togo,TGO,2007,Real interest rate (%),FR.INR.RINR,-0.202093974195724
Togo,TGO,2006,Real interest rate (%),FR.INR.RINR,5.27225318226631
Togo,TGO,2005,Real interest rate (%),FR.INR.RINR,2.71985273405614
Togo,TGO,2023,"Claims on central government, etc. (% GDP)",FS.AST.CGOV.GD.ZS,3.90750058418015
Togo,TGO,2022,"Claims on central government, etc. (% GDP)",FS.AST.CGOV.GD.ZS,3.64620492785221
Togo,TGO,2021,"Claims on central government, etc. (% GDP)",FS.AST.CGOV.GD.ZS,0.190878046186471
Togo,TGO,2020,"Claims on central government, etc. (% GDP)",FS.AST.CGOV.GD.ZS,0.364279964455922
Togo,TGO,2019,"Claims on central government, etc. (% GDP)",FS.AST.CGOV.GD.ZS,1.09374526875107
Togo,TGO,2018,"Claims on central government, etc. (% GDP)",FS.AST.CGOV.GD.ZS,5.35781368947854
Togo,TGO,2017,"Claims on central government, etc. (% GDP)",FS.AST.CGOV.GD.ZS,4.48927023767155
Togo,TGO,2016,"Claims on central government, etc. (% GDP)",FS.AST.CGOV.GD.ZS,0.895312084406903
Togo,TGO,2015,"Claims on central government, etc. (% GDP)",FS.AST.CGOV.GD.ZS,1.79116673357679
Togo,TGO,2014,"Claims on central government, etc. (% GDP)",FS.AST.CGOV.GD.ZS,2.6263155729345
Togo,TGO,2013,"Claims on central government, etc. (% GDP)",FS.AST.CGOV.GD.ZS,2.32574776981457
Togo,TGO,2012,"Claims on central government, etc. (% GDP)",FS.AST.CGOV.GD.ZS,3.8282483680431
Togo,TGO,2011,"Claims on central government, etc. (% GDP)",FS.AST.CGOV.GD.ZS,3.25663574116098
Togo,TGO,2010,"Claims on central government, etc. (% GDP)",FS.AST.CGOV.GD.ZS,3.35544748224229
Togo,TGO,2009,"Claims on central government, etc. (% GDP)",FS.AST.CGOV.GD.ZS,1.00688534031866
Togo,TGO,2008,"Claims on central government, etc. (% GDP)",FS.AST.CGOV.GD.ZS,0.107883665347212
Togo,TGO,2007,"Claims on central government, etc. (% GDP)",FS.AST.CGOV.GD.ZS,-0.766026711077878
Togo,TGO,2006,"Claims on central government, etc. (% GDP)",FS.AST.CGOV.GD.ZS,0.146546071038637
Togo,TGO,2005,"Claims on central government, etc. (% GDP)",FS.AST.CGOV.GD.ZS,0.189176916015241
Togo,TGO,2004,"Claims on central government, etc. (% GDP)",FS.AST.CGOV.GD.ZS,0.494246545720262
Togo,TGO,2003,"Claims on central government, etc. (% GDP)",FS.AST.CGOV.GD.ZS,0.947404060663094
Togo,TGO,2002,"Claims on central government, etc. (% GDP)",FS.AST.CGOV.GD.ZS,2.10617074682128
Togo,TGO,2001,"Claims on central government, etc. (% GDP)",FS.AST.CGOV.GD.ZS,3.23428251927396
Togo,TGO,2000,"Claims on central government, etc. (% GDP)",FS.AST.CGOV.GD.ZS,3.90376723605326
Togo,TGO,1999,"Claims on central government, etc. (% GDP)",FS.AST.CGOV.GD.ZS,4.31483116112668
Togo,TGO,1998,"Claims on central government, etc. (% GDP)",FS.AST.CGOV.GD.ZS,4.47020369676994
Togo,TGO,1997,"Claims on central government, etc. (% GDP)",FS.AST.CGOV.GD.ZS,3.6176768118871
Togo,TGO,1996,"Claims on central government, etc. (% GDP)",FS.AST.CGOV.GD.ZS,4.34140932298979
Togo,TGO,1995,"Claims on central government, etc. (% GDP)",FS.AST.CGOV.GD.ZS,4.14719451759528
Togo,TGO,1994,"Claims on central government, etc. (% GDP)",FS.AST.CGOV.GD.ZS,1.79683848406255
Togo,TGO,1993,"Claims on central government, etc. (% GDP)",FS.AST.CGOV.GD.ZS,-1.57714043080586
Togo,TGO,1992,"Claims on central government, etc. (% GDP)",FS.AST.CGOV.GD.ZS,-2.87853971549043
Togo,TGO,1991,"Claims on central government, etc. (% GDP)",FS.AST.CGOV.GD.ZS,-1.71503556668088
Togo,TGO,1990,"Claims on central government, etc. (% GDP)",FS.AST.CGOV.GD.ZS,-1.10063927972752
Togo,TGO,1989,"Claims on central government, etc. (% GDP)",FS.AST.CGOV.GD.ZS,-2.79272513346919
Togo,TGO,1988,"Claims on central government, etc. (% GDP)",FS.AST.CGOV.GD.ZS,0.780623164924121
Togo,TGO,1987,"Claims on central government, etc. (% GDP)",FS.AST.CGOV.GD.ZS,0.603557660870352
Togo,TGO,1986,"Claims on central government, etc. (% GDP)",FS.AST.CGOV.GD.ZS,1.51271402063023
Togo,TGO,1985,"Claims on central government, etc. (% GDP)",FS.AST.CGOV.GD.ZS,-1.01916864708533
Togo,TGO,1984,"Claims on central government, etc. (% GDP)",FS.AST.CGOV.GD.ZS,0.16834090945511
Togo,TGO,1983,"Claims on central government, etc. (% GDP)",FS.AST.CGOV.GD.ZS,2.42113206404021
Togo,TGO,1982,"Claims on central government, etc. (% GDP)",FS.AST.CGOV.GD.ZS,3.34571217351121
Togo,TGO,1981,"Claims on central government, etc. (% GDP)",FS.AST.CGOV.GD.ZS,3.88095758429615
Togo,TGO,1980,"Claims on central government, etc. (% GDP)",FS.AST.CGOV.GD.ZS,1.33601035025052
Togo,TGO,1979,"Claims on central government, etc. (% GDP)",FS.AST.CGOV.GD.ZS,1.47744813597071
Togo,TGO,1978,"Claims on central government, etc. (% GDP)",FS.AST.CGOV.GD.ZS,2.35162700967148
Togo,TGO,1977,"Claims on central government, etc. (% GDP)",FS.AST.CGOV.GD.ZS,0.686612000007811
Togo,TGO,1976,"Claims on central government, etc. (% GDP)",FS.AST.CGOV.GD.ZS,0.554530587650849
Togo,TGO,1975,"Claims on central government, etc. (% GDP)",FS.AST.CGOV.GD.ZS,0.748792799802584
Togo,TGO,1974,"Claims on central government, etc. (% GDP)",FS.AST.CGOV.GD.ZS,-1.30389742063709
Togo,TGO,1973,"Claims on central government, etc. (% GDP)",FS.AST.CGOV.GD.ZS,-1.44827519488751
Togo,TGO,1972,"Claims on central government, etc. (% GDP)",FS.AST.CGOV.GD.ZS,-1.89918714990236
Togo,TGO,1971,"Claims on central government, etc. (% GDP)",FS.AST.CGOV.GD.ZS,-3.27492082948183
Togo,TGO,1970,"Claims on central government, etc. (% GDP)",FS.AST.CGOV.GD.ZS,-4.78310982957266
Togo,TGO,1969,"Claims on central government, etc. (% GDP)",FS.AST.CGOV.GD.ZS,-2.73926989822638
Togo,TGO,1968,"Claims on central government, etc. (% GDP)",FS.AST.CGOV.GD.ZS,-3.11393317690701
Togo,TGO,1967,"Claims on central government, etc. (% GDP)",FS.AST.CGOV.GD.ZS,-3.04737893593568
Togo,TGO,1966,"Claims on central government, etc. (% GDP)",FS.AST.CGOV.GD.ZS,-2.66709914836801
Togo,TGO,1965,"Claims on central government, etc. (% GDP)",FS.AST.CGOV.GD.ZS,-2.71829823295674
Togo,TGO,1964,"Claims on central government, etc. (% GDP)",FS.AST.CGOV.GD.ZS,-3.45358163542543
Togo,TGO,1963,"Claims on central government, etc. (% GDP)",FS.AST.CGOV.GD.ZS,-3.63135714029786
Togo,TGO,1962,"Claims on central government, etc. (% GDP)",FS.AST.CGOV.GD.ZS,-3.95582611670982
Togo,TGO,2023,Domestic credit to private sector (% of GDP),FS.AST.PRVT.GD.ZS,27.8760455711926
Togo,TGO,2022,Domestic credit to private sector (% of GDP),FS.AST.PRVT.GD.ZS,28.1263423031561
Togo,TGO,2021,Domestic credit to private sector (% of GDP),FS.AST.PRVT.GD.ZS,26.8421760454212
Togo,TGO,2020,Domestic credit to private sector (% of GDP),FS.AST.PRVT.GD.ZS,27.2051293652776
Togo,TGO,2019,Domestic credit to private sector (% of GDP),FS.AST.PRVT.GD.ZS,27.5931294840497
Togo,TGO,2018,Domestic credit to private sector (% of GDP),FS.AST.PRVT.GD.ZS,27.8058964976693
Togo,TGO,2017,Domestic credit to private sector (% of GDP),FS.AST.PRVT.GD.ZS,29.6398848822813
Togo,TGO,2016,Domestic credit to private sector (% of GDP),FS.AST.PRVT.GD.ZS,30.4170887194541
Togo,TGO,2015,Domestic credit to private sector (% of GDP),FS.AST.PRVT.GD.ZS,29.1751104089196
Togo,TGO,2014,Domestic credit to private sector (% of GDP),FS.AST.PRVT.GD.ZS,25.475408179311
Togo,TGO,2013,Domestic credit to private sector (% of GDP),FS.AST.PRVT.GD.ZS,27.2475423058308
Togo,TGO,2012,Domestic credit to private sector (% of GDP),FS.AST.PRVT.GD.ZS,21.8767784570517
Togo,TGO,2011,Domestic credit to private sector (% of GDP),FS.AST.PRVT.GD.ZS,20.0860923893868
Togo,TGO,2010,Domestic credit to private sector (% of GDP),FS.AST.PRVT.GD.ZS,15.7145081705152
Togo,TGO,2009,Domestic credit to private sector (% of GDP),FS.AST.PRVT.GD.ZS,14.1762290067254
Togo,TGO,2008,Domestic credit to private sector (% of GDP),FS.AST.PRVT.GD.ZS,13.6233080905797
Togo,TGO,2007,Domestic credit to private sector (% of GDP),FS.AST.PRVT.GD.ZS,16.1657256645048
Togo,TGO,2006,Domestic credit to private sector (% of GDP),FS.AST.PRVT.GD.ZS,11.2450790180935
Togo,TGO,2005,Domestic credit to private sector (% of GDP),FS.AST.PRVT.GD.ZS,10.1595456203719
Togo,TGO,2004,Domestic credit to private sector (% of GDP),FS.AST.PRVT.GD.ZS,9.35311537922592
Togo,TGO,2003,Domestic credit to private sector (% of GDP),FS.AST.PRVT.GD.ZS,10.0516013681337
Togo,TGO,2002,Domestic credit to private sector (% of GDP),FS.AST.PRVT.GD.ZS,8.12424446618506
Togo,TGO,2001,Domestic credit to private sector (% of GDP),FS.AST.PRVT.GD.ZS,9.0881127482392
Togo,TGO,2000,Domestic credit to private sector (% of GDP),FS.AST.PRVT.GD.ZS,9.88050671161128
Togo,TGO,1999,Domestic credit to private sector (% of GDP),FS.AST.PRVT.GD.ZS,10.7130337702014
Togo,TGO,1998,Domestic credit to private sector (% of GDP),FS.AST.PRVT.GD.ZS,12.2801014155987
Togo,TGO,1997,Domestic credit to private sector (% of GDP),FS.AST.PRVT.GD.ZS,12.5826958406699
Togo,TGO,1996,Domestic credit to private sector (% of GDP),FS.AST.PRVT.GD.ZS,13.3103536016883
Togo,TGO,1995,Domestic credit to private sector (% of GDP),FS.AST.PRVT.GD.ZS,14.2193024301692
Togo,TGO,1994,Domestic credit to private sector (% of GDP),FS.AST.PRVT.GD.ZS,13.3031595076341
Togo,TGO,1993,Domestic credit to private sector (% of GDP),FS.AST.PRVT.GD.ZS,20.9411600682877
Togo,TGO,1992,Domestic credit to private sector (% of GDP),FS.AST.PRVT.GD.ZS,17.7148843121915
Togo,TGO,1991,Domestic credit to private sector (% of GDP),FS.AST.PRVT.GD.ZS,17.6028557338869
Togo,TGO,1990,Domestic credit to private sector (% of GDP),FS.AST.PRVT.GD.ZS,15.9838895181708
Togo,TGO,1989,Domestic credit to private sector (% of GDP),FS.AST.PRVT.GD.ZS,15.9981990761686
Togo,TGO,1988,Domestic credit to private sector (% of GDP),FS.AST.PRVT.GD.ZS,17.255989385874
Togo,TGO,1987,Domestic credit to private sector (% of GDP),FS.AST.PRVT.GD.ZS,18.1892740747579
Togo,TGO,1986,Domestic credit to private sector (% of GDP),FS.AST.PRVT.GD.ZS,17.6159311852025
Togo,TGO,1985,Domestic credit to private sector (% of GDP),FS.AST.PRVT.GD.ZS,14.7505614924226
Togo,TGO,1984,Domestic credit to private sector (% of GDP),FS.AST.PRVT.GD.ZS,16.3168826821449
Togo,TGO,1983,Domestic credit to private sector (% of GDP),FS.AST.PRVT.GD.ZS,16.8074177362774
Togo,TGO,1982,Domestic credit to private sector (% of GDP),FS.AST.PRVT.GD.ZS,18.673778958864
Togo,TGO,1981,Domestic credit to private sector (% of GDP),FS.AST.PRVT.GD.ZS,17.1910823498603
Togo,TGO,1980,Domestic credit to private sector (% of GDP),FS.AST.PRVT.GD.ZS,19.4432270089207
Togo,TGO,1979,Domestic credit to private sector (% of GDP),FS.AST.PRVT.GD.ZS,21.7268491041373
Togo,TGO,1978,Domestic credit to private sector (% of GDP),FS.AST.PRVT.GD.ZS,19.4187208810609
Togo,TGO,1977,Domestic credit to private sector (% of GDP),FS.AST.PRVT.GD.ZS,16.3978665012665
Togo,TGO,1976,Domestic credit to private sector (% of GDP),FS.AST.PRVT.GD.ZS,15.3354740253538
Togo,TGO,1975,Domestic credit to private sector (% of GDP),FS.AST.PRVT.GD.ZS,13.1881734003829
Togo,TGO,1974,Domestic credit to private sector (% of GDP),FS.AST.PRVT.GD.ZS,8.53307426323531
Togo,TGO,1973,Domestic credit to private sector (% of GDP),FS.AST.PRVT.GD.ZS,10.4232045326605
Togo,TGO,1972,Domestic credit to private sector (% of GDP),FS.AST.PRVT.GD.ZS,8.52918336602248
Togo,TGO,1971,Domestic credit to private sector (% of GDP),FS.AST.PRVT.GD.ZS,8.467765970447
Togo,TGO,1970,Domestic credit to private sector (% of GDP),FS.AST.PRVT.GD.ZS,8.44796170708825
Togo,TGO,1969,Domestic credit to private sector (% of GDP),FS.AST.PRVT.GD.ZS,6.47987296902532
Togo,TGO,1968,Domestic credit to private sector (% of GDP),FS.AST.PRVT.GD.ZS,7.05396122645463
Togo,TGO,1967,Domestic credit to private sector (% of GDP),FS.AST.PRVT.GD.ZS,5.36676600213704
Togo,TGO,1966,Domestic credit to private sector (% of GDP),FS.AST.PRVT.GD.ZS,4.92079792873898
Togo,TGO,1965,Domestic credit to private sector (% of GDP),FS.AST.PRVT.GD.ZS,4.84418640833381
Togo,TGO,1964,Domestic credit to private sector (% of GDP),FS.AST.PRVT.GD.ZS,7.67269270137337
Togo,TGO,1963,Domestic credit to private sector (% of GDP),FS.AST.PRVT.GD.ZS,8.00915991499028
Togo,TGO,1962,Domestic credit to private sector (% of GDP),FS.AST.PRVT.GD.ZS,7.84608605468964
Togo,TGO,2021,"Account ownership at a financial institution or with a mobile-money-service provider, poorest 40% (% of population ages 15+)",FX.OWN.TOTL.40.ZS,39.04
Togo,TGO,2017,"Account ownership at a financial institution or with a mobile-money-service provider, poorest 40% (% of population ages 15+)",FX.OWN.TOTL.40.ZS,34.74
Togo,TGO,2014,"Account ownership at a financial institution or with a mobile-money-service provider, poorest 40% (% of population ages 15+)",FX.OWN.TOTL.40.ZS,8.14
Togo,TGO,2011,"Account ownership at a financial institution or with a mobile-money-service provider, poorest 40% (% of population ages 15+)",FX.OWN.TOTL.40.ZS,5.95
Togo,TGO,2021,"Account ownership at a financial institution or with a mobile-money-service provider, richest 60% (% of population ages 15+)",FX.OWN.TOTL.60.ZS,56.58
Togo,TGO,2017,"Account ownership at a financial institution or with a mobile-money-service provider, richest 60% (% of population ages 15+)",FX.OWN.TOTL.60.ZS,52.31
Togo,TGO,2014,"Account ownership at a financial institution or with a mobile-money-service provider, richest 60% (% of population ages 15+)",FX.OWN.TOTL.60.ZS,24.97
Togo,TGO,2011,"Account ownership at a financial institution or with a mobile-money-service provider, richest 60% (% of population ages 15+)",FX.OWN.TOTL.60.ZS,13
Togo,TGO,2021,"Account ownership at a financial institution or with a mobile-money-service provider, female (% of population ages 15+)",FX.OWN.TOTL.FE.ZS,44.3
Togo,TGO,2017,"Account ownership at a financial institution or with a mobile-money-service provider, female (% of population ages 15+)",FX.OWN.TOTL.FE.ZS,37.59
Togo,TGO,2014,"Account ownership at a financial institution or with a mobile-money-service provider, female (% of population ages 15+)",FX.OWN.TOTL.FE.ZS,15.11
Togo,TGO,2011,"Account ownership at a financial institution or with a mobile-money-service provider, female (% of population ages 15+)",FX.OWN.TOTL.FE.ZS,9.22
Togo,TGO,2021,"Account ownership at a financial institution or with a mobile-money-service provider, male (% of population ages 15+)",FX.OWN.TOTL.MA.ZS,55.22
Togo,TGO,2017,"Account ownership at a financial institution or with a mobile-money-service provider, male (% of population ages 15+)",FX.OWN.TOTL.MA.ZS,53.05
Togo,TGO,2014,"Account ownership at a financial institution or with a mobile-money-service provider, male (% of population ages 15+)",FX.OWN.TOTL.MA.ZS,21.49
Togo,TGO,2011,"Account ownership at a financial institution or with a mobile-money-service provider, male (% of population ages 15+)",FX.OWN.TOTL.MA.ZS,11.19
Togo,TGO,2021,"Account ownership at a financial institution or with a mobile-money-service provider, older adults (% of population ages 25+)",FX.OWN.TOTL.OL.ZS,52.9
Togo,TGO,2017,"Account ownership at a financial institution or with a mobile-money-service provider, older adults (% of population ages 25+)",FX.OWN.TOTL.OL.ZS,45.76
Togo,TGO,2014,"Account ownership at a financial institution or with a mobile-money-service provider, older adults (% of population ages 25+)",FX.OWN.TOTL.OL.ZS,21.18
Togo,TGO,2011,"Account ownership at a financial institution or with a mobile-money-service provider, older adults (% of population ages 25+)",FX.OWN.TOTL.OL.ZS,11.87
Togo,TGO,2021,"Account ownership at a financial institution or with a mobile-money-service provider, primary education or less (% of population ages 15+)",FX.OWN.TOTL.PL.ZS,42.28
Togo,TGO,2017,"Account ownership at a financial institution or with a mobile-money-service provider, primary education or less (% of population ages 15+)",FX.OWN.TOTL.PL.ZS,38.36
Togo,TGO,2014,"Account ownership at a financial institution or with a mobile-money-service provider, primary education or less (% of population ages 15+)",FX.OWN.TOTL.PL.ZS,12.85
Togo,TGO,2011,"Account ownership at a financial institution or with a mobile-money-service provider, primary education or less (% of population ages 15+)",FX.OWN.TOTL.PL.ZS,6.46
Togo,TGO,2021,"Account ownership at a financial institution or with a mobile-money-service provider, secondary education or more (% of population ages 15+)",FX.OWN.TOTL.SO.ZS,61.91
Togo,TGO,2017,"Account ownership at a financial institution or with a mobile-money-service provider, secondary education or more (% of population ages 15+)",FX.OWN.TOTL.SO.ZS,56.1
Togo,TGO,2014,"Account ownership at a financial institution or with a mobile-money-service provider, secondary education or more (% of population ages 15+)",FX.OWN.TOTL.SO.ZS,32.75
Togo,TGO,2011,"Account ownership at a financial institution or with a mobile-money-service provider, secondary education or more (% of population ages 15+)",FX.OWN.TOTL.SO.ZS,20.38
Togo,TGO,2021,"Account ownership at a financial institution or with a mobile-money-service provider, young adults (% of population ages 15-24)",FX.OWN.TOTL.YG.ZS,42.34
Togo,TGO,2017,"Account ownership at a financial institution or with a mobile-money-service provider, young adults (% of population ages 15-24)",FX.OWN.TOTL.YG.ZS,43.88
Togo,TGO,2014,"Account ownership at a financial institution or with a mobile-money-service provider, young adults (% of population ages 15-24)",FX.OWN.TOTL.YG.ZS,12.29
Togo,TGO,2011,"Account ownership at a financial institution or with a mobile-money-service provider, young adults (% of population ages 15-24)",FX.OWN.TOTL.YG.ZS,6.81
Togo,TGO,2021,Account ownership at a financial institution or with a mobile-money-service provider (% of population ages 15+),FX.OWN.TOTL.ZS,49.61
Togo,TGO,2017,Account ownership at a financial institution or with a mobile-money-service provider (% of population ages 15+),FX.OWN.TOTL.ZS,45.29
Togo,TGO,2014,Account ownership at a financial institution or with a mobile-money-service provider (% of population ages 15+),FX.OWN.TOTL.ZS,18.25
Togo,TGO,2011,Account ownership at a financial institution or with a mobile-money-service provider (% of population ages 15+),FX.OWN.TOTL.ZS,10.19
Togo,TGO,2019,Depth of credit information index (0=low to 8=high),IC.CRD.INFO.XQ,8
Togo,TGO,2018,Depth of credit information index (0=low to 8=high),IC.CRD.INFO.XQ,0
Togo,TGO,2017,Depth of credit information index (0=low to 8=high),IC.CRD.INFO.XQ,0
Togo,TGO,2016,Depth of credit information index (0=low to 8=high),IC.CRD.INFO.XQ,0
Togo,TGO,2015,Depth of credit information index (0=low to 8=high),IC.CRD.INFO.XQ,0
Togo,TGO,2014,Depth of credit information index (0=low to 8=high),IC.CRD.INFO.XQ,0
Togo,TGO,2013,Depth of credit information index (0=low to 8=high),IC.CRD.INFO.XQ,0
Togo,TGO,2019,Private credit bureau coverage (% of adults),IC.CRD.PRVT.ZS,13.6
Togo,TGO,2018,Private credit bureau coverage (% of adults),IC.CRD.PRVT.ZS,0.4
Togo,TGO,2017,Private credit bureau coverage (% of adults),IC.CRD.PRVT.ZS,0
Togo,TGO,2016,Private credit bureau coverage (% of adults),IC.CRD.PRVT.ZS,0
Togo,TGO,2015,Private credit bureau coverage (% of adults),IC.CRD.PRVT.ZS,0
Togo,TGO,2014,Private credit bureau coverage (% of adults),IC.CRD.PRVT.ZS,0
Togo,TGO,2013,Private credit bureau coverage (% of adults),IC.CRD.PRVT.ZS,0
Togo,TGO,2012,Private credit bureau coverage (% of adults),IC.CRD.PRVT.ZS,0
Togo,TGO,2011,Private credit bureau coverage (% of adults),IC.CRD.PRVT.ZS,0
Togo,TGO,2010,Private credit bureau coverage (% of adults),IC.CRD.PRVT.ZS,0
Togo,TGO,2009,Private credit bureau coverage (% of adults),IC.CRD.PRVT.ZS,0
Togo,TGO,2008,Private credit bureau coverage (% of adults),IC.CRD.PRVT.ZS,0
Togo,TGO,2007,Private credit bureau coverage (% of adults),IC.CRD.PRVT.ZS,0
Togo,TGO,2006,Private credit bureau coverage (% of adults),IC.CRD.PRVT.ZS,0
Togo,TGO,2005,Private credit bureau coverage (% of adults),IC.CRD.PRVT.ZS,0
Togo,TGO,2004,Private credit bureau coverage (% of adults),IC.CRD.PRVT.ZS,0
Togo,TGO,2019,Public credit registry coverage (% of adults),IC.CRD.PUBL.ZS,0
Togo,TGO,2018,Public credit registry coverage (% of adults),IC.CRD.PUBL.ZS,0.6
Togo,TGO,2017,Public credit registry coverage (% of adults),IC.CRD.PUBL.ZS,0.6
Togo,TGO,2016,Public credit registry coverage (% of adults),IC.CRD.PUBL.ZS,0.5
Togo,TGO,2015,Public credit registry coverage (% of adults),IC.CRD.PUBL.ZS,0.5
Togo,TGO,2014,Public credit registry coverage (% of adults),IC.CRD.PUBL.ZS,3
Togo,TGO,2013,Public credit registry coverage (% of adults),IC.CRD.PUBL.ZS,3.1
Togo,TGO,2012,Public credit registry coverage (% of adults),IC.CRD.PUBL.ZS,2.8
Togo,TGO,2011,Public credit registry coverage (% of adults),IC.CRD.PUBL.ZS,2.5
Togo,TGO,2010,Public credit registry coverage (% of adults),IC.CRD.PUBL.ZS,2.5
Togo,TGO,2009,Public credit registry coverage (% of adults),IC.CRD.PUBL.ZS,2.7
Togo,TGO,2008,Public credit registry coverage (% of adults),IC.CRD.PUBL.ZS,2.6
Togo,TGO,2007,Public credit registry coverage (% of adults),IC.CRD.PUBL.ZS,2.7
Togo,TGO,2006,Public credit registry coverage (% of adults),IC.CRD.PUBL.ZS,3.6
Togo,TGO,2005,Public credit registry coverage (% of adults),IC.CRD.PUBL.ZS,3.5
Togo,TGO,2004,Public credit registry coverage (% of adults),IC.CRD.PUBL.ZS,0.3
Togo,TGO,2019,Strength of legal rights index (0=weak to 12=strong),IC.LGL.CRED.XQ,6
Togo,TGO,2018,Strength of legal rights index (0=weak to 12=strong),IC.LGL.CRED.XQ,6
Togo,TGO,2017,Strength of legal rights index (0=weak to 12=strong),IC.LGL.CRED.XQ,6
Togo,TGO,2016,Strength of legal rights index (0=weak to 12=strong),IC.LGL.CRED.XQ,6
Togo,TGO,2015,Strength of legal rights index (0=weak to 12=strong),IC.LGL.CRED.XQ,6
Togo,TGO,2014,Strength of legal rights index (0=weak to 12=strong),IC.LGL.CRED.XQ,6
Togo,TGO,2013,Strength of legal rights index (0=weak to 12=strong),IC.LGL.CRED.XQ,6
Togo,TGO,2023,"Inflation, GDP deflator: linked series (annual %)",NY.GDP.DEFL.KD.ZG.AD,2.59456529883668
Togo,TGO,2022,"Inflation, GDP deflator: linked series (annual %)",NY.GDP.DEFL.KD.ZG.AD,4.15581315078867
Togo,TGO,2021,"Inflation, GDP deflator: linked series (annual %)",NY.GDP.DEFL.KD.ZG.AD,2.46636746396649
Togo,TGO,2020,"Inflation, GDP deflator: linked series (annual %)",NY.GDP.DEFL.KD.ZG.AD,1.93311361980237
Togo,TGO,2019,"Inflation, GDP deflator: linked series (annual %)",NY.GDP.DEFL.KD.ZG.AD,0.01194354395939
Togo,TGO,2018,"Inflation, GDP deflator: linked series (annual %)",NY.GDP.DEFL.KD.ZG.AD,0.454262222511389
Togo,TGO,2017,"Inflation, GDP deflator: linked series (annual %)",NY.GDP.DEFL.KD.ZG.AD,-0.88495153357762
Togo,TGO,2016,"Inflation, GDP deflator: linked series (annual %)",NY.GDP.DEFL.KD.ZG.AD,1.45776475319192
Togo,TGO,2015,"Inflation, GDP deflator: linked series (annual %)",NY.GDP.DEFL.KD.ZG.AD,2.20271127293718
Togo,TGO,2014,"Inflation, GDP deflator: linked series (annual %)",NY.GDP.DEFL.KD.ZG.AD,0.47987577593058
Togo,TGO,2013,"Inflation, GDP deflator: linked series (annual %)",NY.GDP.DEFL.KD.ZG.AD,1.68327589750687
Togo,TGO,2012,"Inflation, GDP deflator: linked series (annual %)",NY.GDP.DEFL.KD.ZG.AD,1.75039253278291
Togo,TGO,2011,"Inflation, GDP deflator: linked series (annual %)",NY.GDP.DEFL.KD.ZG.AD,2.81959506038038
Togo,TGO,2010,"Inflation, GDP deflator: linked series (annual %)",NY.GDP.DEFL.KD.ZG.AD,-0.0933359913113492
Togo,TGO,2009,"Inflation, GDP deflator: linked series (annual %)",NY.GDP.DEFL.KD.ZG.AD,3.11722995629992
Togo,TGO,2008,"Inflation, GDP deflator: linked series (annual %)",NY.GDP.DEFL.KD.ZG.AD,9.07419891252941
Togo,TGO,2007,"Inflation, GDP deflator: linked series (annual %)",NY.GDP.DEFL.KD.ZG.AD,4.96379216572092
Togo,TGO,2006,"Inflation, GDP deflator: linked series (annual %)",NY.GDP.DEFL.KD.ZG.AD,-0.508763230014978
Togo,TGO,2005,"Inflation, GDP deflator: linked series (annual %)",NY.GDP.DEFL.KD.ZG.AD,5.87615776173713
Togo,TGO,2004,"Inflation, GDP deflator: linked series (annual %)",NY.GDP.DEFL.KD.ZG.AD,-1.90788896753278
Togo,TGO,2003,"Inflation, GDP deflator: linked series (annual %)",NY.GDP.DEFL.KD.ZG.AD,-2.89310698945199
Togo,TGO,2002,"Inflation, GDP deflator: linked series (annual %)",NY.GDP.DEFL.KD.ZG.AD,5.02785556551302
Togo,TGO,2001,"Inflation, GDP deflator: linked series (annual %)",NY.GDP.DEFL.KD.ZG.AD,1.63405347606209
Togo,TGO,2000,"Inflation, GDP deflator: linked series (annual %)",NY.GDP.DEFL.KD.ZG.AD,10.0494567384089
Togo,TGO,1999,"Inflation, GDP deflator: linked series (annual %)",NY.GDP.DEFL.KD.ZG.AD,1.11512720227407
Togo,TGO,1998,"Inflation, GDP deflator: linked series (annual %)",NY.GDP.DEFL.KD.ZG.AD,9.55663246997548
Togo,TGO,1997,"Inflation, GDP deflator: linked series (annual %)",NY.GDP.DEFL.KD.ZG.AD,2.03603454142922
Togo,TGO,1996,"Inflation, GDP deflator: linked series (annual %)",NY.GDP.DEFL.KD.ZG.AD,5.38792780753117
Togo,TGO,1995,"Inflation, GDP deflator: linked series (annual %)",NY.GDP.DEFL.KD.ZG.AD,11.0842103603619
Togo,TGO,1994,"Inflation, GDP deflator: linked series (annual %)",NY.GDP.DEFL.KD.ZG.AD,35.8423813570772
Togo,TGO,1993,"Inflation, GDP deflator: linked series (annual %)",NY.GDP.DEFL.KD.ZG.AD,-8.19677350246248
Togo,TGO,1992,"Inflation, GDP deflator: linked series (annual %)",NY.GDP.DEFL.KD.ZG.AD,3.24543460641284
Togo,TGO,1991,"Inflation, GDP deflator: linked series (annual %)",NY.GDP.DEFL.KD.ZG.AD,2.67109282660552
Togo,TGO,1990,"Inflation, GDP deflator: linked series (annual %)",NY.GDP.DEFL.KD.ZG.AD,2.97594444265989
Togo,TGO,2023,GDP deflator: linked series (base year varies by country),NY.GDP.DEFL.ZS.AD,111.138449380197
Togo,TGO,2022,GDP deflator: linked series (base year varies by country),NY.GDP.DEFL.ZS.AD,108.327813521577
Togo,TGO,2021,GDP deflator: linked series (base year varies by country),NY.GDP.DEFL.ZS.AD,104.005537707961
Togo,TGO,2020,GDP deflator: linked series (base year varies by country),NY.GDP.DEFL.ZS.AD,101.502122386193
Togo,TGO,2019,GDP deflator: linked series (base year varies by country),NY.GDP.DEFL.ZS.AD,99.5771823126909
Togo,TGO,2018,GDP deflator: linked series (base year varies by country),NY.GDP.DEFL.ZS.AD,99.5652906884292
Togo,TGO,2017,GDP deflator: linked series (base year varies by country),NY.GDP.DEFL.ZS.AD,99.1150484664224
Togo,TGO,2016,GDP deflator: linked series (base year varies by country),NY.GDP.DEFL.ZS.AD,100
Togo,TGO,2015,GDP deflator: linked series (base year varies by country),NY.GDP.DEFL.ZS.AD,98.5631806922436
Togo,TGO,2014,GDP deflator: linked series (base year varies by country),NY.GDP.DEFL.ZS.AD,96.4389099512497
Togo,TGO,2013,GDP deflator: linked series (base year varies by country),NY.GDP.DEFL.ZS.AD,95.9783331801761
Togo,TGO,2012,GDP deflator: linked series (base year varies by country),NY.GDP.DEFL.ZS.AD,94.3894975186665
Togo,TGO,2011,GDP deflator: linked series (base year varies by country),NY.GDP.DEFL.ZS.AD,92.7657330543027
Togo,TGO,2010,GDP deflator: linked series (base year varies by country),NY.GDP.DEFL.ZS.AD,90.2218424414397
Togo,TGO,2009,GDP deflator: linked series (base year varies by country),NY.GDP.DEFL.ZS.AD,90.3061305636161
Togo,TGO,2008,GDP deflator: linked series (base year varies by country),NY.GDP.DEFL.ZS.AD,87.5761796567722
Togo,TGO,2007,GDP deflator: linked series (base year varies by country),NY.GDP.DEFL.ZS.AD,80.2904633083785
Togo,TGO,2006,GDP deflator: linked series (base year varies by country),NY.GDP.DEFL.ZS.AD,76.4934856599053
Togo,TGO,2005,GDP deflator: linked series (base year varies by country),NY.GDP.DEFL.ZS.AD,76.8846464706751
Togo,TGO,2004,GDP deflator: linked series (base year varies by country),NY.GDP.DEFL.ZS.AD,72.617526075791
Togo,TGO,2003,GDP deflator: linked series (base year varies by country),NY.GDP.DEFL.ZS.AD,74.0299350390732
Togo,TGO,2002,GDP deflator: linked series (base year varies by country),NY.GDP.DEFL.ZS.AD,76.2355099045665
Togo,TGO,2001,GDP deflator: linked series (base year varies by country),NY.GDP.DEFL.ZS.AD,72.5859911107232
Togo,TGO,2000,GDP deflator: linked series (base year varies by country),NY.GDP.DEFL.ZS.AD,71.418966997926
Togo,TGO,1999,GDP deflator: linked series (base year varies by country),NY.GDP.DEFL.ZS.AD,64.8971554377512
Togo,TGO,1998,GDP deflator: linked series (base year varies by country),NY.GDP.DEFL.ZS.AD,64.1814506230396
Togo,TGO,1997,GDP deflator: linked series (base year varies by country),NY.GDP.DEFL.ZS.AD,58.5828983385637
Togo,TGO,1996,GDP deflator: linked series (base year varies by country),NY.GDP.DEFL.ZS.AD,57.4139308743692
Togo,TGO,1995,GDP deflator: linked series (base year varies by country),NY.GDP.DEFL.ZS.AD,54.4786600029025
Togo,TGO,1994,GDP deflator: linked series (base year varies by country),NY.GDP.DEFL.ZS.AD,49.0426675637981
Togo,TGO,1993,GDP deflator: linked series (base year varies by country),NY.GDP.DEFL.ZS.AD,36.1026264953968
Togo,TGO,1992,GDP deflator: linked series (base year varies by country),NY.GDP.DEFL.ZS.AD,39.3260976468678
Togo,TGO,1991,GDP deflator: linked series (base year varies by country),NY.GDP.DEFL.ZS.AD,38.0899143838997
Togo,TGO,1990,GDP deflator: linked series (base year varies by country),NY.GDP.DEFL.ZS.AD,37.0989665496473
Togo,TGO,2023,DEC alternative conversion factor (LCU per US$),PA.NUS.ATLS,606.5697501659
Togo,TGO,2022,DEC alternative conversion factor (LCU per US$),PA.NUS.ATLS,623.759701
Togo,TGO,2021,DEC alternative conversion factor (LCU per US$),PA.NUS.ATLS,554.530675
Togo,TGO,2020,DEC alternative conversion factor (LCU per US$),PA.NUS.ATLS,575.586005
Togo,TGO,2019,DEC alternative conversion factor (LCU per US$),PA.NUS.ATLS,585.911013
Togo,TGO,2018,DEC alternative conversion factor (LCU per US$),PA.NUS.ATLS,555.446458
Togo,TGO,2017,DEC alternative conversion factor (LCU per US$),PA.NUS.ATLS,580.65675
Togo,TGO,2016,DEC alternative conversion factor (LCU per US$),PA.NUS.ATLS,592.605615
Togo,TGO,2015,DEC alternative conversion factor (LCU per US$),PA.NUS.ATLS,591.211698
Togo,TGO,2014,DEC alternative conversion factor (LCU per US$),PA.NUS.ATLS,493.75733
Togo,TGO,2013,DEC alternative conversion factor (LCU per US$),PA.NUS.ATLS,493.899624
Togo,TGO,2012,DEC alternative conversion factor (LCU per US$),PA.NUS.ATLS,510.556338
Togo,TGO,2011,DEC alternative conversion factor (LCU per US$),PA.NUS.ATLS,471.248626
Togo,TGO,2010,DEC alternative conversion factor (LCU per US$),PA.NUS.ATLS,494.794262
Togo,TGO,2009,DEC alternative conversion factor (LCU per US$),PA.NUS.ATLS,470.293423
Togo,TGO,2008,DEC alternative conversion factor (LCU per US$),PA.NUS.ATLS,446.000041
Togo,TGO,2007,DEC alternative conversion factor (LCU per US$),PA.NUS.ATLS,478.633718
Togo,TGO,2006,DEC alternative conversion factor (LCU per US$),PA.NUS.ATLS,522.425625
Togo,TGO,2005,DEC alternative conversion factor (LCU per US$),PA.NUS.ATLS,527.258363
Togo,TGO,2004,DEC alternative conversion factor (LCU per US$),PA.NUS.ATLS,527.338032
Togo,TGO,2003,DEC alternative conversion factor (LCU per US$),PA.NUS.ATLS,579.897426
Togo,TGO,2002,DEC alternative conversion factor (LCU per US$),PA.NUS.ATLS,693.713227
Togo,TGO,2001,DEC alternative conversion factor (LCU per US$),PA.NUS.ATLS,732.397693
Togo,TGO,2000,DEC alternative conversion factor (LCU per US$),PA.NUS.ATLS,710.207977
Togo,TGO,1999,DEC alternative conversion factor (LCU per US$),PA.NUS.ATLS,615.473349
Togo,TGO,1998,DEC alternative conversion factor (LCU per US$),PA.NUS.ATLS,589.951775
Togo,TGO,1997,DEC alternative conversion factor (LCU per US$),PA.NUS.ATLS,583.669372
Togo,TGO,1996,DEC alternative conversion factor (LCU per US$),PA.NUS.ATLS,511.55243
Togo,TGO,1995,DEC alternative conversion factor (LCU per US$),PA.NUS.ATLS,499.148426
Togo,TGO,1994,DEC alternative conversion factor (LCU per US$),PA.NUS.ATLS,555.204696
Togo,TGO,1993,DEC alternative conversion factor (LCU per US$),PA.NUS.ATLS,283.162579
Togo,TGO,1992,DEC alternative conversion factor (LCU per US$),PA.NUS.ATLS,264.691801
Togo,TGO,1991,DEC alternative conversion factor (LCU per US$),PA.NUS.ATLS,282.106909
Togo,TGO,1990,DEC alternative conversion factor (LCU per US$),PA.NUS.ATLS,272.264788
Togo,TGO,1989,DEC alternative conversion factor (LCU per US$),PA.NUS.ATLS,319.008299
Togo,TGO,1988,DEC alternative conversion factor (LCU per US$),PA.NUS.ATLS,297.848219
Togo,TGO,1987,DEC alternative conversion factor (LCU per US$),PA.NUS.ATLS,300.536562
Togo,TGO,1986,DEC alternative conversion factor (LCU per US$),PA.NUS.ATLS,346.305904
Togo,TGO,1985,DEC alternative conversion factor (LCU per US$),PA.NUS.ATLS,449.262963
Togo,TGO,1984,DEC alternative conversion factor (LCU per US$),PA.NUS.ATLS,436.956666
Togo,TGO,1983,DEC alternative conversion factor (LCU per US$),PA.NUS.ATLS,381.066036
Togo,TGO,1982,DEC alternative conversion factor (LCU per US$),PA.NUS.ATLS,328.606253
Togo,TGO,1981,DEC alternative conversion factor (LCU per US$),PA.NUS.ATLS,271.731453
Togo,TGO,1980,DEC alternative conversion factor (LCU per US$),PA.NUS.ATLS,211.279555
Togo,TGO,1979,DEC alternative conversion factor (LCU per US$),PA.NUS.ATLS,212.721644
Togo,TGO,1978,DEC alternative conversion factor (LCU per US$),PA.NUS.ATLS,225.65586
Togo,TGO,1977,DEC alternative conversion factor (LCU per US$),PA.NUS.ATLS,245.679687
Togo,TGO,1976,DEC alternative conversion factor (LCU per US$),PA.NUS.ATLS,238.950494
Togo,TGO,1975,DEC alternative conversion factor (LCU per US$),PA.NUS.ATLS,214.3129
Togo,TGO,1974,DEC alternative conversion factor (LCU per US$),PA.NUS.ATLS,240.704668
Togo,TGO,1973,DEC alternative conversion factor (LCU per US$),PA.NUS.ATLS,222.889183
Togo,TGO,1972,DEC alternative conversion factor (LCU per US$),PA.NUS.ATLS,252.027627
Togo,TGO,1971,DEC alternative conversion factor (LCU per US$),PA.NUS.ATLS,275.356457
Togo,TGO,1970,DEC alternative conversion factor (LCU per US$),PA.NUS.ATLS,276.403137
Togo,TGO,1969,DEC alternative conversion factor (LCU per US$),PA.NUS.ATLS,259.960574
Togo,TGO,1968,DEC alternative conversion factor (LCU per US$),PA.NUS.ATLS,247.564694
Togo,TGO,1967,DEC alternative conversion factor (LCU per US$),PA.NUS.ATLS,246.000938
Togo,TGO,1966,DEC alternative conversion factor (LCU per US$),PA.NUS.ATLS,245.678437
Togo,TGO,1965,DEC alternative conversion factor (LCU per US$),PA.NUS.ATLS,245.060934
Togo,TGO,1964,DEC alternative conversion factor (LCU per US$),PA.NUS.ATLS,245.027184
Togo,TGO,1963,DEC alternative conversion factor (LCU per US$),PA.NUS.ATLS,245.016351
Togo,TGO,1962,DEC alternative conversion factor (LCU per US$),PA.NUS.ATLS,245.013851
Togo,TGO,1961,DEC alternative conversion factor (LCU per US$),PA.NUS.ATLS,245.260102
Togo,TGO,1960,DEC alternative conversion factor (LCU per US$),PA.NUS.ATLS,245.195101
Togo,TGO,2023,"Official exchange rate (LCU per US$, period average)",PA.NUS.FCRF,606.569750165917
Togo,TGO,2022,"Official exchange rate (LCU per US$, period average)",PA.NUS.FCRF,623.759700911182
Togo,TGO,2021,"Official exchange rate (LCU per US$, period average)",PA.NUS.FCRF,554.530675033104
Togo,TGO,2020,"Official exchange rate (LCU per US$, period average)",PA.NUS.FCRF,575.586004510945
Togo,TGO,2019,"Official exchange rate (LCU per US$, period average)",PA.NUS.FCRF,585.911013180369
Togo,TGO,2018,"Official exchange rate (LCU per US$, period average)",PA.NUS.FCRF,555.446458398226
Togo,TGO,2017,"Official exchange rate (LCU per US$, period average)",PA.NUS.FCRF,580.656749587858
Togo,TGO,2016,"Official exchange rate (LCU per US$, period average)",PA.NUS.FCRF,592.605615063022
Togo,TGO,2015,"Official exchange rate (LCU per US$, period average)",PA.NUS.FCRF,591.21169798261
Togo,TGO,2014,"Official exchange rate (LCU per US$, period average)",PA.NUS.FCRF,493.757329875312
Togo,TGO,2013,"Official exchange rate (LCU per US$, period average)",PA.NUS.FCRF,493.899623852237
Togo,TGO,2012,"Official exchange rate (LCU per US$, period average)",PA.NUS.FCRF,510.556338454251
Togo,TGO,2011,"Official exchange rate (LCU per US$, period average)",PA.NUS.FCRF,471.248625718937
Togo,TGO,2010,"Official exchange rate (LCU per US$, period average)",PA.NUS.FCRF,494.794262222947
Togo,TGO,2009,"Official exchange rate (LCU per US$, period average)",PA.NUS.FCRF,470.293423341398
Togo,TGO,2008,"Official exchange rate (LCU per US$, period average)",PA.NUS.FCRF,446.000041432788
Togo,TGO,2007,"Official exchange rate (LCU per US$, period average)",PA.NUS.FCRF,478.633718476363
Togo,TGO,2006,"Official exchange rate (LCU per US$, period average)",PA.NUS.FCRF,522.425624895176
Togo,TGO,2005,"Official exchange rate (LCU per US$, period average)",PA.NUS.FCRF,527.258362649626
Togo,TGO,2004,"Official exchange rate (LCU per US$, period average)",PA.NUS.FCRF,527.338032291576
Togo,TGO,2003,"Official exchange rate (LCU per US$, period average)",PA.NUS.FCRF,579.897426172466
Togo,TGO,2002,"Official exchange rate (LCU per US$, period average)",PA.NUS.FCRF,693.713226496374
Togo,TGO,2001,"Official exchange rate (LCU per US$, period average)",PA.NUS.FCRF,732.397693260228
Togo,TGO,2000,"Official exchange rate (LCU per US$, period average)",PA.NUS.FCRF,710.207977031367
Togo,TGO,1999,"Official exchange rate (LCU per US$, period average)",PA.NUS.FCRF,615.473349319164
Togo,TGO,1998,"Official exchange rate (LCU per US$, period average)",PA.NUS.FCRF,589.951774567332
Togo,TGO,1997,"Official exchange rate (LCU per US$, period average)",PA.NUS.FCRF,583.669372353396
Togo,TGO,1996,"Official exchange rate (LCU per US$, period average)",PA.NUS.FCRF,511.552430272516
Togo,TGO,1995,"Official exchange rate (LCU per US$, period average)",PA.NUS.FCRF,499.14842590131
Togo,TGO,1994,"Official exchange rate (LCU per US$, period average)",PA.NUS.FCRF,555.204695655697
Togo,TGO,1993,"Official exchange rate (LCU per US$, period average)",PA.NUS.FCRF,283.162579500018
Togo,TGO,1992,"Official exchange rate (LCU per US$, period average)",PA.NUS.FCRF,264.691800750579
Togo,TGO,1991,"Official exchange rate (LCU per US$, period average)",PA.NUS.FCRF,282.10690880882
Togo,TGO,1990,"Official exchange rate (LCU per US$, period average)",PA.NUS.FCRF,272.264787954393
Togo,TGO,1989,"Official exchange rate (LCU per US$, period average)",PA.NUS.FCRF,319.008299487903
Togo,TGO,1988,"Official exchange rate (LCU per US$, period average)",PA.NUS.FCRF,297.848218819378
Togo,TGO,1987,"Official exchange rate (LCU per US$, period average)",PA.NUS.FCRF,300.536562401478
Togo,TGO,1986,"Official exchange rate (LCU per US$, period average)",PA.NUS.FCRF,346.305903554493
Togo,TGO,1985,"Official exchange rate (LCU per US$, period average)",PA.NUS.FCRF,449.262962711607
Togo,TGO,1984,"Official exchange rate (LCU per US$, period average)",PA.NUS.FCRF,436.956665788008
Togo,TGO,1983,"Official exchange rate (LCU per US$, period average)",PA.NUS.FCRF,381.066036024628
Togo,TGO,1982,"Official exchange rate (LCU per US$, period average)",PA.NUS.FCRF,328.60625269899
Togo,TGO,1981,"Official exchange rate (LCU per US$, period average)",PA.NUS.FCRF,271.731452550327
Togo,TGO,1980,"Official exchange rate (LCU per US$, period average)",PA.NUS.FCRF,211.279555414705
Togo,TGO,1979,"Official exchange rate (LCU per US$, period average)",PA.NUS.FCRF,212.721644262377
Togo,TGO,1978,"Official exchange rate (LCU per US$, period average)",PA.NUS.FCRF,225.655860233957
Togo,TGO,1977,"Official exchange rate (LCU per US$, period average)",PA.NUS.FCRF,245.679686566576
Togo,TGO,1976,"Official exchange rate (LCU per US$, period average)",PA.NUS.FCRF,238.950494267059
Togo,TGO,1975,"Official exchange rate (LCU per US$, period average)",PA.NUS.FCRF,214.312900341219
Togo,TGO,1974,"Official exchange rate (LCU per US$, period average)",PA.NUS.FCRF,240.704667637823
Togo,TGO,1973,"Official exchange rate (LCU per US$, period average)",PA.NUS.FCRF,222.889183053227
Togo,TGO,1972,"Official exchange rate (LCU per US$, period average)",PA.NUS.FCRF,252.027627462649
Togo,TGO,1971,"Official exchange rate (LCU per US$, period average)",PA.NUS.FCRF,275.356456685332
Togo,TGO,1970,"Official exchange rate (LCU per US$, period average)",PA.NUS.FCRF,276.403137026845
Togo,TGO,1969,"Official exchange rate (LCU per US$, period average)",PA.NUS.FCRF,259.960574351236
Togo,TGO,1968,"Official exchange rate (LCU per US$, period average)",PA.NUS.FCRF,247.564693756951
Togo,TGO,1967,"Official exchange rate (LCU per US$, period average)",PA.NUS.FCRF,246.000937791281
Togo,TGO,1966,"Official exchange rate (LCU per US$, period average)",PA.NUS.FCRF,245.678436557644
Togo,TGO,1965,"Official exchange rate (LCU per US$, period average)",PA.NUS.FCRF,245.060934207708
Togo,TGO,1964,"Official exchange rate (LCU per US$, period average)",PA.NUS.FCRF,245.027184079042
Togo,TGO,1963,"Official exchange rate (LCU per US$, period average)",PA.NUS.FCRF,245.016350696075
Togo,TGO,1962,"Official exchange rate (LCU per US$, period average)",PA.NUS.FCRF,245.013850686544
Togo,TGO,1961,"Official exchange rate (LCU per US$, period average)",PA.NUS.FCRF,245.26010162116
Togo,TGO,1960,"Official exchange rate (LCU per US$, period average)",PA.NUS.FCRF,245.195101398359
Togo,TGO,2023,Real effective exchange rate index (2010 = 100),PX.REX.REER,103.38556177238
Togo,TGO,2022,Real effective exchange rate index (2010 = 100),PX.REX.REER,95.8318846016953
Togo,TGO,2021,Real effective exchange rate index (2010 = 100),PX.REX.REER,97.8286425261674
Togo,TGO,2020,Real effective exchange rate index (2010 = 100),PX.REX.REER,96.3037301887565
Togo,TGO,2019,Real effective exchange rate index (2010 = 100),PX.REX.REER,94.4162988516002
Togo,TGO,2018,Real effective exchange rate index (2010 = 100),PX.REX.REER,96.8646855060403
Togo,TGO,2017,Real effective exchange rate index (2010 = 100),PX.REX.REER,95.3841011590681
Togo,TGO,2016,Real effective exchange rate index (2010 = 100),PX.REX.REER,95.9088142766445
Togo,TGO,2015,Real effective exchange rate index (2010 = 100),PX.REX.REER,94.4741678231851
Togo,TGO,2014,Real effective exchange rate index (2010 = 100),PX.REX.REER,99.4617918883706
Togo,TGO,2013,Real effective exchange rate index (2010 = 100),PX.REX.REER,98.2011753286906
Togo,TGO,2012,Real effective exchange rate index (2010 = 100),PX.REX.REER,96.3507357087657
Togo,TGO,2011,Real effective exchange rate index (2010 = 100),PX.REX.REER,100.690957965281
Togo,TGO,2010,Real effective exchange rate index (2010 = 100),PX.REX.REER,100
Togo,TGO,2009,Real effective exchange rate index (2010 = 100),PX.REX.REER,107.211088523616
Togo,TGO,2008,Real effective exchange rate index (2010 = 100),PX.REX.REER,104.514362880869
Togo,TGO,2007,Real effective exchange rate index (2010 = 100),PX.REX.REER,99.808603674205
Togo,TGO,2006,Real effective exchange rate index (2010 = 100),PX.REX.REER,99.3865671628467
Togo,TGO,2005,Real effective exchange rate index (2010 = 100),PX.REX.REER,100.759488417847
Togo,TGO,2004,Real effective exchange rate index (2010 = 100),PX.REX.REER,99.1022598541813
Togo,TGO,2003,Real effective exchange rate index (2010 = 100),PX.REX.REER,98.3325955941007
Togo,TGO,2002,Real effective exchange rate index (2010 = 100),PX.REX.REER,94.9335428679379
Togo,TGO,2001,Real effective exchange rate index (2010 = 100),PX.REX.REER,91.5443291635779
Togo,TGO,2000,Real effective exchange rate index (2010 = 100),PX.REX.REER,89.8811533214594
Togo,TGO,1999,Real effective exchange rate index (2010 = 100),PX.REX.REER,94.1119919698679
Togo,TGO,1998,Real effective exchange rate index (2010 = 100),PX.REX.REER,98.3053149359979
Togo,TGO,1997,Real effective exchange rate index (2010 = 100),PX.REX.REER,94.2763382737384
Togo,TGO,1996,Real effective exchange rate index (2010 = 100),PX.REX.REER,93.5620588069175
Togo,TGO,1995,Real effective exchange rate index (2010 = 100),PX.REX.REER,109.008841148157
Togo,TGO,1994,Real effective exchange rate index (2010 = 100),PX.REX.REER,78.9674869199804
Togo,TGO,1993,Real effective exchange rate index (2010 = 100),PX.REX.REER,113.817791469877
Togo,TGO,1992,Real effective exchange rate index (2010 = 100),PX.REX.REER,119.901491005552
Togo,TGO,1991,Real effective exchange rate index (2010 = 100),PX.REX.REER,118.502774178497
Togo,TGO,1990,Real effective exchange rate index (2010 = 100),PX.REX.REER,124.778460372088
Togo,TGO,1989,Real effective exchange rate index (2010 = 100),PX.REX.REER,120.511836777333
Togo,TGO,1988,Real effective exchange rate index (2010 = 100),PX.REX.REER,129.396203780794
Togo,TGO,1987,Real effective exchange rate index (2010 = 100),PX.REX.REER,136.347350983558
Togo,TGO,1986,Real effective exchange rate index (2010 = 100),PX.REX.REER,137.250757208113
Togo,TGO,1985,Real effective exchange rate index (2010 = 100),PX.REX.REER,127.517173650907
Togo,TGO,1984,Real effective exchange rate index (2010 = 100),PX.REX.REER,133.319642823699
Togo,TGO,1983,Real effective exchange rate index (2010 = 100),PX.REX.REER,146.81932222377
Togo,TGO,1982,Real effective exchange rate index (2010 = 100),PX.REX.REER,149.388006567324
Togo,TGO,1981,Real effective exchange rate index (2010 = 100),PX.REX.REER,155.842327282937
Togo,TGO,1980,Real effective exchange rate index (2010 = 100),PX.REX.REER,157.167514401944
Togo,TGO,2023,Average transaction cost of sending remittances to a specific country (%),SI.RMT.COST.IB.ZS,2.06125
Togo,TGO,2022,Average transaction cost of sending remittances to a specific country (%),SI.RMT.COST.IB.ZS,0.51
Togo,TGO,2021,Average transaction cost of sending remittances to a specific country (%),SI.RMT.COST.IB.ZS,2.58
Togo,TGO,2020,Average transaction cost of sending remittances to a specific country (%),SI.RMT.COST.IB.ZS,7.74250666666667
Togo,TGO,2019,Average transaction cost of sending remittances to a specific country (%),SI.RMT.COST.IB.ZS,5.82813666666667
Togo,TGO,2018,Average transaction cost of sending remittances to a specific country (%),SI.RMT.COST.IB.ZS,7.65868333333333
Togo,TGO,2017,Average transaction cost of sending remittances to a specific country (%),SI.RMT.COST.IB.ZS,6.809525
Togo,TGO,2016,Average transaction cost of sending remittances to a specific country (%),SI.RMT.COST.IB.ZS,8.45014
Togo,TGO,2023,Net migration,SM.POP.NETM,-2000
Togo,TGO,2022,Net migration,SM.POP.NETM,-2000
Togo,TGO,2021,Net migration,SM.POP.NETM,-995
Togo,TGO,2020,Net migration,SM.POP.NETM,-995
Togo,TGO,2019,Net migration,SM.POP.NETM,-1997
Togo,TGO,2018,Net migration,SM.POP.NETM,-1997
Togo,TGO,2017,Net migration,SM.POP.NETM,-1997
Togo,TGO,2016,Net migration,SM.POP.NETM,-1988
Togo,TGO,2015,Net migration,SM.POP.NETM,-1985
Togo,TGO,2014,Net migration,SM.POP.NETM,-1985
Togo,TGO,2013,Net migration,SM.POP.NETM,-1985
Togo,TGO,2012,Net migration,SM.POP.NETM,-1992
Togo,TGO,2011,Net migration,SM.POP.NETM,-1980
Togo,TGO,2010,Net migration,SM.POP.NETM,-1972
Togo,TGO,2009,Net migration,SM.POP.NETM,-1997
Togo,TGO,2008,Net migration,SM.POP.NETM,14304
Togo,TGO,2007,Net migration,SM.POP.NETM,4811
Togo,TGO,2006,Net migration,SM.POP.NETM,21722
Togo,TGO,2005,Net migration,SM.POP.NETM,-4438
Togo,TGO,2004,Net migration,SM.POP.NETM,-1007
Togo,TGO,2003,Net migration,SM.POP.NETM,-2797
Togo,TGO,2002,Net migration,SM.POP.NETM,-5972
Togo,TGO,2001,Net migration,SM.POP.NETM,-1711
Togo,TGO,2000,Net migration,SM.POP.NETM,4710
Togo,TGO,1999,Net migration,SM.POP.NETM,11122
Togo,TGO,1998,Net migration,SM.POP.NETM,12365
Togo,TGO,1997,Net migration,SM.POP.NETM,11899
Togo,TGO,1996,Net migration,SM.POP.NETM,40915
Togo,TGO,1995,Net migration,SM.POP.NETM,57406
Togo,TGO,1994,Net migration,SM.POP.NETM,88992
Togo,TGO,1993,Net migration,SM.POP.NETM,-291022
Togo,TGO,1992,Net migration,SM.POP.NETM,-132
Togo,TGO,1991,Net migration,SM.POP.NETM,-72
Togo,TGO,1990,Net migration,SM.POP.NETM,59
Togo,TGO,1989,Net migration,SM.POP.NETM,0
Togo,TGO,1988,Net migration,SM.POP.NETM,-29
Togo,TGO,1987,Net migration,SM.POP.NETM,848
Togo,TGO,1986,Net migration,SM.POP.NETM,-436
Togo,TGO,1985,Net migration,SM.POP.NETM,1242
Togo,TGO,1984,Net migration,SM.POP.NETM,7897
Togo,TGO,1983,Net migration,SM.POP.NETM,9740
Togo,TGO,1982,Net migration,SM.POP.NETM,9163
Togo,TGO,1981,Net migration,SM.POP.NETM,3519
Togo,TGO,1980,Net migration,SM.POP.NETM,-4993
Togo,TGO,1979,Net migration,SM.POP.NETM,-13519
Togo,TGO,1978,Net migration,SM.POP.NETM,-19163
Togo,TGO,1977,Net migration,SM.POP.NETM,-19856
Togo,TGO,1976,Net migration,SM.POP.NETM,-18832
Togo,TGO,1975,Net migration,SM.POP.NETM,-16973
Togo,TGO,1974,Net migration,SM.POP.NETM,-14483
Togo,TGO,1973,Net migration,SM.POP.NETM,-11555
Togo,TGO,1972,Net migration,SM.POP.NETM,-7661
Togo,TGO,1971,Net migration,SM.POP.NETM,482
Togo,TGO,1970,Net migration,SM.POP.NETM,10865
Togo,TGO,1969,Net migration,SM.POP.NETM,20613
Togo,TGO,1968,Net migration,SM.POP.NETM,26860
Togo,TGO,1967,Net migration,SM.POP.NETM,26576
Togo,TGO,1966,Net migration,SM.POP.NETM,18418
Togo,TGO,1965,Net migration,SM.POP.NETM,6104
Togo,TGO,1964,Net migration,SM.POP.NETM,-6214
Togo,TGO,1963,Net migration,SM.POP.NETM,-14361
Togo,TGO,1962,Net migration,SM.POP.NETM,-15486
Togo,TGO,1961,Net migration,SM.POP.NETM,-14858
Togo,TGO,1960,Net migration,SM.POP.NETM,-13868
Togo,TGO,2015,"International migrant stock, total",SM.POP.TOTL,276844
Togo,TGO,2010,"International migrant stock, total",SM.POP.TOTL,255262
Togo,TGO,2005,"International migrant stock, total",SM.POP.TOTL,203379
Togo,TGO,2000,"International migrant stock, total",SM.POP.TOTL,137891
Togo,TGO,1995,"International migrant stock, total",SM.POP.TOTL,101583
Togo,TGO,1990,"International migrant stock, total",SM.POP.TOTL,84844
Togo,TGO,1985,"International migrant stock, total",SM.POP.TOTL,156202
Togo,TGO,1980,"International migrant stock, total",SM.POP.TOTL,152345
Togo,TGO,1975,"International migrant stock, total",SM.POP.TOTL,148584
Togo,TGO,1970,"International migrant stock, total",SM.POP.TOTL,144915
Togo,TGO,1965,"International migrant stock, total",SM.POP.TOTL,121155
Togo,TGO,1960,"International migrant stock, total",SM.POP.TOTL,101291
Togo,TGO,2015,International migrant stock (% of population),SM.POP.TOTL.ZS,3.79000676014412
Togo,TGO,2010,International migrant stock (% of population),SM.POP.TOTL.ZS,3.99417855305968
Togo,TGO,2005,International migrant stock (% of population),SM.POP.TOTL.ZS,3.64594864418195
Togo,TGO,2000,International migrant stock (% of population),SM.POP.TOTL.ZS,2.82868709786276
Togo,TGO,1995,International migrant stock (% of population),SM.POP.TOTL.ZS,2.37106019532776
Togo,TGO,1990,International migrant stock (% of population),SM.POP.TOTL.ZS,2.24043568663053
Togo,TGO,1986,Claims on governments and other public entities (current LCU),FM.AST.GOVT.CN,7849999872
Togo,TGO,1985,Claims on governments and other public entities (current LCU),FM.AST.GOVT.CN,-4929999872
Togo,TGO,1984,Claims on governments and other public entities (current LCU),FM.AST.GOVT.CN,746000000
Togo,TGO,1983,Claims on governments and other public entities (current LCU),FM.AST.GOVT.CN,9980000256
Togo,TGO,1982,Claims on governments and other public entities (current LCU),FM.AST.GOVT.CN,12800000000
Togo,TGO,1981,Claims on governments and other public entities (current LCU),FM.AST.GOVT.CN,14300000256
Togo,TGO,1980,Claims on governments and other public entities (current LCU),FM.AST.GOVT.CN,4529999872
Togo,TGO,1979,Claims on governments and other public entities (current LCU),FM.AST.GOVT.CN,3960000000
Togo,TGO,1978,Claims on governments and other public entities (current LCU),FM.AST.GOVT.CN,6179999744
Togo,TGO,1977,Claims on governments and other public entities (current LCU),FM.AST.GOVT.CN,1850000000
Togo,TGO,1976,Claims on governments and other public entities (current LCU),FM.AST.GOVT.CN,1160000000
Togo,TGO,1975,Claims on governments and other public entities (current LCU),FM.AST.GOVT.CN,1400000000
Togo,TGO,1974,Claims on governments and other public entities (current LCU),FM.AST.GOVT.CN,-2480000000
Togo,TGO,1973,Claims on governments and other public entities (current LCU),FM.AST.GOVT.CN,-1850000000
Togo,TGO,1972,Claims on governments and other public entities (current LCU),FM.AST.GOVT.CN,-2270000128
Togo,TGO,1971,Claims on governments and other public entities (current LCU),FM.AST.GOVT.CN,-3649999872
Togo,TGO,1970,Claims on governments and other public entities (current LCU),FM.AST.GOVT.CN,-4739999744
Togo,TGO,1969,Claims on governments and other public entities (current LCU),FM.AST.GOVT.CN,-2689999872
Togo,TGO,1968,Claims on governments and other public entities (current LCU),FM.AST.GOVT.CN,-2630000128
Togo,TGO,1967,Claims on governments and other public entities (current LCU),FM.AST.GOVT.CN,-2449999872
Togo,TGO,1966,Claims on governments and other public entities (current LCU),FM.AST.GOVT.CN,-2000000000
Togo,TGO,1965,Claims on governments and other public entities (current LCU),FM.AST.GOVT.CN,-1760000000
Togo,TGO,1986,"Claims on governments, etc. (annual growth as % of M2)",FM.AST.GOVT.ZG.M2,8.92465561443252
Togo,TGO,1985,"Claims on governments, etc. (annual growth as % of M2)",FM.AST.GOVT.ZG.M2,-4.17116770064008
Togo,TGO,1984,"Claims on governments, etc. (annual growth as % of M2)",FM.AST.GOVT.ZG.M2,-7.84130591282356
Togo,TGO,1983,"Claims on governments, etc. (annual growth as % of M2)",FM.AST.GOVT.ZG.M2,-2.40673865034929
Togo,TGO,1982,"Claims on governments, etc. (annual growth as % of M2)",FM.AST.GOVT.ZG.M2,-1.49149871333515
Togo,TGO,1981,"Claims on governments, etc. (annual growth as % of M2)",FM.AST.GOVT.ZG.M2,13.462863971338
Togo,TGO,1980,"Claims on governments, etc. (annual growth as % of M2)",FM.AST.GOVT.ZG.M2,0.856691774254554
Togo,TGO,1979,"Claims on governments, etc. (annual growth as % of M2)",FM.AST.GOVT.ZG.M2,-3.41832924365607
Togo,TGO,1978,"Claims on governments, etc. (annual growth as % of M2)",FM.AST.GOVT.ZG.M2,9.00619772869088
Togo,TGO,1977,"Claims on governments, etc. (annual growth as % of M2)",FM.AST.GOVT.ZG.M2,1.67431025697023
Togo,TGO,1976,"Claims on governments, etc. (annual growth as % of M2)",FM.AST.GOVT.ZG.M2,-0.848716316571186
Togo,TGO,1975,"Claims on governments, etc. (annual growth as % of M2)",FM.AST.GOVT.ZG.M2,12.7346724432191
Togo,TGO,1974,"Claims on governments, etc. (annual growth as % of M2)",FM.AST.GOVT.ZG.M2,-3.9587784340832
Togo,TGO,1973,"Claims on governments, etc. (annual growth as % of M2)",FM.AST.GOVT.ZG.M2,3.02180105043528
Togo,TGO,1972,"Claims on governments, etc. (annual growth as % of M2)",FM.AST.GOVT.ZG.M2,9.77890975056689
Togo,TGO,1971,"Claims on governments, etc. (annual growth as % of M2)",FM.AST.GOVT.ZG.M2,8.59621350157729
Togo,TGO,1970,"Claims on governments, etc. (annual growth as % of M2)",FM.AST.GOVT.ZG.M2,-17.8400476198764
Togo,TGO,1969,"Claims on governments, etc. (annual growth as % of M2)",FM.AST.GOVT.ZG.M2,-0.700686021254233
Togo,TGO,1968,"Claims on governments, etc. (annual growth as % of M2)",FM.AST.GOVT.ZG.M2,-2.58250008608321
Togo,TGO,1967,"Claims on governments, etc. (annual growth as % of M2)",FM.AST.GOVT.ZG.M2,-7.6400657385399
Togo,TGO,1966,"Claims on governments, etc. (annual growth as % of M2)",FM.AST.GOVT.ZG.M2,-4.40366972477064
Togo,TGO,1998,Claims on private sector (annual growth as % of M2),FM.AST.PRVT.ZG.M2,8.3665841177202
Togo,TGO,1997,Claims on private sector (annual growth as % of M2),FM.AST.PRVT.ZG.M2,5.19811144873093
Togo,TGO,1996,Claims on private sector (annual growth as % of M2),FM.AST.PRVT.ZG.M2,14.2103043661627
Togo,TGO,1995,Claims on private sector (annual growth as % of M2),FM.AST.PRVT.ZG.M2,16.5259833880418
Togo,TGO,1994,Claims on private sector (annual growth as % of M2),FM.AST.PRVT.ZG.M2,-1.95526084803614
Togo,TGO,1993,Claims on private sector (annual growth as % of M2),FM.AST.PRVT.ZG.M2,-6.49553070959342
Togo,TGO,1992,Claims on private sector (annual growth as % of M2),FM.AST.PRVT.ZG.M2,-3.38461825595509
Togo,TGO,1991,Claims on private sector (annual growth as % of M2),FM.AST.PRVT.ZG.M2,7.37652972389255
Togo,TGO,1990,Claims on private sector (annual growth as % of M2),FM.AST.PRVT.ZG.M2,4.5366210103239
Togo,TGO,1989,Claims on private sector (annual growth as % of M2),FM.AST.PRVT.ZG.M2,-2.32146234305854
Togo,TGO,1988,Claims on private sector (annual growth as % of M2),FM.AST.PRVT.ZG.M2,2.31357878781774
Togo,TGO,1987,Claims on private sector (annual growth as % of M2),FM.AST.PRVT.ZG.M2,3.98219616464183
Togo,TGO,1986,Claims on private sector (annual growth as % of M2),FM.AST.PRVT.ZG.M2,14.0364345846474
Togo,TGO,1985,Claims on private sector (annual growth as % of M2),FM.AST.PRVT.ZG.M2,-0.734882185821263
Togo,TGO,1984,Claims on private sector (annual growth as % of M2),FM.AST.PRVT.ZG.M2,2.5475331493449
Togo,TGO,1983,Claims on private sector (annual growth as % of M2),FM.AST.PRVT.ZG.M2,-1.62155749801616
Togo,TGO,1982,Claims on private sector (annual growth as % of M2),FM.AST.PRVT.ZG.M2,7.65635544596398
Togo,TGO,1981,Claims on private sector (annual growth as % of M2),FM.AST.PRVT.ZG.M2,-3.30714889348216
Togo,TGO,1980,Claims on private sector (annual growth as % of M2),FM.AST.PRVT.ZG.M2,11.5728575456581
Togo,TGO,1979,Claims on private sector (annual growth as % of M2),FM.AST.PRVT.ZG.M2,11.0864713476226
Togo,TGO,1978,Claims on private sector (annual growth as % of M2),FM.AST.PRVT.ZG.M2,14.1436810516244
Togo,TGO,1977,Claims on private sector (annual growth as % of M2),FM.AST.PRVT.ZG.M2,29.3610972604402
Togo,TGO,1976,Claims on private sector (annual growth as % of M2),FM.AST.PRVT.ZG.M2,26.5223821769574
Togo,TGO,1975,Claims on private sector (annual growth as % of M2),FM.AST.PRVT.ZG.M2,27.2416970460811
Togo,TGO,1974,Claims on private sector (annual growth as % of M2),FM.AST.PRVT.ZG.M2,18.8513290938796
Togo,TGO,1973,Claims on private sector (annual growth as % of M2),FM.AST.PRVT.ZG.M2,22.3037573350601
Togo,TGO,1972,Claims on private sector (annual growth as % of M2),FM.AST.PRVT.ZG.M2,5.45635555555556
Togo,TGO,1971,Claims on private sector (annual growth as % of M2),FM.AST.PRVT.ZG.M2,8.28075205047319
Togo,TGO,1970,Claims on private sector (annual growth as % of M2),FM.AST.PRVT.ZG.M2,17.4919535636585
Togo,TGO,1969,Claims on private sector (annual growth as % of M2),FM.AST.PRVT.ZG.M2,4.67126007240453
Togo,TGO,1968,Claims on private sector (annual growth as % of M2),FM.AST.PRVT.ZG.M2,23.6728819512195
Togo,TGO,1967,Claims on private sector (annual growth as % of M2),FM.AST.PRVT.ZG.M2,10.6960972495756
Togo,TGO,1966,Claims on private sector (annual growth as % of M2),FM.AST.PRVT.ZG.M2,10.0917407706422
Togo,TGO,2020,"Bank accounts per 1,000 adults",GFDD.AI.01,239.75483
Togo,TGO,2019,"Bank accounts per 1,000 adults",GFDD.AI.01,230.93217
Togo,TGO,2018,"Bank accounts per 1,000 adults",GFDD.AI.01,216.34229
Togo,TGO,2017,"Bank accounts per 1,000 adults",GFDD.AI.01,230.96151
Togo,TGO,2016,"Bank accounts per 1,000 adults",GFDD.AI.01,219.65003
Togo,TGO,2015,"Bank accounts per 1,000 adults",GFDD.AI.01,235.79711
Togo,TGO,2014,"Bank accounts per 1,000 adults",GFDD.AI.01,248.41395
Togo,TGO,2013,"Bank accounts per 1,000 adults",GFDD.AI.01,168.00026
Togo,TGO,2012,"Bank accounts per 1,000 adults",GFDD.AI.01,156.92141
Togo,TGO,2011,"Bank accounts per 1,000 adults",GFDD.AI.01,157.23477
Togo,TGO,2010,"Bank accounts per 1,000 adults",GFDD.AI.01,158.82905
Togo,TGO,2009,"Bank accounts per 1,000 adults",GFDD.AI.01,197.27122
Togo,TGO,2008,"Bank accounts per 1,000 adults",GFDD.AI.01,213.33713
Togo,TGO,2007,"Bank accounts per 1,000 adults",GFDD.AI.01,72.988929
Togo,TGO,2006,"Bank accounts per 1,000 adults",GFDD.AI.01,64.036587
Togo,TGO,2005,"Bank accounts per 1,000 adults",GFDD.AI.01,58.341679
Togo,TGO,2004,"Bank accounts per 1,000 adults",GFDD.AI.01,81.37813
Togo,TGO,2020,"Bank branches per 100,000 adults",GFDD.AI.02,5.5345726
Togo,TGO,2019,"Bank branches per 100,000 adults",GFDD.AI.02,5.4521911
Togo,TGO,2018,"Bank branches per 100,000 adults",GFDD.AI.02,5.1856293
Togo,TGO,2017,"Bank branches per 100,000 adults",GFDD.AI.02,5.5864467
Togo,TGO,2016,"Bank branches per 100,000 adults",GFDD.AI.02,5.6613136
Togo,TGO,2015,"Bank branches per 100,000 adults",GFDD.AI.02,5.2861794
Togo,TGO,2014,"Bank branches per 100,000 adults",GFDD.AI.02,4.9093138
Togo,TGO,2013,"Bank branches per 100,000 adults",GFDD.AI.02,4.5787477
Togo,TGO,2012,"Bank branches per 100,000 adults",GFDD.AI.02,4.4800629
Togo,TGO,2011,"Bank branches per 100,000 adults",GFDD.AI.02,4.4488191
Togo,TGO,2010,"Bank branches per 100,000 adults",GFDD.AI.02,4.2187983
Togo,TGO,2009,"Bank branches per 100,000 adults",GFDD.AI.02,4.0295297
Togo,TGO,2008,"Bank branches per 100,000 adults",GFDD.AI.02,3.8535812
Togo,TGO,2007,"Bank branches per 100,000 adults",GFDD.AI.02,2.9248396
Togo,TGO,2006,"Bank branches per 100,000 adults",GFDD.AI.02,1.607999
Togo,TGO,2005,"Bank branches per 100,000 adults",GFDD.AI.02,1.2145174
Togo,TGO,2004,"Bank branches per 100,000 adults",GFDD.AI.02,1.1838727
Togo,TGO,2016,Firms with a bank loan or line of credit (%),GFDD.AI.03,42.3
Togo,TGO,2009,Firms with a bank loan or line of credit (%),GFDD.AI.03,21.6
Togo,TGO,2016,Small firms with a bank loan or line of credit (%),GFDD.AI.04,41.9
Togo,TGO,2009,Small firms with a bank loan or line of credit (%),GFDD.AI.04,22.2
Togo,TGO,2021,Account at a formal financial institution (% age 15+),GFDD.AI.05,24.90015
Togo,TGO,2017,Account at a formal financial institution (% age 15+),GFDD.AI.05,34.06794
Togo,TGO,2014,Account at a formal financial institution (% age 15+),GFDD.AI.05,17.61492
Togo,TGO,2011,Account at a formal financial institution (% age 15+),GFDD.AI.05,10.18524
Togo,TGO,2021,Saved at a financial institution in the past year (% age 15+),GFDD.AI.06,11.65214
Togo,TGO,2017,Saved at a financial institution in the past year (% age 15+),GFDD.AI.06,11.77761
Togo,TGO,2014,Saved at a financial institution in the past year (% age 15+),GFDD.AI.06,6.665267
Togo,TGO,2011,Saved at a financial institution in the past year (% age 15+),GFDD.AI.06,3.630608
Togo,TGO,2021,Loan from a financial institution in the past year (% age 15+),GFDD.AI.07,7.41916
Togo,TGO,2017,Loan from a financial institution in the past year (% age 15+),GFDD.AI.07,9.143309
Togo,TGO,2014,Loan from a financial institution in the past year (% age 15+),GFDD.AI.07,3.975819
Togo,TGO,2011,Loan from a financial institution in the past year (% age 15+),GFDD.AI.07,3.765319
Togo,TGO,2017,Account used for business purposes (% age 15+),GFDD.AI.08,11.06951
Togo,TGO,2014,Account used for business purposes (% age 15+),GFDD.AI.08,5.440537
Togo,TGO,2021,Account used to receive remittances (% age 15+),GFDD.AI.10,19.00458
Togo,TGO,2017,Account used to receive remittances (% age 15+),GFDD.AI.10,11.07608
Togo,TGO,2014,Account used to receive remittances (% age 15+),GFDD.AI.10,2.118317
Togo,TGO,2021,Account used to receive wages (% age 15+),GFDD.AI.11,4.038948
Togo,TGO,2017,Account used to receive wages (% age 15+),GFDD.AI.11,3.902802
Togo,TGO,2014,Account used to receive wages (% age 15+),GFDD.AI.11,2.163126
Togo,TGO,2021,Saved any money in the past year (% age 15+),GFDD.AI.12,54.7935
Togo,TGO,2017,Saved any money in the past year (% age 15+),GFDD.AI.12,45.22519
Togo,TGO,2014,Saved any money in the past year (% age 15+),GFDD.AI.12,37.54855
Togo,TGO,2021,Saved using a savings club in the past year (% age 15+),GFDD.AI.13,30.03389
Togo,TGO,2017,Saved using a savings club in the past year (% age 15+),GFDD.AI.13,23.06792
Togo,TGO,2014,Saved using a savings club in the past year (% age 15+),GFDD.AI.13,18.69732
Togo,TGO,2011,Saved using a savings club in the past year (% age 15+),GFDD.AI.13,3.573826
Togo,TGO,2021,Loan in the past year (% age 15+),GFDD.AI.14,49.07672
Togo,TGO,2017,Loan in the past year (% age 15+),GFDD.AI.14,40.27544
Togo,TGO,2014,Loan in the past year (% age 15+),GFDD.AI.14,28.61823
Togo,TGO,2014,Loan from a private lender in the past year (% age 15+),GFDD.AI.15,2.215322
Togo,TGO,2011,Loan from a private lender in the past year (% age 15+),GFDD.AI.15,1.934374
Togo,TGO,2011,Loan from an employer in the past year (% age 15+),GFDD.AI.16,1.062137
Togo,TGO,2014,Loan through store credit in the past year (% age 15+),GFDD.AI.17,3.056895
Togo,TGO,2011,Loan through store credit in the past year (% age 15+),GFDD.AI.17,1.102754
Togo,TGO,2021,Loan from family or friends in the past year (% age 15+),GFDD.AI.18,33.98834
Togo,TGO,2017,Loan from family or friends in the past year (% age 15+),GFDD.AI.18,22.00671
Togo,TGO,2014,Loan from family or friends in the past year (% age 15+),GFDD.AI.18,17.05746
Togo,TGO,2011,Loan from family or friends in the past year (% age 15+),GFDD.AI.18,19.30481
Togo,TGO,2011,Checks used to make payments (% age 15+),GFDD.AI.19,0.952874
Togo,TGO,2021,Credit card (% age 15+),GFDD.AI.20,1.520405
Togo,TGO,2017,Credit card (% age 15+),GFDD.AI.20,3.512463
Togo,TGO,2014,Credit card (% age 15+),GFDD.AI.20,0.5209802
Togo,TGO,2011,Credit card (% age 15+),GFDD.AI.20,1.049148
Togo,TGO,2021,Debit card (% age 15+),GFDD.AI.21,7.004417
Togo,TGO,2017,Debit card (% age 15+),GFDD.AI.21,13.44834
Togo,TGO,2014,Debit card (% age 15+),GFDD.AI.21,2.265427
Togo,TGO,2011,Debit card (% age 15+),GFDD.AI.21,1.214749
Togo,TGO,2021,Electronic payments used to make payments (% age 15+),GFDD.AI.22,41.96151
Togo,TGO,2017,Electronic payments used to make payments (% age 15+),GFDD.AI.22,27.02046
Togo,TGO,2014,Electronic payments used to make payments (% age 15+),GFDD.AI.22,2.939624
Togo,TGO,2021,Mobile phone used to pay bills (% age 15+),GFDD.AI.23,6.977394
Togo,TGO,2017,Mobile phone used to pay bills (% age 15+),GFDD.AI.23,5.17732
Togo,TGO,2014,Mobile phone used to pay bills (% age 15+),GFDD.AI.23,0.1999442
Togo,TGO,2021,Mobile phone used to send money (% age 15+),GFDD.AI.24,17.92608
Togo,TGO,2017,Mobile phone used to send money (% age 15+),GFDD.AI.24,11.80708
Togo,TGO,2014,Mobile phone used to send money (% age 15+),GFDD.AI.24,1.889448
Togo,TGO,2020,"ATMs per 100,000 adults",GFDD.AI.25,6.5112618
Togo,TGO,2019,"ATMs per 100,000 adults",GFDD.AI.25,6.0812901
Togo,TGO,2018,"ATMs per 100,000 adults",GFDD.AI.25,6.136328
Togo,TGO,2017,"ATMs per 100,000 adults",GFDD.AI.25,3.98396
Togo,TGO,2016,"ATMs per 100,000 adults",GFDD.AI.25,6.0967993
Togo,TGO,2015,"ATMs per 100,000 adults",GFDD.AI.25,5.6401646
Togo,TGO,2014,"ATMs per 100,000 adults",GFDD.AI.25,5.5169021
Togo,TGO,2013,"ATMs per 100,000 adults",GFDD.AI.25,4.7789115
Togo,TGO,2012,"ATMs per 100,000 adults",GFDD.AI.25,4.2998305
Togo,TGO,2011,"ATMs per 100,000 adults",GFDD.AI.25,3.1777279
Togo,TGO,2010,"ATMs per 100,000 adults",GFDD.AI.25,2.8306776
Togo,TGO,2021,Depositing/withdrawing at least once in a typical month (% age 15+),GFDD.AI.26,2.940334
Togo,TGO,2017,Depositing/withdrawing at least once in a typical month (% age 15+),GFDD.AI.26,7.791141
Togo,TGO,2014,Depositing/withdrawing at least once in a typical month (% age 15+),GFDD.AI.26,3.563608
Togo,TGO,2016,Firms with a checking or savings account (%),GFDD.AI.27,93.9
Togo,TGO,2009,Firms with a checking or savings account (%),GFDD.AI.27,94.2
Togo,TGO,2016,Firms using banks to finance investments (%),GFDD.AI.28,25.7
Togo,TGO,2009,Firms using banks to finance investments (%),GFDD.AI.28,16.9
Togo,TGO,2016,Firms using banks to finance working capital (%),GFDD.AI.29,40.3
Togo,TGO,2009,Firms using banks to finance working capital (%),GFDD.AI.29,16.9
Togo,TGO,2016,Loans requiring collateral (%),GFDD.AI.30,90.9
Togo,TGO,2009,Loans requiring collateral (%),GFDD.AI.30,89.5
Togo,TGO,2016,Value of collateral needed for a loan (% of the loan amount),GFDD.AI.31,226.1
Togo,TGO,2009,Value of collateral needed for a loan (% of the loan amount),GFDD.AI.31,237.6
Togo,TGO,2016,Firms not needing a loan (%),GFDD.AI.32,31.4
Togo,TGO,2009,Firms not needing a loan (%),GFDD.AI.32,12.9
Togo,TGO,2016,Firms whose recent loan application was rejected (%),GFDD.AI.33,9.7
Togo,TGO,2016,Investments financed by banks (%),GFDD.AI.34,17.6
Togo,TGO,2009,Investments financed by banks (%),GFDD.AI.34,13.1
Togo,TGO,2016,Working capital financed by banks (%),GFDD.AI.35,18.9
Togo,TGO,2009,Working capital financed by banks (%),GFDD.AI.35,10.3
Togo,TGO,2016,Firms identifying access to finance as a major constraint (%),GFDD.AI.36,51.2
Togo,TGO,2009,Firms identifying access to finance as a major constraint (%),GFDD.AI.36,58.6
Togo,TGO,2021,Private credit by deposit money banks to GDP (%),GFDD.DI.01,26.55819
Togo,TGO,2020,Private credit by deposit money banks to GDP (%),GFDD.DI.01,26.51215
Togo,TGO,2019,Private credit by deposit money banks to GDP (%),GFDD.DI.01,26.65423
Togo,TGO,2018,Private credit by deposit money banks to GDP (%),GFDD.DI.01,27.40802
Togo,TGO,2017,Private credit by deposit money banks to GDP (%),GFDD.DI.01,29.52927
Togo,TGO,2016,Private credit by deposit money banks to GDP (%),GFDD.DI.01,30.5489
Togo,TGO,2015,Private credit by deposit money banks to GDP (%),GFDD.DI.01,35.82965
Togo,TGO,2014,Private credit by deposit money banks to GDP (%),GFDD.DI.01,33.73916
Togo,TGO,2013,Private credit by deposit money banks to GDP (%),GFDD.DI.01,32.33496
Togo,TGO,2012,Private credit by deposit money banks to GDP (%),GFDD.DI.01,30.42545
Togo,TGO,2011,Private credit by deposit money banks to GDP (%),GFDD.DI.01,27.70703
Togo,TGO,2010,Private credit by deposit money banks to GDP (%),GFDD.DI.01,21.12597
Togo,TGO,2009,Private credit by deposit money banks to GDP (%),GFDD.DI.01,18.54354
Togo,TGO,2008,Private credit by deposit money banks to GDP (%),GFDD.DI.01,16.38934
Togo,TGO,2007,Private credit by deposit money banks to GDP (%),GFDD.DI.01,19.98845
Togo,TGO,2006,Private credit by deposit money banks to GDP (%),GFDD.DI.01,15.97009
Togo,TGO,2005,Private credit by deposit money banks to GDP (%),GFDD.DI.01,16.21548
Togo,TGO,2004,Private credit by deposit money banks to GDP (%),GFDD.DI.01,14.60723
Togo,TGO,2003,Private credit by deposit money banks to GDP (%),GFDD.DI.01,13.58683
Togo,TGO,2002,Private credit by deposit money banks to GDP (%),GFDD.DI.01,10.78222
Togo,TGO,2001,Private credit by deposit money banks to GDP (%),GFDD.DI.01,12.65024
Togo,TGO,2000,Private credit by deposit money banks to GDP (%),GFDD.DI.01,13.92974
Togo,TGO,1999,Private credit by deposit money banks to GDP (%),GFDD.DI.01,15.10212
Togo,TGO,1998,Private credit by deposit money banks to GDP (%),GFDD.DI.01,17.28599
Togo,TGO,1997,Private credit by deposit money banks to GDP (%),GFDD.DI.01,17.68927
Togo,TGO,1996,Private credit by deposit money banks to GDP (%),GFDD.DI.01,18.70504
Togo,TGO,1995,Private credit by deposit money banks to GDP (%),GFDD.DI.01,19.95023
Togo,TGO,1994,Private credit by deposit money banks to GDP (%),GFDD.DI.01,18.66769
Togo,TGO,1993,Private credit by deposit money banks to GDP (%),GFDD.DI.01,29.17228
Togo,TGO,1992,Private credit by deposit money banks to GDP (%),GFDD.DI.01,24.6851
Togo,TGO,1991,Private credit by deposit money banks to GDP (%),GFDD.DI.01,24.77148
Togo,TGO,1990,Private credit by deposit money banks to GDP (%),GFDD.DI.01,22.34983
Togo,TGO,1989,Private credit by deposit money banks to GDP (%),GFDD.DI.01,22.0789
Togo,TGO,1988,Private credit by deposit money banks to GDP (%),GFDD.DI.01,24.27346
Togo,TGO,1987,Private credit by deposit money banks to GDP (%),GFDD.DI.01,25.68167
Togo,TGO,1986,Private credit by deposit money banks to GDP (%),GFDD.DI.01,24.30103
Togo,TGO,1985,Private credit by deposit money banks to GDP (%),GFDD.DI.01,20.35474
Togo,TGO,1984,Private credit by deposit money banks to GDP (%),GFDD.DI.01,22.57584
Togo,TGO,1983,Private credit by deposit money banks to GDP (%),GFDD.DI.01,23.05689
Togo,TGO,1982,Private credit by deposit money banks to GDP (%),GFDD.DI.01,25.61926
Togo,TGO,1981,Private credit by deposit money banks to GDP (%),GFDD.DI.01,23.70249
Togo,TGO,1980,Private credit by deposit money banks to GDP (%),GFDD.DI.01,26.7097
Togo,TGO,1979,Private credit by deposit money banks to GDP (%),GFDD.DI.01,29.60728
Togo,TGO,1978,Private credit by deposit money banks to GDP (%),GFDD.DI.01,26.45108
Togo,TGO,1977,Private credit by deposit money banks to GDP (%),GFDD.DI.01,22.5712
Togo,TGO,1976,Private credit by deposit money banks to GDP (%),GFDD.DI.01,21.4223
Togo,TGO,1975,Private credit by deposit money banks to GDP (%),GFDD.DI.01,18.35979
Togo,TGO,1974,Private credit by deposit money banks to GDP (%),GFDD.DI.01,11.85248
Togo,TGO,1973,Private credit by deposit money banks to GDP (%),GFDD.DI.01,14.48455
Togo,TGO,1972,Private credit by deposit money banks to GDP (%),GFDD.DI.01,11.51891
Togo,TGO,1971,Private credit by deposit money banks to GDP (%),GFDD.DI.01,11.27757
Togo,TGO,1970,Private credit by deposit money banks to GDP (%),GFDD.DI.01,11.10115
Togo,TGO,1969,Private credit by deposit money banks to GDP (%),GFDD.DI.01,8.46553
Togo,TGO,1968,Private credit by deposit money banks to GDP (%),GFDD.DI.01,9.362272
Togo,TGO,1967,Private credit by deposit money banks to GDP (%),GFDD.DI.01,6.77193
Togo,TGO,1966,Private credit by deposit money banks to GDP (%),GFDD.DI.01,5.969867
Togo,TGO,1965,Private credit by deposit money banks to GDP (%),GFDD.DI.01,5.882354
Togo,TGO,1964,Private credit by deposit money banks to GDP (%),GFDD.DI.01,9.680586
Togo,TGO,1963,Private credit by deposit money banks to GDP (%),GFDD.DI.01,10.28489
Togo,TGO,1962,Private credit by deposit money banks to GDP (%),GFDD.DI.01,9.87654
Togo,TGO,1961,Private credit by deposit money banks to GDP (%),GFDD.DI.01,10.06451
Togo,TGO,1960,Private credit by deposit money banks to GDP (%),GFDD.DI.01,8.754206
Togo,TGO,2021,Deposit money banks'' assets to GDP (%),GFDD.DI.02,39.86678
Togo,TGO,2020,Deposit money banks'' assets to GDP (%),GFDD.DI.02,40.77711
Togo,TGO,2019,Deposit money banks'' assets to GDP (%),GFDD.DI.02,42.6133
Togo,TGO,2018,Deposit money banks'' assets to GDP (%),GFDD.DI.02,42.54553
Togo,TGO,2017,Deposit money banks'' assets to GDP (%),GFDD.DI.02,41.68431
Togo,TGO,2016,Deposit money banks'' assets to GDP (%),GFDD.DI.02,40.01424
Togo,TGO,2015,Deposit money banks'' assets to GDP (%),GFDD.DI.02,47.84671
Togo,TGO,2014,Deposit money banks'' assets to GDP (%),GFDD.DI.02,47.3003
Togo,TGO,2013,Deposit money banks'' assets to GDP (%),GFDD.DI.02,42.44934
Togo,TGO,2012,Deposit money banks'' assets to GDP (%),GFDD.DI.02,40.85112
Togo,TGO,2011,Deposit money banks'' assets to GDP (%),GFDD.DI.02,36.1889
Togo,TGO,2010,Deposit money banks'' assets to GDP (%),GFDD.DI.02,33.69676
Togo,TGO,2009,Deposit money banks'' assets to GDP (%),GFDD.DI.02,33.05196
Togo,TGO,2008,Deposit money banks'' assets to GDP (%),GFDD.DI.02,30.02328
Togo,TGO,2007,Deposit money banks'' assets to GDP (%),GFDD.DI.02,24.1695
Togo,TGO,2006,Deposit money banks'' assets to GDP (%),GFDD.DI.02,22.63034
Togo,TGO,2005,Deposit money banks'' assets to GDP (%),GFDD.DI.02,22.48359
Togo,TGO,2004,Deposit money banks'' assets to GDP (%),GFDD.DI.02,19.94479
Togo,TGO,2003,Deposit money banks'' assets to GDP (%),GFDD.DI.02,16.33286
Togo,TGO,2002,Deposit money banks'' assets to GDP (%),GFDD.DI.02,13.79119
Togo,TGO,2001,Deposit money banks'' assets to GDP (%),GFDD.DI.02,15.63477
Togo,TGO,2000,Deposit money banks'' assets to GDP (%),GFDD.DI.02,14.95093
Togo,TGO,1999,Deposit money banks'' assets to GDP (%),GFDD.DI.02,16.55121
Togo,TGO,1998,Deposit money banks'' assets to GDP (%),GFDD.DI.02,19.06461
Togo,TGO,1997,Deposit money banks'' assets to GDP (%),GFDD.DI.02,19.68061
Togo,TGO,1996,Deposit money banks'' assets to GDP (%),GFDD.DI.02,20.905
Togo,TGO,1995,Deposit money banks'' assets to GDP (%),GFDD.DI.02,21.82612
Togo,TGO,1994,Deposit money banks'' assets to GDP (%),GFDD.DI.02,20.93216
Togo,TGO,1993,Deposit money banks'' assets to GDP (%),GFDD.DI.02,29.71969
Togo,TGO,1992,Deposit money banks'' assets to GDP (%),GFDD.DI.02,25.15195
Togo,TGO,1991,Deposit money banks'' assets to GDP (%),GFDD.DI.02,25.07213
Togo,TGO,1990,Deposit money banks'' assets to GDP (%),GFDD.DI.02,22.70056
Togo,TGO,1989,Deposit money banks'' assets to GDP (%),GFDD.DI.02,22.4744
Togo,TGO,1988,Deposit money banks'' assets to GDP (%),GFDD.DI.02,24.55591
Togo,TGO,1987,Deposit money banks'' assets to GDP (%),GFDD.DI.02,25.90037
Togo,TGO,1986,Deposit money banks'' assets to GDP (%),GFDD.DI.02,24.55934
Togo,TGO,1985,Deposit money banks'' assets to GDP (%),GFDD.DI.02,20.57314
Togo,TGO,1984,Deposit money banks'' assets to GDP (%),GFDD.DI.02,23.3072
Togo,TGO,1983,Deposit money banks'' assets to GDP (%),GFDD.DI.02,24.14153
Togo,TGO,1982,Deposit money banks'' assets to GDP (%),GFDD.DI.02,26.88223
Togo,TGO,1981,Deposit money banks'' assets to GDP (%),GFDD.DI.02,25.16444
Togo,TGO,1980,Deposit money banks'' assets to GDP (%),GFDD.DI.02,28.63432
Togo,TGO,1979,Deposit money banks'' assets to GDP (%),GFDD.DI.02,31.74961
Togo,TGO,1978,Deposit money banks'' assets to GDP (%),GFDD.DI.02,27.13226
Togo,TGO,1977,Deposit money banks'' assets to GDP (%),GFDD.DI.02,22.89738
Togo,TGO,1976,Deposit money banks'' assets to GDP (%),GFDD.DI.02,21.44189
Togo,TGO,1975,Deposit money banks'' assets to GDP (%),GFDD.DI.02,18.38549
Togo,TGO,1974,Deposit money banks'' assets to GDP (%),GFDD.DI.02,11.85841
Togo,TGO,1973,Deposit money banks'' assets to GDP (%),GFDD.DI.02,14.50221
Togo,TGO,1972,Deposit money banks'' assets to GDP (%),GFDD.DI.02,11.52364
Togo,TGO,1971,Deposit money banks'' assets to GDP (%),GFDD.DI.02,11.28517
Togo,TGO,1970,Deposit money banks'' assets to GDP (%),GFDD.DI.02,11.11112
Togo,TGO,1969,Deposit money banks'' assets to GDP (%),GFDD.DI.02,8.478461
Togo,TGO,1968,Deposit money banks'' assets to GDP (%),GFDD.DI.02,9.377297
Togo,TGO,1967,Deposit money banks'' assets to GDP (%),GFDD.DI.02,6.801754
Togo,TGO,1966,Deposit money banks'' assets to GDP (%),GFDD.DI.02,5.988699
Togo,TGO,1965,Deposit money banks'' assets to GDP (%),GFDD.DI.02,5.899784
Togo,TGO,1964,Deposit money banks'' assets to GDP (%),GFDD.DI.02,9.692871
Togo,TGO,1963,Deposit money banks'' assets to GDP (%),GFDD.DI.02,10.28489
Togo,TGO,1962,Deposit money banks'' assets to GDP (%),GFDD.DI.02,9.87654
Togo,TGO,1961,Deposit money banks'' assets to GDP (%),GFDD.DI.02,10.06451
Togo,TGO,1960,Deposit money banks'' assets to GDP (%),GFDD.DI.02,8.754206
Togo,TGO,2021,Deposit money bank assets to deposit money bank assets and central bank assets (%),GFDD.DI.04,85.52377
Togo,TGO,2020,Deposit money bank assets to deposit money bank assets and central bank assets (%),GFDD.DI.04,89.69524
Togo,TGO,2019,Deposit money bank assets to deposit money bank assets and central bank assets (%),GFDD.DI.04,93.18723
Togo,TGO,2018,Deposit money bank assets to deposit money bank assets and central bank assets (%),GFDD.DI.04,94.15344
Togo,TGO,2017,Deposit money bank assets to deposit money bank assets and central bank assets (%),GFDD.DI.04,94.8707
Togo,TGO,2016,Deposit money bank assets to deposit money bank assets and central bank assets (%),GFDD.DI.04,95.76198
Togo,TGO,2015,Deposit money bank assets to deposit money bank assets and central bank assets (%),GFDD.DI.04,93.49186
Togo,TGO,2014,Deposit money bank assets to deposit money bank assets and central bank assets (%),GFDD.DI.04,91.6876
Togo,TGO,2013,Deposit money bank assets to deposit money bank assets and central bank assets (%),GFDD.DI.04,89.3166
Togo,TGO,2012,Deposit money bank assets to deposit money bank assets and central bank assets (%),GFDD.DI.04,87.5104
Togo,TGO,2011,Deposit money bank assets to deposit money bank assets and central bank assets (%),GFDD.DI.04,84.75193
Togo,TGO,2010,Deposit money bank assets to deposit money bank assets and central bank assets (%),GFDD.DI.04,83.83435
Togo,TGO,2009,Deposit money bank assets to deposit money bank assets and central bank assets (%),GFDD.DI.04,85.29377
Togo,TGO,2008,Deposit money bank assets to deposit money bank assets and central bank assets (%),GFDD.DI.04,92.81483
Togo,TGO,2007,Deposit money bank assets to deposit money bank assets and central bank assets (%),GFDD.DI.04,94.52638
Togo,TGO,2006,Deposit money bank assets to deposit money bank assets and central bank assets (%),GFDD.DI.04,91.98897
Togo,TGO,2005,Deposit money bank assets to deposit money bank assets and central bank assets (%),GFDD.DI.04,90.40692
Togo,TGO,2004,Deposit money bank assets to deposit money bank assets and central bank assets (%),GFDD.DI.04,86.50335
Togo,TGO,2003,Deposit money bank assets to deposit money bank assets and central bank assets (%),GFDD.DI.04,81.25195
Togo,TGO,2002,Deposit money bank assets to deposit money bank assets and central bank assets (%),GFDD.DI.04,74.89447
Togo,TGO,2001,Deposit money bank assets to deposit money bank assets and central bank assets (%),GFDD.DI.04,72.02303
Togo,TGO,2000,Deposit money bank assets to deposit money bank assets and central bank assets (%),GFDD.DI.04,70.29802
Togo,TGO,1999,Deposit money bank assets to deposit money bank assets and central bank assets (%),GFDD.DI.04,70.31744
Togo,TGO,1998,Deposit money bank assets to deposit money bank assets and central bank assets (%),GFDD.DI.04,69.99503
Togo,TGO,1997,Deposit money bank assets to deposit money bank assets and central bank assets (%),GFDD.DI.04,72.2849
Togo,TGO,1996,Deposit money bank assets to deposit money bank assets and central bank assets (%),GFDD.DI.04,69.06253
Togo,TGO,1995,Deposit money bank assets to deposit money bank assets and central bank assets (%),GFDD.DI.04,66.75245
Togo,TGO,1994,Deposit money bank assets to deposit money bank assets and central bank assets (%),GFDD.DI.04,69.6248
Togo,TGO,1993,Deposit money bank assets to deposit money bank assets and central bank assets (%),GFDD.DI.04,71.98483
Togo,TGO,1992,Deposit money bank assets to deposit money bank assets and central bank assets (%),GFDD.DI.04,73.80591
Togo,TGO,1991,Deposit money bank assets to deposit money bank assets and central bank assets (%),GFDD.DI.04,74.15834
Togo,TGO,1990,Deposit money bank assets to deposit money bank assets and central bank assets (%),GFDD.DI.04,70.60796
Togo,TGO,1989,Deposit money bank assets to deposit money bank assets and central bank assets (%),GFDD.DI.04,70.98738
Togo,TGO,1988,Deposit money bank assets to deposit money bank assets and central bank assets (%),GFDD.DI.04,70.36512
Togo,TGO,1987,Deposit money bank assets to deposit money bank assets and central bank assets (%),GFDD.DI.04,69.47977
Togo,TGO,1986,Deposit money bank assets to deposit money bank assets and central bank assets (%),GFDD.DI.04,67.80972
Togo,TGO,1985,Deposit money bank assets to deposit money bank assets and central bank assets (%),GFDD.DI.04,63.37684
Togo,TGO,1984,Deposit money bank assets to deposit money bank assets and central bank assets (%),GFDD.DI.04,68.45179
Togo,TGO,1983,Deposit money bank assets to deposit money bank assets and central bank assets (%),GFDD.DI.04,68.75768
Togo,TGO,1982,Deposit money bank assets to deposit money bank assets and central bank assets (%),GFDD.DI.04,76.23039
Togo,TGO,1981,Deposit money bank assets to deposit money bank assets and central bank assets (%),GFDD.DI.04,75.03934
Togo,TGO,1980,Deposit money bank assets to deposit money bank assets and central bank assets (%),GFDD.DI.04,84.30637
Togo,TGO,1979,Deposit money bank assets to deposit money bank assets and central bank assets (%),GFDD.DI.04,82.13082
Togo,TGO,1978,Deposit money bank assets to deposit money bank assets and central bank assets (%),GFDD.DI.04,82.98283
Togo,TGO,1977,Deposit money bank assets to deposit money bank assets and central bank assets (%),GFDD.DI.04,87.4645
Togo,TGO,1976,Deposit money bank assets to deposit money bank assets and central bank assets (%),GFDD.DI.04,92.80576
Togo,TGO,1975,Deposit money bank assets to deposit money bank assets and central bank assets (%),GFDD.DI.04,91.02953
Togo,TGO,1974,Deposit money bank assets to deposit money bank assets and central bank assets (%),GFDD.DI.04,99.93753
Togo,TGO,1973,Deposit money bank assets to deposit money bank assets and central bank assets (%),GFDD.DI.04,99.99239
Togo,TGO,1972,Deposit money bank assets to deposit money bank assets and central bank assets (%),GFDD.DI.04,99.96924
Togo,TGO,1968,Deposit money bank assets to deposit money bank assets and central bank assets (%),GFDD.DI.04,99.82229
Togo,TGO,1967,Deposit money bank assets to deposit money bank assets and central bank assets (%),GFDD.DI.04,97.97826
Togo,TGO,1964,Deposit money bank assets to deposit money bank assets and central bank assets (%),GFDD.DI.04,98.50188
Togo,TGO,1963,Deposit money bank assets to deposit money bank assets and central bank assets (%),GFDD.DI.04,99.17582
Togo,TGO,1962,Deposit money bank assets to deposit money bank assets and central bank assets (%),GFDD.DI.04,99.07121
Togo,TGO,2021,Liquid liabilities to GDP (%),GFDD.DI.05,47.56099
Togo,TGO,2020,Liquid liabilities to GDP (%),GFDD.DI.05,45.43344
Togo,TGO,2019,Liquid liabilities to GDP (%),GFDD.DI.05,42.03796
Togo,TGO,2018,Liquid liabilities to GDP (%),GFDD.DI.05,43.08395
Togo,TGO,2017,Liquid liabilities to GDP (%),GFDD.DI.05,42.04903
Togo,TGO,2016,Liquid liabilities to GDP (%),GFDD.DI.05,39.71268
Togo,TGO,2015,Liquid liabilities to GDP (%),GFDD.DI.05,53.22972
Togo,TGO,2014,Liquid liabilities to GDP (%),GFDD.DI.05,48.43481
Togo,TGO,2013,Liquid liabilities to GDP (%),GFDD.DI.05,45.35186
Togo,TGO,2012,Liquid liabilities to GDP (%),GFDD.DI.05,45.73066
Togo,TGO,2011,Liquid liabilities to GDP (%),GFDD.DI.05,45.41658
Togo,TGO,2010,Liquid liabilities to GDP (%),GFDD.DI.05,42.25584
Togo,TGO,2009,Liquid liabilities to GDP (%),GFDD.DI.05,38.80376
Togo,TGO,2008,Liquid liabilities to GDP (%),GFDD.DI.05,35.84811
Togo,TGO,2007,Liquid liabilities to GDP (%),GFDD.DI.05,35.26957
Togo,TGO,2006,Liquid liabilities to GDP (%),GFDD.DI.05,31.3349
Togo,TGO,2005,Liquid liabilities to GDP (%),GFDD.DI.05,26.07082
Togo,TGO,2004,Liquid liabilities to GDP (%),GFDD.DI.05,25.79738
Togo,TGO,2003,Liquid liabilities to GDP (%),GFDD.DI.05,21.1911
Togo,TGO,2002,Liquid liabilities to GDP (%),GFDD.DI.05,19.76352
Togo,TGO,2001,Liquid liabilities to GDP (%),GFDD.DI.05,22.09095
Togo,TGO,2000,Liquid liabilities to GDP (%),GFDD.DI.05,23.26793
Togo,TGO,1999,Liquid liabilities to GDP (%),GFDD.DI.05,22.02133
Togo,TGO,1998,Liquid liabilities to GDP (%),GFDD.DI.05,21.05509
Togo,TGO,1997,Liquid liabilities to GDP (%),GFDD.DI.05,22.5221
Togo,TGO,1996,Liquid liabilities to GDP (%),GFDD.DI.05,24.9706
Togo,TGO,1995,Liquid liabilities to GDP (%),GFDD.DI.05,30.58327
Togo,TGO,1994,Liquid liabilities to GDP (%),GFDD.DI.05,29.96439
Togo,TGO,1993,Liquid liabilities to GDP (%),GFDD.DI.05,32.43671
Togo,TGO,1992,Liquid liabilities to GDP (%),GFDD.DI.05,30.16565
Togo,TGO,1991,Liquid liabilities to GDP (%),GFDD.DI.05,36.47075
Togo,TGO,1990,Liquid liabilities to GDP (%),GFDD.DI.05,36.0501
Togo,TGO,1989,Liquid liabilities to GDP (%),GFDD.DI.05,33.80984
Togo,TGO,1988,Liquid liabilities to GDP (%),GFDD.DI.05,35.13744
Togo,TGO,1987,Liquid liabilities to GDP (%),GFDD.DI.05,43.63745
Togo,TGO,1986,Liquid liabilities to GDP (%),GFDD.DI.05,45.04273
Togo,TGO,1985,Liquid liabilities to GDP (%),GFDD.DI.05,41.80993
Togo,TGO,1984,Liquid liabilities to GDP (%),GFDD.DI.05,43.36425
Togo,TGO,1983,Liquid liabilities to GDP (%),GFDD.DI.05,40.35675
Togo,TGO,1982,Liquid liabilities to GDP (%),GFDD.DI.05,43.39667
Togo,TGO,1981,Liquid liabilities to GDP (%),GFDD.DI.05,38.45889
Togo,TGO,1980,Liquid liabilities to GDP (%),GFDD.DI.05,30.22491
Togo,TGO,1979,Liquid liabilities to GDP (%),GFDD.DI.05,35.0738
Togo,TGO,1978,Liquid liabilities to GDP (%),GFDD.DI.05,34.91613
Togo,TGO,1977,Liquid liabilities to GDP (%),GFDD.DI.05,25.17173
Togo,TGO,1976,Liquid liabilities to GDP (%),GFDD.DI.05,27.84527
Togo,TGO,1975,Liquid liabilities to GDP (%),GFDD.DI.05,21.37415
Togo,TGO,1974,Liquid liabilities to GDP (%),GFDD.DI.05,22.58562
Togo,TGO,1973,Liquid liabilities to GDP (%),GFDD.DI.05,17.56513
Togo,TGO,1972,Liquid liabilities to GDP (%),GFDD.DI.05,16.42907
Togo,TGO,1971,Liquid liabilities to GDP (%),GFDD.DI.05,17.88594
Togo,TGO,1970,Liquid liabilities to GDP (%),GFDD.DI.05,18.0627
Togo,TGO,1969,Liquid liabilities to GDP (%),GFDD.DI.05,16.51008
Togo,TGO,1968,Liquid liabilities to GDP (%),GFDD.DI.05,14.29549
Togo,TGO,1967,Liquid liabilities to GDP (%),GFDD.DI.05,12.22807
Togo,TGO,1966,Liquid liabilities to GDP (%),GFDD.DI.05,11.09228
Togo,TGO,1965,Liquid liabilities to GDP (%),GFDD.DI.05,11.87364
Togo,TGO,1964,Liquid liabilities to GDP (%),GFDD.DI.05,11.13022
Togo,TGO,1963,Liquid liabilities to GDP (%),GFDD.DI.05,11.11111
Togo,TGO,1962,Liquid liabilities to GDP (%),GFDD.DI.05,11.35802
Togo,TGO,2021,Central bank assets to GDP (%),GFDD.DI.06,6.748073
Togo,TGO,2020,Central bank assets to GDP (%),GFDD.DI.06,4.684736
Togo,TGO,2019,Central bank assets to GDP (%),GFDD.DI.06,3.115395
Togo,TGO,2018,Central bank assets to GDP (%),GFDD.DI.06,2.641912
Togo,TGO,2017,Central bank assets to GDP (%),GFDD.DI.06,2.253716
Togo,TGO,2016,Central bank assets to GDP (%),GFDD.DI.06,1.770862
Togo,TGO,2015,Central bank assets to GDP (%),GFDD.DI.06,3.330694
Togo,TGO,2014,Central bank assets to GDP (%),GFDD.DI.06,4.288246
Togo,TGO,2013,Central bank assets to GDP (%),GFDD.DI.06,5.077476
Togo,TGO,2012,Central bank assets to GDP (%),GFDD.DI.06,5.830326
Togo,TGO,2011,Central bank assets to GDP (%),GFDD.DI.06,6.510893
Togo,TGO,2010,Central bank assets to GDP (%),GFDD.DI.06,6.497697
Togo,TGO,2009,Central bank assets to GDP (%),GFDD.DI.06,5.698773
Togo,TGO,2008,Central bank assets to GDP (%),GFDD.DI.06,2.324226
Togo,TGO,2007,Central bank assets to GDP (%),GFDD.DI.06,1.399551
Togo,TGO,2006,Central bank assets to GDP (%),GFDD.DI.06,1.970807
Togo,TGO,2005,Central bank assets to GDP (%),GFDD.DI.06,2.385733
Togo,TGO,2004,Central bank assets to GDP (%),GFDD.DI.06,3.111877
Togo,TGO,2003,Central bank assets to GDP (%),GFDD.DI.06,3.768639
Togo,TGO,2002,Central bank assets to GDP (%),GFDD.DI.06,4.622972
Togo,TGO,2001,Central bank assets to GDP (%),GFDD.DI.06,6.073246
Togo,TGO,2000,Central bank assets to GDP (%),GFDD.DI.06,6.316994
Togo,TGO,1999,Central bank assets to GDP (%),GFDD.DI.06,6.986634
Togo,TGO,1998,Central bank assets to GDP (%),GFDD.DI.06,8.172479
Togo,TGO,1997,Central bank assets to GDP (%),GFDD.DI.06,7.545836
Togo,TGO,1996,Central bank assets to GDP (%),GFDD.DI.06,9.364672
Togo,TGO,1995,Central bank assets to GDP (%),GFDD.DI.06,10.87099
Togo,TGO,1994,Central bank assets to GDP (%),GFDD.DI.06,9.132069
Togo,TGO,1993,Central bank assets to GDP (%),GFDD.DI.06,11.56636
Togo,TGO,1992,Central bank assets to GDP (%),GFDD.DI.06,8.926555
Togo,TGO,1991,Central bank assets to GDP (%),GFDD.DI.06,8.736785
Togo,TGO,1990,Central bank assets to GDP (%),GFDD.DI.06,9.449583
Togo,TGO,1989,Central bank assets to GDP (%),GFDD.DI.06,9.18531
Togo,TGO,1988,Central bank assets to GDP (%),GFDD.DI.06,10.34193
Togo,TGO,1987,Central bank assets to GDP (%),GFDD.DI.06,11.3772
Togo,TGO,1986,Central bank assets to GDP (%),GFDD.DI.06,11.65868
Togo,TGO,1985,Central bank assets to GDP (%),GFDD.DI.06,11.88847
Togo,TGO,1984,Central bank assets to GDP (%),GFDD.DI.06,10.74187
Togo,TGO,1983,Central bank assets to GDP (%),GFDD.DI.06,10.9695
Togo,TGO,1982,Central bank assets to GDP (%),GFDD.DI.06,8.382222
Togo,TGO,1981,Central bank assets to GDP (%),GFDD.DI.06,8.370555
Togo,TGO,1980,Central bank assets to GDP (%),GFDD.DI.06,5.330279
Togo,TGO,1979,Central bank assets to GDP (%),GFDD.DI.06,6.907749
Togo,TGO,1978,Central bank assets to GDP (%),GFDD.DI.06,5.563978
Togo,TGO,1977,Central bank assets to GDP (%),GFDD.DI.06,3.281676
Togo,TGO,1976,Central bank assets to GDP (%),GFDD.DI.06,1.662162
Togo,TGO,1975,Central bank assets to GDP (%),GFDD.DI.06,1.811791
Togo,TGO,1974,Central bank assets to GDP (%),GFDD.DI.06,0.0074129
Togo,TGO,1973,Central bank assets to GDP (%),GFDD.DI.06,0.0011038
Togo,TGO,1972,Central bank assets to GDP (%),GFDD.DI.06,0.0035461
Togo,TGO,1968,Central bank assets to GDP (%),GFDD.DI.06,0.0166945
Togo,TGO,1967,Central bank assets to GDP (%),GFDD.DI.06,0.1403509
Togo,TGO,1964,Central bank assets to GDP (%),GFDD.DI.06,0.1474201
Togo,TGO,1963,Central bank assets to GDP (%),GFDD.DI.06,0.08547
Togo,TGO,1962,Central bank assets to GDP (%),GFDD.DI.06,0.0925926
Togo,TGO,2021,Financial system deposits to GDP (%),GFDD.DI.08,40.61759
Togo,TGO,2020,Financial system deposits to GDP (%),GFDD.DI.08,37.80123
Togo,TGO,2019,Financial system deposits to GDP (%),GFDD.DI.08,33.96513
Togo,TGO,2018,Financial system deposits to GDP (%),GFDD.DI.08,34.52346
Togo,TGO,2017,Financial system deposits to GDP (%),GFDD.DI.08,33.83873
Togo,TGO,2016,Financial system deposits to GDP (%),GFDD.DI.08,32.75859
Togo,TGO,2015,Financial system deposits to GDP (%),GFDD.DI.08,42.73921
Togo,TGO,2014,Financial system deposits to GDP (%),GFDD.DI.08,41.25766
Togo,TGO,2013,Financial system deposits to GDP (%),GFDD.DI.08,37.04668
Togo,TGO,2012,Financial system deposits to GDP (%),GFDD.DI.08,36.96392
Togo,TGO,2011,Financial system deposits to GDP (%),GFDD.DI.08,34.19684
Togo,TGO,2010,Financial system deposits to GDP (%),GFDD.DI.08,30.941
Togo,TGO,2009,Financial system deposits to GDP (%),GFDD.DI.08,29.46365
Togo,TGO,2008,Financial system deposits to GDP (%),GFDD.DI.08,26.73791
Togo,TGO,2007,Financial system deposits to GDP (%),GFDD.DI.08,25.246
Togo,TGO,2006,Financial system deposits to GDP (%),GFDD.DI.08,22.9591
Togo,TGO,2005,Financial system deposits to GDP (%),GFDD.DI.08,20.67434
Togo,TGO,2004,Financial system deposits to GDP (%),GFDD.DI.08,19.40887
Togo,TGO,2003,Financial system deposits to GDP (%),GFDD.DI.08,17.00159
Togo,TGO,2002,Financial system deposits to GDP (%),GFDD.DI.08,14.23217
Togo,TGO,2001,Financial system deposits to GDP (%),GFDD.DI.08,13.92634
Togo,TGO,2000,Financial system deposits to GDP (%),GFDD.DI.08,13.94531
Togo,TGO,1999,Financial system deposits to GDP (%),GFDD.DI.08,13.39417
Togo,TGO,1998,Financial system deposits to GDP (%),GFDD.DI.08,13.76731
Togo,TGO,1997,Financial system deposits to GDP (%),GFDD.DI.08,15.35893
Togo,TGO,1996,Financial system deposits to GDP (%),GFDD.DI.08,16.83177
Togo,TGO,1995,Financial system deposits to GDP (%),GFDD.DI.08,19.13397
Togo,TGO,1994,Financial system deposits to GDP (%),GFDD.DI.08,21.54207
Togo,TGO,1993,Financial system deposits to GDP (%),GFDD.DI.08,29.16055
Togo,TGO,1992,Financial system deposits to GDP (%),GFDD.DI.08,25.03926
Togo,TGO,1991,Financial system deposits to GDP (%),GFDD.DI.08,28.22044
Togo,TGO,1990,Financial system deposits to GDP (%),GFDD.DI.08,28.58512
Togo,TGO,1989,Financial system deposits to GDP (%),GFDD.DI.08,30.92779
Togo,TGO,1988,Financial system deposits to GDP (%),GFDD.DI.08,30.77427
Togo,TGO,1987,Financial system deposits to GDP (%),GFDD.DI.08,32.22136
Togo,TGO,1986,Financial system deposits to GDP (%),GFDD.DI.08,33.97305
Togo,TGO,1985,Financial system deposits to GDP (%),GFDD.DI.08,31.58861
Togo,TGO,1984,Financial system deposits to GDP (%),GFDD.DI.08,32.59879
Togo,TGO,1983,Financial system deposits to GDP (%),GFDD.DI.08,25.75428
Togo,TGO,1982,Financial system deposits to GDP (%),GFDD.DI.08,24.35407
Togo,TGO,1981,Financial system deposits to GDP (%),GFDD.DI.08,20.12581
Togo,TGO,1980,Financial system deposits to GDP (%),GFDD.DI.08,19.43607
Togo,TGO,1979,Financial system deposits to GDP (%),GFDD.DI.08,24.70269
Togo,TGO,1978,Financial system deposits to GDP (%),GFDD.DI.08,24.61882
Togo,TGO,1977,Financial system deposits to GDP (%),GFDD.DI.08,17.64031
Togo,TGO,1976,Financial system deposits to GDP (%),GFDD.DI.08,19.15676
Togo,TGO,1975,Financial system deposits to GDP (%),GFDD.DI.08,14.63114
Togo,TGO,1974,Financial system deposits to GDP (%),GFDD.DI.08,17.01408
Togo,TGO,1973,Financial system deposits to GDP (%),GFDD.DI.08,11.74945
Togo,TGO,1972,Financial system deposits to GDP (%),GFDD.DI.08,10.79078
Togo,TGO,1971,Financial system deposits to GDP (%),GFDD.DI.08,11.49683
Togo,TGO,1970,Financial system deposits to GDP (%),GFDD.DI.08,12.23221
Togo,TGO,1969,Financial system deposits to GDP (%),GFDD.DI.08,10.63508
Togo,TGO,1968,Financial system deposits to GDP (%),GFDD.DI.08,8.649418
Togo,TGO,1967,Financial system deposits to GDP (%),GFDD.DI.08,7.085964
Togo,TGO,1966,Financial system deposits to GDP (%),GFDD.DI.08,6.139358
Togo,TGO,1965,Financial system deposits to GDP (%),GFDD.DI.08,6.187366
Togo,TGO,1964,Financial system deposits to GDP (%),GFDD.DI.08,5.562652
Togo,TGO,1963,Financial system deposits to GDP (%),GFDD.DI.08,4.900282
Togo,TGO,1962,Financial system deposits to GDP (%),GFDD.DI.08,4.728394
Togo,TGO,1961,Financial system deposits to GDP (%),GFDD.DI.08,3.903224
Togo,TGO,1960,Financial system deposits to GDP (%),GFDD.DI.08,3.87542
Togo,TGO,2018,Life insurance premium volume to GDP (%),GFDD.DI.09,0.9504668
Togo,TGO,2017,Life insurance premium volume to GDP (%),GFDD.DI.09,0.861505
Togo,TGO,2016,Life insurance premium volume to GDP (%),GFDD.DI.09,0.8426815
Togo,TGO,2015,Life insurance premium volume to GDP (%),GFDD.DI.09,0.7976809
Togo,TGO,2014,Life insurance premium volume to GDP (%),GFDD.DI.09,0.8699035
Togo,TGO,2013,Life insurance premium volume to GDP (%),GFDD.DI.09,0.7703059
Togo,TGO,2012,Life insurance premium volume to GDP (%),GFDD.DI.09,0.7809858
Togo,TGO,2011,Life insurance premium volume to GDP (%),GFDD.DI.09,0.7300269
Togo,TGO,2010,Life insurance premium volume to GDP (%),GFDD.DI.09,0.4907621
Togo,TGO,2009,Life insurance premium volume to GDP (%),GFDD.DI.09,0.4030468
Togo,TGO,2008,Life insurance premium volume to GDP (%),GFDD.DI.09,0.4504043
Togo,TGO,2007,Life insurance premium volume to GDP (%),GFDD.DI.09,0.3699378
Togo,TGO,2006,Life insurance premium volume to GDP (%),GFDD.DI.09,0.2789614
Togo,TGO,2005,Life insurance premium volume to GDP (%),GFDD.DI.09,0.2695619
Togo,TGO,2004,Life insurance premium volume to GDP (%),GFDD.DI.09,0.2588507
Togo,TGO,2003,Life insurance premium volume to GDP (%),GFDD.DI.09,0.233477
Togo,TGO,2002,Life insurance premium volume to GDP (%),GFDD.DI.09,0.2255815
Togo,TGO,2001,Life insurance premium volume to GDP (%),GFDD.DI.09,0.233399
Togo,TGO,2000,Life insurance premium volume to GDP (%),GFDD.DI.09,0.1836597
Togo,TGO,1999,Life insurance premium volume to GDP (%),GFDD.DI.09,0.2074228
Togo,TGO,1998,Life insurance premium volume to GDP (%),GFDD.DI.09,0.2073966
Togo,TGO,1997,Life insurance premium volume to GDP (%),GFDD.DI.09,0.1828411
Togo,TGO,1996,Life insurance premium volume to GDP (%),GFDD.DI.09,0.1779457
Togo,TGO,1995,Life insurance premium volume to GDP (%),GFDD.DI.09,0.1649658
Togo,TGO,2018,Non-life insurance premium volume to GDP (%),GFDD.DI.10,0.5779056
Togo,TGO,2017,Non-life insurance premium volume to GDP (%),GFDD.DI.10,0.7040482
Togo,TGO,2016,Non-life insurance premium volume to GDP (%),GFDD.DI.10,0.6933796
Togo,TGO,2015,Non-life insurance premium volume to GDP (%),GFDD.DI.10,0.7271214
Togo,TGO,2014,Non-life insurance premium volume to GDP (%),GFDD.DI.10,0.7291452
Togo,TGO,2013,Non-life insurance premium volume to GDP (%),GFDD.DI.10,0.678443
Togo,TGO,2012,Non-life insurance premium volume to GDP (%),GFDD.DI.10,0.7598152
Togo,TGO,2011,Non-life insurance premium volume to GDP (%),GFDD.DI.10,0.8761873
Togo,TGO,2010,Non-life insurance premium volume to GDP (%),GFDD.DI.10,0.7890685
Togo,TGO,2009,Non-life insurance premium volume to GDP (%),GFDD.DI.10,0.7001533
Togo,TGO,2008,Non-life insurance premium volume to GDP (%),GFDD.DI.10,0.7175781
Togo,TGO,2007,Non-life insurance premium volume to GDP (%),GFDD.DI.10,0.8104829
Togo,TGO,2006,Non-life insurance premium volume to GDP (%),GFDD.DI.10,0.7412038
Togo,TGO,2005,Non-life insurance premium volume to GDP (%),GFDD.DI.10,0.9629714
Togo,TGO,2004,Non-life insurance premium volume to GDP (%),GFDD.DI.10,0.7115076
Togo,TGO,2003,Non-life insurance premium volume to GDP (%),GFDD.DI.10,0.6063786
Togo,TGO,2002,Non-life insurance premium volume to GDP (%),GFDD.DI.10,0.6521357
Togo,TGO,2001,Non-life insurance premium volume to GDP (%),GFDD.DI.10,0.6657942
Togo,TGO,2000,Non-life insurance premium volume to GDP (%),GFDD.DI.10,0.7406713
Togo,TGO,1999,Non-life insurance premium volume to GDP (%),GFDD.DI.10,0.7584607
Togo,TGO,1998,Non-life insurance premium volume to GDP (%),GFDD.DI.10,0.7610254
Togo,TGO,1997,Non-life insurance premium volume to GDP (%),GFDD.DI.10,0.6815969
Togo,TGO,1996,Non-life insurance premium volume to GDP (%),GFDD.DI.10,0.6655061
Togo,TGO,1995,Non-life insurance premium volume to GDP (%),GFDD.DI.10,0.666486
Togo,TGO,2018,Insurance company assets to GDP (%),GFDD.DI.11,4.2378232
Togo,TGO,2017,Insurance company assets to GDP (%),GFDD.DI.11,3.9240098
Togo,TGO,2016,Insurance company assets to GDP (%),GFDD.DI.11,3.743185
Togo,TGO,2015,Insurance company assets to GDP (%),GFDD.DI.11,3.8294935
Togo,TGO,2014,Insurance company assets to GDP (%),GFDD.DI.11,3.8690399
Togo,TGO,2013,Insurance company assets to GDP (%),GFDD.DI.11,3.5448942
Togo,TGO,2012,Insurance company assets to GDP (%),GFDD.DI.11,3.264228
Togo,TGO,2011,Insurance company assets to GDP (%),GFDD.DI.11,3.0292368
Togo,TGO,2010,Insurance company assets to GDP (%),GFDD.DI.11,2.577425
Togo,TGO,2009,Insurance company assets to GDP (%),GFDD.DI.11,2.2763895
Togo,TGO,2008,Insurance company assets to GDP (%),GFDD.DI.11,1.5773429
Togo,TGO,2007,Insurance company assets to GDP (%),GFDD.DI.11,1.7447913
Togo,TGO,2006,Insurance company assets to GDP (%),GFDD.DI.11,1.8860946
Togo,TGO,2005,Insurance company assets to GDP (%),GFDD.DI.11,1.9292545
Togo,TGO,2004,Insurance company assets to GDP (%),GFDD.DI.11,1.7549044
Togo,TGO,2001,Insurance company assets to GDP (%),GFDD.DI.11,1.523025
Togo,TGO,2000,Insurance company assets to GDP (%),GFDD.DI.11,1.4957251
Togo,TGO,2021,Private credit by deposit money banks and other financial institutions to GDP (%),GFDD.DI.12,26.55819
Togo,TGO,2020,Private credit by deposit money banks and other financial institutions to GDP (%),GFDD.DI.12,26.51215
Togo,TGO,2019,Private credit by deposit money banks and other financial institutions to GDP (%),GFDD.DI.12,26.65423
Togo,TGO,2018,Private credit by deposit money banks and other financial institutions to GDP (%),GFDD.DI.12,27.40802
Togo,TGO,2017,Private credit by deposit money banks and other financial institutions to GDP (%),GFDD.DI.12,29.52927
Togo,TGO,2016,Private credit by deposit money banks and other financial institutions to GDP (%),GFDD.DI.12,30.5489
Togo,TGO,2015,Private credit by deposit money banks and other financial institutions to GDP (%),GFDD.DI.12,35.82965
Togo,TGO,2014,Private credit by deposit money banks and other financial institutions to GDP (%),GFDD.DI.12,33.73916
Togo,TGO,2013,Private credit by deposit money banks and other financial institutions to GDP (%),GFDD.DI.12,32.33496
Togo,TGO,2012,Private credit by deposit money banks and other financial institutions to GDP (%),GFDD.DI.12,30.42545
Togo,TGO,2011,Private credit by deposit money banks and other financial institutions to GDP (%),GFDD.DI.12,27.70703
Togo,TGO,2010,Private credit by deposit money banks and other financial institutions to GDP (%),GFDD.DI.12,21.12597
Togo,TGO,2009,Private credit by deposit money banks and other financial institutions to GDP (%),GFDD.DI.12,18.54354
Togo,TGO,2008,Private credit by deposit money banks and other financial institutions to GDP (%),GFDD.DI.12,16.38934
Togo,TGO,2007,Private credit by deposit money banks and other financial institutions to GDP (%),GFDD.DI.12,19.98845
Togo,TGO,2006,Private credit by deposit money banks and other financial institutions to GDP (%),GFDD.DI.12,15.97009
Togo,TGO,2005,Private credit by deposit money banks and other financial institutions to GDP (%),GFDD.DI.12,16.21548
Togo,TGO,2004,Private credit by deposit money banks and other financial institutions to GDP (%),GFDD.DI.12,14.60723
Togo,TGO,2003,Private credit by deposit money banks and other financial institutions to GDP (%),GFDD.DI.12,13.58683
Togo,TGO,2002,Private credit by deposit money banks and other financial institutions to GDP (%),GFDD.DI.12,10.78222
Togo,TGO,2001,Private credit by deposit money banks and other financial institutions to GDP (%),GFDD.DI.12,12.65024
Togo,TGO,2000,Private credit by deposit money banks and other financial institutions to GDP (%),GFDD.DI.12,13.92974
Togo,TGO,1999,Private credit by deposit money banks and other financial institutions to GDP (%),GFDD.DI.12,15.10212
Togo,TGO,1998,Private credit by deposit money banks and other financial institutions to GDP (%),GFDD.DI.12,17.28599
Togo,TGO,1997,Private credit by deposit money banks and other financial institutions to GDP (%),GFDD.DI.12,17.68927
Togo,TGO,1996,Private credit by deposit money banks and other financial institutions to GDP (%),GFDD.DI.12,18.70504
Togo,TGO,1995,Private credit by deposit money banks and other financial institutions to GDP (%),GFDD.DI.12,19.95023
Togo,TGO,1994,Private credit by deposit money banks and other financial institutions to GDP (%),GFDD.DI.12,18.66769
Togo,TGO,1993,Private credit by deposit money banks and other financial institutions to GDP (%),GFDD.DI.12,29.17228
Togo,TGO,1992,Private credit by deposit money banks and other financial institutions to GDP (%),GFDD.DI.12,24.6851
Togo,TGO,1991,Private credit by deposit money banks and other financial institutions to GDP (%),GFDD.DI.12,24.77148
Togo,TGO,1990,Private credit by deposit money banks and other financial institutions to GDP (%),GFDD.DI.12,22.34983
Togo,TGO,1989,Private credit by deposit money banks and other financial institutions to GDP (%),GFDD.DI.12,22.0789
Togo,TGO,1988,Private credit by deposit money banks and other financial institutions to GDP (%),GFDD.DI.12,24.27346
Togo,TGO,1987,Private credit by deposit money banks and other financial institutions to GDP (%),GFDD.DI.12,25.68167
Togo,TGO,1986,Private credit by deposit money banks and other financial institutions to GDP (%),GFDD.DI.12,24.30103
Togo,TGO,1985,Private credit by deposit money banks and other financial institutions to GDP (%),GFDD.DI.12,20.35474
Togo,TGO,1984,Private credit by deposit money banks and other financial institutions to GDP (%),GFDD.DI.12,22.57584
Togo,TGO,1983,Private credit by deposit money banks and other financial institutions to GDP (%),GFDD.DI.12,23.05689
Togo,TGO,1982,Private credit by deposit money banks and other financial institutions to GDP (%),GFDD.DI.12,25.61926
Togo,TGO,1981,Private credit by deposit money banks and other financial institutions to GDP (%),GFDD.DI.12,23.70249
Togo,TGO,1980,Private credit by deposit money banks and other financial institutions to GDP (%),GFDD.DI.12,26.7097
Togo,TGO,1979,Private credit by deposit money banks and other financial institutions to GDP (%),GFDD.DI.12,29.60728
Togo,TGO,1978,Private credit by deposit money banks and other financial institutions to GDP (%),GFDD.DI.12,26.45108
Togo,TGO,1977,Private credit by deposit money banks and other financial institutions to GDP (%),GFDD.DI.12,22.5712
Togo,TGO,1976,Private credit by deposit money banks and other financial institutions to GDP (%),GFDD.DI.12,21.4223
Togo,TGO,1975,Private credit by deposit money banks and other financial institutions to GDP (%),GFDD.DI.12,18.35979
Togo,TGO,1974,Private credit by deposit money banks and other financial institutions to GDP (%),GFDD.DI.12,11.85248
Togo,TGO,1973,Private credit by deposit money banks and other financial institutions to GDP (%),GFDD.DI.12,14.48455
Togo,TGO,1972,Private credit by deposit money banks and other financial institutions to GDP (%),GFDD.DI.12,11.51891
Togo,TGO,1971,Private credit by deposit money banks and other financial institutions to GDP (%),GFDD.DI.12,11.27757
Togo,TGO,1970,Private credit by deposit money banks and other financial institutions to GDP (%),GFDD.DI.12,11.10115
Togo,TGO,1969,Private credit by deposit money banks and other financial institutions to GDP (%),GFDD.DI.12,8.46553
Togo,TGO,1968,Private credit by deposit money banks and other financial institutions to GDP (%),GFDD.DI.12,9.362272
Togo,TGO,1967,Private credit by deposit money banks and other financial institutions to GDP (%),GFDD.DI.12,6.77193
Togo,TGO,1966,Private credit by deposit money banks and other financial institutions to GDP (%),GFDD.DI.12,5.969867
Togo,TGO,1965,Private credit by deposit money banks and other financial institutions to GDP (%),GFDD.DI.12,5.882354
Togo,TGO,1964,Private credit by deposit money banks and other financial institutions to GDP (%),GFDD.DI.12,9.680586
Togo,TGO,1963,Private credit by deposit money banks and other financial institutions to GDP (%),GFDD.DI.12,10.28489
Togo,TGO,1962,Private credit by deposit money banks and other financial institutions to GDP (%),GFDD.DI.12,9.87654
Togo,TGO,1961,Private credit by deposit money banks and other financial institutions to GDP (%),GFDD.DI.12,10.06451
Togo,TGO,1960,Private credit by deposit money banks and other financial institutions to GDP (%),GFDD.DI.12,8.754206
Togo,TGO,2020,Domestic credit to private sector (% of GDP),GFDD.DI.14,26.5789
Togo,TGO,2019,Domestic credit to private sector (% of GDP),GFDD.DI.14,26.723
Togo,TGO,2018,Domestic credit to private sector (% of GDP),GFDD.DI.14,27.4818
Togo,TGO,2017,Domestic credit to private sector (% of GDP),GFDD.DI.14,29.6026
Togo,TGO,2016,Domestic credit to private sector (% of GDP),GFDD.DI.14,30.6165
Togo,TGO,2015,Domestic credit to private sector (% of GDP),GFDD.DI.14,40.163
Togo,TGO,2014,Domestic credit to private sector (% of GDP),GFDD.DI.14,35.6006
Togo,TGO,2013,Domestic credit to private sector (% of GDP),GFDD.DI.14,37.9663
Togo,TGO,2012,Domestic credit to private sector (% of GDP),GFDD.DI.14,30.5762
Togo,TGO,2011,Domestic credit to private sector (% of GDP),GFDD.DI.14,28.1257
Togo,TGO,2010,Domestic credit to private sector (% of GDP),GFDD.DI.14,21.7489
Togo,TGO,2009,Domestic credit to private sector (% of GDP),GFDD.DI.14,19.8087
Togo,TGO,2008,Domestic credit to private sector (% of GDP),GFDD.DI.14,18.7681
Togo,TGO,2007,Domestic credit to private sector (% of GDP),GFDD.DI.14,22.8282
Togo,TGO,2006,Domestic credit to private sector (% of GDP),GFDD.DI.14,15.8803
Togo,TGO,2005,Domestic credit to private sector (% of GDP),GFDD.DI.14,14.3473
Togo,TGO,2004,Domestic credit to private sector (% of GDP),GFDD.DI.14,13.2085
Togo,TGO,2003,Domestic credit to private sector (% of GDP),GFDD.DI.14,14.1949
Togo,TGO,2002,Domestic credit to private sector (% of GDP),GFDD.DI.14,11.4731
Togo,TGO,2001,Domestic credit to private sector (% of GDP),GFDD.DI.14,12.8342
Togo,TGO,2000,Domestic credit to private sector (% of GDP),GFDD.DI.14,13.9533
Togo,TGO,1999,Domestic credit to private sector (% of GDP),GFDD.DI.14,15.1289
Togo,TGO,1998,Domestic credit to private sector (% of GDP),GFDD.DI.14,17.342
Togo,TGO,1997,Domestic credit to private sector (% of GDP),GFDD.DI.14,17.7693
Togo,TGO,1996,Domestic credit to private sector (% of GDP),GFDD.DI.14,18.7969
Togo,TGO,1995,Domestic credit to private sector (% of GDP),GFDD.DI.14,20.0805
Togo,TGO,1994,Domestic credit to private sector (% of GDP),GFDD.DI.14,18.7867
Togo,TGO,1993,Domestic credit to private sector (% of GDP),GFDD.DI.14,29.5731
Togo,TGO,1992,Domestic credit to private sector (% of GDP),GFDD.DI.14,25.017
Togo,TGO,1991,Domestic credit to private sector (% of GDP),GFDD.DI.14,24.8588
Togo,TGO,1990,Domestic credit to private sector (% of GDP),GFDD.DI.14,22.5724
Togo,TGO,1989,Domestic credit to private sector (% of GDP),GFDD.DI.14,22.5927
Togo,TGO,1988,Domestic credit to private sector (% of GDP),GFDD.DI.14,24.3689
Togo,TGO,1987,Domestic credit to private sector (% of GDP),GFDD.DI.14,25.6869
Togo,TGO,1986,Domestic credit to private sector (% of GDP),GFDD.DI.14,24.8772
Togo,TGO,1985,Domestic credit to private sector (% of GDP),GFDD.DI.14,20.8307
Togo,TGO,1984,Domestic credit to private sector (% of GDP),GFDD.DI.14,23.0427
Togo,TGO,1983,Domestic credit to private sector (% of GDP),GFDD.DI.14,23.7354
Togo,TGO,1982,Domestic credit to private sector (% of GDP),GFDD.DI.14,26.3711
Togo,TGO,1981,Domestic credit to private sector (% of GDP),GFDD.DI.14,24.2772
Togo,TGO,1980,Domestic credit to private sector (% of GDP),GFDD.DI.14,27.4577
Togo,TGO,1979,Domestic credit to private sector (% of GDP),GFDD.DI.14,30.6827
Togo,TGO,1978,Domestic credit to private sector (% of GDP),GFDD.DI.14,27.4231
Togo,TGO,1977,Domestic credit to private sector (% of GDP),GFDD.DI.14,23.1571
Togo,TGO,1976,Domestic credit to private sector (% of GDP),GFDD.DI.14,21.6568
Togo,TGO,1975,Domestic credit to private sector (% of GDP),GFDD.DI.14,18.6243
Togo,TGO,1974,Domestic credit to private sector (% of GDP),GFDD.DI.14,12.0504
Togo,TGO,1973,Domestic credit to private sector (% of GDP),GFDD.DI.14,14.7197
Togo,TGO,1972,Domestic credit to private sector (% of GDP),GFDD.DI.14,12.0449
Togo,TGO,1971,Domestic credit to private sector (% of GDP),GFDD.DI.14,11.9582
Togo,TGO,1970,Domestic credit to private sector (% of GDP),GFDD.DI.14,11.9302
Togo,TGO,1969,Domestic credit to private sector (% of GDP),GFDD.DI.14,9.15088
Togo,TGO,1968,Domestic credit to private sector (% of GDP),GFDD.DI.14,9.9616
Togo,TGO,1967,Domestic credit to private sector (% of GDP),GFDD.DI.14,7.57895
Togo,TGO,1966,Domestic credit to private sector (% of GDP),GFDD.DI.14,6.94915
Togo,TGO,1965,Domestic credit to private sector (% of GDP),GFDD.DI.14,6.84096
Togo,TGO,1964,Domestic credit to private sector (% of GDP),GFDD.DI.14,10.8354
Togo,TGO,1963,Domestic credit to private sector (% of GDP),GFDD.DI.14,11.3105
Togo,TGO,1962,Domestic credit to private sector (% of GDP),GFDD.DI.14,11.0802
Togo,TGO,2019,Gross portfolio equity liabilities to GDP (%),GFDD.DM.08,2.81354
Togo,TGO,2018,Gross portfolio equity liabilities to GDP (%),GFDD.DM.08,6.145879
Togo,TGO,2017,Gross portfolio equity liabilities to GDP (%),GFDD.DM.08,10.29101
Togo,TGO,2016,Gross portfolio equity liabilities to GDP (%),GFDD.DM.08,6.480274
Togo,TGO,2015,Gross portfolio equity liabilities to GDP (%),GFDD.DM.08,17.45636
Togo,TGO,2014,Gross portfolio equity liabilities to GDP (%),GFDD.DM.08,0.0052591
Togo,TGO,2012,Gross portfolio equity liabilities to GDP (%),GFDD.DM.08,0.0057123
Togo,TGO,2011,Gross portfolio equity liabilities to GDP (%),GFDD.DM.08,0.0056031
Togo,TGO,2010,Gross portfolio equity liabilities to GDP (%),GFDD.DM.08,2.210165
Togo,TGO,2009,Gross portfolio equity liabilities to GDP (%),GFDD.DM.08,2.272636
Togo,TGO,2008,Gross portfolio equity liabilities to GDP (%),GFDD.DM.08,2.169651
Togo,TGO,2007,Gross portfolio equity liabilities to GDP (%),GFDD.DM.08,2.813036
Togo,TGO,2006,Gross portfolio equity liabilities to GDP (%),GFDD.DM.08,2.59116
Togo,TGO,2005,Gross portfolio equity liabilities to GDP (%),GFDD.DM.08,1.966042
Togo,TGO,2004,Gross portfolio equity liabilities to GDP (%),GFDD.DM.08,1.516315
Togo,TGO,2003,Gross portfolio equity liabilities to GDP (%),GFDD.DM.08,0.7884322
Togo,TGO,2002,Gross portfolio equity liabilities to GDP (%),GFDD.DM.08,2.41398
Togo,TGO,2001,Gross portfolio equity liabilities to GDP (%),GFDD.DM.08,1.953167
Togo,TGO,2000,Gross portfolio equity liabilities to GDP (%),GFDD.DM.08,2.014908
Togo,TGO,1999,Gross portfolio equity liabilities to GDP (%),GFDD.DM.08,1.376973
Togo,TGO,2019,Gross portfolio equity assets to GDP (%),GFDD.DM.09,4.44593
Togo,TGO,2018,Gross portfolio equity assets to GDP (%),GFDD.DM.09,4.205322
Togo,TGO,2017,Gross portfolio equity assets to GDP (%),GFDD.DM.09,6.362738
Togo,TGO,2016,Gross portfolio equity assets to GDP (%),GFDD.DM.09,1.421054
Togo,TGO,2015,Gross portfolio equity assets to GDP (%),GFDD.DM.09,3.067053
Togo,TGO,2014,Gross portfolio equity assets to GDP (%),GFDD.DM.09,0.0251356
Togo,TGO,2013,Gross portfolio equity assets to GDP (%),GFDD.DM.09,0.0156648
Togo,TGO,2012,Gross portfolio equity assets to GDP (%),GFDD.DM.09,0.0091397
Togo,TGO,2011,Gross portfolio equity assets to GDP (%),GFDD.DM.09,0.009016
Togo,TGO,2010,Gross portfolio equity assets to GDP (%),GFDD.DM.09,0.5242596
Togo,TGO,2009,Gross portfolio equity assets to GDP (%),GFDD.DM.09,0.5982981
Togo,TGO,2008,Gross portfolio equity assets to GDP (%),GFDD.DM.09,0.3754711
Togo,TGO,2007,Gross portfolio equity assets to GDP (%),GFDD.DM.09,1.066383
Togo,TGO,2006,Gross portfolio equity assets to GDP (%),GFDD.DM.09,1.164225
Togo,TGO,2005,Gross portfolio equity assets to GDP (%),GFDD.DM.09,1.115885
Togo,TGO,2004,Gross portfolio equity assets to GDP (%),GFDD.DM.09,0.4277988
Togo,TGO,2003,Gross portfolio equity assets to GDP (%),GFDD.DM.09,0.2389685
Togo,TGO,2002,Gross portfolio equity assets to GDP (%),GFDD.DM.09,0.5082753
Togo,TGO,2001,Gross portfolio equity assets to GDP (%),GFDD.DM.09,0.4459902
Togo,TGO,2000,Gross portfolio equity assets to GDP (%),GFDD.DM.09,0.4925311
Togo,TGO,1999,Gross portfolio equity assets to GDP (%),GFDD.DM.09,0.37745
Togo,TGO,2019,Gross portfolio debt liabilities to GDP (%),GFDD.DM.10,27.25814
Togo,TGO,2018,Gross portfolio debt liabilities to GDP (%),GFDD.DM.10,31.12514
Togo,TGO,2017,Gross portfolio debt liabilities to GDP (%),GFDD.DM.10,33.70334
Togo,TGO,2016,Gross portfolio debt liabilities to GDP (%),GFDD.DM.10,33.91756
Togo,TGO,2015,Gross portfolio debt liabilities to GDP (%),GFDD.DM.10,15.32451
Togo,TGO,2014,Gross portfolio debt liabilities to GDP (%),GFDD.DM.10,5.668249
Togo,TGO,2013,Gross portfolio debt liabilities to GDP (%),GFDD.DM.10,0.0553621
Togo,TGO,2012,Gross portfolio debt liabilities to GDP (%),GFDD.DM.10,0.008153
Togo,TGO,2011,Gross portfolio debt liabilities to GDP (%),GFDD.DM.10,0.0075897
Togo,TGO,2010,Gross portfolio debt liabilities to GDP (%),GFDD.DM.10,1.482343
Togo,TGO,2009,Gross portfolio debt liabilities to GDP (%),GFDD.DM.10,1.572758
Togo,TGO,2008,Gross portfolio debt liabilities to GDP (%),GFDD.DM.10,2.274402
Togo,TGO,2007,Gross portfolio debt liabilities to GDP (%),GFDD.DM.10,3.208252
Togo,TGO,2006,Gross portfolio debt liabilities to GDP (%),GFDD.DM.10,3.249857
Togo,TGO,2005,Gross portfolio debt liabilities to GDP (%),GFDD.DM.10,1.01002
Togo,TGO,2004,Gross portfolio debt liabilities to GDP (%),GFDD.DM.10,0.5616698
Togo,TGO,2003,Gross portfolio debt liabilities to GDP (%),GFDD.DM.10,0.0102831
Togo,TGO,2002,Gross portfolio debt liabilities to GDP (%),GFDD.DM.10,0.6416671
Togo,TGO,2001,Gross portfolio debt liabilities to GDP (%),GFDD.DM.10,0.2844875
Togo,TGO,1999,Gross portfolio debt liabilities to GDP (%),GFDD.DM.10,0.0035781
Togo,TGO,2019,Bank net interest margin (%),GFDD.EI.01,3.836253
Togo,TGO,2018,Bank net interest margin (%),GFDD.EI.01,3.732364
Togo,TGO,2017,Bank net interest margin (%),GFDD.EI.01,2.683277
Togo,TGO,2016,Bank net interest margin (%),GFDD.EI.01,2.012145
Togo,TGO,2015,Bank net interest margin (%),GFDD.EI.01,2.766906
Togo,TGO,2014,Bank net interest margin (%),GFDD.EI.01,2.490123
Togo,TGO,2013,Bank net interest margin (%),GFDD.EI.01,3.822792
Togo,TGO,2012,Bank net interest margin (%),GFDD.EI.01,3.788065
Togo,TGO,2011,Bank net interest margin (%),GFDD.EI.01,3.72141
Togo,TGO,2010,Bank net interest margin (%),GFDD.EI.01,3.86314
Togo,TGO,2009,Bank net interest margin (%),GFDD.EI.01,4.717342
Togo,TGO,2008,Bank net interest margin (%),GFDD.EI.01,3.990134
Togo,TGO,2007,Bank net interest margin (%),GFDD.EI.01,3.647269
Togo,TGO,2006,Bank net interest margin (%),GFDD.EI.01,3.539025
Togo,TGO,2003,Bank net interest margin (%),GFDD.EI.01,6.533437
Togo,TGO,2005,Bank lending-deposit spread,GFDD.EI.02,1.148333
Togo,TGO,2019,Bank noninterest income to total income (%),GFDD.EI.03,37.70521
Togo,TGO,2018,Bank noninterest income to total income (%),GFDD.EI.03,37.4628
Togo,TGO,2017,Bank noninterest income to total income (%),GFDD.EI.03,56.41279
Togo,TGO,2016,Bank noninterest income to total income (%),GFDD.EI.03,69.17464
Togo,TGO,2015,Bank noninterest income to total income (%),GFDD.EI.03,57.32219
Togo,TGO,2014,Bank noninterest income to total income (%),GFDD.EI.03,73.03574
Togo,TGO,2013,Bank noninterest income to total income (%),GFDD.EI.03,59.00904
Togo,TGO,2012,Bank noninterest income to total income (%),GFDD.EI.03,61.82384
Togo,TGO,2011,Bank noninterest income to total income (%),GFDD.EI.03,58.96732
Togo,TGO,2010,Bank noninterest income to total income (%),GFDD.EI.03,53.37366
Togo,TGO,2009,Bank noninterest income to total income (%),GFDD.EI.03,52.91341
Togo,TGO,2008,Bank noninterest income to total income (%),GFDD.EI.03,58.75543
Togo,TGO,2007,Bank noninterest income to total income (%),GFDD.EI.03,61.64311
Togo,TGO,2006,Bank noninterest income to total income (%),GFDD.EI.03,67.08551
Togo,TGO,2005,Bank noninterest income to total income (%),GFDD.EI.03,74.69674
Togo,TGO,2003,Bank noninterest income to total income (%),GFDD.EI.03,55.0882
Togo,TGO,2002,Bank noninterest income to total income (%),GFDD.EI.03,54.17633
Togo,TGO,2019,Bank overhead costs to total assets (%),GFDD.EI.04,3.701669
Togo,TGO,2018,Bank overhead costs to total assets (%),GFDD.EI.04,3.762882
Togo,TGO,2017,Bank overhead costs to total assets (%),GFDD.EI.04,3.748709
Togo,TGO,2016,Bank overhead costs to total assets (%),GFDD.EI.04,3.905004
Togo,TGO,2015,Bank overhead costs to total assets (%),GFDD.EI.04,4.011149
Togo,TGO,2014,Bank overhead costs to total assets (%),GFDD.EI.04,6.932898
Togo,TGO,2013,Bank overhead costs to total assets (%),GFDD.EI.04,5.845539
Togo,TGO,2012,Bank overhead costs to total assets (%),GFDD.EI.04,5.547349
Togo,TGO,2011,Bank overhead costs to total assets (%),GFDD.EI.04,4.361112
Togo,TGO,2010,Bank overhead costs to total assets (%),GFDD.EI.04,4.256195
Togo,TGO,2009,Bank overhead costs to total assets (%),GFDD.EI.04,5.864546
Togo,TGO,2008,Bank overhead costs to total assets (%),GFDD.EI.04,5.563181
Togo,TGO,2007,Bank overhead costs to total assets (%),GFDD.EI.04,5.619616
Togo,TGO,2006,Bank overhead costs to total assets (%),GFDD.EI.04,6.395302
Togo,TGO,2003,Bank overhead costs to total assets (%),GFDD.EI.04,7.205687
Togo,TGO,2019,"Bank return on assets (%, after tax)",GFDD.EI.05,1.738894
Togo,TGO,2018,"Bank return on assets (%, after tax)",GFDD.EI.05,0.1755049
Togo,TGO,2017,"Bank return on assets (%, after tax)",GFDD.EI.05,0.7236385
Togo,TGO,2016,"Bank return on assets (%, after tax)",GFDD.EI.05,3.011269
Togo,TGO,2015,"Bank return on assets (%, after tax)",GFDD.EI.05,-3.184616
Togo,TGO,2014,"Bank return on assets (%, after tax)",GFDD.EI.05,0.1598741
Togo,TGO,2013,"Bank return on assets (%, after tax)",GFDD.EI.05,0.8950345
Togo,TGO,2012,"Bank return on assets (%, after tax)",GFDD.EI.05,1.853201
Togo,TGO,2011,"Bank return on assets (%, after tax)",GFDD.EI.05,2.390105
Togo,TGO,2010,"Bank return on assets (%, after tax)",GFDD.EI.05,1.380739
Togo,TGO,2009,"Bank return on assets (%, after tax)",GFDD.EI.05,0.9772238
Togo,TGO,2008,"Bank return on assets (%, after tax)",GFDD.EI.05,2.424245
Togo,TGO,2007,"Bank return on assets (%, after tax)",GFDD.EI.05,2.05067
Togo,TGO,2006,"Bank return on assets (%, after tax)",GFDD.EI.05,1.773069
Togo,TGO,2003,"Bank return on assets (%, after tax)",GFDD.EI.05,-0.2302702
Togo,TGO,2019,"Bank return on equity (%, after tax)",GFDD.EI.06,21.85601
Togo,TGO,2018,"Bank return on equity (%, after tax)",GFDD.EI.06,20.82377
Togo,TGO,2017,"Bank return on equity (%, after tax)",GFDD.EI.06,15.57167
Togo,TGO,2016,"Bank return on equity (%, after tax)",GFDD.EI.06,57.43573
Togo,TGO,2015,"Bank return on equity (%, after tax)",GFDD.EI.06,-11.101
Togo,TGO,2013,"Bank return on equity (%, after tax)",GFDD.EI.06,24.37051
Togo,TGO,2012,"Bank return on equity (%, after tax)",GFDD.EI.06,23.72653
Togo,TGO,2011,"Bank return on equity (%, after tax)",GFDD.EI.06,27.2001
Togo,TGO,2010,"Bank return on equity (%, after tax)",GFDD.EI.06,14.85949
Togo,TGO,2009,"Bank return on equity (%, after tax)",GFDD.EI.06,10.08159
Togo,TGO,2008,"Bank return on equity (%, after tax)",GFDD.EI.06,25.02966
Togo,TGO,2007,"Bank return on equity (%, after tax)",GFDD.EI.06,20.86386
Togo,TGO,2006,"Bank return on equity (%, after tax)",GFDD.EI.06,16.04912
Togo,TGO,2019,Bank cost to income ratio (%),GFDD.EI.07,68.62978
Togo,TGO,2018,Bank cost to income ratio (%),GFDD.EI.07,73.93654
Togo,TGO,2017,Bank cost to income ratio (%),GFDD.EI.07,69.38692
Togo,TGO,2016,Bank cost to income ratio (%),GFDD.EI.07,68.62907
Togo,TGO,2015,Bank cost to income ratio (%),GFDD.EI.07,70.74356
Togo,TGO,2014,Bank cost to income ratio (%),GFDD.EI.07,82.11422
Togo,TGO,2013,Bank cost to income ratio (%),GFDD.EI.07,68.47501
Togo,TGO,2012,Bank cost to income ratio (%),GFDD.EI.07,61.74128
Togo,TGO,2011,Bank cost to income ratio (%),GFDD.EI.07,54.25348
Togo,TGO,2010,Bank cost to income ratio (%),GFDD.EI.07,60.12098
Togo,TGO,2009,Bank cost to income ratio (%),GFDD.EI.07,68.55492
Togo,TGO,2008,Bank cost to income ratio (%),GFDD.EI.07,66.42973
Togo,TGO,2007,Bank cost to income ratio (%),GFDD.EI.07,69.32504
Togo,TGO,2006,Bank cost to income ratio (%),GFDD.EI.07,70.15769
Togo,TGO,2005,Bank cost to income ratio (%),GFDD.EI.07,72.40902
Togo,TGO,2003,Bank cost to income ratio (%),GFDD.EI.07,71.99575
Togo,TGO,2002,Bank cost to income ratio (%),GFDD.EI.07,81.2645
Togo,TGO,2020,Credit to government and state-owned enterprises to GDP (%),GFDD.EI.08,18.8669
Togo,TGO,2019,Credit to government and state-owned enterprises to GDP (%),GFDD.EI.08,21.10756
Togo,TGO,2018,Credit to government and state-owned enterprises to GDP (%),GFDD.EI.08,20.10098
Togo,TGO,2017,Credit to government and state-owned enterprises to GDP (%),GFDD.EI.08,16.18678
Togo,TGO,2016,Credit to government and state-owned enterprises to GDP (%),GFDD.EI.08,12.77015
Togo,TGO,2015,Credit to government and state-owned enterprises to GDP (%),GFDD.EI.08,10.79762
Togo,TGO,2014,Credit to government and state-owned enterprises to GDP (%),GFDD.EI.08,12.34538
Togo,TGO,2013,Credit to government and state-owned enterprises to GDP (%),GFDD.EI.08,10.25597
Togo,TGO,2012,Credit to government and state-owned enterprises to GDP (%),GFDD.EI.08,9.612185
Togo,TGO,2011,Credit to government and state-owned enterprises to GDP (%),GFDD.EI.08,8.083114
Togo,TGO,2010,Credit to government and state-owned enterprises to GDP (%),GFDD.EI.08,9.354149
Togo,TGO,2009,Credit to government and state-owned enterprises to GDP (%),GFDD.EI.08,9.200985
Togo,TGO,2008,Credit to government and state-owned enterprises to GDP (%),GFDD.EI.08,8.754283
Togo,TGO,2007,Credit to government and state-owned enterprises to GDP (%),GFDD.EI.08,2.800028
Togo,TGO,2006,Credit to government and state-owned enterprises to GDP (%),GFDD.EI.08,6.763704
Togo,TGO,2005,Credit to government and state-owned enterprises to GDP (%),GFDD.EI.08,6.296704
Togo,TGO,2004,Credit to government and state-owned enterprises to GDP (%),GFDD.EI.08,5.208176
Togo,TGO,2003,Credit to government and state-owned enterprises to GDP (%),GFDD.EI.08,2.467464
Togo,TGO,2002,Credit to government and state-owned enterprises to GDP (%),GFDD.EI.08,2.786245
Togo,TGO,2001,Credit to government and state-owned enterprises to GDP (%),GFDD.EI.08,2.661886
Togo,TGO,2000,Credit to government and state-owned enterprises to GDP (%),GFDD.EI.08,1.021185
Togo,TGO,1999,Credit to government and state-owned enterprises to GDP (%),GFDD.EI.08,1.301947
Togo,TGO,1998,Credit to government and state-owned enterprises to GDP (%),GFDD.EI.08,1.613053
Togo,TGO,1997,Credit to government and state-owned enterprises to GDP (%),GFDD.EI.08,1.614686
Togo,TGO,1996,Credit to government and state-owned enterprises to GDP (%),GFDD.EI.08,1.776119
Togo,TGO,1995,Credit to government and state-owned enterprises to GDP (%),GFDD.EI.08,1.478832
Togo,TGO,1994,Credit to government and state-owned enterprises to GDP (%),GFDD.EI.08,1.768774
Togo,TGO,1993,Credit to government and state-owned enterprises to GDP (%),GFDD.EI.08,0.4160986
Togo,TGO,1992,Credit to government and state-owned enterprises to GDP (%),GFDD.EI.08,0.3710459
Togo,TGO,1991,Credit to government and state-owned enterprises to GDP (%),GFDD.EI.08,0.2371814
Togo,TGO,1990,Credit to government and state-owned enterprises to GDP (%),GFDD.EI.08,0.2779019
Togo,TGO,1989,Credit to government and state-owned enterprises to GDP (%),GFDD.EI.08,0.3136084
Togo,TGO,1988,Credit to government and state-owned enterprises to GDP (%),GFDD.EI.08,0.2239829
Togo,TGO,1987,Credit to government and state-owned enterprises to GDP (%),GFDD.EI.08,0.174854
Togo,TGO,1986,Credit to government and state-owned enterprises to GDP (%),GFDD.EI.08,0.2059552
Togo,TGO,1985,Credit to government and state-owned enterprises to GDP (%),GFDD.EI.08,0.1753202
Togo,TGO,1984,Credit to government and state-owned enterprises to GDP (%),GFDD.EI.08,0.5798715
Togo,TGO,1983,Credit to government and state-owned enterprises to GDP (%),GFDD.EI.08,0.8420758
Togo,TGO,1982,Credit to government and state-owned enterprises to GDP (%),GFDD.EI.08,1.002522
Togo,TGO,1981,Credit to government and state-owned enterprises to GDP (%),GFDD.EI.08,1.145898
Togo,TGO,1980,Credit to government and state-owned enterprises to GDP (%),GFDD.EI.08,1.479203
Togo,TGO,2019,"Bank return on assets (%, before tax)",GFDD.EI.09,1.991562
Togo,TGO,2018,"Bank return on assets (%, before tax)",GFDD.EI.09,0.4247908
Togo,TGO,2017,"Bank return on assets (%, before tax)",GFDD.EI.09,1.010703
Togo,TGO,2016,"Bank return on assets (%, before tax)",GFDD.EI.09,3.212624
Togo,TGO,2015,"Bank return on assets (%, before tax)",GFDD.EI.09,-3.094649
Togo,TGO,2014,"Bank return on assets (%, before tax)",GFDD.EI.09,0.2421593
Togo,TGO,2013,"Bank return on assets (%, before tax)",GFDD.EI.09,1.178153
Togo,TGO,2012,"Bank return on assets (%, before tax)",GFDD.EI.09,2.250945
Togo,TGO,2011,"Bank return on assets (%, before tax)",GFDD.EI.09,2.754019
Togo,TGO,2010,"Bank return on assets (%, before tax)",GFDD.EI.09,1.791291
Togo,TGO,2009,"Bank return on assets (%, before tax)",GFDD.EI.09,1.424101
Togo,TGO,2008,"Bank return on assets (%, before tax)",GFDD.EI.09,3.450121
Togo,TGO,2007,"Bank return on assets (%, before tax)",GFDD.EI.09,2.867325
Togo,TGO,2006,"Bank return on assets (%, before tax)",GFDD.EI.09,2.803349
Togo,TGO,2003,"Bank return on assets (%, before tax)",GFDD.EI.09,0.5060041
Togo,TGO,2019,"Bank return on equity (%, before tax)",GFDD.EI.10,26.15289
Togo,TGO,2018,"Bank return on equity (%, before tax)",GFDD.EI.10,25.43509
Togo,TGO,2017,"Bank return on equity (%, before tax)",GFDD.EI.10,17.79256
Togo,TGO,2016,"Bank return on equity (%, before tax)",GFDD.EI.10,61.15235
Togo,TGO,2015,"Bank return on equity (%, before tax)",GFDD.EI.10,-9.881055
Togo,TGO,2013,"Bank return on equity (%, before tax)",GFDD.EI.10,28.11078
Togo,TGO,2012,"Bank return on equity (%, before tax)",GFDD.EI.10,28.81885
Togo,TGO,2011,"Bank return on equity (%, before tax)",GFDD.EI.10,31.34154
Togo,TGO,2010,"Bank return on equity (%, before tax)",GFDD.EI.10,19.27784
Togo,TGO,2009,"Bank return on equity (%, before tax)",GFDD.EI.10,14.69183
Togo,TGO,2008,"Bank return on equity (%, before tax)",GFDD.EI.10,35.62153
Togo,TGO,2007,"Bank return on equity (%, before tax)",GFDD.EI.10,29.17265
Togo,TGO,2006,"Bank return on equity (%, before tax)",GFDD.EI.10,25.37482
Togo,TGO,2019,Bank concentration (%),GFDD.OI.01,62.41022
Togo,TGO,2018,Bank concentration (%),GFDD.OI.01,66.94537
Togo,TGO,2017,Bank concentration (%),GFDD.OI.01,65.06206
Togo,TGO,2016,Bank concentration (%),GFDD.OI.01,65.64112
Togo,TGO,2015,Bank concentration (%),GFDD.OI.01,72.96629
Togo,TGO,2014,Bank concentration (%),GFDD.OI.01,100
Togo,TGO,2013,Bank concentration (%),GFDD.OI.01,87.13803
Togo,TGO,2012,Bank concentration (%),GFDD.OI.01,83.68235
Togo,TGO,2011,Bank concentration (%),GFDD.OI.01,99.98119
Togo,TGO,2010,Bank concentration (%),GFDD.OI.01,99.97949
Togo,TGO,2009,Bank concentration (%),GFDD.OI.01,94.00945
Togo,TGO,2008,Bank concentration (%),GFDD.OI.01,100
Togo,TGO,2007,Bank concentration (%),GFDD.OI.01,100
Togo,TGO,2006,Bank concentration (%),GFDD.OI.01,94.59553
Togo,TGO,2005,Bank concentration (%),GFDD.OI.01,100
Togo,TGO,2003,Bank concentration (%),GFDD.OI.01,100
Togo,TGO,2002,Bank concentration (%),GFDD.OI.01,100
Togo,TGO,2021,Bank deposits to GDP (%),GFDD.OI.02,40.61759
Togo,TGO,2020,Bank deposits to GDP (%),GFDD.OI.02,37.80123
Togo,TGO,2019,Bank deposits to GDP (%),GFDD.OI.02,33.96513
Togo,TGO,2018,Bank deposits to GDP (%),GFDD.OI.02,34.52346
Togo,TGO,2017,Bank deposits to GDP (%),GFDD.OI.02,33.83873
Togo,TGO,2016,Bank deposits to GDP (%),GFDD.OI.02,32.75859
Togo,TGO,2015,Bank deposits to GDP (%),GFDD.OI.02,42.73921
Togo,TGO,2014,Bank deposits to GDP (%),GFDD.OI.02,41.25766
Togo,TGO,2013,Bank deposits to GDP (%),GFDD.OI.02,37.04668
Togo,TGO,2012,Bank deposits to GDP (%),GFDD.OI.02,36.96392
Togo,TGO,2011,Bank deposits to GDP (%),GFDD.OI.02,34.19684
Togo,TGO,2010,Bank deposits to GDP (%),GFDD.OI.02,30.941
Togo,TGO,2009,Bank deposits to GDP (%),GFDD.OI.02,29.46365
Togo,TGO,2008,Bank deposits to GDP (%),GFDD.OI.02,26.73791
Togo,TGO,2007,Bank deposits to GDP (%),GFDD.OI.02,25.246
Togo,TGO,2006,Bank deposits to GDP (%),GFDD.OI.02,22.9591
Togo,TGO,2005,Bank deposits to GDP (%),GFDD.OI.02,20.67434
Togo,TGO,2004,Bank deposits to GDP (%),GFDD.OI.02,19.40887
Togo,TGO,2003,Bank deposits to GDP (%),GFDD.OI.02,17.00159
Togo,TGO,2002,Bank deposits to GDP (%),GFDD.OI.02,14.23217
Togo,TGO,2001,Bank deposits to GDP (%),GFDD.OI.02,13.92634
Togo,TGO,2000,Bank deposits to GDP (%),GFDD.OI.02,13.94531
Togo,TGO,1999,Bank deposits to GDP (%),GFDD.OI.02,13.39417
Togo,TGO,1998,Bank deposits to GDP (%),GFDD.OI.02,13.76731
Togo,TGO,1997,Bank deposits to GDP (%),GFDD.OI.02,15.35893
Togo,TGO,1996,Bank deposits to GDP (%),GFDD.OI.02,16.83177
Togo,TGO,1995,Bank deposits to GDP (%),GFDD.OI.02,19.13397
Togo,TGO,1994,Bank deposits to GDP (%),GFDD.OI.02,21.54207
Togo,TGO,1993,Bank deposits to GDP (%),GFDD.OI.02,29.16055
Togo,TGO,1992,Bank deposits to GDP (%),GFDD.OI.02,25.03926
Togo,TGO,1991,Bank deposits to GDP (%),GFDD.OI.02,28.22044
Togo,TGO,1990,Bank deposits to GDP (%),GFDD.OI.02,28.58512
Togo,TGO,1989,Bank deposits to GDP (%),GFDD.OI.02,28.63563
Togo,TGO,1988,Bank deposits to GDP (%),GFDD.OI.02,29.26704
Togo,TGO,1987,Bank deposits to GDP (%),GFDD.OI.02,30.51199
Togo,TGO,1986,Bank deposits to GDP (%),GFDD.OI.02,32.28797
Togo,TGO,1985,Bank deposits to GDP (%),GFDD.OI.02,29.97956
Togo,TGO,1984,Bank deposits to GDP (%),GFDD.OI.02,31.26036
Togo,TGO,1983,Bank deposits to GDP (%),GFDD.OI.02,24.42735
Togo,TGO,1982,Bank deposits to GDP (%),GFDD.OI.02,22.95074
Togo,TGO,1981,Bank deposits to GDP (%),GFDD.OI.02,18.77935
Togo,TGO,1980,Bank deposits to GDP (%),GFDD.OI.02,18.34611
Togo,TGO,1979,Bank deposits to GDP (%),GFDD.OI.02,23.34845
Togo,TGO,1978,Bank deposits to GDP (%),GFDD.OI.02,23.34462
Togo,TGO,1977,Bank deposits to GDP (%),GFDD.OI.02,16.50209
Togo,TGO,1976,Bank deposits to GDP (%),GFDD.OI.02,17.875
Togo,TGO,1975,Bank deposits to GDP (%),GFDD.OI.02,13.45427
Togo,TGO,1974,Bank deposits to GDP (%),GFDD.OI.02,16.07116
Togo,TGO,1973,Bank deposits to GDP (%),GFDD.OI.02,10.53863
Togo,TGO,1972,Bank deposits to GDP (%),GFDD.OI.02,9.60638
Togo,TGO,1971,Bank deposits to GDP (%),GFDD.OI.02,10.37263
Togo,TGO,1970,Bank deposits to GDP (%),GFDD.OI.02,11.17238
Togo,TGO,1969,Bank deposits to GDP (%),GFDD.OI.02,9.708349
Togo,TGO,1968,Bank deposits to GDP (%),GFDD.OI.02,7.767948
Togo,TGO,1967,Bank deposits to GDP (%),GFDD.OI.02,6.298245
Togo,TGO,1966,Bank deposits to GDP (%),GFDD.OI.02,5.348398
Togo,TGO,1965,Bank deposits to GDP (%),GFDD.OI.02,5.424838
Togo,TGO,1964,Bank deposits to GDP (%),GFDD.OI.02,4.815723
Togo,TGO,1963,Bank deposits to GDP (%),GFDD.OI.02,4.188032
Togo,TGO,1962,Bank deposits to GDP (%),GFDD.OI.02,4.074073
Togo,TGO,1961,Bank deposits to GDP (%),GFDD.OI.02,3.322579
Togo,TGO,1960,Bank deposits to GDP (%),GFDD.OI.02,3.367002
Togo,TGO,2019,5-bank asset concentration,GFDD.OI.06,84.70602
Togo,TGO,2018,5-bank asset concentration,GFDD.OI.06,87.9313
Togo,TGO,2017,5-bank asset concentration,GFDD.OI.06,87.6207
Togo,TGO,2016,5-bank asset concentration,GFDD.OI.06,89.62296
Togo,TGO,2015,5-bank asset concentration,GFDD.OI.06,93.30038
Togo,TGO,2013,5-bank asset concentration,GFDD.OI.06,100
Togo,TGO,2012,5-bank asset concentration,GFDD.OI.06,100
Togo,TGO,2009,5-bank asset concentration,GFDD.OI.06,100
Togo,TGO,2021,Liquid liabilities in millions USD (2000 constant),GFDD.OI.07,3011.909
Togo,TGO,2020,Liquid liabilities in millions USD (2000 constant),GFDD.OI.07,3118.073
Togo,TGO,2019,Liquid liabilities in millions USD (2000 constant),GFDD.OI.07,2597.784
Togo,TGO,2018,Liquid liabilities in millions USD (2000 constant),GFDD.OI.07,2591.876
Togo,TGO,2017,Liquid liabilities in millions USD (2000 constant),GFDD.OI.07,2538.28
Togo,TGO,2016,Liquid liabilities in millions USD (2000 constant),GFDD.OI.07,2070.822
Togo,TGO,2015,Liquid liabilities in millions USD (2000 constant),GFDD.OI.07,2023.569
Togo,TGO,2014,Liquid liabilities in millions USD (2000 constant),GFDD.OI.07,1890.247
Togo,TGO,2013,Liquid liabilities in millions USD (2000 constant),GFDD.OI.07,1914.061
Togo,TGO,2012,Liquid liabilities in millions USD (2000 constant),GFDD.OI.07,1736.438
Togo,TGO,2011,Liquid liabilities in millions USD (2000 constant),GFDD.OI.07,1587.807
Togo,TGO,2010,Liquid liabilities in millions USD (2000 constant),GFDD.OI.07,1460.607
Togo,TGO,2009,Liquid liabilities in millions USD (2000 constant),GFDD.OI.07,1374.611
Togo,TGO,2008,Liquid liabilities in millions USD (2000 constant),GFDD.OI.07,1175.434
Togo,TGO,2007,Liquid liabilities in millions USD (2000 constant),GFDD.OI.07,1052.636
Togo,TGO,2006,Liquid liabilities in millions USD (2000 constant),GFDD.OI.07,839.4626
Togo,TGO,2005,Liquid liabilities in millions USD (2000 constant),GFDD.OI.07,628.1529
Togo,TGO,2004,Liquid liabilities in millions USD (2000 constant),GFDD.OI.07,735.3012
Togo,TGO,2003,Liquid liabilities in millions USD (2000 constant),GFDD.OI.07,595.3716
Togo,TGO,2002,Liquid liabilities in millions USD (2000 constant),GFDD.OI.07,453.2492
Togo,TGO,2001,Liquid liabilities in millions USD (2000 constant),GFDD.OI.07,399.7132
Togo,TGO,2000,Liquid liabilities in millions USD (2000 constant),GFDD.OI.07,440.5253
Togo,TGO,1999,Liquid liabilities in millions USD (2000 constant),GFDD.OI.07,426.2131
Togo,TGO,1998,Liquid liabilities in millions USD (2000 constant),GFDD.OI.07,468.9931
Togo,TGO,1997,Liquid liabilities in millions USD (2000 constant),GFDD.OI.07,447.1349
Togo,TGO,1996,Liquid liabilities in millions USD (2000 constant),GFDD.OI.07,493.9723
Togo,TGO,1995,Liquid liabilities in millions USD (2000 constant),GFDD.OI.07,582.4713
Togo,TGO,1994,Liquid liabilities in millions USD (2000 constant),GFDD.OI.07,447.7072
Togo,TGO,1993,Liquid liabilities in millions USD (2000 constant),GFDD.OI.07,577.7785
Togo,TGO,1992,Liquid liabilities in millions USD (2000 constant),GFDD.OI.07,758.3511
Togo,TGO,1991,Liquid liabilities in millions USD (2000 constant),GFDD.OI.07,1011.665
Togo,TGO,1990,Liquid liabilities in millions USD (2000 constant),GFDD.OI.07,1020.955
Togo,TGO,1989,Liquid liabilities in millions USD (2000 constant),GFDD.OI.07,876.4192
Togo,TGO,1988,Liquid liabilities in millions USD (2000 constant),GFDD.OI.07,866.4073
Togo,TGO,1987,Liquid liabilities in millions USD (2000 constant),GFDD.OI.07,1165.294
Togo,TGO,1986,Liquid liabilities in millions USD (2000 constant),GFDD.OI.07,1017.031
Togo,TGO,1985,Liquid liabilities in millions USD (2000 constant),GFDD.OI.07,759.5726
Togo,TGO,1984,Liquid liabilities in millions USD (2000 constant),GFDD.OI.07,590.5762
Togo,TGO,1983,Liquid liabilities in millions USD (2000 constant),GFDD.OI.07,610.4701
Togo,TGO,1982,Liquid liabilities in millions USD (2000 constant),GFDD.OI.07,782.5405
Togo,TGO,1981,Liquid liabilities in millions USD (2000 constant),GFDD.OI.07,815.9294
Togo,TGO,1980,Liquid liabilities in millions USD (2000 constant),GFDD.OI.07,816.2462
Togo,TGO,1979,Liquid liabilities in millions USD (2000 constant),GFDD.OI.07,945.9268
Togo,TGO,1978,Liquid liabilities in millions USD (2000 constant),GFDD.OI.07,1006.011
Togo,TGO,1977,Liquid liabilities in millions USD (2000 constant),GFDD.OI.07,721.3133
Togo,TGO,1976,Liquid liabilities in millions USD (2000 constant),GFDD.OI.07,624.5747
Togo,TGO,1975,Liquid liabilities in millions USD (2000 constant),GFDD.OI.07,497.9361
Togo,TGO,1974,Liquid liabilities in millions USD (2000 constant),GFDD.OI.07,579.0052
Togo,TGO,1973,Liquid liabilities in millions USD (2000 constant),GFDD.OI.07,320.6887
Togo,TGO,1972,Liquid liabilities in millions USD (2000 constant),GFDD.OI.07,279.9424
Togo,TGO,1971,Liquid liabilities in millions USD (2000 constant),GFDD.OI.07,288.0917
Togo,TGO,1970,Liquid liabilities in millions USD (2000 constant),GFDD.OI.07,252.9802
Togo,TGO,1969,Liquid liabilities in millions USD (2000 constant),GFDD.OI.07,240.3827
Togo,TGO,1968,Liquid liabilities in millions USD (2000 constant),GFDD.OI.07,213.6918
Togo,TGO,1967,Liquid liabilities in millions USD (2000 constant),GFDD.OI.07,183.6171
Togo,TGO,1966,Liquid liabilities in millions USD (2000 constant),GFDD.OI.07,158.4839
Togo,TGO,1965,Liquid liabilities in millions USD (2000 constant),GFDD.OI.07,153.2742
Togo,TGO,1964,Liquid liabilities in millions USD (2000 constant),GFDD.OI.07,129.8875
Togo,TGO,1963,Liquid liabilities in millions USD (2000 constant),GFDD.OI.07,112.8656
Togo,TGO,1962,Liquid liabilities in millions USD (2000 constant),GFDD.OI.07,108.2924
Togo,TGO,2021,Loans from nonresident banks (amounts outstanding) to GDP (%),GFDD.OI.09,19.01773
Togo,TGO,2020,Loans from nonresident banks (amounts outstanding) to GDP (%),GFDD.OI.09,12.54185
Togo,TGO,2019,Loans from nonresident banks (amounts outstanding) to GDP (%),GFDD.OI.09,13.15717
Togo,TGO,2018,Loans from nonresident banks (amounts outstanding) to GDP (%),GFDD.OI.09,3.515086
Togo,TGO,2017,Loans from nonresident banks (amounts outstanding) to GDP (%),GFDD.OI.09,3.909015
Togo,TGO,2016,Loans from nonresident banks (amounts outstanding) to GDP (%),GFDD.OI.09,4.144815
Togo,TGO,2015,Loans from nonresident banks (amounts outstanding) to GDP (%),GFDD.OI.09,5.979622
Togo,TGO,2014,Loans from nonresident banks (amounts outstanding) to GDP (%),GFDD.OI.09,5.464497
Togo,TGO,2021,External loans and deposits of reporting banks vis-à-vis the banking sector (% of domestic bank deposits),GFDD.OI.10,2.24181
Togo,TGO,2020,External loans and deposits of reporting banks vis-à-vis the banking sector (% of domestic bank deposits),GFDD.OI.10,1.781088
Togo,TGO,2019,External loans and deposits of reporting banks vis-à-vis the banking sector (% of domestic bank deposits),GFDD.OI.10,1.838065
Togo,TGO,2018,External loans and deposits of reporting banks vis-à-vis the banking sector (% of domestic bank deposits),GFDD.OI.10,2.497335
Togo,TGO,2017,External loans and deposits of reporting banks vis-à-vis the banking sector (% of domestic bank deposits),GFDD.OI.10,5.196043
Togo,TGO,2016,External loans and deposits of reporting banks vis-à-vis the banking sector (% of domestic bank deposits),GFDD.OI.10,1.705774
Togo,TGO,2015,External loans and deposits of reporting banks vis-à-vis the banking sector (% of domestic bank deposits),GFDD.OI.10,2.367885
Togo,TGO,2014,External loans and deposits of reporting banks vis-à-vis the banking sector (% of domestic bank deposits),GFDD.OI.10,2.470262
Togo,TGO,2013,External loans and deposits of reporting banks vis-à-vis the banking sector (% of domestic bank deposits),GFDD.OI.10,6.474957
Togo,TGO,2012,External loans and deposits of reporting banks vis-à-vis the banking sector (% of domestic bank deposits),GFDD.OI.10,15.0982
Togo,TGO,2011,External loans and deposits of reporting banks vis-à-vis the banking sector (% of domestic bank deposits),GFDD.OI.10,53.08631
Togo,TGO,2010,External loans and deposits of reporting banks vis-à-vis the banking sector (% of domestic bank deposits),GFDD.OI.10,10.46075
Togo,TGO,2009,External loans and deposits of reporting banks vis-à-vis the banking sector (% of domestic bank deposits),GFDD.OI.10,12.05239
Togo,TGO,2008,External loans and deposits of reporting banks vis-à-vis the banking sector (% of domestic bank deposits),GFDD.OI.10,17.32904
Togo,TGO,2007,External loans and deposits of reporting banks vis-à-vis the banking sector (% of domestic bank deposits),GFDD.OI.10,10.41352
Togo,TGO,2006,External loans and deposits of reporting banks vis-à-vis the banking sector (% of domestic bank deposits),GFDD.OI.10,8.149616
Togo,TGO,2005,External loans and deposits of reporting banks vis-à-vis the banking sector (% of domestic bank deposits),GFDD.OI.10,10.81238
Togo,TGO,2004,External loans and deposits of reporting banks vis-à-vis the banking sector (% of domestic bank deposits),GFDD.OI.10,15.27452
Togo,TGO,2003,External loans and deposits of reporting banks vis-à-vis the banking sector (% of domestic bank deposits),GFDD.OI.10,6.67175
Togo,TGO,2002,External loans and deposits of reporting banks vis-à-vis the banking sector (% of domestic bank deposits),GFDD.OI.10,14.40922
Togo,TGO,2001,External loans and deposits of reporting banks vis-à-vis the banking sector (% of domestic bank deposits),GFDD.OI.10,14.04703
Togo,TGO,2000,External loans and deposits of reporting banks vis-à-vis the banking sector (% of domestic bank deposits),GFDD.OI.10,15.381
Togo,TGO,1999,External loans and deposits of reporting banks vis-à-vis the banking sector (% of domestic bank deposits),GFDD.OI.10,18.94099
Togo,TGO,1998,External loans and deposits of reporting banks vis-à-vis the banking sector (% of domestic bank deposits),GFDD.OI.10,77.79082
Togo,TGO,1997,External loans and deposits of reporting banks vis-à-vis the banking sector (% of domestic bank deposits),GFDD.OI.10,18.2432
Togo,TGO,1996,External loans and deposits of reporting banks vis-à-vis the banking sector (% of domestic bank deposits),GFDD.OI.10,24.32489
Togo,TGO,1995,External loans and deposits of reporting banks vis-à-vis the banking sector (% of domestic bank deposits),GFDD.OI.10,17.16314
Togo,TGO,2021,External loans and deposits of reporting banks vis-à-vis the nonbanking sectors (% of domestic bank deposits),GFDD.OI.11,5.155419
Togo,TGO,2020,External loans and deposits of reporting banks vis-à-vis the nonbanking sectors (% of domestic bank deposits),GFDD.OI.11,6.860112
Togo,TGO,2019,External loans and deposits of reporting banks vis-à-vis the nonbanking sectors (% of domestic bank deposits),GFDD.OI.11,6.388474
Togo,TGO,2018,External loans and deposits of reporting banks vis-à-vis the nonbanking sectors (% of domestic bank deposits),GFDD.OI.11,6.817648
Togo,TGO,2017,External loans and deposits of reporting banks vis-à-vis the nonbanking sectors (% of domestic bank deposits),GFDD.OI.11,9.321548
Togo,TGO,2016,External loans and deposits of reporting banks vis-à-vis the nonbanking sectors (% of domestic bank deposits),GFDD.OI.11,10.48167
Togo,TGO,2015,External loans and deposits of reporting banks vis-à-vis the nonbanking sectors (% of domestic bank deposits),GFDD.OI.11,12.44109
Togo,TGO,2014,External loans and deposits of reporting banks vis-à-vis the nonbanking sectors (% of domestic bank deposits),GFDD.OI.11,10.43304
Togo,TGO,2013,External loans and deposits of reporting banks vis-à-vis the nonbanking sectors (% of domestic bank deposits),GFDD.OI.11,19.2581
Togo,TGO,2012,External loans and deposits of reporting banks vis-à-vis the nonbanking sectors (% of domestic bank deposits),GFDD.OI.11,18.02188
Togo,TGO,2011,External loans and deposits of reporting banks vis-à-vis the nonbanking sectors (% of domestic bank deposits),GFDD.OI.11,18.4254
Togo,TGO,2010,External loans and deposits of reporting banks vis-à-vis the nonbanking sectors (% of domestic bank deposits),GFDD.OI.11,26.01051
Togo,TGO,2009,External loans and deposits of reporting banks vis-à-vis the nonbanking sectors (% of domestic bank deposits),GFDD.OI.11,30.93447
Togo,TGO,2008,External loans and deposits of reporting banks vis-à-vis the nonbanking sectors (% of domestic bank deposits),GFDD.OI.11,32.97019
Togo,TGO,2007,External loans and deposits of reporting banks vis-à-vis the nonbanking sectors (% of domestic bank deposits),GFDD.OI.11,51.77007
Togo,TGO,2006,External loans and deposits of reporting banks vis-à-vis the nonbanking sectors (% of domestic bank deposits),GFDD.OI.11,50.9351
Togo,TGO,2005,External loans and deposits of reporting banks vis-à-vis the nonbanking sectors (% of domestic bank deposits),GFDD.OI.11,60.42213
Togo,TGO,2004,External loans and deposits of reporting banks vis-à-vis the nonbanking sectors (% of domestic bank deposits),GFDD.OI.11,61.09808
Togo,TGO,2003,External loans and deposits of reporting banks vis-à-vis the nonbanking sectors (% of domestic bank deposits),GFDD.OI.11,66.43951
Togo,TGO,2002,External loans and deposits of reporting banks vis-à-vis the nonbanking sectors (% of domestic bank deposits),GFDD.OI.11,81.1033
Togo,TGO,2001,External loans and deposits of reporting banks vis-à-vis the nonbanking sectors (% of domestic bank deposits),GFDD.OI.11,82.34467
Togo,TGO,2000,External loans and deposits of reporting banks vis-à-vis the nonbanking sectors (% of domestic bank deposits),GFDD.OI.11,80.75025
Togo,TGO,1999,External loans and deposits of reporting banks vis-à-vis the nonbanking sectors (% of domestic bank deposits),GFDD.OI.11,80.02569
Togo,TGO,1998,External loans and deposits of reporting banks vis-à-vis the nonbanking sectors (% of domestic bank deposits),GFDD.OI.11,78.706
Togo,TGO,1997,External loans and deposits of reporting banks vis-à-vis the nonbanking sectors (% of domestic bank deposits),GFDD.OI.11,76.01333
Togo,TGO,1996,External loans and deposits of reporting banks vis-à-vis the nonbanking sectors (% of domestic bank deposits),GFDD.OI.11,79.86672
Togo,TGO,1995,External loans and deposits of reporting banks vis-à-vis the nonbanking sectors (% of domestic bank deposits),GFDD.OI.11,96.59254
Togo,TGO,2021,External loans and deposits of reporting banks vis-à-vis all sectors (% of domestic bank deposits),GFDD.OI.12,7.397229
Togo,TGO,2020,External loans and deposits of reporting banks vis-à-vis all sectors (% of domestic bank deposits),GFDD.OI.12,8.606276
Togo,TGO,2019,External loans and deposits of reporting banks vis-à-vis all sectors (% of domestic bank deposits),GFDD.OI.12,8.226622
Togo,TGO,2018,External loans and deposits of reporting banks vis-à-vis all sectors (% of domestic bank deposits),GFDD.OI.12,9.396478
Togo,TGO,2017,External loans and deposits of reporting banks vis-à-vis all sectors (% of domestic bank deposits),GFDD.OI.12,14.56389
Togo,TGO,2016,External loans and deposits of reporting banks vis-à-vis all sectors (% of domestic bank deposits),GFDD.OI.12,12.1875
Togo,TGO,2015,External loans and deposits of reporting banks vis-à-vis all sectors (% of domestic bank deposits),GFDD.OI.12,14.86494
Togo,TGO,2014,External loans and deposits of reporting banks vis-à-vis all sectors (% of domestic bank deposits),GFDD.OI.12,13.00921
Togo,TGO,2013,External loans and deposits of reporting banks vis-à-vis all sectors (% of domestic bank deposits),GFDD.OI.12,25.72788
Togo,TGO,2012,External loans and deposits of reporting banks vis-à-vis all sectors (% of domestic bank deposits),GFDD.OI.12,33.05031
Togo,TGO,2011,External loans and deposits of reporting banks vis-à-vis all sectors (% of domestic bank deposits),GFDD.OI.12,71.51171
Togo,TGO,2010,External loans and deposits of reporting banks vis-à-vis all sectors (% of domestic bank deposits),GFDD.OI.12,36.47126
Togo,TGO,2009,External loans and deposits of reporting banks vis-à-vis all sectors (% of domestic bank deposits),GFDD.OI.12,42.98687
Togo,TGO,2008,External loans and deposits of reporting banks vis-à-vis all sectors (% of domestic bank deposits),GFDD.OI.12,50.29923
Togo,TGO,2007,External loans and deposits of reporting banks vis-à-vis all sectors (% of domestic bank deposits),GFDD.OI.12,62.18359
Togo,TGO,2006,External loans and deposits of reporting banks vis-à-vis all sectors (% of domestic bank deposits),GFDD.OI.12,59.08472
Togo,TGO,2005,External loans and deposits of reporting banks vis-à-vis all sectors (% of domestic bank deposits),GFDD.OI.12,71.23451
Togo,TGO,2004,External loans and deposits of reporting banks vis-à-vis all sectors (% of domestic bank deposits),GFDD.OI.12,76.3726
Togo,TGO,2003,External loans and deposits of reporting banks vis-à-vis all sectors (% of domestic bank deposits),GFDD.OI.12,73.11126
Togo,TGO,2002,External loans and deposits of reporting banks vis-à-vis all sectors (% of domestic bank deposits),GFDD.OI.12,95.51252
Togo,TGO,2001,External loans and deposits of reporting banks vis-à-vis all sectors (% of domestic bank deposits),GFDD.OI.12,96.39171
Togo,TGO,2000,External loans and deposits of reporting banks vis-à-vis all sectors (% of domestic bank deposits),GFDD.OI.12,96.13125
Togo,TGO,1999,External loans and deposits of reporting banks vis-à-vis all sectors (% of domestic bank deposits),GFDD.OI.12,98.96668
Togo,TGO,1998,External loans and deposits of reporting banks vis-à-vis all sectors (% of domestic bank deposits),GFDD.OI.12,156.4968
Togo,TGO,1997,External loans and deposits of reporting banks vis-à-vis all sectors (% of domestic bank deposits),GFDD.OI.12,94.25652
Togo,TGO,1996,External loans and deposits of reporting banks vis-à-vis all sectors (% of domestic bank deposits),GFDD.OI.12,104.1916
Togo,TGO,1995,External loans and deposits of reporting banks vis-à-vis all sectors (% of domestic bank deposits),GFDD.OI.12,113.7557
Togo,TGO,2020,Remittance inflows to GDP (%),GFDD.OI.13,8.58636
Togo,TGO,2019,Remittance inflows to GDP (%),GFDD.OI.13,7.03511
Togo,TGO,2018,Remittance inflows to GDP (%),GFDD.OI.13,6.33861
Togo,TGO,2017,Remittance inflows to GDP (%),GFDD.OI.13,6.31087
Togo,TGO,2016,Remittance inflows to GDP (%),GFDD.OI.13,6.08736
Togo,TGO,2015,Remittance inflows to GDP (%),GFDD.OI.13,8.70015
Togo,TGO,2014,Remittance inflows to GDP (%),GFDD.OI.13,9.35219
Togo,TGO,2013,Remittance inflows to GDP (%),GFDD.OI.13,9.19722
Togo,TGO,2012,Remittance inflows to GDP (%),GFDD.OI.13,8.90042
Togo,TGO,2011,Remittance inflows to GDP (%),GFDD.OI.13,6.31263
Togo,TGO,2010,Remittance inflows to GDP (%),GFDD.OI.13,9.82446
Togo,TGO,2009,Remittance inflows to GDP (%),GFDD.OI.13,9.93869
Togo,TGO,2008,Remittance inflows to GDP (%),GFDD.OI.13,10.1822
Togo,TGO,2007,Remittance inflows to GDP (%),GFDD.OI.13,10.6972
Togo,TGO,2006,Remittance inflows to GDP (%),GFDD.OI.13,9.88163
Togo,TGO,2005,Remittance inflows to GDP (%),GFDD.OI.13,8.44087
Togo,TGO,2004,Remittance inflows to GDP (%),GFDD.OI.13,7.92114
Togo,TGO,2003,Remittance inflows to GDP (%),GFDD.OI.13,7.02734
Togo,TGO,2002,Remittance inflows to GDP (%),GFDD.OI.13,6.0475
Togo,TGO,2001,Remittance inflows to GDP (%),GFDD.OI.13,4.62094
Togo,TGO,2000,Remittance inflows to GDP (%),GFDD.OI.13,2.29469
Togo,TGO,1999,Remittance inflows to GDP (%),GFDD.OI.13,1.45
Togo,TGO,1998,Remittance inflows to GDP (%),GFDD.OI.13,1.16994
Togo,TGO,1997,Remittance inflows to GDP (%),GFDD.OI.13,1.75187
Togo,TGO,1996,Remittance inflows to GDP (%),GFDD.OI.13,2.00426
Togo,TGO,1995,Remittance inflows to GDP (%),GFDD.OI.13,1.14723
Togo,TGO,1994,Remittance inflows to GDP (%),GFDD.OI.13,1.55767
Togo,TGO,1993,Remittance inflows to GDP (%),GFDD.OI.13,0.949954
Togo,TGO,1992,Remittance inflows to GDP (%),GFDD.OI.13,0.959581
Togo,TGO,1991,Remittance inflows to GDP (%),GFDD.OI.13,1.80811
Togo,TGO,1990,Remittance inflows to GDP (%),GFDD.OI.13,1.65034
Togo,TGO,1989,Remittance inflows to GDP (%),GFDD.OI.13,1.68998
Togo,TGO,1988,Remittance inflows to GDP (%),GFDD.OI.13,1.54034
Togo,TGO,1987,Remittance inflows to GDP (%),GFDD.OI.13,1.60469
Togo,TGO,1986,Remittance inflows to GDP (%),GFDD.OI.13,2.01933
Togo,TGO,1985,Remittance inflows to GDP (%),GFDD.OI.13,2.02073
Togo,TGO,1984,Remittance inflows to GDP (%),GFDD.OI.13,0.920332
Togo,TGO,1983,Remittance inflows to GDP (%),GFDD.OI.13,0.793694
Togo,TGO,1982,Remittance inflows to GDP (%),GFDD.OI.13,0.744074
Togo,TGO,1981,Remittance inflows to GDP (%),GFDD.OI.13,0.817209
Togo,TGO,1980,Remittance inflows to GDP (%),GFDD.OI.13,0.874219
Togo,TGO,1979,Remittance inflows to GDP (%),GFDD.OI.13,0.892462
Togo,TGO,1978,Remittance inflows to GDP (%),GFDD.OI.13,1.13226
Togo,TGO,1977,Remittance inflows to GDP (%),GFDD.OI.13,1.03246
Togo,TGO,1976,Remittance inflows to GDP (%),GFDD.OI.13,1.14392
Togo,TGO,1975,Remittance inflows to GDP (%),GFDD.OI.13,0.772487
Togo,TGO,1974,Remittance inflows to GDP (%),GFDD.OI.13,0.734618
Togo,TGO,2020,Consolidated foreign claims of BIS reporting banks to GDP (%),GFDD.OI.14,19.70281
Togo,TGO,2019,Consolidated foreign claims of BIS reporting banks to GDP (%),GFDD.OI.14,14.29487
Togo,TGO,2018,Consolidated foreign claims of BIS reporting banks to GDP (%),GFDD.OI.14,13.71033
Togo,TGO,2017,Consolidated foreign claims of BIS reporting banks to GDP (%),GFDD.OI.14,11.97865
Togo,TGO,2016,Consolidated foreign claims of BIS reporting banks to GDP (%),GFDD.OI.14,9.371244
Togo,TGO,2015,Consolidated foreign claims of BIS reporting banks to GDP (%),GFDD.OI.14,12.76004
Togo,TGO,2014,Consolidated foreign claims of BIS reporting banks to GDP (%),GFDD.OI.14,12.8958
Togo,TGO,2013,Consolidated foreign claims of BIS reporting banks to GDP (%),GFDD.OI.14,13.11766
Togo,TGO,2012,Consolidated foreign claims of BIS reporting banks to GDP (%),GFDD.OI.14,11.12801
Togo,TGO,2011,Consolidated foreign claims of BIS reporting banks to GDP (%),GFDD.OI.14,9.141478
Togo,TGO,2010,Consolidated foreign claims of BIS reporting banks to GDP (%),GFDD.OI.14,11.31373
Togo,TGO,2009,Consolidated foreign claims of BIS reporting banks to GDP (%),GFDD.OI.14,10.94915
Togo,TGO,2008,Consolidated foreign claims of BIS reporting banks to GDP (%),GFDD.OI.14,8.755363
Togo,TGO,2007,Consolidated foreign claims of BIS reporting banks to GDP (%),GFDD.OI.14,9.088818
Togo,TGO,2006,Consolidated foreign claims of BIS reporting banks to GDP (%),GFDD.OI.14,8.079658
Togo,TGO,2005,Consolidated foreign claims of BIS reporting banks to GDP (%),GFDD.OI.14,9.160708
Togo,TGO,2004,Consolidated foreign claims of BIS reporting banks to GDP (%),GFDD.OI.14,7.743388
Togo,TGO,2003,Consolidated foreign claims of BIS reporting banks to GDP (%),GFDD.OI.14,7.656547
Togo,TGO,2002,Consolidated foreign claims of BIS reporting banks to GDP (%),GFDD.OI.14,8.437345
Togo,TGO,2001,Consolidated foreign claims of BIS reporting banks to GDP (%),GFDD.OI.14,7.62258
Togo,TGO,2000,Consolidated foreign claims of BIS reporting banks to GDP (%),GFDD.OI.14,8.177541
Togo,TGO,1999,Consolidated foreign claims of BIS reporting banks to GDP (%),GFDD.OI.14,8.054936
Togo,TGO,1998,Consolidated foreign claims of BIS reporting banks to GDP (%),GFDD.OI.14,3.905891
Togo,TGO,1997,Consolidated foreign claims of BIS reporting banks to GDP (%),GFDD.OI.14,3.735946
Togo,TGO,1996,Consolidated foreign claims of BIS reporting banks to GDP (%),GFDD.OI.14,4.503741
Togo,TGO,1995,Consolidated foreign claims of BIS reporting banks to GDP (%),GFDD.OI.14,4.429568
Togo,TGO,1994,Consolidated foreign claims of BIS reporting banks to GDP (%),GFDD.OI.14,6.411402
Togo,TGO,1993,Consolidated foreign claims of BIS reporting banks to GDP (%),GFDD.OI.14,4.86422
Togo,TGO,1992,Consolidated foreign claims of BIS reporting banks to GDP (%),GFDD.OI.14,5.965886
Togo,TGO,1991,Consolidated foreign claims of BIS reporting banks to GDP (%),GFDD.OI.14,5.991388
Togo,TGO,1990,Consolidated foreign claims of BIS reporting banks to GDP (%),GFDD.OI.14,5.526804
Togo,TGO,1989,Consolidated foreign claims of BIS reporting banks to GDP (%),GFDD.OI.14,11.1608
Togo,TGO,1988,Consolidated foreign claims of BIS reporting banks to GDP (%),GFDD.OI.14,7.324958
Togo,TGO,1987,Consolidated foreign claims of BIS reporting banks to GDP (%),GFDD.OI.14,8.966462
Togo,TGO,1986,Consolidated foreign claims of BIS reporting banks to GDP (%),GFDD.OI.14,8.954561
Togo,TGO,1985,Consolidated foreign claims of BIS reporting banks to GDP (%),GFDD.OI.14,14.42888
Togo,TGO,1984,Consolidated foreign claims of BIS reporting banks to GDP (%),GFDD.OI.14,18.10209
Togo,TGO,1983,Consolidated foreign claims of BIS reporting banks to GDP (%),GFDD.OI.14,22.06996
Togo,TGO,2013,Foreign banks among total banks (%),GFDD.OI.15,17
Togo,TGO,2012,Foreign banks among total banks (%),GFDD.OI.15,0
Togo,TGO,2011,Foreign banks among total banks (%),GFDD.OI.15,0
Togo,TGO,2010,Foreign banks among total banks (%),GFDD.OI.15,0
Togo,TGO,2009,Foreign banks among total banks (%),GFDD.OI.15,17
Togo,TGO,2008,Foreign banks among total banks (%),GFDD.OI.15,17
Togo,TGO,2007,Foreign banks among total banks (%),GFDD.OI.15,17
Togo,TGO,2006,Foreign banks among total banks (%),GFDD.OI.15,17
Togo,TGO,2005,Foreign banks among total banks (%),GFDD.OI.15,20
Togo,TGO,2004,Foreign banks among total banks (%),GFDD.OI.15,25
Togo,TGO,2003,Foreign banks among total banks (%),GFDD.OI.15,25
Togo,TGO,2002,Foreign banks among total banks (%),GFDD.OI.15,25
Togo,TGO,2001,Foreign banks among total banks (%),GFDD.OI.15,25
Togo,TGO,2000,Foreign banks among total banks (%),GFDD.OI.15,25
Togo,TGO,1999,Foreign banks among total banks (%),GFDD.OI.15,25
Togo,TGO,1998,Foreign banks among total banks (%),GFDD.OI.15,25
Togo,TGO,1997,Foreign banks among total banks (%),GFDD.OI.15,25
Togo,TGO,1996,Foreign banks among total banks (%),GFDD.OI.15,25
Togo,TGO,1995,Foreign banks among total banks (%),GFDD.OI.15,0
Togo,TGO,2012,Foreign bank assets among total bank assets (%),GFDD.OI.16,0
Togo,TGO,2011,Foreign bank assets among total bank assets (%),GFDD.OI.16,0
Togo,TGO,2010,Foreign bank assets among total bank assets (%),GFDD.OI.16,0
Togo,TGO,2017,"Banking crisis dummy (1=banking crisis, 0=none)",GFDD.OI.19,0
Togo,TGO,2016,"Banking crisis dummy (1=banking crisis, 0=none)",GFDD.OI.19,0
Togo,TGO,2015,"Banking crisis dummy (1=banking crisis, 0=none)",GFDD.OI.19,0
Togo,TGO,2014,"Banking crisis dummy (1=banking crisis, 0=none)",GFDD.OI.19,0
Togo,TGO,2013,"Banking crisis dummy (1=banking crisis, 0=none)",GFDD.OI.19,0
Togo,TGO,2012,"Banking crisis dummy (1=banking crisis, 0=none)",GFDD.OI.19,0
Togo,TGO,2011,"Banking crisis dummy (1=banking crisis, 0=none)",GFDD.OI.19,0
Togo,TGO,2010,"Banking crisis dummy (1=banking crisis, 0=none)",GFDD.OI.19,0
Togo,TGO,2009,"Banking crisis dummy (1=banking crisis, 0=none)",GFDD.OI.19,0
Togo,TGO,2008,"Banking crisis dummy (1=banking crisis, 0=none)",GFDD.OI.19,0
Togo,TGO,2007,"Banking crisis dummy (1=banking crisis, 0=none)",GFDD.OI.19,0
Togo,TGO,2006,"Banking crisis dummy (1=banking crisis, 0=none)",GFDD.OI.19,0
Togo,TGO,2005,"Banking crisis dummy (1=banking crisis, 0=none)",GFDD.OI.19,0
Togo,TGO,2004,"Banking crisis dummy (1=banking crisis, 0=none)",GFDD.OI.19,0
Togo,TGO,2003,"Banking crisis dummy (1=banking crisis, 0=none)",GFDD.OI.19,0
Togo,TGO,2002,"Banking crisis dummy (1=banking crisis, 0=none)",GFDD.OI.19,0
Togo,TGO,2001,"Banking crisis dummy (1=banking crisis, 0=none)",GFDD.OI.19,0
Togo,TGO,2000,"Banking crisis dummy (1=banking crisis, 0=none)",GFDD.OI.19,0
Togo,TGO,1999,"Banking crisis dummy (1=banking crisis, 0=none)",GFDD.OI.19,0
Togo,TGO,1998,"Banking crisis dummy (1=banking crisis, 0=none)",GFDD.OI.19,0
Togo,TGO,1997,"Banking crisis dummy (1=banking crisis, 0=none)",GFDD.OI.19,0
Togo,TGO,1996,"Banking crisis dummy (1=banking crisis, 0=none)",GFDD.OI.19,0
Togo,TGO,1995,"Banking crisis dummy (1=banking crisis, 0=none)",GFDD.OI.19,0
Togo,TGO,1994,"Banking crisis dummy (1=banking crisis, 0=none)",GFDD.OI.19,1
Togo,TGO,1993,"Banking crisis dummy (1=banking crisis, 0=none)",GFDD.OI.19,1
Togo,TGO,1992,"Banking crisis dummy (1=banking crisis, 0=none)",GFDD.OI.19,0
Togo,TGO,1991,"Banking crisis dummy (1=banking crisis, 0=none)",GFDD.OI.19,0
Togo,TGO,1990,"Banking crisis dummy (1=banking crisis, 0=none)",GFDD.OI.19,0
Togo,TGO,1989,"Banking crisis dummy (1=banking crisis, 0=none)",GFDD.OI.19,0
Togo,TGO,1988,"Banking crisis dummy (1=banking crisis, 0=none)",GFDD.OI.19,0
Togo,TGO,1987,"Banking crisis dummy (1=banking crisis, 0=none)",GFDD.OI.19,0
Togo,TGO,1986,"Banking crisis dummy (1=banking crisis, 0=none)",GFDD.OI.19,0
Togo,TGO,1985,"Banking crisis dummy (1=banking crisis, 0=none)",GFDD.OI.19,0
Togo,TGO,1984,"Banking crisis dummy (1=banking crisis, 0=none)",GFDD.OI.19,0
Togo,TGO,1983,"Banking crisis dummy (1=banking crisis, 0=none)",GFDD.OI.19,0
Togo,TGO,1982,"Banking crisis dummy (1=banking crisis, 0=none)",GFDD.OI.19,0
Togo,TGO,1981,"Banking crisis dummy (1=banking crisis, 0=none)",GFDD.OI.19,0
Togo,TGO,1980,"Banking crisis dummy (1=banking crisis, 0=none)",GFDD.OI.19,0
Togo,TGO,1979,"Banking crisis dummy (1=banking crisis, 0=none)",GFDD.OI.19,0
Togo,TGO,1978,"Banking crisis dummy (1=banking crisis, 0=none)",GFDD.OI.19,0
Togo,TGO,1977,"Banking crisis dummy (1=banking crisis, 0=none)",GFDD.OI.19,0
Togo,TGO,1976,"Banking crisis dummy (1=banking crisis, 0=none)",GFDD.OI.19,0
Togo,TGO,1975,"Banking crisis dummy (1=banking crisis, 0=none)",GFDD.OI.19,0
Togo,TGO,1974,"Banking crisis dummy (1=banking crisis, 0=none)",GFDD.OI.19,0
Togo,TGO,1973,"Banking crisis dummy (1=banking crisis, 0=none)",GFDD.OI.19,0
Togo,TGO,1972,"Banking crisis dummy (1=banking crisis, 0=none)",GFDD.OI.19,0
Togo,TGO,1971,"Banking crisis dummy (1=banking crisis, 0=none)",GFDD.OI.19,0
Togo,TGO,1970,"Banking crisis dummy (1=banking crisis, 0=none)",GFDD.OI.19,0
Togo,TGO,2019,Bank Z-score,GFDD.SI.01,9.571691
Togo,TGO,2018,Bank Z-score,GFDD.SI.01,8.886737
Togo,TGO,2017,Bank Z-score,GFDD.SI.01,8.087381
Togo,TGO,2016,Bank Z-score,GFDD.SI.01,10.8687
Togo,TGO,2015,Bank Z-score,GFDD.SI.01,5.290282
Togo,TGO,2013,Bank Z-score,GFDD.SI.01,10.73865
Togo,TGO,2012,Bank Z-score,GFDD.SI.01,9.926262
Togo,TGO,2011,Bank Z-score,GFDD.SI.01,11.58256
Togo,TGO,2010,Bank Z-score,GFDD.SI.01,11.42257
Togo,TGO,2009,Bank Z-score,GFDD.SI.01,11.0217
Togo,TGO,2008,Bank Z-score,GFDD.SI.01,13.51075
Togo,TGO,2007,Bank Z-score,GFDD.SI.01,11.95165
Togo,TGO,2006,Bank Z-score,GFDD.SI.01,13.50718
Togo,TGO,2005,Bank Z-score,GFDD.SI.01,13.71756
Togo,TGO,2021,Bank credit to bank deposits (%),GFDD.SI.04,65.38594
Togo,TGO,2020,Bank credit to bank deposits (%),GFDD.SI.04,70.13568
Togo,TGO,2019,Bank credit to bank deposits (%),GFDD.SI.04,78.4753
Togo,TGO,2018,Bank credit to bank deposits (%),GFDD.SI.04,79.38955
Togo,TGO,2017,Bank credit to bank deposits (%),GFDD.SI.04,87.26469
Togo,TGO,2016,Bank credit to bank deposits (%),GFDD.SI.04,93.25464
Togo,TGO,2015,Bank credit to bank deposits (%),GFDD.SI.04,83.8332
Togo,TGO,2014,Bank credit to bank deposits (%),GFDD.SI.04,81.7767
Togo,TGO,2013,Bank credit to bank deposits (%),GFDD.SI.04,87.28167
Togo,TGO,2012,Bank credit to bank deposits (%),GFDD.SI.04,82.31121
Togo,TGO,2011,Bank credit to bank deposits (%),GFDD.SI.04,81.02219
Togo,TGO,2010,Bank credit to bank deposits (%),GFDD.SI.04,68.27826
Togo,TGO,2009,Bank credit to bank deposits (%),GFDD.SI.04,62.93702
Togo,TGO,2008,Bank credit to bank deposits (%),GFDD.SI.04,61.29627
Togo,TGO,2007,Bank credit to bank deposits (%),GFDD.SI.04,79.17473
Togo,TGO,2006,Bank credit to bank deposits (%),GFDD.SI.04,69.55885
Togo,TGO,2005,Bank credit to bank deposits (%),GFDD.SI.04,78.43288
Togo,TGO,2004,Bank credit to bank deposits (%),GFDD.SI.04,75.26057
Togo,TGO,2003,Bank credit to bank deposits (%),GFDD.SI.04,79.91505
Togo,TGO,2002,Bank credit to bank deposits (%),GFDD.SI.04,75.75948
Togo,TGO,2001,Bank credit to bank deposits (%),GFDD.SI.04,90.83683
Togo,TGO,2000,Bank credit to bank deposits (%),GFDD.SI.04,99.88834
Togo,TGO,1999,Bank credit to bank deposits (%),GFDD.SI.04,112.7515
Togo,TGO,1998,Bank credit to bank deposits (%),GFDD.SI.04,125.5583
Togo,TGO,1997,Bank credit to bank deposits (%),GFDD.SI.04,115.1726
Togo,TGO,1996,Bank credit to bank deposits (%),GFDD.SI.04,111.1293
Togo,TGO,1995,Bank credit to bank deposits (%),GFDD.SI.04,104.266
Togo,TGO,1994,Bank credit to bank deposits (%),GFDD.SI.04,86.6569
Togo,TGO,1993,Bank credit to bank deposits (%),GFDD.SI.04,100.0402
Togo,TGO,1992,Bank credit to bank deposits (%),GFDD.SI.04,98.58561
Togo,TGO,1991,Bank credit to bank deposits (%),GFDD.SI.04,87.7785
Togo,TGO,1990,Bank credit to bank deposits (%),GFDD.SI.04,78.18694
Togo,TGO,1989,Bank credit to bank deposits (%),GFDD.SI.04,77.10289
Togo,TGO,1988,Bank credit to bank deposits (%),GFDD.SI.04,82.93786
Togo,TGO,1987,Bank credit to bank deposits (%),GFDD.SI.04,84.16913
Togo,TGO,1986,Bank credit to bank deposits (%),GFDD.SI.04,75.26343
Togo,TGO,1985,Bank credit to bank deposits (%),GFDD.SI.04,67.8954
Togo,TGO,1984,Bank credit to bank deposits (%),GFDD.SI.04,72.21876
Togo,TGO,1983,Bank credit to bank deposits (%),GFDD.SI.04,94.38965
Togo,TGO,1982,Bank credit to bank deposits (%),GFDD.SI.04,111.6272
Togo,TGO,1981,Bank credit to bank deposits (%),GFDD.SI.04,126.2157
Togo,TGO,1980,Bank credit to bank deposits (%),GFDD.SI.04,145.5879
Togo,TGO,1979,Bank credit to bank deposits (%),GFDD.SI.04,126.8062
Togo,TGO,1978,Bank credit to bank deposits (%),GFDD.SI.04,113.3069
Togo,TGO,1977,Bank credit to bank deposits (%),GFDD.SI.04,136.7778
Togo,TGO,1976,Bank credit to bank deposits (%),GFDD.SI.04,119.845
Togo,TGO,1975,Bank credit to bank deposits (%),GFDD.SI.04,136.4607
Togo,TGO,1974,Bank credit to bank deposits (%),GFDD.SI.04,73.75001
Togo,TGO,1973,Bank credit to bank deposits (%),GFDD.SI.04,137.4424
Togo,TGO,1972,Bank credit to bank deposits (%),GFDD.SI.04,119.909
Togo,TGO,1971,Bank credit to bank deposits (%),GFDD.SI.04,108.7243
Togo,TGO,1970,Bank credit to bank deposits (%),GFDD.SI.04,99.3625
Togo,TGO,1969,Bank credit to bank deposits (%),GFDD.SI.04,87.19846
Togo,TGO,1968,Bank credit to bank deposits (%),GFDD.SI.04,120.5244
Togo,TGO,1967,Bank credit to bank deposits (%),GFDD.SI.04,107.5209
Togo,TGO,1966,Bank credit to bank deposits (%),GFDD.SI.04,111.6197
Togo,TGO,1965,Bank credit to bank deposits (%),GFDD.SI.04,108.4337
Togo,TGO,1964,Bank credit to bank deposits (%),GFDD.SI.04,201.0204
Togo,TGO,1963,Bank credit to bank deposits (%),GFDD.SI.04,245.5782
Togo,TGO,1962,Bank credit to bank deposits (%),GFDD.SI.04,242.4242
Togo,TGO,1961,Bank credit to bank deposits (%),GFDD.SI.04,302.9126
Togo,TGO,1960,Bank credit to bank deposits (%),GFDD.SI.04,260
Togo,TGO,2019,Liquid assets to deposits and short term funding (%),GFDD.SI.06,18.43248
Togo,TGO,2018,Liquid assets to deposits and short term funding (%),GFDD.SI.06,20.93231
Togo,TGO,2017,Liquid assets to deposits and short term funding (%),GFDD.SI.06,24.77761
Togo,TGO,2016,Liquid assets to deposits and short term funding (%),GFDD.SI.06,16.48863
Togo,TGO,2015,Liquid assets to deposits and short term funding (%),GFDD.SI.06,13.95658
Togo,TGO,2014,Liquid assets to deposits and short term funding (%),GFDD.SI.06,13.86653
Togo,TGO,2013,Liquid assets to deposits and short term funding (%),GFDD.SI.06,16.91887
Togo,TGO,2012,Liquid assets to deposits and short term funding (%),GFDD.SI.06,21.71391
Togo,TGO,2011,Liquid assets to deposits and short term funding (%),GFDD.SI.06,33.94726
Togo,TGO,2010,Liquid assets to deposits and short term funding (%),GFDD.SI.06,44.78965
Togo,TGO,2009,Liquid assets to deposits and short term funding (%),GFDD.SI.06,36.41241
Togo,TGO,2008,Liquid assets to deposits and short term funding (%),GFDD.SI.06,39.54439
Togo,TGO,2007,Liquid assets to deposits and short term funding (%),GFDD.SI.06,40.31152
Togo,TGO,2006,Liquid assets to deposits and short term funding (%),GFDD.SI.06,40.73575
Togo,TGO,2005,Liquid assets to deposits and short term funding (%),GFDD.SI.06,52.74771
Togo,TGO,2003,Liquid assets to deposits and short term funding (%),GFDD.SI.06,38.40112
Togo,TGO,2002,Liquid assets to deposits and short term funding (%),GFDD.SI.06,44.79651
