jeu,id_source,variable,type,decision,regle,effet,detail,etape
4c,_mview_finance_gab_dab_crs.fid-7b1c8a4a_194225f1684_-7b60,etab_nom,manquant,gardé,2.1,aucun,nom non renseigné,03_points
4c,_mview_finance_gab_dab_crs.fid-7b1c8a4a_194225f1684_-7b5e,etab_nom,manquant,gardé,2.1,aucun,nom non renseigné,03_points
4c,_mview_finance_gab_dab_crs.fid-7b1c8a4a_194225f1684_-7b5d,etab_nom,manquant,gardé,2.1,aucun,nom non renseigné,03_points
4c,_mview_finance_gab_dab_crs.fid-7b1c8a4a_194225f1684_-7b5c,etab_nom,manquant,gardé,2.1,aucun,nom non renseigné,03_points
4c,_mview_finance_gab_dab_crs.fid-7b1c8a4a_194225f1684_-7b5b,etab_nom,manquant,gardé,2.1,aucun,nom non renseigné,03_points
4c,_mview_finance_gab_dab_crs.fid-7b1c8a4a_194225f1684_-7b5a,etab_nom,manquant,gardé,2.1,aucun,nom non renseigné,03_points
4c,_mview_finance_gab_dab_crs.fid-7b1c8a4a_194225f1684_-7b59,etab_nom,manquant,gardé,2.1,aucun,nom non renseigné,03_points
4c,_mview_finance_gab_dab_crs.fid-7b1c8a4a_194225f1684_-7b55,etab_nom,manquant,gardé,2.1,aucun,nom non renseigné,03_points
4c,_mview_finance_gab_dab_crs.fid-7b1c8a4a_194225f1684_-7b50,etab_nom,manquant,gardé,2.1,aucun,nom non renseigné,03_points
4c,_mview_finance_gab_dab_crs.fid-7b1c8a4a_194225f1684_-7b41,etab_nom,manquant,gardé,2.1,aucun,nom non renseigné,03_points
4c,_mview_finance_gab_dab_crs.fid-7b1c8a4a_194225f1684_-7b40,etab_nom,manquant,gardé,2.1,aucun,nom non renseigné,03_points
4c,_mview_finance_gab_dab_crs.fid-7b1c8a4a_194225f1684_-7b3e,etab_nom,manquant,gardé,2.1,aucun,nom non renseigné,03_points
4c,_mview_finance_gab_dab_crs.fid-7b1c8a4a_194225f1684_-7b3d,etab_nom,manquant,gardé,2.1,aucun,nom non renseigné,03_points
4c,_mview_finance_gab_dab_crs.fid-7b1c8a4a_194225f1684_-7b35,etab_nom,manquant,gardé,2.1,aucun,nom non renseigné,03_points
4c,_mview_finance_gab_dab_crs.fid-7b1c8a4a_194225f1684_-7b33,etab_nom,manquant,gardé,2.1,aucun,nom non renseigné,03_points
4c,_mview_finance_gab_dab_crs.fid-7b1c8a4a_194225f1684_-7b32,etab_nom,manquant,gardé,2.1,aucun,nom non renseigné,03_points
4c,_mview_finance_gab_dab_crs.fid-7b1c8a4a_194225f1684_-7b31,etab_nom,manquant,gardé,2.1,aucun,nom non renseigné,03_points
4c,_mview_finance_gab_dab_crs.fid-7b1c8a4a_194225f1684_-7b26,etab_nom,manquant,gardé,2.1,aucun,nom non renseigné,03_points
4c,_mview_finance_gab_dab_crs.fid-7b1c8a4a_194225f1684_-7b25,etab_nom,manquant,gardé,2.1,aucun,nom non renseigné,03_points
4c,_mview_finance_gab_dab_crs.fid-7b1c8a4a_194225f1684_-7b21,etab_nom,manquant,gardé,2.1,aucun,nom non renseigné,03_points
4c,_mview_finance_gab_dab_crs.fid-7b1c8a4a_194225f1684_-7b20,etab_nom,manquant,gardé,2.1,aucun,nom non renseigné,03_points
4c,_mview_finance_gab_dab_crs.fid-7b1c8a4a_194225f1684_-7b1f,etab_nom,manquant,gardé,2.1,aucun,nom non renseigné,03_points
4c,_mview_finance_gab_dab_crs.fid-7b1c8a4a_194225f1684_-7b18,etab_nom,manquant,gardé,2.1,aucun,nom non renseigné,03_points
4c,_mview_finance_gab_dab_crs.fid-7b1c8a4a_194225f1684_-7b17,etab_nom,manquant,gardé,2.1,aucun,nom non renseigné,03_points
4c,_mview_finance_gab_dab_crs.fid-7b1c8a4a_194225f1684_-7b15,etab_nom,manquant,gardé,2.1,aucun,nom non renseigné,03_points
4c,_mview_finance_gab_dab_crs.fid-7b1c8a4a_194225f1684_-7b11,etab_nom,manquant,gardé,2.1,aucun,nom non renseigné,03_points
4c,_mview_finance_gab_dab_crs.fid-7b1c8a4a_194225f1684_-7b03,etab_nom,manquant,gardé,2.1,aucun,nom non renseigné,03_points
4c,_mview_finance_gab_dab_crs.fid-7b1c8a4a_194225f1684_-7b02,etab_nom,manquant,gardé,2.1,aucun,nom non renseigné,03_points
4c,_mview_finance_gab_dab_crs.fid-7b1c8a4a_194225f1684_-7aff,etab_nom,manquant,gardé,2.1,aucun,nom non renseigné,03_points
4c,_mview_finance_gab_dab_crs.fid-7b1c8a4a_194225f1684_-7ae9,etab_nom,manquant,gardé,2.1,aucun,nom non renseigné,03_points
4c,_mview_finance_gab_dab_crs.fid-7b1c8a4a_194225f1684_-7adf,etab_nom,manquant,gardé,2.1,aucun,nom non renseigné,03_points
4c,_mview_finance_gab_dab_crs.fid-7b1c8a4a_194225f1684_-7add,etab_nom,manquant,gardé,2.1,aucun,nom non renseigné,03_points
4c,_mview_finance_gab_dab_crs.fid-7b1c8a4a_194225f1684_-7adc,etab_nom,manquant,gardé,2.1,aucun,nom non renseigné,03_points
4c,_mview_finance_gab_dab_crs.fid-7b1c8a4a_194225f1684_-7ad9,etab_nom,manquant,gardé,2.1,aucun,nom non renseigné,03_points
4c,_mview_finance_gab_dab_crs.fid-7b1c8a4a_194225f1684_-7ad7,etab_nom,manquant,gardé,2.1,aucun,nom non renseigné,03_points
4c,_mview_finance_gab_dab_crs.fid-7b1c8a4a_194225f1684_-7ad6,etab_nom,manquant,gardé,2.1,aucun,nom non renseigné,03_points
4c,_mview_finance_gab_dab_crs.fid-7b1c8a4a_194225f1684_-7ac9,etab_nom,manquant,gardé,2.1,aucun,nom non renseigné,03_points
4c,_mview_finance_gab_dab_crs.fid-7b1c8a4a_194225f1684_-7ac8,etab_nom,manquant,gardé,2.1,aucun,nom non renseigné,03_points
4c,_mview_finance_gab_dab_crs.fid-7b1c8a4a_194225f1684_-7ac7,etab_nom,manquant,gardé,2.1,aucun,nom non renseigné,03_points
4c,_mview_finance_gab_dab_crs.fid-7b1c8a4a_194225f1684_-7ac6,etab_nom,manquant,gardé,2.1,aucun,nom non renseigné,03_points
4c,_mview_finance_gab_dab_crs.fid-7b1c8a4a_194225f1684_-7ac3,etab_nom,manquant,gardé,2.1,aucun,nom non renseigné,03_points
4c,_mview_finance_gab_dab_crs.fid-7b1c8a4a_194225f1684_-7ac2,etab_nom,manquant,gardé,2.1,aucun,nom non renseigné,03_points
4c,_mview_finance_gab_dab_crs.fid-7b1c8a4a_194225f1684_-7ac0,etab_nom,manquant,gardé,2.1,aucun,nom non renseigné,03_points
4c,_mview_finance_gab_dab_crs.fid-7b1c8a4a_194225f1684_-7ab3,etab_nom,manquant,gardé,2.1,aucun,nom non renseigné,03_points
4c,_mview_finance_gab_dab_crs.fid-7b1c8a4a_194225f1684_-7ab2,etab_nom,manquant,gardé,2.1,aucun,nom non renseigné,03_points
4c,_mview_finance_gab_dab_crs.fid-7b1c8a4a_194225f1684_-7aab,etab_nom,manquant,gardé,2.1,aucun,nom non renseigné,03_points
D5,_mview_tel_agents_mobile_money.fid-7111a9c0_193dca6021d_7e8f,operateur,manquant,gardé,A8,aucun sur le nombre de lieux,opérateur non renseigné,03_points
D5,_mview_tel_agents_mobile_money.fid-7111a9c0_193dca6021d_7ead,operateur,manquant,gardé,A8,aucun sur le nombre de lieux,opérateur non renseigné,03_points
D5,_mview_tel_agents_mobile_money.fid-7111a9c0_193dca6021d_7eaf,operateur,manquant,gardé,A8,aucun sur le nombre de lieux,opérateur non renseigné,03_points
D5,_mview_tel_agents_mobile_money.fid-7111a9c0_193dca6021d_7eb6,operateur,manquant,gardé,A8,aucun sur le nombre de lieux,opérateur non renseigné,03_points
D5,_mview_tel_agents_mobile_money.fid-7111a9c0_193dca6021d_7eca,operateur,manquant,gardé,A8,aucun sur le nombre de lieux,opérateur non renseigné,03_points
D5,_mview_tel_agents_mobile_money.fid-7111a9c0_193dca6021d_7eda,operateur,manquant,gardé,A8,aucun sur le nombre de lieux,opérateur non renseigné,03_points
D5,_mview_tel_agents_mobile_money.fid-7111a9c0_193dca6021d_7ee6,operateur,manquant,gardé,A8,aucun sur le nombre de lieux,opérateur non renseigné,03_points
D5,_mview_tel_agents_mobile_money.fid-7111a9c0_193dca6021d_7ef9,operateur,manquant,gardé,A8,aucun sur le nombre de lieux,opérateur non renseigné,03_points
D5,_mview_tel_agents_mobile_money.fid-7111a9c0_193dca6021d_7efa,operateur,manquant,gardé,A8,aucun sur le nombre de lieux,opérateur non renseigné,03_points
D5,_mview_tel_agents_mobile_money.fid-7111a9c0_193dca6021d_7efb,operateur,manquant,gardé,A8,aucun sur le nombre de lieux,opérateur non renseigné,03_points
D5,_mview_tel_agents_mobile_money.fid-7111a9c0_193dca6021d_7efc,operateur,manquant,gardé,A8,aucun sur le nombre de lieux,opérateur non renseigné,03_points
D5,_mview_tel_agents_mobile_money.fid-7111a9c0_193dca6021d_7efe,operateur,manquant,gardé,A8,aucun sur le nombre de lieux,opérateur non renseigné,03_points
D5,_mview_tel_agents_mobile_money.fid-7111a9c0_193dca6021d_7eff,operateur,manquant,gardé,A8,aucun sur le nombre de lieux,opérateur non renseigné,03_points
D5,_mview_tel_agents_mobile_money.fid-7111a9c0_193dca6021d_7f3d,operateur,manquant,gardé,A8,aucun sur le nombre de lieux,opérateur non renseigné,03_points
D5,_mview_tel_agents_mobile_money.fid-7111a9c0_193dca6021d_7f46,operateur,manquant,gardé,A8,aucun sur le nombre de lieux,opérateur non renseigné,03_points
D5,_mview_tel_agents_mobile_money.fid-7111a9c0_193dca6021d_7f60,operateur,manquant,gardé,A8,aucun sur le nombre de lieux,opérateur non renseigné,03_points
D5,_mview_tel_agents_mobile_money.fid-7111a9c0_193dca6021d_7f90,operateur,manquant,gardé,A8,aucun sur le nombre de lieux,opérateur non renseigné,03_points
D5,_mview_tel_agents_mobile_money.fid-7111a9c0_193dca6021d_7fb0,operateur,manquant,gardé,A8,aucun sur le nombre de lieux,opérateur non renseigné,03_points
D5,_mview_tel_agents_mobile_money.fid-7111a9c0_193dca6021d_7fd7,operateur,manquant,gardé,A8,aucun sur le nombre de lieux,opérateur non renseigné,03_points
D5,_mview_tel_agents_mobile_money.fid-7111a9c0_193dca6021d_7fe2,operateur,manquant,gardé,A8,aucun sur le nombre de lieux,opérateur non renseigné,03_points
D5,_mview_tel_agents_mobile_money.fid-7111a9c0_193dfd882bb_-7fd5,operateur,manquant,gardé,A8,aucun sur le nombre de lieux,opérateur non renseigné,03_points
D5,_mview_tel_agents_mobile_money.fid-7111a9c0_193dfd882bb_-7fb8,operateur,manquant,gardé,A8,aucun sur le nombre de lieux,opérateur non renseigné,03_points
D5,_mview_tel_agents_mobile_money.fid-7111a9c0_193dfd882bb_-7fa2,operateur,manquant,gardé,A8,aucun sur le nombre de lieux,opérateur non renseigné,03_points
D5,_mview_tel_agents_mobile_money.fid-7111a9c0_193dfd882bb_-7f4d,operateur,manquant,gardé,A8,aucun sur le nombre de lieux,opérateur non renseigné,03_points
D5,_mview_tel_agents_mobile_money.fid-7111a9c0_193dfd882bb_-7f48,operateur,manquant,gardé,A8,aucun sur le nombre de lieux,opérateur non renseigné,03_points
D5,_mview_tel_agents_mobile_money.fid-7111a9c0_193dfd882bb_-7f3a,operateur,manquant,gardé,A8,aucun sur le nombre de lieux,opérateur non renseigné,03_points
D5,_mview_tel_agents_mobile_money.fid-7111a9c0_193dfd882bb_-7efd,operateur,manquant,gardé,A8,aucun sur le nombre de lieux,opérateur non renseigné,03_points
D5,_mview_tel_agents_mobile_money.fid-7111a9c0_193dfd882bb_-7eea,operateur,manquant,gardé,A8,aucun sur le nombre de lieux,opérateur non renseigné,03_points
D5,_mview_tel_agents_mobile_money.fid-7111a9c0_193dfd882bb_-7eb8,operateur,manquant,gardé,A8,aucun sur le nombre de lieux,opérateur non renseigné,03_points
D5,_mview_tel_agents_mobile_money.fid-7111a9c0_193dfd882bb_-7eb1,operateur,manquant,gardé,A8,aucun sur le nombre de lieux,opérateur non renseigné,03_points
D5,_mview_tel_agents_mobile_money.fid-7111a9c0_193dfd882bb_-7e99,operateur,manquant,gardé,A8,aucun sur le nombre de lieux,opérateur non renseigné,03_points
D5,_mview_tel_agents_mobile_money.fid-7111a9c0_193dfd882bb_-7e84,operateur,manquant,gardé,A8,aucun sur le nombre de lieux,opérateur non renseigné,03_points
D5,_mview_tel_agents_mobile_money.fid-7111a9c0_193dfd882bb_-7e0d,operateur,manquant,gardé,A8,aucun sur le nombre de lieux,opérateur non renseigné,03_points
D5,_mview_tel_agents_mobile_money.fid-7111a9c0_193dfd882bb_-7e0c,operateur,manquant,gardé,A8,aucun sur le nombre de lieux,opérateur non renseigné,03_points
D5,_mview_tel_agents_mobile_money.fid-7111a9c0_193dfd882bb_-7dfc,operateur,manquant,gardé,A8,aucun sur le nombre de lieux,opérateur non renseigné,03_points
D5,_mview_tel_agents_mobile_money.fid-7111a9c0_193dfd882bb_-7de3,operateur,manquant,gardé,A8,aucun sur le nombre de lieux,opérateur non renseigné,03_points
D5,_mview_tel_agents_mobile_money.fid-7111a9c0_193dfd882bb_-7dc9,operateur,manquant,gardé,A8,aucun sur le nombre de lieux,opérateur non renseigné,03_points
D5,_mview_tel_agents_mobile_money.fid-7111a9c0_193dfd882bb_-7dac,operateur,manquant,gardé,A8,aucun sur le nombre de lieux,opérateur non renseigné,03_points
D5,_mview_tel_agents_mobile_money.fid-7111a9c0_193dfd882bb_-7daa,operateur,manquant,gardé,A8,aucun sur le nombre de lieux,opérateur non renseigné,03_points
D5,_mview_tel_agents_mobile_money.fid-7111a9c0_193dfd882bb_-7da5,operateur,manquant,gardé,A8,aucun sur le nombre de lieux,opérateur non renseigné,03_points
D5,_mview_tel_agents_mobile_money.fid-7111a9c0_193dfd882bb_-7d96,operateur,manquant,gardé,A8,aucun sur le nombre de lieux,opérateur non renseigné,03_points
D5,_mview_tel_agents_mobile_money.fid-7111a9c0_193dfd882bb_-7d7b,operateur,manquant,gardé,A8,aucun sur le nombre de lieux,opérateur non renseigné,03_points
D5,_mview_tel_agents_mobile_money.fid-7111a9c0_193dfd882bb_-7d77,operateur,manquant,gardé,A8,aucun sur le nombre de lieux,opérateur non renseigné,03_points
D5,_mview_tel_agents_mobile_money.fid-7111a9c0_193dfd882bb_-7d5c,operateur,manquant,gardé,A8,aucun sur le nombre de lieux,opérateur non renseigné,03_points
D5,_mview_tel_agents_mobile_money.fid-7111a9c0_193dfd882bb_-7d2b,operateur,manquant,gardé,A8,aucun sur le nombre de lieux,opérateur non renseigné,03_points
D5,_mview_tel_agents_mobile_money.fid-7111a9c0_193dfd882bb_-7d21,operateur,manquant,gardé,A8,aucun sur le nombre de lieux,opérateur non renseigné,03_points
D5,_mview_tel_agents_mobile_money.fid-7111a9c0_193dfd882bb_-7d03,operateur,manquant,gardé,A8,aucun sur le nombre de lieux,opérateur non renseigné,03_points
D5,_mview_tel_agents_mobile_money.fid-7111a9c0_193dfd882bb_-7cc9,operateur,manquant,gardé,A8,aucun sur le nombre de lieux,opérateur non renseigné,03_points
D5,_mview_tel_agents_mobile_money.fid-7111a9c0_193dfd882bb_-7cb3,operateur,manquant,gardé,A8,aucun sur le nombre de lieux,opérateur non renseigné,03_points
D5,_mview_tel_agents_mobile_money.fid-7111a9c0_193dfd882bb_-7cb1,operateur,manquant,gardé,A8,aucun sur le nombre de lieux,opérateur non renseigné,03_points
D5,_mview_tel_agents_mobile_money.fid-7111a9c0_193dfd882bb_-7c66,operateur,manquant,gardé,A8,aucun sur le nombre de lieux,opérateur non renseigné,03_points
D5,_mview_tel_agents_mobile_money.fid-7111a9c0_193dfd882bb_-7c5f,operateur,manquant,gardé,A8,aucun sur le nombre de lieux,opérateur non renseigné,03_points
D5,_mview_tel_agents_mobile_money.fid-7111a9c0_193dfd882bb_-7c4d,operateur,manquant,gardé,A8,aucun sur le nombre de lieux,opérateur non renseigné,03_points
D5,_mview_tel_agents_mobile_money.fid-7111a9c0_193dfd882bb_-7c31,operateur,manquant,gardé,A8,aucun sur le nombre de lieux,opérateur non renseigné,03_points
D5,_mview_tel_agents_mobile_money.fid-7111a9c0_193dfd882bb_-7c13,operateur,manquant,gardé,A8,aucun sur le nombre de lieux,opérateur non renseigné,03_points
D5,_mview_tel_agents_mobile_money.fid-7111a9c0_193dfd882bb_-7bd8,operateur,manquant,gardé,A8,aucun sur le nombre de lieux,opérateur non renseigné,03_points
D5,_mview_tel_agents_mobile_money.fid-7111a9c0_193dfd882bb_-7bd1,operateur,manquant,gardé,A8,aucun sur le nombre de lieux,opérateur non renseigné,03_points
D5,_mview_tel_agents_mobile_money.fid-7111a9c0_193dfd882bb_-7bca,operateur,manquant,gardé,A8,aucun sur le nombre de lieux,opérateur non renseigné,03_points
D5,_mview_tel_agents_mobile_money.fid-7111a9c0_193dfd882bb_-7bc0,operateur,manquant,gardé,A8,aucun sur le nombre de lieux,opérateur non renseigné,03_points
D5,_mview_tel_agents_mobile_money.fid-7111a9c0_193dfd882bb_-7bab,operateur,manquant,gardé,A8,aucun sur le nombre de lieux,opérateur non renseigné,03_points
D5,_mview_tel_agents_mobile_money.fid-7111a9c0_193dfd882bb_-7ba7,operateur,manquant,gardé,A8,aucun sur le nombre de lieux,opérateur non renseigné,03_points
D5,_mview_tel_agents_mobile_money.fid-7111a9c0_193dfd882bb_-7b8e,operateur,manquant,gardé,A8,aucun sur le nombre de lieux,opérateur non renseigné,03_points
D5,_mview_tel_agents_mobile_money.fid-7111a9c0_193dfd882bb_-7b82,operateur,manquant,gardé,A8,aucun sur le nombre de lieux,opérateur non renseigné,03_points
D5,_mview_tel_agents_mobile_money.fid-7111a9c0_193dfd882bb_-7b78,operateur,manquant,gardé,A8,aucun sur le nombre de lieux,opérateur non renseigné,03_points
D5,_mview_tel_agents_mobile_money.fid-7111a9c0_193dfd882bb_-7b64,operateur,manquant,gardé,A8,aucun sur le nombre de lieux,opérateur non renseigné,03_points
D5,_mview_tel_agents_mobile_money.fid-7111a9c0_193dfd882bb_-7b5e,operateur,manquant,gardé,A8,aucun sur le nombre de lieux,opérateur non renseigné,03_points
D5,_mview_tel_agents_mobile_money.fid-7111a9c0_193dfd882bb_-7b0f,operateur,manquant,gardé,A8,aucun sur le nombre de lieux,opérateur non renseigné,03_points
D5,_mview_tel_agents_mobile_money.fid-7111a9c0_193dfd882bb_-7ad2,operateur,manquant,gardé,A8,aucun sur le nombre de lieux,opérateur non renseigné,03_points
D5,_mview_tel_agents_mobile_money.fid-7111a9c0_193dfd882bb_-7ac2,operateur,manquant,gardé,A8,aucun sur le nombre de lieux,opérateur non renseigné,03_points
D5,_mview_tel_agents_mobile_money.fid-7111a9c0_193dfd882bb_-7abd,operateur,manquant,gardé,A8,aucun sur le nombre de lieux,opérateur non renseigné,03_points
D5,_mview_tel_agents_mobile_money.fid-7111a9c0_193dfd882bb_-7aae,operateur,manquant,gardé,A8,aucun sur le nombre de lieux,opérateur non renseigné,03_points
D5,_mview_tel_agents_mobile_money.fid-7111a9c0_193dfd882bb_-7a9c,operateur,manquant,gardé,A8,aucun sur le nombre de lieux,opérateur non renseigné,03_points
D5,_mview_tel_agents_mobile_money.fid-7111a9c0_193dfd882bb_-7a98,operateur,manquant,gardé,A8,aucun sur le nombre de lieux,opérateur non renseigné,03_points
D5,_mview_tel_agents_mobile_money.fid-7111a9c0_193dfd882bb_-7a75,operateur,manquant,gardé,A8,aucun sur le nombre de lieux,opérateur non renseigné,03_points
D5,_mview_tel_agents_mobile_money.fid-7111a9c0_193dfd882bb_-7a44,operateur,manquant,gardé,A8,aucun sur le nombre de lieux,opérateur non renseigné,03_points
D5,_mview_tel_agents_mobile_money.fid-7111a9c0_193dfd882bb_-7a3f,operateur,manquant,gardé,A8,aucun sur le nombre de lieux,opérateur non renseigné,03_points
D5,_mview_tel_agents_mobile_money.fid-7111a9c0_193dfd882bb_-7a06,operateur,manquant,gardé,A8,aucun sur le nombre de lieux,opérateur non renseigné,03_points
D5,_mview_tel_agents_mobile_money.fid-7111a9c0_193dfd882bb_-7a00,operateur,manquant,gardé,A8,aucun sur le nombre de lieux,opérateur non renseigné,03_points
D5,_mview_tel_agents_mobile_money.fid-7111a9c0_193dfd882bb_-79bd,operateur,manquant,gardé,A8,aucun sur le nombre de lieux,opérateur non renseigné,03_points
D5,_mview_tel_agents_mobile_money.fid-7111a9c0_193dfd882bb_-79ac,operateur,manquant,gardé,A8,aucun sur le nombre de lieux,opérateur non renseigné,03_points
D5,_mview_tel_agents_mobile_money.fid-7111a9c0_193dfd882bb_-79a9,operateur,manquant,gardé,A8,aucun sur le nombre de lieux,opérateur non renseigné,03_points
D5,_mview_tel_agents_mobile_money.fid-7111a9c0_193dfd882bb_-79a8,operateur,manquant,gardé,A8,aucun sur le nombre de lieux,opérateur non renseigné,03_points
D5,_mview_tel_agents_mobile_money.fid-7111a9c0_193dfd882bb_-79a5,operateur,manquant,gardé,A8,aucun sur le nombre de lieux,opérateur non renseigné,03_points
D5,_mview_tel_agents_mobile_money.fid-7111a9c0_193dfd882bb_-798f,operateur,manquant,gardé,A8,aucun sur le nombre de lieux,opérateur non renseigné,03_points
D5,_mview_tel_agents_mobile_money.fid-7111a9c0_193dfd882bb_-7987,operateur,manquant,gardé,A8,aucun sur le nombre de lieux,opérateur non renseigné,03_points
D5,_mview_tel_agents_mobile_money.fid-7111a9c0_193dfd882bb_-7953,operateur,manquant,gardé,A8,aucun sur le nombre de lieux,opérateur non renseigné,03_points
D5,_mview_tel_agents_mobile_money.fid-7111a9c0_193dfd882bb_-7940,operateur,manquant,gardé,A8,aucun sur le nombre de lieux,opérateur non renseigné,03_points
D5,_mview_tel_agents_mobile_money.fid-7111a9c0_193dfd882bb_-7921,operateur,manquant,gardé,A8,aucun sur le nombre de lieux,opérateur non renseigné,03_points
D5,_mview_tel_agents_mobile_money.fid-7111a9c0_193dfd882bb_-791e,operateur,manquant,gardé,A8,aucun sur le nombre de lieux,opérateur non renseigné,03_points
D5,_mview_tel_agents_mobile_money.fid-7111a9c0_193dfd882bb_-7918,operateur,manquant,gardé,A8,aucun sur le nombre de lieux,opérateur non renseigné,03_points
D5,_mview_tel_agents_mobile_money.fid-7111a9c0_193dfd882bb_-790d,operateur,manquant,gardé,A8,aucun sur le nombre de lieux,opérateur non renseigné,03_points
D5,_mview_tel_agents_mobile_money.fid-7111a9c0_193dfd882bb_-7907,operateur,manquant,gardé,A8,aucun sur le nombre de lieux,opérateur non renseigné,03_points
D5,_mview_tel_agents_mobile_money.fid-7111a9c0_193dfd882bb_-78e9,operateur,manquant,gardé,A8,aucun sur le nombre de lieux,opérateur non renseigné,03_points
D5,_mview_tel_agents_mobile_money.fid-7111a9c0_193dfd882bb_-78c9,operateur,manquant,gardé,A8,aucun sur le nombre de lieux,opérateur non renseigné,03_points
D5,_mview_tel_agents_mobile_money.fid-7111a9c0_193dfd882bb_-78bd,operateur,manquant,gardé,A8,aucun sur le nombre de lieux,opérateur non renseigné,03_points
D5,_mview_tel_agents_mobile_money.fid-7111a9c0_193dfd882bb_-78b7,operateur,manquant,gardé,A8,aucun sur le nombre de lieux,opérateur non renseigné,03_points
D5,_mview_tel_agents_mobile_money.fid-7111a9c0_193dfd882bb_-78ae,operateur,manquant,gardé,A8,aucun sur le nombre de lieux,opérateur non renseigné,03_points
D5,_mview_tel_agents_mobile_money.fid-7111a9c0_193dfd882bb_-78ab,operateur,manquant,gardé,A8,aucun sur le nombre de lieux,opérateur non renseigné,03_points
D5,_mview_tel_agents_mobile_money.fid-7111a9c0_193dfd882bb_-7885,operateur,manquant,gardé,A8,aucun sur le nombre de lieux,opérateur non renseigné,03_points
D5,_mview_tel_agents_mobile_money.fid-7111a9c0_193dfd882bb_-7883,operateur,manquant,gardé,A8,aucun sur le nombre de lieux,opérateur non renseigné,03_points
D5,_mview_tel_agents_mobile_money.fid-7111a9c0_193dfd882bb_-7874,operateur,manquant,gardé,A8,aucun sur le nombre de lieux,opérateur non renseigné,03_points
D5,_mview_tel_agents_mobile_money.fid-7111a9c0_193dfd882bb_-7860,operateur,manquant,gardé,A8,aucun sur le nombre de lieux,opérateur non renseigné,03_points
D5,_mview_tel_agents_mobile_money.fid-7111a9c0_193dfd882bb_-785f,operateur,manquant,gardé,A8,aucun sur le nombre de lieux,opérateur non renseigné,03_points
D5,_mview_tel_agents_mobile_money.fid-7111a9c0_193dfd882bb_-7855,operateur,manquant,gardé,A8,aucun sur le nombre de lieux,opérateur non renseigné,03_points
D5,_mview_tel_agents_mobile_money.fid-7111a9c0_193dfd882bb_-7850,operateur,manquant,gardé,A8,aucun sur le nombre de lieux,opérateur non renseigné,03_points
D5,_mview_tel_agents_mobile_money.fid-7111a9c0_193dfd882bb_-77e4,operateur,manquant,gardé,A8,aucun sur le nombre de lieux,opérateur non renseigné,03_points
D5,_mview_tel_agents_mobile_money.fid-7111a9c0_193dfd882bb_-77d9,operateur,manquant,gardé,A8,aucun sur le nombre de lieux,opérateur non renseigné,03_points
D5,_mview_tel_agents_mobile_money.fid-7111a9c0_193dfd882bb_-77d8,operateur,manquant,gardé,A8,aucun sur le nombre de lieux,opérateur non renseigné,03_points
D5,_mview_tel_agents_mobile_money.fid-7111a9c0_193dfd882bb_-77d3,operateur,manquant,gardé,A8,aucun sur le nombre de lieux,opérateur non renseigné,03_points
D5,_mview_tel_agents_mobile_money.fid-7111a9c0_193dfd882bb_-77c2,operateur,manquant,gardé,A8,aucun sur le nombre de lieux,opérateur non renseigné,03_points
D5,_mview_tel_agents_mobile_money.fid-7111a9c0_193dfd882bb_-77c1,operateur,manquant,gardé,A8,aucun sur le nombre de lieux,opérateur non renseigné,03_points
D5,_mview_tel_agents_mobile_money.fid-7111a9c0_193dfd882bb_-77b2,operateur,manquant,gardé,A8,aucun sur le nombre de lieux,opérateur non renseigné,03_points
D5,_mview_tel_agents_mobile_money.fid-7111a9c0_193dfd882bb_-77ae,operateur,manquant,gardé,A8,aucun sur le nombre de lieux,opérateur non renseigné,03_points
D5,_mview_tel_agents_mobile_money.fid-7111a9c0_193dfd882bb_-778d,operateur,manquant,gardé,A8,aucun sur le nombre de lieux,opérateur non renseigné,03_points
D5,_mview_tel_agents_mobile_money.fid-7111a9c0_193dfd882bb_-7786,operateur,manquant,gardé,A8,aucun sur le nombre de lieux,opérateur non renseigné,03_points
D5,_mview_tel_agents_mobile_money.fid-7111a9c0_193dfd882bb_-777d,operateur,manquant,gardé,A8,aucun sur le nombre de lieux,opérateur non renseigné,03_points
D5,_mview_tel_agents_mobile_money.fid-7111a9c0_193dfd882bb_-777c,operateur,manquant,gardé,A8,aucun sur le nombre de lieux,opérateur non renseigné,03_points
D5,_mview_tel_agents_mobile_money.fid-7111a9c0_193dfd882bb_-777b,operateur,manquant,gardé,A8,aucun sur le nombre de lieux,opérateur non renseigné,03_points
D5,_mview_tel_agents_mobile_money.fid-7111a9c0_193dfd882bb_-777a,operateur,manquant,gardé,A8,aucun sur le nombre de lieux,opérateur non renseigné,03_points
D5,_mview_tel_agents_mobile_money.fid-7111a9c0_193dfd882bb_-7779,operateur,manquant,gardé,A8,aucun sur le nombre de lieux,opérateur non renseigné,03_points
D5,_mview_tel_agents_mobile_money.fid-7111a9c0_193dfd882bb_-7778,operateur,manquant,gardé,A8,aucun sur le nombre de lieux,opérateur non renseigné,03_points
D5,_mview_tel_agents_mobile_money.fid-7111a9c0_193dfd882bb_-7777,operateur,manquant,gardé,A8,aucun sur le nombre de lieux,opérateur non renseigné,03_points
D5,_mview_tel_agents_mobile_money.fid-7111a9c0_193dfd882bb_-7775,operateur,manquant,gardé,A8,aucun sur le nombre de lieux,opérateur non renseigné,03_points
D5,_mview_tel_agents_mobile_money.fid-7111a9c0_193dfd882bb_-7774,operateur,manquant,gardé,A8,aucun sur le nombre de lieux,opérateur non renseigné,03_points
D5,_mview_tel_agents_mobile_money.fid-7111a9c0_193dfd882bb_-7773,operateur,manquant,gardé,A8,aucun sur le nombre de lieux,opérateur non renseigné,03_points
D5,_mview_tel_agents_mobile_money.fid-7111a9c0_193dfd882bb_-775b,operateur,manquant,gardé,A8,aucun sur le nombre de lieux,opérateur non renseigné,03_points
D5,_mview_tel_agents_mobile_money.fid-7111a9c0_193dfd882bb_-7712,operateur,manquant,gardé,A8,aucun sur le nombre de lieux,opérateur non renseigné,03_points
D5,_mview_tel_agents_mobile_money.fid-7111a9c0_193dfd882bb_-76dc,operateur,manquant,gardé,A8,aucun sur le nombre de lieux,opérateur non renseigné,03_points
D5,_mview_tel_agents_mobile_money.fid-7111a9c0_193dfd882bb_-76d0,operateur,manquant,gardé,A8,aucun sur le nombre de lieux,opérateur non renseigné,03_points
D5,_mview_tel_agents_mobile_money.fid-7111a9c0_193dfd882bb_-76af,operateur,manquant,gardé,A8,aucun sur le nombre de lieux,opérateur non renseigné,03_points
D5,_mview_tel_agents_mobile_money.fid-7111a9c0_193dfd882bb_-76ae,operateur,manquant,gardé,A8,aucun sur le nombre de lieux,opérateur non renseigné,03_points
D5,_mview_tel_agents_mobile_money.fid-7111a9c0_193dfd882bb_-76ac,operateur,manquant,gardé,A8,aucun sur le nombre de lieux,opérateur non renseigné,03_points
D5,_mview_tel_agents_mobile_money.fid-7111a9c0_193dfd882bb_-76aa,operateur,manquant,gardé,A8,aucun sur le nombre de lieux,opérateur non renseigné,03_points
D5,_mview_tel_agents_mobile_money.fid-7111a9c0_193dfd882bb_-76a9,operateur,manquant,gardé,A8,aucun sur le nombre de lieux,opérateur non renseigné,03_points
D5,_mview_tel_agents_mobile_money.fid-7111a9c0_193dfd882bb_-76a7,operateur,manquant,gardé,A8,aucun sur le nombre de lieux,opérateur non renseigné,03_points
D5,_mview_tel_agents_mobile_money.fid-7111a9c0_193dfd882bb_-76a6,operateur,manquant,gardé,A8,aucun sur le nombre de lieux,opérateur non renseigné,03_points
D5,_mview_tel_agents_mobile_money.fid-7111a9c0_193dfd882bb_-76a4,operateur,manquant,gardé,A8,aucun sur le nombre de lieux,opérateur non renseigné,03_points
D5,_mview_tel_agents_mobile_money.fid-7111a9c0_193dfd882bb_-7689,operateur,manquant,gardé,A8,aucun sur le nombre de lieux,opérateur non renseigné,03_points
D5,_mview_tel_agents_mobile_money.fid-7111a9c0_193dfd882bb_-7662,operateur,manquant,gardé,A8,aucun sur le nombre de lieux,opérateur non renseigné,03_points
D5,_mview_tel_agents_mobile_money.fid-7111a9c0_193dfd882bb_-7656,operateur,manquant,gardé,A8,aucun sur le nombre de lieux,opérateur non renseigné,03_points
D5,_mview_tel_agents_mobile_money.fid-7111a9c0_193dfd882bb_-7644,operateur,manquant,gardé,A8,aucun sur le nombre de lieux,opérateur non renseigné,03_points
D5,_mview_tel_agents_mobile_money.fid-7111a9c0_193dfd882bb_-7611,operateur,manquant,gardé,A8,aucun sur le nombre de lieux,opérateur non renseigné,03_points
D5,_mview_tel_agents_mobile_money.fid-7111a9c0_193dfd882bb_-7607,operateur,manquant,gardé,A8,aucun sur le nombre de lieux,opérateur non renseigné,03_points
D5,_mview_tel_agents_mobile_money.fid-7111a9c0_193dfd882bb_-75d0,operateur,manquant,gardé,A8,aucun sur le nombre de lieux,opérateur non renseigné,03_points
D5,_mview_tel_agents_mobile_money.fid-7111a9c0_193dfd882bb_-75c7,operateur,manquant,gardé,A8,aucun sur le nombre de lieux,opérateur non renseigné,03_points
D5,_mview_tel_agents_mobile_money.fid-7111a9c0_193dfd882bb_-75bd,operateur,manquant,gardé,A8,aucun sur le nombre de lieux,opérateur non renseigné,03_points
D5,_mview_tel_agents_mobile_money.fid-7111a9c0_193dfd882bb_-7589,operateur,manquant,gardé,A8,aucun sur le nombre de lieux,opérateur non renseigné,03_points
D5,_mview_tel_agents_mobile_money.fid-7111a9c0_193dfd882bb_-757e,operateur,manquant,gardé,A8,aucun sur le nombre de lieux,opérateur non renseigné,03_points
D5,_mview_tel_agents_mobile_money.fid-7111a9c0_193dfd882bb_-7579,operateur,manquant,gardé,A8,aucun sur le nombre de lieux,opérateur non renseigné,03_points
D5,_mview_tel_agents_mobile_money.fid-7111a9c0_193dfd882bb_-7556,operateur,manquant,gardé,A8,aucun sur le nombre de lieux,opérateur non renseigné,03_points
D5,_mview_tel_agents_mobile_money.fid-7111a9c0_193dfd882bb_-7551,operateur,manquant,gardé,A8,aucun sur le nombre de lieux,opérateur non renseigné,03_points
D5,_mview_tel_agents_mobile_money.fid-7111a9c0_193dfd882bb_-7525,operateur,manquant,gardé,A8,aucun sur le nombre de lieux,opérateur non renseigné,03_points
D5,_mview_tel_agents_mobile_money.fid-7111a9c0_193dfd882bb_-7524,operateur,manquant,gardé,A8,aucun sur le nombre de lieux,opérateur non renseigné,03_points
D5,_mview_tel_agents_mobile_money.fid-7111a9c0_193dfd882bb_-751c,operateur,manquant,gardé,A8,aucun sur le nombre de lieux,opérateur non renseigné,03_points
D5,_mview_tel_agents_mobile_money.fid-7111a9c0_193dfd882bb_-74e1,operateur,manquant,gardé,A8,aucun sur le nombre de lieux,opérateur non renseigné,03_points
D5,_mview_tel_agents_mobile_money.fid-7111a9c0_193dfd882bb_-74db,operateur,manquant,gardé,A8,aucun sur le nombre de lieux,opérateur non renseigné,03_points
D5,_mview_tel_agents_mobile_money.fid-7111a9c0_193dfd882bb_-74d5,operateur,manquant,gardé,A8,aucun sur le nombre de lieux,opérateur non renseigné,03_points
D5,_mview_tel_agents_mobile_money.fid-7111a9c0_193dfd882bb_-74ce,operateur,manquant,gardé,A8,aucun sur le nombre de lieux,opérateur non renseigné,03_points
D5,_mview_tel_agents_mobile_money.fid-7111a9c0_193dfd882bb_-74cb,operateur,manquant,gardé,A8,aucun sur le nombre de lieux,opérateur non renseigné,03_points
D5,_mview_tel_agents_mobile_money.fid-7111a9c0_193dfd882bb_-74c2,operateur,manquant,gardé,A8,aucun sur le nombre de lieux,opérateur non renseigné,03_points
D5,_mview_tel_agents_mobile_money.fid-7111a9c0_193dfd882bb_-747a,operateur,manquant,gardé,A8,aucun sur le nombre de lieux,opérateur non renseigné,03_points
D5,_mview_tel_agents_mobile_money.fid-7111a9c0_193dfd882bb_-7479,operateur,manquant,gardé,A8,aucun sur le nombre de lieux,opérateur non renseigné,03_points
D5,_mview_tel_agents_mobile_money.fid-7111a9c0_193dfd882bb_-7470,operateur,manquant,gardé,A8,aucun sur le nombre de lieux,opérateur non renseigné,03_points
D5,_mview_tel_agents_mobile_money.fid-7111a9c0_193dfd882bb_-744a,operateur,manquant,gardé,A8,aucun sur le nombre de lieux,opérateur non renseigné,03_points
D5,_mview_tel_agents_mobile_money.fid-7111a9c0_193dfd882bb_-7449,operateur,manquant,gardé,A8,aucun sur le nombre de lieux,opérateur non renseigné,03_points
D5,_mview_tel_agents_mobile_money.fid-7111a9c0_193dfd882bb_-742d,operateur,manquant,gardé,A8,aucun sur le nombre de lieux,opérateur non renseigné,03_points
D5,_mview_tel_agents_mobile_money.fid-7111a9c0_193dfd882bb_-7415,operateur,manquant,gardé,A8,aucun sur le nombre de lieux,opérateur non renseigné,03_points
D5,_mview_tel_agents_mobile_money.fid-7111a9c0_193dfd882bb_-73d7,operateur,manquant,gardé,A8,aucun sur le nombre de lieux,opérateur non renseigné,03_points
D5,_mview_tel_agents_mobile_money.fid-7111a9c0_193dfd882bb_-73d6,operateur,manquant,gardé,A8,aucun sur le nombre de lieux,opérateur non renseigné,03_points
D5,_mview_tel_agents_mobile_money.fid-7111a9c0_193dfd882bb_-73d4,operateur,manquant,gardé,A8,aucun sur le nombre de lieux,opérateur non renseigné,03_points
D5,_mview_tel_agents_mobile_money.fid-7111a9c0_193dfd882bb_-73cf,operateur,manquant,gardé,A8,aucun sur le nombre de lieux,opérateur non renseigné,03_points
D5,_mview_tel_agents_mobile_money.fid-7111a9c0_193dfd882bb_-73b9,operateur,manquant,gardé,A8,aucun sur le nombre de lieux,opérateur non renseigné,03_points
D5,_mview_tel_agents_mobile_money.fid-7111a9c0_193dfd882bb_-73a3,operateur,manquant,gardé,A8,aucun sur le nombre de lieux,opérateur non renseigné,03_points
D5,_mview_tel_agents_mobile_money.fid-7111a9c0_193dfd882bb_-734b,operateur,manquant,gardé,A8,aucun sur le nombre de lieux,opérateur non renseigné,03_points
D5,_mview_tel_agents_mobile_money.fid-7111a9c0_193dfd882bb_-733a,operateur,manquant,gardé,A8,aucun sur le nombre de lieux,opérateur non renseigné,03_points
D5,_mview_tel_agents_mobile_money.fid-7111a9c0_193dfd882bb_-7312,operateur,manquant,gardé,A8,aucun sur le nombre de lieux,opérateur non renseigné,03_points
D5,_mview_tel_agents_mobile_money.fid-7111a9c0_193dfd882bb_-72cc,operateur,manquant,gardé,A8,aucun sur le nombre de lieux,opérateur non renseigné,03_points
D5,_mview_tel_agents_mobile_money.fid-7111a9c0_193dfd882bb_-72c9,operateur,manquant,gardé,A8,aucun sur le nombre de lieux,opérateur non renseigné,03_points
D5,_mview_tel_agents_mobile_money.fid-7111a9c0_193dfd882bb_-72c0,operateur,manquant,gardé,A8,aucun sur le nombre de lieux,opérateur non renseigné,03_points
D5,_mview_tel_agents_mobile_money.fid-7111a9c0_193dfd882bb_-72b1,operateur,manquant,gardé,A8,aucun sur le nombre de lieux,opérateur non renseigné,03_points
D5,_mview_tel_agents_mobile_money.fid-7111a9c0_193dfd882bb_-72a4,operateur,manquant,gardé,A8,aucun sur le nombre de lieux,opérateur non renseigné,03_points
D5,_mview_tel_agents_mobile_money.fid-7111a9c0_193dfd882bb_-7289,operateur,manquant,gardé,A8,aucun sur le nombre de lieux,opérateur non renseigné,03_points
D5,_mview_tel_agents_mobile_money.fid-7111a9c0_193dfd882bb_-726f,operateur,manquant,gardé,A8,aucun sur le nombre de lieux,opérateur non renseigné,03_points
D5,_mview_tel_agents_mobile_money.fid-7111a9c0_193dfd882bb_-7263,operateur,manquant,gardé,A8,aucun sur le nombre de lieux,opérateur non renseigné,03_points
D5,_mview_tel_agents_mobile_money.fid-7111a9c0_193dfd882bb_-723e,operateur,manquant,gardé,A8,aucun sur le nombre de lieux,opérateur non renseigné,03_points
D5,_mview_tel_agents_mobile_money.fid-7111a9c0_193dfd882bb_-7222,operateur,manquant,gardé,A8,aucun sur le nombre de lieux,opérateur non renseigné,03_points
D5,_mview_tel_agents_mobile_money.fid-7111a9c0_193dfd882bb_-7211,operateur,manquant,gardé,A8,aucun sur le nombre de lieux,opérateur non renseigné,03_points
D5,_mview_tel_agents_mobile_money.fid-7111a9c0_193dfd882bb_-7209,operateur,manquant,gardé,A8,aucun sur le nombre de lieux,opérateur non renseigné,03_points
D5,_mview_tel_agents_mobile_money.fid-7111a9c0_193dfd882bb_-71d8,operateur,manquant,gardé,A8,aucun sur le nombre de lieux,opérateur non renseigné,03_points
D5,_mview_tel_agents_mobile_money.fid-7111a9c0_193dfd882bb_-71d1,operateur,manquant,gardé,A8,aucun sur le nombre de lieux,opérateur non renseigné,03_points
D5,_mview_tel_agents_mobile_money.fid-7111a9c0_193dfd882bb_-71c7,operateur,manquant,gardé,A8,aucun sur le nombre de lieux,opérateur non renseigné,03_points
D5,_mview_tel_agents_mobile_money.fid-7111a9c0_193dfd882bb_-71c1,operateur,manquant,gardé,A8,aucun sur le nombre de lieux,opérateur non renseigné,03_points
D5,_mview_tel_agents_mobile_money.fid-7111a9c0_193dfd882bb_-71c0,operateur,manquant,gardé,A8,aucun sur le nombre de lieux,opérateur non renseigné,03_points
D5,_mview_tel_agents_mobile_money.fid-7111a9c0_193dfd882bb_-71bf,operateur,manquant,gardé,A8,aucun sur le nombre de lieux,opérateur non renseigné,03_points
D5,_mview_tel_agents_mobile_money.fid-7111a9c0_193dfd882bb_-718a,operateur,manquant,gardé,A8,aucun sur le nombre de lieux,opérateur non renseigné,03_points
D5,_mview_tel_agents_mobile_money.fid-7111a9c0_193dfd882bb_-7189,operateur,manquant,gardé,A8,aucun sur le nombre de lieux,opérateur non renseigné,03_points
D5,_mview_tel_agents_mobile_money.fid-7111a9c0_193dfd882bb_-7188,operateur,manquant,gardé,A8,aucun sur le nombre de lieux,opérateur non renseigné,03_points
D5,_mview_tel_agents_mobile_money.fid-7111a9c0_193dfd882bb_-7187,operateur,manquant,gardé,A8,aucun sur le nombre de lieux,opérateur non renseigné,03_points
D5,_mview_tel_agents_mobile_money.fid-7111a9c0_193dfd882bb_-7186,operateur,manquant,gardé,A8,aucun sur le nombre de lieux,opérateur non renseigné,03_points
D5,_mview_tel_agents_mobile_money.fid-7111a9c0_193dfd882bb_-7184,operateur,manquant,gardé,A8,aucun sur le nombre de lieux,opérateur non renseigné,03_points
D5,_mview_tel_agents_mobile_money.fid-7111a9c0_193dfd882bb_-7134,operateur,manquant,gardé,A8,aucun sur le nombre de lieux,opérateur non renseigné,03_points
D5,_mview_tel_agents_mobile_money.fid-7111a9c0_193dfd882bb_-7133,operateur,manquant,gardé,A8,aucun sur le nombre de lieux,opérateur non renseigné,03_points
D5,_mview_tel_agents_mobile_money.fid-7111a9c0_193dfd882bb_-7132,operateur,manquant,gardé,A8,aucun sur le nombre de lieux,opérateur non renseigné,03_points
D5,_mview_tel_agents_mobile_money.fid-7111a9c0_193dfd882bb_-7131,operateur,manquant,gardé,A8,aucun sur le nombre de lieux,opérateur non renseigné,03_points
D5,_mview_tel_agents_mobile_money.fid-7111a9c0_193dfd882bb_-7128,operateur,manquant,gardé,A8,aucun sur le nombre de lieux,opérateur non renseigné,03_points
D5,_mview_tel_agents_mobile_money.fid-7111a9c0_193dfd882bb_-7106,operateur,manquant,gardé,A8,aucun sur le nombre de lieux,opérateur non renseigné,03_points
D5,_mview_tel_agents_mobile_money.fid-7111a9c0_193dfd882bb_-70e0,operateur,manquant,gardé,A8,aucun sur le nombre de lieux,opérateur non renseigné,03_points
D5,_mview_tel_agents_mobile_money.fid-7111a9c0_193dfd882bb_-708f,operateur,manquant,gardé,A8,aucun sur le nombre de lieux,opérateur non renseigné,03_points
D5,_mview_tel_agents_mobile_money.fid-7111a9c0_193dfd882bb_-7085,operateur,manquant,gardé,A8,aucun sur le nombre de lieux,opérateur non renseigné,03_points
D5,_mview_tel_agents_mobile_money.fid-7111a9c0_193dfd882bb_-7084,operateur,manquant,gardé,A8,aucun sur le nombre de lieux,opérateur non renseigné,03_points
D5,_mview_tel_agents_mobile_money.fid-7111a9c0_193dfd882bb_-7083,operateur,manquant,gardé,A8,aucun sur le nombre de lieux,opérateur non renseigné,03_points
D5,_mview_tel_agents_mobile_money.fid-7111a9c0_193dfd882bb_-7082,operateur,manquant,gardé,A8,aucun sur le nombre de lieux,opérateur non renseigné,03_points
D5,_mview_tel_agents_mobile_money.fid-7111a9c0_193dfd882bb_-707a,operateur,manquant,gardé,A8,aucun sur le nombre de lieux,opérateur non renseigné,03_points
D5,_mview_tel_agents_mobile_money.fid-7111a9c0_193dfd882bb_-7079,operateur,manquant,gardé,A8,aucun sur le nombre de lieux,opérateur non renseigné,03_points
D5,_mview_tel_agents_mobile_money.fid-7111a9c0_193dfd882bb_-7054,operateur,manquant,gardé,A8,aucun sur le nombre de lieux,opérateur non renseigné,03_points
D5,_mview_tel_agents_mobile_money.fid-7111a9c0_193dfd882bb_-7045,operateur,manquant,gardé,A8,aucun sur le nombre de lieux,opérateur non renseigné,03_points
D5,_mview_tel_agents_mobile_money.fid-7111a9c0_193dfd882bb_-7044,operateur,manquant,gardé,A8,aucun sur le nombre de lieux,opérateur non renseigné,03_points
D5,_mview_tel_agents_mobile_money.fid-7111a9c0_193dfd882bb_-7043,operateur,manquant,gardé,A8,aucun sur le nombre de lieux,opérateur non renseigné,03_points
D5,_mview_tel_agents_mobile_money.fid-7111a9c0_193dfd882bb_-7042,operateur,manquant,gardé,A8,aucun sur le nombre de lieux,opérateur non renseigné,03_points
D5,_mview_tel_agents_mobile_money.fid-7111a9c0_193dfd882bb_-7028,operateur,manquant,gardé,A8,aucun sur le nombre de lieux,opérateur non renseigné,03_points
D5,_mview_tel_agents_mobile_money.fid-7111a9c0_193dfd882bb_-7027,operateur,manquant,gardé,A8,aucun sur le nombre de lieux,opérateur non renseigné,03_points
D5,_mview_tel_agents_mobile_money.fid-7111a9c0_193dfd882bb_-7026,operateur,manquant,gardé,A8,aucun sur le nombre de lieux,opérateur non renseigné,03_points
D5,_mview_tel_agents_mobile_money.fid-7111a9c0_193dfd882bb_-7025,operateur,manquant,gardé,A8,aucun sur le nombre de lieux,opérateur non renseigné,03_points
D5,_mview_tel_agents_mobile_money.fid-7111a9c0_193dfd882bb_-7024,operateur,manquant,gardé,A8,aucun sur le nombre de lieux,opérateur non renseigné,03_points
D5,_mview_tel_agents_mobile_money.fid-7111a9c0_193dfd882bb_-7023,operateur,manquant,gardé,A8,aucun sur le nombre de lieux,opérateur non renseigné,03_points
D5,_mview_tel_agents_mobile_money.fid-7111a9c0_193dfd882bb_-7010,operateur,manquant,gardé,A8,aucun sur le nombre de lieux,opérateur non renseigné,03_points
D5,_mview_tel_agents_mobile_money.fid-7111a9c0_193dfd882bb_-700b,operateur,manquant,gardé,A8,aucun sur le nombre de lieux,opérateur non renseigné,03_points
D5,_mview_tel_agents_mobile_money.fid-7111a9c0_193dfd882bb_-7005,operateur,manquant,gardé,A8,aucun sur le nombre de lieux,opérateur non renseigné,03_points
D5,_mview_tel_agents_mobile_money.fid-7111a9c0_193dfd882bb_-7004,operateur,manquant,gardé,A8,aucun sur le nombre de lieux,opérateur non renseigné,03_points
D5,_mview_tel_agents_mobile_money.fid-7111a9c0_193dfd882bb_-7003,operateur,manquant,gardé,A8,aucun sur le nombre de lieux,opérateur non renseigné,03_points
D5,_mview_tel_agents_mobile_money.fid-7111a9c0_193dfd882bb_-6ffc,operateur,manquant,gardé,A8,aucun sur le nombre de lieux,opérateur non renseigné,03_points
D5,_mview_tel_agents_mobile_money.fid-7111a9c0_193dfd882bb_-6ff9,operateur,manquant,gardé,A8,aucun sur le nombre de lieux,opérateur non renseigné,03_points
D5,_mview_tel_agents_mobile_money.fid-7111a9c0_193dfd882bb_-6ff6,operateur,manquant,gardé,A8,aucun sur le nombre de lieux,opérateur non renseigné,03_points
D5,_mview_tel_agents_mobile_money.fid-7111a9c0_193dfd882bb_-6ff4,operateur,manquant,gardé,A8,aucun sur le nombre de lieux,opérateur non renseigné,03_points
D5,_mview_tel_agents_mobile_money.fid-7111a9c0_193dfd882bb_-6fdc,operateur,manquant,gardé,A8,aucun sur le nombre de lieux,opérateur non renseigné,03_points
D5,_mview_tel_agents_mobile_money.fid-7111a9c0_193dfd882bb_-6fc4,operateur,manquant,gardé,A8,aucun sur le nombre de lieux,opérateur non renseigné,03_points
D5,_mview_tel_agents_mobile_money.fid-7111a9c0_193dfd882bb_-6fc0,operateur,manquant,gardé,A8,aucun sur le nombre de lieux,opérateur non renseigné,03_points
D5,_mview_tel_agents_mobile_money.fid-7111a9c0_193dfd882bb_-6fbb,operateur,manquant,gardé,A8,aucun sur le nombre de lieux,opérateur non renseigné,03_points
D5,_mview_tel_agents_mobile_money.fid-7111a9c0_193dfd882bb_-6fb0,operateur,manquant,gardé,A8,aucun sur le nombre de lieux,opérateur non renseigné,03_points
D5,_mview_tel_agents_mobile_money.fid-7111a9c0_193dfd882bb_-6f97,operateur,manquant,gardé,A8,aucun sur le nombre de lieux,opérateur non renseigné,03_points
D5,_mview_tel_agents_mobile_money.fid-7111a9c0_193dfd882bb_-6f96,operateur,manquant,gardé,A8,aucun sur le nombre de lieux,opérateur non renseigné,03_points
D5,_mview_tel_agents_mobile_money.fid-7111a9c0_193dfd882bb_-6f95,operateur,manquant,gardé,A8,aucun sur le nombre de lieux,opérateur non renseigné,03_points
D5,_mview_tel_agents_mobile_money.fid-7111a9c0_193dfd882bb_-6f94,operateur,manquant,gardé,A8,aucun sur le nombre de lieux,opérateur non renseigné,03_points
D5,_mview_tel_agents_mobile_money.fid-7111a9c0_193dfd882bb_-6f93,operateur,manquant,gardé,A8,aucun sur le nombre de lieux,opérateur non renseigné,03_points
D5,_mview_tel_agents_mobile_money.fid-7111a9c0_193dfd882bb_-6f92,operateur,manquant,gardé,A8,aucun sur le nombre de lieux,opérateur non renseigné,03_points
D5,_mview_tel_agents_mobile_money.fid-7111a9c0_193dfd882bb_-6f91,operateur,manquant,gardé,A8,aucun sur le nombre de lieux,opérateur non renseigné,03_points
D5,_mview_tel_agents_mobile_money.fid-7111a9c0_193dfd882bb_-6f90,operateur,manquant,gardé,A8,aucun sur le nombre de lieux,opérateur non renseigné,03_points
D5,_mview_tel_agents_mobile_money.fid-7111a9c0_193dfd882bb_-6f8f,operateur,manquant,gardé,A8,aucun sur le nombre de lieux,opérateur non renseigné,03_points
D5,_mview_tel_agents_mobile_money.fid-7111a9c0_193dfd882bb_-6f8b,operateur,manquant,gardé,A8,aucun sur le nombre de lieux,opérateur non renseigné,03_points
D5,_mview_tel_agents_mobile_money.fid-7111a9c0_193dfd882bb_-6f5c,operateur,manquant,gardé,A8,aucun sur le nombre de lieux,opérateur non renseigné,03_points
D5,_mview_tel_agents_mobile_money.fid-7111a9c0_193dfd882bb_-6f44,operateur,manquant,gardé,A8,aucun sur le nombre de lieux,opérateur non renseigné,03_points
D5,_mview_tel_agents_mobile_money.fid-7111a9c0_193dfd882bb_-6f43,operateur,manquant,gardé,A8,aucun sur le nombre de lieux,opérateur non renseigné,03_points
D5,_mview_tel_agents_mobile_money.fid-7111a9c0_193dfd882bb_-6f35,operateur,manquant,gardé,A8,aucun sur le nombre de lieux,opérateur non renseigné,03_points
D5,_mview_tel_agents_mobile_money.fid-7111a9c0_193dfd882bb_-6f2e,operateur,manquant,gardé,A8,aucun sur le nombre de lieux,opérateur non renseigné,03_points
D5,_mview_tel_agents_mobile_money.fid-7111a9c0_193dfd882bb_-6f1b,operateur,manquant,gardé,A8,aucun sur le nombre de lieux,opérateur non renseigné,03_points
D5,_mview_tel_agents_mobile_money.fid-7111a9c0_193dfd882bb_-6f12,operateur,manquant,gardé,A8,aucun sur le nombre de lieux,opérateur non renseigné,03_points
D5,_mview_tel_agents_mobile_money.fid-7111a9c0_193dfd882bb_-6efc,operateur,manquant,gardé,A8,aucun sur le nombre de lieux,opérateur non renseigné,03_points
D5,_mview_tel_agents_mobile_money.fid-7111a9c0_193dfd882bb_-6eda,operateur,manquant,gardé,A8,aucun sur le nombre de lieux,opérateur non renseigné,03_points
D5,_mview_tel_agents_mobile_money.fid-7111a9c0_193dfd882bb_-6eb7,operateur,manquant,gardé,A8,aucun sur le nombre de lieux,opérateur non renseigné,03_points
D5,_mview_tel_agents_mobile_money.fid-7111a9c0_193dfd882bb_-6eb4,operateur,manquant,gardé,A8,aucun sur le nombre de lieux,opérateur non renseigné,03_points
D5,_mview_tel_agents_mobile_money.fid-7111a9c0_193dfd882bb_-6e71,operateur,manquant,gardé,A8,aucun sur le nombre de lieux,opérateur non renseigné,03_points
D5,_mview_tel_agents_mobile_money.fid-7111a9c0_193dfd882bb_-6e5b,operateur,manquant,gardé,A8,aucun sur le nombre de lieux,opérateur non renseigné,03_points
D5,_mview_tel_agents_mobile_money.fid-7111a9c0_193dfd882bb_-6e3f,operateur,manquant,gardé,A8,aucun sur le nombre de lieux,opérateur non renseigné,03_points
D5,_mview_tel_agents_mobile_money.fid-7111a9c0_193dfd882bb_-6e3e,operateur,manquant,gardé,A8,aucun sur le nombre de lieux,opérateur non renseigné,03_points
D5,_mview_tel_agents_mobile_money.fid-7111a9c0_193dfd882bb_-6e3d,operateur,manquant,gardé,A8,aucun sur le nombre de lieux,opérateur non renseigné,03_points
D5,_mview_tel_agents_mobile_money.fid-7111a9c0_193dfd882bb_-6e2c,operateur,manquant,gardé,A8,aucun sur le nombre de lieux,opérateur non renseigné,03_points
D5,_mview_tel_agents_mobile_money.fid-7111a9c0_193dfd882bb_-6e04,operateur,manquant,gardé,A8,aucun sur le nombre de lieux,opérateur non renseigné,03_points
D5,_mview_tel_agents_mobile_money.fid-7111a9c0_193dfd882bb_-6dfa,operateur,manquant,gardé,A8,aucun sur le nombre de lieux,opérateur non renseigné,03_points
D5,_mview_tel_agents_mobile_money.fid-7111a9c0_193dfd882bb_-6ddd,operateur,manquant,gardé,A8,aucun sur le nombre de lieux,opérateur non renseigné,03_points
D5,_mview_tel_agents_mobile_money.fid-7111a9c0_193dfd882bb_-6dce,operateur,manquant,gardé,A8,aucun sur le nombre de lieux,opérateur non renseigné,03_points
D5,_mview_tel_agents_mobile_money.fid-7111a9c0_193dfd882bb_-6dc3,operateur,manquant,gardé,A8,aucun sur le nombre de lieux,opérateur non renseigné,03_points
D5,_mview_tel_agents_mobile_money.fid-7111a9c0_193dfd882bb_-6d90,operateur,manquant,gardé,A8,aucun sur le nombre de lieux,opérateur non renseigné,03_points
D5,_mview_tel_agents_mobile_money.fid-7111a9c0_193dfd882bb_-6d7e,operateur,manquant,gardé,A8,aucun sur le nombre de lieux,opérateur non renseigné,03_points
D5,_mview_tel_agents_mobile_money.fid-7111a9c0_193dfd882bb_-6d76,operateur,manquant,gardé,A8,aucun sur le nombre de lieux,opérateur non renseigné,03_points
D5,_mview_tel_agents_mobile_money.fid-7111a9c0_193dfd882bb_-6d6c,operateur,manquant,gardé,A8,aucun sur le nombre de lieux,opérateur non renseigné,03_points
D5,_mview_tel_agents_mobile_money.fid-7111a9c0_193dfd882bb_-6d3d,operateur,manquant,gardé,A8,aucun sur le nombre de lieux,opérateur non renseigné,03_points
D5,_mview_tel_agents_mobile_money.fid-7111a9c0_193dfd882bb_-6d3c,operateur,manquant,gardé,A8,aucun sur le nombre de lieux,opérateur non renseigné,03_points
D5,_mview_tel_agents_mobile_money.fid-7111a9c0_193dfd882bb_-6d33,operateur,manquant,gardé,A8,aucun sur le nombre de lieux,opérateur non renseigné,03_points
D5,_mview_tel_agents_mobile_money.fid-7111a9c0_193dfd882bb_-6d2c,operateur,manquant,gardé,A8,aucun sur le nombre de lieux,opérateur non renseigné,03_points
D5,_mview_tel_agents_mobile_money.fid-7111a9c0_193dfd882bb_-6cec,operateur,manquant,gardé,A8,aucun sur le nombre de lieux,opérateur non renseigné,03_points
D5,_mview_tel_agents_mobile_money.fid-7111a9c0_193dfd882bb_-6c9a,operateur,manquant,gardé,A8,aucun sur le nombre de lieux,opérateur non renseigné,03_points
D5,_mview_tel_agents_mobile_money.fid-7111a9c0_193dfd882bb_-6c71,operateur,manquant,gardé,A8,aucun sur le nombre de lieux,opérateur non renseigné,03_points
D5,_mview_tel_agents_mobile_money.fid-7111a9c0_193dfd882bb_-6c6b,operateur,manquant,gardé,A8,aucun sur le nombre de lieux,opérateur non renseigné,03_points
D5,_mview_tel_agents_mobile_money.fid-7111a9c0_193dfd882bb_-6c3d,operateur,manquant,gardé,A8,aucun sur le nombre de lieux,opérateur non renseigné,03_points
D5,_mview_tel_agents_mobile_money.fid-7111a9c0_193dfd882bb_-6c34,operateur,manquant,gardé,A8,aucun sur le nombre de lieux,opérateur non renseigné,03_points
D5,_mview_tel_agents_mobile_money.fid-7111a9c0_193dfd882bb_-6c26,operateur,manquant,gardé,A8,aucun sur le nombre de lieux,opérateur non renseigné,03_points
D5,_mview_tel_agents_mobile_money.fid-7111a9c0_193dfd882bb_-6c24,operateur,manquant,gardé,A8,aucun sur le nombre de lieux,opérateur non renseigné,03_points
D5,_mview_tel_agents_mobile_money.fid-7111a9c0_193dfd882bb_-6c16,operateur,manquant,gardé,A8,aucun sur le nombre de lieux,opérateur non renseigné,03_points
D5,_mview_tel_agents_mobile_money.fid-7111a9c0_193dfd882bb_-6bff,operateur,manquant,gardé,A8,aucun sur le nombre de lieux,opérateur non renseigné,03_points
D5,_mview_tel_agents_mobile_money.fid-7111a9c0_193dfd882bb_-6bf2,operateur,manquant,gardé,A8,aucun sur le nombre de lieux,opérateur non renseigné,03_points
D5,_mview_tel_agents_mobile_money.fid-7111a9c0_193dfd882bb_-6bee,operateur,manquant,gardé,A8,aucun sur le nombre de lieux,opérateur non renseigné,03_points
D5,_mview_tel_agents_mobile_money.fid-7111a9c0_193dfd882bb_-6be7,operateur,manquant,gardé,A8,aucun sur le nombre de lieux,opérateur non renseigné,03_points
D5,_mview_tel_agents_mobile_money.fid-7111a9c0_193dfd882bb_-6bdc,operateur,manquant,gardé,A8,aucun sur le nombre de lieux,opérateur non renseigné,03_points
D5,_mview_tel_agents_mobile_money.fid-7111a9c0_193dfd882bb_-6bcf,operateur,manquant,gardé,A8,aucun sur le nombre de lieux,opérateur non renseigné,03_points
D5,_mview_tel_agents_mobile_money.fid-7111a9c0_193dfd882bb_-6bc8,operateur,manquant,gardé,A8,aucun sur le nombre de lieux,opérateur non renseigné,03_points
D5,_mview_tel_agents_mobile_money.fid-7111a9c0_193dfd882bb_-6bc3,operateur,manquant,gardé,A8,aucun sur le nombre de lieux,opérateur non renseigné,03_points
D5,_mview_tel_agents_mobile_money.fid-7111a9c0_193dfd882bb_-6b9e,operateur,manquant,gardé,A8,aucun sur le nombre de lieux,opérateur non renseigné,03_points
D5,_mview_tel_agents_mobile_money.fid-7111a9c0_193dfd882bb_-6b94,operateur,manquant,gardé,A8,aucun sur le nombre de lieux,opérateur non renseigné,03_points
D5,_mview_tel_agents_mobile_money.fid-7111a9c0_193dfd882bb_-6b7a,operateur,manquant,gardé,A8,aucun sur le nombre de lieux,opérateur non renseigné,03_points
D5,_mview_tel_agents_mobile_money.fid-7111a9c0_193dfd882bb_-6b6b,operateur,manquant,gardé,A8,aucun sur le nombre de lieux,opérateur non renseigné,03_points
D5,_mview_tel_agents_mobile_money.fid-7111a9c0_193dfd882bb_-6b68,operateur,manquant,gardé,A8,aucun sur le nombre de lieux,opérateur non renseigné,03_points
D5,_mview_tel_agents_mobile_money.fid-7111a9c0_193dfd882bb_-6b66,operateur,manquant,gardé,A8,aucun sur le nombre de lieux,opérateur non renseigné,03_points
D5,_mview_tel_agents_mobile_money.fid-7111a9c0_193dfd882bb_-6b50,operateur,manquant,gardé,A8,aucun sur le nombre de lieux,opérateur non renseigné,03_points
D5,_mview_tel_agents_mobile_money.fid-7111a9c0_193dfd882bb_-6b4f,operateur,manquant,gardé,A8,aucun sur le nombre de lieux,opérateur non renseigné,03_points
D5,_mview_tel_agents_mobile_money.fid-7111a9c0_193dfd882bb_-6b4c,operateur,manquant,gardé,A8,aucun sur le nombre de lieux,opérateur non renseigné,03_points
D5,_mview_tel_agents_mobile_money.fid-7111a9c0_193dfd882bb_-6b49,operateur,manquant,gardé,A8,aucun sur le nombre de lieux,opérateur non renseigné,03_points
D5,_mview_tel_agents_mobile_money.fid-7111a9c0_193dfd882bb_-6b42,operateur,manquant,gardé,A8,aucun sur le nombre de lieux,opérateur non renseigné,03_points
D5,_mview_tel_agents_mobile_money.fid-7111a9c0_193dfd882bb_-6b22,operateur,manquant,gardé,A8,aucun sur le nombre de lieux,opérateur non renseigné,03_points
D5,_mview_tel_agents_mobile_money.fid-7111a9c0_193dfd882bb_-6b1d,operateur,manquant,gardé,A8,aucun sur le nombre de lieux,opérateur non renseigné,03_points
D5,_mview_tel_agents_mobile_money.fid-7111a9c0_193dfd882bb_-6b14,operateur,manquant,gardé,A8,aucun sur le nombre de lieux,opérateur non renseigné,03_points
D5,_mview_tel_agents_mobile_money.fid-7111a9c0_193dfd882bb_-6b13,operateur,manquant,gardé,A8,aucun sur le nombre de lieux,opérateur non renseigné,03_points
D5,_mview_tel_agents_mobile_money.fid-7111a9c0_193dfd882bb_-6b09,operateur,manquant,gardé,A8,aucun sur le nombre de lieux,opérateur non renseigné,03_points
D5,_mview_tel_agents_mobile_money.fid-7111a9c0_193dfd882bb_-6b08,operateur,manquant,gardé,A8,aucun sur le nombre de lieux,opérateur non renseigné,03_points
D5,_mview_tel_agents_mobile_money.fid-7111a9c0_193dfd882bb_-6aec,operateur,manquant,gardé,A8,aucun sur le nombre de lieux,opérateur non renseigné,03_points
D5,_mview_tel_agents_mobile_money.fid-7111a9c0_193dfd882bb_-6adb,operateur,manquant,gardé,A8,aucun sur le nombre de lieux,opérateur non renseigné,03_points
D5,_mview_tel_agents_mobile_money.fid-7111a9c0_193dfd882bb_-6ada,operateur,manquant,gardé,A8,aucun sur le nombre de lieux,opérateur non renseigné,03_points
D5,_mview_tel_agents_mobile_money.fid-7111a9c0_193dfd882bb_-6ab2,operateur,manquant,gardé,A8,aucun sur le nombre de lieux,opérateur non renseigné,03_points
D5,_mview_tel_agents_mobile_money.fid-7111a9c0_193dfd882bb_-6a86,operateur,manquant,gardé,A8,aucun sur le nombre de lieux,opérateur non renseigné,03_points
D5,_mview_tel_agents_mobile_money.fid-7111a9c0_193dfd882bb_-6a7c,operateur,manquant,gardé,A8,aucun sur le nombre de lieux,opérateur non renseigné,03_points
D5,_mview_tel_agents_mobile_money.fid-7111a9c0_193dfd882bb_-6a71,operateur,manquant,gardé,A8,aucun sur le nombre de lieux,opérateur non renseigné,03_points
D5,_mview_tel_agents_mobile_money.fid-7111a9c0_193dfd882bb_-6a5b,operateur,manquant,gardé,A8,aucun sur le nombre de lieux,opérateur non renseigné,03_points
D5,_mview_tel_agents_mobile_money.fid-7111a9c0_193dfd882bb_-6a3e,operateur,manquant,gardé,A8,aucun sur le nombre de lieux,opérateur non renseigné,03_points
D5,_mview_tel_agents_mobile_money.fid-7111a9c0_193dfd882bb_-6a3a,operateur,manquant,gardé,A8,aucun sur le nombre de lieux,opérateur non renseigné,03_points
D5,_mview_tel_agents_mobile_money.fid-7111a9c0_193dfd882bb_-6a39,operateur,manquant,gardé,A8,aucun sur le nombre de lieux,opérateur non renseigné,03_points
D5,_mview_tel_agents_mobile_money.fid-7111a9c0_193dfd882bb_-6a33,operateur,manquant,gardé,A8,aucun sur le nombre de lieux,opérateur non renseigné,03_points
D5,_mview_tel_agents_mobile_money.fid-7111a9c0_193dfd882bb_-6a23,operateur,manquant,gardé,A8,aucun sur le nombre de lieux,opérateur non renseigné,03_points
D5,_mview_tel_agents_mobile_money.fid-7111a9c0_193dfd882bb_-6a05,operateur,manquant,gardé,A8,aucun sur le nombre de lieux,opérateur non renseigné,03_points
D5,_mview_tel_agents_mobile_money.fid-7111a9c0_193dfd882bb_-69fd,operateur,manquant,gardé,A8,aucun sur le nombre de lieux,opérateur non renseigné,03_points
D5,_mview_tel_agents_mobile_money.fid-7111a9c0_193dfd882bb_-69f4,operateur,manquant,gardé,A8,aucun sur le nombre de lieux,opérateur non renseigné,03_points
D5,_mview_tel_agents_mobile_money.fid-7111a9c0_193dfd882bb_-69d6,operateur,manquant,gardé,A8,aucun sur le nombre de lieux,opérateur non renseigné,03_points
D5,_mview_tel_agents_mobile_money.fid-7111a9c0_193dfd882bb_-69cf,operateur,manquant,gardé,A8,aucun sur le nombre de lieux,opérateur non renseigné,03_points
D5,_mview_tel_agents_mobile_money.fid-7111a9c0_193dfd882bb_-69c3,operateur,manquant,gardé,A8,aucun sur le nombre de lieux,opérateur non renseigné,03_points
D5,_mview_tel_agents_mobile_money.fid-7111a9c0_193dfd882bb_-69b8,operateur,manquant,gardé,A8,aucun sur le nombre de lieux,opérateur non renseigné,03_points
D5,_mview_tel_agents_mobile_money.fid-7111a9c0_193dfd882bb_-69b6,operateur,manquant,gardé,A8,aucun sur le nombre de lieux,opérateur non renseigné,03_points
D5,_mview_tel_agents_mobile_money.fid-7111a9c0_193dfd882bb_-69b1,operateur,manquant,gardé,A8,aucun sur le nombre de lieux,opérateur non renseigné,03_points
D5,_mview_tel_agents_mobile_money.fid-7111a9c0_193dfd882bb_-69ad,operateur,manquant,gardé,A8,aucun sur le nombre de lieux,opérateur non renseigné,03_points
D5,_mview_tel_agents_mobile_money.fid-7111a9c0_193dfd882bb_-69a3,operateur,manquant,gardé,A8,aucun sur le nombre de lieux,opérateur non renseigné,03_points
D5,_mview_tel_agents_mobile_money.fid-7111a9c0_193dfd882bb_-699e,operateur,manquant,gardé,A8,aucun sur le nombre de lieux,opérateur non renseigné,03_points
D5,_mview_tel_agents_mobile_money.fid-7111a9c0_193dfd882bb_-698a,operateur,manquant,gardé,A8,aucun sur le nombre de lieux,opérateur non renseigné,03_points
D5,_mview_tel_agents_mobile_money.fid-7111a9c0_193dfd882bb_-6982,operateur,manquant,gardé,A8,aucun sur le nombre de lieux,opérateur non renseigné,03_points
D5,_mview_tel_agents_mobile_money.fid-7111a9c0_193dfd882bb_-6979,operateur,manquant,gardé,A8,aucun sur le nombre de lieux,opérateur non renseigné,03_points
D5,_mview_tel_agents_mobile_money.fid-7111a9c0_193dfd882bb_-696a,operateur,manquant,gardé,A8,aucun sur le nombre de lieux,opérateur non renseigné,03_points
D5,_mview_tel_agents_mobile_money.fid-7111a9c0_193dfd882bb_-6966,operateur,manquant,gardé,A8,aucun sur le nombre de lieux,opérateur non renseigné,03_points
D5,_mview_tel_agents_mobile_money.fid-7111a9c0_193dfd882bb_-692e,operateur,manquant,gardé,A8,aucun sur le nombre de lieux,opérateur non renseigné,03_points
D5,_mview_tel_agents_mobile_money.fid-7111a9c0_193dfd882bb_-6928,operateur,manquant,gardé,A8,aucun sur le nombre de lieux,opérateur non renseigné,03_points
D5,_mview_tel_agents_mobile_money.fid-7111a9c0_193dfd882bb_-6920,operateur,manquant,gardé,A8,aucun sur le nombre de lieux,opérateur non renseigné,03_points
D5,_mview_tel_agents_mobile_money.fid-7111a9c0_193dfd882bb_-691d,operateur,manquant,gardé,A8,aucun sur le nombre de lieux,opérateur non renseigné,03_points
D5,_mview_tel_agents_mobile_money.fid-7111a9c0_193dfd882bb_-690a,operateur,manquant,gardé,A8,aucun sur le nombre de lieux,opérateur non renseigné,03_points
D5,_mview_tel_agents_mobile_money.fid-7111a9c0_193dfd882bb_-6908,operateur,manquant,gardé,A8,aucun sur le nombre de lieux,opérateur non renseigné,03_points
D5,_mview_tel_agents_mobile_money.fid-7111a9c0_193dfd882bb_-6906,operateur,manquant,gardé,A8,aucun sur le nombre de lieux,opérateur non renseigné,03_points
D5,_mview_tel_agents_mobile_money.fid-7111a9c0_193dfd882bb_-68f6,operateur,manquant,gardé,A8,aucun sur le nombre de lieux,opérateur non renseigné,03_points
D5,_mview_tel_agents_mobile_money.fid-7111a9c0_193dfd882bb_-68f3,operateur,manquant,gardé,A8,aucun sur le nombre de lieux,opérateur non renseigné,03_points
D5,_mview_tel_agents_mobile_money.fid-7111a9c0_193dfd882bb_-68e0,operateur,manquant,gardé,A8,aucun sur le nombre de lieux,opérateur non renseigné,03_points
D5,_mview_tel_agents_mobile_money.fid-7111a9c0_193dfd882bb_-68d6,operateur,manquant,gardé,A8,aucun sur le nombre de lieux,opérateur non renseigné,03_points
D5,_mview_tel_agents_mobile_money.fid-7111a9c0_193dfd882bb_-68cd,operateur,manquant,gardé,A8,aucun sur le nombre de lieux,opérateur non renseigné,03_points
D5,_mview_tel_agents_mobile_money.fid-7111a9c0_193dfd882bb_-68c0,operateur,manquant,gardé,A8,aucun sur le nombre de lieux,opérateur non renseigné,03_points
D5,_mview_tel_agents_mobile_money.fid-7111a9c0_193dfd882bb_-68bd,operateur,manquant,gardé,A8,aucun sur le nombre de lieux,opérateur non renseigné,03_points
D5,_mview_tel_agents_mobile_money.fid-7111a9c0_193dfd882bb_-68bb,operateur,manquant,gardé,A8,aucun sur le nombre de lieux,opérateur non renseigné,03_points
D5,_mview_tel_agents_mobile_money.fid-7111a9c0_193dfd882bb_-68b2,operateur,manquant,gardé,A8,aucun sur le nombre de lieux,opérateur non renseigné,03_points
D5,_mview_tel_agents_mobile_money.fid-7111a9c0_193dfd882bb_-68ad,operateur,manquant,gardé,A8,aucun sur le nombre de lieux,opérateur non renseigné,03_points
D5,_mview_tel_agents_mobile_money.fid-7111a9c0_193dfd882bb_-68a6,operateur,manquant,gardé,A8,aucun sur le nombre de lieux,opérateur non renseigné,03_points
D5,_mview_tel_agents_mobile_money.fid-7111a9c0_193dfd882bb_-68a3,operateur,manquant,gardé,A8,aucun sur le nombre de lieux,opérateur non renseigné,03_points
D5,_mview_tel_agents_mobile_money.fid-7111a9c0_193dfd882bb_-687d,operateur,manquant,gardé,A8,aucun sur le nombre de lieux,opérateur non renseigné,03_points
D5,_mview_tel_agents_mobile_money.fid-7111a9c0_193dfd882bb_-6877,operateur,manquant,gardé,A8,aucun sur le nombre de lieux,opérateur non renseigné,03_points
D5,_mview_tel_agents_mobile_money.fid-7111a9c0_193dfd882bb_-6876,operateur,manquant,gardé,A8,aucun sur le nombre de lieux,opérateur non renseigné,03_points
D5,_mview_tel_agents_mobile_money.fid-7111a9c0_193dfd882bb_-6875,operateur,manquant,gardé,A8,aucun sur le nombre de lieux,opérateur non renseigné,03_points
D5,_mview_tel_agents_mobile_money.fid-7111a9c0_193dfd882bb_-6873,operateur,manquant,gardé,A8,aucun sur le nombre de lieux,opérateur non renseigné,03_points
D5,_mview_tel_agents_mobile_money.fid-7111a9c0_193dfd882bb_-6872,operateur,manquant,gardé,A8,aucun sur le nombre de lieux,opérateur non renseigné,03_points
D5,_mview_tel_agents_mobile_money.fid-7111a9c0_193dfd882bb_-6871,operateur,manquant,gardé,A8,aucun sur le nombre de lieux,opérateur non renseigné,03_points
D5,_mview_tel_agents_mobile_money.fid-7111a9c0_193dfd882bb_-6870,operateur,manquant,gardé,A8,aucun sur le nombre de lieux,opérateur non renseigné,03_points
D5,_mview_tel_agents_mobile_money.fid-7111a9c0_193dfd882bb_-6861,operateur,manquant,gardé,A8,aucun sur le nombre de lieux,opérateur non renseigné,03_points
D5,_mview_tel_agents_mobile_money.fid-7111a9c0_193dfd882bb_-685d,operateur,manquant,gardé,A8,aucun sur le nombre de lieux,opérateur non renseigné,03_points
D5,_mview_tel_agents_mobile_money.fid-7111a9c0_193dfd882bb_-6850,operateur,manquant,gardé,A8,aucun sur le nombre de lieux,opérateur non renseigné,03_points
D5,_mview_tel_agents_mobile_money.fid-7111a9c0_193dfd882bb_-682d,operateur,manquant,gardé,A8,aucun sur le nombre de lieux,opérateur non renseigné,03_points
D5,_mview_tel_agents_mobile_money.fid-7111a9c0_193dfd882bb_-681f,operateur,manquant,gardé,A8,aucun sur le nombre de lieux,opérateur non renseigné,03_points
D5,_mview_tel_agents_mobile_money.fid-7111a9c0_193dfd882bb_-681e,operateur,manquant,gardé,A8,aucun sur le nombre de lieux,opérateur non renseigné,03_points
D5,_mview_tel_agents_mobile_money.fid-7111a9c0_193dfd882bb_-6812,operateur,manquant,gardé,A8,aucun sur le nombre de lieux,opérateur non renseigné,03_points
D5,_mview_tel_agents_mobile_money.fid-7111a9c0_193dfd882bb_-67f9,operateur,manquant,gardé,A8,aucun sur le nombre de lieux,opérateur non renseigné,03_points
D5,_mview_tel_agents_mobile_money.fid-7111a9c0_193dfd882bb_-67f8,operateur,manquant,gardé,A8,aucun sur le nombre de lieux,opérateur non renseigné,03_points
D5,_mview_tel_agents_mobile_money.fid-7111a9c0_193dfd882bb_-67f4,operateur,manquant,gardé,A8,aucun sur le nombre de lieux,opérateur non renseigné,03_points
D5,_mview_tel_agents_mobile_money.fid-7111a9c0_193dfd882bb_-67c7,operateur,manquant,gardé,A8,aucun sur le nombre de lieux,opérateur non renseigné,03_points
D5,_mview_tel_agents_mobile_money.fid-7111a9c0_193dfd882bb_-67bb,operateur,manquant,gardé,A8,aucun sur le nombre de lieux,opérateur non renseigné,03_points
D5,_mview_tel_agents_mobile_money.fid-7111a9c0_193dfd882bb_-6784,operateur,manquant,gardé,A8,aucun sur le nombre de lieux,opérateur non renseigné,03_points
D5,_mview_tel_agents_mobile_money.fid-7111a9c0_193dfd882bb_-677b,operateur,manquant,gardé,A8,aucun sur le nombre de lieux,opérateur non renseigné,03_points
D5,_mview_tel_agents_mobile_money.fid-7111a9c0_193dfd882bb_-6728,operateur,manquant,gardé,A8,aucun sur le nombre de lieux,opérateur non renseigné,03_points
D5,_mview_tel_agents_mobile_money.fid-7111a9c0_193dfd882bb_-6704,operateur,manquant,gardé,A8,aucun sur le nombre de lieux,opérateur non renseigné,03_points
D5,_mview_tel_agents_mobile_money.fid-7111a9c0_193dfd882bb_-66e7,operateur,manquant,gardé,A8,aucun sur le nombre de lieux,opérateur non renseigné,03_points
D5,_mview_tel_agents_mobile_money.fid-7111a9c0_193dfd882bb_-66d5,operateur,manquant,gardé,A8,aucun sur le nombre de lieux,opérateur non renseigné,03_points
D5,_mview_tel_agents_mobile_money.fid-7111a9c0_193dfd882bb_-66c5,operateur,manquant,gardé,A8,aucun sur le nombre de lieux,opérateur non renseigné,03_points
D5,_mview_tel_agents_mobile_money.fid-7111a9c0_193dfd882bb_-66bd,operateur,manquant,gardé,A8,aucun sur le nombre de lieux,opérateur non renseigné,03_points
D5,_mview_tel_agents_mobile_money.fid-7111a9c0_193dfd882bb_-66aa,operateur,manquant,gardé,A8,aucun sur le nombre de lieux,opérateur non renseigné,03_points
D5,_mview_tel_agents_mobile_money.fid-7111a9c0_193dfd882bb_-6681,operateur,manquant,gardé,A8,aucun sur le nombre de lieux,opérateur non renseigné,03_points
D5,_mview_tel_agents_mobile_money.fid-7111a9c0_193dfd882bb_-667b,operateur,manquant,gardé,A8,aucun sur le nombre de lieux,opérateur non renseigné,03_points
D5,_mview_tel_agents_mobile_money.fid-7111a9c0_193dfd882bb_-6661,operateur,manquant,gardé,A8,aucun sur le nombre de lieux,opérateur non renseigné,03_points
D5,_mview_tel_agents_mobile_money.fid-7111a9c0_193dfd882bb_-6642,operateur,manquant,gardé,A8,aucun sur le nombre de lieux,opérateur non renseigné,03_points
D5,_mview_tel_agents_mobile_money.fid-7111a9c0_193dfd882bb_-6638,operateur,manquant,gardé,A8,aucun sur le nombre de lieux,opérateur non renseigné,03_points
D5,_mview_tel_agents_mobile_money.fid-7111a9c0_193dfd882bb_-6637,operateur,manquant,gardé,A8,aucun sur le nombre de lieux,opérateur non renseigné,03_points
D5,_mview_tel_agents_mobile_money.fid-7111a9c0_193dfd882bb_-6636,operateur,manquant,gardé,A8,aucun sur le nombre de lieux,opérateur non renseigné,03_points
D5,_mview_tel_agents_mobile_money.fid-7111a9c0_193dfd882bb_-6635,operateur,manquant,gardé,A8,aucun sur le nombre de lieux,opérateur non renseigné,03_points
D5,_mview_tel_agents_mobile_money.fid-7111a9c0_193dfd882bb_-6634,operateur,manquant,gardé,A8,aucun sur le nombre de lieux,opérateur non renseigné,03_points
D5,_mview_tel_agents_mobile_money.fid-7111a9c0_193dfd882bb_-6633,operateur,manquant,gardé,A8,aucun sur le nombre de lieux,opérateur non renseigné,03_points
D5,_mview_tel_agents_mobile_money.fid-7111a9c0_193dfd882bb_-6632,operateur,manquant,gardé,A8,aucun sur le nombre de lieux,opérateur non renseigné,03_points
D5,_mview_tel_agents_mobile_money.fid-7111a9c0_193dfd882bb_-6631,operateur,manquant,gardé,A8,aucun sur le nombre de lieux,opérateur non renseigné,03_points
D5,_mview_tel_agents_mobile_money.fid-7111a9c0_193dfd882bb_-6630,operateur,manquant,gardé,A8,aucun sur le nombre de lieux,opérateur non renseigné,03_points
D5,_mview_tel_agents_mobile_money.fid-7111a9c0_193dfd882bb_-662f,operateur,manquant,gardé,A8,aucun sur le nombre de lieux,opérateur non renseigné,03_points
D5,_mview_tel_agents_mobile_money.fid-7111a9c0_193dfd882bb_-662e,operateur,manquant,gardé,A8,aucun sur le nombre de lieux,opérateur non renseigné,03_points
D5,_mview_tel_agents_mobile_money.fid-7111a9c0_193dfd882bb_-662d,operateur,manquant,gardé,A8,aucun sur le nombre de lieux,opérateur non renseigné,03_points
D5,_mview_tel_agents_mobile_money.fid-7111a9c0_193dfd882bb_-662c,operateur,manquant,gardé,A8,aucun sur le nombre de lieux,opérateur non renseigné,03_points
D5,_mview_tel_agents_mobile_money.fid-7111a9c0_193dfd882bb_-662a,operateur,manquant,gardé,A8,aucun sur le nombre de lieux,opérateur non renseigné,03_points
D5,_mview_tel_agents_mobile_money.fid-7111a9c0_193dfd882bb_-6629,operateur,manquant,gardé,A8,aucun sur le nombre de lieux,opérateur non renseigné,03_points
D5,_mview_tel_agents_mobile_money.fid-7111a9c0_193dfd882bb_-6628,operateur,manquant,gardé,A8,aucun sur le nombre de lieux,opérateur non renseigné,03_points
D5,_mview_tel_agents_mobile_money.fid-7111a9c0_193dfd882bb_-6622,operateur,manquant,gardé,A8,aucun sur le nombre de lieux,opérateur non renseigné,03_points
D5,_mview_tel_agents_mobile_money.fid-7111a9c0_193dfd882bb_-6620,operateur,manquant,gardé,A8,aucun sur le nombre de lieux,opérateur non renseigné,03_points
D5,_mview_tel_agents_mobile_money.fid-7111a9c0_193dfd882bb_-661f,operateur,manquant,gardé,A8,aucun sur le nombre de lieux,opérateur non renseigné,03_points
D5,_mview_tel_agents_mobile_money.fid-7111a9c0_193dfd882bb_-661e,operateur,manquant,gardé,A8,aucun sur le nombre de lieux,opérateur non renseigné,03_points
D5,_mview_tel_agents_mobile_money.fid-7111a9c0_193dfd882bb_-661c,operateur,manquant,gardé,A8,aucun sur le nombre de lieux,opérateur non renseigné,03_points
D5,_mview_tel_agents_mobile_money.fid-7111a9c0_193dfd882bb_-661b,operateur,manquant,gardé,A8,aucun sur le nombre de lieux,opérateur non renseigné,03_points
D5,_mview_tel_agents_mobile_money.fid-7111a9c0_193dfd882bb_-661a,operateur,manquant,gardé,A8,aucun sur le nombre de lieux,opérateur non renseigné,03_points
D5,_mview_tel_agents_mobile_money.fid-7111a9c0_193dfd882bb_-6618,operateur,manquant,gardé,A8,aucun sur le nombre de lieux,opérateur non renseigné,03_points
D5,_mview_tel_agents_mobile_money.fid-7111a9c0_193dfd882bb_-6617,operateur,manquant,gardé,A8,aucun sur le nombre de lieux,opérateur non renseigné,03_points
D5,_mview_tel_agents_mobile_money.fid-7111a9c0_193dfd882bb_-6616,operateur,manquant,gardé,A8,aucun sur le nombre de lieux,opérateur non renseigné,03_points
D5,_mview_tel_agents_mobile_money.fid-7111a9c0_193dfd882bb_-6615,operateur,manquant,gardé,A8,aucun sur le nombre de lieux,opérateur non renseigné,03_points
D5,_mview_tel_agents_mobile_money.fid-7111a9c0_193dfd882bb_-6610,operateur,manquant,gardé,A8,aucun sur le nombre de lieux,opérateur non renseigné,03_points
D5,_mview_tel_agents_mobile_money.fid-7111a9c0_193dfd882bb_-660f,operateur,manquant,gardé,A8,aucun sur le nombre de lieux,opérateur non renseigné,03_points
D5,_mview_tel_agents_mobile_money.fid-7111a9c0_193dfd882bb_-660e,operateur,manquant,gardé,A8,aucun sur le nombre de lieux,opérateur non renseigné,03_points
D5,_mview_tel_agents_mobile_money.fid-7111a9c0_193dfd882bb_-660d,operateur,manquant,gardé,A8,aucun sur le nombre de lieux,opérateur non renseigné,03_points
D5,_mview_tel_agents_mobile_money.fid-7111a9c0_193dfd882bb_-660c,operateur,manquant,gardé,A8,aucun sur le nombre de lieux,opérateur non renseigné,03_points
D5,_mview_tel_agents_mobile_money.fid-7111a9c0_193dfd882bb_-660b,operateur,manquant,gardé,A8,aucun sur le nombre de lieux,opérateur non renseigné,03_points
D5,_mview_tel_agents_mobile_money.fid-7111a9c0_193dfd882bb_-6607,operateur,manquant,gardé,A8,aucun sur le nombre de lieux,opérateur non renseigné,03_points
D5,_mview_tel_agents_mobile_money.fid-7111a9c0_193dfd882bb_-6604,operateur,manquant,gardé,A8,aucun sur le nombre de lieux,opérateur non renseigné,03_points
D5,_mview_tel_agents_mobile_money.fid-7111a9c0_193dfd882bb_-6602,operateur,manquant,gardé,A8,aucun sur le nombre de lieux,opérateur non renseigné,03_points
D5,_mview_tel_agents_mobile_money.fid-7111a9c0_193dfd882bb_-6601,operateur,manquant,gardé,A8,aucun sur le nombre de lieux,opérateur non renseigné,03_points
D5,_mview_tel_agents_mobile_money.fid-7111a9c0_193dfd882bb_-6600,operateur,manquant,gardé,A8,aucun sur le nombre de lieux,opérateur non renseigné,03_points
D5,_mview_tel_agents_mobile_money.fid-7111a9c0_193dfd882bb_-65ff,operateur,manquant,gardé,A8,aucun sur le nombre de lieux,opérateur non renseigné,03_points
D5,_mview_tel_agents_mobile_money.fid-7111a9c0_193dfd882bb_-65fe,operateur,manquant,gardé,A8,aucun sur le nombre de lieux,opérateur non renseigné,03_points
D5,_mview_tel_agents_mobile_money.fid-7111a9c0_193dfd882bb_-65fd,operateur,manquant,gardé,A8,aucun sur le nombre de lieux,opérateur non renseigné,03_points
D5,_mview_tel_agents_mobile_money.fid-7111a9c0_193dfd882bb_-65fc,operateur,manquant,gardé,A8,aucun sur le nombre de lieux,opérateur non renseigné,03_points
D5,_mview_tel_agents_mobile_money.fid-7111a9c0_193dfd882bb_-65fb,operateur,manquant,gardé,A8,aucun sur le nombre de lieux,opérateur non renseigné,03_points
D5,_mview_tel_agents_mobile_money.fid-7111a9c0_193dfd882bb_-65fa,operateur,manquant,gardé,A8,aucun sur le nombre de lieux,opérateur non renseigné,03_points
D5,_mview_tel_agents_mobile_money.fid-7111a9c0_193dfd882bb_-65f6,operateur,manquant,gardé,A8,aucun sur le nombre de lieux,opérateur non renseigné,03_points
D5,_mview_tel_agents_mobile_money.fid-7111a9c0_193dfd882bb_-65f5,operateur,manquant,gardé,A8,aucun sur le nombre de lieux,opérateur non renseigné,03_points
D5,_mview_tel_agents_mobile_money.fid-7111a9c0_193dfd882bb_-65f4,operateur,manquant,gardé,A8,aucun sur le nombre de lieux,opérateur non renseigné,03_points
D5,_mview_tel_agents_mobile_money.fid-7111a9c0_193dfd882bb_-65f3,operateur,manquant,gardé,A8,aucun sur le nombre de lieux,opérateur non renseigné,03_points
D5,_mview_tel_agents_mobile_money.fid-7111a9c0_193dfd882bb_-65f1,operateur,manquant,gardé,A8,aucun sur le nombre de lieux,opérateur non renseigné,03_points
D5,_mview_tel_agents_mobile_money.fid-7111a9c0_193dfd882bb_-65f0,operateur,manquant,gardé,A8,aucun sur le nombre de lieux,opérateur non renseigné,03_points
D5,_mview_tel_agents_mobile_money.fid-7111a9c0_193dfd882bb_-65ef,operateur,manquant,gardé,A8,aucun sur le nombre de lieux,opérateur non renseigné,03_points
D5,_mview_tel_agents_mobile_money.fid-7111a9c0_193dfd882bb_-65ee,operateur,manquant,gardé,A8,aucun sur le nombre de lieux,opérateur non renseigné,03_points
D5,_mview_tel_agents_mobile_money.fid-7111a9c0_193dfd882bb_-65ed,operateur,manquant,gardé,A8,aucun sur le nombre de lieux,opérateur non renseigné,03_points
D5,_mview_tel_agents_mobile_money.fid-7111a9c0_193dfd882bb_-65e9,operateur,manquant,gardé,A8,aucun sur le nombre de lieux,opérateur non renseigné,03_points
D5,_mview_tel_agents_mobile_money.fid-7111a9c0_193dfd882bb_-65e8,operateur,manquant,gardé,A8,aucun sur le nombre de lieux,opérateur non renseigné,03_points
D5,_mview_tel_agents_mobile_money.fid-7111a9c0_193dfd882bb_-65e6,operateur,manquant,gardé,A8,aucun sur le nombre de lieux,opérateur non renseigné,03_points
D5,_mview_tel_agents_mobile_money.fid-7111a9c0_193dfd882bb_-65e5,operateur,manquant,gardé,A8,aucun sur le nombre de lieux,opérateur non renseigné,03_points
D5,_mview_tel_agents_mobile_money.fid-7111a9c0_193dfd882bb_-65e4,operateur,manquant,gardé,A8,aucun sur le nombre de lieux,opérateur non renseigné,03_points
D5,_mview_tel_agents_mobile_money.fid-7111a9c0_193dfd882bb_-65c8,operateur,manquant,gardé,A8,aucun sur le nombre de lieux,opérateur non renseigné,03_points
D5,_mview_tel_agents_mobile_money.fid-7111a9c0_193dfd882bb_-65b5,operateur,manquant,gardé,A8,aucun sur le nombre de lieux,opérateur non renseigné,03_points
D5,_mview_tel_agents_mobile_money.fid-7111a9c0_193dfd882bb_-65aa,operateur,manquant,gardé,A8,aucun sur le nombre de lieux,opérateur non renseigné,03_points
D5,_mview_tel_agents_mobile_money.fid-7111a9c0_193dfd882bb_-658f,operateur,manquant,gardé,A8,aucun sur le nombre de lieux,opérateur non renseigné,03_points
D5,_mview_tel_agents_mobile_money.fid-7111a9c0_193dfd882bb_-657b,operateur,manquant,gardé,A8,aucun sur le nombre de lieux,opérateur non renseigné,03_points
D5,_mview_tel_agents_mobile_money.fid-7111a9c0_193dfd882bb_-6570,operateur,manquant,gardé,A8,aucun sur le nombre de lieux,opérateur non renseigné,03_points
D5,_mview_tel_agents_mobile_money.fid-7111a9c0_193dfd882bb_-6567,operateur,manquant,gardé,A8,aucun sur le nombre de lieux,opérateur non renseigné,03_points
D5,_mview_tel_agents_mobile_money.fid-7111a9c0_193dfd882bb_-653f,operateur,manquant,gardé,A8,aucun sur le nombre de lieux,opérateur non renseigné,03_points
D5,_mview_tel_agents_mobile_money.fid-7111a9c0_193dfd882bb_-6521,operateur,manquant,gardé,A8,aucun sur le nombre de lieux,opérateur non renseigné,03_points
D5,_mview_tel_agents_mobile_money.fid-7111a9c0_193dfd882bb_-6513,operateur,manquant,gardé,A8,aucun sur le nombre de lieux,opérateur non renseigné,03_points
D5,_mview_tel_agents_mobile_money.fid-7111a9c0_193dfd882bb_-64fc,operateur,manquant,gardé,A8,aucun sur le nombre de lieux,opérateur non renseigné,03_points
D5,_mview_tel_agents_mobile_money.fid-7111a9c0_193dfd882bb_-64e9,operateur,manquant,gardé,A8,aucun sur le nombre de lieux,opérateur non renseigné,03_points
D5,_mview_tel_agents_mobile_money.fid-7111a9c0_193dfd882bb_-64ae,operateur,manquant,gardé,A8,aucun sur le nombre de lieux,opérateur non renseigné,03_points
D5,_mview_tel_agents_mobile_money.fid-7111a9c0_193dfd882bb_-649c,operateur,manquant,gardé,A8,aucun sur le nombre de lieux,opérateur non renseigné,03_points
D5,_mview_tel_agents_mobile_money.fid-7111a9c0_193dfd882bb_-6488,operateur,manquant,gardé,A8,aucun sur le nombre de lieux,opérateur non renseigné,03_points
D5,_mview_tel_agents_mobile_money.fid-7111a9c0_193dfd882bb_-6477,operateur,manquant,gardé,A8,aucun sur le nombre de lieux,opérateur non renseigné,03_points
D5,_mview_tel_agents_mobile_money.fid-7111a9c0_193dfd882bb_-645d,operateur,manquant,gardé,A8,aucun sur le nombre de lieux,opérateur non renseigné,03_points
D5,_mview_tel_agents_mobile_money.fid-7111a9c0_193dfd882bb_-6437,operateur,manquant,gardé,A8,aucun sur le nombre de lieux,opérateur non renseigné,03_points
D5,_mview_tel_agents_mobile_money.fid-7111a9c0_193dfd882bb_-6436,operateur,manquant,gardé,A8,aucun sur le nombre de lieux,opérateur non renseigné,03_points
D5,_mview_tel_agents_mobile_money.fid-7111a9c0_193dfd882bb_-641e,operateur,manquant,gardé,A8,aucun sur le nombre de lieux,opérateur non renseigné,03_points
D5,_mview_tel_agents_mobile_money.fid-7111a9c0_193dfd882bb_-634e,operateur,manquant,gardé,A8,aucun sur le nombre de lieux,opérateur non renseigné,03_points
D5,_mview_tel_agents_mobile_money.fid-7111a9c0_193dfd882bb_-6307,operateur,manquant,gardé,A8,aucun sur le nombre de lieux,opérateur non renseigné,03_points
D5,_mview_tel_agents_mobile_money.fid-7111a9c0_193dfd882bb_-6302,operateur,manquant,gardé,A8,aucun sur le nombre de lieux,opérateur non renseigné,03_points
D5,_mview_tel_agents_mobile_money.fid-7111a9c0_193dfd882bb_-62ed,operateur,manquant,gardé,A8,aucun sur le nombre de lieux,opérateur non renseigné,03_points
D5,_mview_tel_agents_mobile_money.fid-7111a9c0_193dfd882bb_-62e7,operateur,manquant,gardé,A8,aucun sur le nombre de lieux,opérateur non renseigné,03_points
D5,_mview_tel_agents_mobile_money.fid-7111a9c0_193dfd882bb_-62e5,operateur,manquant,gardé,A8,aucun sur le nombre de lieux,opérateur non renseigné,03_points
D5,_mview_tel_agents_mobile_money.fid-7111a9c0_193dfd882bb_-62de,operateur,manquant,gardé,A8,aucun sur le nombre de lieux,opérateur non renseigné,03_points
D5,_mview_tel_agents_mobile_money.fid-7111a9c0_193dfd882bb_-62dd,operateur,manquant,gardé,A8,aucun sur le nombre de lieux,opérateur non renseigné,03_points
D5,_mview_tel_agents_mobile_money.fid-7111a9c0_193dfd882bb_-62d5,operateur,manquant,gardé,A8,aucun sur le nombre de lieux,opérateur non renseigné,03_points
D5,_mview_tel_agents_mobile_money.fid-7111a9c0_193dfd882bb_-62c3,operateur,manquant,gardé,A8,aucun sur le nombre de lieux,opérateur non renseigné,03_points
D5,_mview_tel_agents_mobile_money.fid-7111a9c0_193dfd882bb_-62bf,operateur,manquant,gardé,A8,aucun sur le nombre de lieux,opérateur non renseigné,03_points
D5,_mview_tel_agents_mobile_money.fid-7111a9c0_193dfd882bb_-62b7,operateur,manquant,gardé,A8,aucun sur le nombre de lieux,opérateur non renseigné,03_points
D5,_mview_tel_agents_mobile_money.fid-7111a9c0_193dfd882bb_-62b6,operateur,manquant,gardé,A8,aucun sur le nombre de lieux,opérateur non renseigné,03_points
D5,_mview_tel_agents_mobile_money.fid-7111a9c0_193dfd882bb_-62b5,operateur,manquant,gardé,A8,aucun sur le nombre de lieux,opérateur non renseigné,03_points
D5,_mview_tel_agents_mobile_money.fid-7111a9c0_193dfd882bb_-62a9,operateur,manquant,gardé,A8,aucun sur le nombre de lieux,opérateur non renseigné,03_points
D5,_mview_tel_agents_mobile_money.fid-7111a9c0_193dfd882bb_-629f,operateur,manquant,gardé,A8,aucun sur le nombre de lieux,opérateur non renseigné,03_points
D5,_mview_tel_agents_mobile_money.fid-7111a9c0_193dfd882bb_-6294,operateur,manquant,gardé,A8,aucun sur le nombre de lieux,opérateur non renseigné,03_points
D5,_mview_tel_agents_mobile_money.fid-7111a9c0_193dfd882bb_-6266,operateur,manquant,gardé,A8,aucun sur le nombre de lieux,opérateur non renseigné,03_points
D5,_mview_tel_agents_mobile_money.fid-7111a9c0_193dfd882bb_-6251,operateur,manquant,gardé,A8,aucun sur le nombre de lieux,opérateur non renseigné,03_points
D5,_mview_tel_agents_mobile_money.fid-7111a9c0_193dfd882bb_-624f,operateur,manquant,gardé,A8,aucun sur le nombre de lieux,opérateur non renseigné,03_points
D5,_mview_tel_agents_mobile_money.fid-7111a9c0_193dfd882bb_-623d,operateur,manquant,gardé,A8,aucun sur le nombre de lieux,opérateur non renseigné,03_points
D5,_mview_tel_agents_mobile_money.fid-7111a9c0_193dfd882bb_-622a,operateur,manquant,gardé,A8,aucun sur le nombre de lieux,opérateur non renseigné,03_points
D5,_mview_tel_agents_mobile_money.fid-7111a9c0_193dfd882bb_-6217,operateur,manquant,gardé,A8,aucun sur le nombre de lieux,opérateur non renseigné,03_points
D5,_mview_tel_agents_mobile_money.fid-7111a9c0_193dfd882bb_-61f3,operateur,manquant,gardé,A8,aucun sur le nombre de lieux,opérateur non renseigné,03_points
D5,_mview_tel_agents_mobile_money.fid-7111a9c0_193dfd882bb_-61ea,operateur,manquant,gardé,A8,aucun sur le nombre de lieux,opérateur non renseigné,03_points
D5,_mview_tel_agents_mobile_money.fid-7111a9c0_193dfd882bb_-61c5,operateur,manquant,gardé,A8,aucun sur le nombre de lieux,opérateur non renseigné,03_points
D5,_mview_tel_agents_mobile_money.fid-7111a9c0_193dfd882bb_-61c4,operateur,manquant,gardé,A8,aucun sur le nombre de lieux,opérateur non renseigné,03_points
D5,_mview_tel_agents_mobile_money.fid-7111a9c0_193dfd882bb_-61b1,operateur,manquant,gardé,A8,aucun sur le nombre de lieux,opérateur non renseigné,03_points
D5,_mview_tel_agents_mobile_money.fid-7111a9c0_193dfd882bb_-6183,operateur,manquant,gardé,A8,aucun sur le nombre de lieux,opérateur non renseigné,03_points
D5,_mview_tel_agents_mobile_money.fid-7111a9c0_193dfd882bb_-6175,operateur,manquant,gardé,A8,aucun sur le nombre de lieux,opérateur non renseigné,03_points
D5,_mview_tel_agents_mobile_money.fid-7111a9c0_193dfd882bb_-616c,operateur,manquant,gardé,A8,aucun sur le nombre de lieux,opérateur non renseigné,03_points
D5,_mview_tel_agents_mobile_money.fid-7111a9c0_193dfd882bb_-616b,operateur,manquant,gardé,A8,aucun sur le nombre de lieux,opérateur non renseigné,03_points
D5,_mview_tel_agents_mobile_money.fid-7111a9c0_193dfd882bb_-615d,operateur,manquant,gardé,A8,aucun sur le nombre de lieux,opérateur non renseigné,03_points
D5,_mview_tel_agents_mobile_money.fid-7111a9c0_193dfd882bb_-6136,operateur,manquant,gardé,A8,aucun sur le nombre de lieux,opérateur non renseigné,03_points
D5,_mview_tel_agents_mobile_money.fid-7111a9c0_193dfd882bb_-612b,operateur,manquant,gardé,A8,aucun sur le nombre de lieux,opérateur non renseigné,03_points
D5,_mview_tel_agents_mobile_money.fid-7111a9c0_193dfd882bb_-611d,operateur,manquant,gardé,A8,aucun sur le nombre de lieux,opérateur non renseigné,03_points
D5,_mview_tel_agents_mobile_money.fid-7111a9c0_193dfd882bb_-6115,operateur,manquant,gardé,A8,aucun sur le nombre de lieux,opérateur non renseigné,03_points
D5,_mview_tel_agents_mobile_money.fid-7111a9c0_193dfd882bb_-6111,operateur,manquant,gardé,A8,aucun sur le nombre de lieux,opérateur non renseigné,03_points
D5,_mview_tel_agents_mobile_money.fid-7111a9c0_193dfd882bb_-610e,operateur,manquant,gardé,A8,aucun sur le nombre de lieux,opérateur non renseigné,03_points
D5,_mview_tel_agents_mobile_money.fid-7111a9c0_193dfd882bb_-610a,operateur,manquant,gardé,A8,aucun sur le nombre de lieux,opérateur non renseigné,03_points
D5,_mview_tel_agents_mobile_money.fid-7111a9c0_193dfd882bb_-6105,operateur,manquant,gardé,A8,aucun sur le nombre de lieux,opérateur non renseigné,03_points
D5,_mview_tel_agents_mobile_money.fid-7111a9c0_193dfd882bb_-60ff,operateur,manquant,gardé,A8,aucun sur le nombre de lieux,opérateur non renseigné,03_points
D5,_mview_tel_agents_mobile_money.fid-7111a9c0_193dfd882bb_-60fd,operateur,manquant,gardé,A8,aucun sur le nombre de lieux,opérateur non renseigné,03_points
D5,_mview_tel_agents_mobile_money.fid-7111a9c0_193dfd882bb_-60ee,operateur,manquant,gardé,A8,aucun sur le nombre de lieux,opérateur non renseigné,03_points
D5,_mview_tel_agents_mobile_money.fid-7111a9c0_193dfd882bb_-60de,operateur,manquant,gardé,A8,aucun sur le nombre de lieux,opérateur non renseigné,03_points
D5,_mview_tel_agents_mobile_money.fid-7111a9c0_193dfd882bb_-60d4,operateur,manquant,gardé,A8,aucun sur le nombre de lieux,opérateur non renseigné,03_points
D5,_mview_tel_agents_mobile_money.fid-7111a9c0_193dfd882bb_-60b1,operateur,manquant,gardé,A8,aucun sur le nombre de lieux,opérateur non renseigné,03_points
D5,_mview_tel_agents_mobile_money.fid-7111a9c0_193dfd882bb_-607e,operateur,manquant,gardé,A8,aucun sur le nombre de lieux,opérateur non renseigné,03_points
D5,_mview_tel_agents_mobile_money.fid-7111a9c0_193dfd882bb_-607a,operateur,manquant,gardé,A8,aucun sur le nombre de lieux,opérateur non renseigné,03_points
D5,_mview_tel_agents_mobile_money.fid-7111a9c0_193dfd882bb_-605f,operateur,manquant,gardé,A8,aucun sur le nombre de lieux,opérateur non renseigné,03_points
D5,_mview_tel_agents_mobile_money.fid-7111a9c0_193dfd882bb_-604f,operateur,manquant,gardé,A8,aucun sur le nombre de lieux,opérateur non renseigné,03_points
D5,_mview_tel_agents_mobile_money.fid-7111a9c0_193dfd882bb_-6047,operateur,manquant,gardé,A8,aucun sur le nombre de lieux,opérateur non renseigné,03_points
D5,_mview_tel_agents_mobile_money.fid-7111a9c0_193dfd882bb_-6034,operateur,manquant,gardé,A8,aucun sur le nombre de lieux,opérateur non renseigné,03_points
D5,_mview_tel_agents_mobile_money.fid-7111a9c0_193dfd882bb_-6030,operateur,manquant,gardé,A8,aucun sur le nombre de lieux,opérateur non renseigné,03_points
D5,_mview_tel_agents_mobile_money.fid-7111a9c0_193dfd882bb_-600a,operateur,manquant,gardé,A8,aucun sur le nombre de lieux,opérateur non renseigné,03_points
D5,_mview_tel_agents_mobile_money.fid-7111a9c0_193dfd882bb_-5fef,operateur,manquant,gardé,A8,aucun sur le nombre de lieux,opérateur non renseigné,03_points
D5,_mview_tel_agents_mobile_money.fid-7111a9c0_193dfd882bb_-5fea,operateur,manquant,gardé,A8,aucun sur le nombre de lieux,opérateur non renseigné,03_points
D5,_mview_tel_agents_mobile_money.fid-7111a9c0_193dfd882bb_-5fe2,operateur,manquant,gardé,A8,aucun sur le nombre de lieux,opérateur non renseigné,03_points
D5,_mview_tel_agents_mobile_money.fid-7111a9c0_193dfd882bb_-5fd5,operateur,manquant,gardé,A8,aucun sur le nombre de lieux,opérateur non renseigné,03_points
D5,_mview_tel_agents_mobile_money.fid-7111a9c0_193dfd882bb_-5fd1,operateur,manquant,gardé,A8,aucun sur le nombre de lieux,opérateur non renseigné,03_points
D5,_mview_tel_agents_mobile_money.fid-7111a9c0_193dfd882bb_-5fd0,operateur,manquant,gardé,A8,aucun sur le nombre de lieux,opérateur non renseigné,03_points
D5,_mview_tel_agents_mobile_money.fid-7111a9c0_193dfd882bb_-5fcf,operateur,manquant,gardé,A8,aucun sur le nombre de lieux,opérateur non renseigné,03_points
D5,_mview_tel_agents_mobile_money.fid-7111a9c0_193dfd882bb_-5fcb,operateur,manquant,gardé,A8,aucun sur le nombre de lieux,opérateur non renseigné,03_points
D5,_mview_tel_agents_mobile_money.fid-7111a9c0_193dfd882bb_-5f9c,operateur,manquant,gardé,A8,aucun sur le nombre de lieux,opérateur non renseigné,03_points
D5,_mview_tel_agents_mobile_money.fid-7111a9c0_193dfd882bb_-5f51,operateur,manquant,gardé,A8,aucun sur le nombre de lieux,opérateur non renseigné,03_points
D5,_mview_tel_agents_mobile_money.fid-7111a9c0_193dfd882bb_-5f32,operateur,manquant,gardé,A8,aucun sur le nombre de lieux,opérateur non renseigné,03_points
D5,_mview_tel_agents_mobile_money.fid-7111a9c0_193dfd882bb_-5f31,operateur,manquant,gardé,A8,aucun sur le nombre de lieux,opérateur non renseigné,03_points
D5,_mview_tel_agents_mobile_money.fid-7111a9c0_193dfd882bb_-5f27,operateur,manquant,gardé,A8,aucun sur le nombre de lieux,opérateur non renseigné,03_points
D5,_mview_tel_agents_mobile_money.fid-7111a9c0_193dfd882bb_-5f13,operateur,manquant,gardé,A8,aucun sur le nombre de lieux,opérateur non renseigné,03_points
D5,_mview_tel_agents_mobile_money.fid-7111a9c0_193dfd882bb_-5f0a,operateur,manquant,gardé,A8,aucun sur le nombre de lieux,opérateur non renseigné,03_points
D5,_mview_tel_agents_mobile_money.fid-7111a9c0_193dfd882bb_-5ef6,operateur,manquant,gardé,A8,aucun sur le nombre de lieux,opérateur non renseigné,03_points
D5,_mview_tel_agents_mobile_money.fid-7111a9c0_193dfd882bb_-5ee7,operateur,manquant,gardé,A8,aucun sur le nombre de lieux,opérateur non renseigné,03_points
D5,_mview_tel_agents_mobile_money.fid-7111a9c0_193dfd882bb_-5ee2,operateur,manquant,gardé,A8,aucun sur le nombre de lieux,opérateur non renseigné,03_points
D5,_mview_tel_agents_mobile_money.fid-7111a9c0_193dfd882bb_-5ed6,operateur,manquant,gardé,A8,aucun sur le nombre de lieux,opérateur non renseigné,03_points
D5,_mview_tel_agents_mobile_money.fid-7111a9c0_193dfd882bb_-5ec4,operateur,manquant,gardé,A8,aucun sur le nombre de lieux,opérateur non renseigné,03_points
D5,_mview_tel_agents_mobile_money.fid-7111a9c0_193dfd882bb_-5ebf,operateur,manquant,gardé,A8,aucun sur le nombre de lieux,opérateur non renseigné,03_points
D5,_mview_tel_agents_mobile_money.fid-7111a9c0_193dfd882bb_-5eb4,operateur,manquant,gardé,A8,aucun sur le nombre de lieux,opérateur non renseigné,03_points
D5,_mview_tel_agents_mobile_money.fid-7111a9c0_193dfd882bb_-5e9f,operateur,manquant,gardé,A8,aucun sur le nombre de lieux,opérateur non renseigné,03_points
D5,_mview_tel_agents_mobile_money.fid-7111a9c0_193dfd882bb_-5e9c,operateur,manquant,gardé,A8,aucun sur le nombre de lieux,opérateur non renseigné,03_points
D5,_mview_tel_agents_mobile_money.fid-7111a9c0_193dfd882bb_-5e92,operateur,manquant,gardé,A8,aucun sur le nombre de lieux,opérateur non renseigné,03_points
D5,_mview_tel_agents_mobile_money.fid-7111a9c0_193dfd882bb_-5e60,operateur,manquant,gardé,A8,aucun sur le nombre de lieux,opérateur non renseigné,03_points
D5,_mview_tel_agents_mobile_money.fid-7111a9c0_193dfd882bb_-5e54,operateur,manquant,gardé,A8,aucun sur le nombre de lieux,opérateur non renseigné,03_points
D5,_mview_tel_agents_mobile_money.fid-7111a9c0_193dfd882bb_-5e4e,operateur,manquant,gardé,A8,aucun sur le nombre de lieux,opérateur non renseigné,03_points
D5,_mview_tel_agents_mobile_money.fid-7111a9c0_193dfd882bb_-5e4d,operateur,manquant,gardé,A8,aucun sur le nombre de lieux,opérateur non renseigné,03_points
D5,_mview_tel_agents_mobile_money.fid-7111a9c0_193dfd882bb_-5e4b,operateur,manquant,gardé,A8,aucun sur le nombre de lieux,opérateur non renseigné,03_points
D5,_mview_tel_agents_mobile_money.fid-7111a9c0_193dfd882bb_-5e2d,operateur,manquant,gardé,A8,aucun sur le nombre de lieux,opérateur non renseigné,03_points
D5,_mview_tel_agents_mobile_money.fid-7111a9c0_193dfd882bb_-5e20,operateur,manquant,gardé,A8,aucun sur le nombre de lieux,opérateur non renseigné,03_points
D5,_mview_tel_agents_mobile_money.fid-7111a9c0_193dfd882bb_-5e02,operateur,manquant,gardé,A8,aucun sur le nombre de lieux,opérateur non renseigné,03_points
D5,_mview_tel_agents_mobile_money.fid-7111a9c0_193dfd882bb_-5e01,operateur,manquant,gardé,A8,aucun sur le nombre de lieux,opérateur non renseigné,03_points
D5,_mview_tel_agents_mobile_money.fid-7111a9c0_193dfd882bb_-5dfe,operateur,manquant,gardé,A8,aucun sur le nombre de lieux,opérateur non renseigné,03_points
D5,_mview_tel_agents_mobile_money.fid-7111a9c0_193dfd882bb_-5dec,operateur,manquant,gardé,A8,aucun sur le nombre de lieux,opérateur non renseigné,03_points
D5,_mview_tel_agents_mobile_money.fid-7111a9c0_193dfd882bb_-5de1,operateur,manquant,gardé,A8,aucun sur le nombre de lieux,opérateur non renseigné,03_points
D5,_mview_tel_agents_mobile_money.fid-7111a9c0_193dfd882bb_-5ddf,operateur,manquant,gardé,A8,aucun sur le nombre de lieux,opérateur non renseigné,03_points
D5,_mview_tel_agents_mobile_money.fid-7111a9c0_193dfd882bb_-5dd7,operateur,manquant,gardé,A8,aucun sur le nombre de lieux,opérateur non renseigné,03_points
D5,_mview_tel_agents_mobile_money.fid-7111a9c0_193dfd882bb_-5dcb,operateur,manquant,gardé,A8,aucun sur le nombre de lieux,opérateur non renseigné,03_points
D5,_mview_tel_agents_mobile_money.fid-7111a9c0_193dfd882bb_-5dc9,operateur,manquant,gardé,A8,aucun sur le nombre de lieux,opérateur non renseigné,03_points
D5,_mview_tel_agents_mobile_money.fid-7111a9c0_193dfd882bb_-5daf,operateur,manquant,gardé,A8,aucun sur le nombre de lieux,opérateur non renseigné,03_points
D5,_mview_tel_agents_mobile_money.fid-7111a9c0_193dfd882bb_-5da3,operateur,manquant,gardé,A8,aucun sur le nombre de lieux,opérateur non renseigné,03_points
D5,_mview_tel_agents_mobile_money.fid-7111a9c0_193dfd882bb_-5d9d,operateur,manquant,gardé,A8,aucun sur le nombre de lieux,opérateur non renseigné,03_points
D5,_mview_tel_agents_mobile_money.fid-7111a9c0_193dfd882bb_-5d9b,operateur,manquant,gardé,A8,aucun sur le nombre de lieux,opérateur non renseigné,03_points
D5,_mview_tel_agents_mobile_money.fid-7111a9c0_193dfd882bb_-5d9a,operateur,manquant,gardé,A8,aucun sur le nombre de lieux,opérateur non renseigné,03_points
D5,_mview_tel_agents_mobile_money.fid-7111a9c0_193dfd882bb_-5d99,operateur,manquant,gardé,A8,aucun sur le nombre de lieux,opérateur non renseigné,03_points
D5,_mview_tel_agents_mobile_money.fid-7111a9c0_193dfd882bb_-5d98,operateur,manquant,gardé,A8,aucun sur le nombre de lieux,opérateur non renseigné,03_points
D5,_mview_tel_agents_mobile_money.fid-7111a9c0_193dfd882bb_-5d96,operateur,manquant,gardé,A8,aucun sur le nombre de lieux,opérateur non renseigné,03_points
D5,_mview_tel_agents_mobile_money.fid-7111a9c0_193dfd882bb_-5d95,operateur,manquant,gardé,A8,aucun sur le nombre de lieux,opérateur non renseigné,03_points
D5,_mview_tel_agents_mobile_money.fid-7111a9c0_193dfd882bb_-5d94,operateur,manquant,gardé,A8,aucun sur le nombre de lieux,opérateur non renseigné,03_points
D5,_mview_tel_agents_mobile_money.fid-7111a9c0_193dfd882bb_-5d93,operateur,manquant,gardé,A8,aucun sur le nombre de lieux,opérateur non renseigné,03_points
D5,_mview_tel_agents_mobile_money.fid-7111a9c0_193dfd882bb_-5d92,operateur,manquant,gardé,A8,aucun sur le nombre de lieux,opérateur non renseigné,03_points
D5,_mview_tel_agents_mobile_money.fid-7111a9c0_193dfd882bb_-5d91,operateur,manquant,gardé,A8,aucun sur le nombre de lieux,opérateur non renseigné,03_points
D5,_mview_tel_agents_mobile_money.fid-7111a9c0_193dfd882bb_-5d90,operateur,manquant,gardé,A8,aucun sur le nombre de lieux,opérateur non renseigné,03_points
D5,_mview_tel_agents_mobile_money.fid-7111a9c0_193dfd882bb_-5d8f,operateur,manquant,gardé,A8,aucun sur le nombre de lieux,opérateur non renseigné,03_points
D5,_mview_tel_agents_mobile_money.fid-7111a9c0_193dfd882bb_-5d8e,operateur,manquant,gardé,A8,aucun sur le nombre de lieux,opérateur non renseigné,03_points
D5,_mview_tel_agents_mobile_money.fid-7111a9c0_193dfd882bb_-5d8d,operateur,manquant,gardé,A8,aucun sur le nombre de lieux,opérateur non renseigné,03_points
D5,_mview_tel_agents_mobile_money.fid-7111a9c0_193dfd882bb_-5d88,operateur,manquant,gardé,A8,aucun sur le nombre de lieux,opérateur non renseigné,03_points
D5,_mview_tel_agents_mobile_money.fid-7111a9c0_193dfd882bb_-5d87,operateur,manquant,gardé,A8,aucun sur le nombre de lieux,opérateur non renseigné,03_points
D5,_mview_tel_agents_mobile_money.fid-7111a9c0_193dfd882bb_-5d84,operateur,manquant,gardé,A8,aucun sur le nombre de lieux,opérateur non renseigné,03_points
D5,_mview_tel_agents_mobile_money.fid-7111a9c0_193dfd882bb_-5d81,operateur,manquant,gardé,A8,aucun sur le nombre de lieux,opérateur non renseigné,03_points
D5,_mview_tel_agents_mobile_money.fid-7111a9c0_193dfd882bb_-5d71,operateur,manquant,gardé,A8,aucun sur le nombre de lieux,opérateur non renseigné,03_points
D5,_mview_tel_agents_mobile_money.fid-7111a9c0_193dfd882bb_-5d6f,operateur,manquant,gardé,A8,aucun sur le nombre de lieux,opérateur non renseigné,03_points
D5,_mview_tel_agents_mobile_money.fid-7111a9c0_193dfd882bb_-5d6d,operateur,manquant,gardé,A8,aucun sur le nombre de lieux,opérateur non renseigné,03_points
D5,_mview_tel_agents_mobile_money.fid-7111a9c0_193dfd882bb_-5d6c,operateur,manquant,gardé,A8,aucun sur le nombre de lieux,opérateur non renseigné,03_points
D5,_mview_tel_agents_mobile_money.fid-7111a9c0_193dfd882bb_-5d6b,operateur,manquant,gardé,A8,aucun sur le nombre de lieux,opérateur non renseigné,03_points
D5,_mview_tel_agents_mobile_money.fid-7111a9c0_193dfd882bb_-5d6a,operateur,manquant,gardé,A8,aucun sur le nombre de lieux,opérateur non renseigné,03_points
D5,_mview_tel_agents_mobile_money.fid-7111a9c0_193dfd882bb_-5d69,operateur,manquant,gardé,A8,aucun sur le nombre de lieux,opérateur non renseigné,03_points
D5,_mview_tel_agents_mobile_money.fid-7111a9c0_193dfd882bb_-5d67,operateur,manquant,gardé,A8,aucun sur le nombre de lieux,opérateur non renseigné,03_points
D5,_mview_tel_agents_mobile_money.fid-7111a9c0_193dfd882bb_-5d66,operateur,manquant,gardé,A8,aucun sur le nombre de lieux,opérateur non renseigné,03_points
D5,_mview_tel_agents_mobile_money.fid-7111a9c0_193dfd882bb_-5d65,operateur,manquant,gardé,A8,aucun sur le nombre de lieux,opérateur non renseigné,03_points
D5,_mview_tel_agents_mobile_money.fid-7111a9c0_193dfd882bb_-5d64,operateur,manquant,gardé,A8,aucun sur le nombre de lieux,opérateur non renseigné,03_points
D5,_mview_tel_agents_mobile_money.fid-7111a9c0_193dfd882bb_-5d62,operateur,manquant,gardé,A8,aucun sur le nombre de lieux,opérateur non renseigné,03_points
D5,_mview_tel_agents_mobile_money.fid-7111a9c0_193dfd882bb_-5d61,operateur,manquant,gardé,A8,aucun sur le nombre de lieux,opérateur non renseigné,03_points
D5,_mview_tel_agents_mobile_money.fid-7111a9c0_193dfd882bb_-5d60,operateur,manquant,gardé,A8,aucun sur le nombre de lieux,opérateur non renseigné,03_points
D5,_mview_tel_agents_mobile_money.fid-7111a9c0_193dfd882bb_-5d5c,operateur,manquant,gardé,A8,aucun sur le nombre de lieux,opérateur non renseigné,03_points
D5,_mview_tel_agents_mobile_money.fid-7111a9c0_193dfd882bb_-5d5b,operateur,manquant,gardé,A8,aucun sur le nombre de lieux,opérateur non renseigné,03_points
D5,_mview_tel_agents_mobile_money.fid-7111a9c0_193dfd882bb_-5d58,operateur,manquant,gardé,A8,aucun sur le nombre de lieux,opérateur non renseigné,03_points
D5,_mview_tel_agents_mobile_money.fid-7111a9c0_193dfd882bb_-5d57,operateur,manquant,gardé,A8,aucun sur le nombre de lieux,opérateur non renseigné,03_points
D5,_mview_tel_agents_mobile_money.fid-7111a9c0_193dfd882bb_-5d54,operateur,manquant,gardé,A8,aucun sur le nombre de lieux,opérateur non renseigné,03_points
D5,_mview_tel_agents_mobile_money.fid-7111a9c0_193dfd882bb_-5d52,operateur,manquant,gardé,A8,aucun sur le nombre de lieux,opérateur non renseigné,03_points
D5,_mview_tel_agents_mobile_money.fid-7111a9c0_193dfd882bb_-5d4f,operateur,manquant,gardé,A8,aucun sur le nombre de lieux,opérateur non renseigné,03_points
D5,_mview_tel_agents_mobile_money.fid-7111a9c0_193dfd882bb_-5d4d,operateur,manquant,gardé,A8,aucun sur le nombre de lieux,opérateur non renseigné,03_points
D5,_mview_tel_agents_mobile_money.fid-7111a9c0_193dfd882bb_-5d4b,operateur,manquant,gardé,A8,aucun sur le nombre de lieux,opérateur non renseigné,03_points
D5,_mview_tel_agents_mobile_money.fid-7111a9c0_193dfd882bb_-5d4a,operateur,manquant,gardé,A8,aucun sur le nombre de lieux,opérateur non renseigné,03_points
D5,_mview_tel_agents_mobile_money.fid-7111a9c0_193dfd882bb_-5d49,operateur,manquant,gardé,A8,aucun sur le nombre de lieux,opérateur non renseigné,03_points
D5,_mview_tel_agents_mobile_money.fid-7111a9c0_193dfd882bb_-5d47,operateur,manquant,gardé,A8,aucun sur le nombre de lieux,opérateur non renseigné,03_points
D5,_mview_tel_agents_mobile_money.fid-7111a9c0_193dfd882bb_-5d46,operateur,manquant,gardé,A8,aucun sur le nombre de lieux,opérateur non renseigné,03_points
D5,_mview_tel_agents_mobile_money.fid-7111a9c0_193dfd882bb_-5d44,operateur,manquant,gardé,A8,aucun sur le nombre de lieux,opérateur non renseigné,03_points
D5,_mview_tel_agents_mobile_money.fid-7111a9c0_193dfd882bb_-5d43,operateur,manquant,gardé,A8,aucun sur le nombre de lieux,opérateur non renseigné,03_points
D5,_mview_tel_agents_mobile_money.fid-7111a9c0_193dfd882bb_-5d42,operateur,manquant,gardé,A8,aucun sur le nombre de lieux,opérateur non renseigné,03_points
D5,_mview_tel_agents_mobile_money.fid-7111a9c0_193dfd882bb_-5d41,operateur,manquant,gardé,A8,aucun sur le nombre de lieux,opérateur non renseigné,03_points
D5,_mview_tel_agents_mobile_money.fid-7111a9c0_193dfd882bb_-5d40,operateur,manquant,gardé,A8,aucun sur le nombre de lieux,opérateur non renseigné,03_points
D5,_mview_tel_agents_mobile_money.fid-7111a9c0_193dfd882bb_-5d3f,operateur,manquant,gardé,A8,aucun sur le nombre de lieux,opérateur non renseigné,03_points
D5,_mview_tel_agents_mobile_money.fid-7111a9c0_193dfd882bb_-5d3d,operateur,manquant,gardé,A8,aucun sur le nombre de lieux,opérateur non renseigné,03_points
D5,_mview_tel_agents_mobile_money.fid-7111a9c0_193dfd882bb_-5d3b,operateur,manquant,gardé,A8,aucun sur le nombre de lieux,opérateur non renseigné,03_points
D5,_mview_tel_agents_mobile_money.fid-7111a9c0_193dfd882bb_-5d39,operateur,manquant,gardé,A8,aucun sur le nombre de lieux,opérateur non renseigné,03_points
D5,_mview_tel_agents_mobile_money.fid-7111a9c0_193dfd882bb_-5d38,operateur,manquant,gardé,A8,aucun sur le nombre de lieux,opérateur non renseigné,03_points
D5,_mview_tel_agents_mobile_money.fid-7111a9c0_193dfd882bb_-5d30,operateur,manquant,gardé,A8,aucun sur le nombre de lieux,opérateur non renseigné,03_points
D5,_mview_tel_agents_mobile_money.fid-7111a9c0_193dfd882bb_-5d2d,operateur,manquant,gardé,A8,aucun sur le nombre de lieux,opérateur non renseigné,03_points
D5,_mview_tel_agents_mobile_money.fid-7111a9c0_193dfd882bb_-5d2c,operateur,manquant,gardé,A8,aucun sur le nombre de lieux,opérateur non renseigné,03_points
D5,_mview_tel_agents_mobile_money.fid-7111a9c0_193dfd882bb_-5d29,operateur,manquant,gardé,A8,aucun sur le nombre de lieux,opérateur non renseigné,03_points
D5,_mview_tel_agents_mobile_money.fid-7111a9c0_193dfd882bb_-5d26,operateur,manquant,gardé,A8,aucun sur le nombre de lieux,opérateur non renseigné,03_points
D5,_mview_tel_agents_mobile_money.fid-7111a9c0_193dfd882bb_-5d25,operateur,manquant,gardé,A8,aucun sur le nombre de lieux,opérateur non renseigné,03_points
D5,_mview_tel_agents_mobile_money.fid-7111a9c0_193dfd882bb_-5d22,operateur,manquant,gardé,A8,aucun sur le nombre de lieux,opérateur non renseigné,03_points
D5,_mview_tel_agents_mobile_money.fid-7111a9c0_193dfd882bb_-5d21,operateur,manquant,gardé,A8,aucun sur le nombre de lieux,opérateur non renseigné,03_points
D5,_mview_tel_agents_mobile_money.fid-7111a9c0_193dfd882bb_-5d20,operateur,manquant,gardé,A8,aucun sur le nombre de lieux,opérateur non renseigné,03_points
D5,_mview_tel_agents_mobile_money.fid-7111a9c0_193dfd882bb_-5d1e,operateur,manquant,gardé,A8,aucun sur le nombre de lieux,opérateur non renseigné,03_points
D5,_mview_tel_agents_mobile_money.fid-7111a9c0_193dfd882bb_-5d1c,operateur,manquant,gardé,A8,aucun sur le nombre de lieux,opérateur non renseigné,03_points
D5,_mview_tel_agents_mobile_money.fid-7111a9c0_193dfd882bb_-5d1b,operateur,manquant,gardé,A8,aucun sur le nombre de lieux,opérateur non renseigné,03_points
D5,_mview_tel_agents_mobile_money.fid-7111a9c0_193dfd882bb_-5d1a,operateur,manquant,gardé,A8,aucun sur le nombre de lieux,opérateur non renseigné,03_points
D5,_mview_tel_agents_mobile_money.fid-7111a9c0_193dfd882bb_-5d19,operateur,manquant,gardé,A8,aucun sur le nombre de lieux,opérateur non renseigné,03_points
D5,_mview_tel_agents_mobile_money.fid-7111a9c0_193dfd882bb_-5d18,operateur,manquant,gardé,A8,aucun sur le nombre de lieux,opérateur non renseigné,03_points
D5,_mview_tel_agents_mobile_money.fid-7111a9c0_193dfd882bb_-5d15,operateur,manquant,gardé,A8,aucun sur le nombre de lieux,opérateur non renseigné,03_points
D5,_mview_tel_agents_mobile_money.fid-7111a9c0_193dfd882bb_-5d13,operateur,manquant,gardé,A8,aucun sur le nombre de lieux,opérateur non renseigné,03_points
D5,_mview_tel_agents_mobile_money.fid-7111a9c0_193dfd882bb_-5d11,operateur,manquant,gardé,A8,aucun sur le nombre de lieux,opérateur non renseigné,03_points
D5,_mview_tel_agents_mobile_money.fid-7111a9c0_193dfd882bb_-5d10,operateur,manquant,gardé,A8,aucun sur le nombre de lieux,opérateur non renseigné,03_points
D5,_mview_tel_agents_mobile_money.fid-7111a9c0_193dfd882bb_-5d0e,operateur,manquant,gardé,A8,aucun sur le nombre de lieux,opérateur non renseigné,03_points
D5,_mview_tel_agents_mobile_money.fid-7111a9c0_193dfd882bb_-5d0d,operateur,manquant,gardé,A8,aucun sur le nombre de lieux,opérateur non renseigné,03_points
D5,_mview_tel_agents_mobile_money.fid-7111a9c0_193dfd882bb_-5d0c,operateur,manquant,gardé,A8,aucun sur le nombre de lieux,opérateur non renseigné,03_points
D5,_mview_tel_agents_mobile_money.fid-7111a9c0_193dfd882bb_-5d0b,operateur,manquant,gardé,A8,aucun sur le nombre de lieux,opérateur non renseigné,03_points
D5,_mview_tel_agents_mobile_money.fid-7111a9c0_193dfd882bb_-5d08,operateur,manquant,gardé,A8,aucun sur le nombre de lieux,opérateur non renseigné,03_points
D5,_mview_tel_agents_mobile_money.fid-7111a9c0_193dfd882bb_-5d06,operateur,manquant,gardé,A8,aucun sur le nombre de lieux,opérateur non renseigné,03_points
D5,_mview_tel_agents_mobile_money.fid-7111a9c0_193dfd882bb_-5d04,operateur,manquant,gardé,A8,aucun sur le nombre de lieux,opérateur non renseigné,03_points
D5,_mview_tel_agents_mobile_money.fid-7111a9c0_193dfd882bb_-5d03,operateur,manquant,gardé,A8,aucun sur le nombre de lieux,opérateur non renseigné,03_points
D5,_mview_tel_agents_mobile_money.fid-7111a9c0_193dfd882bb_-5d00,operateur,manquant,gardé,A8,aucun sur le nombre de lieux,opérateur non renseigné,03_points
D5,_mview_tel_agents_mobile_money.fid-7111a9c0_193dfd882bb_-5cff,operateur,manquant,gardé,A8,aucun sur le nombre de lieux,opérateur non renseigné,03_points
D5,_mview_tel_agents_mobile_money.fid-7111a9c0_193dfd882bb_-5cfd,operateur,manquant,gardé,A8,aucun sur le nombre de lieux,opérateur non renseigné,03_points
D5,_mview_tel_agents_mobile_money.fid-7111a9c0_193dfd882bb_-5cfb,operateur,manquant,gardé,A8,aucun sur le nombre de lieux,opérateur non renseigné,03_points
D5,_mview_tel_agents_mobile_money.fid-7111a9c0_193dfd882bb_-5cf8,operateur,manquant,gardé,A8,aucun sur le nombre de lieux,opérateur non renseigné,03_points
D5,_mview_tel_agents_mobile_money.fid-7111a9c0_193dfd882bb_-5cf6,operateur,manquant,gardé,A8,aucun sur le nombre de lieux,opérateur non renseigné,03_points
D5,_mview_tel_agents_mobile_money.fid-7111a9c0_193dfd882bb_-5cf5,operateur,manquant,gardé,A8,aucun sur le nombre de lieux,opérateur non renseigné,03_points
D5,_mview_tel_agents_mobile_money.fid-7111a9c0_193dfd882bb_-5cf4,operateur,manquant,gardé,A8,aucun sur le nombre de lieux,opérateur non renseigné,03_points
D5,_mview_tel_agents_mobile_money.fid-7111a9c0_193dfd882bb_-5cf3,operateur,manquant,gardé,A8,aucun sur le nombre de lieux,opérateur non renseigné,03_points
D5,_mview_tel_agents_mobile_money.fid-7111a9c0_193dfd882bb_-5cf2,operateur,manquant,gardé,A8,aucun sur le nombre de lieux,opérateur non renseigné,03_points
D5,_mview_tel_agents_mobile_money.fid-7111a9c0_193dfd882bb_-5cf1,operateur,manquant,gardé,A8,aucun sur le nombre de lieux,opérateur non renseigné,03_points
D5,_mview_tel_agents_mobile_money.fid-7111a9c0_193dfd882bb_-5cf0,operateur,manquant,gardé,A8,aucun sur le nombre de lieux,opérateur non renseigné,03_points
D5,_mview_tel_agents_mobile_money.fid-7111a9c0_193dfd882bb_-5cef,operateur,manquant,gardé,A8,aucun sur le nombre de lieux,opérateur non renseigné,03_points
D5,_mview_tel_agents_mobile_money.fid-7111a9c0_193dfd882bb_-5cec,operateur,manquant,gardé,A8,aucun sur le nombre de lieux,opérateur non renseigné,03_points
D5,_mview_tel_agents_mobile_money.fid-7111a9c0_193dfd882bb_-5ceb,operateur,manquant,gardé,A8,aucun sur le nombre de lieux,opérateur non renseigné,03_points
D5,_mview_tel_agents_mobile_money.fid-7111a9c0_193dfd882bb_-5cea,operateur,manquant,gardé,A8,aucun sur le nombre de lieux,opérateur non renseigné,03_points
D5,_mview_tel_agents_mobile_money.fid-7111a9c0_193dfd882bb_-5ce9,operateur,manquant,gardé,A8,aucun sur le nombre de lieux,opérateur non renseigné,03_points
D5,_mview_tel_agents_mobile_money.fid-7111a9c0_193dfd882bb_-5ce8,operateur,manquant,gardé,A8,aucun sur le nombre de lieux,opérateur non renseigné,03_points
D5,_mview_tel_agents_mobile_money.fid-7111a9c0_193dfd882bb_-5ce7,operateur,manquant,gardé,A8,aucun sur le nombre de lieux,opérateur non renseigné,03_points
D5,_mview_tel_agents_mobile_money.fid-7111a9c0_193dfd882bb_-5ce2,operateur,manquant,gardé,A8,aucun sur le nombre de lieux,opérateur non renseigné,03_points
D5,_mview_tel_agents_mobile_money.fid-7111a9c0_193dfd882bb_-5ce0,operateur,manquant,gardé,A8,aucun sur le nombre de lieux,opérateur non renseigné,03_points
D5,_mview_tel_agents_mobile_money.fid-7111a9c0_193dfd882bb_-5cdd,operateur,manquant,gardé,A8,aucun sur le nombre de lieux,opérateur non renseigné,03_points
D5,_mview_tel_agents_mobile_money.fid-7111a9c0_193dfd882bb_-5cdb,operateur,manquant,gardé,A8,aucun sur le nombre de lieux,opérateur non renseigné,03_points
D5,_mview_tel_agents_mobile_money.fid-7111a9c0_193dfd882bb_-5ccc,operateur,manquant,gardé,A8,aucun sur le nombre de lieux,opérateur non renseigné,03_points
D5,_mview_tel_agents_mobile_money.fid-7111a9c0_193dfd882bb_-5ccb,operateur,manquant,gardé,A8,aucun sur le nombre de lieux,opérateur non renseigné,03_points
D5,_mview_tel_agents_mobile_money.fid-7111a9c0_193dfd882bb_-5cca,operateur,manquant,gardé,A8,aucun sur le nombre de lieux,opérateur non renseigné,03_points
D5,_mview_tel_agents_mobile_money.fid-7111a9c0_193dfd882bb_-5cc9,operateur,manquant,gardé,A8,aucun sur le nombre de lieux,opérateur non renseigné,03_points
D5,_mview_tel_agents_mobile_money.fid-7111a9c0_193dfd882bb_-5cc8,operateur,manquant,gardé,A8,aucun sur le nombre de lieux,opérateur non renseigné,03_points
D5,_mview_tel_agents_mobile_money.fid-7111a9c0_193dfd882bb_-5cc7,operateur,manquant,gardé,A8,aucun sur le nombre de lieux,opérateur non renseigné,03_points
D5,_mview_tel_agents_mobile_money.fid-7111a9c0_193dfd882bb_-5cc4,operateur,manquant,gardé,A8,aucun sur le nombre de lieux,opérateur non renseigné,03_points
D5,_mview_tel_agents_mobile_money.fid-7111a9c0_193dfd882bb_-5cc3,operateur,manquant,gardé,A8,aucun sur le nombre de lieux,opérateur non renseigné,03_points
D5,_mview_tel_agents_mobile_money.fid-7111a9c0_193dfd882bb_-5cc1,operateur,manquant,gardé,A8,aucun sur le nombre de lieux,opérateur non renseigné,03_points
D5,_mview_tel_agents_mobile_money.fid-7111a9c0_193dfd882bb_-5cbe,operateur,manquant,gardé,A8,aucun sur le nombre de lieux,opérateur non renseigné,03_points
D5,_mview_tel_agents_mobile_money.fid-7111a9c0_193dfd882bb_-5cbd,operateur,manquant,gardé,A8,aucun sur le nombre de lieux,opérateur non renseigné,03_points
D5,_mview_tel_agents_mobile_money.fid-7111a9c0_193dfd882bb_-5cbb,operateur,manquant,gardé,A8,aucun sur le nombre de lieux,opérateur non renseigné,03_points
D5,_mview_tel_agents_mobile_money.fid-7111a9c0_193dfd882bb_-5cb9,operateur,manquant,gardé,A8,aucun sur le nombre de lieux,opérateur non renseigné,03_points
D5,_mview_tel_agents_mobile_money.fid-7111a9c0_193dfd882bb_-5cb4,operateur,manquant,gardé,A8,aucun sur le nombre de lieux,opérateur non renseigné,03_points
D5,_mview_tel_agents_mobile_money.fid-7111a9c0_193dfd882bb_-5cb3,operateur,manquant,gardé,A8,aucun sur le nombre de lieux,opérateur non renseigné,03_points
D5,_mview_tel_agents_mobile_money.fid-7111a9c0_193dfd882bb_-5cb2,operateur,manquant,gardé,A8,aucun sur le nombre de lieux,opérateur non renseigné,03_points
D5,_mview_tel_agents_mobile_money.fid-7111a9c0_193dfd882bb_-5cb1,operateur,manquant,gardé,A8,aucun sur le nombre de lieux,opérateur non renseigné,03_points
D5,_mview_tel_agents_mobile_money.fid-7111a9c0_193dfd882bb_-5caf,operateur,manquant,gardé,A8,aucun sur le nombre de lieux,opérateur non renseigné,03_points
D5,_mview_tel_agents_mobile_money.fid-7111a9c0_193dfd882bb_-5cae,operateur,manquant,gardé,A8,aucun sur le nombre de lieux,opérateur non renseigné,03_points
D5,_mview_tel_agents_mobile_money.fid-7111a9c0_193dfd882bb_-5cac,operateur,manquant,gardé,A8,aucun sur le nombre de lieux,opérateur non renseigné,03_points
D5,_mview_tel_agents_mobile_money.fid-7111a9c0_193dfd882bb_-5cab,operateur,manquant,gardé,A8,aucun sur le nombre de lieux,opérateur non renseigné,03_points
D5,_mview_tel_agents_mobile_money.fid-7111a9c0_193dfd882bb_-5ca9,operateur,manquant,gardé,A8,aucun sur le nombre de lieux,opérateur non renseigné,03_points
D5,_mview_tel_agents_mobile_money.fid-7111a9c0_193dfd882bb_-5ca2,operateur,manquant,gardé,A8,aucun sur le nombre de lieux,opérateur non renseigné,03_points
D5,_mview_tel_agents_mobile_money.fid-7111a9c0_193dfd882bb_-5ca0,operateur,manquant,gardé,A8,aucun sur le nombre de lieux,opérateur non renseigné,03_points
D5,_mview_tel_agents_mobile_money.fid-7111a9c0_193dfd882bb_-5c9d,operateur,manquant,gardé,A8,aucun sur le nombre de lieux,opérateur non renseigné,03_points
D5,_mview_tel_agents_mobile_money.fid-7111a9c0_193dfd882bb_-5c9c,operateur,manquant,gardé,A8,aucun sur le nombre de lieux,opérateur non renseigné,03_points
D5,_mview_tel_agents_mobile_money.fid-7111a9c0_193dfd882bb_-5c97,operateur,manquant,gardé,A8,aucun sur le nombre de lieux,opérateur non renseigné,03_points
D5,_mview_tel_agents_mobile_money.fid-7111a9c0_193dfd882bb_-5c92,operateur,manquant,gardé,A8,aucun sur le nombre de lieux,opérateur non renseigné,03_points
D5,_mview_tel_agents_mobile_money.fid-7111a9c0_193dfd882bb_-5c90,operateur,manquant,gardé,A8,aucun sur le nombre de lieux,opérateur non renseigné,03_points
D5,_mview_tel_agents_mobile_money.fid-7111a9c0_193dfd882bb_-5c8f,operateur,manquant,gardé,A8,aucun sur le nombre de lieux,opérateur non renseigné,03_points
D5,_mview_tel_agents_mobile_money.fid-7111a9c0_193dfd882bb_-5c8e,operateur,manquant,gardé,A8,aucun sur le nombre de lieux,opérateur non renseigné,03_points
D5,_mview_tel_agents_mobile_money.fid-7111a9c0_193dfd882bb_-5c8a,operateur,manquant,gardé,A8,aucun sur le nombre de lieux,opérateur non renseigné,03_points
D5,_mview_tel_agents_mobile_money.fid-7111a9c0_193dfd882bb_-5c89,operateur,manquant,gardé,A8,aucun sur le nombre de lieux,opérateur non renseigné,03_points
D5,_mview_tel_agents_mobile_money.fid-7111a9c0_193dfd882bb_-5c87,operateur,manquant,gardé,A8,aucun sur le nombre de lieux,opérateur non renseigné,03_points
D5,_mview_tel_agents_mobile_money.fid-7111a9c0_193dfd882bb_-5c80,operateur,manquant,gardé,A8,aucun sur le nombre de lieux,opérateur non renseigné,03_points
D5,_mview_tel_agents_mobile_money.fid-7111a9c0_193dfd882bb_-5c7f,operateur,manquant,gardé,A8,aucun sur le nombre de lieux,opérateur non renseigné,03_points
D5,_mview_tel_agents_mobile_money.fid-7111a9c0_193dfd882bb_-5c7d,operateur,manquant,gardé,A8,aucun sur le nombre de lieux,opérateur non renseigné,03_points
D5,_mview_tel_agents_mobile_money.fid-7111a9c0_193dfd882bb_-5c7c,operateur,manquant,gardé,A8,aucun sur le nombre de lieux,opérateur non renseigné,03_points
D5,_mview_tel_agents_mobile_money.fid-7111a9c0_193dfd882bb_-5c7b,operateur,manquant,gardé,A8,aucun sur le nombre de lieux,opérateur non renseigné,03_points
D5,_mview_tel_agents_mobile_money.fid-7111a9c0_193dfd882bb_-5c7a,operateur,manquant,gardé,A8,aucun sur le nombre de lieux,opérateur non renseigné,03_points
D5,_mview_tel_agents_mobile_money.fid-7111a9c0_193dfd882bb_-5c79,operateur,manquant,gardé,A8,aucun sur le nombre de lieux,opérateur non renseigné,03_points
D5,_mview_tel_agents_mobile_money.fid-7111a9c0_193dfd882bb_-5c77,operateur,manquant,gardé,A8,aucun sur le nombre de lieux,opérateur non renseigné,03_points
D5,_mview_tel_agents_mobile_money.fid-7111a9c0_193dfd882bb_-5c75,operateur,manquant,gardé,A8,aucun sur le nombre de lieux,opérateur non renseigné,03_points
D5,_mview_tel_agents_mobile_money.fid-7111a9c0_193dfd882bb_-5c73,operateur,manquant,gardé,A8,aucun sur le nombre de lieux,opérateur non renseigné,03_points
D5,_mview_tel_agents_mobile_money.fid-7111a9c0_193dfd882bb_-5c6f,operateur,manquant,gardé,A8,aucun sur le nombre de lieux,opérateur non renseigné,03_points
D5,_mview_tel_agents_mobile_money.fid-7111a9c0_193dfd882bb_-5c6e,operateur,manquant,gardé,A8,aucun sur le nombre de lieux,opérateur non renseigné,03_points
D5,_mview_tel_agents_mobile_money.fid-7111a9c0_193dfd882bb_-5c6d,operateur,manquant,gardé,A8,aucun sur le nombre de lieux,opérateur non renseigné,03_points
D5,_mview_tel_agents_mobile_money.fid-7111a9c0_193dfd882bb_-5c67,operateur,manquant,gardé,A8,aucun sur le nombre de lieux,opérateur non renseigné,03_points
D5,_mview_tel_agents_mobile_money.fid-7111a9c0_193dfd882bb_-5c64,operateur,manquant,gardé,A8,aucun sur le nombre de lieux,opérateur non renseigné,03_points
D5,_mview_tel_agents_mobile_money.fid-7111a9c0_193dfd882bb_-5c5a,operateur,manquant,gardé,A8,aucun sur le nombre de lieux,opérateur non renseigné,03_points
D5,_mview_tel_agents_mobile_money.fid-7111a9c0_193dfd882bb_-5c55,operateur,manquant,gardé,A8,aucun sur le nombre de lieux,opérateur non renseigné,03_points
D5,_mview_tel_agents_mobile_money.fid-7111a9c0_193dfd882bb_-5c54,operateur,manquant,gardé,A8,aucun sur le nombre de lieux,opérateur non renseigné,03_points
D5,_mview_tel_agents_mobile_money.fid-7111a9c0_193dfd882bb_-5c52,operateur,manquant,gardé,A8,aucun sur le nombre de lieux,opérateur non renseigné,03_points
D5,_mview_tel_agents_mobile_money.fid-7111a9c0_193dfd882bb_-5c51,operateur,manquant,gardé,A8,aucun sur le nombre de lieux,opérateur non renseigné,03_points
D5,_mview_tel_agents_mobile_money.fid-7111a9c0_193dfd882bb_-5c49,operateur,manquant,gardé,A8,aucun sur le nombre de lieux,opérateur non renseigné,03_points
D5,_mview_tel_agents_mobile_money.fid-7111a9c0_193dfd882bb_-5c44,operateur,manquant,gardé,A8,aucun sur le nombre de lieux,opérateur non renseigné,03_points
D5,_mview_tel_agents_mobile_money.fid-7111a9c0_193dfd882bb_-5c43,operateur,manquant,gardé,A8,aucun sur le nombre de lieux,opérateur non renseigné,03_points
D5,_mview_tel_agents_mobile_money.fid-7111a9c0_193dfd882bb_-5c42,operateur,manquant,gardé,A8,aucun sur le nombre de lieux,opérateur non renseigné,03_points
D5,_mview_tel_agents_mobile_money.fid-7111a9c0_193dfd882bb_-5c3f,operateur,manquant,gardé,A8,aucun sur le nombre de lieux,opérateur non renseigné,03_points
D5,_mview_tel_agents_mobile_money.fid-7111a9c0_193dfd882bb_-5c3e,operateur,manquant,gardé,A8,aucun sur le nombre de lieux,opérateur non renseigné,03_points
D5,_mview_tel_agents_mobile_money.fid-7111a9c0_193dfd882bb_-5c33,operateur,manquant,gardé,A8,aucun sur le nombre de lieux,opérateur non renseigné,03_points
D5,_mview_tel_agents_mobile_money.fid-7111a9c0_193dfd882bb_-5c32,operateur,manquant,gardé,A8,aucun sur le nombre de lieux,opérateur non renseigné,03_points
D5,_mview_tel_agents_mobile_money.fid-7111a9c0_193dfd882bb_-5c31,operateur,manquant,gardé,A8,aucun sur le nombre de lieux,opérateur non renseigné,03_points
D5,_mview_tel_agents_mobile_money.fid-7111a9c0_193dfd882bb_-5c27,operateur,manquant,gardé,A8,aucun sur le nombre de lieux,opérateur non renseigné,03_points
D5,_mview_tel_agents_mobile_money.fid-7111a9c0_193dfd882bb_-5c1d,operateur,manquant,gardé,A8,aucun sur le nombre de lieux,opérateur non renseigné,03_points
D5,_mview_tel_agents_mobile_money.fid-7111a9c0_193dfd882bb_-5c1a,operateur,manquant,gardé,A8,aucun sur le nombre de lieux,opérateur non renseigné,03_points
D5,_mview_tel_agents_mobile_money.fid-7111a9c0_193dfd882bb_-5c18,operateur,manquant,gardé,A8,aucun sur le nombre de lieux,opérateur non renseigné,03_points
D5,_mview_tel_agents_mobile_money.fid-7111a9c0_193dfd882bb_-5c16,operateur,manquant,gardé,A8,aucun sur le nombre de lieux,opérateur non renseigné,03_points
D5,_mview_tel_agents_mobile_money.fid-7111a9c0_193dfd882bb_-5c13,operateur,manquant,gardé,A8,aucun sur le nombre de lieux,opérateur non renseigné,03_points
D5,_mview_tel_agents_mobile_money.fid-7111a9c0_193dfd882bb_-5c12,operateur,manquant,gardé,A8,aucun sur le nombre de lieux,opérateur non renseigné,03_points
D5,_mview_tel_agents_mobile_money.fid-7111a9c0_193dfd882bb_-5c11,operateur,manquant,gardé,A8,aucun sur le nombre de lieux,opérateur non renseigné,03_points
D5,_mview_tel_agents_mobile_money.fid-7111a9c0_193dfd882bb_-5c10,operateur,manquant,gardé,A8,aucun sur le nombre de lieux,opérateur non renseigné,03_points
D5,_mview_tel_agents_mobile_money.fid-7111a9c0_193dfd882bb_-5c0e,operateur,manquant,gardé,A8,aucun sur le nombre de lieux,opérateur non renseigné,03_points
D5,_mview_tel_agents_mobile_money.fid-7111a9c0_193dfd882bb_-5c0c,operateur,manquant,gardé,A8,aucun sur le nombre de lieux,opérateur non renseigné,03_points
D5,_mview_tel_agents_mobile_money.fid-7111a9c0_193dfd882bb_-5c0b,operateur,manquant,gardé,A8,aucun sur le nombre de lieux,opérateur non renseigné,03_points
D5,_mview_tel_agents_mobile_money.fid-7111a9c0_193dfd882bb_-5c0a,operateur,manquant,gardé,A8,aucun sur le nombre de lieux,opérateur non renseigné,03_points
D5,_mview_tel_agents_mobile_money.fid-7111a9c0_193dfd882bb_-5c09,operateur,manquant,gardé,A8,aucun sur le nombre de lieux,opérateur non renseigné,03_points
D5,_mview_tel_agents_mobile_money.fid-7111a9c0_193dfd882bb_-5c08,operateur,manquant,gardé,A8,aucun sur le nombre de lieux,opérateur non renseigné,03_points
D5,_mview_tel_agents_mobile_money.fid-7111a9c0_193dfd882bb_-5c07,operateur,manquant,gardé,A8,aucun sur le nombre de lieux,opérateur non renseigné,03_points
D5,_mview_tel_agents_mobile_money.fid-7111a9c0_193dfd882bb_-5c06,operateur,manquant,gardé,A8,aucun sur le nombre de lieux,opérateur non renseigné,03_points
D5,_mview_tel_agents_mobile_money.fid-7111a9c0_193dfd882bb_-5c05,operateur,manquant,gardé,A8,aucun sur le nombre de lieux,opérateur non renseigné,03_points
D5,_mview_tel_agents_mobile_money.fid-7111a9c0_193dfd882bb_-5c03,operateur,manquant,gardé,A8,aucun sur le nombre de lieux,opérateur non renseigné,03_points
D5,_mview_tel_agents_mobile_money.fid-7111a9c0_193dfd882bb_-5c02,operateur,manquant,gardé,A8,aucun sur le nombre de lieux,opérateur non renseigné,03_points
D5,_mview_tel_agents_mobile_money.fid-7111a9c0_193dfd882bb_-5c00,operateur,manquant,gardé,A8,aucun sur le nombre de lieux,opérateur non renseigné,03_points
D5,_mview_tel_agents_mobile_money.fid-7111a9c0_193dfd882bb_-5bff,operateur,manquant,gardé,A8,aucun sur le nombre de lieux,opérateur non renseigné,03_points
D5,_mview_tel_agents_mobile_money.fid-7111a9c0_193dfd882bb_-5bfe,operateur,manquant,gardé,A8,aucun sur le nombre de lieux,opérateur non renseigné,03_points
D5,_mview_tel_agents_mobile_money.fid-7111a9c0_193dfd882bb_-5bfd,operateur,manquant,gardé,A8,aucun sur le nombre de lieux,opérateur non renseigné,03_points
D5,_mview_tel_agents_mobile_money.fid-7111a9c0_193dfd882bb_-5bfc,operateur,manquant,gardé,A8,aucun sur le nombre de lieux,opérateur non renseigné,03_points
D5,_mview_tel_agents_mobile_money.fid-7111a9c0_193dfd882bb_-5bfb,operateur,manquant,gardé,A8,aucun sur le nombre de lieux,opérateur non renseigné,03_points
D5,_mview_tel_agents_mobile_money.fid-7111a9c0_193dfd882bb_-5bfa,operateur,manquant,gardé,A8,aucun sur le nombre de lieux,opérateur non renseigné,03_points
D5,_mview_tel_agents_mobile_money.fid-7111a9c0_193dfd882bb_-5bf9,operateur,manquant,gardé,A8,aucun sur le nombre de lieux,opérateur non renseigné,03_points
D5,_mview_tel_agents_mobile_money.fid-7111a9c0_193dfd882bb_-5bf7,operateur,manquant,gardé,A8,aucun sur le nombre de lieux,opérateur non renseigné,03_points
D5,_mview_tel_agents_mobile_money.fid-7111a9c0_193dfd882bb_-5bf6,operateur,manquant,gardé,A8,aucun sur le nombre de lieux,opérateur non renseigné,03_points
D5,_mview_tel_agents_mobile_money.fid-7111a9c0_193dfd882bb_-5bf5,operateur,manquant,gardé,A8,aucun sur le nombre de lieux,opérateur non renseigné,03_points
D5,_mview_tel_agents_mobile_money.fid-7111a9c0_193dfd882bb_-5bf4,operateur,manquant,gardé,A8,aucun sur le nombre de lieux,opérateur non renseigné,03_points
D5,_mview_tel_agents_mobile_money.fid-7111a9c0_193dfd882bb_-5bf3,operateur,manquant,gardé,A8,aucun sur le nombre de lieux,opérateur non renseigné,03_points
D5,_mview_tel_agents_mobile_money.fid-7111a9c0_193dfd882bb_-5bf2,operateur,manquant,gardé,A8,aucun sur le nombre de lieux,opérateur non renseigné,03_points
D5,_mview_tel_agents_mobile_money.fid-7111a9c0_193dfd882bb_-5bf0,operateur,manquant,gardé,A8,aucun sur le nombre de lieux,opérateur non renseigné,03_points
D5,_mview_tel_agents_mobile_money.fid-7111a9c0_193dfd882bb_-5bef,operateur,manquant,gardé,A8,aucun sur le nombre de lieux,opérateur non renseigné,03_points
D5,_mview_tel_agents_mobile_money.fid-7111a9c0_193dfd882bb_-5bee,operateur,manquant,gardé,A8,aucun sur le nombre de lieux,opérateur non renseigné,03_points
D5,_mview_tel_agents_mobile_money.fid-7111a9c0_193dfd882bb_-5bed,operateur,manquant,gardé,A8,aucun sur le nombre de lieux,opérateur non renseigné,03_points
D5,_mview_tel_agents_mobile_money.fid-7111a9c0_193dfd882bb_-5bec,operateur,manquant,gardé,A8,aucun sur le nombre de lieux,opérateur non renseigné,03_points
D5,_mview_tel_agents_mobile_money.fid-7111a9c0_193dfd882bb_-5bea,operateur,manquant,gardé,A8,aucun sur le nombre de lieux,opérateur non renseigné,03_points
D5,_mview_tel_agents_mobile_money.fid-7111a9c0_193dfd882bb_-5be9,operateur,manquant,gardé,A8,aucun sur le nombre de lieux,opérateur non renseigné,03_points
D5,_mview_tel_agents_mobile_money.fid-7111a9c0_193dfd882bb_-5be8,operateur,manquant,gardé,A8,aucun sur le nombre de lieux,opérateur non renseigné,03_points
D5,_mview_tel_agents_mobile_money.fid-7111a9c0_193dfd882bb_-5be7,operateur,manquant,gardé,A8,aucun sur le nombre de lieux,opérateur non renseigné,03_points
D5,_mview_tel_agents_mobile_money.fid-7111a9c0_193dfd882bb_-5be6,operateur,manquant,gardé,A8,aucun sur le nombre de lieux,opérateur non renseigné,03_points
D5,_mview_tel_agents_mobile_money.fid-7111a9c0_193dfd882bb_-5be5,operateur,manquant,gardé,A8,aucun sur le nombre de lieux,opérateur non renseigné,03_points
D5,_mview_tel_agents_mobile_money.fid-7111a9c0_193dfd882bb_-5be4,operateur,manquant,gardé,A8,aucun sur le nombre de lieux,opérateur non renseigné,03_points
D5,_mview_tel_agents_mobile_money.fid-7111a9c0_193dfd882bb_-5be3,operateur,manquant,gardé,A8,aucun sur le nombre de lieux,opérateur non renseigné,03_points
D5,_mview_tel_agents_mobile_money.fid-7111a9c0_193dfd882bb_-5be2,operateur,manquant,gardé,A8,aucun sur le nombre de lieux,opérateur non renseigné,03_points
D5,_mview_tel_agents_mobile_money.fid-7111a9c0_193dfd882bb_-5be1,operateur,manquant,gardé,A8,aucun sur le nombre de lieux,opérateur non renseigné,03_points
D5,_mview_tel_agents_mobile_money.fid-7111a9c0_193dfd882bb_-5be0,operateur,manquant,gardé,A8,aucun sur le nombre de lieux,opérateur non renseigné,03_points
D5,_mview_tel_agents_mobile_money.fid-7111a9c0_193dfd882bb_-5bdf,operateur,manquant,gardé,A8,aucun sur le nombre de lieux,opérateur non renseigné,03_points
D5,_mview_tel_agents_mobile_money.fid-7111a9c0_193dfd882bb_-5bde,operateur,manquant,gardé,A8,aucun sur le nombre de lieux,opérateur non renseigné,03_points
D5,_mview_tel_agents_mobile_money.fid-7111a9c0_193dfd882bb_-5bdd,operateur,manquant,gardé,A8,aucun sur le nombre de lieux,opérateur non renseigné,03_points
D5,_mview_tel_agents_mobile_money.fid-7111a9c0_193dfd882bb_-5bdc,operateur,manquant,gardé,A8,aucun sur le nombre de lieux,opérateur non renseigné,03_points
D5,_mview_tel_agents_mobile_money.fid-7111a9c0_193dfd882bb_-5bdb,operateur,manquant,gardé,A8,aucun sur le nombre de lieux,opérateur non renseigné,03_points
D5,_mview_tel_agents_mobile_money.fid-7111a9c0_193dfd882bb_-5bda,operateur,manquant,gardé,A8,aucun sur le nombre de lieux,opérateur non renseigné,03_points
D5,_mview_tel_agents_mobile_money.fid-7111a9c0_193dfd882bb_-5bd9,operateur,manquant,gardé,A8,aucun sur le nombre de lieux,opérateur non renseigné,03_points
D5,_mview_tel_agents_mobile_money.fid-7111a9c0_193dfd882bb_-5bd8,operateur,manquant,gardé,A8,aucun sur le nombre de lieux,opérateur non renseigné,03_points
D5,_mview_tel_agents_mobile_money.fid-7111a9c0_193dfd882bb_-5bd7,operateur,manquant,gardé,A8,aucun sur le nombre de lieux,opérateur non renseigné,03_points
D5,_mview_tel_agents_mobile_money.fid-7111a9c0_193dfd882bb_-5bd4,operateur,manquant,gardé,A8,aucun sur le nombre de lieux,opérateur non renseigné,03_points
D5,_mview_tel_agents_mobile_money.fid-7111a9c0_193dfd882bb_-5bd3,operateur,manquant,gardé,A8,aucun sur le nombre de lieux,opérateur non renseigné,03_points
D5,_mview_tel_agents_mobile_money.fid-7111a9c0_193dfd882bb_-5bd2,operateur,manquant,gardé,A8,aucun sur le nombre de lieux,opérateur non renseigné,03_points
D5,_mview_tel_agents_mobile_money.fid-7111a9c0_193dfd882bb_-5bd1,operateur,manquant,gardé,A8,aucun sur le nombre de lieux,opérateur non renseigné,03_points
D5,_mview_tel_agents_mobile_money.fid-7111a9c0_193dfd882bb_-5bcf,operateur,manquant,gardé,A8,aucun sur le nombre de lieux,opérateur non renseigné,03_points
D5,_mview_tel_agents_mobile_money.fid-7111a9c0_193dfd882bb_-5bce,operateur,manquant,gardé,A8,aucun sur le nombre de lieux,opérateur non renseigné,03_points
D5,_mview_tel_agents_mobile_money.fid-7111a9c0_193dfd882bb_-5bcd,operateur,manquant,gardé,A8,aucun sur le nombre de lieux,opérateur non renseigné,03_points
D5,_mview_tel_agents_mobile_money.fid-7111a9c0_193dfd882bb_-5bcc,operateur,manquant,gardé,A8,aucun sur le nombre de lieux,opérateur non renseigné,03_points
D5,_mview_tel_agents_mobile_money.fid-7111a9c0_193dfd882bb_-5bcb,operateur,manquant,gardé,A8,aucun sur le nombre de lieux,opérateur non renseigné,03_points
D5,_mview_tel_agents_mobile_money.fid-7111a9c0_193dfd882bb_-5bca,operateur,manquant,gardé,A8,aucun sur le nombre de lieux,opérateur non renseigné,03_points
D5,_mview_tel_agents_mobile_money.fid-7111a9c0_193dfd882bb_-5bc9,operateur,manquant,gardé,A8,aucun sur le nombre de lieux,opérateur non renseigné,03_points
D5,_mview_tel_agents_mobile_money.fid-7111a9c0_193dfd882bb_-5bc8,operateur,manquant,gardé,A8,aucun sur le nombre de lieux,opérateur non renseigné,03_points
D5,_mview_tel_agents_mobile_money.fid-7111a9c0_193dfd882bb_-5bc7,operateur,manquant,gardé,A8,aucun sur le nombre de lieux,opérateur non renseigné,03_points
D5,_mview_tel_agents_mobile_money.fid-7111a9c0_193dfd882bb_-5bc6,operateur,manquant,gardé,A8,aucun sur le nombre de lieux,opérateur non renseigné,03_points
D5,_mview_tel_agents_mobile_money.fid-7111a9c0_193dfd882bb_-5bc5,operateur,manquant,gardé,A8,aucun sur le nombre de lieux,opérateur non renseigné,03_points
D5,_mview_tel_agents_mobile_money.fid-7111a9c0_193dfd882bb_-5bc4,operateur,manquant,gardé,A8,aucun sur le nombre de lieux,opérateur non renseigné,03_points
D5,_mview_tel_agents_mobile_money.fid-7111a9c0_193dfd882bb_-5bc2,operateur,manquant,gardé,A8,aucun sur le nombre de lieux,opérateur non renseigné,03_points
D5,_mview_tel_agents_mobile_money.fid-7111a9c0_193dfd882bb_-5bc1,operateur,manquant,gardé,A8,aucun sur le nombre de lieux,opérateur non renseigné,03_points
D5,_mview_tel_agents_mobile_money.fid-7111a9c0_193dfd882bb_-5bc0,operateur,manquant,gardé,A8,aucun sur le nombre de lieux,opérateur non renseigné,03_points
D5,_mview_tel_agents_mobile_money.fid-7111a9c0_193dfd882bb_-5bbf,operateur,manquant,gardé,A8,aucun sur le nombre de lieux,opérateur non renseigné,03_points
D5,_mview_tel_agents_mobile_money.fid-7111a9c0_193dfd882bb_-5bbe,operateur,manquant,gardé,A8,aucun sur le nombre de lieux,opérateur non renseigné,03_points
D5,_mview_tel_agents_mobile_money.fid-7111a9c0_193dfd882bb_-5bbd,operateur,manquant,gardé,A8,aucun sur le nombre de lieux,opérateur non renseigné,03_points
D5,_mview_tel_agents_mobile_money.fid-7111a9c0_193dfd882bb_-5bbc,operateur,manquant,gardé,A8,aucun sur le nombre de lieux,opérateur non renseigné,03_points
D5,_mview_tel_agents_mobile_money.fid-7111a9c0_193dfd882bb_-5bbb,operateur,manquant,gardé,A8,aucun sur le nombre de lieux,opérateur non renseigné,03_points
D5,_mview_tel_agents_mobile_money.fid-7111a9c0_193dfd882bb_-5bba,operateur,manquant,gardé,A8,aucun sur le nombre de lieux,opérateur non renseigné,03_points
D5,_mview_tel_agents_mobile_money.fid-7111a9c0_193dfd882bb_-5bb8,operateur,manquant,gardé,A8,aucun sur le nombre de lieux,opérateur non renseigné,03_points
D5,_mview_tel_agents_mobile_money.fid-7111a9c0_193dfd882bb_-5bb6,operateur,manquant,gardé,A8,aucun sur le nombre de lieux,opérateur non renseigné,03_points
D5,_mview_tel_agents_mobile_money.fid-7111a9c0_193dfd882bb_-5bb5,operateur,manquant,gardé,A8,aucun sur le nombre de lieux,opérateur non renseigné,03_points
D5,_mview_tel_agents_mobile_money.fid-7111a9c0_193dfd882bb_-5bb3,operateur,manquant,gardé,A8,aucun sur le nombre de lieux,opérateur non renseigné,03_points
D5,_mview_tel_agents_mobile_money.fid-7111a9c0_193dfd882bb_-5bb2,operateur,manquant,gardé,A8,aucun sur le nombre de lieux,opérateur non renseigné,03_points
D5,_mview_tel_agents_mobile_money.fid-7111a9c0_193dfd882bb_-5bb1,operateur,manquant,gardé,A8,aucun sur le nombre de lieux,opérateur non renseigné,03_points
D5,_mview_tel_agents_mobile_money.fid-7111a9c0_193dfd882bb_-5bb0,operateur,manquant,gardé,A8,aucun sur le nombre de lieux,opérateur non renseigné,03_points
D5,_mview_tel_agents_mobile_money.fid-7111a9c0_193dfd882bb_-5baf,operateur,manquant,gardé,A8,aucun sur le nombre de lieux,opérateur non renseigné,03_points
D5,_mview_tel_agents_mobile_money.fid-7111a9c0_193dfd882bb_-5bae,operateur,manquant,gardé,A8,aucun sur le nombre de lieux,opérateur non renseigné,03_points
D5,_mview_tel_agents_mobile_money.fid-7111a9c0_193dfd882bb_-5bad,operateur,manquant,gardé,A8,aucun sur le nombre de lieux,opérateur non renseigné,03_points
D5,_mview_tel_agents_mobile_money.fid-7111a9c0_193dfd882bb_-5bac,operateur,manquant,gardé,A8,aucun sur le nombre de lieux,opérateur non renseigné,03_points
D5,_mview_tel_agents_mobile_money.fid-7111a9c0_193dfd882bb_-5bab,operateur,manquant,gardé,A8,aucun sur le nombre de lieux,opérateur non renseigné,03_points
D5,_mview_tel_agents_mobile_money.fid-7111a9c0_193dfd882bb_-5baa,operateur,manquant,gardé,A8,aucun sur le nombre de lieux,opérateur non renseigné,03_points
D5,_mview_tel_agents_mobile_money.fid-7111a9c0_193dfd882bb_-5ba9,operateur,manquant,gardé,A8,aucun sur le nombre de lieux,opérateur non renseigné,03_points
D5,_mview_tel_agents_mobile_money.fid-7111a9c0_193dfd882bb_-5ba8,operateur,manquant,gardé,A8,aucun sur le nombre de lieux,opérateur non renseigné,03_points
D5,_mview_tel_agents_mobile_money.fid-7111a9c0_193dfd882bb_-5ba7,operateur,manquant,gardé,A8,aucun sur le nombre de lieux,opérateur non renseigné,03_points
D5,_mview_tel_agents_mobile_money.fid-7111a9c0_193dfd882bb_-5ba6,operateur,manquant,gardé,A8,aucun sur le nombre de lieux,opérateur non renseigné,03_points
D5,_mview_tel_agents_mobile_money.fid-7111a9c0_193dfd882bb_-5ba5,operateur,manquant,gardé,A8,aucun sur le nombre de lieux,opérateur non renseigné,03_points
D5,_mview_tel_agents_mobile_money.fid-7111a9c0_193dfd882bb_-5ba3,operateur,manquant,gardé,A8,aucun sur le nombre de lieux,opérateur non renseigné,03_points
D5,_mview_tel_agents_mobile_money.fid-7111a9c0_193dfd882bb_-5ba2,operateur,manquant,gardé,A8,aucun sur le nombre de lieux,opérateur non renseigné,03_points
D5,_mview_tel_agents_mobile_money.fid-7111a9c0_193dfd882bb_-5ba1,operateur,manquant,gardé,A8,aucun sur le nombre de lieux,opérateur non renseigné,03_points
D5,_mview_tel_agents_mobile_money.fid-7111a9c0_193dfd882bb_-5ba0,operateur,manquant,gardé,A8,aucun sur le nombre de lieux,opérateur non renseigné,03_points
D5,_mview_tel_agents_mobile_money.fid-7111a9c0_193dfd882bb_-5b9f,operateur,manquant,gardé,A8,aucun sur le nombre de lieux,opérateur non renseigné,03_points
D5,_mview_tel_agents_mobile_money.fid-7111a9c0_193dfd882bb_-5b9d,operateur,manquant,gardé,A8,aucun sur le nombre de lieux,opérateur non renseigné,03_points
D5,_mview_tel_agents_mobile_money.fid-7111a9c0_193dfd882bb_-5b9b,operateur,manquant,gardé,A8,aucun sur le nombre de lieux,opérateur non renseigné,03_points
D5,_mview_tel_agents_mobile_money.fid-7111a9c0_193dfd882bb_-5b9a,operateur,manquant,gardé,A8,aucun sur le nombre de lieux,opérateur non renseigné,03_points
D5,_mview_tel_agents_mobile_money.fid-7111a9c0_193dfd882bb_-5b99,operateur,manquant,gardé,A8,aucun sur le nombre de lieux,opérateur non renseigné,03_points
D5,_mview_tel_agents_mobile_money.fid-7111a9c0_193dfd882bb_-5b98,operateur,manquant,gardé,A8,aucun sur le nombre de lieux,opérateur non renseigné,03_points
D5,_mview_tel_agents_mobile_money.fid-7111a9c0_193dfd882bb_-5b97,operateur,manquant,gardé,A8,aucun sur le nombre de lieux,opérateur non renseigné,03_points
D5,_mview_tel_agents_mobile_money.fid-7111a9c0_193dfd882bb_-5b96,operateur,manquant,gardé,A8,aucun sur le nombre de lieux,opérateur non renseigné,03_points
D5,_mview_tel_agents_mobile_money.fid-7111a9c0_193dfd882bb_-5b95,operateur,manquant,gardé,A8,aucun sur le nombre de lieux,opérateur non renseigné,03_points
D5,_mview_tel_agents_mobile_money.fid-7111a9c0_193dfd882bb_-5b93,operateur,manquant,gardé,A8,aucun sur le nombre de lieux,opérateur non renseigné,03_points
D5,_mview_tel_agents_mobile_money.fid-7111a9c0_193dfd882bb_-5b92,operateur,manquant,gardé,A8,aucun sur le nombre de lieux,opérateur non renseigné,03_points
D5,_mview_tel_agents_mobile_money.fid-7111a9c0_193dfd882bb_-5b91,operateur,manquant,gardé,A8,aucun sur le nombre de lieux,opérateur non renseigné,03_points
D5,_mview_tel_agents_mobile_money.fid-7111a9c0_193dfd882bb_-5b90,operateur,manquant,gardé,A8,aucun sur le nombre de lieux,opérateur non renseigné,03_points
D5,_mview_tel_agents_mobile_money.fid-7111a9c0_193dfd882bb_-5b8d,operateur,manquant,gardé,A8,aucun sur le nombre de lieux,opérateur non renseigné,03_points
D5,_mview_tel_agents_mobile_money.fid-7111a9c0_193dfd882bb_-5b8c,operateur,manquant,gardé,A8,aucun sur le nombre de lieux,opérateur non renseigné,03_points
D5,_mview_tel_agents_mobile_money.fid-7111a9c0_193dfd882bb_-5b8b,operateur,manquant,gardé,A8,aucun sur le nombre de lieux,opérateur non renseigné,03_points
D5,_mview_tel_agents_mobile_money.fid-7111a9c0_193dfd882bb_-5b8a,operateur,manquant,gardé,A8,aucun sur le nombre de lieux,opérateur non renseigné,03_points
D5,_mview_tel_agents_mobile_money.fid-7111a9c0_193dfd882bb_-5b89,operateur,manquant,gardé,A8,aucun sur le nombre de lieux,opérateur non renseigné,03_points
D5,_mview_tel_agents_mobile_money.fid-7111a9c0_193dfd882bb_-5b88,operateur,manquant,gardé,A8,aucun sur le nombre de lieux,opérateur non renseigné,03_points
D5,_mview_tel_agents_mobile_money.fid-7111a9c0_193dfd882bb_-5b83,operateur,manquant,gardé,A8,aucun sur le nombre de lieux,opérateur non renseigné,03_points
D5,_mview_tel_agents_mobile_money.fid-7111a9c0_193dfd882bb_-5b82,operateur,manquant,gardé,A8,aucun sur le nombre de lieux,opérateur non renseigné,03_points
D5,_mview_tel_agents_mobile_money.fid-7111a9c0_193dfd882bb_-5b81,operateur,manquant,gardé,A8,aucun sur le nombre de lieux,opérateur non renseigné,03_points
D5,_mview_tel_agents_mobile_money.fid-7111a9c0_193dfd882bb_-5b80,operateur,manquant,gardé,A8,aucun sur le nombre de lieux,opérateur non renseigné,03_points
D5,_mview_tel_agents_mobile_money.fid-7111a9c0_193dfd882bb_-5b7f,operateur,manquant,gardé,A8,aucun sur le nombre de lieux,opérateur non renseigné,03_points
D5,_mview_tel_agents_mobile_money.fid-7111a9c0_193dfd882bb_-5b7e,operateur,manquant,gardé,A8,aucun sur le nombre de lieux,opérateur non renseigné,03_points
D5,_mview_tel_agents_mobile_money.fid-7111a9c0_193dfd882bb_-5b7d,operateur,manquant,gardé,A8,aucun sur le nombre de lieux,opérateur non renseigné,03_points
D5,_mview_tel_agents_mobile_money.fid-7111a9c0_193dfd882bb_-5b7c,operateur,manquant,gardé,A8,aucun sur le nombre de lieux,opérateur non renseigné,03_points
D5,_mview_tel_agents_mobile_money.fid-7111a9c0_193dfd882bb_-5b7b,operateur,manquant,gardé,A8,aucun sur le nombre de lieux,opérateur non renseigné,03_points
D5,_mview_tel_agents_mobile_money.fid-7111a9c0_193dfd882bb_-5b7a,operateur,manquant,gardé,A8,aucun sur le nombre de lieux,opérateur non renseigné,03_points
D5,_mview_tel_agents_mobile_money.fid-7111a9c0_193dfd882bb_-5b78,operateur,manquant,gardé,A8,aucun sur le nombre de lieux,opérateur non renseigné,03_points
D5,_mview_tel_agents_mobile_money.fid-7111a9c0_193dfd882bb_-5b75,operateur,manquant,gardé,A8,aucun sur le nombre de lieux,opérateur non renseigné,03_points
D5,_mview_tel_agents_mobile_money.fid-7111a9c0_193dfd882bb_-5b74,operateur,manquant,gardé,A8,aucun sur le nombre de lieux,opérateur non renseigné,03_points
D5,_mview_tel_agents_mobile_money.fid-7111a9c0_193dfd882bb_-5b73,operateur,manquant,gardé,A8,aucun sur le nombre de lieux,opérateur non renseigné,03_points
D5,_mview_tel_agents_mobile_money.fid-7111a9c0_193dfd882bb_-5b71,operateur,manquant,gardé,A8,aucun sur le nombre de lieux,opérateur non renseigné,03_points
D5,_mview_tel_agents_mobile_money.fid-7111a9c0_193dfd882bb_-5b70,operateur,manquant,gardé,A8,aucun sur le nombre de lieux,opérateur non renseigné,03_points
D5,_mview_tel_agents_mobile_money.fid-7111a9c0_193dfd882bb_-5b6f,operateur,manquant,gardé,A8,aucun sur le nombre de lieux,opérateur non renseigné,03_points
D5,_mview_tel_agents_mobile_money.fid-7111a9c0_193dfd882bb_-5b6e,operateur,manquant,gardé,A8,aucun sur le nombre de lieux,opérateur non renseigné,03_points
D5,_mview_tel_agents_mobile_money.fid-7111a9c0_193dfd882bb_-5b6d,operateur,manquant,gardé,A8,aucun sur le nombre de lieux,opérateur non renseigné,03_points
D5,_mview_tel_agents_mobile_money.fid-7111a9c0_193dfd882bb_-5b69,operateur,manquant,gardé,A8,aucun sur le nombre de lieux,opérateur non renseigné,03_points
D5,_mview_tel_agents_mobile_money.fid-7111a9c0_193dfd882bb_-5b68,operateur,manquant,gardé,A8,aucun sur le nombre de lieux,opérateur non renseigné,03_points
D5,_mview_tel_agents_mobile_money.fid-7111a9c0_193dfd882bb_-5b67,operateur,manquant,gardé,A8,aucun sur le nombre de lieux,opérateur non renseigné,03_points
D5,_mview_tel_agents_mobile_money.fid-7111a9c0_193dfd882bb_-5b66,operateur,manquant,gardé,A8,aucun sur le nombre de lieux,opérateur non renseigné,03_points
D5,_mview_tel_agents_mobile_money.fid-7111a9c0_193dfd882bb_-5b65,operateur,manquant,gardé,A8,aucun sur le nombre de lieux,opérateur non renseigné,03_points
D5,_mview_tel_agents_mobile_money.fid-7111a9c0_193dfd882bb_-5b64,operateur,manquant,gardé,A8,aucun sur le nombre de lieux,opérateur non renseigné,03_points
D5,_mview_tel_agents_mobile_money.fid-7111a9c0_193dfd882bb_-5b63,operateur,manquant,gardé,A8,aucun sur le nombre de lieux,opérateur non renseigné,03_points
D5,_mview_tel_agents_mobile_money.fid-7111a9c0_193dfd882bb_-5b62,operateur,manquant,gardé,A8,aucun sur le nombre de lieux,opérateur non renseigné,03_points
D5,_mview_tel_agents_mobile_money.fid-7111a9c0_193dfd882bb_-5b60,operateur,manquant,gardé,A8,aucun sur le nombre de lieux,opérateur non renseigné,03_points
D5,_mview_tel_agents_mobile_money.fid-7111a9c0_193dfd882bb_-5b5f,operateur,manquant,gardé,A8,aucun sur le nombre de lieux,opérateur non renseigné,03_points
D5,_mview_tel_agents_mobile_money.fid-7111a9c0_193dfd882bb_-5b5e,operateur,manquant,gardé,A8,aucun sur le nombre de lieux,opérateur non renseigné,03_points
D5,_mview_tel_agents_mobile_money.fid-7111a9c0_193dfd882bb_-5b5c,operateur,manquant,gardé,A8,aucun sur le nombre de lieux,opérateur non renseigné,03_points
D5,_mview_tel_agents_mobile_money.fid-7111a9c0_193dfd882bb_-5b59,operateur,manquant,gardé,A8,aucun sur le nombre de lieux,opérateur non renseigné,03_points
D5,_mview_tel_agents_mobile_money.fid-7111a9c0_193dfd882bb_-5b58,operateur,manquant,gardé,A8,aucun sur le nombre de lieux,opérateur non renseigné,03_points
D5,_mview_tel_agents_mobile_money.fid-7111a9c0_193dfd882bb_-5b57,operateur,manquant,gardé,A8,aucun sur le nombre de lieux,opérateur non renseigné,03_points
D5,_mview_tel_agents_mobile_money.fid-7111a9c0_193dfd882bb_-5b55,operateur,manquant,gardé,A8,aucun sur le nombre de lieux,opérateur non renseigné,03_points
D5,_mview_tel_agents_mobile_money.fid-7111a9c0_193dfd882bb_-5b3c,operateur,manquant,gardé,A8,aucun sur le nombre de lieux,opérateur non renseigné,03_points
D5,_mview_tel_agents_mobile_money.fid-7111a9c0_193dfd882bb_-5b3b,operateur,manquant,gardé,A8,aucun sur le nombre de lieux,opérateur non renseigné,03_points
D5,_mview_tel_agents_mobile_money.fid-7111a9c0_193dfd882bb_-5b3a,operateur,manquant,gardé,A8,aucun sur le nombre de lieux,opérateur non renseigné,03_points
D5,_mview_tel_agents_mobile_money.fid-7111a9c0_193dfd882bb_-5b39,operateur,manquant,gardé,A8,aucun sur le nombre de lieux,opérateur non renseigné,03_points
D5,_mview_tel_agents_mobile_money.fid-7111a9c0_193dfd882bb_-5b38,operateur,manquant,gardé,A8,aucun sur le nombre de lieux,opérateur non renseigné,03_points
D5,_mview_tel_agents_mobile_money.fid-7111a9c0_193dfd882bb_-5b37,operateur,manquant,gardé,A8,aucun sur le nombre de lieux,opérateur non renseigné,03_points
D5,_mview_tel_agents_mobile_money.fid-7111a9c0_193dfd882bb_-5b34,operateur,manquant,gardé,A8,aucun sur le nombre de lieux,opérateur non renseigné,03_points
D5,_mview_tel_agents_mobile_money.fid-7111a9c0_193dfd882bb_-5b32,operateur,manquant,gardé,A8,aucun sur le nombre de lieux,opérateur non renseigné,03_points
D5,_mview_tel_agents_mobile_money.fid-7111a9c0_193dfd882bb_-5b27,operateur,manquant,gardé,A8,aucun sur le nombre de lieux,opérateur non renseigné,03_points
D5,_mview_tel_agents_mobile_money.fid-7111a9c0_193dfd882bb_-5b25,operateur,manquant,gardé,A8,aucun sur le nombre de lieux,opérateur non renseigné,03_points
D5,_mview_tel_agents_mobile_money.fid-7111a9c0_193dfd882bb_-5b22,operateur,manquant,gardé,A8,aucun sur le nombre de lieux,opérateur non renseigné,03_points
D5,_mview_tel_agents_mobile_money.fid-7111a9c0_193dfd882bb_-5b21,operateur,manquant,gardé,A8,aucun sur le nombre de lieux,opérateur non renseigné,03_points
D5,_mview_tel_agents_mobile_money.fid-7111a9c0_193dfd882bb_-5b1d,operateur,manquant,gardé,A8,aucun sur le nombre de lieux,opérateur non renseigné,03_points
D5,_mview_tel_agents_mobile_money.fid-7111a9c0_193dfd882bb_-5b1c,operateur,manquant,gardé,A8,aucun sur le nombre de lieux,opérateur non renseigné,03_points
D5,_mview_tel_agents_mobile_money.fid-7111a9c0_193dfd882bb_-5b1a,operateur,manquant,gardé,A8,aucun sur le nombre de lieux,opérateur non renseigné,03_points
D5,_mview_tel_agents_mobile_money.fid-7111a9c0_193dfd882bb_-5b18,operateur,manquant,gardé,A8,aucun sur le nombre de lieux,opérateur non renseigné,03_points
D5,_mview_tel_agents_mobile_money.fid-7111a9c0_193dfd882bb_-5b14,operateur,manquant,gardé,A8,aucun sur le nombre de lieux,opérateur non renseigné,03_points
D5,_mview_tel_agents_mobile_money.fid-7111a9c0_193dfd882bb_-5b0f,operateur,manquant,gardé,A8,aucun sur le nombre de lieux,opérateur non renseigné,03_points
D5,_mview_tel_agents_mobile_money.fid-7111a9c0_193dfd882bb_-5b08,operateur,manquant,gardé,A8,aucun sur le nombre de lieux,opérateur non renseigné,03_points
D5,_mview_tel_agents_mobile_money.fid-7111a9c0_193dfd882bb_-5b06,operateur,manquant,gardé,A8,aucun sur le nombre de lieux,opérateur non renseigné,03_points
D5,_mview_tel_agents_mobile_money.fid-7111a9c0_193dfd882bb_-5b00,operateur,manquant,gardé,A8,aucun sur le nombre de lieux,opérateur non renseigné,03_points
D5,_mview_tel_agents_mobile_money.fid-7111a9c0_193dfd882bb_-5aff,operateur,manquant,gardé,A8,aucun sur le nombre de lieux,opérateur non renseigné,03_points
D5,_mview_tel_agents_mobile_money.fid-7111a9c0_193dfd882bb_-5afe,operateur,manquant,gardé,A8,aucun sur le nombre de lieux,opérateur non renseigné,03_points
D5,_mview_tel_agents_mobile_money.fid-7111a9c0_193dfd882bb_-5afb,operateur,manquant,gardé,A8,aucun sur le nombre de lieux,opérateur non renseigné,03_points
D5,_mview_tel_agents_mobile_money.fid-7111a9c0_193dfd882bb_-5af8,operateur,manquant,gardé,A8,aucun sur le nombre de lieux,opérateur non renseigné,03_points
D5,_mview_tel_agents_mobile_money.fid-7111a9c0_193dfd882bb_-5af7,operateur,manquant,gardé,A8,aucun sur le nombre de lieux,opérateur non renseigné,03_points
D5,_mview_tel_agents_mobile_money.fid-7111a9c0_193dfd882bb_-5af6,operateur,manquant,gardé,A8,aucun sur le nombre de lieux,opérateur non renseigné,03_points
D5,_mview_tel_agents_mobile_money.fid-7111a9c0_193dfd882bb_-5af5,operateur,manquant,gardé,A8,aucun sur le nombre de lieux,opérateur non renseigné,03_points
D5,_mview_tel_agents_mobile_money.fid-7111a9c0_193dfd882bb_-5af3,operateur,manquant,gardé,A8,aucun sur le nombre de lieux,opérateur non renseigné,03_points
D5,_mview_tel_agents_mobile_money.fid-7111a9c0_193dfd882bb_-5af1,operateur,manquant,gardé,A8,aucun sur le nombre de lieux,opérateur non renseigné,03_points
D5,_mview_tel_agents_mobile_money.fid-7111a9c0_193dfd882bb_-5af0,operateur,manquant,gardé,A8,aucun sur le nombre de lieux,opérateur non renseigné,03_points
D5,_mview_tel_agents_mobile_money.fid-7111a9c0_193dfd882bb_-5aed,operateur,manquant,gardé,A8,aucun sur le nombre de lieux,opérateur non renseigné,03_points
D5,_mview_tel_agents_mobile_money.fid-7111a9c0_193dfd882bb_-5aec,operateur,manquant,gardé,A8,aucun sur le nombre de lieux,opérateur non renseigné,03_points
D5,_mview_tel_agents_mobile_money.fid-7111a9c0_193dfd882bb_-5ae9,operateur,manquant,gardé,A8,aucun sur le nombre de lieux,opérateur non renseigné,03_points
D5,_mview_tel_agents_mobile_money.fid-7111a9c0_193dfd882bb_-5ae8,operateur,manquant,gardé,A8,aucun sur le nombre de lieux,opérateur non renseigné,03_points
D5,_mview_tel_agents_mobile_money.fid-7111a9c0_193dfd882bb_-5ae7,operateur,manquant,gardé,A8,aucun sur le nombre de lieux,opérateur non renseigné,03_points
D5,_mview_tel_agents_mobile_money.fid-7111a9c0_193dfd882bb_-5ae6,operateur,manquant,gardé,A8,aucun sur le nombre de lieux,opérateur non renseigné,03_points
D5,_mview_tel_agents_mobile_money.fid-7111a9c0_193dfd882bb_-5ae0,operateur,manquant,gardé,A8,aucun sur le nombre de lieux,opérateur non renseigné,03_points
D5,_mview_tel_agents_mobile_money.fid-7111a9c0_193dfd882bb_-5ade,operateur,manquant,gardé,A8,aucun sur le nombre de lieux,opérateur non renseigné,03_points
D5,_mview_tel_agents_mobile_money.fid-7111a9c0_193dfd882bb_-5adc,operateur,manquant,gardé,A8,aucun sur le nombre de lieux,opérateur non renseigné,03_points
D5,_mview_tel_agents_mobile_money.fid-7111a9c0_193dfd882bb_-5adb,operateur,manquant,gardé,A8,aucun sur le nombre de lieux,opérateur non renseigné,03_points
D5,_mview_tel_agents_mobile_money.fid-7111a9c0_193dfd882bb_-5ada,operateur,manquant,gardé,A8,aucun sur le nombre de lieux,opérateur non renseigné,03_points
D5,_mview_tel_agents_mobile_money.fid-7111a9c0_193dfd882bb_-5ad9,operateur,manquant,gardé,A8,aucun sur le nombre de lieux,opérateur non renseigné,03_points
D5,_mview_tel_agents_mobile_money.fid-7111a9c0_193dfd882bb_-5ad2,operateur,manquant,gardé,A8,aucun sur le nombre de lieux,opérateur non renseigné,03_points
D5,_mview_tel_agents_mobile_money.fid-7111a9c0_193dfd882bb_-5acf,operateur,manquant,gardé,A8,aucun sur le nombre de lieux,opérateur non renseigné,03_points
D5,_mview_tel_agents_mobile_money.fid-7111a9c0_193dfd882bb_-5ace,operateur,manquant,gardé,A8,aucun sur le nombre de lieux,opérateur non renseigné,03_points
D5,_mview_tel_agents_mobile_money.fid-7111a9c0_193dfd882bb_-5ac0,operateur,manquant,gardé,A8,aucun sur le nombre de lieux,opérateur non renseigné,03_points
D5,_mview_tel_agents_mobile_money.fid-7111a9c0_193dfd882bb_-5abf,operateur,manquant,gardé,A8,aucun sur le nombre de lieux,opérateur non renseigné,03_points
D5,_mview_tel_agents_mobile_money.fid-7111a9c0_193dfd882bb_-5abe,operateur,manquant,gardé,A8,aucun sur le nombre de lieux,opérateur non renseigné,03_points
D5,_mview_tel_agents_mobile_money.fid-7111a9c0_193dfd882bb_-5aae,operateur,manquant,gardé,A8,aucun sur le nombre de lieux,opérateur non renseigné,03_points
D5,_mview_tel_agents_mobile_money.fid-7111a9c0_193dfd882bb_-5aad,operateur,manquant,gardé,A8,aucun sur le nombre de lieux,opérateur non renseigné,03_points
D5,_mview_tel_agents_mobile_money.fid-7111a9c0_193dfd882bb_-5aac,operateur,manquant,gardé,A8,aucun sur le nombre de lieux,opérateur non renseigné,03_points
D5,_mview_tel_agents_mobile_money.fid-7111a9c0_193dfd882bb_-5aa9,operateur,manquant,gardé,A8,aucun sur le nombre de lieux,opérateur non renseigné,03_points
D5,_mview_tel_agents_mobile_money.fid-7111a9c0_193dfd882bb_-5aa7,operateur,manquant,gardé,A8,aucun sur le nombre de lieux,opérateur non renseigné,03_points
D5,_mview_tel_agents_mobile_money.fid-7111a9c0_193dfd882bb_-5aa4,operateur,manquant,gardé,A8,aucun sur le nombre de lieux,opérateur non renseigné,03_points
D5,_mview_tel_agents_mobile_money.fid-7111a9c0_193dfd882bb_-5aa3,operateur,manquant,gardé,A8,aucun sur le nombre de lieux,opérateur non renseigné,03_points
D5,_mview_tel_agents_mobile_money.fid-7111a9c0_193dfd882bb_-5aa2,operateur,manquant,gardé,A8,aucun sur le nombre de lieux,opérateur non renseigné,03_points
D5,_mview_tel_agents_mobile_money.fid-7111a9c0_193dfd882bb_-5aa1,operateur,manquant,gardé,A8,aucun sur le nombre de lieux,opérateur non renseigné,03_points
D5,_mview_tel_agents_mobile_money.fid-7111a9c0_193dfd882bb_-5aa0,operateur,manquant,gardé,A8,aucun sur le nombre de lieux,opérateur non renseigné,03_points
D5,_mview_tel_agents_mobile_money.fid-7111a9c0_193dfd882bb_-5a9f,operateur,manquant,gardé,A8,aucun sur le nombre de lieux,opérateur non renseigné,03_points
D5,_mview_tel_agents_mobile_money.fid-7111a9c0_193dfd882bb_-5a9e,operateur,manquant,gardé,A8,aucun sur le nombre de lieux,opérateur non renseigné,03_points
D5,_mview_tel_agents_mobile_money.fid-7111a9c0_193dfd882bb_-5a90,operateur,manquant,gardé,A8,aucun sur le nombre de lieux,opérateur non renseigné,03_points
D5,_mview_tel_agents_mobile_money.fid-7111a9c0_193dfd882bb_-5a8d,operateur,manquant,gardé,A8,aucun sur le nombre de lieux,opérateur non renseigné,03_points
D5,_mview_tel_agents_mobile_money.fid-7111a9c0_193dfd882bb_-5a8c,operateur,manquant,gardé,A8,aucun sur le nombre de lieux,opérateur non renseigné,03_points
D5,_mview_tel_agents_mobile_money.fid-7111a9c0_193dfd882bb_-5a88,operateur,manquant,gardé,A8,aucun sur le nombre de lieux,opérateur non renseigné,03_points
D5,_mview_tel_agents_mobile_money.fid-7111a9c0_193dfd882bb_-5a86,operateur,manquant,gardé,A8,aucun sur le nombre de lieux,opérateur non renseigné,03_points
D5,_mview_tel_agents_mobile_money.fid-7111a9c0_193dfd882bb_-5a83,operateur,manquant,gardé,A8,aucun sur le nombre de lieux,opérateur non renseigné,03_points
D5,_mview_tel_agents_mobile_money.fid-7111a9c0_193dfd882bb_-5a81,operateur,manquant,gardé,A8,aucun sur le nombre de lieux,opérateur non renseigné,03_points
D5,_mview_tel_agents_mobile_money.fid-7111a9c0_193dfd882bb_-5a7e,operateur,manquant,gardé,A8,aucun sur le nombre de lieux,opérateur non renseigné,03_points
D5,_mview_tel_agents_mobile_money.fid-7111a9c0_193dfd882bb_-5a7c,operateur,manquant,gardé,A8,aucun sur le nombre de lieux,opérateur non renseigné,03_points
D5,_mview_tel_agents_mobile_money.fid-7111a9c0_193dfd882bb_-5a66,operateur,manquant,gardé,A8,aucun sur le nombre de lieux,opérateur non renseigné,03_points
D5,_mview_tel_agents_mobile_money.fid-7111a9c0_193dfd882bb_-5a65,operateur,manquant,gardé,A8,aucun sur le nombre de lieux,opérateur non renseigné,03_points
D5,_mview_tel_agents_mobile_money.fid-7111a9c0_193dfd882bb_-5a64,operateur,manquant,gardé,A8,aucun sur le nombre de lieux,opérateur non renseigné,03_points
D5,_mview_tel_agents_mobile_money.fid-7111a9c0_193dfd882bb_-5a63,operateur,manquant,gardé,A8,aucun sur le nombre de lieux,opérateur non renseigné,03_points
D5,_mview_tel_agents_mobile_money.fid-7111a9c0_193dfd882bb_-5a61,operateur,manquant,gardé,A8,aucun sur le nombre de lieux,opérateur non renseigné,03_points
D5,_mview_tel_agents_mobile_money.fid-7111a9c0_193dfd882bb_-5a60,operateur,manquant,gardé,A8,aucun sur le nombre de lieux,opérateur non renseigné,03_points
D5,_mview_tel_agents_mobile_money.fid-7111a9c0_193dfd882bb_-5a5f,operateur,manquant,gardé,A8,aucun sur le nombre de lieux,opérateur non renseigné,03_points
D5,_mview_tel_agents_mobile_money.fid-7111a9c0_193dfd882bb_-5a5e,operateur,manquant,gardé,A8,aucun sur le nombre de lieux,opérateur non renseigné,03_points
D5,_mview_tel_agents_mobile_money.fid-7111a9c0_193dfd882bb_-5a5d,operateur,manquant,gardé,A8,aucun sur le nombre de lieux,opérateur non renseigné,03_points
D5,_mview_tel_agents_mobile_money.fid-7111a9c0_193dfd882bb_-5a55,operateur,manquant,gardé,A8,aucun sur le nombre de lieux,opérateur non renseigné,03_points
D5,_mview_tel_agents_mobile_money.fid-7111a9c0_193dfd882bb_-5a4d,operateur,manquant,gardé,A8,aucun sur le nombre de lieux,opérateur non renseigné,03_points
D5,_mview_tel_agents_mobile_money.fid-7111a9c0_193dfd882bb_-5a42,operateur,manquant,gardé,A8,aucun sur le nombre de lieux,opérateur non renseigné,03_points
D5,_mview_tel_agents_mobile_money.fid-7111a9c0_193dfd882bb_-5a32,operateur,manquant,gardé,A8,aucun sur le nombre de lieux,opérateur non renseigné,03_points
D5,_mview_tel_agents_mobile_money.fid-7111a9c0_193dfd882bb_-5a31,operateur,manquant,gardé,A8,aucun sur le nombre de lieux,opérateur non renseigné,03_points
D5,_mview_tel_agents_mobile_money.fid-7111a9c0_193dfd882bb_-5a2d,operateur,manquant,gardé,A8,aucun sur le nombre de lieux,opérateur non renseigné,03_points
D5,_mview_tel_agents_mobile_money.fid-7111a9c0_193dfd882bb_-5a2a,operateur,manquant,gardé,A8,aucun sur le nombre de lieux,opérateur non renseigné,03_points
D5,_mview_tel_agents_mobile_money.fid-7111a9c0_193dfd882bb_-5a29,operateur,manquant,gardé,A8,aucun sur le nombre de lieux,opérateur non renseigné,03_points
D5,_mview_tel_agents_mobile_money.fid-7111a9c0_193dfd882bb_-5a28,operateur,manquant,gardé,A8,aucun sur le nombre de lieux,opérateur non renseigné,03_points
D5,_mview_tel_agents_mobile_money.fid-7111a9c0_193dfd882bb_-5a26,operateur,manquant,gardé,A8,aucun sur le nombre de lieux,opérateur non renseigné,03_points
D5,_mview_tel_agents_mobile_money.fid-7111a9c0_193dfd882bb_-5a25,operateur,manquant,gardé,A8,aucun sur le nombre de lieux,opérateur non renseigné,03_points
D5,_mview_tel_agents_mobile_money.fid-7111a9c0_193dfd882bb_-5a24,operateur,manquant,gardé,A8,aucun sur le nombre de lieux,opérateur non renseigné,03_points
D5,_mview_tel_agents_mobile_money.fid-7111a9c0_193dfd882bb_-5a23,operateur,manquant,gardé,A8,aucun sur le nombre de lieux,opérateur non renseigné,03_points
D5,_mview_tel_agents_mobile_money.fid-7111a9c0_193dfd882bb_-5a22,operateur,manquant,gardé,A8,aucun sur le nombre de lieux,opérateur non renseigné,03_points
D5,_mview_tel_agents_mobile_money.fid-7111a9c0_193dfd882bb_-5a21,operateur,manquant,gardé,A8,aucun sur le nombre de lieux,opérateur non renseigné,03_points
D5,_mview_tel_agents_mobile_money.fid-7111a9c0_193dfd882bb_-5a1e,operateur,manquant,gardé,A8,aucun sur le nombre de lieux,opérateur non renseigné,03_points
D5,_mview_tel_agents_mobile_money.fid-7111a9c0_193dfd882bb_-5a1d,operateur,manquant,gardé,A8,aucun sur le nombre de lieux,opérateur non renseigné,03_points
D5,_mview_tel_agents_mobile_money.fid-7111a9c0_193dfd882bb_-5a1c,operateur,manquant,gardé,A8,aucun sur le nombre de lieux,opérateur non renseigné,03_points
D5,_mview_tel_agents_mobile_money.fid-7111a9c0_193dfd882bb_-5a1b,operateur,manquant,gardé,A8,aucun sur le nombre de lieux,opérateur non renseigné,03_points
D5,_mview_tel_agents_mobile_money.fid-7111a9c0_193dfd882bb_-5a1a,operateur,manquant,gardé,A8,aucun sur le nombre de lieux,opérateur non renseigné,03_points
D5,_mview_tel_agents_mobile_money.fid-7111a9c0_193dfd882bb_-5a19,operateur,manquant,gardé,A8,aucun sur le nombre de lieux,opérateur non renseigné,03_points
D5,_mview_tel_agents_mobile_money.fid-7111a9c0_193dfd882bb_-5a18,operateur,manquant,gardé,A8,aucun sur le nombre de lieux,opérateur non renseigné,03_points
D5,_mview_tel_agents_mobile_money.fid-7111a9c0_193dfd882bb_-5a15,operateur,manquant,gardé,A8,aucun sur le nombre de lieux,opérateur non renseigné,03_points
D5,_mview_tel_agents_mobile_money.fid-7111a9c0_193dfd882bb_-5a14,operateur,manquant,gardé,A8,aucun sur le nombre de lieux,opérateur non renseigné,03_points
D5,_mview_tel_agents_mobile_money.fid-7111a9c0_193dfd882bb_-5a13,operateur,manquant,gardé,A8,aucun sur le nombre de lieux,opérateur non renseigné,03_points
D5,_mview_tel_agents_mobile_money.fid-7111a9c0_193dfd882bb_-5a12,operateur,manquant,gardé,A8,aucun sur le nombre de lieux,opérateur non renseigné,03_points
D5,_mview_tel_agents_mobile_money.fid-7111a9c0_193dfd882bb_-5a11,operateur,manquant,gardé,A8,aucun sur le nombre de lieux,opérateur non renseigné,03_points
D5,_mview_tel_agents_mobile_money.fid-7111a9c0_193dfd882bb_-5a10,operateur,manquant,gardé,A8,aucun sur le nombre de lieux,opérateur non renseigné,03_points
D5,_mview_tel_agents_mobile_money.fid-7111a9c0_193dfd882bb_-5a0f,operateur,manquant,gardé,A8,aucun sur le nombre de lieux,opérateur non renseigné,03_points
D5,_mview_tel_agents_mobile_money.fid-7111a9c0_193dfd882bb_-5a0d,operateur,manquant,gardé,A8,aucun sur le nombre de lieux,opérateur non renseigné,03_points
D5,_mview_tel_agents_mobile_money.fid-7111a9c0_193dfd882bb_-5a0c,operateur,manquant,gardé,A8,aucun sur le nombre de lieux,opérateur non renseigné,03_points
D5,_mview_tel_agents_mobile_money.fid-7111a9c0_193dfd882bb_-5a07,operateur,manquant,gardé,A8,aucun sur le nombre de lieux,opérateur non renseigné,03_points
D5,_mview_tel_agents_mobile_money.fid-7111a9c0_193dfd882bb_-59ff,operateur,manquant,gardé,A8,aucun sur le nombre de lieux,opérateur non renseigné,03_points
D5,_mview_tel_agents_mobile_money.fid-7111a9c0_193dfd882bb_-59fd,operateur,manquant,gardé,A8,aucun sur le nombre de lieux,opérateur non renseigné,03_points
D5,_mview_tel_agents_mobile_money.fid-7111a9c0_193dfd882bb_-59fc,operateur,manquant,gardé,A8,aucun sur le nombre de lieux,opérateur non renseigné,03_points
D5,_mview_tel_agents_mobile_money.fid-7111a9c0_193dfd882bb_-59fb,operateur,manquant,gardé,A8,aucun sur le nombre de lieux,opérateur non renseigné,03_points
D5,_mview_tel_agents_mobile_money.fid-7111a9c0_193dfd882bb_-59f4,operateur,manquant,gardé,A8,aucun sur le nombre de lieux,opérateur non renseigné,03_points
D5,_mview_tel_agents_mobile_money.fid-7111a9c0_193dfd882bb_-59f3,operateur,manquant,gardé,A8,aucun sur le nombre de lieux,opérateur non renseigné,03_points
D5,_mview_tel_agents_mobile_money.fid-7111a9c0_193dfd882bb_-59f2,operateur,manquant,gardé,A8,aucun sur le nombre de lieux,opérateur non renseigné,03_points
D5,_mview_tel_agents_mobile_money.fid-7111a9c0_193dfd882bb_-59f1,operateur,manquant,gardé,A8,aucun sur le nombre de lieux,opérateur non renseigné,03_points
D5,_mview_tel_agents_mobile_money.fid-7111a9c0_193dfd882bb_-59ef,operateur,manquant,gardé,A8,aucun sur le nombre de lieux,opérateur non renseigné,03_points
D5,_mview_tel_agents_mobile_money.fid-7111a9c0_193dfd882bb_-59ee,operateur,manquant,gardé,A8,aucun sur le nombre de lieux,opérateur non renseigné,03_points
D5,_mview_tel_agents_mobile_money.fid-7111a9c0_193dfd882bb_-59ec,operateur,manquant,gardé,A8,aucun sur le nombre de lieux,opérateur non renseigné,03_points
D5,_mview_tel_agents_mobile_money.fid-7111a9c0_193dfd882bb_-59ea,operateur,manquant,gardé,A8,aucun sur le nombre de lieux,opérateur non renseigné,03_points
D5,_mview_tel_agents_mobile_money.fid-7111a9c0_193dfd882bb_-59e6,operateur,manquant,gardé,A8,aucun sur le nombre de lieux,opérateur non renseigné,03_points
D5,_mview_tel_agents_mobile_money.fid-7111a9c0_193dfd882bb_-59e5,operateur,manquant,gardé,A8,aucun sur le nombre de lieux,opérateur non renseigné,03_points
D5,_mview_tel_agents_mobile_money.fid-7111a9c0_193dfd882bb_-59e4,operateur,manquant,gardé,A8,aucun sur le nombre de lieux,opérateur non renseigné,03_points
D5,_mview_tel_agents_mobile_money.fid-7111a9c0_193dfd882bb_-59e1,operateur,manquant,gardé,A8,aucun sur le nombre de lieux,opérateur non renseigné,03_points
D5,_mview_tel_agents_mobile_money.fid-7111a9c0_193dfd882bb_-59e0,operateur,manquant,gardé,A8,aucun sur le nombre de lieux,opérateur non renseigné,03_points
D5,_mview_tel_agents_mobile_money.fid-7111a9c0_193dfd882bb_-59df,operateur,manquant,gardé,A8,aucun sur le nombre de lieux,opérateur non renseigné,03_points
D5,_mview_tel_agents_mobile_money.fid-7111a9c0_193dfd882bb_-59de,operateur,manquant,gardé,A8,aucun sur le nombre de lieux,opérateur non renseigné,03_points
D5,_mview_tel_agents_mobile_money.fid-7111a9c0_193dfd882bb_-59dd,operateur,manquant,gardé,A8,aucun sur le nombre de lieux,opérateur non renseigné,03_points
D5,_mview_tel_agents_mobile_money.fid-7111a9c0_193dfd882bb_-59dc,operateur,manquant,gardé,A8,aucun sur le nombre de lieux,opérateur non renseigné,03_points
D5,_mview_tel_agents_mobile_money.fid-7111a9c0_193dfd882bb_-59db,operateur,manquant,gardé,A8,aucun sur le nombre de lieux,opérateur non renseigné,03_points
D5,_mview_tel_agents_mobile_money.fid-7111a9c0_193dfd882bb_-59d9,operateur,manquant,gardé,A8,aucun sur le nombre de lieux,opérateur non renseigné,03_points
D5,_mview_tel_agents_mobile_money.fid-7111a9c0_193dfd882bb_-59d7,operateur,manquant,gardé,A8,aucun sur le nombre de lieux,opérateur non renseigné,03_points
D5,_mview_tel_agents_mobile_money.fid-7111a9c0_193dfd882bb_-59d6,operateur,manquant,gardé,A8,aucun sur le nombre de lieux,opérateur non renseigné,03_points
D5,_mview_tel_agents_mobile_money.fid-7111a9c0_193dfd882bb_-59d5,operateur,manquant,gardé,A8,aucun sur le nombre de lieux,opérateur non renseigné,03_points
D5,_mview_tel_agents_mobile_money.fid-7111a9c0_193dfd882bb_-59d4,operateur,manquant,gardé,A8,aucun sur le nombre de lieux,opérateur non renseigné,03_points
D5,_mview_tel_agents_mobile_money.fid-7111a9c0_193dfd882bb_-59d3,operateur,manquant,gardé,A8,aucun sur le nombre de lieux,opérateur non renseigné,03_points
D5,_mview_tel_agents_mobile_money.fid-7111a9c0_193dfd882bb_-59d2,operateur,manquant,gardé,A8,aucun sur le nombre de lieux,opérateur non renseigné,03_points
D5,_mview_tel_agents_mobile_money.fid-7111a9c0_193dfd882bb_-59d0,operateur,manquant,gardé,A8,aucun sur le nombre de lieux,opérateur non renseigné,03_points
D5,_mview_tel_agents_mobile_money.fid-7111a9c0_193dfd882bb_-59cf,operateur,manquant,gardé,A8,aucun sur le nombre de lieux,opérateur non renseigné,03_points
D5,_mview_tel_agents_mobile_money.fid-7111a9c0_193dfd882bb_-59ce,operateur,manquant,gardé,A8,aucun sur le nombre de lieux,opérateur non renseigné,03_points
D5,_mview_tel_agents_mobile_money.fid-7111a9c0_193dfd882bb_-59cd,operateur,manquant,gardé,A8,aucun sur le nombre de lieux,opérateur non renseigné,03_points
D5,_mview_tel_agents_mobile_money.fid-7111a9c0_193dfd882bb_-59cc,operateur,manquant,gardé,A8,aucun sur le nombre de lieux,opérateur non renseigné,03_points
D5,_mview_tel_agents_mobile_money.fid-7111a9c0_193dfd882bb_-59cb,operateur,manquant,gardé,A8,aucun sur le nombre de lieux,opérateur non renseigné,03_points
D5,_mview_tel_agents_mobile_money.fid-7111a9c0_193dfd882bb_-59ca,operateur,manquant,gardé,A8,aucun sur le nombre de lieux,opérateur non renseigné,03_points
D5,_mview_tel_agents_mobile_money.fid-7111a9c0_193dfd882bb_-59c9,operateur,manquant,gardé,A8,aucun sur le nombre de lieux,opérateur non renseigné,03_points
D5,_mview_tel_agents_mobile_money.fid-7111a9c0_193dfd882bb_-59c8,operateur,manquant,gardé,A8,aucun sur le nombre de lieux,opérateur non renseigné,03_points
D5,_mview_tel_agents_mobile_money.fid-7111a9c0_193dfd882bb_-59c7,operateur,manquant,gardé,A8,aucun sur le nombre de lieux,opérateur non renseigné,03_points
D5,_mview_tel_agents_mobile_money.fid-7111a9c0_193dfd882bb_-59c3,operateur,manquant,gardé,A8,aucun sur le nombre de lieux,opérateur non renseigné,03_points
D5,_mview_tel_agents_mobile_money.fid-7111a9c0_193dfd882bb_-59c1,operateur,manquant,gardé,A8,aucun sur le nombre de lieux,opérateur non renseigné,03_points
D5,_mview_tel_agents_mobile_money.fid-7111a9c0_193dfd882bb_-59c0,operateur,manquant,gardé,A8,aucun sur le nombre de lieux,opérateur non renseigné,03_points
D5,_mview_tel_agents_mobile_money.fid-7111a9c0_193dfd882bb_-59bd,operateur,manquant,gardé,A8,aucun sur le nombre de lieux,opérateur non renseigné,03_points
D5,_mview_tel_agents_mobile_money.fid-7111a9c0_193dfd882bb_-59bc,operateur,manquant,gardé,A8,aucun sur le nombre de lieux,opérateur non renseigné,03_points
D5,_mview_tel_agents_mobile_money.fid-7111a9c0_193dfd882bb_-59b8,operateur,manquant,gardé,A8,aucun sur le nombre de lieux,opérateur non renseigné,03_points
D5,_mview_tel_agents_mobile_money.fid-7111a9c0_193dfd882bb_-59b7,operateur,manquant,gardé,A8,aucun sur le nombre de lieux,opérateur non renseigné,03_points
D5,_mview_tel_agents_mobile_money.fid-7111a9c0_193dfd882bb_-59b6,operateur,manquant,gardé,A8,aucun sur le nombre de lieux,opérateur non renseigné,03_points
D5,_mview_tel_agents_mobile_money.fid-7111a9c0_193dfd882bb_-59b4,operateur,manquant,gardé,A8,aucun sur le nombre de lieux,opérateur non renseigné,03_points
D5,_mview_tel_agents_mobile_money.fid-7111a9c0_193dfd882bb_-59b3,operateur,manquant,gardé,A8,aucun sur le nombre de lieux,opérateur non renseigné,03_points
D5,_mview_tel_agents_mobile_money.fid-7111a9c0_193dfd882bb_-59b2,operateur,manquant,gardé,A8,aucun sur le nombre de lieux,opérateur non renseigné,03_points
D5,_mview_tel_agents_mobile_money.fid-7111a9c0_193dfd882bb_-59af,operateur,manquant,gardé,A8,aucun sur le nombre de lieux,opérateur non renseigné,03_points
D5,_mview_tel_agents_mobile_money.fid-7111a9c0_193dfd882bb_-59ae,operateur,manquant,gardé,A8,aucun sur le nombre de lieux,opérateur non renseigné,03_points
D5,_mview_tel_agents_mobile_money.fid-7111a9c0_193dfd882bb_-59ad,operateur,manquant,gardé,A8,aucun sur le nombre de lieux,opérateur non renseigné,03_points
D5,_mview_tel_agents_mobile_money.fid-7111a9c0_193dfd882bb_-59ac,operateur,manquant,gardé,A8,aucun sur le nombre de lieux,opérateur non renseigné,03_points
D5,_mview_tel_agents_mobile_money.fid-7111a9c0_193dfd882bb_-59a9,operateur,manquant,gardé,A8,aucun sur le nombre de lieux,opérateur non renseigné,03_points
D5,_mview_tel_agents_mobile_money.fid-7111a9c0_193dfd882bb_-59a6,operateur,manquant,gardé,A8,aucun sur le nombre de lieux,opérateur non renseigné,03_points
D5,_mview_tel_agents_mobile_money.fid-7111a9c0_193dfd882bb_-59a5,operateur,manquant,gardé,A8,aucun sur le nombre de lieux,opérateur non renseigné,03_points
D5,_mview_tel_agents_mobile_money.fid-7111a9c0_193dfd882bb_-59a4,operateur,manquant,gardé,A8,aucun sur le nombre de lieux,opérateur non renseigné,03_points
D5,_mview_tel_agents_mobile_money.fid-7111a9c0_193dfd882bb_-59a3,operateur,manquant,gardé,A8,aucun sur le nombre de lieux,opérateur non renseigné,03_points
D5,_mview_tel_agents_mobile_money.fid-7111a9c0_193dfd882bb_-59a1,operateur,manquant,gardé,A8,aucun sur le nombre de lieux,opérateur non renseigné,03_points
D5,_mview_tel_agents_mobile_money.fid-7111a9c0_193dfd882bb_-59a0,operateur,manquant,gardé,A8,aucun sur le nombre de lieux,opérateur non renseigné,03_points
D5,_mview_tel_agents_mobile_money.fid-7111a9c0_193dfd882bb_-599b,operateur,manquant,gardé,A8,aucun sur le nombre de lieux,opérateur non renseigné,03_points
D5,_mview_tel_agents_mobile_money.fid-7111a9c0_193dfd882bb_-5998,operateur,manquant,gardé,A8,aucun sur le nombre de lieux,opérateur non renseigné,03_points
D5,_mview_tel_agents_mobile_money.fid-7111a9c0_193dfd882bb_-5995,operateur,manquant,gardé,A8,aucun sur le nombre de lieux,opérateur non renseigné,03_points
D5,_mview_tel_agents_mobile_money.fid-7111a9c0_193dfd882bb_-5994,operateur,manquant,gardé,A8,aucun sur le nombre de lieux,opérateur non renseigné,03_points
D5,_mview_tel_agents_mobile_money.fid-7111a9c0_193dfd882bb_-5993,operateur,manquant,gardé,A8,aucun sur le nombre de lieux,opérateur non renseigné,03_points
D5,_mview_tel_agents_mobile_money.fid-7111a9c0_193dfd882bb_-5992,operateur,manquant,gardé,A8,aucun sur le nombre de lieux,opérateur non renseigné,03_points
D5,_mview_tel_agents_mobile_money.fid-7111a9c0_193dfd882bb_-5991,operateur,manquant,gardé,A8,aucun sur le nombre de lieux,opérateur non renseigné,03_points
D5,_mview_tel_agents_mobile_money.fid-7111a9c0_193dfd882bb_-5989,operateur,manquant,gardé,A8,aucun sur le nombre de lieux,opérateur non renseigné,03_points
D5,_mview_tel_agents_mobile_money.fid-7111a9c0_193dfd882bb_-5986,operateur,manquant,gardé,A8,aucun sur le nombre de lieux,opérateur non renseigné,03_points
D5,_mview_tel_agents_mobile_money.fid-7111a9c0_193dfd882bb_-5985,operateur,manquant,gardé,A8,aucun sur le nombre de lieux,opérateur non renseigné,03_points
D5,_mview_tel_agents_mobile_money.fid-7111a9c0_193dfd882bb_-5984,operateur,manquant,gardé,A8,aucun sur le nombre de lieux,opérateur non renseigné,03_points
D5,_mview_tel_agents_mobile_money.fid-7111a9c0_193dfd882bb_-5983,operateur,manquant,gardé,A8,aucun sur le nombre de lieux,opérateur non renseigné,03_points
D5,_mview_tel_agents_mobile_money.fid-7111a9c0_193dfd882bb_-5982,operateur,manquant,gardé,A8,aucun sur le nombre de lieux,opérateur non renseigné,03_points
D5,_mview_tel_agents_mobile_money.fid-7111a9c0_193dfd882bb_-5980,operateur,manquant,gardé,A8,aucun sur le nombre de lieux,opérateur non renseigné,03_points
D5,_mview_tel_agents_mobile_money.fid-7111a9c0_193dfd882bb_-597e,operateur,manquant,gardé,A8,aucun sur le nombre de lieux,opérateur non renseigné,03_points
D5,_mview_tel_agents_mobile_money.fid-7111a9c0_193dfd882bb_-597d,operateur,manquant,gardé,A8,aucun sur le nombre de lieux,opérateur non renseigné,03_points
D5,_mview_tel_agents_mobile_money.fid-7111a9c0_193dfd882bb_-597c,operateur,manquant,gardé,A8,aucun sur le nombre de lieux,opérateur non renseigné,03_points
D5,_mview_tel_agents_mobile_money.fid-7111a9c0_193dfd882bb_-597b,operateur,manquant,gardé,A8,aucun sur le nombre de lieux,opérateur non renseigné,03_points
D5,_mview_tel_agents_mobile_money.fid-7111a9c0_193dfd882bb_-5979,operateur,manquant,gardé,A8,aucun sur le nombre de lieux,opérateur non renseigné,03_points
D5,_mview_tel_agents_mobile_money.fid-7111a9c0_193dfd882bb_-5978,operateur,manquant,gardé,A8,aucun sur le nombre de lieux,opérateur non renseigné,03_points
D5,_mview_tel_agents_mobile_money.fid-7111a9c0_193dfd882bb_-5977,operateur,manquant,gardé,A8,aucun sur le nombre de lieux,opérateur non renseigné,03_points
D5,_mview_tel_agents_mobile_money.fid-7111a9c0_193dfd882bb_-5975,operateur,manquant,gardé,A8,aucun sur le nombre de lieux,opérateur non renseigné,03_points
D5,_mview_tel_agents_mobile_money.fid-7111a9c0_193dfd882bb_-5972,operateur,manquant,gardé,A8,aucun sur le nombre de lieux,opérateur non renseigné,03_points
D5,_mview_tel_agents_mobile_money.fid-7111a9c0_193dfd882bb_-5971,operateur,manquant,gardé,A8,aucun sur le nombre de lieux,opérateur non renseigné,03_points
D5,_mview_tel_agents_mobile_money.fid-7111a9c0_193dfd882bb_-596e,operateur,manquant,gardé,A8,aucun sur le nombre de lieux,opérateur non renseigné,03_points
D5,_mview_tel_agents_mobile_money.fid-7111a9c0_193dfd882bb_-596c,operateur,manquant,gardé,A8,aucun sur le nombre de lieux,opérateur non renseigné,03_points
D5,_mview_tel_agents_mobile_money.fid-7111a9c0_193dfd882bb_-596b,operateur,manquant,gardé,A8,aucun sur le nombre de lieux,opérateur non renseigné,03_points
D5,_mview_tel_agents_mobile_money.fid-7111a9c0_193dfd882bb_-596a,operateur,manquant,gardé,A8,aucun sur le nombre de lieux,opérateur non renseigné,03_points
D5,_mview_tel_agents_mobile_money.fid-7111a9c0_193dfd882bb_-5969,operateur,manquant,gardé,A8,aucun sur le nombre de lieux,opérateur non renseigné,03_points
D5,_mview_tel_agents_mobile_money.fid-7111a9c0_193dfd882bb_-5965,operateur,manquant,gardé,A8,aucun sur le nombre de lieux,opérateur non renseigné,03_points
D5,_mview_tel_agents_mobile_money.fid-7111a9c0_193dfd882bb_-5964,operateur,manquant,gardé,A8,aucun sur le nombre de lieux,opérateur non renseigné,03_points
D5,_mview_tel_agents_mobile_money.fid-7111a9c0_193dfd882bb_-5963,operateur,manquant,gardé,A8,aucun sur le nombre de lieux,opérateur non renseigné,03_points
D5,_mview_tel_agents_mobile_money.fid-7111a9c0_193dfd882bb_-5962,operateur,manquant,gardé,A8,aucun sur le nombre de lieux,opérateur non renseigné,03_points
D5,_mview_tel_agents_mobile_money.fid-7111a9c0_193dfd882bb_-5961,operateur,manquant,gardé,A8,aucun sur le nombre de lieux,opérateur non renseigné,03_points
D5,_mview_tel_agents_mobile_money.fid-7111a9c0_193dfd882bb_-595f,operateur,manquant,gardé,A8,aucun sur le nombre de lieux,opérateur non renseigné,03_points
D5,_mview_tel_agents_mobile_money.fid-7111a9c0_193dfd882bb_-595d,operateur,manquant,gardé,A8,aucun sur le nombre de lieux,opérateur non renseigné,03_points
D5,_mview_tel_agents_mobile_money.fid-7111a9c0_193dfd882bb_-595b,operateur,manquant,gardé,A8,aucun sur le nombre de lieux,opérateur non renseigné,03_points
D5,_mview_tel_agents_mobile_money.fid-7111a9c0_193dfd882bb_-595a,operateur,manquant,gardé,A8,aucun sur le nombre de lieux,opérateur non renseigné,03_points
D5,_mview_tel_agents_mobile_money.fid-7111a9c0_193dfd882bb_-5958,operateur,manquant,gardé,A8,aucun sur le nombre de lieux,opérateur non renseigné,03_points
D5,_mview_tel_agents_mobile_money.fid-7111a9c0_193dfd882bb_-5957,operateur,manquant,gardé,A8,aucun sur le nombre de lieux,opérateur non renseigné,03_points
D5,_mview_tel_agents_mobile_money.fid-7111a9c0_193dfd882bb_-5955,operateur,manquant,gardé,A8,aucun sur le nombre de lieux,opérateur non renseigné,03_points
D5,_mview_tel_agents_mobile_money.fid-7111a9c0_193dfd882bb_-5953,operateur,manquant,gardé,A8,aucun sur le nombre de lieux,opérateur non renseigné,03_points
D5,_mview_tel_agents_mobile_money.fid-7111a9c0_193dfd882bb_-5952,operateur,manquant,gardé,A8,aucun sur le nombre de lieux,opérateur non renseigné,03_points
D5,_mview_tel_agents_mobile_money.fid-7111a9c0_193dfd882bb_-594f,operateur,manquant,gardé,A8,aucun sur le nombre de lieux,opérateur non renseigné,03_points
D5,_mview_tel_agents_mobile_money.fid-7111a9c0_193dfd882bb_-594c,operateur,manquant,gardé,A8,aucun sur le nombre de lieux,opérateur non renseigné,03_points
D5,_mview_tel_agents_mobile_money.fid-7111a9c0_193dfd882bb_-5949,operateur,manquant,gardé,A8,aucun sur le nombre de lieux,opérateur non renseigné,03_points
D5,_mview_tel_agents_mobile_money.fid-7111a9c0_193dfd882bb_-5948,operateur,manquant,gardé,A8,aucun sur le nombre de lieux,opérateur non renseigné,03_points
D5,_mview_tel_agents_mobile_money.fid-7111a9c0_193dfd882bb_-5946,operateur,manquant,gardé,A8,aucun sur le nombre de lieux,opérateur non renseigné,03_points
D5,_mview_tel_agents_mobile_money.fid-7111a9c0_193dfd882bb_-5944,operateur,manquant,gardé,A8,aucun sur le nombre de lieux,opérateur non renseigné,03_points
D5,_mview_tel_agents_mobile_money.fid-7111a9c0_193dfd882bb_-5943,operateur,manquant,gardé,A8,aucun sur le nombre de lieux,opérateur non renseigné,03_points
D5,_mview_tel_agents_mobile_money.fid-7111a9c0_193dfd882bb_-5942,operateur,manquant,gardé,A8,aucun sur le nombre de lieux,opérateur non renseigné,03_points
D5,_mview_tel_agents_mobile_money.fid-7111a9c0_193dfd882bb_-593d,operateur,manquant,gardé,A8,aucun sur le nombre de lieux,opérateur non renseigné,03_points
D5,_mview_tel_agents_mobile_money.fid-7111a9c0_193dfd882bb_-593b,operateur,manquant,gardé,A8,aucun sur le nombre de lieux,opérateur non renseigné,03_points
D5,_mview_tel_agents_mobile_money.fid-7111a9c0_193dfd882bb_-5939,operateur,manquant,gardé,A8,aucun sur le nombre de lieux,opérateur non renseigné,03_points
D5,_mview_tel_agents_mobile_money.fid-7111a9c0_193dfd882bb_-5938,operateur,manquant,gardé,A8,aucun sur le nombre de lieux,opérateur non renseigné,03_points
D5,_mview_tel_agents_mobile_money.fid-7111a9c0_193dfd882bb_-5937,operateur,manquant,gardé,A8,aucun sur le nombre de lieux,opérateur non renseigné,03_points
D5,_mview_tel_agents_mobile_money.fid-7111a9c0_193dfd882bb_-5936,operateur,manquant,gardé,A8,aucun sur le nombre de lieux,opérateur non renseigné,03_points
D5,_mview_tel_agents_mobile_money.fid-7111a9c0_193dfd882bb_-5934,operateur,manquant,gardé,A8,aucun sur le nombre de lieux,opérateur non renseigné,03_points
D5,_mview_tel_agents_mobile_money.fid-7111a9c0_193dfd882bb_-5932,operateur,manquant,gardé,A8,aucun sur le nombre de lieux,opérateur non renseigné,03_points
D5,_mview_tel_agents_mobile_money.fid-7111a9c0_193dfd882bb_-5931,operateur,manquant,gardé,A8,aucun sur le nombre de lieux,opérateur non renseigné,03_points
D5,_mview_tel_agents_mobile_money.fid-7111a9c0_193dfd882bb_-5930,operateur,manquant,gardé,A8,aucun sur le nombre de lieux,opérateur non renseigné,03_points
D5,_mview_tel_agents_mobile_money.fid-7111a9c0_193dfd882bb_-592b,operateur,manquant,gardé,A8,aucun sur le nombre de lieux,opérateur non renseigné,03_points
D5,_mview_tel_agents_mobile_money.fid-7111a9c0_193dfd882bb_-5927,operateur,manquant,gardé,A8,aucun sur le nombre de lieux,opérateur non renseigné,03_points
D5,_mview_tel_agents_mobile_money.fid-7111a9c0_193dfd882bb_-5923,operateur,manquant,gardé,A8,aucun sur le nombre de lieux,opérateur non renseigné,03_points
D5,_mview_tel_agents_mobile_money.fid-7111a9c0_193dfd882bb_-5921,operateur,manquant,gardé,A8,aucun sur le nombre de lieux,opérateur non renseigné,03_points
D5,_mview_tel_agents_mobile_money.fid-7111a9c0_193dfd882bb_-591f,operateur,manquant,gardé,A8,aucun sur le nombre de lieux,opérateur non renseigné,03_points
D5,_mview_tel_agents_mobile_money.fid-7111a9c0_193dfd882bb_-5919,operateur,manquant,gardé,A8,aucun sur le nombre de lieux,opérateur non renseigné,03_points
D5,_mview_tel_agents_mobile_money.fid-7111a9c0_193dfd882bb_-5916,operateur,manquant,gardé,A8,aucun sur le nombre de lieux,opérateur non renseigné,03_points
D5,_mview_tel_agents_mobile_money.fid-7111a9c0_193dfd882bb_-5915,operateur,manquant,gardé,A8,aucun sur le nombre de lieux,opérateur non renseigné,03_points
D5,_mview_tel_agents_mobile_money.fid-7111a9c0_193dfd882bb_-5914,operateur,manquant,gardé,A8,aucun sur le nombre de lieux,opérateur non renseigné,03_points
D5,_mview_tel_agents_mobile_money.fid-7111a9c0_193dfd882bb_-5911,operateur,manquant,gardé,A8,aucun sur le nombre de lieux,opérateur non renseigné,03_points
D5,_mview_tel_agents_mobile_money.fid-7111a9c0_193dfd882bb_-5910,operateur,manquant,gardé,A8,aucun sur le nombre de lieux,opérateur non renseigné,03_points
D5,_mview_tel_agents_mobile_money.fid-7111a9c0_193dfd882bb_-590e,operateur,manquant,gardé,A8,aucun sur le nombre de lieux,opérateur non renseigné,03_points
D5,_mview_tel_agents_mobile_money.fid-7111a9c0_193dfd882bb_-590a,operateur,manquant,gardé,A8,aucun sur le nombre de lieux,opérateur non renseigné,03_points
D5,_mview_tel_agents_mobile_money.fid-7111a9c0_193dfd882bb_-5908,operateur,manquant,gardé,A8,aucun sur le nombre de lieux,opérateur non renseigné,03_points
D5,_mview_tel_agents_mobile_money.fid-7111a9c0_193dfd882bb_-5907,operateur,manquant,gardé,A8,aucun sur le nombre de lieux,opérateur non renseigné,03_points
D5,_mview_tel_agents_mobile_money.fid-7111a9c0_193dfd882bb_-5906,operateur,manquant,gardé,A8,aucun sur le nombre de lieux,opérateur non renseigné,03_points
D5,_mview_tel_agents_mobile_money.fid-7111a9c0_193dfd882bb_-5904,operateur,manquant,gardé,A8,aucun sur le nombre de lieux,opérateur non renseigné,03_points
D5,_mview_tel_agents_mobile_money.fid-7111a9c0_193dfd882bb_-5901,operateur,manquant,gardé,A8,aucun sur le nombre de lieux,opérateur non renseigné,03_points
D5,_mview_tel_agents_mobile_money.fid-7111a9c0_193dfd882bb_-58fe,operateur,manquant,gardé,A8,aucun sur le nombre de lieux,opérateur non renseigné,03_points
D5,_mview_tel_agents_mobile_money.fid-7111a9c0_193dfd882bb_-58fc,operateur,manquant,gardé,A8,aucun sur le nombre de lieux,opérateur non renseigné,03_points
D5,_mview_tel_agents_mobile_money.fid-7111a9c0_193dfd882bb_-58fb,operateur,manquant,gardé,A8,aucun sur le nombre de lieux,opérateur non renseigné,03_points
D5,_mview_tel_agents_mobile_money.fid-7111a9c0_193dfd882bb_-58f3,operateur,manquant,gardé,A8,aucun sur le nombre de lieux,opérateur non renseigné,03_points
D5,_mview_tel_agents_mobile_money.fid-7111a9c0_193dfd882bb_-58ee,operateur,manquant,gardé,A8,aucun sur le nombre de lieux,opérateur non renseigné,03_points
D5,_mview_tel_agents_mobile_money.fid-7111a9c0_193dfd882bb_-58ea,operateur,manquant,gardé,A8,aucun sur le nombre de lieux,opérateur non renseigné,03_points
D5,_mview_tel_agents_mobile_money.fid-7111a9c0_193dfd882bb_-58e3,operateur,manquant,gardé,A8,aucun sur le nombre de lieux,opérateur non renseigné,03_points
D5,_mview_tel_agents_mobile_money.fid-7111a9c0_193dfd882bb_-58e0,operateur,manquant,gardé,A8,aucun sur le nombre de lieux,opérateur non renseigné,03_points
D5,_mview_tel_agents_mobile_money.fid-7111a9c0_193dfd882bb_-58de,operateur,manquant,gardé,A8,aucun sur le nombre de lieux,opérateur non renseigné,03_points
D5,_mview_tel_agents_mobile_money.fid-7111a9c0_193dfd882bb_-58dd,operateur,manquant,gardé,A8,aucun sur le nombre de lieux,opérateur non renseigné,03_points
D5,_mview_tel_agents_mobile_money.fid-7111a9c0_193dfd882bb_-58dc,operateur,manquant,gardé,A8,aucun sur le nombre de lieux,opérateur non renseigné,03_points
D5,_mview_tel_agents_mobile_money.fid-7111a9c0_193dfd882bb_-58db,operateur,manquant,gardé,A8,aucun sur le nombre de lieux,opérateur non renseigné,03_points
D5,_mview_tel_agents_mobile_money.fid-7111a9c0_193dfd882bb_-58da,operateur,manquant,gardé,A8,aucun sur le nombre de lieux,opérateur non renseigné,03_points
D5,_mview_tel_agents_mobile_money.fid-7111a9c0_193dfd882bb_-58d9,operateur,manquant,gardé,A8,aucun sur le nombre de lieux,opérateur non renseigné,03_points
D5,_mview_tel_agents_mobile_money.fid-7111a9c0_193dfd882bb_-58d8,operateur,manquant,gardé,A8,aucun sur le nombre de lieux,opérateur non renseigné,03_points
D5,_mview_tel_agents_mobile_money.fid-7111a9c0_193dfd882bb_-58d7,operateur,manquant,gardé,A8,aucun sur le nombre de lieux,opérateur non renseigné,03_points
D5,_mview_tel_agents_mobile_money.fid-7111a9c0_193dfd882bb_-58d6,operateur,manquant,gardé,A8,aucun sur le nombre de lieux,opérateur non renseigné,03_points
D5,_mview_tel_agents_mobile_money.fid-7111a9c0_193dfd882bb_-58d5,operateur,manquant,gardé,A8,aucun sur le nombre de lieux,opérateur non renseigné,03_points
D5,_mview_tel_agents_mobile_money.fid-7111a9c0_193dfd882bb_-58d4,operateur,manquant,gardé,A8,aucun sur le nombre de lieux,opérateur non renseigné,03_points
D5,_mview_tel_agents_mobile_money.fid-7111a9c0_193dfd882bb_-58d3,operateur,manquant,gardé,A8,aucun sur le nombre de lieux,opérateur non renseigné,03_points
D5,_mview_tel_agents_mobile_money.fid-7111a9c0_193dfd882bb_-587c,operateur,manquant,gardé,A8,aucun sur le nombre de lieux,opérateur non renseigné,03_points
D5,_mview_tel_agents_mobile_money.fid-7111a9c0_193dfd882bb_-5840,operateur,manquant,gardé,A8,aucun sur le nombre de lieux,opérateur non renseigné,03_points
D5,_mview_tel_agents_mobile_money.fid-7111a9c0_193dfd882bb_-57cb,operateur,manquant,gardé,A8,aucun sur le nombre de lieux,opérateur non renseigné,03_points
D5,_mview_tel_agents_mobile_money.fid-7111a9c0_193dfd882bb_-5779,operateur,manquant,gardé,A8,aucun sur le nombre de lieux,opérateur non renseigné,03_points
D5,_mview_tel_agents_mobile_money.fid-7111a9c0_193dfd882bb_-5719,operateur,manquant,gardé,A8,aucun sur le nombre de lieux,opérateur non renseigné,03_points
D5,_mview_tel_agents_mobile_money.fid-7111a9c0_193dfd882bb_-56f1,operateur,manquant,gardé,A8,aucun sur le nombre de lieux,opérateur non renseigné,03_points
D5,_mview_tel_agents_mobile_money.fid-7111a9c0_193dfd882bb_-56bb,operateur,manquant,gardé,A8,aucun sur le nombre de lieux,opérateur non renseigné,03_points
D5,_mview_tel_agents_mobile_money.fid-7111a9c0_193dfd882bb_-5692,operateur,manquant,gardé,A8,aucun sur le nombre de lieux,opérateur non renseigné,03_points
D5,_mview_tel_agents_mobile_money.fid-7111a9c0_193dfd882bb_-566f,operateur,manquant,gardé,A8,aucun sur le nombre de lieux,opérateur non renseigné,03_points
D5,_mview_tel_agents_mobile_money.fid-7111a9c0_193dfd882bb_-5663,operateur,manquant,gardé,A8,aucun sur le nombre de lieux,opérateur non renseigné,03_points
D5,_mview_tel_agents_mobile_money.fid-7111a9c0_193dfd882bb_-5632,operateur,manquant,gardé,A8,aucun sur le nombre de lieux,opérateur non renseigné,03_points
D5,_mview_tel_agents_mobile_money.fid-7111a9c0_193dfd882bb_-5617,operateur,manquant,gardé,A8,aucun sur le nombre de lieux,opérateur non renseigné,03_points
D5,_mview_tel_agents_mobile_money.fid-7111a9c0_193dfd882bb_-5611,operateur,manquant,gardé,A8,aucun sur le nombre de lieux,opérateur non renseigné,03_points
D5,_mview_tel_agents_mobile_money.fid-7111a9c0_193dfd882bb_-55e3,operateur,manquant,gardé,A8,aucun sur le nombre de lieux,opérateur non renseigné,03_points
D5,_mview_tel_agents_mobile_money.fid-7111a9c0_193dfd882bb_-55cd,operateur,manquant,gardé,A8,aucun sur le nombre de lieux,opérateur non renseigné,03_points
D5,_mview_tel_agents_mobile_money.fid-7111a9c0_193dfd882bb_-55c1,operateur,manquant,gardé,A8,aucun sur le nombre de lieux,opérateur non renseigné,03_points
D5,_mview_tel_agents_mobile_money.fid-7111a9c0_193dfd882bb_-55a9,operateur,manquant,gardé,A8,aucun sur le nombre de lieux,opérateur non renseigné,03_points
D5,_mview_tel_agents_mobile_money.fid-7111a9c0_193dfd882bb_-558d,operateur,manquant,gardé,A8,aucun sur le nombre de lieux,opérateur non renseigné,03_points
D5,_mview_tel_agents_mobile_money.fid-7111a9c0_193dfd882bb_-5582,operateur,manquant,gardé,A8,aucun sur le nombre de lieux,opérateur non renseigné,03_points
D5,_mview_tel_agents_mobile_money.fid-7111a9c0_193dfd882bb_-5520,operateur,manquant,gardé,A8,aucun sur le nombre de lieux,opérateur non renseigné,03_points
D5,_mview_tel_agents_mobile_money.fid-7111a9c0_193dfd882bb_-551d,operateur,manquant,gardé,A8,aucun sur le nombre de lieux,opérateur non renseigné,03_points
D5,_mview_tel_agents_mobile_money.fid-7111a9c0_193dfd882bb_-54b0,operateur,manquant,gardé,A8,aucun sur le nombre de lieux,opérateur non renseigné,03_points
D5,_mview_tel_agents_mobile_money.fid-7111a9c0_193dfd882bb_-5452,operateur,manquant,gardé,A8,aucun sur le nombre de lieux,opérateur non renseigné,03_points
D5,_mview_tel_agents_mobile_money.fid-7111a9c0_193dfd882bb_-544b,operateur,manquant,gardé,A8,aucun sur le nombre de lieux,opérateur non renseigné,03_points
D5,_mview_tel_agents_mobile_money.fid-7111a9c0_193dfd882bb_-53a4,operateur,manquant,gardé,A8,aucun sur le nombre de lieux,opérateur non renseigné,03_points
D5,_mview_tel_agents_mobile_money.fid-7111a9c0_193dfd882bb_-52c6,operateur,manquant,gardé,A8,aucun sur le nombre de lieux,opérateur non renseigné,03_points
D5,_mview_tel_agents_mobile_money.fid-7111a9c0_193dfd882bb_-5296,operateur,manquant,gardé,A8,aucun sur le nombre de lieux,opérateur non renseigné,03_points
D5,_mview_tel_agents_mobile_money.fid-7111a9c0_193dfd882bb_-5256,operateur,manquant,gardé,A8,aucun sur le nombre de lieux,opérateur non renseigné,03_points
D5,_mview_tel_agents_mobile_money.fid-7111a9c0_193dfd882bb_-522c,operateur,manquant,gardé,A8,aucun sur le nombre de lieux,opérateur non renseigné,03_points
D5,_mview_tel_agents_mobile_money.fid-7111a9c0_193dfd882bb_-51e7,operateur,manquant,gardé,A8,aucun sur le nombre de lieux,opérateur non renseigné,03_points
D5,_mview_tel_agents_mobile_money.fid-7111a9c0_193dfd882bb_-51d8,operateur,manquant,gardé,A8,aucun sur le nombre de lieux,opérateur non renseigné,03_points
D5,_mview_tel_agents_mobile_money.fid-7111a9c0_193dfd882bb_-51b4,operateur,manquant,gardé,A8,aucun sur le nombre de lieux,opérateur non renseigné,03_points
D5,_mview_tel_agents_mobile_money.fid-7111a9c0_193dfd882bb_-5196,operateur,manquant,gardé,A8,aucun sur le nombre de lieux,opérateur non renseigné,03_points
D5,_mview_tel_agents_mobile_money.fid-7111a9c0_193dfd882bb_-517c,operateur,manquant,gardé,A8,aucun sur le nombre de lieux,opérateur non renseigné,03_points
D5,_mview_tel_agents_mobile_money.fid-7111a9c0_193dfd882bb_-517a,operateur,manquant,gardé,A8,aucun sur le nombre de lieux,opérateur non renseigné,03_points
D5,_mview_tel_agents_mobile_money.fid-7111a9c0_193dfd882bb_-510c,operateur,manquant,gardé,A8,aucun sur le nombre de lieux,opérateur non renseigné,03_points
D5,_mview_tel_agents_mobile_money.fid-7111a9c0_193dfd882bb_-50e2,operateur,manquant,gardé,A8,aucun sur le nombre de lieux,opérateur non renseigné,03_points
D5,_mview_tel_agents_mobile_money.fid-7111a9c0_193dfd882bb_-507d,operateur,manquant,gardé,A8,aucun sur le nombre de lieux,opérateur non renseigné,03_points
D5,_mview_tel_agents_mobile_money.fid-7111a9c0_193dfd882bb_-507a,operateur,manquant,gardé,A8,aucun sur le nombre de lieux,opérateur non renseigné,03_points
D5,_mview_tel_agents_mobile_money.fid-7111a9c0_193dfd882bb_-501b,operateur,manquant,gardé,A8,aucun sur le nombre de lieux,opérateur non renseigné,03_points
D5,_mview_tel_agents_mobile_money.fid-7111a9c0_193dfd882bb_-5016,operateur,manquant,gardé,A8,aucun sur le nombre de lieux,opérateur non renseigné,03_points
D5,_mview_tel_agents_mobile_money.fid-7111a9c0_193dfd882bb_-4fea,operateur,manquant,gardé,A8,aucun sur le nombre de lieux,opérateur non renseigné,03_points
D5,_mview_tel_agents_mobile_money.fid-7111a9c0_193dfd882bb_-4fd4,operateur,manquant,gardé,A8,aucun sur le nombre de lieux,opérateur non renseigné,03_points
D5,_mview_tel_agents_mobile_money.fid-7111a9c0_193dfd882bb_-4fb0,operateur,manquant,gardé,A8,aucun sur le nombre de lieux,opérateur non renseigné,03_points
D5,_mview_tel_agents_mobile_money.fid-7111a9c0_193dfd882bb_-4fa9,operateur,manquant,gardé,A8,aucun sur le nombre de lieux,opérateur non renseigné,03_points
D5,_mview_tel_agents_mobile_money.fid-7111a9c0_193dfd882bb_-4f85,operateur,manquant,gardé,A8,aucun sur le nombre de lieux,opérateur non renseigné,03_points
D5,_mview_tel_agents_mobile_money.fid-7111a9c0_193dfd882bb_-4f52,operateur,manquant,gardé,A8,aucun sur le nombre de lieux,opérateur non renseigné,03_points
D5,_mview_tel_agents_mobile_money.fid-7111a9c0_193dfd882bb_-4f31,operateur,manquant,gardé,A8,aucun sur le nombre de lieux,opérateur non renseigné,03_points
D5,_mview_tel_agents_mobile_money.fid-7111a9c0_193dfd882bb_-4e1e,operateur,manquant,gardé,A8,aucun sur le nombre de lieux,opérateur non renseigné,03_points
D5,_mview_tel_agents_mobile_money.fid-7111a9c0_193dfd882bb_-4dc0,operateur,manquant,gardé,A8,aucun sur le nombre de lieux,opérateur non renseigné,03_points
D5,_mview_tel_agents_mobile_money.fid-7111a9c0_193dfd882bb_-4d07,operateur,manquant,gardé,A8,aucun sur le nombre de lieux,opérateur non renseigné,03_points
D5,_mview_tel_agents_mobile_money.fid-7111a9c0_193dfd882bb_-4c5d,operateur,manquant,gardé,A8,aucun sur le nombre de lieux,opérateur non renseigné,03_points
D5,_mview_tel_agents_mobile_money.fid-7111a9c0_193dfd882bb_-4c22,operateur,manquant,gardé,A8,aucun sur le nombre de lieux,opérateur non renseigné,03_points
D5,_mview_tel_agents_mobile_money.fid-7111a9c0_193dfd882bb_-4c16,operateur,manquant,gardé,A8,aucun sur le nombre de lieux,opérateur non renseigné,03_points
D5,_mview_tel_agents_mobile_money.fid-7111a9c0_193dfd882bb_-4ba3,operateur,manquant,gardé,A8,aucun sur le nombre de lieux,opérateur non renseigné,03_points
D5,_mview_tel_agents_mobile_money.fid-7111a9c0_193dfd882bb_-4b18,operateur,manquant,gardé,A8,aucun sur le nombre de lieux,opérateur non renseigné,03_points
D5,_mview_tel_agents_mobile_money.fid-7111a9c0_193dfd882bb_-4b11,operateur,manquant,gardé,A8,aucun sur le nombre de lieux,opérateur non renseigné,03_points
D5,_mview_tel_agents_mobile_money.fid-7111a9c0_193dfd882bb_-4a82,operateur,manquant,gardé,A8,aucun sur le nombre de lieux,opérateur non renseigné,03_points
D5,_mview_tel_agents_mobile_money.fid-7111a9c0_193dfd882bb_-49e0,operateur,manquant,gardé,A8,aucun sur le nombre de lieux,opérateur non renseigné,03_points
D5,_mview_tel_agents_mobile_money.fid-7111a9c0_193dfd882bb_-4932,operateur,manquant,gardé,A8,aucun sur le nombre de lieux,opérateur non renseigné,03_points
D5,_mview_tel_agents_mobile_money.fid-7111a9c0_193dfd882bb_-492c,operateur,manquant,gardé,A8,aucun sur le nombre de lieux,opérateur non renseigné,03_points
D5,_mview_tel_agents_mobile_money.fid-7111a9c0_193dfd882bb_-490c,operateur,manquant,gardé,A8,aucun sur le nombre de lieux,opérateur non renseigné,03_points
D5,_mview_tel_agents_mobile_money.fid-7111a9c0_193dfd882bb_-48c5,operateur,manquant,gardé,A8,aucun sur le nombre de lieux,opérateur non renseigné,03_points
D5,_mview_tel_agents_mobile_money.fid-7111a9c0_193dfd882bb_-48c4,operateur,manquant,gardé,A8,aucun sur le nombre de lieux,opérateur non renseigné,03_points
D5,_mview_tel_agents_mobile_money.fid-7111a9c0_193dfd882bb_-480b,operateur,manquant,gardé,A8,aucun sur le nombre de lieux,opérateur non renseigné,03_points
D5,_mview_tel_agents_mobile_money.fid-7111a9c0_193dfd882bb_-47c6,operateur,manquant,gardé,A8,aucun sur le nombre de lieux,opérateur non renseigné,03_points
D5,_mview_tel_agents_mobile_money.fid-7111a9c0_193dfd882bb_-47a8,operateur,manquant,gardé,A8,aucun sur le nombre de lieux,opérateur non renseigné,03_points
D5,_mview_tel_agents_mobile_money.fid-7111a9c0_193dfd882bb_-477d,operateur,manquant,gardé,A8,aucun sur le nombre de lieux,opérateur non renseigné,03_points
D5,_mview_tel_agents_mobile_money.fid-7111a9c0_193dfd882bb_-4775,operateur,manquant,gardé,A8,aucun sur le nombre de lieux,opérateur non renseigné,03_points
D5,_mview_tel_agents_mobile_money.fid-7111a9c0_193dfd882bb_-474a,operateur,manquant,gardé,A8,aucun sur le nombre de lieux,opérateur non renseigné,03_points
D5,_mview_tel_agents_mobile_money.fid-7111a9c0_193dfd882bb_-4749,operateur,manquant,gardé,A8,aucun sur le nombre de lieux,opérateur non renseigné,03_points
D5,_mview_tel_agents_mobile_money.fid-7111a9c0_193dfd882bb_-4719,operateur,manquant,gardé,A8,aucun sur le nombre de lieux,opérateur non renseigné,03_points
D5,_mview_tel_agents_mobile_money.fid-7111a9c0_193dfd882bb_-46f2,operateur,manquant,gardé,A8,aucun sur le nombre de lieux,opérateur non renseigné,03_points
D5,_mview_tel_agents_mobile_money.fid-7111a9c0_193dfd882bb_-468c,operateur,manquant,gardé,A8,aucun sur le nombre de lieux,opérateur non renseigné,03_points
D5,_mview_tel_agents_mobile_money.fid-7111a9c0_193dfd882bb_-4669,operateur,manquant,gardé,A8,aucun sur le nombre de lieux,opérateur non renseigné,03_points
D5,_mview_tel_agents_mobile_money.fid-7111a9c0_193dfd882bb_-4651,operateur,manquant,gardé,A8,aucun sur le nombre de lieux,opérateur non renseigné,03_points
D5,_mview_tel_agents_mobile_money.fid-7111a9c0_193dfd882bb_-460f,operateur,manquant,gardé,A8,aucun sur le nombre de lieux,opérateur non renseigné,03_points
D5,_mview_tel_agents_mobile_money.fid-7111a9c0_193dfd882bb_-45e9,operateur,manquant,gardé,A8,aucun sur le nombre de lieux,opérateur non renseigné,03_points
D5,_mview_tel_agents_mobile_money.fid-7111a9c0_193dfd882bb_-45d8,operateur,manquant,gardé,A8,aucun sur le nombre de lieux,opérateur non renseigné,03_points
D5,_mview_tel_agents_mobile_money.fid-7111a9c0_193dfd882bb_-45be,operateur,manquant,gardé,A8,aucun sur le nombre de lieux,opérateur non renseigné,03_points
D5,_mview_tel_agents_mobile_money.fid-7111a9c0_193dfd882bb_-45b2,operateur,manquant,gardé,A8,aucun sur le nombre de lieux,opérateur non renseigné,03_points
D5,_mview_tel_agents_mobile_money.fid-7111a9c0_193dfd882bb_-4544,operateur,manquant,gardé,A8,aucun sur le nombre de lieux,opérateur non renseigné,03_points
D5,_mview_tel_agents_mobile_money.fid-7111a9c0_193dfd882bb_-4533,operateur,manquant,gardé,A8,aucun sur le nombre de lieux,opérateur non renseigné,03_points
D5,_mview_tel_agents_mobile_money.fid-7111a9c0_193dfd882bb_-451a,operateur,manquant,gardé,A8,aucun sur le nombre de lieux,opérateur non renseigné,03_points
D5,_mview_tel_agents_mobile_money.fid-7111a9c0_193dfd882bb_-450a,operateur,manquant,gardé,A8,aucun sur le nombre de lieux,opérateur non renseigné,03_points
D5,_mview_tel_agents_mobile_money.fid-7111a9c0_193dfd882bb_-44f7,operateur,manquant,gardé,A8,aucun sur le nombre de lieux,opérateur non renseigné,03_points
D5,_mview_tel_agents_mobile_money.fid-7111a9c0_193dfd882bb_-44e0,operateur,manquant,gardé,A8,aucun sur le nombre de lieux,opérateur non renseigné,03_points
D5,_mview_tel_agents_mobile_money.fid-7111a9c0_193dfd882bb_-44c9,operateur,manquant,gardé,A8,aucun sur le nombre de lieux,opérateur non renseigné,03_points
D5,_mview_tel_agents_mobile_money.fid-7111a9c0_193dfd882bb_-44ac,operateur,manquant,gardé,A8,aucun sur le nombre de lieux,opérateur non renseigné,03_points
D5,_mview_tel_agents_mobile_money.fid-7111a9c0_193dfd882bb_-44a1,operateur,manquant,gardé,A8,aucun sur le nombre de lieux,opérateur non renseigné,03_points
D5,_mview_tel_agents_mobile_money.fid-7111a9c0_193dfd882bb_-447d,operateur,manquant,gardé,A8,aucun sur le nombre de lieux,opérateur non renseigné,03_points
D5,_mview_tel_agents_mobile_money.fid-7111a9c0_193dfd882bb_-4475,operateur,manquant,gardé,A8,aucun sur le nombre de lieux,opérateur non renseigné,03_points
D5,_mview_tel_agents_mobile_money.fid-7111a9c0_193dfd882bb_-442b,operateur,manquant,gardé,A8,aucun sur le nombre de lieux,opérateur non renseigné,03_points
D5,_mview_tel_agents_mobile_money.fid-7111a9c0_193dfd882bb_-4416,operateur,manquant,gardé,A8,aucun sur le nombre de lieux,opérateur non renseigné,03_points
D5,_mview_tel_agents_mobile_money.fid-7111a9c0_193dfd882bb_-440f,operateur,manquant,gardé,A8,aucun sur le nombre de lieux,opérateur non renseigné,03_points
D5,_mview_tel_agents_mobile_money.fid-7111a9c0_193dfd882bb_-43fb,operateur,manquant,gardé,A8,aucun sur le nombre de lieux,opérateur non renseigné,03_points
D5,_mview_tel_agents_mobile_money.fid-7111a9c0_193dfd882bb_-43f9,operateur,manquant,gardé,A8,aucun sur le nombre de lieux,opérateur non renseigné,03_points
D5,_mview_tel_agents_mobile_money.fid-7111a9c0_193dfd882bb_-43c4,operateur,manquant,gardé,A8,aucun sur le nombre de lieux,opérateur non renseigné,03_points
D5,_mview_tel_agents_mobile_money.fid-7111a9c0_193dfd882bb_-43c2,operateur,manquant,gardé,A8,aucun sur le nombre de lieux,opérateur non renseigné,03_points
D5,_mview_tel_agents_mobile_money.fid-7111a9c0_193dfd882bb_-43bc,operateur,manquant,gardé,A8,aucun sur le nombre de lieux,opérateur non renseigné,03_points
D5,_mview_tel_agents_mobile_money.fid-7111a9c0_193dfd882bb_-4389,operateur,manquant,gardé,A8,aucun sur le nombre de lieux,opérateur non renseigné,03_points
D5,_mview_tel_agents_mobile_money.fid-7111a9c0_193dfd882bb_-436e,operateur,manquant,gardé,A8,aucun sur le nombre de lieux,opérateur non renseigné,03_points
D5,_mview_tel_agents_mobile_money.fid-7111a9c0_193dfd882bb_-42a7,operateur,manquant,gardé,A8,aucun sur le nombre de lieux,opérateur non renseigné,03_points
D5,_mview_tel_agents_mobile_money.fid-7111a9c0_193dfd882bb_-429b,operateur,manquant,gardé,A8,aucun sur le nombre de lieux,opérateur non renseigné,03_points
D5,_mview_tel_agents_mobile_money.fid-7111a9c0_193dfd882bb_-425f,operateur,manquant,gardé,A8,aucun sur le nombre de lieux,opérateur non renseigné,03_points
D5,_mview_tel_agents_mobile_money.fid-7111a9c0_193dfd882bb_-423f,operateur,manquant,gardé,A8,aucun sur le nombre de lieux,opérateur non renseigné,03_points
D5,_mview_tel_agents_mobile_money.fid-7111a9c0_193dfd882bb_-423a,operateur,manquant,gardé,A8,aucun sur le nombre de lieux,opérateur non renseigné,03_points
D5,_mview_tel_agents_mobile_money.fid-7111a9c0_193dfd882bb_-4234,operateur,manquant,gardé,A8,aucun sur le nombre de lieux,opérateur non renseigné,03_points
D5,_mview_tel_agents_mobile_money.fid-7111a9c0_193dfd882bb_-41b6,operateur,manquant,gardé,A8,aucun sur le nombre de lieux,opérateur non renseigné,03_points
D5,_mview_tel_agents_mobile_money.fid-7111a9c0_193dfd882bb_-41b0,operateur,manquant,gardé,A8,aucun sur le nombre de lieux,opérateur non renseigné,03_points
D5,_mview_tel_agents_mobile_money.fid-7111a9c0_193dfd882bb_-41af,operateur,manquant,gardé,A8,aucun sur le nombre de lieux,opérateur non renseigné,03_points
D5,_mview_tel_agents_mobile_money.fid-7111a9c0_193dfd882bb_-41a5,operateur,manquant,gardé,A8,aucun sur le nombre de lieux,opérateur non renseigné,03_points
D5,_mview_tel_agents_mobile_money.fid-7111a9c0_193dfd882bb_-41a0,operateur,manquant,gardé,A8,aucun sur le nombre de lieux,opérateur non renseigné,03_points
D5,_mview_tel_agents_mobile_money.fid-7111a9c0_193dfd882bb_-4199,operateur,manquant,gardé,A8,aucun sur le nombre de lieux,opérateur non renseigné,03_points
D5,_mview_tel_agents_mobile_money.fid-7111a9c0_193dfd882bb_-4177,operateur,manquant,gardé,A8,aucun sur le nombre de lieux,opérateur non renseigné,03_points
D5,_mview_tel_agents_mobile_money.fid-7111a9c0_193dfd882bb_-4156,operateur,manquant,gardé,A8,aucun sur le nombre de lieux,opérateur non renseigné,03_points
D5,_mview_tel_agents_mobile_money.fid-7111a9c0_193dfd882bb_-4121,operateur,manquant,gardé,A8,aucun sur le nombre de lieux,opérateur non renseigné,03_points
D5,_mview_tel_agents_mobile_money.fid-7111a9c0_193dfd882bb_-411a,operateur,manquant,gardé,A8,aucun sur le nombre de lieux,opérateur non renseigné,03_points
D5,_mview_tel_agents_mobile_money.fid-7111a9c0_193dfd882bb_-4110,operateur,manquant,gardé,A8,aucun sur le nombre de lieux,opérateur non renseigné,03_points
D5,_mview_tel_agents_mobile_money.fid-7111a9c0_193dfd882bb_-40fc,operateur,manquant,gardé,A8,aucun sur le nombre de lieux,opérateur non renseigné,03_points
D5,_mview_tel_agents_mobile_money.fid-7111a9c0_193dfd882bb_-40f5,operateur,manquant,gardé,A8,aucun sur le nombre de lieux,opérateur non renseigné,03_points
D5,_mview_tel_agents_mobile_money.fid-7111a9c0_193dfd882bb_-409a,operateur,manquant,gardé,A8,aucun sur le nombre de lieux,opérateur non renseigné,03_points
D5,_mview_tel_agents_mobile_money.fid-7111a9c0_193dfd882bb_-408e,operateur,manquant,gardé,A8,aucun sur le nombre de lieux,opérateur non renseigné,03_points
D5,_mview_tel_agents_mobile_money.fid-7111a9c0_193dfd882bb_-407c,operateur,manquant,gardé,A8,aucun sur le nombre de lieux,opérateur non renseigné,03_points
D5,_mview_tel_agents_mobile_money.fid-7111a9c0_193dfd882bb_-405c,operateur,manquant,gardé,A8,aucun sur le nombre de lieux,opérateur non renseigné,03_points
D5,_mview_tel_agents_mobile_money.fid-7111a9c0_193dfd882bb_-4033,operateur,manquant,gardé,A8,aucun sur le nombre de lieux,opérateur non renseigné,03_points
D5,_mview_tel_agents_mobile_money.fid-7111a9c0_193dfd882bb_-400e,operateur,manquant,gardé,A8,aucun sur le nombre de lieux,opérateur non renseigné,03_points
D5,_mview_tel_agents_mobile_money.fid-7111a9c0_193dfd882bb_-3feb,operateur,manquant,gardé,A8,aucun sur le nombre de lieux,opérateur non renseigné,03_points
D5,_mview_tel_agents_mobile_money.fid-7111a9c0_193dfd882bb_-3fc0,operateur,manquant,gardé,A8,aucun sur le nombre de lieux,opérateur non renseigné,03_points
D5,_mview_tel_agents_mobile_money.fid-7111a9c0_193dfd882bb_-3e65,operateur,manquant,gardé,A8,aucun sur le nombre de lieux,opérateur non renseigné,03_points
D5,_mview_tel_agents_mobile_money.fid-7111a9c0_193dfd882bb_-3e60,operateur,manquant,gardé,A8,aucun sur le nombre de lieux,opérateur non renseigné,03_points
D5,_mview_tel_agents_mobile_money.fid-7111a9c0_193dfd882bb_-3e31,operateur,manquant,gardé,A8,aucun sur le nombre de lieux,opérateur non renseigné,03_points
D5,_mview_tel_agents_mobile_money.fid-7111a9c0_193dfd882bb_-3df5,operateur,manquant,gardé,A8,aucun sur le nombre de lieux,opérateur non renseigné,03_points
D5,_mview_tel_agents_mobile_money.fid-7111a9c0_193dfd882bb_-3df3,operateur,manquant,gardé,A8,aucun sur le nombre de lieux,opérateur non renseigné,03_points
D5,_mview_tel_agents_mobile_money.fid-7111a9c0_193dfd882bb_-3de3,operateur,manquant,gardé,A8,aucun sur le nombre de lieux,opérateur non renseigné,03_points
D5,_mview_tel_agents_mobile_money.fid-7111a9c0_193dfd882bb_-3dc6,operateur,manquant,gardé,A8,aucun sur le nombre de lieux,opérateur non renseigné,03_points
D5,_mview_tel_agents_mobile_money.fid-7111a9c0_193dfd882bb_-3dc5,operateur,manquant,gardé,A8,aucun sur le nombre de lieux,opérateur non renseigné,03_points
D5,_mview_tel_agents_mobile_money.fid-7111a9c0_193dfd882bb_-3d7b,operateur,manquant,gardé,A8,aucun sur le nombre de lieux,opérateur non renseigné,03_points
D5,_mview_tel_agents_mobile_money.fid-7111a9c0_193dfd882bb_-3d27,operateur,manquant,gardé,A8,aucun sur le nombre de lieux,opérateur non renseigné,03_points
D5,_mview_tel_agents_mobile_money.fid-7111a9c0_193dfd882bb_-3cd9,operateur,manquant,gardé,A8,aucun sur le nombre de lieux,opérateur non renseigné,03_points
D5,_mview_tel_agents_mobile_money.fid-7111a9c0_193dfd882bb_-3c82,operateur,manquant,gardé,A8,aucun sur le nombre de lieux,opérateur non renseigné,03_points
D5,_mview_tel_agents_mobile_money.fid-7111a9c0_193dfd882bb_-3c70,operateur,manquant,gardé,A8,aucun sur le nombre de lieux,opérateur non renseigné,03_points
D5,_mview_tel_agents_mobile_money.fid-7111a9c0_193dfd882bb_-3c60,operateur,manquant,gardé,A8,aucun sur le nombre de lieux,opérateur non renseigné,03_points
D5,_mview_tel_agents_mobile_money.fid-7111a9c0_193dfd882bb_-3c08,operateur,manquant,gardé,A8,aucun sur le nombre de lieux,opérateur non renseigné,03_points
D5,_mview_tel_agents_mobile_money.fid-7111a9c0_193dfd882bb_-3bcb,operateur,manquant,gardé,A8,aucun sur le nombre de lieux,opérateur non renseigné,03_points
D5,_mview_tel_agents_mobile_money.fid-7111a9c0_193dfd882bb_-3bca,operateur,manquant,gardé,A8,aucun sur le nombre de lieux,opérateur non renseigné,03_points
D5,_mview_tel_agents_mobile_money.fid-7111a9c0_193dfd882bb_-3ba2,operateur,manquant,gardé,A8,aucun sur le nombre de lieux,opérateur non renseigné,03_points
D5,_mview_tel_agents_mobile_money.fid-7111a9c0_193dfd882bb_-3b84,operateur,manquant,gardé,A8,aucun sur le nombre de lieux,opérateur non renseigné,03_points
D5,_mview_tel_agents_mobile_money.fid-7111a9c0_193dfd882bb_-3b77,operateur,manquant,gardé,A8,aucun sur le nombre de lieux,opérateur non renseigné,03_points
D5,_mview_tel_agents_mobile_money.fid-7111a9c0_193dfd882bb_-3b05,operateur,manquant,gardé,A8,aucun sur le nombre de lieux,opérateur non renseigné,03_points
D5,_mview_tel_agents_mobile_money.fid-7111a9c0_193dfd882bb_-3aed,operateur,manquant,gardé,A8,aucun sur le nombre de lieux,opérateur non renseigné,03_points
D5,_mview_tel_agents_mobile_money.fid-7111a9c0_193dfd882bb_-3abd,operateur,manquant,gardé,A8,aucun sur le nombre de lieux,opérateur non renseigné,03_points
D5,_mview_tel_agents_mobile_money.fid-7111a9c0_193dfd882bb_-3a47,operateur,manquant,gardé,A8,aucun sur le nombre de lieux,opérateur non renseigné,03_points
D5,_mview_tel_agents_mobile_money.fid-7111a9c0_193dfd882bb_-3a2b,operateur,manquant,gardé,A8,aucun sur le nombre de lieux,opérateur non renseigné,03_points
D5,_mview_tel_agents_mobile_money.fid-7111a9c0_193dfd882bb_-3a1f,operateur,manquant,gardé,A8,aucun sur le nombre de lieux,opérateur non renseigné,03_points
D5,_mview_tel_agents_mobile_money.fid-7111a9c0_193dfd882bb_-3a0c,operateur,manquant,gardé,A8,aucun sur le nombre de lieux,opérateur non renseigné,03_points
D5,_mview_tel_agents_mobile_money.fid-7111a9c0_193dfd882bb_-3a07,operateur,manquant,gardé,A8,aucun sur le nombre de lieux,opérateur non renseigné,03_points
D5,_mview_tel_agents_mobile_money.fid-7111a9c0_193dfd882bb_-3a03,operateur,manquant,gardé,A8,aucun sur le nombre de lieux,opérateur non renseigné,03_points
D5,_mview_tel_agents_mobile_money.fid-7111a9c0_193dfd882bb_-39c9,operateur,manquant,gardé,A8,aucun sur le nombre de lieux,opérateur non renseigné,03_points
D5,_mview_tel_agents_mobile_money.fid-7111a9c0_193dfd882bb_-39ac,operateur,manquant,gardé,A8,aucun sur le nombre de lieux,opérateur non renseigné,03_points
D5,_mview_tel_agents_mobile_money.fid-7111a9c0_193dfd882bb_-3902,operateur,manquant,gardé,A8,aucun sur le nombre de lieux,opérateur non renseigné,03_points
D5,_mview_tel_agents_mobile_money.fid-7111a9c0_193dfd882bb_-38c8,operateur,manquant,gardé,A8,aucun sur le nombre de lieux,opérateur non renseigné,03_points
D5,_mview_tel_agents_mobile_money.fid-7111a9c0_193dfd882bb_-387f,operateur,manquant,gardé,A8,aucun sur le nombre de lieux,opérateur non renseigné,03_points
D5,_mview_tel_agents_mobile_money.fid-7111a9c0_193dfd882bb_-3834,operateur,manquant,gardé,A8,aucun sur le nombre de lieux,opérateur non renseigné,03_points
D5,_mview_tel_agents_mobile_money.fid-7111a9c0_193dfd882bb_-3823,operateur,manquant,gardé,A8,aucun sur le nombre de lieux,opérateur non renseigné,03_points
D5,_mview_tel_agents_mobile_money.fid-7111a9c0_193dfd882bb_-37d7,operateur,manquant,gardé,A8,aucun sur le nombre de lieux,opérateur non renseigné,03_points
D5,_mview_tel_agents_mobile_money.fid-7111a9c0_193dfd882bb_-37c3,operateur,manquant,gardé,A8,aucun sur le nombre de lieux,opérateur non renseigné,03_points
D5,_mview_tel_agents_mobile_money.fid-7111a9c0_193dfd882bb_-36ba,operateur,manquant,gardé,A8,aucun sur le nombre de lieux,opérateur non renseigné,03_points
D5,_mview_tel_agents_mobile_money.fid-7111a9c0_193dfd882bb_-3698,operateur,manquant,gardé,A8,aucun sur le nombre de lieux,opérateur non renseigné,03_points
D5,_mview_tel_agents_mobile_money.fid-7111a9c0_193dfd882bb_-35e1,operateur,manquant,gardé,A8,aucun sur le nombre de lieux,opérateur non renseigné,03_points
D5,_mview_tel_agents_mobile_money.fid-7111a9c0_193dfd882bb_-35c1,operateur,manquant,gardé,A8,aucun sur le nombre de lieux,opérateur non renseigné,03_points
D5,_mview_tel_agents_mobile_money.fid-7111a9c0_193dfd882bb_-3584,operateur,manquant,gardé,A8,aucun sur le nombre de lieux,opérateur non renseigné,03_points
D5,_mview_tel_agents_mobile_money.fid-7111a9c0_193dfd882bb_-357f,operateur,manquant,gardé,A8,aucun sur le nombre de lieux,opérateur non renseigné,03_points
D5,_mview_tel_agents_mobile_money.fid-7111a9c0_193dfd882bb_-3564,operateur,manquant,gardé,A8,aucun sur le nombre de lieux,opérateur non renseigné,03_points
D5,_mview_tel_agents_mobile_money.fid-7111a9c0_193dfd882bb_-355c,operateur,manquant,gardé,A8,aucun sur le nombre de lieux,opérateur non renseigné,03_points
D5,_mview_tel_agents_mobile_money.fid-7111a9c0_193dfd882bb_-34ec,operateur,manquant,gardé,A8,aucun sur le nombre de lieux,opérateur non renseigné,03_points
D5,_mview_tel_agents_mobile_money.fid-7111a9c0_193dfd882bb_-34cf,operateur,manquant,gardé,A8,aucun sur le nombre de lieux,opérateur non renseigné,03_points
D4,_mview_finance_etablissements_banque.fid-7b1c8a4a_1943cbfe119_-447e,activite_statut,statut exclu,exclu du calcul principal ; compté en variante,A6,-1 point formel,Nsp (inconnu),03_points
D4,_mview_finance_etablissements_banque.fid-7b1c8a4a_1943cbfe119_-4476,activite_statut,statut exclu,exclu du calcul principal ; compté en variante,A6,-1 point formel,Nsp (inconnu),03_points
D4,_mview_finance_etablissements_banque.fid-7b1c8a4a_1943cbfe119_-4474,activite_statut,statut exclu,exclu du calcul principal,A6,-1 point formel,Fermé (hors_service),03_points
D4,_mview_finance_etablissements_banque.fid-7b1c8a4a_1943cbfe119_-446f,activite_statut,statut exclu,exclu du calcul principal ; compté en variante,A6,-1 point formel,{autre} (inconnu),03_points
D4,_mview_finance_etablissements_banque.fid-7b1c8a4a_1943cbfe119_-446e,activite_statut,statut exclu,exclu du calcul principal ; compté en variante,A6,-1 point formel,Nsp (inconnu),03_points
D4,_mview_finance_etablissements_banque.fid-7b1c8a4a_1943cbfe119_-4463,activite_statut,statut exclu,exclu du calcul principal,A6,-1 point formel,Inacheve (hors_service),03_points
D4,_mview_finance_etablissements_banque.fid-7b1c8a4a_1943cbfe119_-4445,activite_statut,statut exclu,exclu du calcul principal ; compté en variante,A6,-1 point formel,Néant (inconnu),03_points
D4,_mview_finance_etablissements_banque.fid-7b1c8a4a_1943cbfe119_-4425,activite_statut,statut exclu,exclu du calcul principal ; compté en variante,A6,-1 point formel,Néant (inconnu),03_points
D4,_mview_finance_etablissements_banque.fid-7b1c8a4a_1943cbfe119_-4420,activite_statut,statut exclu,exclu du calcul principal ; compté en variante,A6,-1 point formel,Néant (inconnu),03_points
D4,_mview_finance_etablissements_banque.fid-7b1c8a4a_1943cbfe119_-4413,activite_statut,statut exclu,exclu du calcul principal ; compté en variante,A6,-1 point formel,Néant (inconnu),03_points
D4,_mview_finance_etablissements_banque.fid-7b1c8a4a_1943cbfe119_-440f,activite_statut,statut exclu,exclu du calcul principal ; compté en variante,A6,-1 point formel,Néant (inconnu),03_points
D4,_mview_finance_etablissements_banque.fid-7b1c8a4a_1943cbfe119_-440b,activite_statut,statut exclu,exclu du calcul principal ; compté en variante,A6,-1 point formel,Néant (inconnu),03_points
D4,_mview_finance_etablissements_banque.fid-7b1c8a4a_1943cbfe119_-440a,activite_statut,statut exclu,exclu du calcul principal ; compté en variante,A6,-1 point formel,Autre (inconnu),03_points
D4,_mview_finance_etablissements_banque.fid-7b1c8a4a_1943cbfe119_-43ee,activite_statut,statut exclu,exclu du calcul principal ; compté en variante,A6,-1 point formel,Néant (inconnu),03_points
D4,_mview_finance_etablissements_banque.fid-7b1c8a4a_1943cbfe119_-43ec,activite_statut,statut exclu,exclu du calcul principal,A6,-1 point formel,En réfection (hors_service),03_points
D4,_mview_finance_etablissements_banque.fid-7b1c8a4a_1943cbfe119_-43dd,activite_statut,statut exclu,exclu du calcul principal ; compté en variante,A6,-1 point formel,Néant (inconnu),03_points
D4,_mview_finance_etablissements_banque.fid-7b1c8a4a_1943cbfe119_-43d3,activite_statut,statut exclu,exclu du calcul principal ; compté en variante,A6,-1 point formel,Néant (inconnu),03_points
D4,_mview_finance_etablissements_banque.fid-7b1c8a4a_1943cbfe119_-43d1,activite_statut,statut exclu,exclu du calcul principal ; compté en variante,A6,-1 point formel,Néant (inconnu),03_points
D4,_mview_finance_etablissements_banque.fid-7b1c8a4a_1943cbfe119_-43d0,activite_statut,statut exclu,exclu du calcul principal,A6,-1 point formel,Abandonné (hors_service),03_points
D4,_mview_finance_etablissements_banque.fid-7b1c8a4a_1943cbfe119_-43cb,activite_statut,statut exclu,exclu du calcul principal,A6,-1 point formel,En construction (hors_service),03_points
D4,_mview_finance_etablissements_banque.fid-7b1c8a4a_1943cbfe119_-43b4,activite_statut,statut exclu,exclu du calcul principal ; compté en variante,A6,-1 point formel,Néant (inconnu),03_points
D4,_mview_finance_etablissements_banque.fid-7b1c8a4a_1943cbfe119_-43b3,activite_statut,statut exclu,exclu du calcul principal,A6,-1 point formel,En construction (hors_service),03_points
D4,_mview_finance_etablissements_banque.fid-7b1c8a4a_1943cbfe119_-439c,activite_statut,statut exclu,exclu du calcul principal ; compté en variante,A6,-1 point formel,Néant (inconnu),03_points
D4,_mview_finance_etablissements_banque.fid-7b1c8a4a_1943cbfe119_-4392,activite_statut,statut exclu,exclu du calcul principal ; compté en variante,A6,-1 point formel,Néant (inconnu),03_points
D4,_mview_finance_etablissements_banque.fid-7b1c8a4a_1943cbfe119_-4385,activite_statut,statut exclu,exclu du calcul principal,A6,-1 point formel,Fermé (hors_service),03_points
D4,_mview_finance_etablissements_banque.fid-7b1c8a4a_1943cbfe119_-4384,activite_statut,statut exclu,exclu du calcul principal ; compté en variante,A6,-1 point formel,Néant (inconnu),03_points
D4,_mview_finance_etablissements_banque.fid-7b1c8a4a_1943cbfe119_-437f,activite_statut,statut exclu,exclu du calcul principal ; compté en variante,A6,-1 point formel,Néant (inconnu),03_points
D4,_mview_finance_etablissements_banque.fid-7b1c8a4a_1943cbfe119_-4354,activite_statut,statut exclu,exclu du calcul principal ; compté en variante,A6,-1 point formel,Néant (inconnu),03_points
D4,_mview_finance_etablissements_banque.fid-7b1c8a4a_1943cbfe119_-434f,activite_statut,statut exclu,exclu du calcul principal ; compté en variante,A6,-1 point formel,Néant (inconnu),03_points
D4,_mview_finance_etablissements_banque.fid-7b1c8a4a_1943cbfe119_-434c,activite_statut,statut exclu,exclu du calcul principal ; compté en variante,A6,-1 point formel,Néant (inconnu),03_points
D4,_mview_finance_etablissements_banque.fid-7b1c8a4a_1943cbfe119_-433d,activite_statut,statut exclu,exclu du calcul principal ; compté en variante,A6,-1 point formel,Néant (inconnu),03_points
D4,_mview_finance_etablissements_banque.fid-7b1c8a4a_1943cbfe119_-432c,activite_statut,statut exclu,exclu du calcul principal ; compté en variante,A6,-1 point formel,Néant (inconnu),03_points
D4,_mview_finance_etablissements_banque.fid-7b1c8a4a_1943cbfe119_-4315,activite_statut,statut exclu,exclu du calcul principal ; compté en variante,A6,-1 point formel,Néant (inconnu),03_points
D4,_mview_finance_etablissements_banque.fid-7b1c8a4a_1943cbfe119_-4314,activite_statut,statut exclu,exclu du calcul principal ; compté en variante,A6,-1 point formel,Néant (inconnu),03_points
D4,_mview_finance_etablissements_banque.fid-7b1c8a4a_1943cbfe119_-4313,activite_statut,statut exclu,exclu du calcul principal ; compté en variante,A6,-1 point formel,Néant (inconnu),03_points
D4,_mview_finance_etablissements_banque.fid-7b1c8a4a_1943cbfe119_-4312,activite_statut,statut exclu,exclu du calcul principal ; compté en variante,A6,-1 point formel,Néant (inconnu),03_points
D4,_mview_finance_etablissements_banque.fid-7b1c8a4a_1943cbfe119_-4311,activite_statut,statut exclu,exclu du calcul principal ; compté en variante,A6,-1 point formel,Néant (inconnu),03_points
D4,_mview_finance_etablissements_banque.fid-7b1c8a4a_1943cbfe119_-4310,activite_statut,statut exclu,exclu du calcul principal ; compté en variante,A6,-1 point formel,Néant (inconnu),03_points
D4,_mview_finance_etablissements_banque.fid-7b1c8a4a_1943cbfe119_-430f,activite_statut,statut exclu,exclu du calcul principal ; compté en variante,A6,-1 point formel,Néant (inconnu),03_points
D4,_mview_finance_etablissements_banque.fid-7b1c8a4a_1943cbfe119_-430e,activite_statut,statut exclu,exclu du calcul principal ; compté en variante,A6,-1 point formel,Néant (inconnu),03_points
D4,_mview_finance_etablissements_banque.fid-7b1c8a4a_1943cbfe119_-4309,activite_statut,statut exclu,exclu du calcul principal ; compté en variante,A6,-1 point formel,Néant (inconnu),03_points
D4,_mview_finance_etablissements_banque.fid-7b1c8a4a_1943cbfe119_-4303,activite_statut,statut exclu,exclu du calcul principal ; compté en variante,A6,-1 point formel,Néant (inconnu),03_points
D4,_mview_finance_etablissements_banque.fid-7b1c8a4a_1943cbfe119_-42f5,activite_statut,statut exclu,exclu du calcul principal ; compté en variante,A6,-1 point formel,Néant (inconnu),03_points
D4,_mview_finance_etablissements_banque.fid-7b1c8a4a_1943cbfe119_-42e3,activite_statut,statut exclu,exclu du calcul principal,A6,-1 point formel,Abandonné (hors_service),03_points
D4,_mview_finance_etablissements_banque.fid-7b1c8a4a_1943cbfe119_-42e0,activite_statut,statut exclu,exclu du calcul principal ; compté en variante,A6,-1 point formel,Néant (inconnu),03_points
D4,_mview_finance_etablissements_banque.fid-7b1c8a4a_1943cbfe119_-42df,activite_statut,statut exclu,exclu du calcul principal ; compté en variante,A6,-1 point formel,Néant (inconnu),03_points
D4,_mview_finance_etablissements_banque.fid-7b1c8a4a_1943cbfe119_-42b3,activite_statut,statut exclu,exclu du calcul principal,A6,-1 point formel,Location  (hors_service),03_points
D4,_mview_finance_etablissements_banque.fid-7b1c8a4a_1943cbfe119_-429a,activite_statut,statut exclu,exclu du calcul principal ; compté en variante,A6,-1 point formel,Néant (inconnu),03_points
D4,_mview_finance_etablissements_banque.fid-7b1c8a4a_1943cbfe119_-4294,activite_statut,statut exclu,exclu du calcul principal ; compté en variante,A6,-1 point formel,Néant (inconnu),03_points
D4,_mview_finance_etablissements_banque.fid-7b1c8a4a_1943cbfe119_-4291,activite_statut,statut exclu,exclu du calcul principal ; compté en variante,A6,-1 point formel,Autre (inconnu),03_points
D4,_mview_finance_etablissements_banque.fid-7b1c8a4a_1943cbfe119_-4290,activite_statut,statut exclu,exclu du calcul principal ; compté en variante,A6,-1 point formel,Autre (inconnu),03_points
D4,_mview_finance_etablissements_banque.fid-7b1c8a4a_1943cbfe119_-427f,activite_statut,statut exclu,exclu du calcul principal ; compté en variante,A6,-1 point formel,Néant (inconnu),03_points
D4,_mview_finance_etablissements_banque.fid-7b1c8a4a_1943cbfe119_-427a,activite_statut,statut exclu,exclu du calcul principal ; compté en variante,A6,-1 point formel,Autre (inconnu),03_points
D4,_mview_finance_etablissements_banque.fid-7b1c8a4a_1943cbfe119_-4279,activite_statut,statut exclu,exclu du calcul principal ; compté en variante,A6,-1 point formel,Autre (inconnu),03_points
D4,_mview_finance_etablissements_banque.fid-7b1c8a4a_1943cbfe119_-4275,activite_statut,statut exclu,exclu du calcul principal ; compté en variante,A6,-1 point formel,Néant (inconnu),03_points
D4,_mview_finance_etablissements_banque.fid-7b1c8a4a_1943cbfe119_-4272,activite_statut,statut exclu,exclu du calcul principal,A6,-1 point formel,Inacheve (hors_service),03_points
D4,_mview_finance_etablissements_banque.fid-7b1c8a4a_1943cbfe119_-4270,activite_statut,statut exclu,exclu du calcul principal,A6,-1 point formel,Sans Local (hors_service),03_points
D4,_mview_finance_etablissements_banque.fid-7b1c8a4a_1943cbfe119_-4255,activite_statut,statut exclu,exclu du calcul principal ; compté en variante,A6,-1 point formel,Néant (inconnu),03_points
D4,_mview_finance_etablissements_banque.fid-7b1c8a4a_1943cbfe119_-4254,activite_statut,statut exclu,exclu du calcul principal ; compté en variante,A6,-1 point formel,Néant (inconnu),03_points
D4,_mview_finance_etablissements_banque.fid-7b1c8a4a_1943cbfe119_-4252,activite_statut,statut exclu,exclu du calcul principal ; compté en variante,A6,-1 point formel,Néant (inconnu),03_points
D4,_mview_finance_etablissements_banque.fid-7b1c8a4a_1943cbfe119_-4250,activite_statut,statut exclu,exclu du calcul principal ; compté en variante,A6,-1 point formel,Néant (inconnu),03_points
D4,_mview_finance_etablissements_banque.fid-7b1c8a4a_1943cbfe119_-4248,activite_statut,statut exclu,exclu du calcul principal ; compté en variante,A6,-1 point formel,Néant (inconnu),03_points
D4,_mview_finance_etablissements_banque.fid-7b1c8a4a_1943cbfe119_-4240,activite_statut,statut exclu,exclu du calcul principal,A6,-1 point formel,En construction (hors_service),03_points
D4,_mview_finance_etablissements_banque.fid-7b1c8a4a_1943cbfe119_-4224,activite_statut,statut exclu,exclu du calcul principal ; compté en variante,A6,-1 point formel,Néant (inconnu),03_points
D4,_mview_finance_etablissements_banque.fid-7b1c8a4a_1943cbfe119_-421c,activite_statut,statut exclu,exclu du calcul principal,A6,-1 point formel,Fermé (hors_service),03_points
D4,_mview_finance_etablissements_banque.fid-7b1c8a4a_1943cbfe119_-421b,activite_statut,statut exclu,exclu du calcul principal ; compté en variante,A6,-1 point formel,Néant (inconnu),03_points
D4,_mview_finance_etablissements_banque.fid-7b1c8a4a_1943cbfe119_-4216,activite_statut,statut exclu,exclu du calcul principal,A6,-1 point formel,En construction (hors_service),03_points
D4,_mview_finance_etablissements_banque.fid-7b1c8a4a_1943cbfe119_-41da,activite_statut,statut exclu,exclu du calcul principal ; compté en variante,A6,-1 point formel,Néant (inconnu),03_points
D4,_mview_finance_etablissements_banque.fid-7b1c8a4a_1943cbfe119_-41d9,activite_statut,statut exclu,exclu du calcul principal ; compté en variante,A6,-1 point formel,Néant (inconnu),03_points
D4,_mview_finance_etablissements_banque.fid-7b1c8a4a_1943cbfe119_-41d8,activite_statut,statut exclu,exclu du calcul principal ; compté en variante,A6,-1 point formel,Néant (inconnu),03_points
D4,_mview_finance_etablissements_banque.fid-7b1c8a4a_1943cbfe119_-41d7,activite_statut,statut exclu,exclu du calcul principal,A6,-1 point formel,Fermé (hors_service),03_points
D4,_mview_finance_etablissements_banque.fid-7b1c8a4a_1943cbfe119_-41cd,activite_statut,statut exclu,exclu du calcul principal,A6,-1 point formel,Fermé (hors_service),03_points
D4,_mview_finance_etablissements_banque.fid-7b1c8a4a_1943cbfe119_-41c0,activite_statut,statut exclu,exclu du calcul principal ; compté en variante,A6,-1 point formel,Autre (inconnu),03_points
D4,_mview_finance_etablissements_banque.fid-7b1c8a4a_1943cbfe119_-41b9,activite_statut,statut exclu,exclu du calcul principal ; compté en variante,A6,-1 point formel,Néant (inconnu),03_points
D4,_mview_finance_etablissements_banque.fid-7b1c8a4a_1943cbfe119_-41b4,activite_statut,statut exclu,exclu du calcul principal ; compté en variante,A6,-1 point formel,Néant (inconnu),03_points
D4,_mview_finance_etablissements_banque.fid-7b1c8a4a_1943cbfe119_-41b3,activite_statut,statut exclu,exclu du calcul principal ; compté en variante,A6,-1 point formel,Néant (inconnu),03_points
D4,_mview_finance_etablissements_banque.fid-7b1c8a4a_1943cbfe119_-41b0,activite_statut,statut exclu,exclu du calcul principal,A6,-1 point formel,Location  (hors_service),03_points
D4,_mview_finance_etablissements_banque.fid-7b1c8a4a_1943cbfe119_-419d,activite_statut,statut exclu,exclu du calcul principal ; compté en variante,A6,-1 point formel,N/a (inconnu),03_points
GD1,_mview_agences_etablissements_agences.fid--1b6ae3e2_1a0d7fec089_78e8,activite_statut,statut exclu,exclu du calcul principal,Q5,aucun (Poste hors calcul principal),{Ferme} (hors_service),03_points
GD1,_mview_agences_etablissements_agences.fid--1b6ae3e2_1a0d7fec089_78e9,activite_statut,statut exclu,exclu du calcul principal,Q5,aucun (Poste hors calcul principal),{Abandonne} (hors_service),03_points
GD1,_mview_agences_etablissements_agences.fid--1b6ae3e2_1a0d7fec089_78f5,activite_statut,statut exclu,exclu du calcul principal ; compté en variante,Q5,aucun (Poste hors calcul principal),Nsp (inconnu),03_points
GD1,_mview_agences_etablissements_agences.fid--1b6ae3e2_1a0d7fec089_7908,activite_statut,statut exclu,exclu du calcul principal ; compté en variante,Q5,aucun (Poste hors calcul principal),Nsp (inconnu),03_points
GD1,_mview_agences_etablissements_agences.fid--1b6ae3e2_1a0d7fec089_790b,activite_statut,statut exclu,exclu du calcul principal,Q5,aucun (Poste hors calcul principal),{En construction} (hors_service),03_points
GD1,_mview_agences_etablissements_agences.fid--1b6ae3e2_1a0d7fec089_7910,activite_statut,statut exclu,exclu du calcul principal,Q5,aucun (Poste hors calcul principal),{Ferme} (hors_service),03_points
GD1,_mview_agences_etablissements_agences.fid--1b6ae3e2_1a0d7fec089_7911,activite_statut,statut exclu,exclu du calcul principal,Q5,aucun (Poste hors calcul principal),{Ferme} (hors_service),03_points
GD1,_mview_agences_etablissements_agences.fid--1b6ae3e2_1a0d7fec089_7918,activite_statut,statut exclu,exclu du calcul principal,Q5,aucun (Poste hors calcul principal),{Inacheve} (hors_service),03_points
GD1,_mview_agences_etablissements_agences.fid--1b6ae3e2_1a0d7fec089_7919,activite_statut,statut exclu,exclu du calcul principal ; compté en variante,Q5,aucun (Poste hors calcul principal),Nsp (inconnu),03_points
GD1,_mview_agences_etablissements_agences.fid--1b6ae3e2_1a0d7fec089_7934,activite_statut,statut exclu,exclu du calcul principal,Q5,aucun (Poste hors calcul principal),{Inacheve} (hors_service),03_points
GD1,_mview_agences_etablissements_agences.fid--1b6ae3e2_1a0d7fec089_7935,activite_statut,statut exclu,exclu du calcul principal,Q5,aucun (Poste hors calcul principal),{Inacheve} (hors_service),03_points
D5,_mview_tel_agents_mobile_money.fid-7111a9c0_193dca6021d_7f10,geometry,debordement contour,signalé,A21,aucun (rattachement par les noms),commune qui déborde de sa préfecture (résolu par R3),03_points
D5,_mview_tel_agents_mobile_money.fid-7111a9c0_193dca6021d_7f14,geometry,debordement contour,signalé,A21,aucun (rattachement par les noms),commune qui déborde de sa préfecture (résolu par R3),03_points
D5,_mview_tel_agents_mobile_money.fid-7111a9c0_193dca6021d_7fcc,geometry,hors frontiere,signalé,A21,aucun (rattachement par les noms),"hors du Togo, à la frontière",03_points
D5,_mview_tel_agents_mobile_money.fid-7111a9c0_193dca6021d_7fdd,geometry,hors frontiere,signalé,A21,aucun (rattachement par les noms),"hors du Togo, à la frontière",03_points
D5,_mview_tel_agents_mobile_money.fid-7111a9c0_193dfd882bb_-7f7a,geometry,hors frontiere,signalé,A21,aucun (rattachement par les noms),"hors du Togo, à la frontière",03_points
D5,_mview_tel_agents_mobile_money.fid-7111a9c0_193dfd882bb_-7f48,geometry,debordement contour,signalé,A21,aucun (rattachement par les noms),commune qui déborde de sa préfecture (résolu par R3),03_points
D5,_mview_tel_agents_mobile_money.fid-7111a9c0_193dfd882bb_-7e6a,geometry,hors frontiere,signalé,A21,aucun (rattachement par les noms),"hors du Togo, à la frontière",03_points
D5,_mview_tel_agents_mobile_money.fid-7111a9c0_193dfd882bb_-7dd0,geometry,debordement contour,signalé,A21,aucun (rattachement par les noms),commune qui déborde de sa préfecture (résolu par R3),03_points
D5,_mview_tel_agents_mobile_money.fid-7111a9c0_193dfd882bb_-7ccf,geometry,hors frontiere,signalé,A21,aucun (rattachement par les noms),"hors du Togo, à la frontière",03_points
D5,_mview_tel_agents_mobile_money.fid-7111a9c0_193dfd882bb_-7cc3,geometry,hors frontiere,signalé,A21,aucun (rattachement par les noms),"hors du Togo, à la frontière",03_points
D5,_mview_tel_agents_mobile_money.fid-7111a9c0_193dfd882bb_-7cb2,geometry,hors frontiere,signalé,A21,aucun (rattachement par les noms),"hors du Togo, à la frontière",03_points
D5,_mview_tel_agents_mobile_money.fid-7111a9c0_193dfd882bb_-7cb0,geometry,hors frontiere,signalé,A21,aucun (rattachement par les noms),"hors du Togo, à la frontière",03_points
D5,_mview_tel_agents_mobile_money.fid-7111a9c0_193dfd882bb_-7ca5,geometry,hors frontiere,signalé,A21,aucun (rattachement par les noms),"hors du Togo, à la frontière",03_points
D5,_mview_tel_agents_mobile_money.fid-7111a9c0_193dfd882bb_-7c90,geometry,hors frontiere,signalé,A21,aucun (rattachement par les noms),"hors du Togo, à la frontière",03_points
D5,_mview_tel_agents_mobile_money.fid-7111a9c0_193dfd882bb_-7c7f,geometry,hors frontiere,signalé,A21,aucun (rattachement par les noms),"hors du Togo, à la frontière",03_points
D5,_mview_tel_agents_mobile_money.fid-7111a9c0_193dfd882bb_-7c76,geometry,hors frontiere,signalé,A21,aucun (rattachement par les noms),"hors du Togo, à la frontière",03_points
D5,_mview_tel_agents_mobile_money.fid-7111a9c0_193dfd882bb_-7c69,geometry,hors frontiere,signalé,A21,aucun (rattachement par les noms),"hors du Togo, à la frontière",03_points
D5,_mview_tel_agents_mobile_money.fid-7111a9c0_193dfd882bb_-7c5b,geometry,hors frontiere,signalé,A21,aucun (rattachement par les noms),"hors du Togo, à la frontière",03_points
D5,_mview_tel_agents_mobile_money.fid-7111a9c0_193dfd882bb_-7c54,geometry,hors frontiere,signalé,A21,aucun (rattachement par les noms),"hors du Togo, à la frontière",03_points
D5,_mview_tel_agents_mobile_money.fid-7111a9c0_193dfd882bb_-7c4a,geometry,hors frontiere,signalé,A21,aucun (rattachement par les noms),"hors du Togo, à la frontière",03_points
D5,_mview_tel_agents_mobile_money.fid-7111a9c0_193dfd882bb_-7c44,geometry,hors frontiere,signalé,A21,aucun (rattachement par les noms),"hors du Togo, à la frontière",03_points
D5,_mview_tel_agents_mobile_money.fid-7111a9c0_193dfd882bb_-7c3a,geometry,hors frontiere,signalé,A21,aucun (rattachement par les noms),"hors du Togo, à la frontière",03_points
D5,_mview_tel_agents_mobile_money.fid-7111a9c0_193dfd882bb_-7c2d,geometry,hors frontiere,signalé,A21,aucun (rattachement par les noms),"hors du Togo, à la frontière",03_points
D5,_mview_tel_agents_mobile_money.fid-7111a9c0_193dfd882bb_-7c2c,geometry,hors frontiere,signalé,A21,aucun (rattachement par les noms),"hors du Togo, à la frontière",03_points
D5,_mview_tel_agents_mobile_money.fid-7111a9c0_193dfd882bb_-7c1a,geometry,hors frontiere,signalé,A21,aucun (rattachement par les noms),"hors du Togo, à la frontière",03_points
D5,_mview_tel_agents_mobile_money.fid-7111a9c0_193dfd882bb_-7c12,geometry,hors frontiere,signalé,A21,aucun (rattachement par les noms),"hors du Togo, à la frontière",03_points
D5,_mview_tel_agents_mobile_money.fid-7111a9c0_193dfd882bb_-7c09,geometry,hors frontiere,signalé,A21,aucun (rattachement par les noms),"hors du Togo, à la frontière",03_points
D5,_mview_tel_agents_mobile_money.fid-7111a9c0_193dfd882bb_-7c00,geometry,hors frontiere,signalé,A21,aucun (rattachement par les noms),"hors du Togo, à la frontière",03_points
D5,_mview_tel_agents_mobile_money.fid-7111a9c0_193dfd882bb_-7bf0,geometry,hors frontiere,signalé,A21,aucun (rattachement par les noms),"hors du Togo, à la frontière",03_points
D5,_mview_tel_agents_mobile_money.fid-7111a9c0_193dfd882bb_-7be1,geometry,hors frontiere,signalé,A21,aucun (rattachement par les noms),"hors du Togo, à la frontière",03_points
D5,_mview_tel_agents_mobile_money.fid-7111a9c0_193dfd882bb_-7bda,geometry,hors frontiere,signalé,A21,aucun (rattachement par les noms),"hors du Togo, à la frontière",03_points
D5,_mview_tel_agents_mobile_money.fid-7111a9c0_193dfd882bb_-7bcf,geometry,hors frontiere,signalé,A21,aucun (rattachement par les noms),"hors du Togo, à la frontière",03_points
D5,_mview_tel_agents_mobile_money.fid-7111a9c0_193dfd882bb_-7bc8,geometry,hors frontiere,signalé,A21,aucun (rattachement par les noms),"hors du Togo, à la frontière",03_points
D5,_mview_tel_agents_mobile_money.fid-7111a9c0_193dfd882bb_-7bbf,geometry,hors frontiere,signalé,A21,aucun (rattachement par les noms),"hors du Togo, à la frontière",03_points
D5,_mview_tel_agents_mobile_money.fid-7111a9c0_193dfd882bb_-7b8d,geometry,hors frontiere,signalé,A21,aucun (rattachement par les noms),"hors du Togo, à la frontière",03_points
D5,_mview_tel_agents_mobile_money.fid-7111a9c0_193dfd882bb_-7b8c,geometry,hors frontiere,signalé,A21,aucun (rattachement par les noms),"hors du Togo, à la frontière",03_points
D5,_mview_tel_agents_mobile_money.fid-7111a9c0_193dfd882bb_-7b8b,geometry,hors frontiere,signalé,A21,aucun (rattachement par les noms),"hors du Togo, à la frontière",03_points
D5,_mview_tel_agents_mobile_money.fid-7111a9c0_193dfd882bb_-7abf,geometry,hors frontiere,signalé,A21,aucun (rattachement par les noms),"hors du Togo, à la frontière",03_points
D5,_mview_tel_agents_mobile_money.fid-7111a9c0_193dfd882bb_-7abe,geometry,hors frontiere,signalé,A21,aucun (rattachement par les noms),"hors du Togo, à la frontière",03_points
D5,_mview_tel_agents_mobile_money.fid-7111a9c0_193dfd882bb_-7aa9,geometry,hors frontiere,signalé,A21,aucun (rattachement par les noms),"hors du Togo, à la frontière",03_points
D5,_mview_tel_agents_mobile_money.fid-7111a9c0_193dfd882bb_-7a0a,geometry,canton autre commune,signalé,A21,aucun (rattachement par les noms),canton rattaché à une autre commune que son polygone (A21),03_points
D5,_mview_tel_agents_mobile_money.fid-7111a9c0_193dfd882bb_-7a09,geometry,canton autre commune,signalé,A21,aucun (rattachement par les noms),canton rattaché à une autre commune que son polygone (A21),03_points
D5,_mview_tel_agents_mobile_money.fid-7111a9c0_193dfd882bb_-7a08,geometry,canton autre commune,signalé,A21,aucun (rattachement par les noms),canton rattaché à une autre commune que son polygone (A21),03_points
D5,_mview_tel_agents_mobile_money.fid-7111a9c0_193dfd882bb_-79a2,geometry,debordement contour,signalé,A21,aucun (rattachement par les noms),commune qui déborde de sa préfecture (résolu par R3),03_points
D5,_mview_tel_agents_mobile_money.fid-7111a9c0_193dfd882bb_-799a,geometry,debordement contour,signalé,A21,aucun (rattachement par les noms),commune qui déborde de sa préfecture (résolu par R3),03_points
D5,_mview_tel_agents_mobile_money.fid-7111a9c0_193dfd882bb_-7977,geometry,debordement contour,signalé,A21,aucun (rattachement par les noms),commune qui déborde de sa préfecture (résolu par R3),03_points
D5,_mview_tel_agents_mobile_money.fid-7111a9c0_193dfd882bb_-76cd,geometry,hors frontiere,signalé,A21,aucun (rattachement par les noms),"hors du Togo, à la frontière",03_points
D5,_mview_tel_agents_mobile_money.fid-7111a9c0_193dfd882bb_-76ba,geometry,hors frontiere,signalé,A21,aucun (rattachement par les noms),"hors du Togo, à la frontière",03_points
D5,_mview_tel_agents_mobile_money.fid-7111a9c0_193dfd882bb_-76b9,geometry,hors frontiere,signalé,A21,aucun (rattachement par les noms),"hors du Togo, à la frontière",03_points
D5,_mview_tel_agents_mobile_money.fid-7111a9c0_193dfd882bb_-76b4,geometry,hors frontiere,signalé,A21,aucun (rattachement par les noms),"hors du Togo, à la frontière",03_points
D5,_mview_tel_agents_mobile_money.fid-7111a9c0_193dfd882bb_-76b3,geometry,hors frontiere,signalé,A21,aucun (rattachement par les noms),"hors du Togo, à la frontière",03_points
D5,_mview_tel_agents_mobile_money.fid-7111a9c0_193dfd882bb_-76ad,geometry,debordement contour,signalé,A21,aucun (rattachement par les noms),commune qui déborde de sa préfecture (résolu par R3),03_points
D5,_mview_tel_agents_mobile_money.fid-7111a9c0_193dfd882bb_-76a5,geometry,debordement contour,signalé,A21,aucun (rattachement par les noms),commune qui déborde de sa préfecture (résolu par R3),03_points
D5,_mview_tel_agents_mobile_money.fid-7111a9c0_193dfd882bb_-7048,geometry,canton autre commune,signalé,A21,aucun (rattachement par les noms),canton rattaché à une autre commune que son polygone (A21),03_points
D5,_mview_tel_agents_mobile_money.fid-7111a9c0_193dfd882bb_-703d,geometry,canton autre commune,signalé,A21,aucun (rattachement par les noms),canton rattaché à une autre commune que son polygone (A21),03_points
D5,_mview_tel_agents_mobile_money.fid-7111a9c0_193dfd882bb_-6fad,geometry,canton autre commune,signalé,A21,aucun (rattachement par les noms),canton rattaché à une autre commune que son polygone (A21),03_points
D5,_mview_tel_agents_mobile_money.fid-7111a9c0_193dfd882bb_-6fac,geometry,canton autre commune,signalé,A21,aucun (rattachement par les noms),canton rattaché à une autre commune que son polygone (A21),03_points
D5,_mview_tel_agents_mobile_money.fid-7111a9c0_193dfd882bb_-6fa9,geometry,canton autre commune,signalé,A21,aucun (rattachement par les noms),canton rattaché à une autre commune que son polygone (A21),03_points
D5,_mview_tel_agents_mobile_money.fid-7111a9c0_193dfd882bb_-6f9f,geometry,canton autre commune,signalé,A21,aucun (rattachement par les noms),canton rattaché à une autre commune que son polygone (A21),03_points
D5,_mview_tel_agents_mobile_money.fid-7111a9c0_193dfd882bb_-6f9b,geometry,canton autre commune,signalé,A21,aucun (rattachement par les noms),canton rattaché à une autre commune que son polygone (A21),03_points
D5,_mview_tel_agents_mobile_money.fid-7111a9c0_193dfd882bb_-6f88,geometry,canton autre commune,signalé,A21,aucun (rattachement par les noms),canton rattaché à une autre commune que son polygone (A21),03_points
D5,_mview_tel_agents_mobile_money.fid-7111a9c0_193dfd882bb_-6f78,geometry,canton autre commune,signalé,A21,aucun (rattachement par les noms),canton rattaché à une autre commune que son polygone (A21),03_points
D5,_mview_tel_agents_mobile_money.fid-7111a9c0_193dfd882bb_-6deb,geometry,canton autre commune,signalé,A21,aucun (rattachement par les noms),canton rattaché à une autre commune que son polygone (A21),03_points
D5,_mview_tel_agents_mobile_money.fid-7111a9c0_193dfd882bb_-6de0,geometry,canton autre commune,signalé,A21,aucun (rattachement par les noms),canton rattaché à une autre commune que son polygone (A21),03_points
D5,_mview_tel_agents_mobile_money.fid-7111a9c0_193dfd882bb_-692d,geometry,hors frontiere,signalé,A21,aucun (rattachement par les noms),"hors du Togo, à la frontière",03_points
D5,_mview_tel_agents_mobile_money.fid-7111a9c0_193dfd882bb_-6718,geometry,hors frontiere,signalé,A21,aucun (rattachement par les noms),"hors du Togo, à la frontière",03_points
D5,_mview_tel_agents_mobile_money.fid-7111a9c0_193dfd882bb_-6710,geometry,hors frontiere,signalé,A21,aucun (rattachement par les noms),"hors du Togo, à la frontière",03_points
D5,_mview_tel_agents_mobile_money.fid-7111a9c0_193dfd882bb_-6676,geometry,hors frontiere,signalé,A21,aucun (rattachement par les noms),"hors du Togo, à la frontière",03_points
D5,_mview_tel_agents_mobile_money.fid-7111a9c0_193dfd882bb_-6669,geometry,hors frontiere,signalé,A21,aucun (rattachement par les noms),"hors du Togo, à la frontière",03_points
D5,_mview_tel_agents_mobile_money.fid-7111a9c0_193dfd882bb_-65f9,geometry,hors frontiere,signalé,A21,aucun (rattachement par les noms),"hors du Togo, à la frontière",03_points
D5,_mview_tel_agents_mobile_money.fid-7111a9c0_193dfd882bb_-65f8,geometry,hors frontiere,signalé,A21,aucun (rattachement par les noms),"hors du Togo, à la frontière",03_points
D5,_mview_tel_agents_mobile_money.fid-7111a9c0_193dfd882bb_-65f7,geometry,hors frontiere,signalé,A21,aucun (rattachement par les noms),"hors du Togo, à la frontière",03_points
D5,_mview_tel_agents_mobile_money.fid-7111a9c0_193dfd882bb_-6419,geometry,debordement contour,signalé,A21,aucun (rattachement par les noms),commune qui déborde de sa préfecture (résolu par R3),03_points
D5,_mview_tel_agents_mobile_money.fid-7111a9c0_193dfd882bb_-63e1,geometry,canton autre commune,signalé,A21,aucun (rattachement par les noms),canton rattaché à une autre commune que son polygone (A21),03_points
D5,_mview_tel_agents_mobile_money.fid-7111a9c0_193dfd882bb_-5fef,geometry,debordement contour,signalé,A21,aucun (rattachement par les noms),commune qui déborde de sa préfecture (résolu par R3),03_points
D5,_mview_tel_agents_mobile_money.fid-7111a9c0_193dfd882bb_-5f6a,geometry,canton autre commune,signalé,A21,aucun (rattachement par les noms),canton rattaché à une autre commune que son polygone (A21),03_points
D5,_mview_tel_agents_mobile_money.fid-7111a9c0_193dfd882bb_-5daf,geometry,debordement contour,signalé,A21,aucun (rattachement par les noms),commune qui déborde de sa préfecture (résolu par R3),03_points
D5,_mview_tel_agents_mobile_money.fid-7111a9c0_193dfd882bb_-53d1,geometry,canton autre commune,signalé,A21,aucun (rattachement par les noms),canton rattaché à une autre commune que son polygone (A21),03_points
D5,_mview_tel_agents_mobile_money.fid-7111a9c0_193dfd882bb_-531d,geometry,debordement contour,signalé,A21,aucun (rattachement par les noms),commune qui déborde de sa préfecture (résolu par R3),03_points
D5,_mview_tel_agents_mobile_money.fid-7111a9c0_193dfd882bb_-5315,geometry,debordement contour,signalé,A21,aucun (rattachement par les noms),commune qui déborde de sa préfecture (résolu par R3),03_points
D5,_mview_tel_agents_mobile_money.fid-7111a9c0_193dfd882bb_-5314,geometry,debordement contour,signalé,A21,aucun (rattachement par les noms),commune qui déborde de sa préfecture (résolu par R3),03_points
D5,_mview_tel_agents_mobile_money.fid-7111a9c0_193dfd882bb_-530a,geometry,debordement contour,signalé,A21,aucun (rattachement par les noms),commune qui déborde de sa préfecture (résolu par R3),03_points
D5,_mview_tel_agents_mobile_money.fid-7111a9c0_193dfd882bb_-5276,geometry,canton autre commune,signalé,A21,aucun (rattachement par les noms),canton rattaché à une autre commune que son polygone (A21),03_points
D5,_mview_tel_agents_mobile_money.fid-7111a9c0_193dfd882bb_-5014,geometry,debordement contour,signalé,A21,aucun (rattachement par les noms),commune qui déborde de sa préfecture (résolu par R3),03_points
D5,_mview_tel_agents_mobile_money.fid-7111a9c0_193dfd882bb_-5007,geometry,debordement contour,signalé,A21,aucun (rattachement par les noms),commune qui déborde de sa préfecture (résolu par R3),03_points
D5,_mview_tel_agents_mobile_money.fid-7111a9c0_193dfd882bb_-5004,geometry,debordement contour,signalé,A21,aucun (rattachement par les noms),commune qui déborde de sa préfecture (résolu par R3),03_points
D5,_mview_tel_agents_mobile_money.fid-7111a9c0_193dfd882bb_-4ff5,geometry,debordement contour,signalé,A21,aucun (rattachement par les noms),commune qui déborde de sa préfecture (résolu par R3),03_points
D5,_mview_tel_agents_mobile_money.fid-7111a9c0_193dfd882bb_-4fee,geometry,debordement contour,signalé,A21,aucun (rattachement par les noms),commune qui déborde de sa préfecture (résolu par R3),03_points
D5,_mview_tel_agents_mobile_money.fid-7111a9c0_193dfd882bb_-4fd0,geometry,debordement contour,signalé,A21,aucun (rattachement par les noms),commune qui déborde de sa préfecture (résolu par R3),03_points
D5,_mview_tel_agents_mobile_money.fid-7111a9c0_193dfd882bb_-467c,geometry,canton autre commune,signalé,A21,aucun (rattachement par les noms),canton rattaché à une autre commune que son polygone (A21),03_points
D5,_mview_tel_agents_mobile_money.fid-7111a9c0_193dfd882bb_-467a,geometry,canton autre commune,signalé,A21,aucun (rattachement par les noms),canton rattaché à une autre commune que son polygone (A21),03_points
D5,_mview_tel_agents_mobile_money.fid-7111a9c0_193dfd882bb_-4641,geometry,canton autre commune,signalé,A21,aucun (rattachement par les noms),canton rattaché à une autre commune que son polygone (A21),03_points
D5,_mview_tel_agents_mobile_money.fid-7111a9c0_193dfd882bb_-4637,geometry,canton autre commune,signalé,A21,aucun (rattachement par les noms),canton rattaché à une autre commune que son polygone (A21),03_points
D5,_mview_tel_agents_mobile_money.fid-7111a9c0_193dfd882bb_-44e6,geometry,canton autre commune,signalé,A21,aucun (rattachement par les noms),canton rattaché à une autre commune que son polygone (A21),03_points
D5,_mview_tel_agents_mobile_money.fid-7111a9c0_193dfd882bb_-44e4,geometry,canton autre commune,signalé,A21,aucun (rattachement par les noms),canton rattaché à une autre commune que son polygone (A21),03_points
D5,_mview_tel_agents_mobile_money.fid-7111a9c0_193dfd882bb_-44e2,geometry,canton autre commune,signalé,A21,aucun (rattachement par les noms),canton rattaché à une autre commune que son polygone (A21),03_points
D4,lignes 3 et 499,etab_nom,doublon (fusionné ou variante),gardé ; fusionné en variante,V1 (DD1),-1 en variante,FUCEC Togo Afagnan / COOPEC Afagnan (5.8 m),03_points
D4,lignes 10 et 119,etab_nom,"paire proche, institutions différentes",gardé : institutions différentes,V1 (DD1),aucun,BTCI Agbalepedogan / IB Bank Agbalépédogan (12.2 m),03_points
D4,lignes 66 et 270,etab_nom,"paire proche, institutions différentes",gardé : institutions différentes,V1 (DD1),aucun,COOPEC AD Adidogome Madiba / FINAM Agence Madiba (15.1 m),03_points
D4,lignes 66 et 283,etab_nom,"paire proche, institutions différentes",gardé : institutions différentes,V1 (DD1),aucun,COOPEC AD Adidogome Madiba / Microfinance FINAM Adidogome Madiba (27.6 m),03_points
D4,lignes 108 et 168,etab_nom,"paire proche, institutions différentes",gardé : institutions différentes,V1 (DD1),aucun,Banque Altantique Luxolin / BIA Togo Baguida (19.3 m),03_points
D4,lignes 134 et 320,etab_nom,"paire proche, institutions différentes",gardé : institutions différentes,V1 (DD1),aucun,CORIS Bank d'Akodessewa / Banque Atlantique Ahadji-Kpota (21.3 m),03_points
D4,lignes 149 et 344,etab_nom,doublon (fusionné ou variante),fusionné dans la ligne principale,V1 (DD1),-1 point formel,ECOBANK Akodessewa / ECOBANK d'Akodessewa (3.9 m),03_points
D4,lignes 151 et 152,etab_nom,"paire proche, institutions différentes",gardé : institutions différentes,V1 (DD1),aucun,BOA Lomé Port / ECOBANK Rond Point Port (12.1 m),03_points
D4,lignes 155 et 299,etab_nom,doublon (fusionné ou variante),gardé ; fusionné en variante,V1 (DD1),-1 en variante,FUCEC Togo Bè / COOPEC Maturite (2.3 m),03_points
D4,lignes 171 et 172,etab_nom,"paire proche, institutions différentes",gardé : institutions différentes,V1 (DD1),aucun,SPT Aeroport International Gnassingbe Eyadema / ECOBANK Aerogare (22.1 m),03_points
D4,lignes 173 et 174,etab_nom,"paire proche, institutions différentes",gardé : institutions différentes,V1 (DD1),aucun,NSIA Banque Aeroport International Gnassingbe Eyadema / ORABANK Aéroport (16.2 m),03_points
D4,lignes 189 et 278,etab_nom,doublon (fusionné ou variante),fusionné dans la ligne principale,V1 (DD1),-1 point formel,COOPEC Grace plus Amadahomé / COOPEC Grâce plus Aménopé (4.6 m),03_points
D4,lignes 220 et 285,etab_nom,doublon (fusionné ou variante),fusionné dans la ligne principale,V1 (DD1),-1 point formel,COOPEC-AD Ramco / COOPEC AD Agence Ramco (24.3 m),03_points
D4,lignes 257 et 304,etab_nom,"paire proche, institutions différentes",gardé : institutions différentes,V1 (DD1),aucun,BSIC Agoe / SUNU Bank Agence Agoe (22.7 m),03_points
D4,lignes 270 et 283,etab_nom,doublon (fusionné ou variante),fusionné dans la ligne principale,V1 (DD1),-1 point formel,FINAM Agence Madiba / Microfinance FINAM Adidogome Madiba (25.4 m),03_points
D4,lignes 397 et 400,etab_nom,"paire proche, institutions différentes",gardé : institutions différentes,V1 (DD1),aucun,ORABANK Ewoou / Banque Atlantique Kpingning-Boua (20.7 m),03_points
D4,lignes 599 et 631,etab_nom,"paire proche, institutions différentes",gardé : institutions différentes,V1 (DD1),aucun,SPT Boadé / BTCI Boadé (28.0 m),03_points
D4,lignes 654 et 655,etab_nom,"paire proche, institutions différentes",gardé : institutions différentes,V1 (DD1),aucun,FINAM Notsé / CERCIF Notsé (15.9 m),03_points
D5,972 points,geometry,points proches (~11 m),"gardés, signalés",A8,aucun,508 en surplus ; colonne cellule_11m_partagee,03_points
